/* detail128_frame_h — generated by gen-frame-header.py from a single-IDR HEVC vector.
 * 128x128, 8-bit 4:2:0, single-slice/tile, CTB 64 (2x2 CTBs), I-slice.
 * SPDX-License-Identifier: BSD-3-Clause */
#ifndef DETAIL128_FRAME_H
#define DETAIL128_FRAME_H
#define FRAME_WIDTH 128u
#define FRAME_HEIGHT 128u
#define FRAME_LOG2_CTB 6u
#define FRAME_CTB_WIDTH 2u
#define FRAME_CTB_HEIGHT 2u
#define FRAME_LOG2_MIN_CB 3u
#define FRAME_LOG2_MIN_TB 2u
#define FRAME_LOG2_MAX_TB 5u
#define FRAME_MAX_TRAFO_INTRA 0u
#define FRAME_MAX_TRAFO_INTER 0u
#define FRAME_CHROMA_FORMAT_IDC 1u
#define FRAME_STRONG_INTRA_SMOOTH 1u
#define FRAME_BIT_DEPTH_LUMA_MINUS8 0u
#define FRAME_DIFF_CU_QP_DELTA_DEPTH 1u
#define FRAME_CU_QP_DELTA_ENABLED 1u
#define FRAME_TRANSFORM_SKIP 0u
#define FRAME_SIGN_DATA_HIDING 1u
#define FRAME_CONSTRAINED_INTRA_PRED 0u
#define FRAME_PPS_CB_QP_OFFSET 0
#define FRAME_PPS_CR_QP_OFFSET 0
#define FRAME_SLICE_CB_QP_OFFSET 0
#define FRAME_SLICE_CR_QP_OFFSET 0
#define FRAME_SLICE_TYPE 2u
#define FRAME_SLICE_QP 25
#define FRAME_CONFIG2 0x25888u
#define FRAME_DATA_BYTE_OFFSET 4u
#define FRAME_DATA_LEN 1533u
#define FRAME_HAVE_REF_ARRAYS 1
static const unsigned char slice_data[1537] = {
	0x28,0x01,0xad,0xe0,0x3a,0x79,0xff,0xe4,0xa2,0x78,0xfc,0x46,0x6a,0xfd,0x1c,0xd2,
	0xb6,0xb3,0x07,0xa9,0x96,0x80,0x85,0xfb,0xd2,0xfe,0x6a,0xc6,0xb3,0xff,0xff,0xff,
	0xfe,0xe8,0x31,0x29,0xfb,0xa5,0xef,0x66,0x9f,0x87,0x2b,0x6d,0xf4,0xf4,0x13,0x29,
	0xe9,0xdb,0xc3,0xdf,0xde,0x73,0x44,0xd8,0x5a,0x0a,0x27,0xef,0xdb,0x37,0xe3,0x34,
	0x23,0x68,0x8d,0x8e,0x94,0x6b,0x74,0x90,0x13,0x43,0x07,0x93,0x00,0x2b,0x94,0xf2,
	0xe2,0x64,0xb5,0x1b,0x09,0x41,0x41,0xe8,0x16,0xa8,0x06,0xd4,0x87,0x03,0xab,0xc9,
	0x6a,0x0d,0xb5,0xdf,0xf0,0xc4,0xa1,0x57,0xa2,0xfd,0x15,0xcb,0xbc,0x28,0x1f,0x49,
	0x9c,0x77,0x17,0x6a,0xcc,0xe7,0xd2,0x05,0x13,0x44,0x54,0x88,0x97,0x00,0x4e,0x0a,
	0x62,0xbf,0xf1,0x71,0x2a,0x51,0xe5,0x52,0xe3,0xf6,0x20,0xc4,0xa1,0x4e,0x31,0xa8,
	0xea,0x5d,0xbf,0x3b,0x7b,0x75,0x86,0xde,0xf3,0x65,0x63,0xdf,0xa4,0x66,0xf2,0xd4,
	0x49,0xc4,0xeb,0xfe,0x86,0xa7,0x40,0xf4,0x3d,0xc3,0x3d,0x6d,0x40,0x67,0xc9,0xfa,
	0xb8,0x58,0xf5,0x9d,0x0e,0x02,0xa7,0x97,0xa1,0xa3,0x36,0x06,0x9c,0x56,0xf7,0xab,
	0xaa,0xfb,0x5f,0x1f,0x47,0xac,0x1d,0x4b,0x46,0x08,0x35,0x3e,0x55,0x18,0x9b,0x04,
	0x34,0xd6,0xe0,0x97,0x82,0xe0,0x34,0x22,0x79,0xc3,0x06,0xf1,0x34,0x6a,0x3b,0xcd,
	0x61,0x38,0x54,0x9f,0x26,0x4a,0xf5,0x8f,0x5d,0x38,0xc6,0xf5,0x35,0x8d,0x8f,0x3d,
	0x37,0xf3,0x74,0xb2,0xb0,0x4a,0xe0,0x13,0x5b,0xc6,0x72,0x63,0xab,0xee,0x30,0x2b,
	0x94,0x12,0x3e,0xf0,0x34,0xa1,0x07,0x87,0x5d,0x85,0x40,0xa0,0xb9,0x3d,0xba,0x57,
	0xbf,0x98,0x83,0xbc,0xfd,0x2d,0xa7,0xda,0xb7,0x8a,0x5e,0x7c,0xaf,0x48,0x7b,0xd0,
	0x90,0x13,0x76,0x6d,0x09,0x86,0xbd,0xdc,0x29,0x2c,0x86,0x5a,0xfc,0xfb,0xd0,0x50,
	0xd6,0xd1,0xb8,0x2c,0x50,0x2d,0xfe,0x54,0x7b,0x7c,0x49,0xbe,0x42,0xb0,0x56,0x40,
	0x2c,0x77,0x2d,0x49,0x82,0xc6,0x6c,0x46,0xd8,0x95,0x03,0x20,0x2e,0xb0,0xef,0x9b,
	0xfe,0x35,0xd8,0x88,0x00,0x4b,0x47,0x9e,0x7f,0xff,0xfb,0xbf,0xa4,0x7f,0xea,0x5d,
	0x01,0x93,0x20,0x7a,0x6e,0x59,0x91,0xae,0x19,0x12,0x59,0xa9,0x58,0xcb,0x7b,0xda,
	0x38,0x5e,0x00,0xa9,0xc2,0xa2,0x90,0xa6,0x66,0x46,0xac,0xe8,0xe0,0x69,0x68,0xde,
	0xc2,0x03,0xe3,0x01,0xe7,0x1e,0xc2,0xf1,0x78,0xac,0x59,0x6c,0x27,0xd5,0x48,0x14,
	0x8d,0xf8,0xca,0x3c,0x1c,0x86,0x41,0x56,0xc1,0x3f,0xff,0xb1,0x4a,0xde,0x76,0x73,
	0x35,0x86,0xfa,0xff,0x85,0x7c,0xe2,0xeb,0xbe,0x24,0x96,0x51,0xcb,0xda,0x18,0xaa,
	0x7e,0xaa,0x79,0x04,0x37,0x9f,0xfc,0x2e,0x6f,0x20,0xde,0x7a,0x63,0xa6,0x97,0xac,
	0x72,0x02,0xef,0xaa,0x97,0x96,0xb8,0xe4,0xdf,0x35,0xca,0xdb,0xee,0x21,0xb9,0x65,
	0xf5,0x20,0x06,0xb9,0x32,0x64,0xde,0x35,0xdd,0x69,0xd4,0x85,0x9d,0x3b,0xc6,0xd0,
	0x2c,0x55,0x1f,0xfe,0x09,0x7a,0x98,0x35,0x99,0xbf,0x6d,0xdf,0xe6,0xd7,0x17,0x60,
	0x7c,0x09,0xb6,0x5d,0x99,0x33,0x11,0x74,0xb5,0x62,0x09,0x72,0xfa,0x34,0xd3,0x80,
	0x26,0x45,0x44,0x0b,0x19,0xef,0x9c,0x3c,0x64,0xbe,0xd7,0x79,0xdf,0x21,0x21,0x23,
	0x0c,0x56,0xcd,0xd6,0x8c,0x87,0xb9,0x7e,0xaa,0x85,0x8c,0x43,0x17,0x5d,0x95,0x4c,
	0xb5,0x74,0x91,0xc9,0x84,0x7f,0xcb,0xfb,0xfc,0xde,0x0f,0xad,0x0b,0xdd,0x68,0xe2,
	0xaf,0x24,0x46,0x0f,0x98,0x6b,0xb7,0x55,0x64,0x30,0x14,0x07,0xac,0x0d,0xc2,0x71,
	0x13,0x6f,0xfa,0xcf,0xf9,0xc7,0xa9,0x64,0x1c,0x76,0x4b,0x95,0x3e,0x05,0x60,0xb7,
	0x7e,0x3f,0x5c,0x09,0xb1,0x4a,0xd5,0x02,0xac,0x5b,0x2b,0xbf,0x82,0x1b,0x50,0x27,
	0xf5,0x33,0x1f,0x2e,0x7e,0x7c,0x19,0x34,0xd3,0x0a,0x70,0x30,0x67,0x31,0xe4,0x15,
	0xf7,0xf8,0xea,0x58,0x33,0xac,0xae,0x7e,0xaa,0xfe,0x9e,0x2b,0x05,0x7d,0xe9,0x5a,
	0xc5,0x37,0xc8,0xe0,0x01,0x70,0x35,0xbe,0xe0,0x08,0xdc,0x7c,0x7e,0xec,0x2b,0xd0,
	0xe5,0x62,0x79,0x34,0x75,0x1a,0xd8,0x4c,0xa0,0x9c,0x9b,0x03,0x6d,0x15,0xb8,0xb8,
	0xb8,0xe6,0x73,0x6d,0x28,0x1e,0x9f,0x3d,0xe1,0x32,0x11,0x5e,0xd9,0xb6,0x73,0x4e,
	0xe4,0x0a,0x0e,0xa6,0x51,0x6f,0xed,0x38,0x94,0x6e,0xb8,0x04,0xdd,0x2a,0xcd,0x3a,
	0xc5,0x43,0x32,0xd5,0xc3,0x1b,0x6d,0x3d,0x5c,0x41,0x1e,0xed,0xe0,0x1d,0x2e,0x25,
	0xd0,0x31,0x66,0x28,0x8f,0x0a,0x76,0x15,0xc7,0x39,0x73,0x33,0x69,0x7d,0xe6,0x5e,
	0xf8,0x69,0xd0,0x36,0x1e,0x41,0x0e,0x67,0x38,0x32,0xa1,0x0a,0xdd,0xc9,0x30,0x82,
	0x7c,0xd2,0x6f,0x3b,0xb3,0xc5,0x74,0xd6,0x50,0x00,0x77,0x3a,0x6f,0xfb,0x07,0x21,
	0x78,0x84,0xdc,0xc6,0xf9,0x14,0x42,0x59,0xf9,0xd4,0x0c,0x37,0x70,0xae,0x72,0x8f,
	0xdb,0x5c,0x9a,0xdb,0xad,0xde,0x6e,0xbb,0x3b,0x26,0xbf,0xfc,0x74,0x34,0xd0,0x7a,
	0xb7,0x7e,0xd7,0x35,0x7f,0xaa,0x1b,0x53,0x7d,0xb9,0xe4,0xe9,0xa0,0xca,0xe3,0x51,
	0xa4,0x96,0xc9,0x71,0xd9,0x70,0x8b,0x0e,0xd3,0xea,0xfc,0xb4,0xb5,0xac,0x33,0xe2,
	0x80,0x3e,0x3e,0x01,0x58,0x35,0x88,0x7f,0xd3,0x66,0xb0,0xa9,0xc3,0x4d,0xb5,0x29,
	0xe0,0xd9,0xa1,0x20,0x4e,0x7d,0xcf,0x2f,0x96,0x58,0xe5,0x5b,0x91,0xf0,0x8f,0xa9,
	0x3f,0x90,0x5d,0x3a,0xd5,0x1e,0x5e,0x3d,0x2b,0xf3,0x09,0xcf,0x6f,0xa3,0x5c,0xea,
	0x74,0x66,0x23,0x9c,0xbf,0xe5,0xa9,0xaa,0x9a,0x6b,0xb4,0x8d,0x9f,0x48,0xe2,0xca,
	0xba,0x90,0x9d,0xf3,0x98,0xfd,0x73,0x32,0xe3,0xf2,0xe0,0x04,0xfd,0x45,0x9c,0x4c,
	0xb4,0x6f,0x6d,0x24,0x08,0x77,0x9e,0x93,0x03,0x8b,0xf7,0xc2,0xac,0x66,0x69,0xf1,
	0x1e,0x5b,0x38,0xe3,0x11,0xd0,0x6c,0x95,0x78,0x42,0x52,0xdd,0x28,0xe7,0x58,0x15,
	0x18,0xe2,0x6c,0xdd,0xc9,0xfa,0xbb,0x98,0x0f,0xe4,0x6a,0xba,0xbd,0x75,0x92,0xa6,
	0x87,0x72,0x25,0x29,0xe2,0xe6,0x59,0xaf,0x9b,0x4c,0xf5,0xa4,0xc8,0x4a,0x6f,0x87,
	0xcb,0xe6,0x7f,0xfa,0xba,0xb7,0x42,0x90,0xbc,0xeb,0xd5,0x91,0x28,0xa2,0x13,0x7f,
	0xa2,0xba,0xa0,0x56,0xdc,0x38,0x52,0xb5,0xdd,0x00,0x54,0x10,0x43,0xf1,0x04,0xcd,
	0x54,0x29,0x7c,0x93,0x3f,0x83,0x8e,0xea,0x08,0xeb,0x5d,0xb5,0x74,0x2e,0xc7,0x15,
	0x31,0x6d,0x89,0x57,0x8e,0xa4,0xf4,0xe1,0x7e,0x31,0x5a,0x71,0x53,0x44,0x35,0xe4,
	0x5f,0xb7,0xb4,0xc2,0xb0,0xd9,0xbf,0x7a,0x16,0x4a,0x65,0x96,0x03,0x1e,0x80,0x98,
	0x96,0xc5,0xac,0xd4,0xbf,0x69,0x82,0xb4,0x3f,0xcf,0xa9,0xc0,0x16,0x44,0x12,0xa6,
	0x8b,0xe7,0x8c,0x68,0xde,0xab,0xec,0x51,0x27,0x45,0x3f,0xd9,0xf3,0x5f,0xfe,0xcd,
	0x3e,0xae,0x73,0x22,0x94,0xac,0x46,0xa2,0xfa,0x60,0x17,0xbd,0x1e,0x0c,0xf8,0x97,
	0x5d,0xfd,0xf7,0xaa,0x32,0xd9,0x43,0xbe,0x87,0xa9,0xf8,0x0a,0xa7,0x19,0x18,0xab,
	0xc4,0xbc,0x9e,0xca,0x82,0x5d,0x6b,0x40,0x10,0x63,0x8b,0x96,0x80,0xc0,0x86,0x31,
	0xf2,0xad,0xc4,0x64,0x31,0x19,0xdc,0x5e,0x10,0xfc,0x1a,0x75,0x82,0x1f,0x8c,0xf2,
	0xb8,0xc6,0xef,0x97,0x2e,0x7f,0xc3,0xee,0x16,0x9d,0x57,0x3e,0xd3,0xac,0xb1,0x1d,
	0x55,0xf1,0x57,0xd4,0x15,0xdc,0x06,0x5b,0x9b,0xaf,0xf1,0xf0,0x6e,0xe2,0xfa,0xa0,
	0xde,0xc8,0x31,0xa9,0x95,0x37,0x7d,0x03,0xd8,0x3d,0x62,0xae,0x93,0xf4,0xe3,0x31,
	0x22,0x39,0xb2,0x69,0xad,0xde,0xa2,0xe0,0x2c,0xa3,0xb7,0x82,0xa4,0xd7,0x61,0x04,
	0xf6,0xb2,0xc5,0xc6,0x94,0x17,0xf8,0xc0,0xf9,0xfc,0xc1,0x2e,0x57,0xd5,0xaa,0x4c,
	0x8f,0x16,0x8f,0x39,0x08,0x9f,0x15,0x36,0xc3,0x7d,0x51,0x06,0x82,0x41,0x34,0x4b,
	0x49,0x32,0x84,0x95,0x64,0x6c,0x1a,0xef,0xa0,0x82,0xbf,0xa3,0xb5,0xfd,0x61,0x72,
	0xf2,0xf5,0x04,0xd9,0x4d,0x49,0x23,0xf1,0xfd,0x22,0x35,0x94,0xfa,0x50,0x37,0x01,
	0xa7,0x77,0xab,0xfa,0xf1,0x3a,0xf4,0xb3,0x54,0xc2,0x72,0xbc,0xe4,0xd0,0xbc,0x21,
	0xdd,0x7e,0xc8,0xfe,0x8a,0x2f,0xa9,0x1f,0x1a,0xc3,0xa5,0xcc,0xfe,0x78,0x89,0x32,
	0x53,0xf1,0x65,0x02,0x16,0xbc,0xf5,0xf5,0x9b,0xf3,0xc6,0x26,0x4d,0xd2,0x00,0x66,
	0x33,0x15,0xcb,0x10,0xab,0xbd,0xc1,0x76,0xdd,0x33,0xf5,0xbe,0x1f,0x05,0x0f,0xa0,
	0x4d,0xa4,0xaa,0x6f,0xef,0x7e,0x5d,0x8f,0x39,0x1f,0xa8,0xf2,0x79,0xe0,0x79,0x31,
	0x90,0x24,0xdd,0x2f,0xc1,0xcd,0x2f,0xdc,0x62,0x21,0xeb,0x07,0xba,0x17,0x25,0xc3,
	0x9e,0x42,0x61,0x1f,0xa3,0xff,0x92,0x35,0xec,0xab,0xf5,0x78,0x44,0x52,0x04,0x2c,
	0x86,0x03,0xf3,0xe4,0x00,0xfb,0x4c,0xa8,0x93,0xa4,0xa6,0x17,0x10,0x3b,0xd0,0x21,
	0x06,0x8b,0x1d,0xa4,0x77,0xdd,0x85,0xa2,0xd6,0xcc,0xfd,0xef,0xd2,0xfe,0x30,0x05,
	0x90,0x1e,0xa4,0x70,0x3a,0x30,0x6e,0xbe,0x8f,0x26,0x09,0xfb,0x7e,0x26,0x14,0xd3,
	0x6b,0x26,0xa0,0xf0,0xbd,0xf5,0xf1,0x29,0xf9,0x1c,0x26,0x57,0x7d,0x03,0x83,0x5f,
	0x63,0xea,0x3d,0x1c,0xca,0x77,0xdf,0x11,0xf2,0xfd,0x38,0xb2,0xb5,0x37,0x0f,0xc9,
	0x8b,0xdf,0xfb,0xf4,0x54,0x39,0x6b,0xf1,0x0e,0x25,0x5b,0x62,0x87,0xad,0x1f,0xab,
	0xe2,0x51,0xb6,0xca,0x2c,0x56,0xed,0xf7,0xfc,0x6b,0x8a,0x8d,0x40,0xfb,0x83,0x4c,
	0x9a,0x9b,0xdf,0xdf,0xdf,0xff,0x14,0x50,0x22,0x16,0xe4,0x21,0xff,0xbf,0x0d,0x77,
	0x0b,0x00,0xb1,0x74,0x16,0x19,0x26,0x74,0x28,0x22,0xbd,0x6c,0x9c,0x1e,0x7f,0x7b,
	0x46,
};
static const unsigned char ref_luma[16384] = {
	0x10,0x10,0x10,0x10,0x10,0x10,0x10,0x10,0x10,0x10,0x10,0x10,0x10,0x10,0x10,0x10,
	0x51,0x51,0x51,0x51,0x51,0x51,0x51,0x51,0x51,0x51,0x51,0x51,0x51,0x51,0x51,0x51,
	0x94,0x90,0x91,0x91,0x95,0x92,0x91,0x8f,0x8f,0x91,0x8e,0x8e,0x90,0x90,0x92,0x8a,
	0xd3,0xd3,0xd5,0xd3,0xd0,0xd7,0xd5,0xd4,0xd3,0xd3,0xd3,0xd3,0xd3,0xd3,0xd3,0xd3,
	0x28,0x28,0x28,0x28,0x28,0x28,0x28,0x28,0x28,0x28,0x28,0x28,0x2c,0x29,0x2b,0x2a,
	0x67,0x67,0x6c,0x67,0x67,0x68,0x68,0x68,0x69,0x69,0x69,0x69,0x69,0x69,0x69,0x69,
	0xaa,0xaa,0xaa,0xaa,0xaa,0xaa,0xaa,0xaa,0xaa,0xaa,0xaa,0xaa,0xaa,0xaa,0xaa,0xaa,
	0xeb,0xeb,0xeb,0xeb,0xeb,0xeb,0xeb,0xeb,0xeb,0xeb,0xeb,0xeb,0xeb,0xeb,0xeb,0xeb,
	0x10,0x10,0x10,0x10,0x10,0x10,0x10,0x10,0x10,0x10,0x10,0x10,0x10,0x10,0x10,0x10,
	0x51,0x51,0x51,0x51,0x51,0x51,0x51,0x51,0x51,0x51,0x51,0x51,0x51,0x51,0x51,0x51,
	0x94,0x90,0x8f,0x91,0x94,0x93,0x93,0x91,0x90,0x93,0x95,0x92,0x90,0x93,0x90,0x91,
	0xcf,0xce,0xd5,0xd4,0xcf,0x2e,0x2c,0x28,0x28,0x29,0x29,0x29,0x29,0x29,0x29,0x29,
	0xd1,0xd1,0xd1,0xd1,0xd1,0xd1,0xd1,0xd1,0xd1,0xd1,0xd1,0xd1,0x2b,0x2d,0x2e,0x2b,
	0x6b,0x6f,0x69,0x6d,0x68,0x69,0x69,0x69,0x6a,0x69,0x69,0x69,0x69,0x69,0x69,0x69,
	0xaa,0xaa,0xaa,0xaa,0xaa,0xaa,0xaa,0xaa,0xaa,0xaa,0xaa,0xaa,0xaa,0xaa,0xaa,0xaa,
	0xeb,0xeb,0xeb,0xeb,0xeb,0xeb,0xeb,0xeb,0xeb,0xeb,0xeb,0xeb,0xeb,0xeb,0xeb,0xeb,
	0x10,0x10,0x10,0x10,0x10,0x10,0x10,0x10,0x10,0x10,0x10,0x10,0x10,0x10,0x10,0x10,
	0x51,0x51,0x51,0x51,0x51,0x51,0x51,0x51,0x51,0x51,0x51,0x51,0x51,0x51,0x51,0x51,
	0x8f,0x91,0x8f,0x8d,0x8e,0x93,0x91,0x8d,0x8a,0x91,0x90,0x92,0x8e,0x93,0x94,0x8c,
	0xd0,0x29,0x2f,0x2e,0x2a,0x29,0x2a,0x2b,0x2a,0x29,0x29,0x29,0x29,0x29,0x29,0x29,
	0xd3,0xd3,0xd3,0xd3,0xd3,0xd3,0xd3,0xd3,0xd3,0xd3,0xd3,0xd3,0xce,0xd2,0xd4,0xd3,
	0x70,0x66,0x6c,0x6c,0x68,0x69,0x6a,0x6a,0x69,0x69,0x69,0x69,0x69,0x69,0x69,0x69,
	0xaa,0xaa,0xaa,0xaa,0xaa,0xaa,0xaa,0xaa,0xaa,0xaa,0xaa,0xaa,0xaa,0xaa,0xaa,0xaa,
	0xeb,0xeb,0xeb,0xeb,0xeb,0xeb,0xeb,0xeb,0xeb,0xeb,0xeb,0xeb,0xeb,0xeb,0xeb,0xeb,
	0x10,0x10,0x10,0x10,0x10,0x10,0x10,0x10,0x10,0x10,0x10,0x10,0x10,0x10,0x10,0x10,
	0x51,0x51,0x51,0x51,0x51,0x51,0x51,0x51,0x51,0x51,0x51,0x51,0x51,0x51,0x51,0x51,
	0x93,0x92,0x8f,0x90,0x8f,0x93,0x94,0x94,0x90,0x90,0x8f,0x91,0x91,0x6a,0x6e,0x68,
	0x26,0x2b,0x28,0x26,0x29,0x2c,0x26,0x28,0x29,0x2a,0x2a,0x2a,0x2a,0x2a,0x2a,0x2a,
	0xd1,0xd1,0xd1,0xd1,0xd1,0xd1,0xd1,0xd1,0xd1,0xd1,0xd1,0xd1,0xd4,0xd3,0xd4,0xd2,
	0x8f,0x8b,0x94,0x93,0x68,0x6a,0x6a,0x6b,0x6a,0x69,0x69,0x69,0x69,0x69,0x69,0x69,
	0xaa,0xaa,0xaa,0xaa,0xaa,0xaa,0xaa,0xaa,0xaa,0xaa,0xaa,0xaa,0xaa,0xaa,0xaa,0xaa,
	0xeb,0xeb,0xeb,0xeb,0xeb,0xeb,0xeb,0xeb,0xeb,0xeb,0xeb,0xeb,0xeb,0xeb,0xeb,0xeb,
	0x10,0x10,0x10,0x10,0x10,0x10,0x10,0x10,0x10,0x10,0x10,0x10,0x10,0x10,0x10,0x10,
	0x51,0x51,0x51,0x51,0x51,0x51,0x51,0x51,0x51,0x51,0x51,0x51,0x51,0x51,0x51,0x51,
	0x8f,0x91,0x92,0x91,0x90,0x91,0x91,0x8f,0x92,0x8b,0x69,0x6f,0x66,0x6a,0x6e,0x6a,
	0x27,0x2b,0x28,0x26,0x28,0x29,0x27,0x27,0x28,0x28,0x28,0x28,0x28,0x28,0x28,0x28,
	0xd3,0xd3,0xd3,0xd3,0xd3,0xd3,0xd3,0xd3,0xd2,0xd2,0xd2,0xd3,0xd3,0xd3,0xd3,0xd2,
	0x8f,0x8e,0x93,0x92,0x8b,0x96,0x90,0x74,0x6c,0x6a,0x6e,0x6d,0x6b,0x6e,0x69,0x65,
	0xa9,0xaa,0xaa,0xaa,0xaa,0xaa,0xaa,0xaa,0xaa,0xaa,0xaa,0xaa,0xaa,0xaa,0xaa,0xaa,
	0xeb,0xeb,0xeb,0xeb,0xeb,0xeb,0xeb,0xeb,0xeb,0xeb,0xeb,0xeb,0xeb,0xeb,0xeb,0xeb,
	0x10,0x10,0x10,0x10,0x10,0x10,0x10,0x10,0x10,0x10,0x10,0x10,0x10,0x10,0x10,0x10,
	0x51,0x51,0x51,0x51,0x51,0x51,0x51,0x51,0x51,0x51,0x51,0x51,0x51,0x51,0x51,0x51,
	0x92,0x90,0x93,0x90,0x92,0x8d,0x91,0x93,0x71,0x6a,0x6a,0x69,0x6a,0x67,0x6c,0x6a,
	0x28,0x2a,0x27,0x27,0x28,0x29,0x27,0x28,0x28,0x29,0x29,0x29,0x29,0x29,0x29,0x29,
	0xd3,0xd3,0xd3,0xd3,0xd3,0xd3,0xd3,0xd3,0xd2,0xd2,0xd2,0xd3,0xd3,0xd3,0xd3,0xd2,
	0x90,0x90,0x92,0x92,0x90,0x93,0x94,0x92,0x95,0x6c,0x69,0x6b,0x67,0x6e,0x69,0x69,
	0xaa,0xaa,0xaa,0xaa,0xaa,0xaa,0xaa,0xaa,0xaa,0xaa,0xaa,0xaa,0xaa,0xaa,0xaa,0xaa,
	0xeb,0xeb,0xeb,0xeb,0xeb,0xeb,0xeb,0xeb,0xeb,0xeb,0xeb,0xeb,0xeb,0xeb,0xeb,0xeb,
	0x10,0x10,0x10,0x10,0x10,0x10,0x10,0x10,0x10,0x10,0x10,0x10,0x10,0x10,0x10,0x10,
	0x51,0x51,0x51,0x51,0x51,0x51,0x51,0x51,0x51,0x51,0x51,0x51,0x51,0x51,0x51,0x51,
	0x94,0x8a,0x92,0x8f,0x8e,0x71,0x6d,0x6e,0x67,0x69,0x6d,0x67,0x69,0x6b,0x6b,0x68,
	0x28,0x2a,0x27,0x27,0x28,0x28,0x27,0x28,0x29,0x2a,0x2a,0x2a,0x2a,0x2a,0x2a,0x2a,
	0xd0,0xd0,0xd0,0xd0,0xd0,0xd0,0xd0,0xd0,0xd1,0xd2,0xd2,0xd3,0xd3,0xd3,0xd3,0xd2,
	0x90,0x91,0x91,0x91,0x94,0x91,0x8f,0x94,0x92,0x95,0x8e,0x93,0x70,0x6e,0x6d,0x6d,
	0xab,0xaa,0xaa,0xaa,0xaa,0xaa,0xaa,0xaa,0xaa,0xaa,0xaa,0xaa,0xaa,0xaa,0xaa,0xaa,
	0xeb,0xeb,0xeb,0xeb,0xeb,0xeb,0xeb,0xeb,0xeb,0xeb,0xeb,0xeb,0xeb,0xeb,0xeb,0xeb,
	0x10,0x10,0x10,0x10,0x10,0x10,0x10,0x10,0x10,0x10,0x10,0x10,0x10,0x10,0x10,0x10,
	0x51,0x51,0x51,0x51,0x51,0x51,0x51,0x51,0x51,0x51,0x51,0x51,0x51,0x51,0x51,0x51,
	0x8d,0x8d,0x8d,0x6f,0x71,0x69,0x73,0x69,0x68,0x6b,0x69,0x6b,0x6a,0x6a,0x6b,0x69,
	0x29,0x2a,0x27,0x28,0x28,0x28,0x28,0x29,0x29,0x2a,0x2a,0x2a,0x2a,0x2a,0x2a,0x2a,
	0xd1,0xd1,0xd1,0xd1,0xd1,0xd1,0xd1,0xd1,0xd1,0xd2,0xd2,0xd3,0xd3,0xd3,0xd3,0xd2,
	0x90,0x92,0x91,0x91,0x92,0x91,0x90,0x92,0x8d,0x91,0x8e,0x90,0x8e,0x8e,0x6c,0x69,
	0xaa,0xaa,0xaa,0xaa,0xaa,0xaa,0xaa,0xaa,0xaa,0xaa,0xaa,0xaa,0xaa,0xaa,0xaa,0xaa,
	0xeb,0xeb,0xeb,0xeb,0xeb,0xeb,0xeb,0xeb,0xeb,0xeb,0xeb,0xeb,0xeb,0xeb,0xeb,0xeb,
	0x10,0x10,0x10,0x10,0x10,0x10,0x10,0x10,0x10,0x10,0x10,0x10,0x10,0x10,0x10,0x10,
	0x51,0x51,0x51,0x51,0x51,0x51,0x51,0x51,0x51,0x51,0x51,0x51,0x57,0x4e,0x4d,0x54,
	0x8f,0x90,0x68,0x6b,0x6d,0x69,0x6d,0x6a,0x69,0x6a,0x6a,0x6a,0x6a,0x6a,0x6a,0x6a,
	0x2a,0x29,0x28,0x29,0x29,0x29,0x29,0x29,0x29,0x29,0x29,0x29,0x29,0x29,0x29,0x29,
	0xd1,0xd2,0xd2,0xd2,0xd2,0xd2,0xd2,0xd2,0xd2,0xd2,0xd2,0xd2,0xd2,0xd2,0xd2,0xd3,
	0x8f,0x92,0x91,0x91,0x91,0x91,0x91,0x92,0x91,0x91,0x91,0x91,0x90,0x8e,0x8e,0x6c,
	0xaa,0xae,0xac,0xac,0xaa,0xaa,0xaa,0xaa,0xaa,0xaa,0xaa,0xaa,0xaa,0xaa,0xaa,0xaa,
	0xeb,0xeb,0xeb,0xeb,0xeb,0xeb,0xeb,0xeb,0xeb,0xeb,0xeb,0xeb,0xeb,0xeb,0xeb,0xeb,
	0x10,0x10,0x10,0x10,0x10,0x10,0x10,0x10,0x10,0x10,0x10,0x10,0x10,0x10,0x10,0x10,
	0x51,0x51,0x51,0x51,0x51,0x51,0x51,0x51,0x51,0x51,0x51,0x51,0x54,0x55,0x52,0x58,
	0x6f,0x71,0x6c,0x6c,0x6c,0x6a,0x6c,0x6a,0x69,0x6a,0x6a,0x6a,0x6a,0x6a,0x6a,0x6a,
	0x2a,0x2a,0x28,0x29,0x29,0x29,0x29,0x29,0x29,0x29,0x29,0x29,0x29,0x29,0x29,0x29,
	0xd1,0xd2,0xd2,0xd2,0xd2,0xd2,0xd2,0xd2,0xd2,0xd2,0xd2,0xd2,0xd2,0xd2,0xd2,0xd2,
	0x8f,0x92,0x91,0x91,0x91,0x91,0x91,0x91,0x91,0x91,0x91,0x91,0x91,0x90,0x8e,0x8e,
	0x56,0xaa,0xa6,0xad,0xaa,0xaa,0xaa,0xaa,0xaa,0xaa,0xaa,0xaa,0xaa,0xaa,0xaa,0xaa,
	0xeb,0xeb,0xeb,0xeb,0xeb,0xeb,0xeb,0xeb,0xeb,0xeb,0xeb,0xeb,0xeb,0xeb,0xeb,0xeb,
	0x10,0x10,0x10,0x10,0x10,0x10,0x10,0x10,0x10,0x10,0x10,0x10,0x10,0x10,0x10,0x10,
	0x51,0x51,0x51,0x51,0x51,0x51,0x51,0x51,0x51,0x51,0x51,0x51,0x55,0x59,0xa4,0xa0,
	0x6c,0x68,0x6b,0x6c,0x6b,0x6a,0x6a,0x6a,0x69,0x6a,0x6a,0x6a,0x6a,0x6a,0x6a,0x6a,
	0x2a,0x2a,0x28,0x29,0x29,0x29,0x29,0x29,0x29,0x29,0x29,0x29,0x29,0x29,0x29,0x29,
	0xd1,0xd2,0xd2,0xd2,0xd2,0xd2,0xd2,0xd2,0xd2,0xd2,0xd2,0xd2,0xd2,0xd2,0xd2,0xd2,
	0x8f,0x92,0x91,0x91,0x91,0x91,0x91,0x91,0x91,0x91,0x91,0x91,0x91,0x91,0x90,0x8e,
	0x50,0x54,0x52,0xad,0xaa,0xaa,0xaa,0xaa,0xaa,0xaa,0xaa,0xaa,0xaa,0xaa,0xaa,0xaa,
	0xeb,0xeb,0xeb,0xeb,0xeb,0xeb,0xeb,0xeb,0xeb,0xeb,0xeb,0xeb,0xeb,0xeb,0xeb,0xeb,
	0x10,0x10,0x10,0x10,0x10,0x10,0x10,0x10,0x10,0x10,0x10,0x10,0x10,0x10,0x10,0x10,
	0x51,0x51,0x51,0x51,0x51,0x51,0x51,0x51,0x51,0x51,0x51,0x51,0x56,0xa3,0xa8,0xa8,
	0x67,0x6e,0x6e,0x69,0x69,0x69,0x69,0x69,0x6a,0x6a,0x6a,0x6a,0x6a,0x6a,0x6a,0x6a,
	0x2a,0x2a,0x28,0x29,0x29,0x29,0x29,0x29,0x29,0x29,0x29,0x29,0x29,0x29,0x29,0x29,
	0xd1,0xd2,0xd2,0xd2,0xd2,0xd2,0xd2,0xd2,0xd2,0xd2,0xd2,0xd2,0xd2,0xd2,0xd2,0xd2,
	0x8f,0x92,0x91,0x91,0x91,0x91,0x91,0x91,0x91,0x91,0x91,0x91,0x91,0x91,0x91,0x90,
	0x54,0x4e,0x51,0x57,0xaa,0xaa,0xaa,0xaa,0xaa,0xaa,0xaa,0xaa,0xaa,0xaa,0xaa,0xaa,
	0xeb,0xeb,0xeb,0xeb,0xeb,0xeb,0xeb,0xeb,0xeb,0xeb,0xeb,0xeb,0xeb,0xeb,0xeb,0xeb,
	0x10,0x10,0x10,0x10,0x10,0x10,0x10,0x10,0x10,0x10,0x10,0x10,0x10,0x10,0x10,0x10,
	0x51,0x51,0x51,0x51,0x49,0x51,0x51,0x51,0x54,0x58,0x48,0xa9,0xa6,0xa7,0xaa,0xab,
	0x6d,0x6e,0x6a,0x69,0x69,0x69,0x69,0x69,0x6a,0x6a,0x6a,0x6a,0x6a,0x6a,0x6a,0x6a,
	0x2a,0x2a,0x28,0x29,0x29,0x29,0x29,0x29,0x29,0x29,0x29,0x29,0x29,0x29,0x29,0x29,
	0xd1,0xd2,0xd2,0xd2,0xd2,0xd2,0xd2,0xd2,0xd2,0xd2,0xd2,0xd2,0xd2,0xd2,0xd2,0xd2,
	0x91,0x91,0x91,0x91,0x91,0x91,0x91,0x91,0x91,0x91,0x91,0x91,0x91,0x91,0x91,0x91,
	0x52,0x4f,0x52,0x56,0x4d,0x55,0xa5,0xac,0xa8,0xa9,0xa9,0xac,0xaa,0xaa,0xaa,0xaa,
	0xeb,0xeb,0xeb,0xeb,0xeb,0xeb,0xeb,0xeb,0xeb,0xeb,0xeb,0xeb,0xeb,0xeb,0xeb,0xeb,
	0x10,0x10,0x10,0x10,0x10,0x10,0x10,0x10,0x10,0x10,0x10,0x10,0x10,0x10,0x10,0x10,
	0x51,0x51,0x51,0x51,0x51,0x4b,0x51,0x51,0x4d,0x52,0xa5,0xa5,0xa8,0xaa,0xab,0xab,
	0x6e,0x6b,0x69,0x69,0x69,0x69,0x69,0x69,0x6a,0x6a,0x6a,0x6a,0x6a,0x6a,0x6a,0x6a,
	0x2a,0x2a,0x28,0x29,0x29,0x29,0x29,0x29,0x29,0x29,0x29,0x29,0x29,0x29,0x29,0x29,
	0xd1,0xd2,0xd2,0xd2,0xd2,0xd2,0xd2,0xd2,0xd2,0xd2,0xd2,0xd2,0xd2,0xd2,0xd2,0xd2,
	0x91,0x91,0x91,0x91,0x91,0x91,0x91,0x91,0x91,0x91,0x91,0x91,0x91,0x91,0x91,0x91,
	0x51,0x4f,0x54,0x55,0x53,0x53,0x4c,0x9f,0xac,0xab,0xac,0xa7,0xaa,0xaa,0xaa,0xaa,
	0xeb,0xeb,0xeb,0xeb,0xeb,0xeb,0xeb,0xeb,0xeb,0xeb,0xeb,0xeb,0xeb,0xeb,0xeb,0xeb,
	0x10,0x10,0x10,0x10,0x10,0x10,0x10,0x10,0x10,0x10,0x10,0x10,0x10,0x10,0x10,0x10,
	0x51,0x51,0x51,0x51,0x51,0x51,0x51,0x51,0x57,0xac,0xa7,0xaa,0xab,0xab,0xab,0xab,
	0x6c,0x69,0x69,0x69,0x69,0x69,0x69,0x69,0x6a,0x6a,0x6a,0x6a,0x6a,0x6a,0x6a,0x6a,
	0x2a,0x2a,0x28,0x29,0x29,0x29,0x29,0x29,0x29,0x29,0x29,0x29,0x29,0x29,0x29,0x29,
	0xd1,0xd2,0xd2,0xd2,0xd2,0xd2,0xd2,0xd2,0xd2,0xd2,0xd2,0xd2,0xd2,0xd2,0xd2,0xd2,
	0x91,0x91,0x91,0x91,0x91,0x91,0x91,0x91,0x91,0x91,0x91,0x91,0x91,0x91,0x91,0x91,
	0x50,0x50,0x55,0x54,0x4f,0x54,0x56,0x50,0xa2,0xa1,0xa8,0xa5,0xaa,0xaa,0xaa,0xaa,
	0xeb,0xeb,0xeb,0xeb,0xeb,0xeb,0xeb,0xeb,0xeb,0xeb,0xeb,0xeb,0xeb,0xeb,0xeb,0xeb,
	0x10,0x10,0x10,0x10,0x10,0x10,0x10,0x10,0x10,0x10,0x10,0x10,0x10,0x10,0x10,0x10,
	0x51,0x51,0x51,0x51,0x51,0x51,0x51,0xa3,0xac,0xac,0xaa,0xab,0xab,0xab,0xab,0xab,
	0x6a,0x69,0x69,0x69,0x69,0x69,0x69,0x69,0x6a,0x6a,0x6a,0x6a,0x6a,0x6a,0x6a,0x6a,
	0x2a,0x2a,0x28,0x29,0x29,0x29,0x29,0x29,0x29,0x29,0x29,0x29,0x29,0x29,0x29,0x29,
	0xd1,0xd2,0xd2,0xd2,0xd2,0xd2,0xd2,0xd2,0xd2,0xd2,0xd2,0xd2,0xd2,0xd2,0xd2,0xd2,
	0x91,0x91,0x91,0x91,0x91,0x91,0x91,0x91,0x91,0x91,0x91,0x91,0x91,0x91,0x91,0x91,
	0x50,0x51,0x55,0x53,0x51,0x50,0x53,0x4d,0x4d,0x50,0xa9,0xad,0xaa,0xaa,0xaa,0xaa,
	0xeb,0xeb,0xeb,0xeb,0xeb,0xeb,0xeb,0xeb,0xeb,0xeb,0xeb,0xeb,0xeb,0xeb,0xeb,0xeb,
	0x10,0x10,0x10,0x10,0x10,0x10,0x10,0x10,0x10,0x10,0x10,0x10,0x10,0x10,0x10,0x10,
	0x51,0x51,0x51,0x51,0x51,0x51,0xa3,0xac,0xab,0xaa,0xaa,0xaa,0xaa,0xaa,0xaa,0xaa,
	0x68,0x6a,0x6a,0x6a,0x6a,0x6a,0x6a,0x6a,0x6a,0x6a,0x6a,0x6a,0x6a,0x6a,0x6a,0x6a,
	0x2a,0x29,0x29,0x29,0x29,0x29,0x29,0x29,0x29,0x29,0x29,0x29,0x29,0x29,0x29,0x29,
	0xd1,0xd2,0xd2,0xd2,0xd2,0xd2,0xd2,0xd2,0xd2,0xd2,0xd2,0xd2,0xd2,0xd2,0xd2,0xd2,
	0x91,0x91,0x91,0x91,0x91,0x91,0x91,0x91,0x91,0x91,0x91,0x91,0x91,0x91,0x91,0x91,
	0x4f,0x52,0x54,0x52,0x51,0x50,0x52,0x50,0x4e,0x4e,0x51,0xab,0xad,0xaa,0xaa,0xaa,
	0xeb,0xeb,0xeb,0xeb,0xeb,0xeb,0xeb,0xeb,0xeb,0xeb,0xeb,0xeb,0xeb,0xeb,0xeb,0xeb,
	0x10,0x10,0x10,0x10,0x10,0x10,0x10,0x10,0x10,0x10,0x10,0x10,0x10,0x10,0x10,0x10,
	0x51,0x51,0x51,0x51,0x51,0xa3,0xac,0xac,0xaa,0xaa,0xaa,0xaa,0xaa,0xaa,0xaa,0xaa,
	0x69,0x6a,0x6a,0x6a,0x6a,0x6a,0x6a,0x6a,0x6a,0x6a,0x6a,0x6a,0x6a,0x6a,0x6a,0x6a,
	0x29,0x29,0x29,0x29,0x29,0x29,0x29,0x29,0x29,0x29,0x29,0x29,0x29,0x29,0x29,0x29,
	0xd1,0xd2,0xd2,0xd2,0xd2,0xd2,0xd2,0xd2,0xd2,0xd2,0xd2,0xd2,0xd2,0xd2,0xd2,0xd2,
	0x91,0x91,0x91,0x91,0x91,0x91,0x91,0x91,0x91,0x91,0x91,0x91,0x91,0x91,0x91,0x91,
	0x4f,0x52,0x54,0x51,0x51,0x50,0x52,0x51,0x50,0x4f,0x50,0x53,0xab,0xad,0xaa,0xaa,
	0xeb,0xeb,0xeb,0xeb,0xeb,0xeb,0xeb,0xeb,0xeb,0xeb,0xeb,0xeb,0xeb,0xeb,0xeb,0xeb,
	0x10,0x10,0x10,0x10,0x10,0x10,0x10,0x10,0x10,0x10,0x10,0x10,0x10,0x10,0x10,0x10,
	0x51,0x51,0x51,0x51,0xa3,0xac,0xac,0xaa,0xaa,0xaa,0xaa,0xaa,0xaa,0xaa,0xaa,0xaa,
	0x69,0x6a,0x6a,0x6a,0x6a,0x6a,0x6a,0x6a,0x6a,0x6a,0x6a,0x6a,0x6a,0x6a,0x6a,0x6a,
	0x29,0x29,0x29,0x29,0x29,0x29,0x29,0x29,0x29,0x29,0x29,0x29,0x29,0x29,0x29,0x29,
	0xd1,0xd2,0xd2,0xd2,0xd2,0xd2,0xd2,0xd2,0xd2,0xd2,0xd2,0xd2,0xd2,0xd2,0xd2,0xd2,
	0x91,0x91,0x91,0x91,0x91,0x91,0x91,0x91,0x91,0x91,0x91,0x91,0x91,0x91,0x91,0x91,
	0x50,0x53,0x54,0x51,0x51,0x50,0x52,0x50,0x51,0x53,0x51,0x51,0x53,0xab,0xad,0xaa,
	0xeb,0xeb,0xeb,0xeb,0xeb,0xeb,0xeb,0xeb,0xeb,0xeb,0xeb,0xeb,0xeb,0xeb,0xeb,0xeb,
	0x10,0x10,0x10,0x10,0x10,0x10,0x10,0x10,0x10,0x10,0x10,0x10,0x10,0x10,0x10,0x10,
	0x51,0x51,0x51,0xa3,0xac,0xac,0xaa,0xab,0xaa,0xaa,0xaa,0xaa,0xaa,0xaa,0xaa,0xaa,
	0x69,0x6a,0x6a,0x6a,0x6a,0x6a,0x6a,0x6a,0x6a,0x6a,0x6a,0x6a,0x6a,0x6a,0x6a,0x6a,
	0x29,0x29,0x29,0x29,0x29,0x29,0x29,0x29,0x29,0x29,0x29,0x29,0x29,0x29,0x29,0x29,
	0xd1,0xd2,0xd2,0xd2,0xd2,0xd2,0xd2,0xd2,0xd2,0xd2,0xd2,0xd2,0xd2,0xd2,0xd2,0xd2,
	0x91,0x91,0x91,0x91,0x91,0x91,0x91,0x91,0x91,0x91,0x91,0x91,0x91,0x91,0x91,0x91,
	0x50,0x53,0x54,0x51,0x51,0x50,0x52,0x51,0x51,0x53,0x54,0x52,0x51,0x53,0xab,0xad,
	0xeb,0xeb,0xeb,0xeb,0xeb,0xeb,0xeb,0xeb,0xeb,0xeb,0xeb,0xeb,0xeb,0xeb,0xeb,0xeb,
	0x10,0x10,0x10,0x10,0x10,0x10,0x10,0x10,0x10,0x10,0x10,0x10,0x05,0x10,0x10,0x10,
	0x51,0x51,0xa3,0xac,0xac,0xaa,0xab,0xab,0xaa,0xaa,0xaa,0xaa,0xaa,0xaa,0xaa,0xaa,
	0x69,0x6a,0x6a,0x6a,0x6a,0x6a,0x6a,0x6a,0x6a,0x6a,0x6a,0x6a,0x6a,0x6a,0x6a,0x6a,
	0x29,0x29,0x29,0x29,0x29,0x29,0x29,0x29,0x29,0x29,0x29,0x29,0x29,0x29,0x29,0x29,
	0xd1,0xd2,0xd2,0xd2,0xd2,0xd2,0xd2,0xd2,0xd2,0xd2,0xd2,0xd2,0xd2,0xd2,0xd2,0xd2,
	0x91,0x91,0x91,0x91,0x91,0x91,0x91,0x91,0x91,0x91,0x91,0x91,0x91,0x91,0x91,0x91,
	0x50,0x53,0x54,0x51,0x51,0x50,0x52,0x51,0x50,0x51,0x52,0x51,0x52,0x51,0x53,0xab,
	0xe9,0xed,0xed,0xe9,0xeb,0xeb,0xeb,0xeb,0xeb,0xeb,0xeb,0xeb,0xeb,0xeb,0xeb,0xeb,
	0x10,0x10,0x10,0x10,0x10,0x10,0x10,0x10,0x10,0x10,0x10,0x10,0x10,0x16,0x10,0x10,
	0x51,0xa3,0xac,0xac,0xaa,0xab,0xab,0xab,0xaa,0xaa,0xaa,0xaa,0xaa,0xaa,0xaa,0xaa,
	0x69,0x6a,0x6a,0x6a,0x6a,0x6a,0x6a,0x6a,0x6a,0x6a,0x6a,0x6a,0x6a,0x6a,0x6a,0x6a,
	0x29,0x29,0x29,0x29,0x29,0x29,0x29,0x29,0x29,0x29,0x29,0x29,0x29,0x29,0x29,0x29,
	0xd1,0xd2,0xd2,0xd2,0xd2,0xd2,0xd2,0xd2,0xd2,0xd2,0xd2,0xd2,0xd2,0xd2,0xd2,0xd2,
	0x91,0x91,0x91,0x91,0x91,0x91,0x91,0x91,0x91,0x91,0x91,0x91,0x91,0x91,0x91,0x91,
	0x50,0x53,0x54,0x51,0x51,0x50,0x52,0x51,0x50,0x50,0x51,0x51,0x51,0x52,0x51,0x53,
	0xe9,0xe9,0xec,0xe8,0xeb,0xeb,0xeb,0xeb,0xeb,0xeb,0xeb,0xeb,0xeb,0xeb,0xeb,0xeb,
	0x10,0x10,0x10,0x10,0x10,0x10,0x10,0x10,0x10,0x10,0x10,0x10,0x10,0x10,0x10,0x10,
	0xa3,0xac,0xac,0xaa,0xab,0xab,0xab,0xab,0xaa,0xaa,0xaa,0xaa,0xaa,0xaa,0xaa,0xaa,
	0x69,0x6a,0x6a,0x6a,0x6a,0x6a,0x6a,0x6a,0x6a,0x6a,0x6a,0x6a,0x6a,0x6a,0x6a,0x6a,
	0x29,0x29,0x29,0x29,0x29,0x29,0x29,0x29,0x29,0x29,0x29,0x29,0x29,0x29,0x29,0x29,
	0xd1,0xd2,0xd2,0xd2,0xd2,0xd2,0xd2,0xd2,0xd2,0xd2,0xd2,0xd2,0xd2,0xd2,0xd2,0xd2,
	0x91,0x91,0x91,0x91,0x91,0x91,0x91,0x91,0x91,0x91,0x91,0x91,0x91,0x91,0x91,0x91,
	0x50,0x53,0x54,0x51,0x51,0x50,0x52,0x50,0x50,0x50,0x51,0x51,0x51,0x51,0x52,0x51,
	0x0d,0xe9,0xe5,0xee,0xea,0xeb,0xeb,0xeb,0xeb,0xeb,0xeb,0xeb,0xeb,0xeb,0xeb,0xeb,
	0x10,0x10,0x10,0x10,0x10,0x10,0x10,0x10,0x10,0x10,0x10,0x10,0x10,0x10,0x10,0xe0,
	0xac,0xac,0xaa,0xab,0xab,0xab,0xab,0xab,0xaa,0xaa,0xaa,0xaa,0xaa,0xaa,0xaa,0xaa,
	0x69,0x6a,0x6a,0x6a,0x6a,0x6a,0x6a,0x6a,0x6a,0x6a,0x6a,0x6a,0x6a,0x6a,0x6a,0x6a,
	0x29,0x29,0x29,0x29,0x29,0x29,0x29,0x29,0x29,0x29,0x29,0x29,0x29,0x29,0x29,0x29,
	0xd1,0xd2,0xd2,0xd2,0xd2,0xd2,0xd2,0xd2,0xd2,0xd2,0xd2,0xd2,0xd2,0xd2,0xd2,0xd2,
	0x91,0x91,0x91,0x91,0x91,0x91,0x91,0x91,0x91,0x91,0x91,0x91,0x91,0x91,0x91,0x91,
	0x50,0x53,0x54,0x51,0x51,0x50,0x52,0x50,0x50,0x50,0x50,0x51,0x51,0x51,0x51,0x52,
	0x13,0x16,0xe6,0xe9,0xea,0xeb,0xeb,0xeb,0xeb,0xeb,0xeb,0xeb,0xeb,0xeb,0xeb,0xeb,
	0x10,0x10,0x10,0x10,0x10,0x10,0x10,0x10,0x10,0x10,0x10,0x10,0x0f,0x0d,0x15,0xee,
	0xac,0xab,0xab,0xab,0xab,0xab,0xab,0xaa,0xaa,0xaa,0xaa,0xaa,0xaa,0xaa,0xaa,0xaa,
	0x69,0x6a,0x6a,0x6a,0x6a,0x6a,0x6a,0x6a,0x6a,0x6a,0x6a,0x6a,0x6a,0x6a,0x6a,0x6a,
	0x29,0x29,0x29,0x29,0x29,0x29,0x29,0x29,0x29,0x29,0x29,0x29,0x29,0x29,0x29,0x29,
	0xd1,0xd2,0xd2,0xd2,0xd2,0xd2,0xd2,0xd2,0xd2,0xd2,0xd2,0xd2,0xd2,0xd2,0xd2,0xd2,
	0x91,0x91,0x91,0x91,0x91,0x91,0x91,0x91,0x91,0x91,0x91,0x91,0x91,0x91,0x91,0x91,
	0x50,0x53,0x54,0x51,0x51,0x50,0x52,0x50,0x50,0x50,0x50,0x51,0x51,0x51,0x51,0x52,
	0x16,0x13,0xea,0xea,0xea,0xeb,0xeb,0xeb,0xeb,0xeb,0xeb,0xeb,0xeb,0xeb,0xeb,0xeb,
	0x10,0x10,0x10,0x10,0x10,0x10,0x10,0x10,0x10,0x10,0x10,0x10,0x14,0x10,0xf0,0xe9,
	0xab,0xab,0xab,0xab,0xab,0xab,0xaa,0xaa,0xaa,0xaa,0xaa,0xaa,0xaa,0xaa,0xaa,0xaa,
	0x69,0x6a,0x6a,0x6a,0x6a,0x6a,0x6a,0x6a,0x6a,0x6a,0x6a,0x6a,0x6a,0x6a,0x6a,0x6a,
	0x29,0x29,0x29,0x29,0x29,0x29,0x29,0x29,0x29,0x29,0x29,0x29,0x29,0x29,0x29,0x29,
	0xd1,0xd2,0xd2,0xd2,0xd2,0xd2,0xd2,0xd2,0xd2,0xd2,0xd2,0xd2,0xd2,0xd2,0xd2,0xd2,
	0x91,0x91,0x91,0x91,0x91,0x91,0x91,0x91,0x91,0x91,0x91,0x91,0x91,0x91,0x91,0x91,
	0x50,0x53,0x54,0x51,0x51,0x50,0x52,0x50,0x50,0x50,0x50,0x51,0x51,0x51,0x51,0x52,
	0x11,0x0e,0x0e,0xe8,0xea,0xe9,0xeb,0xeb,0xeb,0xeb,0xeb,0xeb,0xeb,0xeb,0xeb,0xeb,
	0x10,0x10,0x10,0x10,0x10,0x10,0x10,0x10,0x10,0x10,0x10,0x10,0x0c,0xe5,0xe8,0xe7,
	0xab,0xab,0xab,0xab,0xab,0xaa,0xaa,0xaa,0xaa,0xaa,0xaa,0xaa,0xaa,0xaa,0xaa,0xaa,
	0x69,0x6a,0x6a,0x6a,0x6a,0x6a,0x6a,0x6a,0x6a,0x6a,0x6a,0x6a,0x6a,0x6a,0x6a,0x6a,
	0x29,0x29,0x29,0x29,0x29,0x29,0x29,0x29,0x29,0x29,0x29,0x29,0x29,0x29,0x29,0x29,
	0xd1,0xd2,0xd2,0xd2,0xd2,0xd2,0xd2,0xd2,0xd2,0xd2,0xd2,0xd2,0xd2,0xd2,0xd2,0xd2,
	0x91,0x91,0x91,0x91,0x91,0x91,0x91,0x91,0x91,0x91,0x91,0x91,0x91,0x91,0x91,0x91,
	0x50,0x53,0x54,0x51,0x51,0x50,0x52,0x50,0x50,0x50,0x50,0x51,0x51,0x51,0x51,0x52,
	0x11,0x0b,0x0d,0x14,0xe8,0xea,0xe9,0xeb,0xeb,0xeb,0xeb,0xeb,0xeb,0xeb,0xeb,0xeb,
	0x10,0x10,0x10,0x10,0x10,0x10,0x10,0x10,0x10,0x10,0x10,0x10,0xe8,0xe9,0xe8,0xed,
	0xab,0xab,0xab,0xab,0xaa,0xaa,0xaa,0xaa,0xaa,0xaa,0xaa,0xaa,0xaa,0xaa,0xaa,0xaa,
	0x69,0x6a,0x6a,0x6a,0x6a,0x6a,0x6a,0x6a,0x6a,0x6a,0x6a,0x6a,0x6a,0x6a,0x6a,0x6a,
	0x29,0x29,0x29,0x29,0x29,0x29,0x29,0x29,0x29,0x29,0x29,0x29,0x29,0x29,0x29,0x29,
	0xd1,0xd2,0xd2,0xd2,0xd2,0xd2,0xd2,0xd2,0xd2,0xd2,0xd2,0xd2,0xd2,0xd2,0xd2,0xd2,
	0x91,0x91,0x91,0x91,0x91,0x91,0x91,0x91,0x91,0x91,0x91,0x91,0x91,0x91,0x91,0x91,
	0x50,0x53,0x54,0x51,0x51,0x50,0x52,0x50,0x50,0x50,0x50,0x51,0x51,0x51,0x51,0x52,
	0x0f,0x11,0x11,0x0c,0x14,0xe8,0xea,0xea,0xea,0xea,0xeb,0xeb,0xeb,0xeb,0xeb,0xeb,
	0x10,0x10,0x10,0x10,0x10,0x10,0x10,0x10,0x12,0x0a,0x0e,0x12,0xe9,0xe8,0xeb,0xed,
	0xab,0xab,0xab,0xaa,0xaa,0xaa,0xaa,0xaa,0xaa,0xaa,0xaa,0xaa,0xaa,0xaa,0xaa,0xaa,
	0x69,0x6a,0x6a,0x6a,0x6a,0x6a,0x6a,0x6a,0x6a,0x6a,0x6a,0x6a,0x6a,0x6a,0x6a,0x6a,
	0x29,0x29,0x29,0x29,0x29,0x29,0x29,0x29,0x29,0x29,0x29,0x29,0x29,0x29,0x29,0x29,
	0xd1,0xd2,0xd2,0xd2,0xd2,0xd2,0xd2,0xd2,0xd2,0xd2,0xd2,0xd2,0xd2,0xd2,0xd2,0xd2,
	0x91,0x91,0x91,0x91,0x91,0x91,0x91,0x91,0x91,0x91,0x91,0x91,0x91,0x91,0x91,0x91,
	0x50,0x53,0x54,0x51,0x51,0x50,0x52,0x50,0x50,0x50,0x50,0x51,0x51,0x51,0x51,0x52,
	0x0f,0x11,0x11,0x0c,0x11,0xe9,0xeb,0xed,0xeb,0xeb,0xeb,0xeb,0xeb,0xeb,0xeb,0xeb,
	0x10,0x10,0x10,0x10,0x10,0x10,0x10,0x10,0x0e,0x0f,0x0e,0xeb,0xe9,0xe8,0xed,0xed,
	0xab,0xab,0xaa,0xaa,0xaa,0xaa,0xaa,0xaa,0xaa,0xaa,0xaa,0xaa,0xaa,0xaa,0xaa,0xaa,
	0x69,0x6a,0x6a,0x6a,0x6a,0x6a,0x6a,0x6a,0x6a,0x6a,0x6a,0x6a,0x6a,0x6a,0x6a,0x6a,
	0x29,0x29,0x29,0x29,0x29,0x29,0x29,0x29,0x29,0x29,0x29,0x29,0x29,0x29,0x29,0x29,
	0xd1,0xd2,0xd2,0xd2,0xd2,0xd2,0xd2,0xd2,0xd2,0xd2,0xd2,0xd2,0xd2,0xd2,0xd2,0xd2,
	0x91,0x91,0x91,0x91,0x91,0x91,0x91,0x91,0x91,0x91,0x91,0x91,0x91,0x91,0x91,0x91,
	0x50,0x53,0x54,0x51,0x51,0x50,0x52,0x50,0x50,0x50,0x50,0x51,0x51,0x51,0x51,0x52,
	0x0f,0x11,0x11,0x0c,0x10,0x11,0xe6,0xe9,0xeb,0xeb,0xeb,0xeb,0xeb,0xeb,0xeb,0xeb,
	0x10,0x10,0x10,0x10,0x0f,0x11,0x10,0x0f,0x0f,0x0d,0xe6,0xe5,0xe8,0xeb,0xed,0xed,
	0xab,0xaa,0xaa,0xaa,0xaa,0xaa,0xaa,0xaa,0xaa,0xaa,0xaa,0xaa,0xaa,0xaa,0xaa,0xaa,
	0x69,0x6a,0x6a,0x6a,0x6a,0x6a,0x6a,0x6a,0x6a,0x6a,0x6a,0x6a,0x6a,0x6a,0x6a,0x6a,
	0x29,0x29,0x29,0x29,0x29,0x29,0x29,0x29,0x29,0x29,0x29,0x29,0x29,0x29,0x29,0x29,
	0xd1,0xd2,0xd2,0xd2,0xd2,0xd2,0xd2,0xd2,0xd2,0xd2,0xd2,0xd2,0xd2,0xd2,0xd2,0xd2,
	0x91,0x91,0x91,0x91,0x91,0x91,0x91,0x91,0x91,0x91,0x91,0x91,0x91,0x91,0x91,0x91,
	0x50,0x53,0x54,0x51,0x51,0x50,0x52,0x50,0x50,0x50,0x50,0x51,0x51,0x51,0x51,0x52,
	0x0f,0x11,0x11,0x0c,0x15,0x14,0x10,0xec,0xeb,0xeb,0xeb,0xeb,0xeb,0xeb,0xeb,0xeb,
	0x10,0x10,0x10,0x10,0x0e,0x12,0x10,0x0f,0x0e,0x0f,0xed,0xec,0xe8,0xec,0xed,0xed,
	0xaa,0xaa,0xaa,0xaa,0xaa,0xaa,0xaa,0xaa,0xaa,0xaa,0xaa,0xaa,0xaa,0xaa,0xaa,0xaa,
	0x69,0x6a,0x6a,0x6a,0x6a,0x6a,0x6a,0x6a,0x6a,0x6a,0x6a,0x6a,0x6a,0x6a,0x6a,0x6a,
	0x29,0x29,0x29,0x29,0x29,0x29,0x29,0x29,0x29,0x29,0x29,0x29,0x29,0x29,0x29,0x29,
	0xd1,0xd2,0xd2,0xd2,0xd2,0xd2,0xd2,0xd2,0xd2,0xd2,0xd2,0xd2,0xd2,0xd2,0xd2,0xd2,
	0x91,0x91,0x91,0x91,0x91,0x91,0x91,0x91,0x91,0x91,0x91,0x91,0x91,0x91,0x91,0x91,
	0x50,0x53,0x54,0x51,0x51,0x50,0x52,0x50,0x50,0x50,0x50,0x51,0x51,0x51,0x51,0x52,
	0x0f,0x11,0x11,0x0d,0x0f,0x0e,0x15,0xe7,0xeb,0xeb,0xeb,0xeb,0xeb,0xeb,0xeb,0xeb,
	0x10,0x10,0x10,0x10,0x0f,0x12,0x11,0x0e,0x14,0xeb,0xe8,0xe5,0xea,0xed,0xec,0xec,
	0xaa,0xaa,0xaa,0xaa,0xaa,0xaa,0xaa,0xaa,0xaa,0xaa,0xaa,0xaa,0xaa,0xaa,0xaa,0xaa,
	0x6a,0x6a,0x6a,0x6a,0x6a,0x6a,0x6a,0x6a,0x6a,0x6a,0x6a,0x6a,0x6a,0x6a,0x6a,0x6a,
	0x29,0x29,0x29,0x29,0x29,0x29,0x29,0x29,0x29,0x29,0x29,0x29,0x29,0x29,0x29,0x29,
	0xd1,0xd2,0xd2,0xd2,0xd2,0xd2,0xd2,0xd2,0xd2,0xd2,0xd2,0xd2,0xd2,0xd2,0xd2,0xd2,
	0x91,0x91,0x91,0x91,0x91,0x91,0x91,0x91,0x91,0x91,0x91,0x91,0x91,0x91,0x91,0x91,
	0x50,0x53,0x54,0x51,0x51,0x50,0x51,0x51,0x50,0x51,0x51,0x51,0x51,0x51,0x51,0x51,
	0x10,0x10,0x10,0x0f,0x10,0x10,0x10,0x10,0xec,0xed,0xec,0xea,0xeb,0xeb,0xeb,0xeb,
	0x10,0x10,0x10,0x10,0x14,0x0f,0x11,0x0e,0x15,0xe9,0xec,0xef,0xec,0xeb,0xeb,0xeb,
	0xaa,0xaa,0xaa,0xaa,0xaa,0xaa,0xaa,0xaa,0xaa,0xaa,0xaa,0xaa,0xaa,0xaa,0xaa,0xaa,
	0x6a,0x6a,0x6a,0x6a,0x6a,0x6a,0x6a,0x6a,0x6a,0x6a,0x6a,0x6a,0x6a,0x6a,0x6a,0x6a,
	0x29,0x29,0x29,0x29,0x29,0x29,0x29,0x29,0x29,0x29,0x29,0x29,0x29,0x29,0x29,0x29,
	0xd1,0xd2,0xd2,0xd2,0xd2,0xd2,0xd2,0xd2,0xd2,0xd2,0xd2,0xd2,0xd2,0xd2,0xd2,0xd2,
	0x91,0x91,0x91,0x91,0x91,0x91,0x91,0x91,0x91,0x91,0x91,0x91,0x91,0x91,0x91,0x91,
	0x50,0x53,0x54,0x51,0x51,0x51,0x51,0x51,0x50,0x51,0x51,0x51,0x51,0x51,0x51,0x51,
	0x10,0x10,0x10,0x10,0x10,0x10,0x10,0x10,0xee,0xeb,0xed,0xe7,0xeb,0xeb,0xeb,0xeb,
	0x10,0x10,0x10,0x10,0x11,0x12,0x11,0x13,0xec,0xec,0xec,0xe8,0xea,0xeb,0xeb,0xeb,
	0xaa,0xaa,0xaa,0xaa,0xaa,0xaa,0xaa,0xaa,0xaa,0xaa,0xaa,0xaa,0xaa,0xaa,0xaa,0xaa,
	0x6a,0x6a,0x6a,0x6a,0x6a,0x6a,0x6a,0x6a,0x6a,0x6a,0x6a,0x6a,0x6a,0x6a,0x6a,0x6a,
	0x29,0x29,0x29,0x29,0x29,0x29,0x29,0x29,0x29,0x29,0x29,0x29,0x29,0x29,0x29,0x29,
	0xd1,0xd2,0xd2,0xd2,0xd2,0xd2,0xd2,0xd2,0xd2,0xd2,0xd2,0xd2,0xd2,0xd2,0xd2,0xd2,
	0x91,0x91,0x91,0x91,0x91,0x91,0x91,0x91,0x91,0x91,0x91,0x91,0x91,0x91,0x91,0x91,
	0x51,0x53,0x53,0x51,0x51,0x51,0x51,0x51,0x50,0x51,0x51,0x51,0x51,0x51,0x51,0x51,
	0x10,0x10,0x10,0x10,0x10,0x10,0x10,0x10,0x13,0xee,0xee,0xed,0xeb,0xeb,0xeb,0xeb,
	0x10,0x10,0x10,0x10,0x0e,0x0f,0x13,0xeb,0xee,0xef,0xea,0xe9,0xeb,0xeb,0xeb,0xeb,
	0xaa,0xaa,0xaa,0xaa,0xaa,0xaa,0xaa,0xaa,0xaa,0xaa,0xaa,0xaa,0xaa,0xaa,0xaa,0xaa,
	0x6a,0x6a,0x6a,0x6a,0x6a,0x6a,0x6a,0x6a,0x6a,0x6a,0x6a,0x6a,0x6a,0x6a,0x6a,0x6a,
	0x29,0x29,0x29,0x29,0x29,0x29,0x29,0x29,0x29,0x29,0x29,0x29,0x29,0x29,0x29,0x29,
	0xd1,0xd2,0xd2,0xd2,0xd2,0xd2,0xd2,0xd2,0xd2,0xd2,0xd2,0xd2,0xd2,0xd2,0xd2,0xd2,
	0x91,0x91,0x91,0x91,0x91,0x91,0x91,0x91,0x91,0x91,0x91,0x91,0x91,0x91,0x91,0x91,
	0x51,0x53,0x53,0x51,0x51,0x51,0x51,0x51,0x51,0x51,0x51,0x51,0x51,0x51,0x51,0x51,
	0x10,0x10,0x10,0x10,0x10,0x10,0x10,0x10,0x0f,0x16,0xec,0xed,0xeb,0xeb,0xeb,0xeb,
	0x10,0x10,0x0f,0x0f,0x10,0x0d,0x12,0xef,0xee,0xee,0xeb,0xea,0xeb,0xeb,0xeb,0xeb,
	0xaa,0xaa,0xaa,0xaa,0xaa,0xaa,0xaa,0xaa,0xaa,0xaa,0xaa,0xaa,0xaa,0xaa,0xaa,0xaa,
	0x6a,0x6a,0x6a,0x6a,0x6a,0x6a,0x6a,0x6a,0x6a,0x6a,0x6a,0x6a,0x6a,0x6a,0x6a,0x6a,
	0x29,0x29,0x29,0x29,0x29,0x29,0x29,0x29,0x29,0x29,0x29,0x29,0x29,0x29,0x29,0x29,
	0xd1,0xd2,0xd2,0xd2,0xd2,0xd2,0xd2,0xd2,0xd2,0xd2,0xd2,0xd2,0xd2,0xd2,0xd2,0xd2,
	0x91,0x91,0x91,0x91,0x91,0x91,0x91,0x91,0x91,0x91,0x91,0x91,0x91,0x91,0x91,0x91,
	0x51,0x53,0x53,0x51,0x51,0x51,0x51,0x51,0x51,0x51,0x51,0x51,0x51,0x51,0x51,0x51,
	0x10,0x10,0x10,0x10,0x10,0x10,0x10,0x10,0x0f,0x0d,0xee,0xeb,0xeb,0xeb,0xeb,0xeb,
	0x10,0x10,0x0f,0x0f,0x13,0x15,0xeb,0xed,0xed,0xed,0xeb,0xeb,0xeb,0xeb,0xeb,0xeb,
	0xaa,0xaa,0xaa,0xaa,0xaa,0xaa,0xaa,0xaa,0xaa,0xaa,0xaa,0xaa,0xaa,0xaa,0xaa,0xaa,
	0x6a,0x6a,0x6a,0x6a,0x6a,0x6a,0x6a,0x6a,0x6a,0x6a,0x6a,0x6a,0x6a,0x6a,0x6a,0x6a,
	0x29,0x29,0x29,0x29,0x29,0x29,0x29,0x29,0x29,0x29,0x29,0x29,0x29,0x29,0x29,0x29,
	0xd1,0xd2,0xd2,0xd2,0xd2,0xd2,0xd2,0xd2,0xd2,0xd2,0xd2,0xd2,0xd2,0xd2,0xd2,0xd2,
	0x91,0x91,0x91,0x91,0x91,0x91,0x91,0x91,0x91,0x91,0x91,0x91,0x91,0x91,0x91,0x91,
	0x51,0x53,0x53,0x51,0x51,0x51,0x51,0x51,0x51,0x51,0x51,0x51,0x51,0x51,0x51,0x51,
	0x10,0x10,0x10,0x10,0x10,0x10,0x10,0x10,0x14,0x11,0x0f,0xea,0xeb,0xeb,0xeb,0xeb,
	0x10,0x10,0x0f,0x0f,0x11,0x0e,0xea,0xea,0xeb,0xec,0xeb,0xeb,0xeb,0xeb,0xeb,0xeb,
	0xaa,0xaa,0xaa,0xaa,0xaa,0xaa,0xaa,0xaa,0xaa,0xaa,0xaa,0xaa,0xaa,0xaa,0xaa,0xaa,
	0x6a,0x6a,0x6a,0x6a,0x6a,0x6a,0x6a,0x6a,0x6a,0x6a,0x6a,0x6a,0x6a,0x6a,0x6a,0x6a,
	0x29,0x29,0x29,0x29,0x29,0x29,0x29,0x29,0x29,0x29,0x29,0x29,0x29,0x29,0x29,0x29,
	0xd1,0xd2,0xd2,0xd2,0xd2,0xd2,0xd2,0xd2,0xd2,0xd2,0xd2,0xd2,0xd2,0xd2,0xd2,0xd2,
	0x91,0x91,0x91,0x91,0x91,0x91,0x91,0x91,0x91,0x91,0x91,0x91,0x91,0x91,0x91,0x91,
	0x51,0x53,0x53,0x51,0x51,0x51,0x51,0x51,0x51,0x51,0x51,0x51,0x51,0x51,0x51,0x51,
	0x10,0x10,0x10,0x10,0x10,0x10,0x10,0x10,0x10,0x10,0x13,0xec,0xeb,0xeb,0xeb,0xeb,
	0x10,0x10,0x0f,0x0f,0x0f,0x13,0xec,0xec,0xeb,0xec,0xeb,0xeb,0xeb,0xeb,0xeb,0xeb,
	0xaa,0xaa,0xaa,0xaa,0xaa,0xaa,0xaa,0xaa,0xaa,0xaa,0xaa,0xaa,0xaa,0xaa,0xaa,0xaa,
	0x6a,0x6a,0x6a,0x6a,0x6a,0x6a,0x6a,0x6a,0x6a,0x6a,0x6a,0x6a,0x6a,0x6a,0x6a,0x6a,
	0x29,0x29,0x29,0x29,0x29,0x29,0x29,0x29,0x29,0x29,0x29,0x29,0x29,0x29,0x29,0x29,
	0xd1,0xd2,0xd2,0xd2,0xd2,0xd2,0xd2,0xd2,0xd2,0xd2,0xd2,0xd2,0xd2,0xd2,0xd2,0xd2,
	0x91,0x91,0x91,0x91,0x91,0x91,0x91,0x91,0x91,0x91,0x91,0x91,0x91,0x91,0x91,0x91,
	0x51,0x53,0x53,0x51,0x51,0x51,0x51,0x51,0x51,0x51,0x51,0x51,0x51,0x51,0x51,0x51,
	0x10,0x10,0x10,0x10,0x10,0x10,0x10,0x10,0x0c,0x15,0x11,0xed,0xeb,0xeb,0xeb,0xeb,
	0x10,0x10,0x10,0x10,0x0f,0xe8,0xec,0xe9,0xec,0xeb,0xec,0xec,0xec,0xec,0xec,0xec,
	0xaa,0xaa,0xaa,0xaa,0xaa,0xaa,0xaa,0xaa,0xaa,0xaa,0xaa,0xaa,0xaa,0xaa,0xaa,0xaa,
	0x6a,0x6a,0x6a,0x6a,0x6a,0x6a,0x6a,0x6a,0x6a,0x6a,0x6a,0x6a,0x6a,0x6a,0x6a,0x6a,
	0x29,0x29,0x29,0x29,0x29,0x29,0x29,0x29,0x29,0x29,0x29,0x29,0x29,0x29,0x29,0x29,
	0xd1,0xd2,0xd2,0xd2,0xd2,0xd2,0xd2,0xd2,0xd2,0xd2,0xd2,0xd2,0xd2,0xd2,0xd2,0xd2,
	0x91,0x91,0x91,0x91,0x91,0x91,0x91,0x91,0x91,0x91,0x91,0x91,0x91,0x91,0x91,0x91,
	0x51,0x53,0x53,0x51,0x51,0x51,0x51,0x51,0x51,0x51,0x51,0x51,0x51,0x51,0x51,0x51,
	0x10,0x10,0x10,0x10,0x10,0x10,0x10,0x10,0x0f,0x11,0x11,0x10,0xee,0xf1,0xec,0xec,
	0x10,0x10,0x10,0x10,0x15,0xeb,0xf1,0xed,0xeb,0xeb,0xeb,0xeb,0xeb,0xeb,0xeb,0xeb,
	0xaa,0xaa,0xaa,0xaa,0xaa,0xaa,0xaa,0xaa,0xaa,0xaa,0xaa,0xaa,0xaa,0xaa,0xaa,0xaa,
	0x6a,0x6a,0x6a,0x6a,0x6a,0x6a,0x6a,0x6a,0x6a,0x6a,0x6a,0x6a,0x6a,0x6a,0x6a,0x6a,
	0x29,0x29,0x29,0x29,0x29,0x29,0x29,0x29,0x29,0x29,0x29,0x29,0x29,0x29,0x29,0x29,
	0xd1,0xd2,0xd2,0xd2,0xd2,0xd2,0xd2,0xd2,0xd2,0xd2,0xd2,0xd2,0xd2,0xd2,0xd2,0xd2,
	0x91,0x91,0x91,0x91,0x91,0x91,0x91,0x91,0x91,0x91,0x91,0x91,0x91,0x91,0x91,0x91,
	0x51,0x53,0x53,0x51,0x51,0x51,0x51,0x51,0x51,0x51,0x51,0x51,0x51,0x51,0x51,0x51,
	0x10,0x10,0x10,0x10,0x10,0x10,0x10,0x10,0x10,0x10,0x10,0x10,0xeb,0xef,0xed,0xee,
	0x10,0x10,0x10,0x10,0xee,0xef,0xef,0xe4,0xeb,0xeb,0xeb,0xeb,0xeb,0xeb,0xeb,0xeb,
	0xaa,0xaa,0xaa,0xaa,0xaa,0xaa,0xaa,0xaa,0xaa,0xaa,0xaa,0xaa,0xaa,0xaa,0xaa,0xaa,
	0x6a,0x6a,0x6a,0x6a,0x6a,0x6a,0x6a,0x6a,0x6a,0x6a,0x6a,0x6a,0x6a,0x6a,0x6a,0x6a,
	0x29,0x29,0x29,0x29,0x29,0x29,0x29,0x29,0x29,0x29,0x29,0x29,0x29,0x29,0x29,0x29,
	0xd1,0xd2,0xd2,0xd2,0xd2,0xd2,0xd2,0xd2,0xd2,0xd2,0xd2,0xd2,0xd2,0xd2,0xd2,0xd2,
	0x91,0x91,0x91,0x91,0x91,0x91,0x91,0x91,0x91,0x91,0x91,0x91,0x91,0x91,0x91,0x91,
	0x51,0x53,0x53,0x51,0x51,0x51,0x51,0x51,0x51,0x51,0x51,0x51,0x51,0x51,0x51,0x51,
	0x10,0x10,0x10,0x10,0x10,0x10,0x10,0x10,0x10,0x10,0x10,0x10,0x14,0xe6,0xee,0xea,
	0x10,0x10,0x10,0x10,0xef,0xed,0xe6,0xed,0xeb,0xeb,0xeb,0xeb,0xeb,0xeb,0xeb,0xeb,
	0xaa,0xaa,0xaa,0xaa,0xaa,0xaa,0xaa,0xaa,0xaa,0xaa,0xaa,0xaa,0xaa,0xaa,0xaa,0xaa,
	0x6a,0x6a,0x6a,0x6a,0x6a,0x6a,0x6a,0x6a,0x6a,0x6a,0x6a,0x6a,0x6a,0x6a,0x6a,0x6a,
	0x29,0x29,0x29,0x29,0x29,0x29,0x29,0x29,0x29,0x29,0x29,0x29,0x29,0x29,0x29,0x29,
	0xd1,0xd2,0xd2,0xd2,0xd2,0xd2,0xd2,0xd2,0xd2,0xd2,0xd2,0xd2,0xd2,0xd2,0xd2,0xd2,
	0x91,0x91,0x91,0x91,0x91,0x91,0x91,0x91,0x91,0x91,0x91,0x91,0x91,0x91,0x91,0x91,
	0x51,0x53,0x53,0x51,0x51,0x51,0x51,0x51,0x51,0x51,0x51,0x51,0x51,0x51,0x51,0x51,
	0x10,0x10,0x10,0x10,0x10,0x10,0x10,0x10,0x10,0x10,0x10,0x10,0x0d,0xe9,0xee,0xeb,
	0x11,0x14,0x0e,0x10,0xe9,0xee,0xeb,0xeb,0xeb,0xeb,0xeb,0xeb,0xeb,0xeb,0xeb,0xeb,
	0xaa,0xaa,0xaa,0xaa,0xaa,0xaa,0xaa,0xaa,0xaa,0xaa,0xaa,0xaa,0xaa,0xaa,0xaa,0xaa,
	0x6a,0x6a,0x6a,0x6a,0x6a,0x6a,0x6a,0x6a,0x6a,0x6a,0x6a,0x6a,0x6a,0x6a,0x6a,0x6a,
	0x29,0x29,0x29,0x29,0x29,0x29,0x29,0x29,0x29,0x29,0x29,0x29,0x29,0x29,0x29,0x29,
	0xd1,0xd2,0xd2,0xd2,0xd2,0xd2,0xd2,0xd2,0xd2,0xd2,0xd2,0xd2,0xd2,0xd2,0xd2,0xd2,
	0x91,0x91,0x91,0x91,0x91,0x91,0x91,0x91,0x91,0x91,0x91,0x91,0x91,0x91,0x91,0x91,
	0x51,0x53,0x53,0x51,0x51,0x51,0x51,0x51,0x51,0x51,0x51,0x51,0x51,0x51,0x51,0x51,
	0x10,0x10,0x10,0x10,0x10,0x10,0x10,0x10,0x10,0x10,0x10,0x10,0x10,0xe9,0xed,0xef,
	0x0f,0x13,0x0e,0xe9,0xee,0xeb,0xeb,0xeb,0xeb,0xeb,0xeb,0xeb,0xeb,0xeb,0xeb,0xeb,
	0xaa,0xaa,0xaa,0xaa,0xaa,0xaa,0xaa,0xaa,0xaa,0xaa,0xaa,0xaa,0xaa,0xaa,0xaa,0xaa,
	0x6a,0x6a,0x6a,0x6a,0x6a,0x6a,0x6a,0x6a,0x6a,0x6a,0x6a,0x6a,0x6a,0x6a,0x6a,0x6a,
	0x29,0x29,0x29,0x29,0x29,0x29,0x29,0x29,0x29,0x29,0x29,0x29,0x29,0x29,0x29,0x29,
	0xd1,0xd2,0xd2,0xd2,0xd2,0xd2,0xd2,0xd2,0xd2,0xd2,0xd2,0xd2,0xd2,0xd2,0xd2,0xd2,
	0x91,0x91,0x91,0x91,0x91,0x91,0x91,0x91,0x91,0x91,0x91,0x91,0x91,0x91,0x91,0x91,
	0x51,0x53,0x53,0x51,0x51,0x51,0x51,0x51,0x51,0x51,0x51,0x51,0x51,0x51,0x51,0x51,
	0x10,0x10,0x10,0x10,0x10,0x10,0x10,0x10,0x10,0x10,0x10,0x10,0x11,0x17,0xe6,0xe9,
	0x14,0x10,0x10,0xee,0xeb,0xeb,0xeb,0xeb,0xeb,0xeb,0xeb,0xeb,0xeb,0xeb,0xeb,0xeb,
	0xaa,0xaa,0xaa,0xaa,0xaa,0xaa,0xaa,0xaa,0xaa,0xaa,0xaa,0xaa,0xaa,0xaa,0xaa,0xaa,
	0x6a,0x6a,0x6a,0x6a,0x6a,0x6a,0x6a,0x6a,0x6a,0x6a,0x6a,0x6a,0x6a,0x6a,0x6a,0x6a,
	0x29,0x29,0x29,0x29,0x29,0x29,0x29,0x29,0x29,0x29,0x29,0x29,0x29,0x29,0x29,0x29,
	0xd1,0xd2,0xd2,0xd2,0xd2,0xd2,0xd2,0xd2,0xd2,0xd2,0xd2,0xd2,0xd2,0xd2,0xd2,0xd2,
	0x91,0x91,0x91,0x91,0x91,0x91,0x91,0x91,0x91,0x91,0x91,0x91,0x91,0x91,0x91,0x91,
	0x51,0x53,0x53,0x51,0x51,0x51,0x51,0x51,0x51,0x51,0x51,0x51,0x51,0x51,0x51,0x51,
	0x10,0x10,0x10,0x10,0x10,0x10,0x10,0x10,0x10,0x10,0x10,0x10,0x13,0x0f,0xe7,0xed,
	0x13,0x12,0x14,0xeb,0xeb,0xeb,0xeb,0xeb,0xeb,0xeb,0xeb,0xeb,0xeb,0xeb,0xeb,0xeb,
	0xaa,0xaa,0xaa,0xaa,0xaa,0xaa,0xaa,0xaa,0xaa,0xaa,0xaa,0xaa,0xaa,0xaa,0xaa,0xaa,
	0x6a,0x6a,0x6a,0x6a,0x6a,0x6a,0x6a,0x6a,0x6a,0x6a,0x6a,0x6a,0x6a,0x6a,0x6a,0x6a,
	0x29,0x29,0x29,0x29,0x29,0x29,0x29,0x29,0x29,0x29,0x29,0x29,0x29,0x29,0x29,0x29,
	0xd1,0xd2,0xd2,0xd2,0xd2,0xd2,0xd2,0xd2,0xd2,0xd2,0xd2,0xd2,0xd2,0xd2,0xd2,0xd2,
	0x91,0x91,0x91,0x91,0x91,0x91,0x91,0x91,0x91,0x91,0x91,0x91,0x91,0x91,0x91,0x91,
	0x51,0x53,0x53,0x51,0x51,0x51,0x51,0x51,0x51,0x51,0x51,0x51,0x51,0x51,0x51,0x51,
	0x10,0x10,0x10,0x10,0x10,0x10,0x10,0x10,0x10,0x10,0x10,0x10,0x10,0x12,0xec,0xea,
	0x13,0x0d,0x0d,0xea,0xeb,0xeb,0xeb,0xeb,0xeb,0xeb,0xeb,0xeb,0xeb,0xeb,0xeb,0xeb,
	0xaa,0xaa,0xaa,0xaa,0xaa,0xaa,0xaa,0xaa,0xaa,0xaa,0xaa,0xaa,0xaa,0xaa,0xaa,0xaa,
	0x6a,0x6a,0x6a,0x6a,0x6a,0x6a,0x6a,0x6a,0x6a,0x6a,0x6a,0x6a,0x6a,0x6a,0x6a,0x6a,
	0x29,0x29,0x29,0x29,0x29,0x29,0x29,0x29,0x29,0x29,0x29,0x29,0x29,0x29,0x29,0x29,
	0xd1,0xd2,0xd2,0xd2,0xd2,0xd2,0xd2,0xd2,0xd2,0xd2,0xd2,0xd2,0xd2,0xd2,0xd2,0xd2,
	0x91,0x91,0x91,0x91,0x91,0x91,0x91,0x91,0x91,0x91,0x91,0x91,0x91,0x91,0x91,0x91,
	0x51,0x53,0x53,0x51,0x51,0x51,0x51,0x51,0x51,0x51,0x51,0x51,0x51,0x51,0x51,0x51,
	0x10,0x10,0x10,0x10,0x10,0x10,0x10,0x10,0x10,0x10,0x10,0x10,0x0e,0x11,0xec,0xee,
	0x13,0x13,0xe5,0xe6,0xeb,0xeb,0xeb,0xeb,0xeb,0xeb,0xeb,0xeb,0xeb,0xeb,0xeb,0xeb,
	0xaa,0xaa,0xaa,0xaa,0xaa,0xaa,0xaa,0xaa,0xaa,0xaa,0xaa,0xaa,0xaa,0xaa,0xaa,0xaa,
	0x6a,0x6a,0x6a,0x6a,0x6a,0x6a,0x6a,0x6a,0x6a,0x6a,0x6a,0x6a,0x6a,0x6a,0x6a,0x6a,
	0x29,0x29,0x29,0x29,0x29,0x29,0x29,0x29,0x29,0x29,0x29,0x29,0x29,0x29,0x29,0x29,
	0xd1,0xd2,0xd2,0xd2,0xd2,0xd2,0xd2,0xd2,0xd2,0xd2,0xd2,0xd2,0xd2,0xd2,0xd2,0xd2,
	0x91,0x91,0x91,0x91,0x91,0x91,0x91,0x91,0x91,0x91,0x91,0x91,0x91,0x91,0x91,0x91,
	0x51,0x53,0x53,0x51,0x51,0x51,0x51,0x51,0x51,0x51,0x51,0x51,0x51,0x51,0x51,0x51,
	0x10,0x10,0x10,0x10,0x10,0x10,0x10,0x10,0x10,0x10,0x10,0x10,0x13,0x11,0x16,0xe8,
	0x13,0x0e,0xe7,0xe6,0xeb,0xeb,0xeb,0xeb,0xeb,0xeb,0xeb,0xeb,0xeb,0xeb,0xeb,0xeb,
	0xaa,0xaa,0xaa,0xaa,0xaa,0xaa,0xaa,0xaa,0xaa,0xaa,0xaa,0xaa,0xaa,0xaa,0xaa,0xaa,
	0x6a,0x6a,0x6a,0x6a,0x6a,0x6a,0x6a,0x6a,0x6a,0x6a,0x6a,0x6a,0x6a,0x6a,0x6a,0x6a,
	0x29,0x29,0x29,0x29,0x29,0x29,0x29,0x29,0x29,0x29,0x29,0x29,0x29,0x29,0x29,0x29,
	0xd1,0xd2,0xd2,0xd2,0xd2,0xd2,0xd2,0xd2,0xd2,0xd2,0xd2,0xd2,0xd2,0xd2,0xd2,0xd2,
	0x91,0x91,0x91,0x91,0x91,0x91,0x91,0x91,0x91,0x91,0x91,0x91,0x91,0x91,0x91,0x91,
	0x51,0x53,0x53,0x51,0x51,0x51,0x51,0x51,0x51,0x51,0x51,0x51,0x51,0x51,0x51,0x51,
	0x10,0x10,0x10,0x10,0x10,0x10,0x10,0x10,0x10,0x10,0x10,0x10,0x0d,0x11,0x13,0xea,
	0x11,0x13,0xec,0xeb,0xeb,0xeb,0xeb,0xeb,0xeb,0xeb,0xeb,0xeb,0xeb,0xeb,0xeb,0xeb,
	0xaa,0xaa,0xaa,0xaa,0xaa,0xaa,0xaa,0xaa,0xaa,0xaa,0xaa,0xaa,0xaa,0xaa,0xaa,0xaa,
	0x6a,0x6a,0x6a,0x6a,0x6a,0x6a,0x6a,0x6a,0x6a,0x6a,0x6a,0x6a,0x6a,0x6a,0x6a,0x6a,
	0x29,0x29,0x29,0x29,0x29,0x29,0x29,0x29,0x29,0x29,0x29,0x29,0x29,0x29,0x29,0x29,
	0xd1,0xd2,0xd2,0xd2,0xd2,0xd2,0xd2,0xd2,0xd2,0xd2,0xd2,0xd2,0xd2,0xd2,0xd2,0xd2,
	0x91,0x91,0x91,0x91,0x91,0x91,0x91,0x91,0x91,0x91,0x91,0x91,0x91,0x91,0x91,0x91,
	0x51,0x53,0x53,0x51,0x51,0x51,0x51,0x51,0x51,0x51,0x51,0x51,0x51,0x51,0x51,0x51,
	0x10,0x10,0x10,0x10,0x10,0x10,0x10,0x10,0x10,0x10,0x10,0x10,0x16,0x0a,0x0f,0xeb,
	0x10,0x0e,0xee,0xe6,0xeb,0xeb,0xeb,0xeb,0xeb,0xeb,0xeb,0xeb,0xeb,0xeb,0xeb,0xeb,
	0xaa,0xaa,0xaa,0xaa,0xaa,0xaa,0xaa,0xaa,0xaa,0xaa,0xaa,0xaa,0xaa,0xaa,0xaa,0xaa,
	0x6a,0x6a,0x6a,0x6a,0x6a,0x6a,0x6a,0x6a,0x6a,0x6a,0x6a,0x6a,0x6a,0x6a,0x6a,0x6a,
	0x29,0x29,0x29,0x29,0x29,0x29,0x29,0x29,0x29,0x29,0x29,0x29,0x29,0x29,0x29,0x29,
	0xd1,0xd2,0xd2,0xd2,0xd2,0xd2,0xd2,0xd2,0xd2,0xd2,0xd2,0xd2,0xd2,0xd2,0xd2,0xd2,
	0x91,0x91,0x91,0x91,0x91,0x91,0x91,0x91,0x91,0x91,0x91,0x91,0x91,0x91,0x91,0x91,
	0x51,0x53,0x53,0x51,0x51,0x51,0x51,0x51,0x51,0x51,0x51,0x51,0x51,0x51,0x51,0x51,
	0x10,0x10,0x10,0x10,0x10,0x10,0x10,0x10,0x10,0x10,0x10,0x10,0x13,0x0e,0x11,0xe9,
	0x10,0xea,0xec,0xe9,0xeb,0xeb,0xeb,0xeb,0xeb,0xeb,0xeb,0xeb,0xeb,0xeb,0xeb,0xeb,
	0xaa,0xaa,0xaa,0xaa,0xaa,0xaa,0xaa,0xaa,0xaa,0xaa,0xaa,0xaa,0xaa,0xaa,0xaa,0xaa,
	0x6a,0x6a,0x6a,0x6a,0x6a,0x6a,0x6a,0x6a,0x6a,0x6a,0x6a,0x6a,0x6a,0x6a,0x6a,0x6a,
	0x29,0x29,0x29,0x29,0x29,0x29,0x29,0x29,0x29,0x29,0x29,0x29,0x29,0x29,0x29,0x29,
	0xd1,0xd2,0xd2,0xd2,0xd2,0xd2,0xd2,0xd2,0xd2,0xd2,0xd2,0xd2,0xd2,0xd2,0xd2,0xd2,
	0x91,0x91,0x91,0x91,0x91,0x91,0x91,0x91,0x91,0x91,0x91,0x91,0x91,0x91,0x91,0x91,
	0x51,0x53,0x53,0x51,0x51,0x51,0x51,0x51,0x51,0x51,0x51,0x51,0x51,0x51,0x51,0x51,
	0x10,0x10,0x10,0x10,0x10,0x10,0x10,0x10,0x10,0x10,0x10,0x10,0x11,0x09,0x10,0x0e,
	0x0f,0xe6,0xe8,0xef,0xeb,0xeb,0xeb,0xeb,0xeb,0xeb,0xeb,0xeb,0xeb,0xeb,0xeb,0xeb,
	0xaa,0xaa,0xaa,0xaa,0xaa,0xaa,0xaa,0xaa,0xaa,0xaa,0xaa,0xaa,0xaa,0xaa,0xaa,0xaa,
	0x6a,0x6a,0x6a,0x6a,0x6a,0x6a,0x6a,0x6a,0x6a,0x6a,0x6a,0x6a,0x6a,0x6a,0x6a,0x6a,
	0x29,0x29,0x29,0x29,0x29,0x29,0x29,0x29,0x29,0x29,0x29,0x29,0x29,0x29,0x29,0x29,
	0xd1,0xd2,0xd2,0xd2,0xd2,0xd2,0xd2,0xd2,0xd2,0xd2,0xd2,0xd2,0xd2,0xd2,0xd2,0xd2,
	0x91,0x91,0x91,0x91,0x91,0x91,0x91,0x91,0x91,0x91,0x91,0x91,0x91,0x91,0x91,0x91,
	0x51,0x53,0x53,0x51,0x51,0x51,0x51,0x51,0x51,0x51,0x51,0x51,0x51,0x51,0x51,0x51,
	0x10,0x10,0x10,0x10,0x10,0x10,0x10,0x10,0x10,0x10,0x10,0x10,0x0f,0x0f,0x10,0x10,
	0x11,0xea,0xe5,0xec,0xeb,0xeb,0xeb,0xeb,0xeb,0xeb,0xeb,0xeb,0xeb,0xeb,0xeb,0xeb,
	0xaa,0xaa,0xaa,0xaa,0xaa,0xaa,0xaa,0xaa,0xaa,0xaa,0xaa,0xaa,0xaa,0xaa,0xaa,0xaa,
	0x6a,0x6a,0x6a,0x6a,0x6a,0x6a,0x6a,0x6a,0x6a,0x6a,0x6a,0x6a,0x6a,0x6a,0x6a,0x6a,
	0x29,0x29,0x29,0x29,0x29,0x29,0x29,0x29,0x29,0x29,0x29,0x29,0x29,0x29,0x29,0x29,
	0xd1,0xd2,0xd2,0xd2,0xd2,0xd2,0xd2,0xd2,0xd2,0xd2,0xd2,0xd2,0xd2,0xd2,0xd2,0xd2,
	0x91,0x91,0x91,0x91,0x91,0x91,0x91,0x91,0x91,0x91,0x91,0x91,0x91,0x91,0x91,0x91,
	0x52,0x53,0x52,0x51,0x51,0x51,0x51,0x51,0x51,0x51,0x51,0x51,0x51,0x51,0x51,0x51,
	0x10,0x10,0x10,0x10,0x10,0x10,0x10,0x10,0x10,0x10,0x10,0x10,0x0f,0x0f,0x11,0x0d,
	0x11,0xeb,0xe9,0xeb,0xea,0xeb,0xeb,0xeb,0xec,0xeb,0xeb,0xeb,0xeb,0xeb,0xeb,0xeb,
	0xaa,0xaa,0xaa,0xaa,0xaa,0xaa,0xaa,0xaa,0xaa,0xaa,0xaa,0xaa,0xaa,0xaa,0xaa,0xaa,
	0x6a,0x6a,0x6a,0x6a,0x6a,0x6a,0x6a,0x6a,0x6a,0x6a,0x6a,0x6a,0x6a,0x6a,0x6a,0x6a,
	0x29,0x29,0x29,0x29,0x29,0x29,0x29,0x29,0x29,0x29,0x29,0x29,0x29,0x29,0x29,0x29,
	0xd1,0xd2,0xd2,0xd2,0xd2,0xd2,0xd2,0xd2,0xd2,0xd2,0xd2,0xd2,0xd2,0xd2,0xd2,0xd2,
	0x91,0x91,0x91,0x91,0x91,0x91,0x91,0x91,0x8e,0x94,0x92,0x93,0x92,0x94,0x94,0x8d,
	0x52,0x53,0x52,0x51,0x51,0x51,0x51,0x51,0x51,0x51,0x51,0x51,0x51,0x51,0x51,0x51,
	0x10,0x10,0x10,0x10,0x10,0x10,0x10,0x10,0x10,0x10,0x10,0x10,0x10,0x0f,0x11,0x0f,
	0x10,0xea,0xea,0xea,0xea,0xeb,0xeb,0xeb,0xec,0xeb,0xeb,0xeb,0xeb,0xeb,0xeb,0xeb,
	0xaa,0xaa,0xaa,0xaa,0xaa,0xaa,0xaa,0xaa,0xaa,0xaa,0xaa,0xaa,0xaa,0xaa,0xaa,0xaa,
	0x6a,0x6a,0x6a,0x6a,0x6a,0x6a,0x6a,0x6a,0x6a,0x6a,0x6a,0x6a,0x6a,0x6a,0x6a,0x6a,
	0x29,0x29,0x29,0x29,0x29,0x29,0x29,0x29,0x29,0x29,0x29,0x29,0x29,0x29,0x29,0x29,
	0xd1,0xd2,0xd2,0xd2,0xd2,0xd2,0xd2,0xd2,0xd2,0xd2,0xd2,0xd2,0xd2,0xd2,0xd2,0xd2,
	0x91,0x91,0x91,0x91,0x91,0x91,0x91,0x91,0x13,0xee,0xe8,0xec,0xe9,0xeb,0x13,0x10,
	0x53,0x52,0x51,0x51,0x51,0x51,0x51,0x51,0x51,0x51,0x51,0x51,0x51,0x51,0x51,0x51,
	0x10,0x10,0x10,0x10,0x10,0x10,0x10,0x10,0x10,0x10,0x10,0x10,0x10,0x10,0x10,0x10,
	0x10,0xea,0xea,0xea,0xea,0xeb,0xeb,0xeb,0xec,0xeb,0xeb,0xeb,0xeb,0xeb,0xeb,0xeb,
	0xaa,0xaa,0xaa,0xaa,0xaa,0xaa,0xaa,0xaa,0xaa,0xaa,0xaa,0xaa,0xaa,0xaa,0xaa,0xaa,
	0x6a,0x6a,0x6a,0x6a,0x6a,0x6a,0x6a,0x6a,0x6a,0x6a,0x6a,0x6a,0x6a,0x6a,0x6a,0x6a,
	0x29,0x29,0x29,0x29,0x29,0x29,0x29,0x29,0x29,0x29,0x29,0x29,0x29,0x29,0x29,0x29,
	0xd1,0xd2,0xd2,0xd2,0xd2,0xd2,0xd2,0xd2,0xd2,0xd2,0xd2,0xd2,0xd2,0xd2,0xd2,0xd2,
	0x91,0x91,0x91,0x91,0x91,0x91,0x91,0x91,0xe9,0x14,0x11,0x14,0x13,0x0e,0xe7,0x0f,
	0x52,0x51,0x51,0x51,0x51,0x51,0x51,0x51,0x51,0x51,0x51,0x51,0x51,0x51,0x51,0x51,
	0x10,0x10,0x10,0x10,0x10,0x10,0x10,0x10,0x10,0x10,0x10,0x10,0x10,0x10,0x10,0x10,
	0x10,0xea,0xea,0xea,0xea,0xeb,0xeb,0xeb,0xec,0xeb,0xeb,0xeb,0xeb,0xeb,0xeb,0xeb,
	0xaa,0xaa,0xaa,0xaa,0xaa,0xaa,0xaa,0xaa,0xaa,0xaa,0xaa,0xaa,0xaa,0xaa,0xaa,0xaa,
	0x6a,0x6a,0x6a,0x6a,0x6a,0x6a,0x6a,0x6a,0x6a,0x6a,0x6a,0x6a,0x6a,0x6a,0x6a,0x6a,
	0x29,0x29,0x29,0x29,0x29,0x29,0x29,0x29,0x29,0x29,0x29,0x29,0x29,0x29,0x29,0x29,
	0xd1,0xd2,0xd2,0xd2,0xd2,0xd2,0xd2,0xd2,0xd2,0xd2,0xd2,0xd2,0xd2,0xd2,0xd2,0xd2,
	0x91,0x91,0x91,0x91,0x91,0x91,0x91,0x91,0xe9,0x11,0x11,0x0f,0x11,0x0f,0xea,0x0f,
	0x51,0x51,0x51,0x51,0x51,0x51,0x51,0x51,0x51,0x51,0x51,0x51,0x51,0x51,0x51,0x51,
	0x10,0x10,0x10,0x10,0x10,0x10,0x10,0x10,0x10,0x10,0x10,0x10,0x10,0x10,0x10,0x10,
	0x10,0xea,0xea,0xea,0xea,0xeb,0xeb,0xeb,0xec,0xeb,0xeb,0xeb,0xeb,0xeb,0xeb,0xeb,
	0xaa,0xaa,0xaa,0xaa,0xaa,0xaa,0xaa,0xaa,0xaa,0xaa,0xaa,0xaa,0xaa,0xaa,0xaa,0xaa,
	0x6a,0x6a,0x6a,0x6a,0x6a,0x6a,0x6a,0x6a,0x6a,0x6a,0x6a,0x6a,0x6a,0x6a,0x6a,0x6a,
	0x29,0x29,0x29,0x29,0x29,0x29,0x29,0x29,0x29,0x29,0x29,0x29,0x29,0x29,0x29,0x29,
	0xd1,0xd2,0xd2,0xd2,0xd2,0xd2,0xd2,0xd2,0xd2,0xd2,0xd2,0xd2,0xd2,0xd2,0xd2,0xd2,
	0x91,0x91,0x91,0x91,0x91,0x91,0x91,0x91,0xeb,0x13,0x0e,0x11,0x0c,0x11,0xea,0x0b,
	0x51,0x51,0x51,0x51,0x51,0x51,0x51,0x51,0x51,0x51,0x51,0x51,0x51,0x51,0x51,0x51,
	0x10,0x10,0x10,0x10,0x10,0x10,0x10,0x10,0x10,0x10,0x10,0x10,0x10,0x10,0x10,0x10,
	0x10,0xea,0xea,0xea,0xea,0xeb,0xeb,0xeb,0xec,0xeb,0xeb,0xeb,0xeb,0xeb,0xeb,0xeb,
	0xaa,0xaa,0xaa,0xaa,0xaa,0xaa,0xaa,0xaa,0xaa,0xaa,0xaa,0xaa,0xaa,0xaa,0xaa,0xaa,
	0x6a,0x6a,0x6a,0x6a,0x6a,0x6a,0x6a,0x6a,0x6a,0x6a,0x6a,0x6a,0x6a,0x6a,0x6a,0x6a,
	0x29,0x29,0x29,0x29,0x29,0x29,0x29,0x29,0x29,0x29,0x29,0x29,0x29,0x29,0x29,0x29,
	0xd1,0xd2,0xd2,0xd2,0xd2,0xd2,0xd2,0xd2,0xd2,0xd2,0xd2,0xd2,0xd2,0xd2,0xd2,0xd2,
	0x91,0x91,0x91,0x91,0x91,0x91,0x91,0x91,0xef,0x10,0x11,0x0e,0x15,0x0d,0xed,0x12,
	0x51,0x51,0x51,0x51,0x51,0x51,0x51,0x51,0x51,0x51,0x51,0x51,0x51,0x51,0x51,0x51,
	0x10,0x10,0x10,0x10,0x10,0x10,0x10,0x10,0x10,0x10,0x10,0x10,0x10,0x10,0x10,0x10,
	0x10,0xea,0xea,0xea,0xea,0xeb,0xeb,0xeb,0xec,0xeb,0xeb,0xeb,0xeb,0xeb,0xeb,0xeb,
	0xaa,0xaa,0xaa,0xaa,0xaa,0xaa,0xaa,0xaa,0xaa,0xaa,0xaa,0xaa,0xaa,0xaa,0xaa,0xaa,
	0x6a,0x6a,0x6a,0x6a,0x6a,0x6a,0x6a,0x6a,0x6a,0x6a,0x6a,0x6a,0x6a,0x6a,0x6a,0x6a,
	0x29,0x29,0x29,0x29,0x29,0x29,0x29,0x29,0x29,0x29,0x29,0x29,0x29,0x29,0x29,0x29,
	0xd1,0xd2,0xd2,0xd2,0xd2,0xd2,0xd2,0xd2,0xd2,0xd2,0xd2,0xd2,0xd2,0xd2,0xd2,0xd2,
	0x91,0x91,0x91,0x91,0x91,0x91,0x91,0x91,0xe8,0x0e,0x0b,0x10,0x11,0x0f,0xea,0x0f,
	0x51,0x51,0x51,0x51,0x51,0x51,0x51,0x51,0x51,0x51,0x51,0x51,0x51,0x51,0x51,0x51,
	0x10,0x10,0x10,0x10,0x10,0x10,0x10,0x10,0x10,0x10,0x10,0x10,0x10,0x10,0x10,0x10,
	0x10,0xea,0xea,0xea,0xea,0xeb,0xeb,0xeb,0xec,0xeb,0xeb,0xeb,0xeb,0xeb,0xeb,0xeb,
	0xaa,0xaa,0xaa,0xaa,0xaa,0xaa,0xaa,0xaa,0xaa,0xaa,0xaa,0xaa,0xaa,0xaa,0xaa,0xaa,
	0x6a,0x6a,0x6a,0x6a,0x6a,0x6a,0x6a,0x6a,0x6a,0x6a,0x6a,0x6a,0x6a,0x6a,0x6a,0x6a,
	0x29,0x29,0x29,0x29,0x29,0x29,0x29,0x29,0x29,0x29,0x29,0x29,0x29,0x29,0x29,0x29,
	0xd1,0xd2,0xd2,0xd2,0xd2,0xd2,0xd2,0xd2,0xd2,0xd2,0xd2,0xd2,0xd2,0xd2,0xd2,0xd2,
	0x91,0x91,0x91,0x91,0x91,0x91,0x91,0x91,0x10,0x13,0x0e,0x12,0x11,0x0f,0x15,0x0f,
	0x51,0x51,0x51,0x51,0x51,0x51,0x51,0x51,0x51,0x51,0x51,0x51,0x51,0x51,0x51,0x51,
	0x10,0x10,0x10,0x10,0x10,0x10,0x10,0x10,0x10,0x10,0x10,0x10,0x10,0x10,0x10,0x10,
	0x10,0xea,0xea,0xea,0xea,0xeb,0xeb,0xeb,0xec,0xeb,0xeb,0xeb,0xeb,0xeb,0xeb,0xeb,
	0xaa,0xaa,0xaa,0xaa,0xaa,0xaa,0xaa,0xaa,0xaa,0xaa,0xaa,0xaa,0xaa,0xaa,0xaa,0xaa,
	0x6a,0x6a,0x6a,0x6a,0x6a,0x6a,0x6a,0x6a,0x6a,0x6a,0x6a,0x6a,0x6a,0x6a,0x6a,0x6a,
	0x29,0x29,0x29,0x29,0x29,0x29,0x29,0x29,0x29,0x29,0x29,0x29,0x29,0x29,0x29,0x29,
	0xd1,0xd2,0xd2,0xd2,0xd2,0xd2,0xd2,0xd2,0xd2,0xd2,0xd2,0xd2,0xd2,0xd2,0xd2,0xd2,
	0x91,0x91,0x91,0x91,0x91,0x91,0x91,0x91,0xec,0x10,0x0f,0x12,0x11,0x0f,0xf0,0x0f,
	0x51,0x51,0x51,0x51,0x51,0x51,0x51,0x51,0x51,0x51,0x51,0x51,0x51,0x51,0x51,0x51,
	0x10,0x10,0x10,0x10,0x10,0x10,0x10,0x10,0x10,0x10,0x10,0x10,0x10,0x10,0x10,0x10,
	0x10,0xea,0xea,0xea,0xea,0xeb,0xeb,0xeb,0xec,0xeb,0xeb,0xeb,0xeb,0xeb,0xeb,0xeb,
	0xaa,0xaa,0xaa,0xaa,0xaa,0xaa,0xaa,0xaa,0xaa,0xaa,0xaa,0xaa,0xaa,0xaa,0xaa,0xaa,
	0x6a,0x6a,0x6a,0x6a,0x6a,0x6a,0x6a,0x6a,0x6a,0x6a,0x6a,0x6a,0x6a,0x6a,0x6a,0x6a,
	0x29,0x29,0x29,0x29,0x29,0x29,0x29,0x29,0x29,0x29,0x29,0x29,0x29,0x29,0x29,0x29,
	0xd1,0xd2,0xd2,0xd2,0xd2,0xd2,0xd2,0xd2,0xd2,0xd2,0xd2,0xd2,0xd2,0xd2,0xd2,0xd2,
	0x91,0x91,0x91,0x91,0x91,0x91,0x91,0x91,0xe9,0x0f,0x10,0x0d,0x11,0x0f,0xe8,0x11,
	0x51,0x51,0x51,0x51,0x51,0x51,0x51,0x51,0x51,0x51,0x51,0x51,0x51,0x51,0x51,0x51,
	0x10,0x10,0x10,0x10,0x10,0x10,0x10,0x10,0x10,0x10,0x10,0x10,0x10,0x10,0x10,0x10,
	0x10,0xea,0xea,0xea,0xea,0xeb,0xeb,0xeb,0xec,0xeb,0xeb,0xeb,0xeb,0xeb,0xeb,0xeb,
	0xaa,0xaa,0xaa,0xaa,0xaa,0xaa,0xaa,0xaa,0xaa,0xaa,0xaa,0xaa,0xaa,0xaa,0xaa,0xaa,
	0x6a,0x6a,0x6a,0x6a,0x6a,0x6a,0x6a,0x6a,0x6a,0x6a,0x6a,0x6a,0x6a,0x6a,0x6a,0x6a,
	0x29,0x29,0x29,0x29,0x29,0x29,0x29,0x29,0x29,0x29,0x29,0x29,0x29,0x29,0x29,0x29,
	0xd1,0xd2,0xd2,0xd2,0xd2,0xd2,0xd2,0xd2,0xd2,0xd2,0xd2,0xd2,0xd2,0xd2,0xd2,0xd2,
	0x91,0x91,0x91,0x91,0x91,0x91,0x91,0x91,0xe7,0x13,0x0f,0x0c,0x10,0x0f,0xee,0x11,
	0x51,0x51,0x51,0x51,0x51,0x51,0x51,0x51,0x51,0x51,0x51,0x51,0x51,0x51,0x51,0x51,
	0x10,0x10,0x10,0x10,0x10,0x10,0x10,0x10,0x10,0x10,0x10,0x10,0x10,0x10,0x10,0x10,
	0x10,0xea,0xea,0xea,0xea,0xeb,0xeb,0xeb,0xec,0xeb,0xeb,0xeb,0xeb,0xeb,0xeb,0xeb,
	0xaa,0xaa,0xaa,0xaa,0xaa,0xaa,0xaa,0xaa,0xaa,0xaa,0xaa,0xaa,0xaa,0xaa,0xaa,0xaa,
	0x6a,0x6a,0x6a,0x6a,0x6a,0x6a,0x6a,0x6a,0x6a,0x6a,0x6a,0x6a,0x6a,0x6a,0x6a,0x6a,
	0x29,0x29,0x29,0x29,0x29,0x29,0x29,0x29,0x29,0x29,0x29,0x29,0x29,0x29,0x29,0x29,
	0xd1,0xd2,0xd2,0xd2,0xd2,0xd2,0xd2,0xd2,0xd2,0xd2,0xd2,0xd2,0xd2,0xd2,0xd2,0xd2,
	0x91,0x91,0x91,0x91,0x91,0x91,0x91,0x91,0xe8,0x0e,0x0e,0x10,0x0e,0x0f,0xed,0x0d,
	0x51,0x51,0x51,0x51,0x51,0x51,0x51,0x51,0x51,0x51,0x51,0x51,0x51,0x51,0x51,0x51,
	0x10,0x10,0x10,0x10,0x10,0x10,0x10,0x10,0x10,0x10,0x10,0x10,0x10,0x10,0x10,0x10,
	0x10,0xea,0xea,0xea,0xea,0xeb,0xeb,0xeb,0xec,0xeb,0xeb,0xeb,0xeb,0xeb,0xeb,0xeb,
	0xaa,0xaa,0xaa,0xaa,0xaa,0xaa,0xaa,0xaa,0xaa,0xaa,0xaa,0xaa,0xaa,0xaa,0xaa,0xaa,
	0x6a,0x6a,0x6a,0x6a,0x6a,0x6a,0x6a,0x6a,0x6a,0x6a,0x6a,0x6a,0x6a,0x6a,0x6a,0x6a,
	0x29,0x29,0x29,0x29,0x29,0x29,0x29,0x29,0x29,0x29,0x29,0x29,0x29,0x29,0x29,0x29,
	0xd1,0xd2,0xd2,0xd2,0xd2,0xd2,0xd2,0xd2,0xd2,0xd2,0xd2,0xd2,0xd2,0xd2,0xd2,0xd2,
	0x91,0x91,0x91,0x91,0x91,0x91,0x91,0x91,0xec,0x12,0x10,0x11,0x11,0x14,0xe8,0x12,
	0x51,0x51,0x51,0x51,0x51,0x51,0x51,0x51,0x51,0x51,0x51,0x51,0x51,0x51,0x51,0x51,
	0x10,0x10,0x10,0x10,0x10,0x10,0x10,0x10,0x10,0x10,0x10,0x10,0x10,0x10,0x10,0x10,
	0x10,0xea,0xea,0xea,0xea,0xeb,0xeb,0xeb,0xec,0xeb,0xeb,0xeb,0xeb,0xeb,0xeb,0xeb,
	0xaa,0xaa,0xaa,0xaa,0xaa,0xaa,0xaa,0xaa,0xaa,0xaa,0xaa,0xaa,0xaa,0xaa,0xaa,0xaa,
	0x6a,0x6a,0x6a,0x6a,0x6a,0x6a,0x6a,0x6a,0x6a,0x6a,0x6a,0x6a,0x6a,0x6a,0x6a,0x6a,
	0x29,0x29,0x29,0x29,0x29,0x29,0x29,0x29,0x29,0x29,0x29,0x29,0x29,0x29,0x29,0x29,
	0xd1,0xd2,0xd2,0xd2,0xd2,0xd2,0xd2,0xd2,0xd2,0xd2,0xd2,0xd2,0xd2,0xd2,0xd2,0xd2,
	0x91,0x91,0x91,0x91,0x91,0x91,0x91,0x91,0x0f,0xea,0xe8,0xed,0xea,0xe7,0x13,0x0d,
	0x51,0x51,0x51,0x51,0x51,0x51,0x51,0x51,0x51,0x51,0x51,0x51,0x51,0x51,0x51,0x51,
	0x10,0x10,0x10,0x10,0x10,0x10,0x10,0x10,0x10,0x10,0x10,0x10,0x10,0x10,0x10,0x10,
	0x10,0xea,0xea,0xea,0xea,0xeb,0xeb,0xeb,0xec,0xeb,0xeb,0xeb,0xeb,0xeb,0xeb,0xeb,
	0xaa,0xaa,0xaa,0xaa,0xaa,0xaa,0xaa,0xaa,0xaa,0xaa,0xaa,0xaa,0xaa,0xaa,0xaa,0xaa,
	0x6a,0x6a,0x6a,0x6a,0x6a,0x6a,0x6a,0x6a,0x6a,0x6a,0x6a,0x6a,0x6a,0x6a,0x6a,0x6a,
	0x29,0x29,0x29,0x29,0x29,0x29,0x29,0x29,0x29,0x29,0x29,0x29,0x29,0x29,0x29,0x29,
	0xd1,0xd2,0xd2,0xd2,0xd2,0xd2,0xd2,0xd2,0xd2,0xd2,0xd2,0xd2,0xd2,0xd2,0xd2,0xd2,
	0x91,0x91,0x91,0x91,0x91,0x91,0x91,0x91,0x91,0x91,0x91,0x91,0x91,0x91,0x91,0x91,
	0x51,0x51,0x51,0x51,0x51,0x51,0x51,0x51,0x51,0x51,0x51,0x51,0x51,0x51,0x51,0x51,
	0x10,0x10,0x10,0x10,0x10,0x10,0x10,0x10,0x10,0x10,0x10,0x10,0x10,0x10,0x10,0x10,
	0x10,0xea,0xea,0xea,0xea,0xeb,0xeb,0xeb,0xec,0xeb,0xeb,0xeb,0xeb,0xeb,0xeb,0xeb,
	0xaa,0xaa,0xaa,0xaa,0xaa,0xaa,0xaa,0xaa,0xaa,0xaa,0xaa,0xaa,0xaa,0xaa,0xaa,0xaa,
	0x6a,0x6a,0x6a,0x6a,0x6a,0x6a,0x6a,0x6a,0x6a,0x6a,0x6a,0x6a,0x6a,0x6a,0x6a,0x6a,
	0x29,0x29,0x29,0x29,0x29,0x29,0x29,0x29,0x29,0x29,0x29,0x29,0x29,0x29,0x29,0x29,
	0xd1,0xd2,0xd2,0xd2,0xd2,0xd2,0xd2,0xd2,0xd2,0xd2,0xd2,0xd2,0xd2,0xd2,0xd2,0xd2,
	0x91,0x91,0x91,0x91,0x91,0x91,0x91,0x91,0x91,0x8d,0x8e,0x8f,0x92,0x92,0x93,0x94,
	0x51,0x51,0x51,0x51,0x51,0x51,0x51,0x51,0x51,0x51,0x51,0x51,0x51,0x51,0x51,0x51,
	0x10,0x10,0x10,0x10,0x10,0x10,0x10,0x10,0x10,0x10,0x10,0x10,0x10,0x10,0x10,0x10,
	0x10,0xea,0xea,0xea,0xea,0xeb,0xeb,0xeb,0xec,0xeb,0xeb,0xeb,0xeb,0xeb,0xeb,0xeb,
	0xaa,0xaa,0xaa,0xaa,0xaa,0xaa,0xaa,0xaa,0xaa,0xaa,0xaa,0xaa,0xaa,0xaa,0xaa,0xaa,
	0x6a,0x6a,0x6a,0x6a,0x6a,0x6a,0x6a,0x6a,0x6a,0x6a,0x6a,0x6a,0x6a,0x6a,0x6a,0x6a,
	0x29,0x29,0x29,0x29,0x29,0x29,0x29,0x29,0x29,0x29,0x29,0x29,0x29,0x29,0x29,0x29,
	0xd1,0xd2,0xd2,0xd2,0xd2,0xd2,0xd2,0xd2,0xd2,0xd2,0xd2,0xd2,0xd2,0xd2,0xd2,0xd2,
	0x91,0x91,0x91,0x91,0x91,0x91,0x91,0x91,0x91,0x91,0x91,0x91,0x91,0x91,0x91,0x91,
	0x51,0x51,0x51,0x51,0x51,0x51,0x51,0x51,0x51,0x51,0x51,0x51,0x51,0x51,0x51,0x51,
	0x10,0x10,0x10,0x10,0x10,0x10,0x10,0x10,0x10,0x10,0x10,0x10,0x10,0x10,0x10,0x10,
	0x10,0xea,0xea,0xea,0xea,0xeb,0xeb,0xeb,0xec,0xeb,0xeb,0xeb,0xeb,0xeb,0xeb,0xeb,
	0xaa,0xaa,0xaa,0xaa,0xaa,0xaa,0xaa,0xaa,0xaa,0xaa,0xaa,0xaa,0xaa,0xaa,0xaa,0xaa,
	0x6a,0x6a,0x6a,0x6a,0x6a,0x6a,0x6a,0x6a,0x6a,0x6a,0x6a,0x6a,0x6a,0x6a,0x6a,0x6a,
	0x29,0x29,0x29,0x29,0x29,0x29,0x29,0x29,0x29,0x29,0x29,0x29,0x29,0x29,0x29,0x29,
	0xd1,0xd2,0xd2,0xd2,0xd2,0xd2,0xd2,0xd2,0xd2,0xd2,0xd2,0xd2,0xd2,0xd2,0xd2,0xd2,
	0x91,0x91,0x91,0x91,0x91,0x91,0x91,0x91,0x91,0x91,0x91,0x91,0x91,0x91,0x91,0x91,
	0x51,0x51,0x51,0x51,0x51,0x51,0x51,0x51,0x51,0x51,0x51,0x51,0x51,0x51,0x51,0x51,
	0x10,0x10,0x10,0x10,0x10,0x10,0x10,0x10,0x10,0x10,0x10,0x10,0x10,0x10,0x10,0x10,
	0x10,0xea,0xea,0xea,0xea,0xeb,0xeb,0xeb,0xec,0xeb,0xeb,0xeb,0xeb,0xeb,0xeb,0xeb,
	0xaa,0xaa,0xaa,0xaa,0xaa,0xaa,0xaa,0xaa,0xaa,0xaa,0xaa,0xaa,0xaa,0xaa,0xaa,0xaa,
	0x6a,0x6a,0x6a,0x6a,0x6a,0x6a,0x6a,0x6a,0x6a,0x6a,0x6a,0x6a,0x6a,0x6a,0x6a,0x6a,
	0x29,0x29,0x29,0x29,0x29,0x29,0x29,0x29,0x29,0x29,0x29,0x29,0x29,0x29,0x29,0x29,
	0xd1,0xd2,0xd2,0xd2,0xd2,0xd2,0xd2,0xd2,0xd2,0xd2,0xd2,0xd2,0xd2,0xd2,0xd2,0xd2,
	0x91,0x91,0x91,0x91,0x91,0x91,0x91,0x91,0x91,0x91,0x91,0x91,0x91,0x91,0x91,0x91,
	0x51,0x51,0x51,0x51,0x51,0x51,0x51,0x51,0x51,0x51,0x51,0x51,0x51,0x51,0x51,0x51,
	0x10,0x10,0x10,0x10,0x10,0x10,0x10,0x10,0x10,0x10,0x10,0x10,0x10,0x10,0x10,0x10,
	0x10,0xea,0xea,0xea,0xea,0xeb,0xeb,0xeb,0xec,0xeb,0xeb,0xeb,0xeb,0xeb,0xeb,0xeb,
	0xaa,0xaa,0xaa,0xaa,0xaa,0xaa,0xaa,0xaa,0xaa,0xaa,0xaa,0xaa,0xaa,0xaa,0xaa,0xaa,
	0x6a,0x6a,0x6a,0x6a,0x6a,0x6a,0x6a,0x6a,0x6a,0x6a,0x6a,0x6a,0x6a,0x6a,0x6a,0x6a,
	0x29,0x29,0x29,0x29,0x29,0x29,0x29,0x29,0x29,0x29,0x29,0x29,0x29,0x29,0x29,0x29,
	0xd1,0xd2,0xd2,0xd2,0xd2,0xd2,0xd2,0xd2,0xd2,0xd2,0xd2,0xd2,0xd2,0xd2,0xd2,0xd2,
	0x91,0x91,0x91,0x91,0x91,0x91,0x91,0x91,0x91,0x91,0x91,0x91,0x91,0x91,0x91,0x91,
	0x51,0x51,0x51,0x51,0x51,0x51,0x51,0x51,0x51,0x51,0x51,0x51,0x51,0x51,0x51,0x51,
	0x10,0x10,0x10,0x10,0x10,0x10,0x10,0x10,0x10,0x10,0x10,0x10,0x10,0x10,0x10,0x10,
	0x17,0x15,0xec,0xe6,0xea,0xeb,0xeb,0xeb,0xec,0xeb,0xeb,0xeb,0xeb,0xeb,0xeb,0xeb,
	0xaa,0xaa,0xaa,0xaa,0xaa,0xaa,0xaa,0xaa,0xaa,0xaa,0xaa,0xaa,0xaa,0xaa,0xaa,0xaa,
	0x6a,0x6a,0x6a,0x6a,0x6a,0x6a,0x6a,0x6a,0x6a,0x6a,0x6a,0x6a,0x6a,0x6a,0x6a,0x6a,
	0x29,0x29,0x29,0x29,0x29,0x29,0x29,0x29,0x29,0x29,0x29,0x29,0x29,0x29,0x29,0x29,
	0xd1,0xd2,0xd2,0xd2,0xd2,0xd2,0xd2,0xd2,0xd2,0xd2,0xd2,0xd2,0xd2,0xd2,0xd2,0xd2,
	0x91,0x91,0x91,0x91,0x91,0x91,0x91,0x91,0x91,0x91,0x91,0x91,0x91,0x91,0x91,0x91,
	0x51,0x51,0x51,0x51,0x51,0x51,0x51,0x51,0x51,0x51,0x51,0x51,0x51,0x51,0x51,0x51,
	0x10,0x10,0x10,0x10,0x10,0x10,0x10,0x10,0x10,0x10,0x10,0x10,0x16,0x10,0x12,0xe4,
	0x0f,0x0f,0xec,0xe7,0xea,0xea,0xeb,0xeb,0xeb,0xeb,0xeb,0xeb,0xeb,0xeb,0xeb,0xeb,
	0xaa,0xaa,0xaa,0xaa,0xaa,0xaa,0xaa,0xaa,0xaa,0xaa,0xaa,0xaa,0xaa,0xaa,0xaa,0xaa,
	0x6a,0x6a,0x6a,0x6a,0x6a,0x6a,0x6a,0x6a,0x6a,0x6a,0x6a,0x6a,0x6a,0x6a,0x6a,0x6a,
	0x29,0x29,0x29,0x29,0x29,0x29,0x29,0x29,0x29,0x29,0x29,0x29,0x29,0x29,0x29,0x29,
	0xd1,0xd2,0xd2,0xd2,0xd2,0xd2,0xd2,0xd2,0xd2,0xd2,0xd2,0xd2,0xd2,0xd2,0xd2,0xd2,
	0x91,0x91,0x91,0x91,0x91,0x91,0x91,0x91,0x91,0x91,0x91,0x91,0x91,0x91,0x91,0x91,
	0x51,0x51,0x51,0x51,0x51,0x51,0x51,0x51,0x51,0x51,0x51,0x51,0x51,0x51,0x51,0x51,
	0x10,0x10,0x10,0x10,0x10,0x10,0x10,0x10,0x10,0x10,0x10,0x10,0x0a,0x0f,0x0c,0xeb,
	0x0f,0x16,0xea,0xeb,0xea,0xea,0xeb,0xeb,0xeb,0xeb,0xeb,0xeb,0xeb,0xeb,0xeb,0xeb,
	0xaa,0xaa,0xaa,0xaa,0xaa,0xaa,0xaa,0xaa,0xaa,0xaa,0xaa,0xaa,0xaa,0xaa,0xaa,0xaa,
	0x6a,0x6a,0x6a,0x6a,0x6a,0x6a,0x6a,0x6a,0x6a,0x6a,0x6a,0x6a,0x6a,0x6a,0x6a,0x6a,
	0x29,0x29,0x29,0x29,0x29,0x29,0x29,0x29,0x29,0x29,0x29,0x29,0x29,0x29,0x29,0x29,
	0xd1,0xd2,0xd2,0xd2,0xd2,0xd2,0xd2,0xd2,0xd2,0xd2,0xd2,0xd2,0xd2,0xd2,0xd2,0xd2,
	0x91,0x91,0x91,0x91,0x91,0x91,0x91,0x91,0x91,0x91,0x91,0x91,0x91,0x91,0x91,0x91,
	0x51,0x51,0x51,0x51,0x51,0x51,0x51,0x51,0x51,0x51,0x51,0x51,0x51,0x51,0x51,0x51,
	0x10,0x10,0x10,0x10,0x10,0x10,0x10,0x10,0x10,0x10,0x10,0x10,0x10,0x0e,0x13,0xeb,
	0x11,0x13,0xe7,0xe9,0xea,0xea,0xeb,0xeb,0xeb,0xeb,0xeb,0xeb,0xeb,0xeb,0xeb,0xeb,
	0xaa,0xaa,0xaa,0xaa,0xaa,0xaa,0xaa,0xaa,0xaa,0xaa,0xaa,0xaa,0xaa,0xaa,0xaa,0xaa,
	0x6a,0x6a,0x6a,0x6a,0x6a,0x6a,0x6a,0x6a,0x6a,0x6a,0x6a,0x6a,0x6a,0x6a,0x6a,0x6a,
	0x29,0x29,0x29,0x29,0x29,0x29,0x29,0x29,0x29,0x29,0x29,0x29,0x29,0x29,0x29,0x29,
	0xd1,0xd2,0xd2,0xd2,0xd2,0xd2,0xd2,0xd2,0xd2,0xd2,0xd2,0xd2,0xd2,0xd2,0xd2,0xd2,
	0x91,0x91,0x91,0x91,0x91,0x91,0x91,0x91,0x91,0x91,0x91,0x91,0x91,0x91,0x91,0x91,
	0x51,0x51,0x51,0x51,0x51,0x51,0x51,0x51,0x51,0x51,0x51,0x51,0x51,0x51,0x51,0x51,
	0x10,0x10,0x10,0x10,0x10,0x10,0x10,0x10,0x10,0x10,0x10,0x10,0x14,0x0b,0x0f,0xed,
	0x10,0x0f,0x0e,0xed,0xea,0xea,0xeb,0xeb,0xeb,0xeb,0xeb,0xeb,0xeb,0xeb,0xeb,0xeb,
	0xaa,0xaa,0xaa,0xaa,0xaa,0xaa,0xaa,0xaa,0xaa,0xaa,0xaa,0xaa,0xaa,0xaa,0xaa,0xaa,
	0x6a,0x6a,0x6a,0x6a,0x6a,0x6a,0x6a,0x6a,0x6a,0x6a,0x6a,0x6a,0x6a,0x6a,0x6a,0x6a,
	0x29,0x29,0x29,0x29,0x29,0x29,0x29,0x29,0x29,0x29,0x29,0x29,0x29,0x29,0x29,0x29,
	0xd1,0xd2,0xd2,0xd2,0xd2,0xd2,0xd2,0xd2,0xd2,0xd2,0xd2,0xd2,0xd2,0xd2,0xd2,0xd2,
	0x91,0x91,0x91,0x91,0x91,0x91,0x91,0x91,0x91,0x91,0x91,0x91,0x91,0x91,0x91,0x91,
	0x51,0x51,0x51,0x51,0x51,0x51,0x51,0x51,0x51,0x51,0x51,0x51,0x51,0x51,0x51,0x51,
	0x10,0x10,0x10,0x10,0x10,0x10,0x10,0x10,0x10,0x10,0x10,0x10,0x11,0x0e,0xe7,0xf0,
	0x15,0x14,0x10,0xef,0xea,0xea,0xeb,0xeb,0xeb,0xeb,0xeb,0xeb,0xeb,0xeb,0xeb,0xeb,
	0xaa,0xaa,0xaa,0xaa,0xaa,0xaa,0xaa,0xaa,0xaa,0xaa,0xaa,0xaa,0xaa,0xaa,0xaa,0xaa,
	0x6a,0x6a,0x6a,0x6a,0x6a,0x6a,0x6a,0x6a,0x6a,0x6a,0x6a,0x6a,0x6a,0x6a,0x6a,0x6a,
	0x29,0x29,0x29,0x29,0x29,0x29,0x29,0x29,0x29,0x29,0x29,0x29,0x29,0x29,0x29,0x29,
	0xd1,0xd2,0xd2,0xd2,0xd2,0xd2,0xd2,0xd2,0xd2,0xd2,0xd2,0xd2,0xd2,0xd2,0xd2,0xd2,
	0x91,0x91,0x91,0x91,0x91,0x91,0x91,0x91,0x91,0x91,0x91,0x91,0x91,0x91,0x91,0x91,
	0x51,0x51,0x51,0x51,0x51,0x51,0x51,0x51,0x51,0x51,0x51,0x51,0x51,0x51,0x51,0x51,
	0x10,0x10,0x10,0x10,0x10,0x10,0x10,0x10,0x10,0x10,0x10,0x10,0x10,0x12,0xee,0xe5,
	0x11,0x0c,0x13,0xed,0xea,0xea,0xea,0xeb,0xeb,0xeb,0xeb,0xeb,0xeb,0xeb,0xeb,0xeb,
	0xaa,0xaa,0xaa,0xaa,0xaa,0xaa,0xaa,0xaa,0xaa,0xaa,0xaa,0xaa,0xaa,0xaa,0xaa,0xaa,
	0x6a,0x6a,0x6a,0x6a,0x6a,0x6a,0x6a,0x6a,0x6a,0x6a,0x6a,0x6a,0x6a,0x6a,0x6a,0x6a,
	0x29,0x29,0x29,0x29,0x29,0x29,0x29,0x29,0x29,0x29,0x29,0x29,0x29,0x29,0x29,0x29,
	0xd1,0xd2,0xd2,0xd2,0xd2,0xd2,0xd2,0xd2,0xd2,0xd2,0xd2,0xd2,0xd2,0xd2,0xd2,0xd2,
	0x91,0x91,0x91,0x91,0x91,0x91,0x91,0x91,0x91,0x91,0x91,0x91,0x91,0x91,0x91,0x91,
	0x51,0x51,0x51,0x51,0x51,0x51,0x51,0x51,0x51,0x51,0x51,0x51,0x51,0x51,0x51,0x51,
	0x10,0x10,0x10,0x10,0x10,0x10,0x10,0x10,0x10,0x10,0x10,0x10,0x13,0x10,0xef,0xec,
	0x0e,0x0d,0x10,0xee,0xea,0xea,0xea,0xeb,0xeb,0xeb,0xeb,0xeb,0xeb,0xeb,0xeb,0xeb,
	0xaa,0xaa,0xaa,0xaa,0xaa,0xaa,0xaa,0xaa,0xaa,0xaa,0xaa,0xaa,0xaa,0xaa,0xaa,0xaa,
	0x6a,0x6a,0x6a,0x6a,0x6a,0x6a,0x6a,0x6a,0x6a,0x6a,0x6a,0x6a,0x6a,0x6a,0x6a,0x6a,
	0x29,0x29,0x29,0x29,0x29,0x29,0x29,0x29,0x29,0x29,0x29,0x29,0x29,0x29,0x29,0x29,
	0xd1,0xd2,0xd2,0xd2,0xd2,0xd2,0xd2,0xd2,0xd2,0xd2,0xd2,0xd2,0xd2,0xd2,0xd2,0xd2,
	0x91,0x91,0x91,0x91,0x91,0x91,0x91,0x91,0x91,0x91,0x91,0x91,0x91,0x91,0x91,0x91,
	0x51,0x51,0x51,0x51,0x51,0x51,0x51,0x51,0x51,0x51,0x51,0x51,0x51,0x51,0x51,0x51,
	0x10,0x10,0x10,0x10,0x10,0x10,0x10,0x10,0x10,0x10,0x10,0x10,0x12,0x11,0xee,0xeb,
	0x0f,0x0f,0x0f,0x0f,0xf2,0xec,0xef,0xe9,0xeb,0xeb,0xeb,0xeb,0xeb,0xeb,0xeb,0xeb,
	0xaa,0xaa,0xaa,0xaa,0xaa,0xaa,0xaa,0xaa,0xaa,0xaa,0xaa,0xaa,0xaa,0xaa,0xaa,0xaa,
	0x6a,0x6a,0x6a,0x6a,0x6a,0x6a,0x6a,0x6a,0x6a,0x6a,0x6a,0x6a,0x6a,0x6a,0x6a,0x6a,
	0x29,0x29,0x29,0x29,0x29,0x29,0x29,0x29,0x29,0x29,0x29,0x29,0x29,0x29,0x29,0x29,
	0xd1,0xd2,0xd2,0xd2,0xd2,0xd2,0xd2,0xd2,0xd2,0xd2,0xd2,0xd2,0xd2,0xd2,0xd2,0xd2,
	0x91,0x91,0x91,0x91,0x91,0x91,0x91,0x91,0x91,0x91,0x91,0x91,0x91,0x91,0x91,0x91,
	0x51,0x51,0x51,0x51,0x51,0x51,0x51,0x51,0x51,0x51,0x51,0x51,0x51,0x51,0x51,0x51,
	0x10,0x10,0x10,0x10,0x10,0x10,0x10,0x10,0x10,0x10,0x10,0x10,0x12,0xec,0xe9,0xe9,
	0x0f,0x10,0x10,0x11,0xe9,0xea,0xeb,0xed,0xeb,0xeb,0xeb,0xeb,0xeb,0xeb,0xeb,0xeb,
	0xaa,0xaa,0xaa,0xaa,0xaa,0xaa,0xaa,0xaa,0xaa,0xaa,0xaa,0xaa,0xaa,0xaa,0xaa,0xaa,
	0x6a,0x6a,0x6a,0x6a,0x6a,0x6a,0x6a,0x6a,0x6a,0x6a,0x6a,0x6a,0x6a,0x6a,0x6a,0x6a,
	0x29,0x29,0x29,0x29,0x29,0x29,0x29,0x29,0x29,0x29,0x29,0x29,0x29,0x29,0x29,0x29,
	0xd1,0xd2,0xd2,0xd2,0xd2,0xd2,0xd2,0xd2,0xd2,0xd2,0xd2,0xd2,0xd2,0xd2,0xd2,0xd2,
	0x91,0x91,0x91,0x91,0x91,0x91,0x91,0x91,0x91,0x91,0x91,0x91,0x91,0x91,0x91,0x91,
	0x51,0x51,0x51,0x51,0x51,0x51,0x51,0x51,0x51,0x51,0x51,0x51,0x51,0x51,0x51,0x51,
	0x10,0x10,0x10,0x10,0x10,0x10,0x10,0x10,0x10,0x10,0x10,0x10,0x0f,0xe8,0xe8,0xe8,
	0x0f,0x10,0x11,0x12,0xe8,0xeb,0xea,0xed,0xeb,0xeb,0xeb,0xeb,0xeb,0xeb,0xeb,0xeb,
	0xaa,0xaa,0xaa,0xaa,0xaa,0xaa,0xaa,0xaa,0xaa,0xaa,0xaa,0xaa,0xaa,0xaa,0xaa,0xaa,
	0x6a,0x6a,0x6a,0x6a,0x6a,0x6a,0x6a,0x6a,0x6a,0x6a,0x6a,0x6a,0x6a,0x6a,0x6a,0x6a,
	0x29,0x29,0x29,0x29,0x29,0x29,0x29,0x29,0x29,0x29,0x29,0x29,0x29,0x29,0x29,0x29,
	0xd1,0xd2,0xd2,0xd2,0xd2,0xd2,0xd2,0xd2,0xd2,0xd2,0xd2,0xd2,0xd2,0xd2,0xd2,0xd2,
	0x91,0x91,0x91,0x91,0x91,0x91,0x91,0x91,0x91,0x91,0x91,0x91,0x91,0x91,0x91,0x91,
	0x51,0x51,0x51,0x51,0x51,0x51,0x51,0x51,0x51,0x51,0x51,0x51,0x51,0x51,0x51,0x51,
	0x10,0x10,0x10,0x10,0x10,0x10,0x10,0x10,0x10,0x10,0x10,0x10,0x0f,0xea,0xeb,0xe5,
	0x0f,0x10,0x12,0x12,0x13,0xec,0xf0,0xef,0xeb,0xeb,0xeb,0xeb,0xeb,0xeb,0xeb,0xeb,
	0xaa,0xaa,0xaa,0xaa,0xaa,0xaa,0xaa,0xaa,0xaa,0xaa,0xaa,0xaa,0xaa,0xaa,0xaa,0xaa,
	0x6a,0x6a,0x6a,0x6a,0x6a,0x6a,0x6a,0x6a,0x6a,0x6a,0x6a,0x6a,0x6a,0x6a,0x6a,0x6a,
	0x29,0x29,0x29,0x29,0x29,0x29,0x29,0x29,0x29,0x29,0x29,0x29,0x29,0x29,0x29,0x29,
	0xd1,0xd2,0xd2,0xd2,0xd2,0xd2,0xd2,0xd2,0xd2,0xd2,0xd2,0xd2,0xd2,0xd2,0xd2,0xd2,
	0x91,0x91,0x91,0x91,0x91,0x91,0x91,0x91,0x91,0x91,0x91,0x91,0x91,0x91,0x91,0x91,
	0x51,0x51,0x51,0x51,0x51,0x51,0x51,0x51,0x51,0x51,0x51,0x51,0x51,0x51,0x51,0x51,
	0x10,0x10,0x10,0x10,0x10,0x10,0x10,0x10,0x10,0x10,0x10,0x10,0xec,0xe9,0xee,0xea,
	0x10,0x11,0x11,0x11,0x12,0xed,0xe6,0xeb,0xec,0xeb,0xeb,0xeb,0xeb,0xeb,0xeb,0xeb,
	0xaa,0xaa,0xaa,0xaa,0xaa,0xaa,0xaa,0xaa,0xaa,0xaa,0xaa,0xaa,0xaa,0xaa,0xaa,0xaa,
	0x6a,0x6a,0x6a,0x6a,0x6a,0x6a,0x6a,0x6a,0x6a,0x6a,0x6a,0x6a,0x6a,0x6a,0x6a,0x6a,
	0x29,0x29,0x29,0x29,0x29,0x29,0x29,0x29,0x29,0x29,0x29,0x29,0x29,0x29,0x29,0x29,
	0xd1,0xd2,0xd2,0xd2,0xd2,0xd2,0xd2,0xd2,0xd2,0xd2,0xd2,0xd2,0xd2,0xd2,0xd2,0xd2,
	0x91,0x91,0x91,0x91,0x91,0x91,0x91,0x91,0x91,0x91,0x91,0x91,0x91,0x91,0x91,0x91,
	0x51,0x51,0x51,0x51,0x51,0x51,0x51,0x51,0x51,0x51,0x51,0x51,0x51,0x51,0x51,0x51,
	0x10,0x10,0x10,0x10,0x10,0x10,0x10,0x10,0x11,0x14,0x0e,0x0f,0xeb,0xea,0xed,0xea,
	0x10,0x10,0x10,0x10,0x0d,0x13,0xef,0xee,0xeb,0xeb,0xeb,0xeb,0xeb,0xeb,0xeb,0xeb,
	0xaa,0xaa,0xaa,0xaa,0xaa,0xaa,0xaa,0xaa,0xaa,0xaa,0xaa,0xaa,0xaa,0xaa,0xaa,0xaa,
	0x6a,0x6a,0x6a,0x6a,0x6a,0x6a,0x6a,0x6a,0x6a,0x6a,0x6a,0x6a,0x6a,0x6a,0x6a,0x6a,
	0x29,0x29,0x29,0x29,0x29,0x29,0x29,0x29,0x29,0x29,0x29,0x29,0x29,0x29,0x29,0x29,
	0xd1,0xd2,0xd2,0xd2,0xd2,0xd2,0xd2,0xd2,0xd2,0xd2,0xd2,0xd2,0xd2,0xd2,0xd2,0xd2,
	0x91,0x91,0x91,0x91,0x91,0x91,0x91,0x91,0x91,0x91,0x91,0x91,0x91,0x91,0x91,0x91,
	0x51,0x51,0x51,0x51,0x51,0x51,0x51,0x51,0x51,0x51,0x51,0x51,0x51,0x51,0x51,0x51,
	0x10,0x10,0x10,0x10,0x10,0x10,0x10,0x0f,0x10,0x13,0x0e,0xe8,0xea,0xec,0xec,0xea,
	0x10,0x10,0x10,0x10,0x0d,0x0d,0xea,0xeb,0xeb,0xeb,0xeb,0xeb,0xeb,0xeb,0xeb,0xeb,
	0xaa,0xaa,0xaa,0xaa,0xaa,0xaa,0xaa,0xaa,0xaa,0xaa,0xaa,0xaa,0xaa,0xaa,0xaa,0xaa,
	0x6a,0x6a,0x6a,0x6a,0x6a,0x6a,0x6a,0x6a,0x6a,0x6a,0x6a,0x6a,0x6a,0x6a,0x6a,0x6a,
	0x29,0x29,0x29,0x29,0x29,0x29,0x29,0x29,0x29,0x29,0x29,0x29,0x29,0x29,0x29,0x29,
	0xd1,0xd2,0xd2,0xd2,0xd2,0xd2,0xd2,0xd2,0xd2,0xd2,0xd2,0xd2,0xd2,0xd2,0xd2,0xd2,
	0x91,0x91,0x91,0x91,0x91,0x91,0x91,0x91,0x91,0x91,0x91,0x91,0x91,0x91,0x91,0x91,
	0x51,0x51,0x51,0x51,0x51,0x51,0x51,0x51,0x51,0x51,0x51,0x51,0x51,0x51,0x51,0x51,
	0x10,0x10,0x10,0x10,0x10,0x10,0x10,0x11,0x13,0x10,0x10,0xec,0xe9,0xed,0xeb,0xea,
	0x10,0x10,0x10,0x10,0x13,0x0f,0xe8,0xef,0xeb,0xeb,0xeb,0xeb,0xeb,0xeb,0xeb,0xeb,
	0xaa,0xaa,0xaa,0xaa,0xaa,0xaa,0xaa,0xaa,0xaa,0xaa,0xaa,0xaa,0xaa,0xaa,0xaa,0xaa,
	0x6a,0x6a,0x6a,0x6a,0x6a,0x6a,0x6a,0x6a,0x6a,0x6a,0x6a,0x6a,0x6a,0x6a,0x6a,0x6a,
	0x29,0x29,0x29,0x29,0x29,0x29,0x29,0x29,0x29,0x29,0x29,0x29,0x29,0x29,0x29,0x29,
	0xd1,0xd2,0xd2,0xd2,0xd2,0xd2,0xd2,0xd2,0xd2,0xd2,0xd2,0xd2,0xd2,0xd2,0xd2,0xd2,
	0x91,0x91,0x91,0x91,0x91,0x91,0x91,0x91,0x91,0x91,0x91,0x91,0x91,0x91,0x91,0x91,
	0x51,0x51,0x51,0x51,0x51,0x51,0x51,0x51,0x51,0x51,0x51,0x51,0x51,0x51,0x51,0x51,
	0x10,0x10,0x10,0x10,0x10,0x10,0x10,0x11,0x12,0x12,0x14,0xe8,0xea,0xee,0xea,0xea,
	0x10,0x10,0x10,0x10,0x12,0x0f,0x15,0xe9,0xea,0xea,0xed,0xeb,0xeb,0xeb,0xeb,0xeb,
	0xaa,0xaa,0xaa,0xaa,0xaa,0xaa,0xaa,0xaa,0xaa,0xaa,0xaa,0xaa,0xaa,0xaa,0xaa,0xaa,
	0x6a,0x6a,0x6a,0x6a,0x6a,0x6a,0x6a,0x6a,0x6a,0x6a,0x6a,0x6a,0x6a,0x6a,0x6a,0x6a,
	0x29,0x29,0x29,0x29,0x29,0x29,0x29,0x29,0x29,0x29,0x29,0x29,0x29,0x29,0x29,0x29,
	0xd1,0xd2,0xd2,0xd2,0xd2,0xd2,0xd2,0xd2,0xd2,0xd2,0xd2,0xd2,0xd2,0xd2,0xd2,0xd2,
	0x91,0x91,0x91,0x91,0x91,0x91,0x91,0x91,0x91,0x91,0x91,0x91,0x91,0x91,0x91,0x91,
	0x51,0x51,0x51,0x51,0x51,0x51,0x51,0x51,0x51,0x51,0x51,0x51,0x51,0x51,0x51,0x51,
	0x10,0x10,0x10,0x10,0x10,0x10,0x10,0x10,0x13,0x0c,0xe8,0xec,0xed,0xeb,0xea,0xea,
	0x10,0x10,0x10,0x10,0x12,0x0f,0x11,0xe1,0xec,0xed,0xe7,0xef,0xeb,0xeb,0xeb,0xeb,
	0xaa,0xaa,0xaa,0xaa,0xaa,0xaa,0xaa,0xaa,0xaa,0xaa,0xaa,0xaa,0xaa,0xaa,0xaa,0xaa,
	0x6a,0x6a,0x6a,0x6a,0x6a,0x6a,0x6a,0x6a,0x6a,0x6a,0x6a,0x6a,0x6a,0x6a,0x6a,0x6a,
	0x29,0x29,0x29,0x29,0x29,0x29,0x29,0x29,0x29,0x29,0x29,0x29,0x29,0x29,0x29,0x29,
	0xd1,0xd2,0xd2,0xd2,0xd2,0xd2,0xd2,0xd2,0xd2,0xd2,0xd2,0xd2,0xd2,0xd2,0xd2,0xd2,
	0x91,0x91,0x91,0x91,0x91,0x91,0x91,0x91,0x91,0x91,0x91,0x91,0x91,0x91,0x91,0x91,
	0x51,0x51,0x51,0x51,0x51,0x51,0x51,0x51,0x51,0x51,0x51,0x51,0x51,0x51,0x51,0x51,
	0x10,0x10,0x10,0x10,0x10,0x10,0x10,0x10,0x0e,0x15,0xee,0xee,0xed,0xea,0xea,0xea,
	0x10,0x10,0x10,0x10,0x14,0x12,0x0c,0x08,0xec,0xea,0xe8,0xed,0xeb,0xeb,0xeb,0xeb,
	0xab,0xab,0xab,0xab,0xab,0xab,0xab,0xab,0xab,0xab,0xab,0xab,0xab,0xab,0xab,0xab,
	0x6a,0x6a,0x6a,0x6a,0x6a,0x6a,0x6a,0x6a,0x6a,0x6a,0x6a,0x6a,0x6a,0x6a,0x6a,0x6a,
	0x29,0x29,0x29,0x29,0x29,0x29,0x29,0x29,0x29,0x29,0x29,0x29,0x29,0x29,0x29,0x29,
	0xd0,0xd1,0xd1,0xd2,0xd2,0xd2,0xd2,0xd2,0xd2,0xd2,0xd2,0xd2,0xd2,0xd2,0xd2,0xd2,
	0x91,0x91,0x91,0x91,0x91,0x91,0x91,0x91,0x91,0x91,0x91,0x91,0x91,0x91,0x91,0x91,
	0x50,0x50,0x51,0x51,0x52,0x52,0x52,0x52,0x52,0x52,0x52,0x52,0x52,0x52,0x52,0x52,
	0x10,0x10,0x10,0x10,0x10,0x10,0x10,0x10,0x11,0xe9,0xea,0xe9,0xea,0xea,0xea,0xea,
	0x10,0x10,0x10,0x10,0x10,0x0c,0x13,0x10,0x11,0xe8,0xe8,0xe9,0xeb,0xeb,0xeb,0xeb,
	0xac,0xac,0xac,0xac,0xac,0xac,0xac,0xac,0xac,0xac,0xac,0xac,0xac,0xac,0xac,0xac,
	0x6a,0x6a,0x6a,0x6a,0x6a,0x6a,0x6a,0x6a,0x6a,0x6a,0x6a,0x6a,0x6a,0x6a,0x6a,0x6a,
	0x29,0x29,0x29,0x29,0x29,0x29,0x29,0x29,0x29,0x29,0x29,0x29,0x29,0x29,0x29,0x29,
	0xcf,0xd0,0xd0,0xd2,0xd2,0xd2,0xd2,0xd2,0xd2,0xd2,0xd2,0xd2,0xd2,0xd2,0xd2,0xd2,
	0x91,0x91,0x91,0x91,0x91,0x91,0x91,0x91,0x91,0x91,0x91,0x91,0x91,0x91,0x91,0x91,
	0x4f,0x50,0x51,0x52,0x53,0x53,0x53,0x53,0x53,0x53,0x53,0x53,0x53,0x53,0x53,0x53,
	0x10,0x10,0x10,0x10,0x10,0x10,0x10,0x10,0xea,0xe2,0xeb,0xf1,0xea,0xea,0xea,0xea,
	0x52,0x57,0x5d,0x64,0x6b,0x71,0x77,0x7d,0x81,0x86,0x8e,0x94,0x99,0x9f,0xa7,0xab,
	0xaf,0xb4,0xbc,0xc2,0xc9,0xce,0xce,0xca,0xc7,0xc6,0xc3,0xbe,0xba,0xb9,0xb5,0xb2,
	0xb0,0xae,0xab,0xa8,0xa5,0xa2,0x9e,0x9b,0x98,0x95,0x93,0x92,0x92,0x93,0x95,0x96,
	0x97,0x97,0x98,0x9a,0x9c,0x9d,0x9e,0x9f,0xa0,0xa1,0xa2,0xa4,0xa5,0xa7,0xa8,0xa9,
	0xa9,0xa6,0xa0,0x97,0x90,0x8b,0x84,0x7f,0x79,0x74,0x6e,0x68,0x62,0x5b,0x54,0x50,
	0x4b,0x44,0x3c,0x36,0x30,0x2b,0x2b,0x2e,0x31,0x33,0x36,0x3a,0x3e,0x3f,0x43,0x47,
	0x4c,0x4e,0x50,0x52,0x54,0x57,0x5b,0x5e,0x62,0x65,0x68,0x69,0x69,0x67,0x66,0x65,
	0x65,0x64,0x63,0x61,0x60,0x5e,0x5d,0x5c,0x5b,0x5a,0x59,0x58,0x56,0x55,0x53,0x53,
	0x52,0x57,0x5d,0x64,0x6b,0x71,0x76,0x7c,0x82,0x86,0x8e,0x94,0x99,0x9f,0xa7,0xab,
	0xb0,0xb5,0xbd,0xc3,0xca,0xcf,0xcf,0xcb,0xc8,0xc7,0xc4,0xbf,0xbb,0xba,0xb6,0xb3,
	0xb0,0xae,0xab,0xa8,0xa5,0xa2,0x9e,0x9b,0x98,0x95,0x93,0x92,0x92,0x93,0x95,0x96,
	0x97,0x97,0x98,0x9a,0x9c,0x9d,0x9e,0x9f,0xa0,0xa1,0xa2,0xa4,0xa5,0xa7,0xa8,0xa9,
	0xa8,0xa5,0x9f,0x97,0x90,0x8b,0x84,0x7f,0x79,0x74,0x6e,0x68,0x62,0x5b,0x54,0x50,
	0x4b,0x44,0x3d,0x36,0x30,0x2b,0x2b,0x2e,0x31,0x33,0x36,0x3b,0x3e,0x40,0x43,0x47,
	0x49,0x4c,0x4f,0x52,0x55,0x58,0x5c,0x5f,0x63,0x66,0x69,0x6a,0x6a,0x68,0x67,0x66,
	0x65,0x64,0x63,0x61,0x60,0x5e,0x5d,0x5c,0x5b,0x5a,0x59,0x58,0x56,0x55,0x53,0x53,
	0x52,0x57,0x5d,0x64,0x6b,0x71,0x76,0x7c,0x82,0x86,0x8e,0x94,0x99,0x9f,0xa7,0xab,
	0xb1,0xb6,0xbe,0xc4,0xcb,0xd0,0xd0,0xcc,0xc9,0xc8,0xc5,0xc0,0xbc,0xbb,0xb7,0xb4,
	0xb0,0xae,0xab,0xa8,0xa5,0xa2,0x9e,0x9b,0x98,0x95,0x93,0x92,0x92,0x93,0x95,0x96,
	0x97,0x97,0x98,0x9a,0x9c,0x9d,0x9e,0x9f,0xa0,0xa1,0xa2,0xa4,0xa5,0xa7,0xa8,0xa9,
	0xa7,0xa4,0x9e,0x97,0x90,0x8b,0x84,0x7f,0x79,0x74,0x6e,0x68,0x62,0x5b,0x54,0x51,
	0x4b,0x44,0x3d,0x37,0x30,0x2b,0x2b,0x2f,0x32,0x33,0x36,0x3b,0x3e,0x40,0x43,0x47,
	0x49,0x4c,0x4f,0x52,0x55,0x58,0x5c,0x5f,0x63,0x66,0x69,0x6a,0x6a,0x68,0x67,0x66,
	0x65,0x64,0x63,0x61,0x60,0x5e,0x5d,0x5c,0x5b,0x5a,0x59,0x58,0x56,0x55,0x53,0x53,
	0x52,0x57,0x5d,0x64,0x6b,0x71,0x76,0x7c,0x82,0x86,0x8e,0x94,0x99,0x9f,0xa7,0xab,
	0xb1,0xb6,0xbe,0xc4,0xcb,0xd0,0xd0,0xcc,0xc9,0xc8,0xc5,0xc0,0xbc,0xbb,0xb7,0xb4,
	0xb0,0xae,0xab,0xa8,0xa5,0xa2,0x9e,0x9b,0x98,0x95,0x93,0x92,0x92,0x93,0x95,0x96,
	0x97,0x97,0x98,0x9a,0x9c,0x9d,0x9e,0x9f,0xa0,0xa1,0xa2,0xa4,0xa5,0xa7,0xa8,0xa9,
	0xa7,0xa4,0x9e,0x97,0x90,0x8b,0x84,0x7f,0x79,0x74,0x6e,0x68,0x62,0x5b,0x54,0x50,
	0x4c,0x45,0x3d,0x37,0x31,0x2c,0x2b,0x2f,0x32,0x34,0x37,0x3b,0x3f,0x40,0x43,0x47,
	0x4a,0x4c,0x4f,0x52,0x55,0x58,0x5c,0x5f,0x63,0x66,0x69,0x6a,0x6a,0x68,0x67,0x66,
	0x65,0x64,0x63,0x61,0x60,0x5e,0x5d,0x5c,0x5b,0x5a,0x59,0x58,0x56,0x55,0x53,0x53,
	0x52,0x57,0x5d,0x64,0x6b,0x71,0x76,0x7c,0x82,0x86,0x8e,0x94,0x99,0x9f,0xa7,0xab,
	0xb1,0xb6,0xbe,0xc4,0xcb,0xd0,0xd0,0xcc,0xc9,0xc8,0xc5,0xc0,0xbc,0xbb,0xb7,0xb4,
	0xb0,0xae,0xab,0xa8,0xa5,0xa2,0x9e,0x9b,0x98,0x95,0x93,0x92,0x92,0x93,0x95,0x96,
	0x97,0x97,0x98,0x9a,0x9c,0x9d,0x9e,0x9f,0xa0,0xa1,0xa2,0xa4,0xa5,0xa7,0xa8,0xa9,
	0xa7,0xa4,0x9e,0x97,0x90,0x8b,0x84,0x7f,0x79,0x74,0x6e,0x68,0x62,0x5b,0x54,0x50,
	0x4c,0x45,0x3e,0x37,0x31,0x2c,0x2c,0x2f,0x32,0x34,0x37,0x3c,0x3f,0x41,0x44,0x47,
	0x4a,0x4c,0x4f,0x52,0x55,0x58,0x5c,0x5f,0x63,0x66,0x69,0x6a,0x6a,0x68,0x67,0x66,
	0x65,0x64,0x63,0x61,0x60,0x5e,0x5d,0x5c,0x5b,0x5a,0x59,0x58,0x56,0x55,0x53,0x53,
	0x52,0x57,0x5d,0x64,0x6b,0x72,0x77,0x7c,0x82,0x86,0x8e,0x94,0x99,0x9f,0xa7,0xab,
	0xb1,0xb6,0xbe,0xc4,0xcb,0xd0,0xd0,0xcc,0xc9,0xc8,0xc5,0xc0,0xbc,0xbb,0xb7,0xb4,
	0xb0,0xae,0xab,0xa8,0xa5,0xa2,0x9e,0x9b,0x98,0x95,0x93,0x92,0x92,0x93,0x95,0x96,
	0x97,0x97,0x98,0x9a,0x9c,0x9d,0x9e,0x9f,0xa0,0xa1,0xa2,0xa4,0xa5,0xa7,0xa8,0xa9,
	0xa7,0xa4,0x9e,0x97,0x90,0x8b,0x84,0x7f,0x79,0x74,0x6e,0x68,0x62,0x5b,0x54,0x50,
	0x4c,0x45,0x3d,0x37,0x31,0x2c,0x2c,0x2f,0x32,0x34,0x37,0x3c,0x3f,0x41,0x44,0x47,
	0x4a,0x4c,0x4f,0x52,0x55,0x58,0x5c,0x5f,0x63,0x66,0x69,0x6a,0x6a,0x68,0x67,0x66,
	0x65,0x64,0x63,0x61,0x60,0x5e,0x5d,0x5c,0x5b,0x5a,0x59,0x58,0x56,0x55,0x53,0x53,
	0x52,0x57,0x5d,0x64,0x6b,0x72,0x77,0x7c,0x82,0x86,0x8e,0x94,0x99,0x9f,0xa7,0xab,
	0xb1,0xb6,0xbe,0xc4,0xcb,0xd0,0xd0,0xcc,0xc9,0xc8,0xc5,0xc0,0xbc,0xbb,0xb7,0xb4,
	0xb0,0xae,0xab,0xa8,0xa5,0xa2,0x9e,0x9b,0x98,0x95,0x93,0x92,0x92,0x93,0x95,0x96,
	0x97,0x97,0x98,0x9a,0x9c,0x9d,0x9e,0x9f,0xa0,0xa1,0xa2,0xa4,0xa5,0xa7,0xa8,0xa9,
	0xa7,0xa4,0x9e,0x97,0x90,0x8b,0x84,0x7f,0x79,0x74,0x6e,0x68,0x62,0x5b,0x54,0x50,
	0x4c,0x45,0x3d,0x37,0x30,0x2b,0x2b,0x2f,0x32,0x33,0x37,0x3b,0x3f,0x40,0x43,0x47,
	0x49,0x4c,0x4f,0x52,0x55,0x58,0x5c,0x5f,0x63,0x66,0x69,0x6a,0x6a,0x68,0x67,0x66,
	0x65,0x64,0x63,0x61,0x60,0x5e,0x5d,0x5c,0x5b,0x5a,0x59,0x58,0x56,0x55,0x53,0x53,
	0x52,0x57,0x5d,0x64,0x6b,0x72,0x77,0x7c,0x82,0x86,0x8e,0x94,0x99,0x9f,0xa7,0xab,
	0xb1,0xb6,0xbe,0xc4,0xcb,0xd0,0xd0,0xcc,0xc9,0xc8,0xc5,0xc0,0xbc,0xbb,0xb7,0xb4,
	0xb0,0xae,0xab,0xa8,0xa5,0xa2,0x9e,0x9b,0x98,0x95,0x93,0x92,0x92,0x93,0x95,0x96,
	0x97,0x97,0x98,0x9a,0x9c,0x9d,0x9e,0x9f,0xa0,0xa1,0xa2,0xa4,0xa5,0xa7,0xa8,0xa9,
	0xa7,0xa4,0x9e,0x97,0x90,0x8b,0x84,0x7f,0x79,0x74,0x6e,0x68,0x62,0x5b,0x54,0x50,
	0x4b,0x44,0x3d,0x36,0x30,0x2b,0x2b,0x2e,0x31,0x33,0x36,0x3b,0x3e,0x40,0x43,0x47,
	0x49,0x4c,0x4f,0x52,0x55,0x58,0x5c,0x5f,0x63,0x66,0x69,0x6a,0x6a,0x68,0x67,0x66,
	0x65,0x64,0x63,0x61,0x60,0x5e,0x5d,0x5c,0x5b,0x5a,0x59,0x58,0x56,0x55,0x53,0x53,
	0x52,0x57,0x5d,0x64,0x6b,0x72,0x77,0x7c,0x82,0x86,0x8e,0x94,0x99,0x9f,0xa7,0xab,
	0xb1,0xb6,0xbe,0xc4,0xcb,0xd0,0xd0,0xcc,0xc9,0xc8,0xc5,0xc0,0xbc,0xbb,0xb7,0xb4,
	0xb0,0xae,0xab,0xa8,0xa5,0xa2,0x9e,0x9b,0x98,0x95,0x93,0x92,0x92,0x93,0x95,0x96,
	0x97,0x97,0x98,0x9a,0x9c,0x9d,0x9e,0x9f,0xa0,0xa1,0xa2,0xa4,0xa5,0xa7,0xa8,0xa9,
	0xa7,0xa4,0x9e,0x97,0x90,0x8b,0x84,0x7f,0x79,0x74,0x6e,0x68,0x62,0x5b,0x54,0x50,
	0x4b,0x44,0x3c,0x36,0x2f,0x2a,0x2a,0x2e,0x31,0x33,0x36,0x3a,0x3e,0x3f,0x42,0x46,
	0x4a,0x4c,0x4f,0x52,0x55,0x58,0x5c,0x5f,0x63,0x66,0x69,0x6a,0x6a,0x68,0x67,0x66,
	0x65,0x64,0x63,0x61,0x60,0x5e,0x5d,0x5c,0x5b,0x5a,0x59,0x58,0x56,0x55,0x53,0x53,
	0x52,0x57,0x5d,0x64,0x6b,0x72,0x77,0x7c,0x82,0x86,0x8e,0x94,0x99,0x9f,0xa7,0xab,
	0xb1,0xb6,0xbe,0xc4,0xcb,0xd0,0xd0,0xcc,0xc9,0xc8,0xc5,0xc0,0xbc,0xbb,0xb7,0xb4,
	0xb0,0xae,0xab,0xa8,0xa5,0xa2,0x9e,0x9b,0x98,0x95,0x93,0x92,0x92,0x93,0x95,0x96,
	0x97,0x97,0x98,0x9a,0x9c,0x9d,0x9e,0x9f,0xa0,0xa1,0xa2,0xa4,0xa5,0xa7,0xa8,0xa9,
	0xa7,0xa4,0x9e,0x97,0x90,0x8b,0x84,0x7f,0x79,0x74,0x6e,0x68,0x62,0x5b,0x54,0x50,
	0x4b,0x43,0x3c,0x36,0x2f,0x2a,0x2a,0x2e,0x31,0x32,0x35,0x3a,0x3d,0x3f,0x42,0x45,
	0x49,0x4c,0x4f,0x52,0x55,0x58,0x5c,0x5f,0x63,0x66,0x69,0x6a,0x6a,0x68,0x67,0x66,
	0x65,0x64,0x63,0x61,0x60,0x5e,0x5d,0x5c,0x5b,0x5a,0x59,0x58,0x56,0x55,0x53,0x53,
	0x52,0x57,0x5d,0x64,0x6b,0x72,0x77,0x7c,0x82,0x86,0x8e,0x94,0x99,0x9f,0xa7,0xab,
	0xb1,0xb6,0xbe,0xc4,0xcb,0xd0,0xd0,0xcc,0xc9,0xc8,0xc5,0xc0,0xbc,0xbb,0xb7,0xb4,
	0xb0,0xae,0xab,0xa8,0xa5,0xa2,0x9e,0x9b,0x98,0x95,0x93,0x92,0x92,0x93,0x95,0x96,
	0x97,0x97,0x98,0x9a,0x9c,0x9d,0x9e,0x9f,0xa0,0xa1,0xa2,0xa4,0xa5,0xa7,0xa8,0xa9,
	0xa7,0xa4,0x9e,0x97,0x90,0x8b,0x84,0x7f,0x79,0x74,0x6e,0x68,0x62,0x5b,0x54,0x50,
	0x4b,0x44,0x3c,0x36,0x30,0x2b,0x2a,0x2e,0x31,0x33,0x36,0x3a,0x3e,0x3f,0x42,0x46,
	0x4a,0x4c,0x4f,0x52,0x55,0x58,0x5c,0x5f,0x63,0x66,0x69,0x6a,0x6a,0x68,0x67,0x66,
	0x65,0x64,0x63,0x61,0x60,0x5e,0x5d,0x5c,0x5b,0x5a,0x59,0x58,0x56,0x55,0x53,0x53,
	0x52,0x57,0x5d,0x64,0x6b,0x72,0x77,0x7c,0x82,0x86,0x8e,0x94,0x99,0x9f,0xa7,0xab,
	0xb1,0xb6,0xbe,0xc4,0xcb,0xd0,0xd0,0xcc,0xc9,0xc8,0xc5,0xc0,0xbc,0xbb,0xb7,0xb4,
	0xb0,0xae,0xab,0xa8,0xa5,0xa2,0x9e,0x9b,0x98,0x95,0x93,0x92,0x92,0x93,0x95,0x96,
	0x97,0x97,0x98,0x9a,0x9c,0x9d,0x9e,0x9f,0xa0,0xa1,0xa2,0xa4,0xa5,0xa7,0xa8,0xa9,
	0xa7,0xa4,0x9e,0x97,0x90,0x8b,0x84,0x7f,0x79,0x74,0x6e,0x68,0x62,0x5b,0x54,0x51,
	0x4b,0x44,0x3d,0x37,0x30,0x2b,0x2b,0x2f,0x32,0x33,0x36,0x3b,0x3e,0x40,0x43,0x47,
	0x49,0x4c,0x4f,0x52,0x55,0x58,0x5c,0x5f,0x63,0x66,0x69,0x6a,0x6a,0x68,0x67,0x66,
	0x65,0x64,0x63,0x61,0x60,0x5e,0x5d,0x5c,0x5b,0x5a,0x59,0x58,0x56,0x55,0x53,0x53,
	0x52,0x57,0x5d,0x64,0x6b,0x72,0x77,0x7c,0x82,0x86,0x8e,0x94,0x99,0x9f,0xa7,0xab,
	0xb1,0xb6,0xbe,0xc4,0xcb,0xd0,0xd0,0xcc,0xc9,0xc8,0xc5,0xc0,0xbc,0xbb,0xb7,0xb4,
	0xb0,0xae,0xab,0xa8,0xa5,0xa2,0x9e,0x9b,0x98,0x95,0x93,0x92,0x92,0x93,0x95,0x96,
	0x97,0x97,0x98,0x9a,0x9c,0x9d,0x9e,0x9f,0xa0,0xa1,0xa2,0xa4,0xa5,0xa7,0xa8,0xa9,
	0xa7,0xa4,0x9e,0x97,0x90,0x8b,0x84,0x7f,0x79,0x74,0x6e,0x68,0x62,0x5b,0x54,0x51,
	0x4c,0x45,0x3e,0x38,0x31,0x2c,0x2c,0x30,0x32,0x33,0x36,0x3b,0x3f,0x40,0x43,0x47,
	0x49,0x4c,0x4f,0x52,0x55,0x58,0x5c,0x5f,0x63,0x66,0x69,0x6a,0x6a,0x68,0x67,0x66,
	0x65,0x64,0x63,0x61,0x60,0x5e,0x5d,0x5c,0x5b,0x5a,0x59,0x58,0x56,0x55,0x53,0x53,
	0x52,0x57,0x5d,0x64,0x6b,0x72,0x77,0x7c,0x82,0x86,0x8e,0x94,0x99,0x9f,0xa7,0xab,
	0xb1,0xb6,0xbe,0xc4,0xcb,0xd0,0xd0,0xcc,0xc9,0xc8,0xc5,0xc0,0xbc,0xbb,0xb7,0xb4,
	0xb0,0xae,0xab,0xa8,0xa5,0xa2,0x9e,0x9b,0x98,0x95,0x93,0x92,0x92,0x93,0x95,0x96,
	0x97,0x97,0x98,0x9a,0x9c,0x9d,0x9e,0x9f,0xa0,0xa1,0xa2,0xa4,0xa5,0xa7,0xa8,0xa9,
	0xa7,0xa4,0x9e,0x97,0x90,0x8b,0x84,0x7f,0x78,0x73,0x6d,0x67,0x61,0x5a,0x53,0x50,
	0x4c,0x45,0x3e,0x38,0x31,0x2d,0x2c,0x30,0x33,0x35,0x38,0x3c,0x40,0x41,0x44,0x48,
	0x4a,0x4c,0x4f,0x52,0x55,0x58,0x5c,0x5f,0x63,0x66,0x69,0x6a,0x6a,0x68,0x67,0x66,
	0x65,0x64,0x63,0x61,0x60,0x5e,0x5d,0x5c,0x5b,0x5a,0x59,0x58,0x56,0x55,0x53,0x53,
	0x52,0x57,0x5d,0x64,0x6b,0x72,0x77,0x7c,0x82,0x86,0x8e,0x94,0x99,0x9f,0xa7,0xab,
	0xb1,0xb6,0xbe,0xc4,0xcb,0xd0,0xd0,0xcc,0xc9,0xc8,0xc5,0xc0,0xbc,0xbb,0xb7,0xb4,
	0xb0,0xae,0xab,0xa8,0xa5,0xa2,0x9e,0x9b,0x98,0x95,0x93,0x92,0x92,0x93,0x95,0x96,
	0x97,0x97,0x98,0x9a,0x9c,0x9d,0x9e,0x9f,0x9f,0xa0,0xa1,0xa3,0xa4,0xa6,0xa7,0xa8,
	0xa6,0xa3,0x9d,0x96,0x8f,0x8a,0x83,0x7e,0x78,0x73,0x6d,0x67,0x61,0x5a,0x53,0x51,
	0x4c,0x46,0x3e,0x38,0x31,0x2d,0x2b,0x2f,0x32,0x34,0x36,0x3a,0x3e,0x3f,0x41,0x45,
	0x4a,0x4c,0x4f,0x52,0x55,0x58,0x5c,0x5f,0x63,0x66,0x69,0x6a,0x6a,0x68,0x67,0x66,
	0x65,0x64,0x63,0x61,0x60,0x5e,0x5d,0x5c,0x5b,0x5a,0x59,0x58,0x56,0x55,0x53,0x53,
	0x52,0x57,0x5d,0x64,0x6b,0x72,0x77,0x7c,0x82,0x86,0x8e,0x94,0x99,0x9f,0xa7,0xab,
	0xb1,0xb6,0xbe,0xc4,0xcb,0xd0,0xd0,0xcc,0xc9,0xc8,0xc5,0xc0,0xbc,0xbb,0xb7,0xb4,
	0xb0,0xae,0xab,0xa8,0xa5,0xa2,0x9e,0x9b,0x97,0x94,0x92,0x91,0x91,0x92,0x94,0x95,
	0x96,0x96,0x97,0x99,0x9b,0x9c,0x9d,0x9e,0x9f,0xa0,0xa1,0xa3,0xa4,0xa6,0xa7,0xa8,
	0xa6,0xa3,0x9c,0x95,0x8e,0x89,0x81,0x7c,0x76,0x71,0x6a,0x64,0x5e,0x57,0x4f,0x4d,
	0x48,0x42,0x3c,0x36,0x2f,0x2a,0x2a,0x2d,0x30,0x32,0x35,0x3a,0x3d,0x3f,0x42,0x45,
	0x4b,0x4d,0x4f,0x52,0x55,0x58,0x5c,0x5f,0x63,0x66,0x69,0x6a,0x6a,0x68,0x67,0x66,
	0x65,0x64,0x63,0x61,0x60,0x5e,0x5d,0x5c,0x5b,0x5a,0x59,0x58,0x56,0x55,0x53,0x53,
	0x54,0x58,0x5d,0x64,0x6b,0x72,0x76,0x7b,0x7f,0x85,0x8c,0x90,0x96,0x9c,0xa2,0xa8,
	0xb0,0xbb,0xc0,0xc0,0xc8,0xd4,0xce,0xcf,0xc8,0xc9,0xc5,0xc2,0xbe,0xbb,0xb6,0xb2,
	0xad,0xb1,0xae,0xa8,0xa4,0xa0,0x9c,0x99,0x97,0x96,0x95,0x95,0x95,0x95,0x96,0x97,
	0x97,0x97,0x98,0x99,0x9a,0x9a,0x9b,0x9c,0x9e,0x9f,0xa0,0xa1,0xa2,0xa3,0xa4,0xa5,
	0xad,0xa4,0x9c,0x95,0x8f,0x8b,0x86,0x82,0x7c,0x73,0x6d,0x68,0x62,0x5b,0x55,0x51,
	0x41,0x3d,0x39,0x36,0x32,0x30,0x30,0x31,0x32,0x33,0x35,0x37,0x3d,0x43,0x47,0x4c,
	0x4c,0x4e,0x50,0x51,0x4d,0x5a,0x5c,0x5d,0x60,0x62,0x69,0x69,0x69,0x68,0x67,0x66,
	0x66,0x65,0x64,0x63,0x63,0x62,0x60,0x5f,0x5b,0x5a,0x58,0x58,0x57,0x56,0x55,0x55,
	0x0d,0x0d,0x0e,0x0f,0x11,0x12,0x13,0x13,0x12,0x11,0x10,0x0f,0x10,0x11,0x12,0x12,
	0x56,0x53,0x51,0x52,0x4b,0x53,0x54,0xa7,0xa9,0xac,0xb1,0xab,0xaa,0xa9,0xa7,0xa5,
	0x71,0x64,0x64,0x69,0x69,0x69,0x69,0x6a,0x6a,0x6a,0x6b,0x6b,0x6b,0x6b,0x6b,0x6b,
	0x29,0x29,0x29,0x29,0x29,0x29,0x29,0x2a,0x2b,0x2b,0x2c,0x2c,0x2c,0x2c,0x2c,0x2c,
	0xcd,0xcd,0xd2,0xd3,0xd4,0xd4,0xd4,0xd4,0xd3,0xd0,0xce,0xcd,0xd0,0xd2,0xd4,0xd4,
	0x93,0x93,0x93,0x93,0x93,0x93,0x93,0x93,0x93,0x93,0x93,0x93,0x93,0x93,0x93,0x93,
	0x4d,0x50,0x51,0x51,0x53,0x4b,0x4f,0x4d,0x50,0x53,0xa6,0xab,0xab,0xab,0xab,0xab,
	0xea,0xea,0xea,0xea,0xea,0xea,0xea,0xea,0xe9,0xe9,0xe9,0xe9,0xe9,0xe9,0xe9,0xe9,
	0x13,0x12,0x12,0x11,0x10,0x0f,0x0f,0x0f,0x0f,0x11,0x12,0x13,0x11,0x10,0x0f,0x0e,
	0x54,0x56,0x57,0x54,0x53,0x5a,0x58,0x4d,0x50,0xa9,0xa8,0xa4,0xa5,0xa5,0xa6,0xa7,
	0x6c,0x67,0x66,0x67,0x67,0x68,0x68,0x68,0x69,0x69,0x69,0x69,0x69,0x69,0x69,0x69,
	0x29,0x29,0x29,0x29,0x29,0x29,0x29,0x29,0x29,0x29,0x29,0x29,0x29,0x29,0x29,0x29,
	0xd3,0xd0,0xd5,0xd7,0xd4,0xd1,0xcf,0xce,0xce,0xd0,0xd1,0xd2,0xd2,0xd2,0xd2,0xd2,
	0x91,0x91,0x91,0x91,0x91,0x91,0x91,0x91,0x91,0x91,0x91,0x91,0x91,0x91,0x91,0x91,
	0x50,0x53,0x52,0x51,0x56,0x57,0x55,0x52,0xab,0xa9,0xad,0xa9,0xa9,0xa9,0xa9,0xa9,
	0xea,0xea,0xea,0xea,0xea,0xea,0xea,0xea,0xea,0xea,0xea,0xea,0xea,0xea,0xea,0xea,
	0x14,0x14,0x13,0x11,0x10,0x0e,0x0d,0x0c,0x0e,0x11,0x12,0x13,0x13,0x12,0x12,0x12,
	0x4d,0x53,0x54,0x51,0x55,0x53,0x4b,0x53,0x52,0x55,0xac,0xa8,0xa8,0xa8,0xa8,0xa8,
	0x6a,0x6a,0x69,0x6c,0x6c,0x6c,0x6c,0x6c,0x6c,0x6c,0x6c,0x6c,0x6c,0x6c,0x6c,0x6c,
	0x28,0x28,0x28,0x28,0x28,0x28,0x27,0x27,0x27,0x26,0x26,0x26,0x26,0x26,0x26,0x26,
	0xd5,0xcd,0xd1,0xd2,0xd1,0xd0,0xcf,0xcf,0xcf,0xd2,0xd3,0xd4,0xd3,0xd3,0xd3,0xd2,
	0x92,0x92,0x92,0x92,0x92,0x92,0x92,0x92,0x92,0x92,0x92,0x92,0x92,0x92,0x92,0x92,
	0x51,0x54,0x52,0x50,0x52,0x52,0x4c,0xa5,0xaf,0xa2,0xab,0xa8,0xa8,0xa8,0xa8,0xa8,
	0xe8,0xe8,0xe8,0xe8,0xe8,0xe8,0xe9,0xea,0xeb,0xec,0xed,0xed,0xed,0xed,0xed,0xed,
	0x13,0x12,0x12,0x11,0x10,0x10,0x0f,0x0f,0x0f,0x10,0x11,0x11,0x11,0x10,0x10,0x10,
	0x4e,0x53,0x54,0x52,0x52,0x52,0x52,0x53,0x52,0x52,0x55,0xac,0xa7,0xab,0xa8,0xaf,
	0x6a,0x6a,0x69,0x6c,0x6c,0x6c,0x6c,0x6c,0x6c,0x6c,0x6c,0x6c,0x6c,0x6c,0x6c,0x6c,
	0x2b,0x2b,0x2b,0x2b,0x2b,0x2b,0x2a,0x2a,0x29,0x29,0x28,0x28,0x28,0x28,0x28,0x28,
	0xd4,0xce,0xd1,0xd2,0xd1,0xd1,0xd0,0xd0,0xd1,0xd2,0xd2,0xd3,0xd2,0xd2,0xd2,0xd2,
	0x91,0x91,0x91,0x91,0x91,0x91,0x91,0x91,0x91,0x91,0x91,0x91,0x91,0x91,0x91,0x91,
	0x56,0x55,0x56,0x4e,0x52,0x53,0xa8,0xad,0xab,0xa9,0xa8,0xaa,0xab,0xab,0xab,0xab,
	0xed,0xed,0xed,0xed,0xed,0xed,0xed,0xed,0xec,0xec,0xec,0xec,0xec,0xec,0xec,0xec,
	0x0f,0x0f,0x0f,0x0f,0x0f,0x0f,0x0f,0x0f,0x10,0x10,0x10,0x10,0x10,0x10,0x10,0x10,
	0x4f,0x53,0x53,0x52,0x52,0x52,0x52,0x52,0x52,0x53,0x52,0x55,0x52,0xab,0xaa,0xad,
	0x6a,0x6a,0x69,0x6c,0x6c,0x6c,0x6c,0x6c,0x6b,0x6b,0x6b,0x6b,0x6b,0x6b,0x6b,0x6b,
	0x29,0x29,0x29,0x29,0x29,0x29,0x29,0x28,0x28,0x28,0x27,0x27,0x27,0x27,0x27,0x27,
	0xd3,0xce,0xd1,0xd2,0xd2,0xd2,0xd1,0xd1,0xd2,0xd2,0xd2,0xd2,0xd2,0xd2,0xd2,0xd2,
	0x91,0x91,0x91,0x91,0x90,0x90,0x90,0x90,0x90,0x90,0x90,0x90,0x90,0x90,0x90,0x90,
	0x4f,0x52,0x4d,0x55,0xa9,0xab,0xa7,0xaa,0xaa,0xaa,0xaa,0xab,0xab,0xab,0xab,0xab,
	0xea,0xea,0xea,0xea,0xea,0xea,0xeb,0xeb,0xeb,0xec,0xec,0xec,0xec,0xec,0xec,0xec,
	0x14,0x14,0x14,0x14,0x13,0x13,0x12,0x12,0x12,0x11,0x10,0x10,0x10,0x10,0x10,0x10,
	0x4f,0x53,0x52,0x52,0x52,0x52,0x52,0x52,0x52,0x52,0x53,0x52,0x51,0x4e,0xa3,0xaa,
	0x6a,0x6a,0x6a,0x6c,0x6c,0x6c,0x6c,0x6b,0x6a,0x6a,0x6a,0x6a,0x6a,0x6a,0x6a,0x6a,
	0x2a,0x2a,0x2a,0x2a,0x2a,0x2a,0x2a,0x2a,0x29,0x29,0x29,0x29,0x29,0x29,0x29,0x29,
	0xd1,0xcf,0xd1,0xd2,0xd2,0xd2,0xd2,0xd2,0xd2,0xd2,0xd2,0xd2,0xd2,0xd2,0xd2,0xd2,
	0x91,0x91,0x91,0x91,0x91,0x91,0x90,0x90,0x90,0x91,0x92,0x91,0x91,0x91,0x91,0x91,
	0x57,0x52,0x52,0xa6,0xa2,0xa2,0xa5,0xa8,0xaa,0xab,0xab,0xab,0xab,0xab,0xab,0xab,
	0xeb,0xeb,0xeb,0xeb,0xea,0xea,0xea,0xeb,0xea,0xea,0xea,0xea,0xea,0xea,0xea,0xea,
	0x13,0x12,0x12,0x12,0x11,0x10,0x0f,0x0f,0x10,0x10,0x10,0x10,0x10,0x10,0x10,0x10,
	0x50,0x53,0x51,0x53,0x53,0x53,0x53,0x53,0x52,0x52,0x52,0x52,0x50,0x5a,0x54,0x57,
	0x6a,0x6a,0x6a,0x6c,0x6c,0x6c,0x6c,0x6b,0x6a,0x6a,0x6a,0x6a,0x6a,0x6a,0x6a,0x6a,
	0x29,0x29,0x29,0x29,0x29,0x29,0x29,0x29,0x29,0x29,0x29,0x29,0x29,0x29,0x29,0x29,
	0xd0,0xd1,0xd1,0xd1,0xd1,0xd1,0xd1,0xd1,0xd1,0xd1,0xd1,0xd1,0xd1,0xd1,0xd1,0xd1,
	0x92,0x92,0x92,0x92,0x92,0x92,0x91,0x91,0x91,0x93,0x94,0x92,0x92,0x92,0x92,0x92,
	0x58,0xaa,0xa6,0xa9,0xaf,0xa5,0xac,0xab,0xab,0xab,0xab,0xab,0xab,0xab,0xab,0xab,
	0xea,0xea,0xea,0xea,0xea,0xea,0xea,0xeb,0xeb,0xec,0xec,0xec,0xec,0xec,0xec,0xec,
	0x12,0x11,0x11,0x10,0x10,0x0f,0x0f,0x0f,0x0f,0x0f,0x10,0x10,0x10,0x10,0x10,0x10,
	0x50,0x53,0x51,0x53,0x53,0x53,0x53,0x53,0x53,0x52,0x51,0x52,0x51,0x51,0x51,0x51,
	0x90,0x93,0x69,0x6d,0x6b,0x6a,0x6a,0x69,0x69,0x6a,0x6a,0x6a,0x6a,0x6a,0x6a,0x6a,
	0x29,0x29,0x29,0x29,0x29,0x29,0x29,0x29,0x29,0x29,0x29,0x29,0x29,0x29,0x29,0x29,
	0xd0,0xd1,0xd2,0xd1,0xd1,0xd1,0xd1,0xd1,0xd1,0xd1,0xd1,0xd1,0xd1,0xd1,0xd1,0xd1,
	0x92,0x92,0x92,0x92,0x92,0x92,0x92,0x92,0x92,0x93,0x94,0x92,0x93,0x90,0x93,0x6a,
	0x9b,0xa7,0xa8,0xae,0xa7,0xab,0xab,0xab,0xab,0xab,0xab,0xab,0xab,0xab,0xab,0xab,
	0xea,0xea,0xea,0xea,0xea,0xea,0xeb,0xec,0xec,0xec,0xec,0xec,0xec,0xec,0xec,0xec,
	0x11,0x10,0x10,0x10,0x10,0x10,0x10,0x10,0x0f,0x0f,0x10,0x10,0x10,0x10,0x10,0x10,
	0x50,0x52,0x51,0x52,0x52,0x52,0x52,0x52,0x52,0x52,0x51,0x51,0x51,0x51,0x51,0x51,
	0x94,0x90,0x94,0x6b,0x69,0x69,0x68,0x68,0x6a,0x6a,0x6a,0x6a,0x6a,0x6a,0x6a,0x6a,
	0x29,0x29,0x29,0x29,0x29,0x29,0x29,0x29,0x29,0x29,0x29,0x29,0x29,0x29,0x29,0x29,
	0xd1,0xd1,0xd1,0xd1,0xd1,0xd1,0xd1,0xd1,0xd1,0xd1,0xd1,0xd1,0xd1,0xd1,0xd1,0xd1,
	0x92,0x92,0x92,0x92,0x92,0x92,0x91,0x91,0x92,0x94,0x95,0x93,0x90,0x93,0x68,0x6b,
	0xa8,0xa8,0xad,0xa9,0xa9,0xab,0xab,0xab,0xab,0xab,0xab,0xab,0xab,0xab,0xab,0xab,
	0xea,0xea,0xea,0xea,0xea,0xea,0xeb,0xec,0xec,0xec,0xec,0xec,0xec,0xec,0xec,0xec,
	0x10,0x10,0x10,0x10,0x10,0x10,0x10,0x10,0x10,0x10,0x10,0x10,0x10,0x10,0x10,0x10,
	0x50,0x51,0x51,0x52,0x52,0x52,0x52,0x52,0x51,0x51,0x51,0x51,0x51,0x51,0x51,0x51,
	0x92,0x91,0x90,0x88,0x8d,0x70,0x61,0x6f,0x6c,0x6b,0x6a,0x6a,0x6a,0x6a,0x6a,0x6a,
	0x29,0x29,0x29,0x29,0x29,0x29,0x29,0x29,0x29,0x29,0x29,0x29,0x29,0x29,0x29,0x29,
	0xd2,0xd1,0xd1,0xd1,0xd1,0xd1,0xd1,0xd1,0xd1,0xd1,0xd1,0xd1,0xd1,0xd1,0xd1,0xd1,
	0x92,0x92,0x92,0x92,0x92,0x92,0x93,0x94,0x95,0x90,0x8e,0x95,0x6e,0x6f,0x6c,0x72,
	0xa7,0xac,0xab,0xa8,0xac,0xab,0xab,0xab,0xab,0xab,0xab,0xab,0xab,0xab,0xab,0xab,
	0xea,0xea,0xea,0xea,0xea,0xeb,0xec,0xec,0xec,0xec,0xec,0xec,0xec,0xec,0xec,0xec,
	0x10,0x10,0x10,0x10,0x10,0x10,0x10,0x10,0x10,0x10,0x10,0x10,0x10,0x10,0x10,0x10,
	0x51,0x51,0x51,0x52,0x52,0x52,0x52,0x51,0x51,0x51,0x51,0x51,0x51,0x51,0x51,0x51,
	0x93,0x93,0x94,0x92,0x92,0x92,0x90,0x8f,0x6c,0x6b,0x6a,0x6a,0x6a,0x6a,0x6a,0x6a,
	0x29,0x29,0x29,0x29,0x29,0x29,0x29,0x29,0x29,0x29,0x29,0x29,0x29,0x29,0x29,0x29,
	0xd1,0xd1,0xd1,0xd1,0xd1,0xd1,0xd1,0xd1,0xd1,0xd1,0xd1,0xd1,0xd1,0xd1,0xd1,0xd1,
	0x92,0x92,0x92,0x92,0x92,0x92,0x93,0x94,0x8d,0x74,0x66,0x71,0x6a,0x6b,0x69,0x6a,
	0xab,0xad,0xa7,0xac,0xab,0xab,0xab,0xab,0xab,0xab,0xab,0xab,0xab,0xab,0xab,0xab,
	0xea,0xea,0xea,0xea,0xeb,0xec,0xec,0xec,0xec,0xec,0xec,0xec,0xec,0xec,0xec,0xec,
	0x10,0x10,0x10,0x10,0x10,0x10,0x10,0x10,0x10,0x10,0x10,0x10,0x10,0x10,0x10,0x10,
	0x51,0x50,0x52,0x52,0x52,0x52,0x52,0x51,0x51,0x51,0x51,0x51,0x51,0x51,0x51,0x51,
	0x93,0x93,0x94,0x92,0x92,0x92,0x91,0x91,0x91,0x8f,0x7a,0x6a,0x6a,0x70,0x69,0x70,
	0x24,0x27,0x29,0x29,0x30,0x29,0x27,0x28,0x29,0x29,0x29,0x29,0x29,0x29,0x29,0x29,
	0xd1,0xd1,0xd1,0xd1,0xd1,0xd1,0xd1,0xd1,0xd1,0xd1,0xd1,0xd1,0xce,0xd4,0xcf,0xcf,
	0x91,0x93,0x93,0x8f,0x95,0x8d,0x8f,0x6e,0x6b,0x68,0x69,0x6a,0x69,0x69,0x69,0x69,
	0xae,0xa5,0xac,0xab,0xab,0xab,0xab,0xab,0xab,0xab,0xab,0xab,0xab,0xab,0xab,0xab,
	0xea,0xea,0xea,0xea,0xec,0xec,0xec,0xec,0xec,0xec,0xec,0xec,0xec,0xec,0xec,0xec,
	0x10,0x10,0x10,0x10,0x10,0x10,0x10,0x10,0x10,0x10,0x10,0x10,0x10,0x10,0x10,0x10,
	0x52,0x50,0x52,0x52,0x52,0x52,0x52,0x51,0x51,0x51,0x51,0x51,0x51,0x51,0x51,0x51,
	0x93,0x93,0x94,0x92,0x92,0x92,0x91,0x91,0x91,0x91,0x91,0x8c,0x8e,0x6c,0x66,0x69,
	0x29,0x29,0x28,0x28,0x28,0x26,0x26,0x2c,0x2b,0x2a,0x29,0x29,0x29,0x29,0x29,0x29,
	0xd1,0xd1,0xd1,0xd1,0xd1,0xd1,0xd1,0xd1,0xd1,0xd1,0xd1,0xd1,0xd0,0xc9,0xd1,0xd2,
	0x8c,0x90,0x94,0x90,0x6e,0x6d,0x64,0x68,0x69,0x6a,0x69,0x69,0x69,0x69,0x69,0x69,
	0xa6,0xab,0xab,0xab,0xab,0xab,0xab,0xab,0xab,0xab,0xab,0xab,0xab,0xab,0xab,0xab,
	0xea,0xea,0xea,0xec,0xec,0xec,0xec,0xec,0xec,0xec,0xec,0xec,0xec,0xec,0xec,0xec,
	0x10,0x10,0x10,0x10,0x10,0x10,0x10,0x10,0x10,0x10,0x10,0x10,0x10,0x10,0x10,0x10,
	0x52,0x50,0x52,0x52,0x52,0x52,0x52,0x51,0x51,0x51,0x51,0x51,0x51,0x51,0x51,0x51,
	0x93,0x93,0x94,0x92,0x92,0x92,0x91,0x91,0x91,0x91,0x91,0x91,0x8a,0x98,0x91,0x8b,
	0xd7,0x2b,0x2f,0x2a,0x26,0x2d,0x24,0x29,0x2b,0x2a,0x29,0x29,0x29,0x29,0x29,0x29,
	0xd1,0xd1,0xd1,0xd1,0xd1,0xd1,0xd1,0xd1,0xd1,0xd1,0xd1,0xd1,0xd8,0xd2,0xd1,0xd9,
	0x74,0x6b,0x6c,0x67,0x69,0x6c,0x6b,0x6a,0x69,0x69,0x69,0x69,0x69,0x69,0x69,0x69,
	0xaa,0xab,0xab,0xab,0xab,0xab,0xab,0xab,0xab,0xab,0xab,0xab,0xab,0xab,0xab,0xab,
	0xea,0xea,0xeb,0xec,0xec,0xec,0xec,0xec,0xec,0xec,0xec,0xec,0xec,0xec,0xec,0xec,
	0x10,0x10,0x10,0x10,0x10,0x10,0x10,0x10,0x10,0x10,0x10,0x10,0x10,0x10,0x10,0x10,
	0x52,0x51,0x52,0x52,0x52,0x52,0x52,0x51,0x51,0x51,0x51,0x51,0x51,0x51,0x51,0x51,
	0x93,0x93,0x94,0x92,0x92,0x92,0x91,0x91,0x91,0x91,0x91,0x91,0x8f,0x8f,0x94,0x8c,
	0xd0,0xd6,0xd7,0xce,0xce,0x2b,0x25,0x29,0x2a,0x29,0x29,0x29,0x29,0x29,0x29,0x29,
	0xd1,0xd1,0xd1,0xd1,0xd1,0xd1,0xd1,0xd1,0xd1,0xd1,0xd1,0xd1,0x2d,0x2c,0x29,0x2a,
	0x6f,0x68,0x6f,0x6f,0x72,0x66,0x65,0x69,0x69,0x69,0x69,0x69,0x69,0x69,0x69,0x69,
	0xac,0xab,0xab,0xab,0xab,0xab,0xab,0xab,0xab,0xab,0xab,0xab,0xab,0xab,0xab,0xab,
	0xea,0xeb,0xec,0xec,0xec,0xec,0xec,0xec,0xec,0xec,0xec,0xec,0xec,0xec,0xec,0xec,
};
static const unsigned char ref_chroma[8192] = {
	0x80,0x80,0x80,0x80,0x80,0x80,0x80,0x80,0x80,0x80,0x80,0x80,0x80,0x80,0x7e,0x82,
	0x5d,0xef,0x5b,0xf1,0x5b,0xf1,0x5b,0xf1,0x5b,0xf1,0x5b,0xf1,0x5b,0xf1,0x5a,0xf0,
	0x35,0x27,0x38,0x25,0x3a,0x21,0x3a,0x1d,0x38,0x23,0x34,0x20,0x33,0x1e,0x2d,0x1b,
	0x15,0x92,0x18,0x90,0x51,0x8a,0x7d,0x86,0x7e,0x82,0x7e,0x82,0x7e,0x82,0x7f,0x82,
	0x81,0x83,0x82,0x83,0x82,0x83,0x82,0x83,0x81,0x7e,0x81,0x7a,0xe0,0x74,0xdf,0x72,
	0xd5,0xe6,0xd1,0xe5,0xcd,0xe2,0xce,0xdd,0xcc,0xdf,0xc8,0xe0,0xc9,0xdf,0xcd,0xdd,
	0xa7,0x12,0xa6,0x11,0xa6,0x11,0xa6,0x11,0xa6,0x11,0xa6,0x11,0xa6,0x11,0xa4,0x13,
	0x82,0x7e,0x80,0x80,0x80,0x80,0x80,0x80,0x80,0x80,0x80,0x80,0x80,0x80,0x80,0x80,
	0x80,0x80,0x80,0x80,0x80,0x80,0x80,0x80,0x80,0x80,0x80,0x80,0x80,0x80,0x7e,0x82,
	0x5d,0xef,0x5b,0xf1,0x5b,0xf1,0x5b,0xf1,0x5b,0xf1,0x5b,0xf1,0x5b,0xf1,0x5a,0xf0,
	0x34,0x20,0x35,0x20,0x36,0x20,0x35,0x1f,0x2a,0x16,0x3e,0x2b,0x5e,0x53,0x81,0x81,
	0xb2,0x76,0xe1,0x73,0xee,0x6f,0xf8,0x6c,0xfd,0x6c,0xfd,0x6c,0xfd,0x6c,0xfc,0x6d,
	0x04,0x92,0x03,0x93,0x03,0x93,0x03,0x93,0x04,0x98,0x05,0x95,0x1a,0x91,0x1c,0x8e,
	0x7c,0x82,0x80,0x81,0xc2,0xcd,0xcb,0xdc,0xce,0xe5,0xc9,0xe0,0xc8,0xdc,0xcd,0xdc,
	0xa7,0x12,0xa6,0x11,0xa6,0x11,0xa6,0x11,0xa6,0x11,0xa6,0x11,0xa6,0x11,0xa4,0x13,
	0x82,0x7e,0x80,0x80,0x80,0x80,0x80,0x80,0x80,0x80,0x80,0x80,0x80,0x80,0x80,0x80,
	0x80,0x80,0x80,0x80,0x80,0x80,0x80,0x80,0x80,0x80,0x80,0x80,0x80,0x80,0x7e,0x82,
	0x5d,0xef,0x5b,0xf1,0x5b,0xf1,0x5b,0xf1,0x5b,0xf1,0x5b,0xf1,0x5b,0xf1,0x5a,0xf0,
	0x37,0x24,0x2e,0x1c,0x32,0x21,0x3f,0x2f,0x7f,0x7f,0xbd,0xcd,0xc8,0xe0,0xd2,0xe9,
	0xf7,0x72,0xf5,0x71,0xf5,0x6f,0xf2,0x6f,0xf1,0x6f,0xf1,0x6f,0xf1,0x6f,0xf0,0x70,
	0x10,0x91,0x0f,0x92,0x0f,0x92,0x0f,0x92,0x10,0x93,0x16,0x92,0x0a,0x91,0x11,0x8f,
	0x2d,0x1b,0x2f,0x1b,0x3e,0x2f,0x5d,0x57,0x9c,0xa7,0xc2,0xce,0xd1,0xe3,0xc6,0xe0,
	0xa7,0x12,0xa6,0x11,0xa6,0x11,0xa6,0x11,0xa6,0x11,0xa6,0x11,0xa6,0x11,0xa4,0x13,
	0x82,0x7e,0x80,0x80,0x80,0x80,0x80,0x80,0x80,0x80,0x80,0x80,0x80,0x80,0x80,0x80,
	0x80,0x80,0x80,0x80,0x80,0x80,0x80,0x80,0x80,0x80,0x80,0x80,0x80,0x80,0x7e,0x82,
	0x5d,0xef,0x5b,0xf1,0x5b,0xf1,0x5b,0xf1,0x5b,0xf1,0x5b,0xf1,0x5b,0xf1,0x5a,0xf0,
	0x2e,0x1c,0x5e,0x56,0x9d,0xa6,0xbf,0xd3,0xd6,0xe5,0xc9,0xda,0xcd,0xe1,0xc7,0xdc,
	0xf1,0x6f,0xf1,0x6e,0xf1,0x6f,0xec,0x70,0xf0,0x6c,0xf0,0x6c,0xf0,0x6c,0xef,0x6d,
	0x0f,0x90,0x0e,0x91,0x0e,0x91,0x0e,0x91,0x10,0x93,0x10,0x93,0x12,0x94,0x13,0x93,
	0x35,0x1e,0x34,0x23,0x3a,0x22,0x33,0x1a,0x34,0x1d,0x42,0x32,0x7c,0x7d,0xc9,0xdc,
	0xa7,0x12,0xa6,0x11,0xa6,0x11,0xa6,0x11,0xa6,0x11,0xa6,0x11,0xa6,0x11,0xa4,0x13,
	0x82,0x7e,0x80,0x80,0x80,0x80,0x80,0x80,0x80,0x80,0x80,0x80,0x80,0x80,0x80,0x80,
	0x80,0x80,0x80,0x80,0x80,0x80,0x80,0x80,0x80,0x80,0x80,0x80,0x80,0x80,0x7e,0x82,
	0x62,0xf2,0x5d,0xf3,0x59,0xf5,0x56,0xf5,0x61,0xf1,0x5d,0xef,0x55,0xf7,0x62,0xe0,
	0x7f,0x82,0xc7,0xda,0xcf,0xe0,0xc7,0xdd,0xcb,0xdf,0xcb,0xdf,0xcb,0xdf,0xcc,0xde,
	0xee,0x6f,0xf0,0x6e,0xf2,0x6f,0xef,0x70,0xf0,0x6e,0xf0,0x6e,0xf0,0x6e,0xef,0x6f,
	0x11,0x90,0x10,0x91,0x10,0x91,0x10,0x91,0x11,0x92,0x11,0x92,0x11,0x92,0x12,0x91,
	0x34,0x23,0x37,0x23,0x37,0x22,0x34,0x1f,0x32,0x23,0x33,0x1d,0x2f,0x16,0x5f,0x52,
	0x8e,0x53,0xa3,0x14,0xa5,0x12,0xa5,0x0f,0xa3,0x10,0xa7,0x10,0xa8,0x12,0xa2,0x14,
	0x82,0x7e,0x80,0x80,0x80,0x80,0x80,0x80,0x80,0x80,0x80,0x80,0x80,0x80,0x80,0x80,
	0x80,0x80,0x80,0x80,0x80,0x80,0x80,0x80,0x80,0x80,0x80,0x80,0x80,0x80,0x7e,0x82,
	0x5f,0xef,0x5c,0xea,0x5a,0xf2,0x59,0xf5,0x5b,0xee,0x5d,0xf0,0x70,0xac,0x9d,0x23,
	0xc8,0xe5,0xd1,0xdb,0xc9,0xda,0xca,0xdd,0xcb,0xdf,0xcb,0xdf,0xcb,0xdf,0xcc,0xde,
	0xee,0x6f,0xf0,0x6e,0xf2,0x6f,0xef,0x70,0xf0,0x6e,0xf0,0x6e,0xf0,0x6e,0xef,0x6f,
	0x11,0x90,0x10,0x91,0x10,0x91,0x10,0x91,0x11,0x92,0x11,0x92,0x11,0x92,0x12,0x91,
	0x34,0x23,0x37,0x23,0x37,0x22,0x34,0x1f,0x35,0x24,0x36,0x1f,0x30,0x21,0x30,0x1c,
	0x5b,0xec,0x75,0xb0,0x9e,0x1b,0xad,0x07,0xa3,0x13,0xa1,0x0f,0xa4,0x13,0xa6,0x10,
	0x82,0x7e,0x80,0x80,0x80,0x80,0x80,0x80,0x80,0x80,0x80,0x80,0x80,0x80,0x80,0x80,
	0x80,0x80,0x80,0x80,0x80,0x80,0x80,0x80,0x80,0x80,0x80,0x80,0x80,0x80,0x7e,0x82,
	0x5b,0xed,0x5a,0xef,0x5c,0xed,0x5d,0xfa,0x5f,0xeb,0x8d,0x56,0xa4,0x14,0xa9,0x0c,
	0xc8,0xd7,0xca,0xdf,0xc6,0xd9,0xc7,0xe0,0xcb,0xdf,0xcb,0xdf,0xcb,0xdf,0xcc,0xde,
	0xee,0x6f,0xf0,0x6e,0xf2,0x6f,0xef,0x70,0xf0,0x6e,0xf0,0x6e,0xf0,0x6e,0xef,0x6f,
	0x11,0x90,0x10,0x91,0x10,0x91,0x10,0x91,0x11,0x92,0x11,0x92,0x11,0x92,0x12,0x91,
	0x34,0x23,0x37,0x23,0x37,0x22,0x34,0x1f,0x39,0x25,0x35,0x26,0x36,0x1f,0x34,0x23,
	0x57,0xed,0x5e,0xf5,0x64,0xe2,0x8b,0x4e,0xa9,0x04,0xab,0x13,0xa8,0x0f,0xa2,0x0b,
	0x82,0x7e,0x80,0x80,0x80,0x80,0x80,0x80,0x80,0x80,0x80,0x80,0x80,0x80,0x80,0x80,
	0x80,0x80,0x80,0x80,0x80,0x80,0x80,0x80,0x80,0x80,0x80,0x80,0x80,0x80,0x7e,0x82,
	0x59,0xec,0x57,0xf1,0x5d,0xf6,0x62,0xb3,0x94,0x4c,0xa4,0x0b,0xa7,0x12,0xa9,0x10,
	0xc9,0xdc,0xcc,0xe0,0xca,0xde,0xca,0xe0,0xcb,0xdf,0xcb,0xdf,0xcb,0xdf,0xcc,0xde,
	0xee,0x6f,0xf1,0x6e,0xf1,0x70,0xef,0x6f,0xf0,0x6e,0xf0,0x6e,0xf0,0x6e,0xef,0x6f,
	0x11,0x90,0x10,0x91,0x10,0x91,0x10,0x91,0x11,0x92,0x11,0x92,0x11,0x92,0x12,0x91,
	0x34,0x23,0x36,0x23,0x36,0x22,0x34,0x20,0x32,0x23,0x38,0x21,0x35,0x20,0x34,0x24,
	0x57,0xf1,0x5b,0xec,0x5c,0xf0,0x5e,0xee,0x82,0x7e,0x9c,0x18,0xad,0x0a,0xa0,0x16,
	0x82,0x7e,0x80,0x80,0x80,0x80,0x80,0x80,0x80,0x80,0x80,0x80,0x80,0x80,0x80,0x80,
	0x80,0x80,0x80,0x80,0x80,0x80,0x80,0x80,0x80,0x80,0x80,0x80,0x80,0x80,0x7e,0x82,
	0x58,0xee,0x5c,0xf4,0x6d,0xb9,0xa0,0x17,0xa6,0x0b,0xa8,0x11,0xa7,0x11,0xa9,0x12,
	0xca,0xdd,0xcd,0xe1,0xcb,0xdf,0xcb,0xdf,0xca,0xde,0xca,0xde,0xca,0xde,0xcb,0xdd,
	0xef,0x6f,0xf1,0x6f,0xf0,0x6f,0xf0,0x6f,0xf0,0x6e,0xf0,0x6e,0xf0,0x6e,0xef,0x6f,
	0x11,0x90,0x10,0x91,0x10,0x91,0x10,0x91,0x11,0x92,0x11,0x92,0x11,0x92,0x12,0x91,
	0x34,0x23,0x36,0x22,0x36,0x22,0x35,0x21,0x34,0x23,0x36,0x21,0x35,0x21,0x35,0x23,
	0x57,0xf1,0x5b,0xec,0x5a,0xf0,0x56,0xf4,0x57,0xfd,0x78,0xad,0xa0,0x12,0xac,0x17,
	0x82,0x7e,0x80,0x80,0x80,0x80,0x80,0x80,0x80,0x80,0x80,0x80,0x80,0x80,0x80,0x80,
	0x80,0x80,0x80,0x80,0x80,0x80,0x80,0x80,0x80,0x80,0x80,0x80,0x80,0x80,0x7e,0x82,
	0x57,0xf4,0x70,0xba,0xa0,0x11,0xa9,0x0b,0xa6,0x13,0xa8,0x10,0xa8,0x10,0xa9,0x11,
	0xc9,0xdc,0xcc,0xe0,0xca,0xde,0xca,0xdf,0xca,0xde,0xca,0xde,0xca,0xde,0xcb,0xdd,
	0xf1,0x70,0xef,0x70,0xf0,0x6e,0xf0,0x6e,0xf0,0x6e,0xf0,0x6e,0xf0,0x6e,0xef,0x6f,
	0x11,0x90,0x10,0x91,0x10,0x91,0x10,0x91,0x11,0x92,0x11,0x92,0x11,0x92,0x12,0x91,
	0x34,0x23,0x35,0x22,0x35,0x22,0x35,0x22,0x35,0x22,0x35,0x22,0x35,0x22,0x36,0x23,
	0x59,0xf0,0x5c,0xee,0x5a,0xee,0x58,0xf2,0x58,0xf0,0x5d,0xfc,0x73,0xad,0xa0,0x14,
	0x82,0x7e,0x80,0x80,0x80,0x80,0x80,0x80,0x80,0x80,0x80,0x80,0x80,0x80,0x80,0x80,
	0x80,0x80,0x80,0x80,0x80,0x80,0x80,0x80,0x80,0x80,0x80,0x80,0x80,0x80,0x7e,0x82,
	0x6d,0xb5,0x9d,0x11,0xa4,0x0e,0xac,0x11,0xa8,0x10,0xa8,0x10,0xa8,0x10,0xa9,0x11,
	0xc9,0xdc,0xcc,0xe0,0xca,0xde,0xca,0xdf,0xca,0xde,0xca,0xde,0xca,0xde,0xcb,0xdd,
	0xee,0x71,0xf0,0x6e,0xf0,0x6e,0xf0,0x6e,0xf0,0x6e,0xf0,0x6e,0xf0,0x6e,0xef,0x6f,
	0x11,0x90,0x10,0x91,0x10,0x91,0x10,0x91,0x11,0x92,0x11,0x92,0x11,0x92,0x12,0x91,
	0x34,0x23,0x35,0x22,0x35,0x22,0x35,0x22,0x35,0x22,0x35,0x22,0x35,0x22,0x36,0x23,
	0x59,0xf0,0x5c,0xee,0x5a,0xee,0x58,0xf2,0x56,0xf1,0x5c,0xf4,0x5d,0xf5,0x77,0xaf,
	0x7f,0x82,0x80,0x80,0x80,0x80,0x80,0x80,0x80,0x80,0x80,0x80,0x80,0x80,0x80,0x80,
	0x80,0x80,0x80,0x80,0x80,0x80,0x80,0x80,0x80,0x80,0x80,0x80,0x80,0x80,0x82,0x7e,
	0xa8,0x17,0xa7,0x0b,0xa6,0x11,0xa7,0x11,0xa8,0x10,0xa8,0x10,0xa8,0x10,0xa9,0x11,
	0xc9,0xdc,0xcc,0xe0,0xca,0xde,0xca,0xdf,0xca,0xde,0xca,0xde,0xca,0xde,0xcb,0xdd,
	0xef,0x6f,0xf0,0x6e,0xf0,0x6e,0xf0,0x6e,0xf0,0x6e,0xf0,0x6e,0xf0,0x6e,0xef,0x6f,
	0x11,0x90,0x10,0x91,0x10,0x91,0x10,0x91,0x11,0x92,0x11,0x92,0x11,0x92,0x12,0x91,
	0x34,0x23,0x35,0x22,0x35,0x22,0x35,0x22,0x35,0x22,0x35,0x22,0x35,0x22,0x36,0x23,
	0x59,0xf0,0x5c,0xee,0x5a,0xee,0x58,0xf2,0x55,0xf1,0x56,0xf2,0x58,0xf2,0x57,0xed,
	0x7e,0x82,0x80,0x80,0x80,0x80,0x80,0x80,0x80,0x80,0x80,0x80,0x80,0x80,0x80,0x80,
	0x80,0x80,0x80,0x80,0x80,0x80,0x80,0x80,0x80,0x80,0x80,0x80,0x80,0x80,0x82,0x7e,
	0xa5,0x0d,0xa6,0x11,0xa7,0x11,0xa8,0x10,0xa5,0x10,0xa5,0x10,0xa5,0x10,0xa6,0x11,
	0xc9,0xdc,0xcc,0xe0,0xca,0xde,0xca,0xdf,0xca,0xde,0xca,0xde,0xca,0xde,0xcb,0xdd,
	0xef,0x6f,0xf0,0x6e,0xf0,0x6e,0xf0,0x6e,0xf0,0x6e,0xf0,0x6e,0xf0,0x6e,0xef,0x6f,
	0x11,0x90,0x10,0x91,0x10,0x91,0x10,0x91,0x11,0x92,0x11,0x92,0x11,0x92,0x12,0x91,
	0x34,0x23,0x35,0x22,0x35,0x22,0x35,0x22,0x35,0x22,0x35,0x22,0x35,0x22,0x36,0x23,
	0x59,0xf0,0x5c,0xee,0x5a,0xee,0x58,0xf2,0x5a,0xf1,0x5a,0xf1,0x5a,0xf1,0x5a,0xed,
	0x7e,0x82,0x80,0x80,0x80,0x80,0x80,0x80,0x80,0x80,0x80,0x80,0x80,0x80,0x80,0x80,
	0x80,0x80,0x80,0x80,0x80,0x80,0x80,0x80,0x80,0x80,0x80,0x80,0x80,0x80,0x82,0x7e,
	0xa4,0x13,0xa7,0x11,0xa8,0x10,0xa8,0x10,0xa5,0x10,0xa5,0x10,0xa5,0x10,0xa6,0x11,
	0xc9,0xdc,0xcc,0xe0,0xca,0xde,0xca,0xdf,0xca,0xde,0xca,0xde,0xca,0xde,0xcb,0xdd,
	0xef,0x6f,0xf0,0x6e,0xf0,0x6e,0xf0,0x6e,0xf0,0x6e,0xf0,0x6e,0xf0,0x6e,0xef,0x6f,
	0x11,0x90,0x10,0x91,0x10,0x91,0x10,0x91,0x11,0x92,0x11,0x92,0x11,0x92,0x12,0x91,
	0x34,0x23,0x35,0x22,0x35,0x22,0x35,0x22,0x35,0x22,0x35,0x22,0x35,0x22,0x36,0x23,
	0x59,0xf0,0x5c,0xee,0x5a,0xee,0x58,0xf2,0x5a,0xf1,0x5a,0xf1,0x5a,0xf1,0x5b,0xee,
	0x7e,0x82,0x80,0x80,0x80,0x80,0x80,0x80,0x80,0x80,0x80,0x80,0x80,0x80,0x80,0x80,
	0x80,0x80,0x80,0x80,0x80,0x80,0x80,0x80,0x80,0x80,0x80,0x80,0x80,0x80,0x82,0x7e,
	0xa5,0x13,0xa8,0x10,0xa8,0x10,0xa8,0x10,0xa5,0x10,0xa5,0x10,0xa5,0x10,0xa6,0x11,
	0xc9,0xdc,0xcc,0xe0,0xca,0xde,0xca,0xdf,0xca,0xde,0xca,0xde,0xca,0xde,0xcb,0xdd,
	0xef,0x6f,0xf0,0x6e,0xf0,0x6e,0xf0,0x6e,0xf0,0x6e,0xf0,0x6e,0xf0,0x6e,0xef,0x6f,
	0x11,0x90,0x10,0x91,0x10,0x91,0x10,0x91,0x11,0x92,0x11,0x92,0x11,0x92,0x12,0x91,
	0x34,0x23,0x35,0x22,0x35,0x22,0x35,0x22,0x35,0x22,0x35,0x22,0x35,0x22,0x36,0x23,
	0x59,0xf0,0x5c,0xee,0x5a,0xee,0x58,0xf2,0x5a,0xf2,0x5a,0xf1,0x5a,0xf1,0x5b,0xee,
	0x7e,0x82,0x80,0x80,0x80,0x80,0x80,0x80,0x80,0x80,0x80,0x80,0x80,0x80,0x80,0x80,
	0x80,0x80,0x80,0x80,0x80,0x80,0x80,0x80,0x80,0x80,0x80,0x80,0x80,0x80,0x82,0x7e,
	0xa6,0x12,0xa8,0x10,0xa8,0x10,0xa7,0x10,0xa5,0x10,0xa5,0x10,0xa5,0x10,0xa6,0x11,
	0xc9,0xdd,0xcc,0xe0,0xca,0xde,0xca,0xdf,0xca,0xde,0xca,0xde,0xca,0xde,0xcb,0xdd,
	0xef,0x6f,0xf0,0x6e,0xf0,0x6e,0xf0,0x6e,0xf0,0x6e,0xf0,0x6e,0xf0,0x6e,0xef,0x6f,
	0x11,0x90,0x10,0x91,0x10,0x91,0x10,0x91,0x11,0x92,0x11,0x92,0x11,0x92,0x12,0x91,
	0x34,0x23,0x35,0x22,0x35,0x22,0x35,0x22,0x35,0x22,0x35,0x22,0x35,0x22,0x36,0x23,
	0x59,0xf0,0x5c,0xee,0x5a,0xee,0x58,0xf2,0x5a,0xf1,0x5a,0xf1,0x5a,0xf1,0x5b,0xef,
	0x7e,0x82,0x80,0x80,0x80,0x80,0x80,0x80,0x80,0x80,0x80,0x80,0x80,0x80,0x80,0x80,
	0x80,0x80,0x80,0x80,0x80,0x80,0x80,0x80,0x80,0x80,0x80,0x80,0x80,0x80,0x81,0x7f,
	0xa7,0x11,0xa8,0x10,0xa8,0x10,0xa6,0x10,0xa5,0x10,0xa5,0x10,0xa5,0x10,0xa6,0x11,
	0xca,0xdd,0xcb,0xdf,0xca,0xdf,0xca,0xde,0xca,0xde,0xca,0xde,0xca,0xde,0xcb,0xdd,
	0xef,0x6f,0xf0,0x6e,0xf0,0x6e,0xf0,0x6e,0xf0,0x6e,0xf0,0x6e,0xf0,0x6e,0xef,0x6f,
	0x11,0x90,0x10,0x91,0x10,0x91,0x10,0x91,0x11,0x92,0x11,0x92,0x11,0x92,0x12,0x91,
	0x34,0x23,0x35,0x22,0x35,0x22,0x35,0x22,0x35,0x22,0x35,0x22,0x35,0x22,0x37,0x24,
	0x58,0xef,0x5c,0xee,0x5a,0xee,0x58,0xf2,0x5a,0xf1,0x59,0xf0,0x59,0xf0,0x5b,0xef,
	0x7f,0x81,0x80,0x80,0x80,0x80,0x80,0x80,0x80,0x80,0x80,0x80,0x80,0x80,0x80,0x80,
	0x80,0x80,0x80,0x80,0x80,0x80,0x80,0x80,0x80,0x80,0x80,0x80,0x80,0x80,0x81,0x7f,
	0xa7,0x11,0xa8,0x10,0xa5,0x10,0xa5,0x10,0xa5,0x10,0xa5,0x10,0xa5,0x10,0xa6,0x11,
	0xcb,0xdf,0xca,0xde,0xca,0xdf,0xca,0xde,0xca,0xde,0xca,0xde,0xca,0xde,0xcb,0xdd,
	0xef,0x6f,0xf0,0x6e,0xf0,0x6e,0xf0,0x6e,0xf0,0x6e,0xf0,0x6e,0xf0,0x6e,0xef,0x6f,
	0x11,0x90,0x10,0x91,0x10,0x91,0x10,0x91,0x11,0x92,0x11,0x92,0x11,0x92,0x12,0x91,
	0x34,0x23,0x35,0x22,0x35,0x22,0x35,0x22,0x35,0x22,0x35,0x22,0x35,0x22,0x37,0x24,
	0x58,0xef,0x5c,0xee,0x5a,0xef,0x58,0xf2,0x59,0xf0,0x59,0xf0,0x59,0xf0,0x5a,0xef,
	0x7f,0x81,0x80,0x80,0x80,0x80,0x80,0x80,0x80,0x80,0x80,0x80,0x80,0x80,0x80,0x80,
	0x80,0x80,0x80,0x80,0x80,0x80,0x80,0x80,0x80,0x80,0x80,0x80,0x80,0x80,0x81,0x7f,
	0xa7,0x11,0xa5,0x10,0xa5,0x10,0xa5,0x10,0xa5,0x10,0xa5,0x10,0xa5,0x10,0xa6,0x11,
	0xca,0xde,0xca,0xdf,0xca,0xde,0xca,0xde,0xca,0xde,0xca,0xde,0xca,0xde,0xcb,0xdd,
	0xef,0x6f,0xf0,0x6e,0xf0,0x6e,0xf0,0x6e,0xf0,0x6e,0xf0,0x6e,0xf0,0x6e,0xef,0x6f,
	0x11,0x90,0x10,0x91,0x10,0x91,0x10,0x91,0x11,0x92,0x11,0x92,0x11,0x92,0x12,0x91,
	0x34,0x23,0x35,0x22,0x35,0x22,0x35,0x22,0x35,0x22,0x35,0x22,0x35,0x22,0x37,0x24,
	0x58,0xee,0x5c,0xee,0x5a,0xef,0x59,0xf2,0x59,0xf0,0x59,0xf0,0x59,0xf0,0x5a,0xef,
	0x7f,0x81,0x80,0x80,0x80,0x80,0x80,0x80,0x80,0x80,0x80,0x80,0x80,0x80,0x80,0x80,
	0x80,0x80,0x80,0x80,0x80,0x80,0x80,0x80,0x80,0x80,0x80,0x80,0x80,0x80,0x81,0x7f,
	0xa4,0x11,0xa5,0x10,0xa5,0x10,0xa5,0x10,0xa5,0x10,0xa5,0x10,0xa5,0x10,0xa6,0x11,
	0xc9,0xdd,0xca,0xdf,0xca,0xde,0xca,0xde,0xca,0xde,0xca,0xde,0xca,0xde,0xcb,0xdd,
	0xef,0x6f,0xf0,0x6e,0xf0,0x6e,0xf0,0x6e,0xf0,0x6e,0xf0,0x6e,0xf0,0x6e,0xef,0x6f,
	0x11,0x90,0x10,0x91,0x10,0x91,0x10,0x91,0x11,0x92,0x11,0x92,0x11,0x92,0x12,0x91,
	0x34,0x23,0x35,0x22,0x35,0x22,0x35,0x22,0x35,0x22,0x35,0x22,0x35,0x22,0x37,0x24,
	0x59,0xee,0x5c,0xee,0x5a,0xef,0x59,0xf2,0x59,0xf0,0x59,0xf0,0x59,0xf0,0x5a,0xef,
	0x7f,0x81,0x80,0x80,0x80,0x80,0x80,0x80,0x80,0x80,0x80,0x80,0x80,0x80,0x80,0x80,
	0x80,0x80,0x80,0x80,0x80,0x80,0x80,0x80,0x80,0x80,0x80,0x80,0x80,0x80,0x81,0x7f,
	0xa4,0x11,0xa5,0x10,0xa5,0x10,0xa5,0x10,0xa5,0x10,0xa5,0x10,0xa5,0x10,0xa6,0x11,
	0xc9,0xde,0xca,0xde,0xca,0xde,0xca,0xde,0xca,0xde,0xca,0xde,0xca,0xde,0xcb,0xdd,
	0xef,0x6f,0xf0,0x6e,0xf0,0x6e,0xf0,0x6e,0xf0,0x6e,0xf0,0x6e,0xf0,0x6e,0xef,0x6f,
	0x11,0x90,0x10,0x91,0x10,0x91,0x10,0x91,0x11,0x92,0x11,0x92,0x11,0x92,0x12,0x91,
	0x34,0x23,0x35,0x22,0x35,0x22,0x35,0x22,0x35,0x22,0x35,0x22,0x35,0x22,0x36,0x23,
	0x5a,0xef,0x5c,0xee,0x5a,0xef,0x59,0xf2,0x59,0xf0,0x59,0xf0,0x59,0xf0,0x5a,0xef,
	0x7f,0x81,0x80,0x80,0x80,0x80,0x80,0x80,0x80,0x80,0x80,0x80,0x80,0x80,0x80,0x80,
	0x80,0x80,0x80,0x80,0x80,0x80,0x80,0x80,0x80,0x80,0x80,0x80,0x80,0x80,0x81,0x7f,
	0xa4,0x11,0xa5,0x10,0xa5,0x10,0xa5,0x10,0xa5,0x10,0xa5,0x10,0xa5,0x10,0xa6,0x11,
	0xc9,0xde,0xca,0xde,0xca,0xde,0xca,0xde,0xca,0xde,0xca,0xde,0xca,0xde,0xcb,0xdd,
	0xef,0x6f,0xf0,0x6e,0xf0,0x6e,0xf0,0x6e,0xf0,0x6e,0xf0,0x6e,0xf0,0x6e,0xef,0x6f,
	0x11,0x90,0x10,0x91,0x10,0x91,0x10,0x91,0x11,0x92,0x11,0x92,0x11,0x92,0x12,0x91,
	0x34,0x23,0x35,0x22,0x35,0x22,0x35,0x22,0x35,0x22,0x35,0x22,0x35,0x22,0x36,0x23,
	0x5a,0xef,0x5c,0xee,0x5a,0xef,0x59,0xf2,0x59,0xf0,0x59,0xf0,0x59,0xf0,0x5a,0xef,
	0x7f,0x81,0x80,0x80,0x80,0x80,0x80,0x80,0x80,0x80,0x80,0x80,0x80,0x80,0x80,0x80,
	0x80,0x80,0x80,0x80,0x80,0x80,0x80,0x80,0x80,0x80,0x80,0x80,0x80,0x80,0x81,0x7f,
	0xa4,0x11,0xa5,0x10,0xa5,0x10,0xa5,0x10,0xa5,0x10,0xa5,0x10,0xa5,0x10,0xa6,0x11,
	0xc9,0xdd,0xca,0xde,0xca,0xde,0xca,0xde,0xca,0xde,0xca,0xde,0xca,0xde,0xcb,0xdd,
	0xef,0x6f,0xf0,0x6e,0xf0,0x6e,0xf0,0x6e,0xf0,0x6e,0xf0,0x6e,0xf0,0x6e,0xef,0x6f,
	0x11,0x90,0x10,0x91,0x10,0x91,0x10,0x91,0x11,0x92,0x11,0x92,0x11,0x92,0x12,0x91,
	0x34,0x23,0x35,0x22,0x35,0x22,0x35,0x22,0x35,0x22,0x35,0x22,0x35,0x22,0x36,0x23,
	0x5a,0xef,0x5c,0xee,0x5a,0xef,0x59,0xf2,0x59,0xf0,0x59,0xf0,0x59,0xf0,0x5a,0xef,
	0x7f,0x81,0x80,0x80,0x80,0x80,0x80,0x80,0x80,0x80,0x80,0x80,0x80,0x80,0x80,0x80,
	0x80,0x80,0x80,0x80,0x80,0x80,0x80,0x80,0x80,0x80,0x80,0x80,0x80,0x80,0x81,0x7f,
	0xa4,0x11,0xa5,0x10,0xa5,0x10,0xa5,0x10,0xa5,0x10,0xa5,0x10,0xa5,0x10,0xa6,0x11,
	0xc9,0xdd,0xca,0xde,0xca,0xde,0xca,0xde,0xca,0xde,0xca,0xde,0xca,0xde,0xcb,0xdd,
	0xef,0x6f,0xf0,0x6e,0xf0,0x6e,0xf0,0x6e,0xf0,0x6e,0xf0,0x6e,0xf0,0x6e,0xef,0x6f,
	0x11,0x90,0x10,0x91,0x10,0x91,0x10,0x91,0x11,0x92,0x11,0x92,0x11,0x92,0x12,0x91,
	0x34,0x23,0x35,0x22,0x35,0x22,0x35,0x22,0x35,0x23,0x35,0x23,0x35,0x23,0x36,0x24,
	0x5a,0xef,0x5c,0xee,0x5a,0xef,0x59,0xf2,0x59,0xf0,0x59,0xf0,0x59,0xf0,0x5a,0xef,
	0x7f,0x81,0x80,0x80,0x80,0x80,0x80,0x80,0x80,0x80,0x80,0x80,0x80,0x80,0x80,0x80,
	0x80,0x80,0x80,0x80,0x80,0x80,0x80,0x80,0x80,0x80,0x80,0x80,0x80,0x80,0x81,0x7f,
	0xa5,0x11,0xa6,0x10,0xa6,0x10,0xa6,0x10,0xa6,0x10,0xa6,0x10,0xa6,0x10,0xa7,0x11,
	0xc9,0xdd,0xca,0xde,0xca,0xde,0xca,0xde,0xca,0xde,0xca,0xde,0xca,0xde,0xcb,0xdd,
	0xef,0x6f,0xf0,0x6e,0xf0,0x6e,0xf0,0x6e,0xf0,0x6e,0xf0,0x6e,0xf0,0x6e,0xef,0x6f,
	0x11,0x90,0x10,0x91,0x10,0x91,0x10,0x91,0x11,0x92,0x11,0x92,0x11,0x92,0x12,0x91,
	0x34,0x23,0x35,0x22,0x35,0x22,0x35,0x22,0x35,0x24,0x35,0x24,0x35,0x24,0x36,0x25,
	0x5a,0xef,0x5c,0xee,0x5a,0xef,0x59,0xf2,0x59,0xf0,0x59,0xf0,0x59,0xf0,0x5a,0xef,
	0x7f,0x81,0x80,0x80,0x80,0x80,0x80,0x80,0x80,0x80,0x80,0x80,0x80,0x80,0x80,0x80,
	0x80,0x80,0x80,0x80,0x80,0x80,0x80,0x80,0x80,0x80,0x80,0x80,0x80,0x80,0x81,0x7f,
	0xa5,0x11,0xa6,0x10,0xa6,0x10,0xa6,0x10,0xa6,0x10,0xa6,0x10,0xa6,0x10,0xa7,0x11,
	0xc9,0xdd,0xca,0xde,0xca,0xde,0xca,0xde,0xca,0xde,0xca,0xde,0xca,0xde,0xcb,0xdd,
	0xef,0x6f,0xf0,0x6e,0xf0,0x6e,0xf0,0x6e,0xf0,0x6e,0xf0,0x6e,0xf0,0x6e,0xef,0x6f,
	0x11,0x90,0x10,0x91,0x10,0x91,0x10,0x91,0x11,0x92,0x11,0x92,0x11,0x92,0x12,0x91,
	0x34,0x23,0x35,0x22,0x35,0x22,0x35,0x22,0x35,0x23,0x35,0x23,0x35,0x23,0x36,0x24,
	0x5a,0xef,0x5c,0xee,0x5a,0xef,0x59,0xf2,0x59,0xf0,0x59,0xf0,0x59,0xf0,0x5a,0xef,
	0x7f,0x81,0x80,0x80,0x80,0x80,0x80,0x80,0x80,0x80,0x80,0x80,0x80,0x80,0x80,0x80,
	0x80,0x80,0x80,0x80,0x80,0x80,0x80,0x80,0x80,0x80,0x80,0x80,0x80,0x80,0x81,0x7f,
	0xa5,0x11,0xa6,0x10,0xa6,0x10,0xa6,0x10,0xa6,0x10,0xa6,0x10,0xa6,0x10,0xa7,0x11,
	0xc9,0xdd,0xca,0xde,0xca,0xde,0xca,0xde,0xca,0xde,0xca,0xde,0xca,0xde,0xcb,0xdd,
	0xef,0x6f,0xf0,0x6e,0xf0,0x6e,0xf0,0x6e,0xf0,0x6e,0xf0,0x6e,0xf0,0x6e,0xef,0x6f,
	0x11,0x90,0x10,0x91,0x10,0x91,0x10,0x91,0x11,0x92,0x11,0x92,0x11,0x92,0x12,0x91,
	0x34,0x23,0x35,0x22,0x35,0x22,0x35,0x22,0x35,0x21,0x35,0x21,0x35,0x21,0x36,0x22,
	0x5a,0xef,0x5c,0xee,0x5a,0xef,0x59,0xf2,0x59,0xf0,0x59,0xf0,0x59,0xf0,0x5a,0xef,
	0x7f,0x81,0x80,0x80,0x80,0x80,0x80,0x80,0x80,0x80,0x80,0x80,0x80,0x80,0x80,0x80,
	0x80,0x80,0x80,0x80,0x80,0x80,0x80,0x80,0x80,0x80,0x80,0x80,0x80,0x80,0x81,0x7f,
	0xa5,0x11,0xa6,0x10,0xa6,0x10,0xa6,0x10,0xa6,0x10,0xa6,0x10,0xa6,0x10,0xa7,0x11,
	0xc9,0xdd,0xca,0xde,0xca,0xde,0xca,0xde,0xca,0xde,0xca,0xde,0xca,0xde,0xcb,0xdd,
	0xef,0x6f,0xf0,0x6e,0xf0,0x6e,0xf0,0x6e,0xf0,0x6e,0xf0,0x6e,0xf0,0x6e,0xef,0x6f,
	0x11,0x90,0x10,0x91,0x10,0x91,0x10,0x91,0x11,0x92,0x11,0x92,0x11,0x92,0x12,0x91,
	0x34,0x23,0x35,0x22,0x35,0x22,0x35,0x22,0x35,0x1f,0x35,0x1f,0x35,0x1f,0x36,0x20,
	0x5a,0xef,0x5c,0xee,0x5a,0xef,0x59,0xf2,0x59,0xf0,0x59,0xf0,0x59,0xf0,0x5a,0xef,
	0x7f,0x81,0x80,0x80,0x80,0x80,0x80,0x80,0x80,0x80,0x80,0x80,0x80,0x80,0x80,0x80,
	0x80,0x80,0x80,0x80,0x80,0x80,0x80,0x80,0x80,0x80,0x80,0x80,0x80,0x80,0x81,0x7f,
	0xa5,0x11,0xa6,0x10,0xa6,0x10,0xa6,0x10,0xa6,0x10,0xa6,0x10,0xa6,0x10,0xa7,0x11,
	0xc9,0xdd,0xca,0xde,0xca,0xde,0xca,0xde,0xca,0xde,0xca,0xde,0xca,0xde,0xcb,0xdd,
	0xef,0x6f,0xf0,0x6e,0xf0,0x6e,0xf0,0x6e,0xf0,0x6e,0xf0,0x6e,0xf0,0x6e,0xef,0x6f,
	0x11,0x90,0x10,0x91,0x10,0x91,0x10,0x91,0x11,0x92,0x11,0x92,0x11,0x92,0x12,0x91,
	0x34,0x23,0x35,0x22,0x35,0x22,0x35,0x22,0x5a,0x53,0x5a,0x53,0x5a,0x53,0x5b,0x54,
	0x5b,0xed,0x5a,0xef,0x59,0xf1,0x59,0xf0,0x59,0xf0,0x59,0xf0,0x59,0xf0,0x5a,0xef,
	0x7f,0x81,0x80,0x80,0x80,0x80,0x80,0x80,0x80,0x80,0x80,0x80,0x80,0x80,0x80,0x80,
	0x80,0x80,0x80,0x80,0x80,0x80,0x80,0x80,0x80,0x80,0x80,0x80,0x80,0x80,0x81,0x7f,
	0xa5,0x11,0xa6,0x10,0xa6,0x10,0xa6,0x10,0xa6,0x10,0xa6,0x10,0xa6,0x10,0xa7,0x11,
	0xc9,0xdd,0xca,0xde,0xca,0xde,0xca,0xde,0xca,0xde,0xca,0xde,0xca,0xde,0xcb,0xdd,
	0xef,0x6f,0xf0,0x6e,0xf0,0x6e,0xf0,0x6e,0xf0,0x6e,0xf0,0x6e,0xf0,0x6e,0xef,0x6f,
	0x11,0x90,0x10,0x91,0x10,0x91,0x10,0x91,0x11,0x92,0x11,0x92,0x11,0x92,0x12,0x91,
	0x34,0x23,0x35,0x22,0x35,0x22,0x35,0x22,0x82,0x85,0x82,0x85,0x82,0x85,0x81,0x86,
	0x5c,0xee,0x59,0xf1,0x59,0xf1,0x59,0xf0,0x59,0xf0,0x59,0xf0,0x59,0xf0,0x5a,0xef,
	0x7f,0x81,0x80,0x80,0x80,0x80,0x80,0x80,0x80,0x80,0x80,0x80,0x80,0x80,0x80,0x80,
	0x80,0x80,0x80,0x80,0x80,0x80,0x80,0x80,0x80,0x80,0x80,0x80,0x80,0x80,0x81,0x7f,
	0xa5,0x11,0xa6,0x10,0xa6,0x10,0xa6,0x10,0xa6,0x10,0xa6,0x10,0xa6,0x10,0xa7,0x11,
	0xc9,0xdd,0xca,0xde,0xca,0xde,0xca,0xde,0xca,0xde,0xca,0xde,0xca,0xde,0xcb,0xdd,
	0xef,0x6f,0xf0,0x6e,0xf0,0x6e,0xf0,0x6e,0xf0,0x6e,0xf0,0x6e,0xf0,0x6e,0xef,0x6f,
	0x11,0x90,0x10,0x91,0x10,0x91,0x10,0x91,0x11,0x92,0x11,0x92,0x11,0x92,0x12,0x91,
	0x34,0x23,0x35,0x22,0x35,0x22,0x35,0x22,0x80,0x80,0x80,0x80,0x80,0x80,0x7f,0x81,
	0x5b,0xef,0x59,0xf1,0x59,0xf0,0x59,0xf0,0x59,0xf0,0x59,0xf0,0x59,0xf0,0x5a,0xef,
	0x7f,0x81,0x80,0x80,0x80,0x80,0x80,0x80,0x80,0x80,0x80,0x80,0x80,0x80,0x80,0x80,
	0x80,0x80,0x80,0x80,0x80,0x80,0x80,0x80,0x80,0x80,0x80,0x80,0x80,0x80,0x81,0x7f,
	0xa5,0x11,0xa6,0x10,0xa6,0x10,0xa6,0x10,0xa6,0x10,0xa6,0x10,0xa6,0x10,0xa7,0x11,
	0xca,0xdd,0xcb,0xde,0xcb,0xde,0xcb,0xde,0xcb,0xde,0xcb,0xde,0xcb,0xde,0xcb,0xdd,
	0xf0,0x6f,0xf1,0x6e,0xf1,0x6e,0xf1,0x6e,0xf1,0x6e,0xf1,0x6e,0xf1,0x6e,0xf0,0x6f,
	0x11,0x90,0x10,0x91,0x10,0x91,0x10,0x91,0x11,0x92,0x11,0x92,0x11,0x92,0x12,0x91,
	0x34,0x23,0x35,0x22,0x35,0x22,0x35,0x22,0x7f,0x80,0x7f,0x80,0x7f,0x80,0x7e,0x81,
	0x5a,0xf1,0x59,0xf0,0x59,0xf0,0x59,0xf0,0x59,0xf0,0x59,0xf0,0x59,0xf0,0x5a,0xef,
	0x7f,0x81,0x80,0x80,0x80,0x80,0x80,0x80,0x80,0x80,0x80,0x80,0x80,0x80,0x80,0x80,
	0x80,0x80,0x80,0x80,0x80,0x80,0x80,0x80,0x80,0x80,0x80,0x80,0x80,0x80,0x81,0x7f,
	0xa5,0x11,0xa6,0x10,0xa6,0x10,0xa6,0x10,0xa6,0x10,0xa6,0x10,0xa6,0x10,0xa7,0x11,
	0xc9,0xdd,0xca,0xde,0xca,0xde,0xca,0xde,0xca,0xde,0xca,0xde,0xca,0xde,0xcb,0xde,
	0xf0,0x6e,0xf0,0x6e,0xf0,0x6e,0xf0,0x6e,0xf0,0x6e,0xf0,0x6e,0xf0,0x6e,0xef,0x6f,
	0x11,0x90,0x10,0x91,0x10,0x91,0x10,0x91,0x11,0x92,0x11,0x92,0x11,0x92,0x13,0x90,
	0x33,0x24,0x35,0x22,0x35,0x22,0x35,0x22,0x7f,0x80,0x7f,0x80,0x7f,0x80,0x7e,0x81,
	0x5a,0xf0,0x59,0xf0,0x59,0xf0,0x59,0xf0,0x59,0xf0,0x59,0xf0,0x59,0xf0,0x5a,0xef,
	0x7f,0x81,0x80,0x80,0x80,0x80,0x80,0x80,0x80,0x80,0x80,0x80,0x80,0x80,0x80,0x80,
	0x80,0x80,0x80,0x80,0x80,0x80,0x80,0x80,0x80,0x80,0x80,0x80,0x80,0x80,0x81,0x7f,
	0xa5,0x11,0xa6,0x10,0xa6,0x10,0xa6,0x10,0xa6,0x10,0xa6,0x10,0xa6,0x10,0xa7,0x11,
	0xc9,0xde,0xca,0xdf,0xca,0xdf,0xca,0xdf,0xca,0xdf,0xca,0xdf,0xca,0xdf,0xca,0xdf,
	0xf0,0x6f,0xf0,0x6f,0xf0,0x6f,0xf0,0x6f,0xf0,0x6f,0xf0,0x6f,0xf0,0x6f,0xef,0x70,
	0x11,0x90,0x10,0x91,0x10,0x91,0x10,0x91,0x11,0x92,0x11,0x92,0x11,0x92,0x13,0x90,
	0x33,0x24,0x35,0x22,0x35,0x22,0x35,0x22,0x81,0x82,0x81,0x82,0x81,0x82,0x80,0x83,
	0x5a,0xef,0x59,0xf0,0x59,0xf0,0x59,0xf0,0x59,0xf0,0x59,0xf0,0x59,0xf0,0x5a,0xef,
	0x7f,0x81,0x80,0x80,0x80,0x80,0x80,0x80,0x80,0x80,0x80,0x80,0x80,0x80,0x80,0x80,
	0x80,0x80,0x80,0x80,0x80,0x80,0x80,0x80,0x80,0x80,0x80,0x80,0x80,0x80,0x81,0x7f,
	0xa5,0x11,0xa6,0x10,0xa6,0x10,0xa6,0x10,0xa6,0x10,0xa6,0x10,0xa6,0x10,0xa7,0x11,
	0xc9,0xde,0xca,0xdf,0xca,0xdf,0xca,0xdf,0xca,0xdf,0xca,0xdf,0xca,0xdf,0xca,0xdf,
	0xf0,0x6f,0xf0,0x6f,0xf0,0x6f,0xf0,0x6f,0xf0,0x6f,0xf0,0x6f,0xf0,0x6f,0xef,0x70,
	0x11,0x90,0x10,0x91,0x10,0x91,0x10,0x91,0x11,0x92,0x11,0x92,0x11,0x92,0x13,0x90,
	0x33,0x24,0x35,0x22,0x35,0x22,0x35,0x22,0x79,0x78,0x79,0x78,0x79,0x78,0x78,0x79,
	0x5a,0xef,0x59,0xf0,0x59,0xf0,0x59,0xf0,0x59,0xf0,0x59,0xf0,0x59,0xf0,0x5a,0xef,
	0x7f,0x81,0x80,0x80,0x80,0x80,0x80,0x80,0x80,0x80,0x80,0x80,0x80,0x80,0x80,0x80,
	0x80,0x80,0x80,0x80,0x80,0x80,0x80,0x80,0x80,0x80,0x80,0x80,0x80,0x80,0x81,0x7f,
	0xa5,0x11,0xa6,0x10,0xa6,0x10,0xa6,0x10,0xa6,0x10,0xa6,0x10,0xa6,0x10,0xa7,0x11,
	0xc8,0xdc,0xc9,0xdd,0xc9,0xdd,0xc9,0xdd,0xc9,0xdd,0xc9,0xdd,0xc9,0xdd,0xc9,0xdd,
	0xef,0x6d,0xef,0x6d,0xef,0x6d,0xef,0x6d,0xef,0x6d,0xef,0x6d,0xef,0x6d,0xee,0x6e,
	0x11,0x90,0x10,0x91,0x10,0x91,0x10,0x91,0x11,0x92,0x11,0x92,0x11,0x92,0x13,0x90,
	0x33,0x24,0x35,0x22,0x35,0x22,0x35,0x22,0x3c,0x29,0x3c,0x29,0x3c,0x29,0x3d,0x2a,
	0x58,0xef,0x59,0xf0,0x59,0xf0,0x59,0xf0,0x59,0xf0,0x59,0xf0,0x59,0xf0,0x5a,0xef,
	0x7f,0x81,0x80,0x80,0x80,0x80,0x80,0x80,0x80,0x80,0x80,0x80,0x80,0x80,0x80,0x80,
	0x80,0x80,0x80,0x80,0x80,0x80,0x80,0x80,0x80,0x80,0x80,0x80,0x80,0x80,0x81,0x7f,
	0xa5,0x11,0xa6,0x10,0xa6,0x10,0xa6,0x10,0xa6,0x10,0xa6,0x10,0xa6,0x10,0xa7,0x11,
	0xc9,0xdc,0xca,0xdd,0xca,0xdd,0xca,0xdd,0xca,0xdd,0xca,0xdd,0xca,0xdd,0xca,0xdd,
	0xf0,0x6d,0xf0,0x6d,0xf0,0x6d,0xf0,0x6d,0xf0,0x6d,0xf0,0x6d,0xf0,0x6d,0xef,0x6e,
	0x11,0x90,0x10,0x91,0x10,0x91,0x10,0x91,0x11,0x92,0x11,0x92,0x11,0x92,0x13,0x90,
	0x33,0x24,0x35,0x22,0x35,0x22,0x35,0x22,0x35,0x22,0x35,0x22,0x35,0x22,0x36,0x23,
	0x58,0xef,0x59,0xf0,0x59,0xf0,0x59,0xf0,0x59,0xf0,0x59,0xf0,0x59,0xf0,0x5a,0xef,
	0x7f,0x81,0x80,0x80,0x80,0x80,0x80,0x80,0x80,0x80,0x80,0x80,0x80,0x80,0x80,0x80,
	0x80,0x80,0x80,0x80,0x80,0x80,0x80,0x80,0x80,0x80,0x80,0x80,0x80,0x80,0x81,0x7f,
	0xa5,0x11,0xa6,0x10,0xa6,0x10,0xa6,0x10,0xa6,0x10,0xa6,0x10,0xa6,0x10,0xa7,0x11,
	0xc9,0xdc,0xca,0xdd,0xca,0xdd,0xca,0xdd,0xca,0xdd,0xca,0xdd,0xca,0xdd,0xca,0xdd,
	0xf0,0x6d,0xf0,0x6d,0xf0,0x6d,0xf0,0x6d,0xf0,0x6d,0xf0,0x6d,0xf0,0x6d,0xef,0x6e,
	0x11,0x90,0x10,0x91,0x10,0x91,0x10,0x91,0x11,0x92,0x11,0x92,0x11,0x92,0x13,0x90,
	0x33,0x24,0x35,0x22,0x35,0x22,0x35,0x22,0x35,0x22,0x35,0x22,0x35,0x22,0x36,0x23,
	0x58,0xef,0x59,0xf0,0x59,0xf0,0x59,0xf0,0x59,0xf0,0x59,0xf0,0x59,0xf0,0x5a,0xef,
	0x7f,0x81,0x80,0x80,0x80,0x80,0x80,0x80,0x80,0x80,0x80,0x80,0x80,0x80,0x80,0x80,
	0x80,0x80,0x80,0x80,0x80,0x80,0x80,0x80,0x80,0x80,0x80,0x80,0x80,0x80,0x81,0x7f,
	0xa5,0x11,0xa6,0x10,0xa6,0x10,0xa6,0x10,0xa6,0x10,0xa6,0x10,0xa6,0x10,0xa7,0x11,
	0xc8,0xdd,0xc9,0xde,0xc9,0xde,0xc9,0xde,0xc9,0xde,0xc9,0xde,0xc9,0xde,0xc9,0xde,
	0xef,0x6e,0xef,0x6e,0xef,0x6e,0xef,0x6e,0xef,0x6e,0xef,0x6e,0xef,0x6e,0xee,0x6f,
	0x11,0x90,0x10,0x91,0x10,0x91,0x10,0x91,0x11,0x92,0x11,0x92,0x11,0x92,0x13,0x90,
	0x33,0x24,0x35,0x22,0x35,0x22,0x35,0x22,0x35,0x22,0x35,0x22,0x35,0x22,0x36,0x23,
	0x58,0xef,0x59,0xf0,0x59,0xf0,0x59,0xf0,0x59,0xf0,0x59,0xf0,0x59,0xf0,0x5a,0xef,
	0x7f,0x81,0x80,0x80,0x80,0x80,0x80,0x80,0x80,0x80,0x80,0x80,0x80,0x80,0x80,0x80,
	0x80,0x80,0x80,0x80,0x80,0x80,0x80,0x80,0x80,0x80,0x80,0x80,0x80,0x80,0x81,0x7f,
	0xa6,0x11,0xa7,0x10,0xa7,0x10,0xa7,0x10,0xa7,0x10,0xa7,0x10,0xa7,0x10,0xa8,0x11,
	0xc8,0xdd,0xc9,0xde,0xc9,0xde,0xc9,0xde,0xc9,0xde,0xc9,0xde,0xc9,0xde,0xc9,0xde,
	0xef,0x6e,0xef,0x6e,0xef,0x6e,0xef,0x6e,0xef,0x6e,0xef,0x6e,0xef,0x6e,0xee,0x6f,
	0x11,0x91,0x10,0x92,0x10,0x92,0x10,0x92,0x11,0x93,0x11,0x92,0x11,0x92,0x12,0x91,
	0x34,0x23,0x36,0x22,0x36,0x22,0x36,0x22,0x36,0x22,0x36,0x22,0x36,0x22,0x37,0x23,
	0x58,0xef,0x59,0xf0,0x59,0xf0,0x59,0xf0,0x59,0xf0,0x59,0xf0,0x59,0xf0,0x5a,0xef,
	0x7f,0x81,0x80,0x80,0x80,0x80,0x80,0x80,0x80,0x80,0x80,0x80,0x80,0x80,0x80,0x80,
	0x80,0x80,0x80,0x80,0x80,0x80,0x80,0x80,0x80,0x80,0x80,0x80,0x80,0x80,0x81,0x7f,
	0xa5,0x10,0xa6,0x0f,0xa6,0x0f,0xa6,0x0f,0xa6,0x0f,0xa6,0x0f,0xa6,0x0f,0xa7,0x10,
	0xc9,0xdd,0xca,0xde,0xca,0xde,0xca,0xde,0xca,0xde,0xca,0xde,0xca,0xde,0xca,0xde,
	0xf0,0x6e,0xf0,0x6e,0xf0,0x6e,0xf0,0x6e,0xf0,0x6e,0xf0,0x6e,0xf0,0x6e,0xef,0x6f,
	0x10,0x92,0x0f,0x92,0x0f,0x92,0x0f,0x91,0x10,0x92,0x10,0x92,0x10,0x92,0x12,0x90,
	0x34,0x23,0x35,0x21,0x35,0x21,0x35,0x21,0x35,0x21,0x35,0x21,0x35,0x21,0x36,0x22,
	0x58,0xef,0x59,0xf0,0x59,0xf0,0x59,0xf0,0x59,0xf0,0x59,0xf0,0x59,0xf0,0x5a,0xef,
	0x7f,0x81,0x80,0x80,0x80,0x80,0x80,0x80,0x80,0x80,0x80,0x80,0x80,0x80,0x80,0x80,
	0x80,0x80,0x80,0x80,0x80,0x80,0x80,0x80,0x80,0x80,0x80,0x80,0x80,0x80,0x81,0x7f,
	0xa5,0x11,0xa6,0x10,0xa6,0x10,0xa6,0x10,0xa6,0x10,0xa6,0x10,0xa6,0x10,0xa7,0x11,
	0xcb,0xde,0xcc,0xdf,0xcc,0xdf,0xcc,0xdf,0xcc,0xdf,0xcc,0xdf,0xcc,0xdf,0xcc,0xdf,
	0xf2,0x6f,0xf2,0x6f,0xf2,0x6f,0xf2,0x6f,0xf2,0x6f,0xf2,0x6f,0xf2,0x6f,0xf1,0x70,
	0x10,0x92,0x0f,0x92,0x0f,0x92,0x0f,0x91,0x10,0x92,0x10,0x91,0x10,0x91,0x11,0x8f,
	0x34,0x23,0x35,0x22,0x35,0x22,0x35,0x22,0x35,0x22,0x35,0x22,0x35,0x22,0x36,0x23,
	0x59,0xef,0x5a,0xf0,0x5a,0xf0,0x5a,0xf0,0x5a,0xf0,0x5a,0xf0,0x5a,0xf0,0x5b,0xef,
	0x7f,0x81,0x80,0x80,0x80,0x80,0x80,0x80,0x80,0x80,0x80,0x80,0x80,0x80,0x80,0x80,
	0x80,0x80,0x80,0x80,0x80,0x80,0x80,0x80,0x80,0x80,0x80,0x80,0x80,0x80,0x81,0x7f,
	0xa2,0x0f,0xa3,0x0e,0xa3,0x0e,0xa3,0x0e,0xa3,0x0e,0xa3,0x0e,0xa3,0x0e,0xa4,0x0f,
	0xc9,0xdd,0xca,0xde,0xca,0xde,0xca,0xde,0xca,0xde,0xca,0xde,0xca,0xde,0xca,0xde,
	0xf0,0x6e,0xf0,0x6e,0xf0,0x6e,0xf0,0x6e,0xf0,0x6e,0xf0,0x6e,0xf0,0x6e,0xef,0x6f,
	0x11,0x93,0x10,0x94,0x10,0x93,0x10,0x93,0x11,0x93,0x11,0x93,0x11,0x92,0x12,0x91,
	0x35,0x22,0x36,0x21,0x36,0x21,0x36,0x21,0x36,0x21,0x36,0x21,0x36,0x21,0x37,0x22,
	0x58,0xef,0x59,0xf0,0x59,0xf0,0x59,0xf0,0x59,0xf0,0x59,0xf0,0x59,0xf0,0x5a,0xef,
	0x7f,0x81,0x80,0x80,0x80,0x80,0x80,0x80,0x80,0x80,0x80,0x80,0x80,0x80,0x80,0x80,
	0x80,0x80,0x80,0x80,0x80,0x80,0x80,0x80,0x80,0x80,0x80,0x80,0x80,0x80,0x81,0x7f,
	0xa5,0x10,0xa6,0x0f,0xa6,0x0f,0xa6,0x0f,0xa6,0x0f,0xa6,0x0f,0xa6,0x0f,0xa7,0x10,
	0xc9,0xdd,0xca,0xde,0xca,0xde,0xca,0xde,0xca,0xde,0xca,0xde,0xca,0xde,0xca,0xde,
	0xf0,0x6e,0xf0,0x6e,0xf0,0x6e,0xf0,0x6e,0xf0,0x6e,0xf0,0x6e,0xf0,0x6e,0xef,0x6f,
	0x0f,0x93,0x0e,0x93,0x0e,0x93,0x0e,0x92,0x0f,0x93,0x0f,0x92,0x0f,0x92,0x10,0x91,
	0x33,0x22,0x34,0x21,0x34,0x21,0x34,0x21,0x34,0x21,0x34,0x21,0x34,0x21,0x35,0x22,
	0x58,0xef,0x59,0xf0,0x59,0xf0,0x59,0xf0,0x59,0xf0,0x59,0xf0,0x59,0xf0,0x5a,0xef,
	0x7f,0x81,0x80,0x80,0x80,0x80,0x80,0x80,0x80,0x80,0x80,0x80,0x80,0x80,0x80,0x80,
	0x80,0x7f,0x80,0x7f,0x80,0x7f,0x80,0x7f,0x80,0x80,0x80,0x81,0x80,0x81,0x81,0x80,
	0xa5,0x11,0xa6,0x10,0xa6,0x10,0xa6,0x10,0xa6,0x10,0xa6,0x10,0xa6,0x10,0xa7,0x11,
	0xc9,0xdd,0xca,0xde,0xca,0xde,0xca,0xde,0xca,0xde,0xca,0xde,0xca,0xde,0xca,0xde,
	0xf0,0x6e,0xf0,0x6e,0xf0,0x6e,0xf0,0x6e,0xf0,0x6e,0xf0,0x6e,0xf0,0x6e,0xef,0x6f,
	0x11,0x91,0x10,0x92,0x10,0x91,0x10,0x91,0x11,0x91,0x11,0x91,0x11,0x90,0x12,0x8f,
	0x35,0x23,0x36,0x22,0x36,0x22,0x36,0x22,0x36,0x22,0x36,0x22,0x36,0x22,0x37,0x23,
	0x5a,0xef,0x5b,0xf0,0x5b,0xf0,0x5b,0xf0,0x5b,0xf0,0x5b,0xf0,0x5b,0xf0,0x5c,0xef,
	0x7f,0x80,0x80,0x7f,0x80,0x7f,0x80,0x7f,0x80,0x7f,0x80,0x7f,0x80,0x7f,0x80,0x7f,
	0x80,0x7c,0x80,0x7c,0x80,0x7c,0x80,0x7c,0x80,0x80,0x80,0x81,0x80,0x81,0x81,0x81,
	0xa6,0x0f,0xa7,0x0e,0xa7,0x0e,0xa7,0x0e,0xa7,0x0e,0xa7,0x0e,0xa7,0x0e,0xa8,0x0f,
	0xc9,0xdd,0xca,0xde,0xca,0xde,0xca,0xde,0xca,0xde,0xca,0xde,0xca,0xde,0xca,0xde,
	0xf0,0x6e,0xf0,0x6e,0xf0,0x6e,0xf0,0x6e,0xf0,0x6e,0xf0,0x6e,0xf0,0x6e,0xef,0x6f,
	0x10,0x94,0x0f,0x94,0x0f,0x94,0x0f,0x93,0x10,0x94,0x10,0x93,0x10,0x93,0x11,0x92,
	0x34,0x21,0x35,0x20,0x35,0x20,0x35,0x20,0x35,0x20,0x35,0x20,0x35,0x20,0x36,0x21,
	0x57,0xef,0x58,0xf0,0x58,0xf0,0x58,0xf0,0x58,0xf0,0x58,0xf0,0x58,0xf0,0x59,0xef,
	0x7f,0x7d,0x80,0x7c,0x80,0x7c,0x80,0x7c,0x80,0x7c,0x80,0x7c,0x80,0x7c,0x80,0x7c,
	0x80,0x7f,0x80,0x7f,0x80,0x7f,0x80,0x7f,0x80,0x82,0x80,0x82,0x80,0x82,0x81,0x81,
	0xa7,0x10,0xa8,0x0f,0xa8,0x0f,0xa8,0x0f,0xa8,0x0f,0xa8,0x0f,0xa8,0x0f,0xa9,0x10,
	0xcb,0xdf,0xcc,0xe0,0xcc,0xe0,0xcc,0xe0,0xcc,0xe0,0xcc,0xe0,0xcc,0xe0,0xcc,0xe0,
	0xf2,0x70,0xf2,0x70,0xf2,0x70,0xf2,0x70,0xf2,0x70,0xf2,0x70,0xf2,0x70,0xf1,0x71,
	0x0e,0x93,0x0d,0x93,0x0d,0x93,0x0d,0x92,0x0e,0x93,0x0e,0x92,0x0e,0x92,0x0f,0x90,
	0x33,0x22,0x34,0x21,0x34,0x21,0x34,0x21,0x34,0x21,0x34,0x21,0x34,0x21,0x35,0x22,
	0x58,0xef,0x59,0xf0,0x59,0xf0,0x59,0xf0,0x59,0xf0,0x59,0xf0,0x59,0xf0,0x5a,0xef,
	0x7f,0x80,0x80,0x7f,0x80,0x7f,0x80,0x7f,0x80,0x7f,0x80,0x7f,0x80,0x7f,0x80,0x7f,
	0x7e,0x88,0x7e,0x88,0x7e,0x88,0x7e,0x88,0x7e,0x87,0x7e,0x87,0x7e,0x86,0x7f,0x84,
	0x99,0x1a,0x9a,0x19,0x9a,0x19,0x9a,0x19,0x9a,0x19,0x9a,0x19,0x9a,0x19,0x9b,0x1a,
	0xc0,0xd4,0xc1,0xd5,0xc1,0xd5,0xc1,0xd5,0xc1,0xd5,0xc1,0xd5,0xc1,0xd5,0xc1,0xd5,
	0xe7,0x65,0xe7,0x65,0xe7,0x65,0xe7,0x65,0xe7,0x65,0xe7,0x65,0xe7,0x65,0xe6,0x66,
	0x1a,0x89,0x19,0x8a,0x19,0x8a,0x19,0x89,0x1a,0x89,0x1a,0x89,0x1a,0x88,0x1b,0x87,
	0x3e,0x2b,0x3f,0x2a,0x3f,0x2a,0x3f,0x2a,0x3f,0x2a,0x3f,0x2a,0x3f,0x2a,0x40,0x2b,
	0x62,0xed,0x63,0xee,0x63,0xee,0x63,0xee,0x63,0xee,0x63,0xee,0x63,0xee,0x64,0xed,
	0x81,0x89,0x82,0x88,0x82,0x88,0x82,0x88,0x80,0x88,0x7e,0x88,0x7e,0x88,0x7e,0x88,
	0x5a,0xea,0x56,0xe3,0x4f,0xd8,0x4a,0xd1,0x3c,0xc4,0x37,0xbd,0x30,0xb2,0x2a,0xa9,
	0x27,0x9f,0x21,0x96,0x1a,0x87,0x18,0x80,0x1c,0x78,0x21,0x6e,0x25,0x65,0x29,0x5f,
	0x2e,0x5d,0x32,0x57,0x35,0x4c,0x37,0x40,0x3b,0x35,0x42,0x2e,0x4c,0x2a,0x55,0x28,
	0x5c,0x26,0x66,0x24,0x70,0x22,0x7b,0x20,0x85,0x1e,0x90,0x1b,0x9a,0x1a,0x9f,0x18,
	0x9d,0x1b,0xa0,0x22,0xaa,0x2c,0xb0,0x34,0xb7,0x3d,0xbd,0x45,0xc7,0x4f,0xce,0x54,
	0xd1,0x53,0xd7,0x5b,0xe0,0x64,0xe1,0x6e,0xdd,0x78,0xd8,0x82,0xd5,0x8b,0xd3,0x97,
	0xd2,0xac,0xd0,0xb4,0xce,0xbf,0xcb,0xcb,0xc8,0xd6,0xc1,0xdd,0xb7,0xe0,0xae,0xe1,
	0xa9,0xde,0xa0,0xde,0x95,0xdf,0x8a,0xe1,0x81,0xe2,0x78,0xe4,0x6d,0xe5,0x65,0xe6,
	0x58,0xec,0x54,0xe5,0x4d,0xda,0x48,0xd3,0x3a,0xcc,0x35,0xc5,0x2e,0xba,0x27,0xb2,
	0x20,0xab,0x19,0x9d,0x12,0x96,0x10,0x8c,0x14,0x83,0x19,0x79,0x1d,0x6f,0x21,0x66,
	0x24,0x57,0x29,0x4e,0x2b,0x43,0x2e,0x37,0x31,0x2d,0x38,0x25,0x42,0x22,0x4b,0x1e,
	0x53,0x1d,0x5d,0x1b,0x68,0x1a,0x73,0x18,0x7d,0x16,0x88,0x15,0x93,0x13,0x9d,0x12,
	0xa4,0x15,0xac,0x1c,0xb6,0x25,0xbd,0x2e,0xc3,0x37,0xca,0x40,0xd4,0x4a,0xdb,0x52,
	0xe0,0x58,0xe5,0x63,0xed,0x6d,0xef,0x77,0xec,0x81,0xe7,0x8b,0xe3,0x94,0xdf,0xa0,
	0xdd,0xa8,0xd8,0xb1,0xd6,0xbc,0xd3,0xc9,0xd0,0xd4,0xc9,0xdc,0xbf,0xe0,0xb6,0xe3,
	0xab,0xe4,0xa2,0xe6,0x97,0xe7,0x8c,0xe9,0x81,0xeb,0x76,0xec,0x6b,0xed,0x63,0xee,
	0x58,0xec,0x54,0xe5,0x4d,0xda,0x48,0xd3,0x3a,0xcc,0x35,0xc5,0x2e,0xba,0x27,0xb1,
	0x20,0xa8,0x19,0xa2,0x12,0x97,0x11,0x8c,0x14,0x82,0x19,0x77,0x1e,0x6c,0x21,0x63,
	0x22,0x56,0x26,0x4d,0x29,0x42,0x2b,0x36,0x2f,0x2b,0x36,0x24,0x40,0x20,0x49,0x1d,
	0x52,0x1b,0x5c,0x19,0x67,0x17,0x73,0x17,0x7e,0x15,0x89,0x13,0x94,0x12,0x9d,0x11,
	0xa6,0x12,0xae,0x1a,0xb7,0x23,0xbe,0x2c,0xc5,0x36,0xcc,0x3e,0xd6,0x48,0xdb,0x51,
	0xdf,0x58,0xe3,0x63,0xeb,0x6d,0xee,0x77,0xec,0x81,0xe8,0x8b,0xe6,0x95,0xe1,0xa1,
	0xdc,0xa7,0xd8,0xb0,0xd5,0xbc,0xd3,0xc8,0xcf,0xd4,0xc8,0xdc,0xbf,0xe1,0xb6,0xe3,
	0xab,0xe5,0xa2,0xe6,0x97,0xe7,0x8c,0xe8,0x81,0xea,0x76,0xec,0x6b,0xed,0x63,0xee,
	0x58,0xec,0x54,0xe5,0x4d,0xda,0x48,0xd3,0x3a,0xc6,0x35,0xbf,0x2e,0xb4,0x27,0xac,
	0x22,0xa7,0x1b,0x9e,0x14,0x93,0x12,0x88,0x16,0x7d,0x1b,0x71,0x1f,0x66,0x22,0x5e,
	0x25,0x58,0x28,0x50,0x2b,0x45,0x2d,0x39,0x31,0x2e,0x38,0x27,0x42,0x23,0x4b,0x1f,
	0x55,0x1d,0x5e,0x1a,0x69,0x19,0x74,0x17,0x7f,0x16,0x8a,0x14,0x96,0x13,0x9f,0x11,
	0xa5,0x13,0xac,0x1a,0xb5,0x23,0xbc,0x2c,0xc4,0x35,0xcb,0x3e,0xd4,0x48,0xd9,0x50,
	0xdd,0x55,0xe2,0x60,0xea,0x6a,0xed,0x75,0xea,0x7f,0xe6,0x89,0xe3,0x93,0xde,0x9f,
	0xdb,0xa9,0xd6,0xb2,0xd4,0xbd,0xd2,0xc9,0xce,0xd4,0xc7,0xdb,0xbd,0xdf,0xb4,0xe1,
	0xab,0xe3,0xa2,0xe4,0x97,0xe5,0x8c,0xe7,0x81,0xe9,0x76,0xea,0x6b,0xeb,0x63,0xec,
	0x55,0xef,0x51,0xe8,0x4a,0xdd,0x45,0xd6,0x3a,0xc9,0x35,0xc2,0x2e,0xb7,0x27,0xaf,
	0x20,0xa9,0x18,0xa1,0x12,0x95,0x10,0x8a,0x13,0x7f,0x19,0x74,0x1d,0x68,0x21,0x5f,
	0x24,0x58,0x28,0x4f,0x2b,0x44,0x2d,0x38,0x31,0x2e,0x38,0x26,0x41,0x23,0x4a,0x20,
	0x55,0x1d,0x5e,0x1b,0x69,0x1a,0x75,0x18,0x80,0x17,0x8b,0x15,0x96,0x14,0xa0,0x12,
	0xa5,0x14,0xac,0x1a,0xb6,0x24,0xbd,0x2d,0xc3,0x35,0xca,0x3f,0xd4,0x48,0xdb,0x51,
	0xe2,0x58,0xe7,0x63,0xef,0x6d,0xf0,0x77,0xec,0x81,0xe6,0x8b,0xe3,0x95,0xde,0xa1,
	0xdc,0xab,0xd9,0xb3,0xd6,0xbe,0xd4,0xc9,0xd0,0xd3,0xc9,0xda,0xbf,0xdd,0xb6,0xe1,
	0xab,0xe3,0xa2,0xe6,0x97,0xe7,0x8c,0xe9,0x81,0xeb,0x76,0xec,0x6b,0xee,0x63,0xee,
	0x55,0xef,0x51,0xe8,0x4a,0xdd,0x45,0xd6,0x3a,0xc9,0x35,0xc2,0x2e,0xb7,0x27,0xaf,
	0x21,0xa9,0x1a,0xa1,0x13,0x96,0x12,0x8b,0x15,0x81,0x1a,0x76,0x1f,0x6b,0x22,0x62,
	0x25,0x59,0x29,0x50,0x2c,0x45,0x2e,0x39,0x32,0x2e,0x39,0x27,0x43,0x23,0x4c,0x21,
	0x58,0x20,0x61,0x1e,0x6b,0x1c,0x76,0x1a,0x81,0x18,0x8c,0x17,0x97,0x15,0xa0,0x13,
	0xa4,0x13,0xab,0x19,0xb4,0x23,0xbb,0x2d,0xc1,0x35,0xc9,0x3e,0xd2,0x47,0xd9,0x50,
	0xe0,0x56,0xe6,0x61,0xee,0x6b,0xee,0x75,0xea,0x7f,0xe3,0x89,0xe0,0x93,0xdc,0x9f,
	0xda,0xaa,0xd7,0xb2,0xd4,0xbd,0xd2,0xc9,0xce,0xd4,0xc7,0xdb,0xbe,0xde,0xb5,0xe1,
	0xab,0xe3,0xa2,0xe5,0x97,0xe6,0x8c,0xe7,0x81,0xe9,0x76,0xeb,0x6b,0xec,0x63,0xed,
	0x55,0xef,0x51,0xe8,0x4a,0xdd,0x45,0xd6,0x3a,0xc9,0x35,0xc2,0x2e,0xb7,0x27,0xae,
	0x22,0xa7,0x1a,0x9e,0x14,0x94,0x12,0x8b,0x15,0x81,0x1b,0x77,0x1f,0x6d,0x21,0x64,
	0x23,0x55,0x27,0x4d,0x29,0x42,0x2c,0x36,0x2f,0x2b,0x36,0x24,0x40,0x20,0x49,0x1e,
	0x55,0x1c,0x5e,0x1c,0x69,0x19,0x73,0x18,0x7e,0x15,0x88,0x13,0x93,0x11,0x9b,0x0f,
	0xa2,0x10,0xaa,0x16,0xb4,0x21,0xbb,0x2a,0xc1,0x33,0xca,0x3c,0xd3,0x46,0xda,0x4f,
	0xde,0x55,0xe5,0x61,0xec,0x6b,0xee,0x75,0xea,0x7f,0xe5,0x89,0xe2,0x93,0xdd,0x9e,
	0xdb,0xa5,0xd7,0xad,0xd4,0xba,0xd2,0xc8,0xce,0xd5,0xc7,0xde,0xbd,0xe3,0xb4,0xe5,
	0xab,0xe5,0xa2,0xe4,0x97,0xe6,0x8c,0xe7,0x81,0xe9,0x76,0xeb,0x6b,0xec,0x63,0xec,
	0x57,0xed,0x53,0xe6,0x4c,0xdb,0x47,0xd4,0x3c,0xc7,0x37,0xc0,0x30,0xb5,0x29,0xae,
	0x1e,0xab,0x16,0xa2,0x10,0x98,0x0e,0x8b,0x11,0x82,0x17,0x79,0x1b,0x6f,0x1c,0x67,
	0x1e,0x4e,0x20,0x46,0x23,0x3b,0x25,0x2f,0x29,0x24,0x30,0x1d,0x39,0x19,0x43,0x18,
	0x50,0x17,0x59,0x17,0x64,0x16,0x6f,0x14,0x7a,0x12,0x85,0x11,0x90,0x10,0x9a,0x0e,
	0xab,0x0e,0xb3,0x14,0xbc,0x1f,0xc5,0x28,0xcb,0x31,0xd3,0x3b,0xdc,0x45,0xe4,0x4f,
	0xe8,0x58,0xee,0x65,0xf5,0x6f,0xf7,0x79,0xf4,0x84,0xf0,0x8e,0xed,0x98,0xe8,0xa1,
	0xdf,0xa5,0xdb,0xab,0xd8,0xb9,0xd6,0xc9,0xd2,0xd8,0xcb,0xdf,0xc2,0xe6,0xb8,0xe8,
	0xa9,0xe9,0xa0,0xe8,0x95,0xea,0x8d,0xeb,0x7f,0xed,0x78,0xef,0x6d,0xf0,0x65,0xf1,
	0x69,0xb4,0x67,0xb2,0x64,0xb0,0x62,0xae,0x5b,0xa2,0x5b,0xa2,0x5b,0xa2,0x59,0xa2,
	0x3a,0xc3,0x3d,0xc5,0x3b,0xbd,0x41,0x96,0x60,0x4f,0x63,0x40,0x5f,0x3f,0x64,0x3c,
	0x78,0x96,0x7a,0x95,0x7a,0x90,0x7a,0x8d,0x81,0x82,0x81,0x82,0x81,0x82,0x83,0x80,
	0xa5,0x43,0xa7,0x41,0xa7,0x41,0xa7,0x41,0xbe,0x41,0xbe,0x41,0xbe,0x41,0xbc,0x43,
	0x60,0x4d,0x62,0x54,0x66,0x5d,0x6a,0x62,0x6e,0x65,0x6e,0x65,0x6e,0x65,0x70,0x63,
	0x8f,0x46,0x91,0x44,0x91,0x44,0x91,0x44,0x91,0x54,0x91,0x54,0x91,0x54,0x92,0x56,
	0x94,0xd0,0x9c,0xcd,0x9a,0xd6,0x98,0xe4,0x9c,0xcf,0xba,0x81,0xb3,0x7a,0xaf,0x7f,
	0x8f,0xb1,0x8d,0xb3,0x8d,0xb3,0x8a,0xb3,0x7d,0xb6,0x79,0xb6,0x79,0xb6,0x79,0xb6,
	0x89,0x7b,0x86,0x7a,0x85,0x79,0x83,0x78,0x84,0x7a,0x84,0x7a,0x84,0x7a,0x82,0x7c,
	0x62,0xf1,0x62,0xf2,0x5b,0xf3,0x5e,0xea,0x77,0xab,0xae,0x0d,0xaf,0x09,0xb0,0x0f,
	0xce,0xe9,0xd0,0xea,0xd0,0xe8,0xd0,0xe7,0xcf,0xe5,0xcf,0xe5,0xcf,0xe5,0xd1,0xe3,
	0xf3,0x75,0xf5,0x73,0xf5,0x73,0xf5,0x73,0xf4,0x73,0xf4,0x73,0xf4,0x73,0xf2,0x75,
	0x0d,0x95,0x09,0x95,0x08,0x96,0x06,0x95,0x08,0x98,0x08,0x98,0x08,0x98,0x0a,0x96,
	0x29,0x20,0x2b,0x1e,0x2b,0x1e,0x2b,0x1e,0x2b,0x1d,0x2b,0x1d,0x2b,0x1d,0x2d,0x1f,
	0x52,0xf0,0x4e,0xf4,0x51,0xf7,0x6b,0xb5,0xa1,0x21,0xa9,0x04,0x9e,0x06,0xa3,0x06,
	0x7f,0x78,0x7d,0x7a,0x7d,0x7a,0x7d,0x7a,0x7e,0x77,0x7e,0x77,0x7e,0x77,0x7e,0x77,
	0x7f,0x82,0x7e,0x82,0x7d,0x83,0x7c,0x82,0x81,0x80,0x81,0x80,0x81,0x80,0x7f,0x82,
	0x5b,0xec,0x5c,0xee,0x56,0xeb,0x5a,0xf2,0x54,0xf8,0x68,0xaf,0x90,0x50,0xab,0x02,
	0xcb,0xd8,0xcd,0xdb,0xcd,0xdd,0xcd,0xde,0xc8,0xe0,0xc8,0xe0,0xc8,0xe0,0xca,0xde,
	0xec,0x6f,0xee,0x6d,0xee,0x6d,0xee,0x6d,0xef,0x6d,0xef,0x6d,0xef,0x6d,0xed,0x6f,
	0x10,0x92,0x0f,0x92,0x12,0x92,0x11,0x91,0x0f,0x94,0x0f,0x94,0x0f,0x94,0x11,0x92,
	0x30,0x24,0x32,0x22,0x32,0x22,0x32,0x22,0x32,0x23,0x32,0x23,0x32,0x23,0x34,0x25,
	0x50,0xf7,0x63,0xef,0x81,0x84,0xa4,0x10,0xa8,0x0e,0xa4,0x11,0xa6,0x09,0xa0,0x10,
	0x83,0x7f,0x81,0x81,0x81,0x81,0x81,0x81,0x80,0x7e,0x80,0x7e,0x80,0x7e,0x80,0x7e,
	0x83,0x7e,0x82,0x7f,0x82,0x81,0x81,0x81,0x82,0x81,0x82,0x81,0x82,0x81,0x80,0x83,
	0x5b,0xe9,0x5c,0xf6,0x58,0xe9,0x5b,0xec,0x5b,0xee,0x54,0xf8,0x55,0xe8,0x83,0x83,
	0xc7,0xd6,0xc9,0xdb,0xc9,0xe0,0xc9,0xe3,0xc8,0xe1,0xc8,0xe1,0xc8,0xe1,0xca,0xdf,
	0xec,0x72,0xee,0x70,0xee,0x70,0xee,0x70,0xf1,0x70,0xf1,0x70,0xf1,0x70,0xef,0x72,
	0x12,0x94,0x11,0x93,0x14,0x92,0x16,0x8f,0x12,0x92,0x12,0x92,0x12,0x92,0x14,0x90,
	0x33,0x27,0x35,0x25,0x35,0x25,0x35,0x25,0x35,0x21,0x35,0x21,0x35,0x21,0x37,0x23,
	0x6a,0xa7,0x97,0x4d,0xac,0x00,0xac,0x13,0xa2,0x12,0xa2,0x10,0x9f,0x0f,0xa8,0x14,
	0x81,0x7b,0x7f,0x7d,0x7f,0x7d,0x7f,0x7d,0x83,0x80,0x83,0x80,0x83,0x80,0x83,0x80,
	0x80,0x7f,0x80,0x7f,0x80,0x7f,0x80,0x7f,0x81,0x80,0x81,0x80,0x82,0x81,0x80,0x83,
	0x5b,0xee,0x5b,0xf7,0x58,0xec,0x5b,0xef,0x5b,0xf0,0x5b,0xf0,0x5b,0xf0,0x59,0xee,
	0x43,0x2e,0xa0,0xa2,0xc8,0xda,0xd1,0xed,0xcb,0xe6,0xc5,0xdc,0xcd,0xdd,0xc8,0xdd,
	0xed,0x74,0xee,0x70,0xec,0x6e,0xed,0x6c,0xf0,0x6e,0xf0,0x6e,0xf0,0x6e,0xee,0x70,
	0x10,0x92,0x10,0x92,0x13,0x90,0x10,0x91,0x12,0x92,0x12,0x92,0x10,0x93,0x13,0x92,
	0x32,0x23,0x34,0x1e,0x39,0x23,0x39,0x27,0x30,0x20,0x32,0x13,0x47,0x35,0x96,0xa5,
	0xaa,0x11,0xa8,0x0f,0xa8,0x0f,0xa8,0x0f,0xa6,0x10,0xa6,0x10,0xa6,0x10,0xa4,0x12,
	0x81,0x7e,0x7f,0x80,0x7f,0x80,0x7f,0x80,0x80,0x80,0x80,0x80,0x80,0x80,0x80,0x80,
	0x80,0x7f,0x80,0x7f,0x80,0x7f,0x80,0x7f,0x81,0x80,0x81,0x80,0x81,0x80,0x80,0x83,
	0x5c,0xef,0x5b,0xf5,0x59,0xed,0x5b,0xf0,0x5b,0xf0,0x5b,0xf0,0x5b,0xf0,0x59,0xee,
	0x3b,0x25,0x3c,0x1d,0x61,0x54,0x83,0x7a,0xc0,0xd2,0xd5,0xe8,0xc9,0xeb,0xc6,0xd9,
	0xef,0x6b,0xf0,0x6a,0xf0,0x6c,0xf0,0x6d,0xf0,0x6e,0xf0,0x6e,0xf0,0x6e,0xee,0x70,
	0x12,0x90,0x12,0x90,0x11,0x91,0x0f,0x92,0x09,0x91,0x11,0x94,0x0e,0x9a,0x17,0x9b,
	0x34,0x20,0x2f,0x1e,0x2b,0x17,0x3e,0x20,0x69,0x57,0x87,0x86,0xc0,0xd1,0xcd,0xe6,
	0xaa,0x11,0xa8,0x0f,0xa8,0x0f,0xa8,0x0f,0xa6,0x10,0xa6,0x10,0xa6,0x10,0xa4,0x12,
	0x81,0x7e,0x7f,0x80,0x7f,0x80,0x7f,0x80,0x80,0x80,0x80,0x80,0x80,0x80,0x80,0x80,
	0x80,0x7f,0x80,0x7f,0x80,0x7f,0x80,0x7f,0x81,0x80,0x81,0x80,0x81,0x80,0x7f,0x82,
	0x5c,0xf1,0x5a,0xf3,0x59,0xed,0x5b,0xf0,0x5b,0xf0,0x5b,0xf0,0x5b,0xf0,0x59,0xee,
	0x3c,0x28,0x31,0x1e,0x39,0x1b,0x2a,0x1a,0x45,0x30,0x7c,0x80,0xa2,0xa7,0xc2,0xce,
	0xf8,0x73,0xf7,0x70,0xf4,0x6e,0xf0,0x6c,0xf0,0x6e,0xf0,0x6e,0xf0,0x6e,0xee,0x70,
	0x14,0x8f,0x11,0x90,0x0f,0x92,0x0f,0x92,0x0b,0x92,0x0f,0x93,0x01,0x94,0x08,0x93,
	0x39,0x31,0x3d,0x2f,0x84,0x81,0x9f,0xab,0xc7,0xe0,0xd2,0xe5,0xca,0xde,0xc8,0xdf,
	0xaa,0x11,0xa8,0x0f,0xa8,0x0f,0xa8,0x0f,0xa6,0x10,0xa6,0x10,0xa6,0x10,0xa4,0x12,
	0x81,0x7e,0x7f,0x80,0x7f,0x80,0x7f,0x80,0x80,0x80,0x80,0x80,0x80,0x80,0x80,0x80,
	0x80,0x7f,0x80,0x7f,0x80,0x7f,0x80,0x7f,0x80,0x7f,0x81,0x80,0x81,0x80,0x7f,0x82,
	0x5d,0xf3,0x5a,0xf1,0x5a,0xee,0x5b,0xf0,0x5b,0xf0,0x5b,0xf0,0x5b,0xf0,0x59,0xee,
	0x3f,0x25,0x35,0x20,0x36,0x26,0x37,0x1f,0x2b,0x1a,0x2d,0x16,0x39,0x26,0x3e,0x30,
	0x4f,0x83,0x7e,0x7d,0xc0,0x71,0xec,0x6a,0xf0,0x6e,0xf0,0x6e,0xf0,0x6e,0xee,0x70,
	0x14,0x8e,0x0f,0x92,0x0f,0x92,0x0f,0x92,0x0e,0x94,0x0f,0x8f,0x7c,0x87,0x7f,0x83,
	0xc6,0xcc,0xc1,0xce,0xd4,0xe8,0xcd,0xe1,0xc9,0xda,0xce,0xde,0xc6,0xd9,0xc7,0xdb,
	0xaa,0x11,0xa8,0x0f,0xa8,0x0f,0xa8,0x0f,0xa6,0x10,0xa6,0x10,0xa6,0x10,0xa4,0x12,
	0x81,0x7e,0x7f,0x80,0x7f,0x80,0x7f,0x80,0x80,0x80,0x80,0x80,0x80,0x80,0x80,0x80,
};
#define EXPECTED_Y(x, y) ref_luma[(y)*FRAME_WIDTH + (x)]
#define EXPECTED_C(x, y) ref_chroma[(y)*FRAME_WIDTH + (x)]
#endif
