/* detail320_frame_h — generated by gen-frame-header.py from a single-IDR HEVC vector.
 * 320x240, 8-bit 4:2:0, single-slice/tile, CTB 64 (5x4 CTBs), I-slice.
 * SPDX-License-Identifier: BSD-3-Clause */
#ifndef DETAIL320_FRAME_H
#define DETAIL320_FRAME_H
#define FRAME_WIDTH 320u
#define FRAME_HEIGHT 240u
#define FRAME_LOG2_CTB 6u
#define FRAME_CTB_WIDTH 5u
#define FRAME_CTB_HEIGHT 4u
#define FRAME_LOG2_MIN_CB 3u
#define FRAME_LOG2_MIN_TB 2u
#define FRAME_LOG2_MAX_TB 5u
#define FRAME_MAX_TRAFO_INTRA 0u
#define FRAME_MAX_TRAFO_INTER 0u
#define FRAME_CHROMA_FORMAT_IDC 1u
#define FRAME_STRONG_INTRA_SMOOTH 1u
#define FRAME_BIT_DEPTH_LUMA_MINUS8 0u
#define FRAME_DIFF_CU_QP_DELTA_DEPTH 1u
#define FRAME_CU_QP_DELTA_ENABLED 1u
#define FRAME_TRANSFORM_SKIP 0u
#define FRAME_SIGN_DATA_HIDING 1u
#define FRAME_CONSTRAINED_INTRA_PRED 0u
#define FRAME_PPS_CB_QP_OFFSET 0
#define FRAME_PPS_CR_QP_OFFSET 0
#define FRAME_SLICE_CB_QP_OFFSET 0
#define FRAME_SLICE_CR_QP_OFFSET 0
#define FRAME_SLICE_TYPE 2u
#define FRAME_SLICE_QP 25
#define FRAME_CONFIG2 0x25888u
#define FRAME_DATA_BYTE_OFFSET 4u
#define FRAME_DATA_LEN 2432u
#define FRAME_HAVE_REF_ARRAYS 1
static const unsigned char slice_data[2436] = {
	0x28,0x01,0xad,0xe0,0x6c,0x77,0xdf,0xff,0xe2,0xd8,0x44,0x9d,0xc5,0x48,0x50,0xb1,
	0xfd,0x1c,0xd2,0xb6,0xd2,0xa2,0xdd,0x99,0x11,0x97,0x4b,0x31,0xca,0x1f,0xf9,0xdc,
	0x7b,0xd8,0x7d,0xf1,0xfd,0x9d,0x42,0x4a,0xc9,0x81,0xfe,0x57,0xef,0x61,0xc7,0xaa,
	0x2e,0xcf,0x00,0x2a,0xe4,0xdd,0x8e,0xbf,0xc5,0xec,0x8a,0x32,0x27,0xf1,0x00,0x8f,
	0xc5,0x18,0x54,0x10,0x32,0xd6,0xd2,0xe6,0x41,0xb6,0x9e,0x4f,0x6a,0xcb,0x7d,0xa4,
	0xfb,0x19,0xe6,0x02,0x84,0x7a,0xfb,0xd8,0x10,0x83,0x7b,0x7b,0x5a,0xfa,0xc6,0x0f,
	0xe1,0x8a,0x96,0x72,0xaf,0x05,0xa1,0xf6,0x89,0xee,0x09,0x6b,0xb2,0x72,0x32,0xd6,
	0x85,0xab,0xac,0x6b,0xbe,0x94,0xac,0xd1,0x4c,0x3d,0xb9,0xd6,0x70,0xd7,0x14,0x14,
	0x2e,0xb6,0x24,0x93,0x1c,0x11,0x87,0xd9,0xa4,0x5d,0x3e,0xc3,0x62,0x12,0xb2,0x08,
	0xb8,0xa2,0xba,0x91,0xf5,0xd5,0x9f,0xbc,0xe5,0x9b,0x9f,0x81,0x22,0x30,0x38,0x91,
	0xa6,0xaa,0x48,0xa8,0x47,0xc5,0x3a,0xd6,0xe2,0xbd,0x1f,0xac,0xeb,0xa6,0x57,0x4a,
	0xac,0x5a,0x58,0xf5,0xa2,0xf0,0x2d,0x69,0x39,0x49,0xe6,0x29,0x77,0xe6,0xc3,0xb1,
	0xf8,0x34,0xd8,0x65,0xa0,0xed,0x32,0x69,0x79,0x08,0x43,0x43,0x38,0x1c,0x2e,0xb0,
	0xc2,0xb3,0x2b,0x9a,0x78,0xf4,0xa4,0xeb,0x83,0x2b,0xde,0xa8,0xe1,0x62,0x02,0xbe,
	0x7e,0x3b,0x58,0x26,0x8e,0xfb,0x0f,0x38,0x78,0x33,0x4a,0xbe,0xed,0x29,0x98,0x06,
	0xe3,0x16,0x0c,0xd9,0x31,0xb9,0x45,0x05,0x68,0x69,0x9f,0x44,0xb9,0x66,0x27,0x9d,
	0xc4,0x63,0x0e,0xe1,0x7c,0x31,0x23,0x38,0x0f,0x65,0x86,0xed,0x02,0x92,0x14,0x25,
	0x84,0x37,0xa7,0x4d,0xb5,0x4e,0xb7,0xab,0xf0,0x07,0x02,0x4d,0x87,0x7a,0xf8,0x35,
	0x55,0xba,0x0f,0x94,0xba,0x5a,0xdc,0x30,0x8a,0xef,0x32,0x6d,0xff,0xe6,0xec,0xc7,
	0x16,0x35,0x25,0xba,0x86,0x66,0x4e,0x14,0xd2,0x47,0xa0,0xef,0x80,0x3a,0x4c,0xba,
	0xa1,0x6f,0x84,0x6e,0x4f,0x23,0x30,0x29,0x9d,0xfe,0x03,0xff,0x67,0xb3,0x5b,0x2f,
	0xf8,0x08,0x5c,0x7a,0xdd,0xa6,0x2f,0x82,0x28,0xe8,0xb0,0xfc,0xa8,0xfc,0x7f,0x91,
	0x21,0x04,0xb2,0x49,0x58,0xac,0xc4,0x87,0x90,0x90,0xe3,0x0d,0xdc,0xf4,0xd9,0x6b,
	0x0f,0x13,0x2a,0xef,0x77,0x73,0xdd,0xed,0x31,0x5e,0xc5,0x55,0x8f,0xa8,0x99,0x1a,
	0xd1,0xb2,0xed,0x68,0xc3,0xaf,0x5e,0x59,0x59,0x23,0x6d,0xbb,0xd9,0x31,0xcf,0xbc,
	0x7d,0x64,0x17,0x91,0xb8,0x16,0xed,0x54,0xb5,0x70,0x04,0xbd,0xe7,0xb7,0xf6,0x78,
	0x98,0xc2,0x71,0x58,0x31,0xb2,0x65,0x7f,0x6b,0xb0,0x67,0x4d,0x61,0x42,0x07,0x35,
	0x2e,0xa3,0x83,0xb0,0x61,0x49,0x6c,0xb2,0xc3,0x6e,0x93,0xcd,0xd7,0x67,0xb7,0x5f,
	0x88,0xd3,0x75,0x9d,0x34,0x89,0x97,0x5f,0x6a,0x77,0xf0,0x57,0x33,0xb2,0xdf,0x20,
	0xf2,0x53,0x30,0x44,0xdf,0x03,0xdb,0x29,0x05,0x03,0x06,0x86,0xcd,0x37,0x01,0xbe,
	0x67,0x40,0x38,0xb5,0x56,0xc3,0x6a,0xe2,0x30,0xf4,0x7e,0xfa,0x34,0x33,0x33,0x20,
	0x36,0x60,0x21,0x0d,0x40,0xce,0x7d,0x7f,0xfc,0x17,0xe4,0xdb,0xed,0x28,0x05,0x68,
	0x24,0x0a,0xa5,0xae,0x31,0x05,0xd4,0x44,0xb8,0x4f,0xfb,0xb8,0x64,0x4f,0xad,0xff,
	0x4d,0xc0,0xdf,0x21,0x0b,0x7a,0x0d,0x07,0xe4,0xff,0xf5,0x8d,0xfc,0x30,0xb1,0xfd,
	0xee,0x8e,0x67,0x50,0xaa,0x3f,0x9c,0x50,0xb4,0xaf,0xe6,0x59,0xcf,0x55,0xfa,0x7f,
	0x3f,0x78,0xa7,0x1f,0xf9,0x0b,0x90,0xb5,0x13,0xfc,0xad,0xac,0xcc,0xc8,0xb5,0xfb,
	0x82,0x4d,0x9d,0x00,0x4e,0x8e,0xf6,0xa2,0x30,0xd2,0xa1,0x6d,0x84,0x82,0x11,0x58,
	0xa6,0x4c,0xad,0x12,0x00,0x0b,0x4f,0x4c,0xdd,0x4f,0x9c,0x73,0x85,0x51,0xca,0x87,
	0xaa,0x27,0x31,0x64,0x57,0x08,0xe3,0x27,0x54,0xa5,0x32,0xc4,0x46,0xd8,0x7e,0x67,
	0xbb,0x25,0xce,0x88,0xfe,0x80,0xd7,0xd2,0x44,0x0d,0xb3,0x50,0x5a,0xe2,0x25,0xfb,
	0x7a,0xf9,0xbf,0x1d,0x7d,0x72,0xa8,0x37,0x71,0x2e,0xcc,0x59,0x8b,0xc4,0xcf,0x90,
	0xc8,0x99,0x84,0x17,0xdf,0x76,0x5a,0x52,0x6a,0x7c,0x2a,0x2b,0x74,0xa6,0x12,0xe4,
	0xc5,0xbe,0x01,0x4e,0x36,0x7a,0xce,0x05,0x76,0x06,0x13,0x4f,0xfc,0xdf,0xf8,0x7f,
	0x8c,0xc4,0x60,0x78,0xc2,0x2c,0x17,0x44,0xa7,0xb7,0x4a,0xac,0x03,0x0f,0x02,0xba,
	0x23,0xef,0x23,0xfb,0x57,0x24,0x01,0xc9,0x51,0xe5,0x09,0x81,0xab,0xce,0x54,0x26,
	0x40,0x0e,0x57,0x3e,0x13,0x1f,0xfb,0xa0,0x19,0xc9,0x25,0x13,0x28,0x88,0xa2,0xad,
	0x14,0xcb,0x12,0x18,0x29,0x01,0x98,0x18,0xfb,0xc9,0x19,0x41,0x1f,0x24,0x27,0xb5,
	0x57,0xfa,0x60,0xf1,0x5b,0x29,0x9d,0xa4,0x9b,0x28,0x4a,0xc8,0xb3,0x37,0xd5,0x75,
	0x7c,0xe3,0x4d,0x1a,0x03,0x0f,0xdf,0x2d,0x55,0x47,0xff,0xff,0xff,0xff,0x3d,0x25,
	0xb3,0xa0,0x56,0x33,0x0e,0x58,0x7a,0xbf,0x6d,0xfa,0xb8,0x9e,0x2e,0xce,0x71,0x49,
	0x4a,0x76,0xf5,0x3b,0xa1,0x77,0x42,0x06,0xc8,0x0d,0x6e,0xc8,0x15,0xbb,0x5a,0xa0,
	0x20,0x00,0x31,0x82,0x17,0xe9,0xfe,0x9b,0xa5,0xda,0x7e,0xb1,0x64,0x00,0x9b,0x42,
	0x7e,0xb3,0xc2,0x39,0x6c,0x0e,0x9a,0xe0,0x23,0x52,0x11,0x7b,0xde,0x20,0x32,0x9a,
	0xda,0xc3,0x24,0x5d,0x1e,0x16,0xa2,0x28,0xbb,0x4f,0xcf,0xbe,0x99,0x8a,0x56,0x15,
	0x58,0xc1,0xed,0x28,0x2b,0xc8,0x14,0x5e,0xd6,0x26,0x73,0xe0,0xed,0x69,0x18,0x9c,
	0xcb,0xfb,0x1f,0x37,0xa7,0x4c,0x27,0x6f,0xb7,0x70,0x53,0xfe,0x7b,0xa2,0xfb,0x0c,
	0x82,0x39,0xdb,0x54,0xd2,0x58,0xaa,0xd0,0xcf,0x23,0xe2,0x01,0x3d,0x9b,0x82,0x1c,
	0x25,0xd1,0xba,0x3c,0xf0,0x8f,0x07,0x1d,0xc7,0x35,0x32,0x0f,0x2d,0x44,0x39,0x3b,
	0xf6,0xab,0xc2,0xff,0xd1,0xf4,0x49,0xf6,0x55,0xb6,0x82,0x79,0xa4,0xb8,0xec,0x23,
	0x21,0xf3,0x6d,0xf3,0xd7,0x7f,0xfb,0x51,0xf9,0x0b,0x49,0x7c,0xc5,0x46,0x52,0x47,
	0x33,0xdd,0x42,0xa0,0xe6,0x14,0xf0,0x7c,0xa1,0x92,0x07,0x0f,0x2d,0xeb,0x6b,0xb9,
	0x96,0x0d,0x0c,0x04,0x08,0x4c,0x41,0x1d,0x38,0x6d,0x31,0xb5,0x24,0x92,0xa4,0xf9,
	0xc5,0x39,0x67,0x66,0x3c,0x95,0x73,0xbe,0x94,0x71,0x39,0x4f,0xbe,0x7e,0x34,0xe1,
	0x20,0x1d,0xc8,0x40,0xd4,0xda,0xc2,0x68,0x01,0xc1,0x51,0x58,0x97,0xa3,0x26,0xb1,
	0x65,0x00,0xc1,0x5d,0x91,0x66,0x42,0x0e,0x52,0x3a,0xaf,0xfe,0xa1,0x56,0x5a,0x7b,
	0xa9,0x7b,0x97,0x6a,0x34,0x8e,0xe1,0xd2,0x19,0x4a,0x36,0x10,0x5d,0xb8,0x7c,0x05,
	0x0f,0xaa,0x5c,0xfe,0x94,0x18,0xaa,0x94,0x04,0xc0,0xb9,0x00,0x9a,0xfa,0xbc,0x8b,
	0x89,0x5b,0x57,0xb3,0xc6,0x22,0x08,0x04,0x90,0xce,0xcc,0xc0,0xc3,0x10,0x8b,0xba,
	0x88,0xdd,0x4a,0x64,0xf9,0xd3,0xe2,0xa2,0x95,0x92,0x4d,0xe8,0xa4,0x72,0x48,0x28,
	0xb4,0xb5,0xde,0x84,0x04,0x1f,0x9e,0x01,0xfb,0x2e,0x3c,0xf7,0xd4,0x75,0x01,0x06,
	0xe0,0xe6,0x1c,0x47,0xdd,0x4c,0xbd,0x0f,0x0b,0xdf,0xff,0xf5,0xba,0xf6,0xa5,0x6f,
	0x1e,0xdc,0xe5,0x7d,0x49,0xa3,0xbf,0x07,0xa7,0x72,0x3d,0x4d,0x2a,0x3e,0xd1,0x25,
	0x5d,0x56,0x72,0x41,0x11,0x69,0x42,0xac,0x09,0x52,0x23,0xf0,0x48,0x61,0x6f,0x23,
	0x78,0x7f,0xc2,0x95,0xec,0x70,0x6b,0x1b,0x7b,0x65,0x69,0x5f,0xf8,0x7d,0x2d,0xca,
	0x5f,0xc6,0xa5,0x8c,0x53,0xfe,0x4f,0x05,0xab,0xaa,0xbd,0xfd,0x1f,0x7e,0x2e,0x59,
	0xdd,0x12,0xf0,0xe4,0xb8,0xac,0x8b,0xeb,0x35,0x3c,0xdc,0x85,0x8f,0xd7,0x85,0x75,
	0x56,0x66,0x37,0xeb,0xea,0xae,0x88,0xb0,0x5d,0x73,0x99,0x6f,0x38,0xa1,0x57,0xe5,
	0x5b,0xfc,0xf9,0x5d,0x17,0xe0,0xbd,0x7e,0xc5,0xd3,0xd5,0x31,0xa6,0x30,0x7f,0xdf,
	0x3b,0x2e,0x66,0x70,0xc6,0xa4,0x4c,0xc5,0xc1,0xd1,0xe8,0xe1,0xcc,0x1f,0x73,0x17,
	0x7f,0x2c,0x84,0x7f,0xd9,0x8e,0x4e,0x7f,0x65,0xc7,0x4a,0x65,0x31,0x90,0x50,0x68,
	0xcf,0x23,0xb3,0x62,0x78,0x81,0x47,0x92,0xe6,0x5a,0xc6,0x18,0x3b,0x96,0x0a,0x06,
	0xdf,0x51,0x74,0xca,0xc1,0x42,0x35,0xca,0xcb,0xbe,0x75,0x37,0x71,0x85,0x3e,0x14,
	0x29,0x48,0xf4,0x4c,0x9d,0x08,0x62,0xca,0x62,0xd0,0xab,0x64,0x5c,0x44,0x2c,0x64,
	0x10,0xc9,0xac,0xe2,0xd5,0xf9,0x78,0xa7,0x11,0x87,0xcb,0x60,0x4d,0x6f,0xf3,0x57,
	0x95,0x5d,0x1f,0x71,0x4d,0x9a,0x8d,0xbb,0xb8,0x10,0x2e,0x23,0xdb,0xeb,0xfa,0xed,
	0x41,0xd9,0xb0,0xe0,0x89,0xe4,0x1c,0x7c,0x55,0xb0,0x3d,0x78,0x07,0x8a,0x04,0xd6,
	0x53,0xe1,0xff,0x2a,0x04,0x49,0x5f,0xfe,0xfe,0x80,0xcc,0x0d,0xe1,0x02,0x4d,0xe8,
	0x0e,0xfa,0x0f,0xc0,0x9c,0xc3,0xb8,0x2b,0x34,0xf9,0x8a,0xea,0xf3,0xa2,0x22,0x12,
	0xcc,0x69,0xd9,0x23,0x8b,0x4d,0x76,0x02,0x04,0x00,0xf8,0xd2,0x57,0x99,0xcf,0x5f,
	0x00,0xa4,0xd0,0x13,0x5a,0x07,0x72,0x25,0xd4,0x07,0x1f,0xa5,0x3a,0x71,0x52,0x67,
	0x7d,0x55,0x4a,0xcc,0x4b,0x22,0x24,0x24,0x54,0x92,0xbd,0xf2,0xa0,0x4e,0xda,0xc6,
	0xc6,0x74,0xd9,0x98,0x95,0x4b,0x56,0xda,0x71,0x07,0x27,0xb1,0x22,0xb2,0x8e,0x15,
	0x49,0x00,0xdc,0xc9,0x38,0xb8,0x55,0x6b,0x38,0xc3,0xab,0x79,0xb3,0xb5,0xa5,0x17,
	0x6e,0xc4,0xc8,0xf8,0x7f,0x48,0x12,0x9a,0x3c,0x59,0x8e,0x43,0xae,0x78,0x20,0x8f,
	0xd7,0x10,0x0d,0x35,0x93,0x82,0x24,0x04,0x97,0x46,0x6c,0x46,0x61,0x75,0x94,0x4f,
	0x3e,0x18,0x87,0xd9,0x85,0xda,0x55,0x7d,0x9b,0x6e,0x83,0xd3,0xdd,0x1d,0xdc,0x56,
	0x7c,0xf6,0xac,0x9d,0x26,0xf7,0xd6,0xc1,0x0f,0x19,0x04,0x40,0xe0,0xec,0x68,0x75,
	0x08,0x07,0xda,0x9b,0xc9,0x0a,0x80,0xe1,0x1c,0x6a,0x97,0x0e,0x53,0x7b,0x13,0x34,
	0x72,0x8b,0x21,0xfd,0x1d,0x8d,0x87,0x61,0xfc,0x1c,0xa5,0x3f,0x97,0x84,0x06,0xbb,
	0x8a,0xa6,0xb5,0x07,0x61,0xa4,0xbb,0x6e,0xba,0xe5,0xae,0xd3,0xbf,0x36,0x88,0x9e,
	0xcd,0x5b,0xcb,0xd2,0xce,0x93,0x3f,0xdc,0x2c,0x0d,0xf0,0xcb,0xb8,0xf4,0x6f,0xcb,
	0xc5,0x73,0xc0,0x57,0x4f,0xae,0xc6,0xc3,0xe6,0xb0,0xfc,0x14,0x58,0xd2,0xbb,0xe0,
	0xcb,0x4e,0x6a,0x8f,0x1c,0xef,0x98,0x63,0x30,0x46,0xdc,0xa8,0x9e,0x35,0xc4,0x0a,
	0xc8,0x5d,0xaa,0x26,0x80,0x8f,0xca,0x21,0xd6,0x24,0x0d,0x81,0x96,0x28,0x5b,0x1a,
	0xad,0x08,0x83,0x96,0x69,0x6d,0xe6,0x6b,0x05,0x41,0x30,0xd4,0xaf,0x16,0x5f,0xda,
	0x9d,0x4d,0x12,0x86,0x19,0x59,0x66,0xff,0x73,0x18,0x8c,0xc1,0x88,0x0f,0x3f,0xc1,
	0x07,0xa0,0x2c,0x3e,0x63,0xff,0xa3,0xfd,0xde,0x11,0x10,0x48,0xb0,0x21,0x10,0xd7,
	0xdd,0x5b,0xc3,0x65,0x73,0xcf,0xcd,0x1e,0x25,0xc7,0x48,0xea,0x9c,0x1d,0x5a,0x81,
	0x41,0x08,0x5b,0x70,0x00,0xd5,0x3a,0xe0,0x01,0x2e,0x23,0xf9,0x20,0x24,0x42,0xfc,
	0x13,0xdc,0xb1,0x4a,0x48,0xe8,0xbd,0xc5,0x1c,0xde,0x36,0x10,0xaa,0xc9,0x03,0x58,
	0xbb,0xae,0x06,0x00,0xcd,0x13,0x64,0xf0,0x56,0x58,0x6f,0x25,0x85,0x55,0x96,0x96,
	0x9c,0xd8,0x6c,0x85,0x92,0x00,0x00,0x68,0xd8,0xb3,0xf3,0xbc,0xa7,0x0b,0x18,0xbd,
	0x20,0x17,0xb7,0x5a,0xc9,0xd0,0x7d,0xc7,0x63,0x10,0xbe,0x2f,0x09,0x0e,0x4c,0xfd,
	0x63,0x2b,0x9e,0xda,0x9f,0x0e,0xcc,0x25,0xb8,0x31,0xad,0xb9,0xea,0x50,0x86,0x16,
	0x2d,0x31,0x03,0xe8,0x23,0x94,0x44,0xa9,0x38,0xa6,0x8c,0x6a,0xea,0xef,0x51,0xd0,
	0x47,0x35,0x2e,0x77,0x74,0x8a,0x06,0xaf,0x54,0x18,0xd1,0x56,0xf7,0x98,0x87,0xd8,
	0xb5,0x6f,0x50,0xe3,0x7b,0xdd,0x00,0x01,0x75,0x70,0xf9,0x9a,0xac,0x9f,0x42,0x3f,
	0xeb,0xbf,0x28,0x99,0x24,0x4e,0xe7,0x94,0x46,0x76,0x1f,0xb6,0x46,0x3d,0x13,0x79,
	0xfc,0x20,0xf1,0x1c,0x3b,0x8c,0x22,0x23,0x29,0xfe,0x09,0x22,0x49,0xdf,0x3b,0xf1,
	0x4e,0xf0,0x3b,0x20,0x85,0x54,0x13,0xa8,0xe0,0x67,0xc6,0xf1,0x6e,0x00,0x13,0x35,
	0xd6,0xd5,0x9a,0xb8,0x19,0x02,0xc6,0x7c,0xd6,0xd3,0xb4,0x76,0x7c,0x5e,0x78,0x39,
	0xd6,0x04,0xe5,0x5d,0x18,0x42,0x64,0xb9,0xc3,0x47,0x5e,0xd3,0x4f,0xcc,0x01,0x57,
	0x77,0x01,0x68,0xee,0x32,0xff,0x21,0x4e,0xd5,0x56,0x22,0xdd,0x51,0x52,0xd1,0x2f,
	0xb5,0xb3,0x0f,0xce,0xd3,0xf3,0x68,0x13,0xfd,0x77,0x61,0x33,0x84,0xce,0xe2,0xd0,
	0xdb,0x22,0xe1,0xba,0xb7,0xff,0xf2,0x9f,0x0c,0xc5,0x88,0x70,0xd6,0xd9,0xd6,0x35,
	0xb9,0xcc,0x62,0xcc,0x8a,0x62,0x30,0x5d,0x91,0xfe,0xcd,0xbb,0x15,0xbe,0x68,0x7a,
	0x86,0x36,0x56,0xba,0xbc,0x73,0xff,0xc2,0x39,0x4b,0xae,0x72,0x28,0x1c,0xd6,0x92,
	0xbb,0x84,0x28,0xb6,0xc8,0xfc,0x87,0x56,0xcb,0xa7,0x69,0xbf,0xd3,0x1c,0xac,0x09,
	0x73,0xda,0xae,0x81,0x83,0xb2,0xdc,0xc7,0x78,0x3f,0xfd,0x75,0x43,0x1d,0xb5,0xf7,
	0xc2,0x3a,0x80,0x10,0x30,0x5c,0xbe,0xf0,0x33,0x1e,0x95,0xed,0xc1,0x4e,0xdf,0xde,
	0x97,0xfa,0xed,0xfd,0xfa,0x5d,0x83,0x81,0x80,0xc9,0x54,0x26,0xb2,0x71,0x15,0xb2,
	0xeb,0x35,0xd9,0xdc,0xad,0x8b,0x8c,0x83,0x4b,0x15,0xaa,0xfe,0xa4,0x20,0x5f,0x97,
	0x30,0xa0,0x3b,0x88,0x00,0x0f,0x48,0x32,0x66,0xdd,0x3a,0xfb,0x96,0xe7,0xe7,0x62,
	0xb3,0xe7,0xfd,0x7d,0x38,0xd7,0x16,0xdb,0xd8,0x58,0xb8,0x34,0x44,0x27,0x1a,0x1a,
	0xbc,0x51,0x56,0x56,0xea,0x01,0xff,0x5a,0x02,0x8f,0x1b,0x00,0x00,0x03,0x03,0x61,
	0xf4,0xeb,0x9a,0xdc,0xd3,0x10,0x86,0xf6,0x98,0xc3,0x1f,0x00,0x43,0xbf,0x18,0xa8,
	0x0e,0x3f,0x71,0xd6,0x03,0x5c,0xb9,0x97,0xb7,0xb0,0x9d,0xca,0x52,0x18,0xf5,0x95,
	0xd3,0x37,0x1c,0x53,0x24,0x60,0xd3,0x60,0x56,0xb6,0x5d,0xf7,0x0e,0x0f,0x14,0x28,
	0x51,0x9f,0x51,0x2b,0x34,0x21,0x65,0x20,0xff,0xee,0x52,0xde,0x88,0xff,0xfe,0xde,
	0xee,0xed,0xca,0x6d,0x76,0x38,0xef,0x16,0x24,0x60,0x04,0x6c,0x04,0xa2,0xe0,0xf5,
	0x1c,0xda,0xf6,0xd0,0x16,0x30,0x51,0xca,0xd1,0xe3,0xd8,0x67,0xc3,0x13,0x46,0x15,
	0x81,0xeb,0x14,0x70,0x47,0xb5,0xf8,0x69,0xa2,0xea,0xdc,0x83,0x82,0xfc,0x0c,0xc6,
	0x0f,0x3e,0x55,0xfd,0x81,0x40,0xb0,0xaa,0xd3,0xa5,0x10,0x92,0x5b,0x5c,0x1c,0x0f,
	0xbe,0x2d,0xef,0xff,0x04,0xb7,0x17,0x38,0x8e,0x52,0xd0,0x22,0xbe,0x43,0x99,0x3a,
	0x4a,0x81,0x88,0x44,0x48,0xc7,0x3d,0x40,0x01,0xe2,0xb5,0xa5,0x7a,0x11,0xff,0xd2,
	0x64,0xf3,0xab,0x2f,0x95,0x00,0xbd,0x61,0x48,0xdd,0x3d,0x10,0x4f,0x94,0xa8,0x72,
	0x3d,0x19,0x18,0x49,0x52,0xa0,0xa2,0x0f,0x17,0xe7,0xfd,0x78,0x13,0xca,0x63,0xc9,
	0x4c,0xf2,0x7e,0x0f,0x7b,0x90,0x34,0xaa,0x7f,0x9c,0xc5,0x85,0xcb,0x6b,0x68,0xf6,
	0xee,0xfd,0xd3,0x9f,0xf0,0x90,0xd7,0xcd,0x97,0x97,0x45,0x88,0x0a,0x73,0x30,0xb1,
	0xcd,0xc0,0xb4,0x60,0xc3,0xe9,0xb3,0x79,0x60,0x40,0x9c,0xc6,0xa6,0x79,0xec,0x11,
	0x06,0x32,0xd5,0xd4,0xcd,0xae,0x46,0xfc,0xf3,0x70,0x14,0x67,0x1b,0xde,0x84,0xe2,
	0x17,0xb3,0x24,0x11,0x1d,0xb6,0x81,0x9a,0x06,0x69,0x3e,0xd3,0x31,0x3b,0xcc,0xe4,
	0xff,0x09,0xf7,0xc0,
};
static const unsigned char ref_luma[76800] = {
	0x10,0x10,0x10,0x10,0x10,0x10,0x10,0x10,0x10,0x10,0x10,0x10,0x10,0x10,0x10,0x10,
	0x10,0x10,0x10,0x10,0x10,0x10,0x10,0x10,0x10,0x10,0x10,0x10,0x10,0x10,0x10,0x10,
	0x10,0x10,0x10,0x10,0x10,0x10,0x10,0x10,0x51,0x51,0x51,0x51,0x51,0x51,0x51,0x51,
	0x51,0x51,0x51,0x51,0x51,0x51,0x51,0x51,0x51,0x51,0x51,0x51,0x51,0x51,0x51,0x51,
	0x51,0x51,0x51,0x51,0x51,0x51,0x51,0x51,0x51,0x51,0x51,0x51,0x51,0x51,0x51,0x51,
	0x8b,0x93,0x8e,0x8f,0x92,0x92,0x91,0x94,0x6c,0x6f,0x67,0x69,0x6a,0x6a,0x6a,0x6a,
	0x6a,0x6a,0x6a,0x6a,0x6a,0x6a,0x6a,0x6a,0x6a,0x6a,0x6a,0x6a,0x6a,0x6a,0x6a,0x6a,
	0x6a,0x6a,0x6a,0x6a,0x6a,0x6a,0x6a,0x6a,0x29,0x29,0x29,0x29,0x29,0x29,0x29,0x29,
	0x29,0x29,0x29,0x29,0x29,0x29,0x29,0x29,0x29,0x29,0x29,0x29,0x29,0x29,0x29,0x29,
	0x29,0x29,0x29,0x29,0x29,0x29,0x29,0x29,0x29,0x29,0x29,0x29,0x29,0x29,0x29,0x29,
	0xd2,0xd2,0xd2,0xd2,0xd2,0xd2,0xd2,0xd2,0xd2,0xd2,0xd2,0xd2,0xd2,0xd2,0xd2,0xd2,
	0xd2,0xd2,0xd2,0xd2,0xd2,0xd2,0xd2,0xd2,0xd2,0xd2,0xd2,0xd2,0xd2,0xd2,0xd2,0xd2,
	0xd2,0xd2,0xd2,0xd2,0xd2,0xd2,0xd2,0xd2,0x91,0x91,0x91,0x91,0x91,0x91,0x91,0x91,
	0x91,0x91,0x91,0x91,0x91,0x91,0x91,0x91,0x91,0x91,0x91,0x91,0x91,0x91,0x91,0x91,
	0x91,0x91,0x91,0x91,0x91,0x91,0x91,0x91,0x92,0x6f,0x6d,0x6a,0x6a,0x6a,0x6a,0x6a,
	0xa2,0xaa,0xa9,0xa7,0xa9,0xa9,0xa9,0xa9,0xaa,0xaa,0xaa,0xaa,0xaa,0xaa,0xaa,0xaa,
	0xaa,0xaa,0xaa,0xaa,0xaa,0xaa,0xaa,0xaa,0xaa,0xaa,0xaa,0xaa,0xaa,0xaa,0xaa,0xaa,
	0xaa,0xaa,0xaa,0xaa,0xaa,0xaa,0xaa,0xaa,0xeb,0xeb,0xeb,0xeb,0xeb,0xeb,0xeb,0xeb,
	0xeb,0xeb,0xeb,0xeb,0xeb,0xeb,0xeb,0xeb,0xeb,0xeb,0xeb,0xeb,0xeb,0xeb,0xeb,0xeb,
	0xeb,0xeb,0xeb,0xeb,0xeb,0xeb,0xeb,0xeb,0xeb,0xeb,0xeb,0xeb,0xeb,0xeb,0xeb,0xeb,
	0x10,0x10,0x10,0x10,0x10,0x10,0x10,0x10,0x10,0x10,0x10,0x10,0x10,0x10,0x10,0x10,
	0x10,0x10,0x10,0x10,0x10,0x10,0x10,0x10,0x10,0x10,0x10,0x10,0x10,0x10,0x10,0x10,
	0x10,0x10,0x10,0x10,0x10,0x10,0x10,0x10,0x51,0x51,0x51,0x51,0x51,0x51,0x51,0x51,
	0x51,0x51,0x51,0x51,0x51,0x51,0x51,0x51,0x51,0x51,0x51,0x51,0x51,0x51,0x51,0x51,
	0x51,0x51,0x51,0x51,0x51,0x51,0x51,0x51,0x51,0x51,0x51,0x51,0x51,0x51,0x51,0x51,
	0x93,0x94,0x8d,0x91,0x94,0x91,0x90,0x6c,0x6f,0x67,0x69,0x6a,0x6a,0x6a,0x6a,0x6a,
	0x6a,0x6a,0x6a,0x6a,0x6a,0x6a,0x6a,0x6a,0x6a,0x6a,0x6a,0x6a,0x6a,0x6a,0x6a,0x6a,
	0x6a,0x6a,0x6a,0x6a,0x6a,0x6a,0x6a,0x6a,0x29,0x29,0x29,0x29,0x29,0x29,0x29,0x29,
	0x29,0x29,0x29,0x29,0x29,0x29,0x29,0x29,0x29,0x29,0x29,0x29,0x29,0x29,0x29,0x29,
	0x29,0x29,0x29,0x29,0x29,0x29,0x29,0x29,0x29,0x29,0x29,0x29,0x29,0x29,0x29,0x29,
	0xd2,0xd2,0xd2,0xd2,0xd2,0xd2,0xd2,0xd2,0xd2,0xd2,0xd2,0xd2,0xd2,0xd2,0xd2,0xd2,
	0xd2,0xd2,0xd2,0xd2,0xd2,0xd2,0xd2,0xd2,0xd2,0xd2,0xd2,0xd2,0xd2,0xd2,0xd2,0xd2,
	0xd2,0xd2,0xd2,0xd2,0xd2,0xd2,0xd2,0xd2,0x91,0x91,0x91,0x91,0x91,0x91,0x91,0x91,
	0x91,0x91,0x91,0x91,0x91,0x91,0x91,0x91,0x91,0x91,0x91,0x91,0x91,0x91,0x91,0x91,
	0x91,0x91,0x91,0x91,0x91,0x91,0x91,0x91,0x90,0x8e,0x72,0x70,0x6a,0x6a,0x6a,0x6a,
	0xad,0xad,0xad,0xac,0xaa,0xaa,0xaa,0xaa,0xab,0xaa,0xaa,0xaa,0xaa,0xaa,0xaa,0xaa,
	0xaa,0xaa,0xaa,0xaa,0xaa,0xaa,0xaa,0xaa,0xaa,0xaa,0xaa,0xaa,0xaa,0xaa,0xaa,0xaa,
	0xaa,0xaa,0xaa,0xaa,0xaa,0xaa,0xaa,0xaa,0xeb,0xeb,0xeb,0xeb,0xeb,0xeb,0xeb,0xeb,
	0xeb,0xeb,0xeb,0xeb,0xeb,0xeb,0xeb,0xeb,0xeb,0xeb,0xeb,0xeb,0xeb,0xeb,0xeb,0xeb,
	0xeb,0xeb,0xeb,0xeb,0xeb,0xeb,0xeb,0xeb,0xeb,0xeb,0xeb,0xeb,0xeb,0xeb,0xeb,0xeb,
	0x10,0x10,0x10,0x10,0x10,0x10,0x10,0x10,0x10,0x10,0x10,0x10,0x10,0x10,0x10,0x10,
	0x10,0x10,0x10,0x10,0x10,0x10,0x10,0x10,0x10,0x10,0x10,0x10,0x10,0x10,0x10,0x10,
	0x10,0x10,0x10,0x10,0x10,0x10,0x10,0x10,0x51,0x51,0x51,0x51,0x51,0x51,0x51,0x51,
	0x51,0x51,0x51,0x51,0x51,0x51,0x51,0x51,0x51,0x51,0x51,0x51,0x51,0x51,0x51,0x51,
	0x51,0x51,0x51,0x51,0x51,0x51,0x51,0x51,0x51,0x51,0x51,0x51,0x51,0x51,0x51,0x51,
	0x8e,0x8d,0x8d,0x92,0x93,0x6e,0x67,0x6f,0x67,0x69,0x6a,0x6a,0x6a,0x6a,0x6a,0x6a,
	0x6a,0x6a,0x6a,0x6a,0x6a,0x6a,0x6a,0x6a,0x6a,0x6a,0x6a,0x6a,0x6a,0x6a,0x6a,0x6a,
	0x6a,0x6a,0x6a,0x6a,0x6a,0x6a,0x6a,0x6a,0x29,0x29,0x29,0x29,0x29,0x29,0x29,0x29,
	0x29,0x29,0x29,0x29,0x29,0x29,0x29,0x29,0x29,0x29,0x29,0x29,0x29,0x29,0x29,0x29,
	0x29,0x29,0x29,0x29,0x29,0x29,0x29,0x29,0x29,0x29,0x29,0x29,0x29,0x29,0x29,0x29,
	0xd2,0xd2,0xd2,0xd2,0xd2,0xd2,0xd2,0xd2,0xd2,0xd2,0xd2,0xd2,0xd2,0xd2,0xd2,0xd2,
	0xd2,0xd2,0xd2,0xd2,0xd2,0xd2,0xd2,0xd2,0xd2,0xd2,0xd2,0xd2,0xd2,0xd2,0xd2,0xd2,
	0xd2,0xd2,0xd2,0xd2,0xd2,0xd2,0xd2,0xd2,0x91,0x91,0x91,0x91,0x91,0x91,0x91,0x91,
	0x91,0x91,0x91,0x91,0x91,0x91,0x91,0x91,0x91,0x91,0x91,0x91,0x91,0x91,0x91,0x91,
	0x91,0x91,0x91,0x91,0x91,0x91,0x91,0x91,0x8d,0x92,0x94,0x8f,0x70,0x6a,0x6a,0x6a,
	0xaa,0xa7,0xad,0xaa,0xaa,0xaa,0xab,0xac,0xab,0xaa,0xaa,0xaa,0xaa,0xaa,0xaa,0xaa,
	0xaa,0xaa,0xaa,0xaa,0xaa,0xaa,0xaa,0xaa,0xaa,0xaa,0xaa,0xaa,0xaa,0xaa,0xaa,0xaa,
	0xaa,0xaa,0xaa,0xaa,0xaa,0xaa,0xaa,0xaa,0xeb,0xeb,0xeb,0xeb,0xeb,0xeb,0xeb,0xeb,
	0xeb,0xeb,0xeb,0xeb,0xeb,0xeb,0xeb,0xeb,0xeb,0xeb,0xeb,0xeb,0xeb,0xeb,0xeb,0xeb,
	0xeb,0xeb,0xeb,0xeb,0xeb,0xeb,0xeb,0xeb,0xeb,0xeb,0xeb,0xeb,0xeb,0xeb,0xeb,0xeb,
	0x10,0x10,0x10,0x10,0x10,0x10,0x10,0x10,0x10,0x10,0x10,0x10,0x10,0x10,0x10,0x10,
	0x10,0x10,0x10,0x10,0x10,0x10,0x10,0x10,0x10,0x10,0x10,0x10,0x10,0x10,0x10,0x10,
	0x10,0x10,0x10,0x10,0x10,0x10,0x10,0x10,0x51,0x51,0x51,0x51,0x51,0x51,0x51,0x51,
	0x51,0x51,0x51,0x51,0x51,0x51,0x51,0x51,0x51,0x51,0x51,0x51,0x51,0x51,0x51,0x51,
	0x51,0x51,0x51,0x51,0x51,0x51,0x51,0x51,0x51,0x51,0x51,0x51,0x51,0x51,0x51,0x51,
	0x8f,0x91,0x92,0x90,0x6b,0x71,0x65,0x67,0x69,0x6a,0x6a,0x6a,0x6a,0x6a,0x6a,0x6a,
	0x6a,0x6a,0x6a,0x6a,0x6a,0x6a,0x6a,0x6a,0x6a,0x6a,0x6a,0x6a,0x6a,0x6a,0x6a,0x6a,
	0x6a,0x6a,0x6a,0x6a,0x6a,0x6a,0x6a,0x6a,0x29,0x29,0x29,0x29,0x29,0x29,0x29,0x29,
	0x29,0x29,0x29,0x29,0x29,0x29,0x29,0x29,0x29,0x29,0x29,0x29,0x29,0x29,0x29,0x29,
	0x29,0x29,0x29,0x29,0x29,0x29,0x29,0x29,0x29,0x29,0x29,0x29,0x29,0x29,0x29,0x29,
	0xd2,0xd2,0xd2,0xd2,0xd2,0xd2,0xd2,0xd2,0xd2,0xd2,0xd2,0xd2,0xd2,0xd2,0xd2,0xd2,
	0xd2,0xd2,0xd2,0xd2,0xd2,0xd2,0xd2,0xd2,0xd2,0xd2,0xd2,0xd2,0xd2,0xd2,0xd2,0xd2,
	0xd2,0xd2,0xd2,0xd2,0xd2,0xd2,0xd2,0xd2,0x91,0x91,0x91,0x91,0x91,0x91,0x91,0x91,
	0x91,0x91,0x91,0x91,0x91,0x91,0x91,0x91,0x91,0x91,0x91,0x91,0x91,0x91,0x91,0x91,
	0x91,0x91,0x91,0x91,0x91,0x91,0x91,0x91,0x93,0x93,0x94,0x90,0x8f,0x70,0x6a,0x6a,
	0xab,0xa9,0xb0,0xa6,0xa9,0xab,0xac,0xac,0xab,0xaa,0xaa,0xaa,0xaa,0xaa,0xaa,0xaa,
	0xaa,0xaa,0xaa,0xaa,0xaa,0xaa,0xaa,0xaa,0xaa,0xaa,0xaa,0xaa,0xaa,0xaa,0xaa,0xaa,
	0xaa,0xaa,0xaa,0xaa,0xaa,0xaa,0xaa,0xaa,0xeb,0xeb,0xeb,0xeb,0xeb,0xeb,0xeb,0xeb,
	0xeb,0xeb,0xeb,0xeb,0xeb,0xeb,0xeb,0xeb,0xeb,0xeb,0xeb,0xeb,0xeb,0xeb,0xeb,0xeb,
	0xeb,0xeb,0xeb,0xeb,0xeb,0xeb,0xeb,0xeb,0xeb,0xeb,0xeb,0xeb,0xeb,0xeb,0xeb,0xeb,
	0x10,0x10,0x10,0x10,0x10,0x10,0x10,0x10,0x10,0x10,0x10,0x10,0x10,0x10,0x10,0x10,
	0x10,0x10,0x10,0x10,0x10,0x10,0x10,0x10,0x10,0x10,0x10,0x10,0x10,0x10,0x10,0x10,
	0x10,0x10,0x10,0x10,0x10,0x10,0x10,0x10,0x51,0x51,0x51,0x51,0x51,0x51,0x51,0x51,
	0x51,0x51,0x51,0x51,0x51,0x51,0x51,0x51,0x51,0x51,0x51,0x51,0x51,0x51,0x51,0x51,
	0x51,0x51,0x51,0x51,0x51,0x51,0x51,0x51,0x51,0x51,0x51,0x51,0x5a,0x56,0x51,0x4f,
	0x90,0x94,0x6d,0x6f,0x6c,0x6c,0x69,0x69,0x6a,0x6a,0x6a,0x6a,0x6a,0x6a,0x6a,0x6a,
	0x6a,0x6a,0x6a,0x6a,0x6a,0x6a,0x6a,0x6a,0x6a,0x6a,0x6a,0x6a,0x6a,0x6a,0x6a,0x6a,
	0x6a,0x6a,0x6a,0x6a,0x6a,0x6a,0x6a,0x6a,0x29,0x29,0x29,0x29,0x29,0x29,0x29,0x29,
	0x29,0x29,0x29,0x29,0x29,0x29,0x29,0x29,0x29,0x29,0x29,0x29,0x29,0x29,0x29,0x29,
	0x29,0x29,0x29,0x29,0x29,0x29,0x29,0x29,0x29,0x29,0x29,0x29,0x29,0x29,0x29,0x29,
	0xd2,0xd2,0xd2,0xd2,0xd2,0xd2,0xd2,0xd2,0xd2,0xd2,0xd2,0xd2,0xd2,0xd2,0xd2,0xd2,
	0xd2,0xd2,0xd2,0xd2,0xd2,0xd2,0xd2,0xd2,0xd2,0xd2,0xd2,0xd2,0xd2,0xd2,0xd2,0xd2,
	0xd2,0xd2,0xd2,0xd2,0xd2,0xd2,0xd2,0xd2,0x91,0x91,0x91,0x91,0x91,0x91,0x91,0x91,
	0x91,0x91,0x91,0x91,0x91,0x91,0x91,0x91,0x91,0x91,0x91,0x91,0x91,0x91,0x91,0x91,
	0x91,0x91,0x91,0x91,0x91,0x91,0x91,0x91,0x91,0x91,0x91,0x91,0x8c,0x8c,0x91,0x69,
	0xab,0xad,0xa7,0xaa,0xaa,0xaa,0xab,0xab,0xaa,0xaa,0xaa,0xaa,0xaa,0xaa,0xaa,0xaa,
	0xaa,0xaa,0xaa,0xaa,0xaa,0xaa,0xaa,0xaa,0xaa,0xaa,0xaa,0xaa,0xaa,0xaa,0xaa,0xaa,
	0xaa,0xaa,0xaa,0xaa,0xaa,0xaa,0xaa,0xaa,0xeb,0xeb,0xeb,0xeb,0xeb,0xeb,0xeb,0xeb,
	0xeb,0xeb,0xeb,0xeb,0xeb,0xeb,0xeb,0xeb,0xeb,0xeb,0xeb,0xeb,0xeb,0xeb,0xeb,0xeb,
	0xeb,0xeb,0xeb,0xeb,0xeb,0xeb,0xeb,0xeb,0xeb,0xeb,0xeb,0xeb,0xeb,0xeb,0xeb,0xeb,
	0x10,0x10,0x10,0x10,0x10,0x10,0x10,0x10,0x10,0x10,0x10,0x10,0x10,0x10,0x10,0x10,
	0x10,0x10,0x10,0x10,0x10,0x10,0x10,0x10,0x10,0x10,0x10,0x10,0x10,0x10,0x10,0x10,
	0x10,0x10,0x10,0x10,0x10,0x10,0x10,0x10,0x51,0x51,0x51,0x51,0x51,0x51,0x51,0x51,
	0x51,0x51,0x51,0x51,0x51,0x51,0x51,0x51,0x51,0x51,0x51,0x51,0x51,0x51,0x51,0x51,
	0x51,0x51,0x51,0x51,0x51,0x51,0x51,0x51,0x51,0x51,0x51,0x51,0x56,0x4c,0x55,0x50,
	0x8d,0x6a,0x68,0x67,0x69,0x6a,0x6a,0x6a,0x6a,0x6a,0x6a,0x6a,0x6a,0x6a,0x6a,0x6a,
	0x6a,0x6a,0x6a,0x6a,0x6a,0x6a,0x6a,0x6a,0x6a,0x6a,0x6a,0x6a,0x6a,0x6a,0x6a,0x6a,
	0x6a,0x6a,0x6a,0x6a,0x6a,0x6a,0x6a,0x6a,0x29,0x29,0x29,0x29,0x29,0x29,0x29,0x29,
	0x29,0x29,0x29,0x29,0x29,0x29,0x29,0x29,0x29,0x29,0x29,0x29,0x29,0x29,0x29,0x29,
	0x29,0x29,0x29,0x29,0x29,0x29,0x29,0x29,0x29,0x29,0x29,0x29,0x29,0x29,0x29,0x29,
	0xd2,0xd2,0xd2,0xd2,0xd2,0xd2,0xd2,0xd2,0xd2,0xd2,0xd2,0xd2,0xd2,0xd2,0xd2,0xd2,
	0xd2,0xd2,0xd2,0xd2,0xd2,0xd2,0xd2,0xd2,0xd2,0xd2,0xd2,0xd2,0xd2,0xd2,0xd2,0xd2,
	0xd2,0xd2,0xd2,0xd2,0xd2,0xd2,0xd2,0xd2,0x91,0x91,0x91,0x91,0x91,0x91,0x91,0x91,
	0x91,0x91,0x91,0x91,0x91,0x91,0x91,0x91,0x91,0x91,0x91,0x91,0x91,0x91,0x91,0x91,
	0x91,0x91,0x91,0x91,0x91,0x91,0x91,0x91,0x91,0x91,0x91,0x91,0x96,0x90,0x94,0x90,
	0xa7,0xa8,0xad,0xa7,0xa9,0xaa,0xaa,0xaa,0xaa,0xaa,0xaa,0xaa,0xaa,0xaa,0xaa,0xaa,
	0xaa,0xaa,0xaa,0xaa,0xaa,0xaa,0xaa,0xaa,0xaa,0xaa,0xaa,0xaa,0xaa,0xaa,0xaa,0xaa,
	0xaa,0xaa,0xaa,0xaa,0xaa,0xaa,0xaa,0xaa,0xeb,0xeb,0xeb,0xeb,0xeb,0xeb,0xeb,0xeb,
	0xeb,0xeb,0xeb,0xeb,0xeb,0xeb,0xeb,0xeb,0xeb,0xeb,0xeb,0xeb,0xeb,0xeb,0xeb,0xeb,
	0xeb,0xeb,0xeb,0xeb,0xeb,0xeb,0xeb,0xeb,0xeb,0xeb,0xeb,0xeb,0xeb,0xeb,0xeb,0xeb,
	0x10,0x10,0x10,0x10,0x10,0x10,0x10,0x10,0x10,0x10,0x10,0x10,0x10,0x10,0x10,0x10,
	0x10,0x10,0x10,0x10,0x10,0x10,0x10,0x10,0x10,0x10,0x10,0x10,0x10,0x10,0x10,0x10,
	0x10,0x10,0x10,0x10,0x10,0x10,0x10,0x10,0x51,0x51,0x51,0x51,0x51,0x51,0x51,0x51,
	0x51,0x51,0x51,0x51,0x51,0x51,0x51,0x51,0x51,0x51,0x51,0x51,0x51,0x51,0x51,0x51,
	0x51,0x51,0x51,0x51,0x51,0x51,0x51,0x51,0x51,0x51,0x51,0x51,0x51,0x55,0x55,0xa4,
	0x6b,0x67,0x67,0x6d,0x6b,0x6a,0x6a,0x6a,0x6a,0x6a,0x6a,0x6a,0x6a,0x6a,0x6a,0x6a,
	0x6a,0x6a,0x6a,0x6a,0x6a,0x6a,0x6a,0x6a,0x6a,0x6a,0x6a,0x6a,0x6a,0x6a,0x6a,0x6a,
	0x6a,0x6a,0x6a,0x6a,0x6a,0x6a,0x6a,0x6a,0x29,0x29,0x29,0x29,0x29,0x29,0x29,0x29,
	0x29,0x29,0x29,0x29,0x29,0x29,0x29,0x29,0x29,0x29,0x29,0x29,0x29,0x29,0x29,0x29,
	0x29,0x29,0x29,0x29,0x29,0x29,0x29,0x29,0x29,0x29,0x29,0x29,0x29,0x29,0x29,0x29,
	0xd2,0xd2,0xd2,0xd2,0xd2,0xd2,0xd2,0xd2,0xd2,0xd2,0xd2,0xd2,0xd2,0xd2,0xd2,0xd2,
	0xd2,0xd2,0xd2,0xd2,0xd2,0xd2,0xd2,0xd2,0xd2,0xd2,0xd2,0xd2,0xd2,0xd2,0xd2,0xd2,
	0xd2,0xd2,0xd2,0xd2,0xd2,0xd2,0xd2,0xd2,0x91,0x91,0x91,0x91,0x91,0x91,0x91,0x91,
	0x91,0x91,0x91,0x91,0x91,0x91,0x91,0x91,0x91,0x91,0x91,0x91,0x91,0x91,0x91,0x91,
	0x91,0x91,0x91,0x91,0x91,0x91,0x91,0x91,0x91,0x91,0x91,0x91,0x8f,0x95,0x8e,0x92,
	0x55,0x4c,0xa8,0xa9,0xaa,0xaa,0xaa,0xaa,0xaa,0xaa,0xaa,0xaa,0xaa,0xaa,0xaa,0xaa,
	0xaa,0xaa,0xaa,0xaa,0xaa,0xaa,0xaa,0xaa,0xaa,0xaa,0xaa,0xaa,0xaa,0xaa,0xaa,0xaa,
	0xaa,0xaa,0xaa,0xaa,0xaa,0xaa,0xaa,0xaa,0xeb,0xeb,0xeb,0xeb,0xeb,0xeb,0xeb,0xeb,
	0xeb,0xeb,0xeb,0xeb,0xeb,0xeb,0xeb,0xeb,0xeb,0xeb,0xeb,0xeb,0xeb,0xeb,0xeb,0xeb,
	0xeb,0xeb,0xeb,0xeb,0xeb,0xeb,0xeb,0xeb,0xeb,0xeb,0xeb,0xeb,0xeb,0xeb,0xeb,0xeb,
	0x10,0x10,0x10,0x10,0x10,0x10,0x10,0x10,0x10,0x10,0x10,0x10,0x10,0x10,0x10,0x10,
	0x10,0x10,0x10,0x10,0x10,0x10,0x10,0x10,0x10,0x10,0x10,0x10,0x10,0x10,0x10,0x10,
	0x10,0x10,0x10,0x10,0x10,0x10,0x10,0x10,0x51,0x51,0x51,0x51,0x51,0x51,0x51,0x51,
	0x51,0x51,0x51,0x51,0x51,0x51,0x51,0x51,0x51,0x51,0x51,0x51,0x51,0x51,0x51,0x51,
	0x51,0x51,0x51,0x51,0x51,0x51,0x51,0x51,0x51,0x51,0x51,0x51,0x4f,0x50,0xa4,0xa3,
	0x6e,0x6b,0x66,0x67,0x6a,0x6a,0x6a,0x6a,0x6a,0x6a,0x6a,0x6a,0x6a,0x6a,0x6a,0x6a,
	0x6a,0x6a,0x6a,0x6a,0x6a,0x6a,0x6a,0x6a,0x6a,0x6a,0x6a,0x6a,0x6a,0x6a,0x6a,0x6a,
	0x6a,0x6a,0x6a,0x6a,0x6a,0x6a,0x6a,0x6a,0x29,0x29,0x29,0x29,0x29,0x29,0x29,0x29,
	0x29,0x29,0x29,0x29,0x29,0x29,0x29,0x29,0x29,0x29,0x29,0x29,0x29,0x29,0x29,0x29,
	0x29,0x29,0x29,0x29,0x29,0x29,0x29,0x29,0x29,0x29,0x29,0x29,0x29,0x29,0x29,0x29,
	0xd2,0xd2,0xd2,0xd2,0xd2,0xd2,0xd2,0xd2,0xd2,0xd2,0xd2,0xd2,0xd2,0xd2,0xd2,0xd2,
	0xd2,0xd2,0xd2,0xd2,0xd2,0xd2,0xd2,0xd2,0xd2,0xd2,0xd2,0xd2,0xd2,0xd2,0xd2,0xd2,
	0xd2,0xd2,0xd2,0xd2,0xd2,0xd2,0xd2,0xd2,0x91,0x91,0x91,0x91,0x91,0x91,0x91,0x91,
	0x91,0x91,0x91,0x91,0x91,0x91,0x91,0x91,0x91,0x91,0x91,0x91,0x91,0x91,0x91,0x91,
	0x91,0x91,0x91,0x91,0x91,0x91,0x91,0x91,0x91,0x91,0x91,0x91,0x92,0x8f,0x8b,0x8f,
	0x51,0x4f,0x4f,0xad,0xab,0xaa,0xaa,0xaa,0xaa,0xaa,0xaa,0xaa,0xaa,0xaa,0xaa,0xaa,
	0xaa,0xaa,0xaa,0xaa,0xaa,0xaa,0xaa,0xaa,0xaa,0xaa,0xaa,0xaa,0xaa,0xaa,0xaa,0xaa,
	0xaa,0xaa,0xaa,0xaa,0xaa,0xaa,0xaa,0xaa,0xeb,0xeb,0xeb,0xeb,0xeb,0xeb,0xeb,0xeb,
	0xeb,0xeb,0xeb,0xeb,0xeb,0xeb,0xeb,0xeb,0xeb,0xeb,0xeb,0xeb,0xeb,0xeb,0xeb,0xeb,
	0xeb,0xeb,0xeb,0xeb,0xeb,0xeb,0xeb,0xeb,0xeb,0xeb,0xeb,0xeb,0xeb,0xeb,0xeb,0xeb,
	0x10,0x10,0x10,0x10,0x10,0x10,0x10,0x10,0x10,0x10,0x10,0x10,0x10,0x10,0x10,0x10,
	0x10,0x10,0x10,0x10,0x10,0x10,0x10,0x10,0x10,0x10,0x10,0x10,0x10,0x10,0x10,0x10,
	0x10,0x10,0x10,0x10,0x10,0x10,0x10,0x10,0x51,0x51,0x51,0x51,0x51,0x51,0x51,0x51,
	0x51,0x51,0x51,0x51,0x51,0x51,0x51,0x51,0x51,0x51,0x51,0x51,0x51,0x51,0x51,0x51,
	0x51,0x51,0x51,0x51,0x51,0x51,0x51,0x51,0x56,0x57,0x54,0x55,0x51,0xa6,0xa6,0xa6,
	0x6b,0x68,0x67,0x69,0x69,0x6a,0x6a,0x6a,0x6a,0x6a,0x6a,0x6a,0x6a,0x6a,0x6a,0x6a,
	0x6a,0x6a,0x6a,0x6a,0x6a,0x6a,0x6a,0x6a,0x6a,0x6a,0x6a,0x6a,0x6a,0x6a,0x6a,0x6a,
	0x6a,0x6a,0x6a,0x6a,0x6a,0x6a,0x6a,0x6a,0x29,0x29,0x29,0x29,0x29,0x29,0x29,0x29,
	0x29,0x29,0x29,0x29,0x29,0x29,0x29,0x29,0x29,0x29,0x29,0x29,0x29,0x29,0x29,0x29,
	0x29,0x29,0x29,0x29,0x29,0x29,0x29,0x29,0x29,0x29,0x29,0x29,0x29,0x29,0x29,0x29,
	0xd2,0xd2,0xd2,0xd2,0xd2,0xd2,0xd2,0xd2,0xd2,0xd2,0xd2,0xd2,0xd2,0xd2,0xd2,0xd2,
	0xd2,0xd2,0xd2,0xd2,0xd2,0xd2,0xd2,0xd2,0xd2,0xd2,0xd2,0xd2,0xd2,0xd2,0xd2,0xd2,
	0xd2,0xd2,0xd2,0xd2,0xd2,0xd2,0xd2,0xd2,0x91,0x91,0x91,0x91,0x91,0x91,0x91,0x91,
	0x91,0x91,0x91,0x91,0x91,0x91,0x91,0x91,0x91,0x91,0x91,0x91,0x91,0x91,0x91,0x91,
	0x91,0x91,0x91,0x91,0x91,0x91,0x91,0x91,0x91,0x91,0x91,0x91,0x91,0x91,0x91,0x91,
	0x5a,0x50,0x54,0x53,0xa7,0xaa,0xaf,0xa6,0xaa,0xaa,0xaa,0xaa,0xaa,0xaa,0xaa,0xaa,
	0xaa,0xaa,0xaa,0xaa,0xaa,0xaa,0xaa,0xaa,0xaa,0xaa,0xaa,0xaa,0xaa,0xaa,0xaa,0xaa,
	0xaa,0xaa,0xaa,0xaa,0xaa,0xaa,0xaa,0xaa,0xeb,0xeb,0xeb,0xeb,0xeb,0xeb,0xeb,0xeb,
	0xeb,0xeb,0xeb,0xeb,0xeb,0xeb,0xeb,0xeb,0xeb,0xeb,0xeb,0xeb,0xeb,0xeb,0xeb,0xeb,
	0xeb,0xeb,0xeb,0xeb,0xeb,0xeb,0xeb,0xeb,0xeb,0xeb,0xeb,0xeb,0xeb,0xeb,0xeb,0xeb,
	0x10,0x10,0x10,0x10,0x10,0x10,0x10,0x10,0x10,0x10,0x10,0x10,0x10,0x10,0x10,0x10,
	0x10,0x10,0x10,0x10,0x10,0x10,0x10,0x10,0x10,0x10,0x10,0x10,0x10,0x10,0x10,0x10,
	0x10,0x10,0x10,0x10,0x10,0x10,0x10,0x10,0x51,0x51,0x51,0x51,0x51,0x51,0x51,0x51,
	0x51,0x51,0x51,0x51,0x51,0x51,0x51,0x51,0x51,0x51,0x51,0x51,0x51,0x51,0x51,0x51,
	0x51,0x51,0x51,0x51,0x51,0x51,0x51,0x51,0x56,0x52,0x4d,0xaa,0xa6,0xa7,0xa9,0xa9,
	0x68,0x67,0x69,0x6a,0x69,0x6a,0x6a,0x6a,0x6a,0x6a,0x6a,0x6a,0x6a,0x6a,0x6a,0x6a,
	0x6a,0x6a,0x6a,0x6a,0x6a,0x6a,0x6a,0x6a,0x6a,0x6a,0x6a,0x6a,0x6a,0x6a,0x6a,0x6a,
	0x6a,0x6a,0x6a,0x6a,0x6a,0x6a,0x6a,0x6a,0x29,0x29,0x29,0x29,0x29,0x29,0x29,0x29,
	0x29,0x29,0x29,0x29,0x29,0x29,0x29,0x29,0x29,0x29,0x29,0x29,0x29,0x29,0x29,0x29,
	0x29,0x29,0x29,0x29,0x29,0x29,0x29,0x29,0x29,0x29,0x29,0x29,0x29,0x29,0x29,0x29,
	0xd2,0xd2,0xd2,0xd2,0xd2,0xd2,0xd2,0xd2,0xd2,0xd2,0xd2,0xd2,0xd2,0xd2,0xd2,0xd2,
	0xd2,0xd2,0xd2,0xd2,0xd2,0xd2,0xd2,0xd2,0xd2,0xd2,0xd2,0xd2,0xd2,0xd2,0xd2,0xd2,
	0xd2,0xd2,0xd2,0xd2,0xd2,0xd2,0xd2,0xd2,0x91,0x91,0x91,0x91,0x91,0x91,0x91,0x91,
	0x91,0x91,0x91,0x91,0x91,0x91,0x91,0x91,0x91,0x91,0x91,0x91,0x91,0x91,0x91,0x91,
	0x91,0x91,0x91,0x91,0x91,0x91,0x91,0x91,0x91,0x91,0x91,0x91,0x91,0x91,0x91,0x91,
	0x50,0x4b,0x51,0x4e,0x50,0x52,0xab,0xa7,0xaa,0xaa,0xaa,0xaa,0xaa,0xaa,0xaa,0xaa,
	0xaa,0xaa,0xaa,0xaa,0xaa,0xaa,0xaa,0xaa,0xaa,0xaa,0xaa,0xaa,0xaa,0xaa,0xaa,0xaa,
	0xaa,0xaa,0xaa,0xaa,0xaa,0xaa,0xaa,0xaa,0xeb,0xeb,0xeb,0xeb,0xeb,0xeb,0xeb,0xeb,
	0xeb,0xeb,0xeb,0xeb,0xeb,0xeb,0xeb,0xeb,0xeb,0xeb,0xeb,0xeb,0xeb,0xeb,0xeb,0xeb,
	0xeb,0xeb,0xeb,0xeb,0xeb,0xeb,0xeb,0xeb,0xeb,0xeb,0xeb,0xeb,0xeb,0xeb,0xeb,0xeb,
	0x10,0x10,0x10,0x10,0x10,0x10,0x10,0x10,0x10,0x10,0x10,0x10,0x10,0x10,0x10,0x10,
	0x10,0x10,0x10,0x10,0x10,0x10,0x10,0x10,0x10,0x10,0x10,0x10,0x10,0x10,0x10,0x10,
	0x10,0x10,0x10,0x10,0x10,0x10,0x10,0x10,0x51,0x51,0x51,0x51,0x51,0x51,0x51,0x51,
	0x51,0x51,0x51,0x51,0x51,0x51,0x51,0x51,0x51,0x51,0x51,0x51,0x51,0x51,0x51,0x51,
	0x51,0x51,0x51,0x51,0x51,0x51,0x51,0x51,0x55,0x54,0xab,0xad,0xa6,0xa9,0xab,0xac,
	0x67,0x69,0x6a,0x6a,0x6a,0x6a,0x6a,0x6a,0x6a,0x6a,0x6a,0x6a,0x6a,0x6a,0x6a,0x6a,
	0x6a,0x6a,0x6a,0x6a,0x6a,0x6a,0x6a,0x6a,0x6a,0x6a,0x6a,0x6a,0x6a,0x6a,0x6a,0x6a,
	0x6a,0x6a,0x6a,0x6a,0x6a,0x6a,0x6a,0x6a,0x29,0x29,0x29,0x29,0x29,0x29,0x29,0x29,
	0x29,0x29,0x29,0x29,0x29,0x29,0x29,0x29,0x29,0x29,0x29,0x29,0x29,0x29,0x29,0x29,
	0x29,0x29,0x29,0x29,0x29,0x29,0x29,0x29,0x29,0x29,0x29,0x29,0x29,0x29,0x29,0x29,
	0xd2,0xd2,0xd2,0xd2,0xd2,0xd2,0xd2,0xd2,0xd2,0xd2,0xd2,0xd2,0xd2,0xd2,0xd2,0xd2,
	0xd2,0xd2,0xd2,0xd2,0xd2,0xd2,0xd2,0xd2,0xd2,0xd2,0xd2,0xd2,0xd2,0xd2,0xd2,0xd2,
	0xd2,0xd2,0xd2,0xd2,0xd2,0xd2,0xd2,0xd2,0x91,0x91,0x91,0x91,0x91,0x91,0x91,0x91,
	0x91,0x91,0x91,0x91,0x91,0x91,0x91,0x91,0x91,0x91,0x91,0x91,0x91,0x91,0x91,0x91,
	0x91,0x91,0x91,0x91,0x91,0x91,0x91,0x91,0x91,0x91,0x91,0x91,0x91,0x91,0x91,0x91,
	0x54,0x51,0x51,0x4f,0x50,0x52,0x53,0xa3,0xaa,0xaa,0xaa,0xaa,0xaa,0xaa,0xaa,0xaa,
	0xaa,0xaa,0xaa,0xaa,0xaa,0xaa,0xaa,0xaa,0xaa,0xaa,0xaa,0xaa,0xaa,0xaa,0xaa,0xaa,
	0xaa,0xaa,0xaa,0xaa,0xaa,0xaa,0xaa,0xaa,0xeb,0xeb,0xeb,0xeb,0xeb,0xeb,0xeb,0xeb,
	0xeb,0xeb,0xeb,0xeb,0xeb,0xeb,0xeb,0xeb,0xeb,0xeb,0xeb,0xeb,0xeb,0xeb,0xeb,0xeb,
	0xeb,0xeb,0xeb,0xeb,0xeb,0xeb,0xeb,0xeb,0xeb,0xeb,0xeb,0xeb,0xeb,0xeb,0xeb,0xeb,
	0x10,0x10,0x10,0x10,0x10,0x10,0x10,0x10,0x10,0x10,0x10,0x10,0x10,0x10,0x10,0x10,
	0x10,0x10,0x10,0x10,0x10,0x10,0x10,0x10,0x10,0x10,0x10,0x10,0x10,0x10,0x10,0x10,
	0x10,0x10,0x10,0x10,0x10,0x10,0x10,0x10,0x51,0x51,0x51,0x51,0x51,0x51,0x51,0x51,
	0x51,0x51,0x51,0x51,0x51,0x51,0x51,0x51,0x51,0x51,0x51,0x51,0x51,0x51,0x51,0x51,
	0x51,0x51,0x51,0x51,0x51,0x51,0x51,0x51,0x52,0xb0,0xab,0xad,0xa6,0xa9,0xac,0xad,
	0x69,0x6a,0x6a,0x6a,0x6a,0x6a,0x6a,0x6a,0x6a,0x6a,0x6a,0x6a,0x6a,0x6a,0x6a,0x6a,
	0x6a,0x6a,0x6a,0x6a,0x6a,0x6a,0x6a,0x6a,0x6a,0x6a,0x6a,0x6a,0x6a,0x6a,0x6a,0x6a,
	0x6a,0x6a,0x6a,0x6a,0x6a,0x6a,0x6a,0x6a,0x29,0x29,0x29,0x29,0x29,0x29,0x29,0x29,
	0x29,0x29,0x29,0x29,0x29,0x29,0x29,0x29,0x29,0x29,0x29,0x29,0x29,0x29,0x29,0x29,
	0x29,0x29,0x29,0x29,0x29,0x29,0x29,0x29,0x29,0x29,0x29,0x29,0x29,0x29,0x29,0x29,
	0xd2,0xd2,0xd2,0xd2,0xd2,0xd2,0xd2,0xd2,0xd2,0xd2,0xd2,0xd2,0xd2,0xd2,0xd2,0xd2,
	0xd2,0xd2,0xd2,0xd2,0xd2,0xd2,0xd2,0xd2,0xd2,0xd2,0xd2,0xd2,0xd2,0xd2,0xd2,0xd2,
	0xd2,0xd2,0xd2,0xd2,0xd2,0xd2,0xd2,0xd2,0x91,0x91,0x91,0x91,0x91,0x91,0x91,0x91,
	0x91,0x91,0x91,0x91,0x91,0x91,0x91,0x91,0x91,0x91,0x91,0x91,0x91,0x91,0x91,0x91,
	0x91,0x91,0x91,0x91,0x91,0x91,0x91,0x91,0x91,0x91,0x91,0x91,0x91,0x91,0x91,0x91,
	0x53,0x4e,0x4f,0x53,0x51,0x52,0x54,0x55,0xaa,0xaa,0xaa,0xaa,0xaa,0xaa,0xaa,0xaa,
	0xaa,0xaa,0xaa,0xaa,0xaa,0xaa,0xaa,0xaa,0xaa,0xaa,0xaa,0xaa,0xaa,0xaa,0xaa,0xaa,
	0xaa,0xaa,0xaa,0xaa,0xaa,0xaa,0xaa,0xaa,0xeb,0xeb,0xeb,0xeb,0xeb,0xeb,0xeb,0xeb,
	0xeb,0xeb,0xeb,0xeb,0xeb,0xeb,0xeb,0xeb,0xeb,0xeb,0xeb,0xeb,0xeb,0xeb,0xeb,0xeb,
	0xeb,0xeb,0xeb,0xeb,0xeb,0xeb,0xeb,0xeb,0xeb,0xeb,0xeb,0xeb,0xeb,0xeb,0xeb,0xeb,
	0x10,0x10,0x10,0x10,0x10,0x10,0x10,0x10,0x10,0x10,0x10,0x10,0x10,0x10,0x10,0x10,
	0x10,0x10,0x10,0x10,0x10,0x10,0x10,0x10,0x10,0x10,0x10,0x10,0x10,0x10,0x10,0x10,
	0x10,0x10,0x10,0x10,0x10,0x10,0x10,0x10,0x51,0x51,0x51,0x51,0x51,0x51,0x51,0x51,
	0x51,0x51,0x51,0x51,0x51,0x51,0x51,0x51,0x51,0x51,0x51,0x51,0x51,0x51,0x51,0x51,
	0x51,0x51,0x51,0x51,0x50,0x50,0x52,0xaa,0xab,0xac,0xab,0xaa,0xaa,0xaa,0xaa,0xaa,
	0x6a,0x6a,0x6a,0x6a,0x6a,0x6a,0x6a,0x6a,0x6a,0x6a,0x6a,0x6a,0x6a,0x6a,0x6a,0x6a,
	0x6a,0x6a,0x6a,0x6a,0x6a,0x6a,0x6a,0x6a,0x6a,0x6a,0x6a,0x6a,0x6a,0x6a,0x6a,0x6a,
	0x6a,0x6a,0x6a,0x6a,0x6a,0x6a,0x6a,0x6a,0x29,0x29,0x29,0x29,0x29,0x29,0x29,0x29,
	0x29,0x29,0x29,0x29,0x29,0x29,0x29,0x29,0x29,0x29,0x29,0x29,0x29,0x29,0x29,0x29,
	0x29,0x29,0x29,0x29,0x29,0x29,0x29,0x29,0x29,0x29,0x29,0x29,0x29,0x29,0x29,0x29,
	0xd2,0xd2,0xd2,0xd2,0xd2,0xd2,0xd2,0xd2,0xd2,0xd2,0xd2,0xd2,0xd2,0xd2,0xd2,0xd2,
	0xd2,0xd2,0xd2,0xd2,0xd2,0xd2,0xd2,0xd2,0xd2,0xd2,0xd2,0xd2,0xd2,0xd2,0xd2,0xd2,
	0xd2,0xd2,0xd2,0xd2,0xd2,0xd2,0xd2,0xd2,0x91,0x91,0x91,0x91,0x91,0x91,0x91,0x91,
	0x91,0x91,0x91,0x91,0x91,0x91,0x91,0x91,0x91,0x91,0x91,0x91,0x91,0x91,0x91,0x91,
	0x91,0x91,0x91,0x91,0x91,0x91,0x91,0x91,0x91,0x91,0x91,0x91,0x91,0x91,0x91,0x91,
	0x4f,0x4f,0x52,0x51,0x52,0x53,0x52,0x53,0x4e,0x52,0xa6,0xaa,0xaa,0xaa,0xaa,0xaa,
	0xaa,0xaa,0xaa,0xaa,0xaa,0xaa,0xaa,0xaa,0xaa,0xaa,0xaa,0xaa,0xaa,0xaa,0xaa,0xaa,
	0xaa,0xaa,0xaa,0xaa,0xaa,0xaa,0xaa,0xaa,0xeb,0xeb,0xeb,0xeb,0xeb,0xeb,0xeb,0xeb,
	0xeb,0xeb,0xeb,0xeb,0xeb,0xeb,0xeb,0xeb,0xeb,0xeb,0xeb,0xeb,0xeb,0xeb,0xeb,0xeb,
	0xeb,0xeb,0xeb,0xeb,0xeb,0xeb,0xeb,0xeb,0xeb,0xeb,0xeb,0xeb,0xeb,0xeb,0xeb,0xeb,
	0x10,0x10,0x10,0x10,0x10,0x10,0x10,0x10,0x10,0x10,0x10,0x10,0x10,0x10,0x10,0x10,
	0x10,0x10,0x10,0x10,0x10,0x10,0x10,0x10,0x10,0x10,0x10,0x10,0x10,0x10,0x10,0x10,
	0x10,0x10,0x10,0x10,0x10,0x10,0x10,0x10,0x51,0x51,0x51,0x51,0x51,0x51,0x51,0x51,
	0x51,0x51,0x51,0x51,0x51,0x51,0x51,0x51,0x51,0x51,0x51,0x51,0x51,0x51,0x51,0x51,
	0x51,0x51,0x51,0x51,0x50,0x52,0xaa,0xac,0xab,0xab,0xaa,0xaa,0xaa,0xaa,0xaa,0xaa,
	0x6a,0x6a,0x6a,0x6a,0x6a,0x6a,0x6a,0x6a,0x6a,0x6a,0x6a,0x6a,0x6a,0x6a,0x6a,0x6a,
	0x6a,0x6a,0x6a,0x6a,0x6a,0x6a,0x6a,0x6a,0x6a,0x6a,0x6a,0x6a,0x6a,0x6a,0x6a,0x6a,
	0x6a,0x6a,0x6a,0x6a,0x6a,0x6a,0x6a,0x6a,0x29,0x29,0x29,0x29,0x29,0x29,0x29,0x29,
	0x29,0x29,0x29,0x29,0x29,0x29,0x29,0x29,0x29,0x29,0x29,0x29,0x29,0x29,0x29,0x29,
	0x29,0x29,0x29,0x29,0x29,0x29,0x29,0x29,0x29,0x29,0x29,0x29,0x29,0x29,0x29,0x29,
	0xd2,0xd2,0xd2,0xd2,0xd2,0xd2,0xd2,0xd2,0xd2,0xd2,0xd2,0xd2,0xd2,0xd2,0xd2,0xd2,
	0xd2,0xd2,0xd2,0xd2,0xd2,0xd2,0xd2,0xd2,0xd2,0xd2,0xd2,0xd2,0xd2,0xd2,0xd2,0xd2,
	0xd2,0xd2,0xd2,0xd2,0xd2,0xd2,0xd2,0xd2,0x91,0x91,0x91,0x91,0x91,0x91,0x91,0x91,
	0x91,0x91,0x91,0x91,0x91,0x91,0x91,0x91,0x91,0x91,0x91,0x91,0x91,0x91,0x91,0x91,
	0x91,0x91,0x91,0x91,0x91,0x91,0x91,0x91,0x91,0x91,0x91,0x91,0x91,0x91,0x91,0x91,
	0x4f,0x52,0x52,0x52,0x51,0x52,0x53,0x52,0x58,0x51,0x53,0xa4,0xaa,0xaa,0xaa,0xaa,
	0xaa,0xaa,0xaa,0xaa,0xaa,0xaa,0xaa,0xaa,0xaa,0xaa,0xaa,0xaa,0xaa,0xaa,0xaa,0xaa,
	0xaa,0xaa,0xaa,0xaa,0xaa,0xaa,0xaa,0xaa,0xeb,0xeb,0xeb,0xeb,0xeb,0xeb,0xeb,0xeb,
	0xeb,0xeb,0xeb,0xeb,0xeb,0xeb,0xeb,0xeb,0xeb,0xeb,0xeb,0xeb,0xeb,0xeb,0xeb,0xeb,
	0xeb,0xeb,0xeb,0xeb,0xeb,0xeb,0xeb,0xeb,0xeb,0xeb,0xeb,0xeb,0xeb,0xeb,0xeb,0xeb,
	0x10,0x10,0x10,0x10,0x10,0x10,0x10,0x10,0x10,0x10,0x10,0x10,0x10,0x10,0x10,0x10,
	0x10,0x10,0x10,0x10,0x10,0x10,0x10,0x10,0x10,0x10,0x10,0x10,0x10,0x10,0x10,0x10,
	0x10,0x10,0x10,0x10,0x10,0x10,0x10,0x10,0x51,0x51,0x51,0x51,0x51,0x51,0x51,0x51,
	0x51,0x51,0x51,0x51,0x51,0x51,0x51,0x51,0x51,0x51,0x51,0x51,0x51,0x51,0x51,0x51,
	0x51,0x51,0x50,0x51,0x52,0xaa,0xab,0xab,0xaa,0xaa,0xaa,0xaa,0xaa,0xaa,0xaa,0xaa,
	0x6a,0x6a,0x6a,0x6a,0x6a,0x6a,0x6a,0x6a,0x6a,0x6a,0x6a,0x6a,0x6a,0x6a,0x6a,0x6a,
	0x6a,0x6a,0x6a,0x6a,0x6a,0x6a,0x6a,0x6a,0x6a,0x6a,0x6a,0x6a,0x6a,0x6a,0x6a,0x6a,
	0x6a,0x6a,0x6a,0x6a,0x6a,0x6a,0x6a,0x6a,0x29,0x29,0x29,0x29,0x29,0x29,0x29,0x29,
	0x29,0x29,0x29,0x29,0x29,0x29,0x29,0x29,0x29,0x29,0x29,0x29,0x29,0x29,0x29,0x29,
	0x29,0x29,0x29,0x29,0x29,0x29,0x29,0x29,0x29,0x29,0x29,0x29,0x29,0x29,0x29,0x29,
	0xd2,0xd2,0xd2,0xd2,0xd2,0xd2,0xd2,0xd2,0xd2,0xd2,0xd2,0xd2,0xd2,0xd2,0xd2,0xd2,
	0xd2,0xd2,0xd2,0xd2,0xd2,0xd2,0xd2,0xd2,0xd2,0xd2,0xd2,0xd2,0xd2,0xd2,0xd2,0xd2,
	0xd2,0xd2,0xd2,0xd2,0xd2,0xd2,0xd2,0xd2,0x91,0x91,0x91,0x91,0x91,0x91,0x91,0x91,
	0x91,0x91,0x91,0x91,0x91,0x91,0x91,0x91,0x91,0x91,0x91,0x91,0x91,0x91,0x91,0x91,
	0x91,0x91,0x91,0x91,0x91,0x91,0x91,0x91,0x91,0x91,0x91,0x91,0x91,0x91,0x91,0x91,
	0x51,0x52,0x51,0x53,0x52,0x52,0x51,0x52,0x51,0x50,0x50,0x50,0xa4,0xaa,0xaa,0xaa,
	0xaa,0xaa,0xaa,0xaa,0xaa,0xaa,0xaa,0xaa,0xaa,0xaa,0xaa,0xaa,0xaa,0xaa,0xaa,0xaa,
	0xaa,0xaa,0xaa,0xaa,0xaa,0xaa,0xaa,0xaa,0xeb,0xeb,0xeb,0xeb,0xeb,0xeb,0xeb,0xeb,
	0xeb,0xeb,0xeb,0xeb,0xeb,0xeb,0xeb,0xeb,0xeb,0xeb,0xeb,0xeb,0xeb,0xeb,0xeb,0xeb,
	0xeb,0xeb,0xeb,0xeb,0xeb,0xeb,0xeb,0xeb,0xeb,0xeb,0xeb,0xeb,0xeb,0xeb,0xeb,0xeb,
	0x10,0x10,0x10,0x10,0x10,0x10,0x10,0x10,0x10,0x10,0x10,0x10,0x10,0x10,0x10,0x10,
	0x10,0x10,0x10,0x10,0x10,0x10,0x10,0x10,0x10,0x10,0x10,0x10,0x10,0x10,0x10,0x10,
	0x10,0x10,0x10,0x10,0x10,0x10,0x10,0x10,0x51,0x51,0x51,0x51,0x51,0x51,0x51,0x51,
	0x51,0x51,0x51,0x51,0x51,0x51,0x51,0x51,0x51,0x51,0x51,0x51,0x51,0x51,0x51,0x51,
	0x51,0x51,0x4f,0x51,0xaa,0xac,0xab,0xaa,0xaa,0xaa,0xaa,0xaa,0xaa,0xaa,0xaa,0xaa,
	0x6a,0x6a,0x6a,0x6a,0x6a,0x6a,0x6a,0x6a,0x6a,0x6a,0x6a,0x6a,0x6a,0x6a,0x6a,0x6a,
	0x6a,0x6a,0x6a,0x6a,0x6a,0x6a,0x6a,0x6a,0x6a,0x6a,0x6a,0x6a,0x6a,0x6a,0x6a,0x6a,
	0x6a,0x6a,0x6a,0x6a,0x6a,0x6a,0x6a,0x6a,0x29,0x29,0x29,0x29,0x29,0x29,0x29,0x29,
	0x29,0x29,0x29,0x29,0x29,0x29,0x29,0x29,0x29,0x29,0x29,0x29,0x29,0x29,0x29,0x29,
	0x29,0x29,0x29,0x29,0x29,0x29,0x29,0x29,0x29,0x29,0x29,0x29,0x29,0x29,0x29,0x29,
	0xd2,0xd2,0xd2,0xd2,0xd2,0xd2,0xd2,0xd2,0xd2,0xd2,0xd2,0xd2,0xd2,0xd2,0xd2,0xd2,
	0xd2,0xd2,0xd2,0xd2,0xd2,0xd2,0xd2,0xd2,0xd2,0xd2,0xd2,0xd2,0xd2,0xd2,0xd2,0xd2,
	0xd2,0xd2,0xd2,0xd2,0xd2,0xd2,0xd2,0xd2,0x91,0x91,0x91,0x91,0x91,0x91,0x91,0x91,
	0x91,0x91,0x91,0x91,0x91,0x91,0x91,0x91,0x91,0x91,0x91,0x91,0x91,0x91,0x91,0x91,
	0x91,0x91,0x91,0x91,0x91,0x91,0x91,0x91,0x91,0x91,0x91,0x91,0x91,0x91,0x91,0x91,
	0x52,0x51,0x52,0x53,0x52,0x52,0x51,0x51,0x53,0x54,0x4e,0x55,0x50,0xa4,0xaa,0xaa,
	0xab,0xaa,0xaa,0xaa,0xaa,0xaa,0xaa,0xaa,0xaa,0xaa,0xaa,0xaa,0xaa,0xaa,0xaa,0xaa,
	0xaa,0xaa,0xaa,0xaa,0xaa,0xaa,0xaa,0xaa,0xeb,0xeb,0xeb,0xeb,0xeb,0xeb,0xeb,0xeb,
	0xeb,0xeb,0xeb,0xeb,0xeb,0xeb,0xeb,0xeb,0xeb,0xeb,0xeb,0xeb,0xeb,0xeb,0xeb,0xeb,
	0xeb,0xeb,0xeb,0xeb,0xeb,0xeb,0xeb,0xeb,0xeb,0xeb,0xeb,0xeb,0xeb,0xeb,0xeb,0xeb,
	0x10,0x10,0x10,0x10,0x10,0x10,0x10,0x10,0x10,0x10,0x10,0x10,0x10,0x10,0x10,0x10,
	0x10,0x10,0x10,0x10,0x10,0x10,0x10,0x10,0x10,0x10,0x10,0x10,0x10,0x10,0x10,0x10,
	0x10,0x10,0x10,0x10,0x10,0x10,0x10,0x10,0x51,0x51,0x51,0x51,0x51,0x51,0x51,0x51,
	0x51,0x51,0x51,0x51,0x51,0x51,0x51,0x51,0x51,0x51,0x51,0x51,0x51,0x51,0x51,0x51,
	0x51,0x51,0x53,0xaa,0xac,0xab,0xaa,0xaa,0xaa,0xaa,0xaa,0xaa,0xaa,0xaa,0xaa,0xaa,
	0x6a,0x6a,0x6a,0x6a,0x6a,0x6a,0x6a,0x6a,0x6a,0x6a,0x6a,0x6a,0x6a,0x6a,0x6a,0x6a,
	0x6a,0x6a,0x6a,0x6a,0x6a,0x6a,0x6a,0x6a,0x6a,0x6a,0x6a,0x6a,0x6a,0x6a,0x6a,0x6a,
	0x6a,0x6a,0x6a,0x6a,0x6a,0x6a,0x6a,0x6a,0x29,0x29,0x29,0x29,0x29,0x29,0x29,0x29,
	0x29,0x29,0x29,0x29,0x29,0x29,0x29,0x29,0x29,0x29,0x29,0x29,0x29,0x29,0x29,0x29,
	0x29,0x29,0x29,0x29,0x29,0x29,0x29,0x29,0x29,0x29,0x29,0x29,0x29,0x29,0x29,0x29,
	0xd2,0xd2,0xd2,0xd2,0xd2,0xd2,0xd2,0xd2,0xd2,0xd2,0xd2,0xd2,0xd2,0xd2,0xd2,0xd2,
	0xd2,0xd2,0xd2,0xd2,0xd2,0xd2,0xd2,0xd2,0xd2,0xd2,0xd2,0xd2,0xd2,0xd2,0xd2,0xd2,
	0xd2,0xd2,0xd2,0xd2,0xd2,0xd2,0xd2,0xd2,0x91,0x91,0x91,0x91,0x91,0x91,0x91,0x91,
	0x91,0x91,0x91,0x91,0x91,0x91,0x91,0x91,0x91,0x91,0x91,0x91,0x91,0x91,0x91,0x91,
	0x91,0x91,0x91,0x91,0x91,0x91,0x91,0x91,0x91,0x91,0x91,0x91,0x91,0x91,0x91,0x91,
	0x53,0x50,0x53,0x54,0x53,0x53,0x52,0x50,0x51,0x52,0x4f,0x52,0x51,0x51,0xa8,0xa7,
	0xa9,0xaa,0xaa,0xaa,0xaa,0xaa,0xaa,0xaa,0xaa,0xaa,0xaa,0xaa,0xaa,0xaa,0xaa,0xaa,
	0xaa,0xaa,0xaa,0xaa,0xaa,0xaa,0xaa,0xaa,0xeb,0xeb,0xeb,0xeb,0xeb,0xeb,0xeb,0xeb,
	0xeb,0xeb,0xeb,0xeb,0xeb,0xeb,0xeb,0xeb,0xeb,0xeb,0xeb,0xeb,0xeb,0xeb,0xeb,0xeb,
	0xeb,0xeb,0xeb,0xeb,0xeb,0xeb,0xeb,0xeb,0xeb,0xeb,0xeb,0xeb,0xeb,0xeb,0xeb,0xeb,
	0x10,0x10,0x10,0x10,0x10,0x10,0x10,0x10,0x10,0x10,0x10,0x10,0x10,0x10,0x10,0x10,
	0x10,0x10,0x10,0x10,0x10,0x10,0x10,0x10,0x10,0x10,0x10,0x10,0x10,0x10,0x10,0x10,
	0x10,0x10,0x10,0x10,0x10,0x10,0x10,0x10,0x51,0x51,0x51,0x51,0x51,0x51,0x51,0x51,
	0x51,0x51,0x51,0x51,0x51,0x51,0x51,0x51,0x51,0x51,0x51,0x51,0x51,0x51,0x51,0x51,
	0x51,0x51,0xaa,0xac,0xab,0xaa,0xaa,0xaa,0xaa,0xaa,0xaa,0xaa,0xaa,0xaa,0xaa,0xaa,
	0x6a,0x6a,0x6a,0x6a,0x6a,0x6a,0x6a,0x6a,0x6a,0x6a,0x6a,0x6a,0x6a,0x6a,0x6a,0x6a,
	0x6a,0x6a,0x6a,0x6a,0x6a,0x6a,0x6a,0x6a,0x6a,0x6a,0x6a,0x6a,0x6a,0x6a,0x6a,0x6a,
	0x6a,0x6a,0x6a,0x6a,0x6a,0x6a,0x6a,0x6a,0x29,0x29,0x29,0x29,0x29,0x29,0x29,0x29,
	0x29,0x29,0x29,0x29,0x29,0x29,0x29,0x29,0x29,0x29,0x29,0x29,0x29,0x29,0x29,0x29,
	0x29,0x29,0x29,0x29,0x29,0x29,0x29,0x29,0x29,0x29,0x29,0x29,0x29,0x29,0x29,0x29,
	0xd2,0xd2,0xd2,0xd2,0xd2,0xd2,0xd2,0xd2,0xd2,0xd2,0xd2,0xd2,0xd2,0xd2,0xd2,0xd2,
	0xd2,0xd2,0xd2,0xd2,0xd2,0xd2,0xd2,0xd2,0xd2,0xd2,0xd2,0xd2,0xd2,0xd2,0xd2,0xd2,
	0xd2,0xd2,0xd2,0xd2,0xd2,0xd2,0xd2,0xd2,0x91,0x91,0x91,0x91,0x91,0x91,0x91,0x91,
	0x91,0x91,0x91,0x91,0x91,0x91,0x91,0x91,0x91,0x91,0x91,0x91,0x91,0x91,0x91,0x91,
	0x91,0x91,0x91,0x91,0x91,0x91,0x91,0x91,0x91,0x91,0x91,0x91,0x91,0x91,0x91,0x91,
	0x52,0x50,0x52,0x53,0x52,0x52,0x51,0x51,0x50,0x51,0x50,0x51,0x53,0x54,0x4f,0xa5,
	0xa7,0xaa,0xaa,0xaa,0xaa,0xaa,0xaa,0xaa,0xaa,0xaa,0xaa,0xaa,0xaa,0xaa,0xaa,0xaa,
	0xaa,0xaa,0xaa,0xaa,0xaa,0xaa,0xaa,0xaa,0xeb,0xeb,0xeb,0xeb,0xeb,0xeb,0xeb,0xeb,
	0xeb,0xeb,0xeb,0xeb,0xeb,0xeb,0xeb,0xeb,0xeb,0xeb,0xeb,0xeb,0xeb,0xeb,0xeb,0xeb,
	0xeb,0xeb,0xeb,0xeb,0xeb,0xeb,0xeb,0xeb,0xeb,0xeb,0xeb,0xeb,0xeb,0xeb,0xeb,0xeb,
	0x10,0x10,0x10,0x10,0x10,0x10,0x10,0x10,0x10,0x10,0x10,0x10,0x10,0x10,0x10,0x10,
	0x10,0x10,0x10,0x10,0x10,0x10,0x10,0x10,0x10,0x10,0x10,0x10,0x10,0x10,0x10,0x10,
	0x10,0x10,0x10,0x10,0x10,0x10,0x10,0x10,0x51,0x51,0x51,0x51,0x51,0x51,0x51,0x51,
	0x51,0x51,0x51,0x51,0x51,0x51,0x51,0x51,0x51,0x51,0x51,0x51,0x51,0x51,0x50,0x4f,
	0x53,0xaa,0xac,0xab,0xaa,0xaa,0xaa,0xaa,0xaa,0xaa,0xaa,0xaa,0xaa,0xaa,0xaa,0xaa,
	0x6a,0x6a,0x6a,0x6a,0x6a,0x6a,0x6a,0x6a,0x6a,0x6a,0x6a,0x6a,0x6a,0x6a,0x6a,0x6a,
	0x6a,0x6a,0x6a,0x6a,0x6a,0x6a,0x6a,0x6a,0x6a,0x6a,0x6a,0x6a,0x6a,0x6a,0x6a,0x6a,
	0x6a,0x6a,0x6a,0x6a,0x6a,0x6a,0x6a,0x6a,0x29,0x29,0x29,0x29,0x29,0x29,0x29,0x29,
	0x29,0x29,0x29,0x29,0x29,0x29,0x29,0x29,0x29,0x29,0x29,0x29,0x29,0x29,0x29,0x29,
	0x29,0x29,0x29,0x29,0x29,0x29,0x29,0x29,0x29,0x29,0x29,0x29,0x29,0x29,0x29,0x29,
	0xd2,0xd2,0xd2,0xd2,0xd2,0xd2,0xd2,0xd2,0xd2,0xd2,0xd2,0xd2,0xd2,0xd2,0xd2,0xd2,
	0xd2,0xd2,0xd2,0xd2,0xd2,0xd2,0xd2,0xd2,0xd2,0xd2,0xd2,0xd2,0xd2,0xd2,0xd2,0xd2,
	0xd2,0xd2,0xd2,0xd2,0xd2,0xd2,0xd2,0xd2,0x91,0x91,0x91,0x91,0x91,0x91,0x91,0x91,
	0x91,0x91,0x91,0x91,0x91,0x91,0x91,0x91,0x91,0x91,0x91,0x91,0x91,0x91,0x91,0x91,
	0x91,0x91,0x91,0x91,0x91,0x91,0x91,0x91,0x91,0x91,0x91,0x91,0x91,0x91,0x91,0x91,
	0x52,0x50,0x52,0x53,0x52,0x52,0x51,0x50,0x50,0x51,0x50,0x51,0x55,0x51,0x52,0x52,
	0xa5,0xa7,0xaa,0xaa,0xaa,0xaa,0xaa,0xaa,0xaa,0xaa,0xaa,0xaa,0xaa,0xaa,0xaa,0xaa,
	0xaa,0xaa,0xaa,0xaa,0xaa,0xaa,0xaa,0xaa,0xeb,0xeb,0xeb,0xeb,0xeb,0xeb,0xeb,0xeb,
	0xeb,0xeb,0xeb,0xeb,0xeb,0xeb,0xeb,0xeb,0xeb,0xeb,0xeb,0xeb,0xeb,0xeb,0xeb,0xeb,
	0xeb,0xeb,0xeb,0xeb,0xeb,0xeb,0xeb,0xeb,0xeb,0xeb,0xeb,0xeb,0xeb,0xeb,0xeb,0xeb,
	0x10,0x10,0x10,0x10,0x10,0x10,0x10,0x10,0x10,0x10,0x10,0x10,0x10,0x10,0x10,0x10,
	0x10,0x10,0x10,0x10,0x10,0x10,0x10,0x10,0x10,0x10,0x10,0x10,0x10,0x10,0x10,0x10,
	0x10,0x10,0x10,0x10,0x10,0x10,0x10,0x10,0x51,0x51,0x51,0x51,0x51,0x51,0x51,0x51,
	0x51,0x51,0x51,0x51,0x51,0x51,0x51,0x51,0x51,0x51,0x51,0x51,0x51,0x51,0x51,0x51,
	0xaa,0xac,0xab,0xaa,0xaa,0xaa,0xaa,0xaa,0xaa,0xaa,0xaa,0xaa,0xaa,0xaa,0xaa,0xaa,
	0x6a,0x6a,0x6a,0x6a,0x6a,0x6a,0x6a,0x6a,0x6a,0x6a,0x6a,0x6a,0x6a,0x6a,0x6a,0x6a,
	0x6a,0x6a,0x6a,0x6a,0x6a,0x6a,0x6a,0x6a,0x6a,0x6a,0x6a,0x6a,0x6a,0x6a,0x6a,0x6a,
	0x6a,0x6a,0x6a,0x6a,0x6a,0x6a,0x6a,0x6a,0x29,0x29,0x29,0x29,0x29,0x29,0x29,0x29,
	0x29,0x29,0x29,0x29,0x29,0x29,0x29,0x29,0x29,0x29,0x29,0x29,0x29,0x29,0x29,0x29,
	0x29,0x29,0x29,0x29,0x29,0x29,0x29,0x29,0x29,0x29,0x29,0x29,0x29,0x29,0x29,0x29,
	0xd2,0xd2,0xd2,0xd2,0xd2,0xd2,0xd2,0xd2,0xd2,0xd2,0xd2,0xd2,0xd2,0xd2,0xd2,0xd2,
	0xd2,0xd2,0xd2,0xd2,0xd2,0xd2,0xd2,0xd2,0xd2,0xd2,0xd2,0xd2,0xd2,0xd2,0xd2,0xd2,
	0xd2,0xd2,0xd2,0xd2,0xd2,0xd2,0xd2,0xd2,0x91,0x91,0x91,0x91,0x91,0x91,0x91,0x91,
	0x91,0x91,0x91,0x91,0x91,0x91,0x91,0x91,0x91,0x91,0x91,0x91,0x91,0x91,0x91,0x91,
	0x91,0x91,0x91,0x91,0x91,0x91,0x91,0x91,0x91,0x91,0x91,0x91,0x91,0x91,0x91,0x91,
	0x52,0x50,0x52,0x53,0x52,0x52,0x51,0x50,0x50,0x50,0x50,0x50,0x4e,0x52,0x54,0x53,
	0x52,0xa5,0xa7,0xaa,0xaa,0xaa,0xaa,0xaa,0xaa,0xaa,0xaa,0xaa,0xaa,0xaa,0xaa,0xaa,
	0xaa,0xaa,0xaa,0xaa,0xaa,0xaa,0xaa,0xaa,0xeb,0xeb,0xeb,0xeb,0xeb,0xeb,0xeb,0xeb,
	0xeb,0xeb,0xeb,0xeb,0xeb,0xeb,0xeb,0xeb,0xeb,0xeb,0xeb,0xeb,0xeb,0xeb,0xeb,0xeb,
	0xeb,0xeb,0xeb,0xeb,0xeb,0xeb,0xeb,0xeb,0xeb,0xeb,0xeb,0xeb,0xeb,0xeb,0xeb,0xeb,
	0x10,0x10,0x10,0x10,0x10,0x10,0x10,0x10,0x10,0x10,0x10,0x10,0x10,0x10,0x10,0x10,
	0x10,0x10,0x10,0x10,0x10,0x10,0x10,0x10,0x10,0x10,0x10,0x10,0x10,0x10,0x10,0x10,
	0x10,0x10,0x10,0x10,0x10,0x10,0x10,0x10,0x51,0x51,0x51,0x51,0x51,0x51,0x51,0x51,
	0x51,0x51,0x51,0x51,0x51,0x51,0x51,0x51,0x51,0x51,0x51,0x51,0x50,0x50,0x52,0xaa,
	0xaa,0xab,0xaa,0xaa,0xaa,0xaa,0xaa,0xaa,0xaa,0xaa,0xaa,0xaa,0xaa,0xaa,0xaa,0xaa,
	0x6a,0x6a,0x6a,0x6a,0x6a,0x6a,0x6a,0x6a,0x6a,0x6a,0x6a,0x6a,0x6a,0x6a,0x6a,0x6a,
	0x6a,0x6a,0x6a,0x6a,0x6a,0x6a,0x6a,0x6a,0x6a,0x6a,0x6a,0x6a,0x6a,0x6a,0x6a,0x6a,
	0x6a,0x6a,0x6a,0x6a,0x6a,0x6a,0x6a,0x6a,0x29,0x29,0x29,0x29,0x29,0x29,0x29,0x29,
	0x29,0x29,0x29,0x29,0x29,0x29,0x29,0x29,0x29,0x29,0x29,0x29,0x29,0x29,0x29,0x29,
	0x29,0x29,0x29,0x29,0x29,0x29,0x29,0x29,0x29,0x29,0x29,0x29,0x29,0x29,0x29,0x29,
	0xd2,0xd2,0xd2,0xd2,0xd2,0xd2,0xd2,0xd2,0xd2,0xd2,0xd2,0xd2,0xd2,0xd2,0xd2,0xd2,
	0xd2,0xd2,0xd2,0xd2,0xd2,0xd2,0xd2,0xd2,0xd2,0xd2,0xd2,0xd2,0xd2,0xd2,0xd2,0xd2,
	0xd2,0xd2,0xd2,0xd2,0xd2,0xd2,0xd2,0xd2,0x91,0x91,0x91,0x91,0x91,0x91,0x91,0x91,
	0x91,0x91,0x91,0x91,0x91,0x91,0x91,0x91,0x91,0x91,0x91,0x91,0x91,0x91,0x91,0x91,
	0x91,0x91,0x91,0x91,0x91,0x91,0x91,0x91,0x91,0x91,0x91,0x91,0x91,0x91,0x91,0x91,
	0x52,0x50,0x52,0x53,0x52,0x52,0x51,0x50,0x50,0x50,0x50,0x50,0x50,0x52,0x53,0x53,
	0x53,0x52,0xa5,0xa7,0xaa,0xaa,0xaa,0xaa,0xaa,0xaa,0xaa,0xaa,0xaa,0xaa,0xaa,0xaa,
	0xaa,0xaa,0xaa,0xaa,0xaa,0xaa,0xaa,0xaa,0xeb,0xeb,0xeb,0xeb,0xeb,0xeb,0xeb,0xeb,
	0xeb,0xeb,0xeb,0xeb,0xeb,0xeb,0xeb,0xeb,0xeb,0xeb,0xeb,0xeb,0xeb,0xeb,0xeb,0xeb,
	0xeb,0xeb,0xeb,0xeb,0xeb,0xeb,0xeb,0xeb,0xeb,0xeb,0xeb,0xeb,0xeb,0xeb,0xeb,0xeb,
	0x10,0x10,0x10,0x10,0x10,0x10,0x10,0x10,0x10,0x10,0x10,0x10,0x10,0x10,0x10,0x10,
	0x10,0x10,0x10,0x10,0x10,0x10,0x10,0x10,0x10,0x10,0x10,0x10,0x10,0x10,0x10,0x10,
	0x10,0x10,0x10,0x10,0x10,0x10,0x10,0x10,0x51,0x51,0x51,0x51,0x51,0x51,0x51,0x51,
	0x51,0x51,0x51,0x51,0x51,0x51,0x51,0x51,0x51,0x51,0x51,0x51,0x50,0x52,0xaa,0xac,
	0xaa,0xab,0xaa,0xaa,0xaa,0xaa,0xaa,0xaa,0xaa,0xaa,0xaa,0xaa,0xaa,0xaa,0xaa,0xaa,
	0x6a,0x6a,0x6a,0x6a,0x6a,0x6a,0x6a,0x6a,0x6a,0x6a,0x6a,0x6a,0x6a,0x6a,0x6a,0x6a,
	0x6a,0x6a,0x6a,0x6a,0x6a,0x6a,0x6a,0x6a,0x6a,0x6a,0x6a,0x6a,0x6a,0x6a,0x6a,0x6a,
	0x6a,0x6a,0x6a,0x6a,0x6a,0x6a,0x6a,0x6a,0x29,0x29,0x29,0x29,0x29,0x29,0x29,0x29,
	0x29,0x29,0x29,0x29,0x29,0x29,0x29,0x29,0x29,0x29,0x29,0x29,0x29,0x29,0x29,0x29,
	0x29,0x29,0x29,0x29,0x29,0x29,0x29,0x29,0x29,0x29,0x29,0x29,0x29,0x29,0x29,0x29,
	0xd2,0xd2,0xd2,0xd2,0xd2,0xd2,0xd2,0xd2,0xd2,0xd2,0xd2,0xd2,0xd2,0xd2,0xd2,0xd2,
	0xd2,0xd2,0xd2,0xd2,0xd2,0xd2,0xd2,0xd2,0xd2,0xd2,0xd2,0xd2,0xd2,0xd2,0xd2,0xd2,
	0xd2,0xd2,0xd2,0xd2,0xd2,0xd2,0xd2,0xd2,0x91,0x91,0x91,0x91,0x91,0x91,0x91,0x91,
	0x91,0x91,0x91,0x91,0x91,0x91,0x91,0x91,0x91,0x91,0x91,0x91,0x91,0x91,0x91,0x91,
	0x91,0x91,0x91,0x91,0x91,0x91,0x91,0x91,0x91,0x91,0x91,0x91,0x91,0x91,0x91,0x91,
	0x52,0x50,0x52,0x53,0x52,0x52,0x51,0x50,0x50,0x50,0x50,0x50,0x50,0x51,0x52,0x52,
	0x53,0x53,0x52,0xa5,0xa7,0xaa,0xaa,0xaa,0xaa,0xaa,0xaa,0xaa,0xaa,0xaa,0xaa,0xaa,
	0xaa,0xaa,0xaa,0xaa,0xaa,0xaa,0xaa,0xaa,0xeb,0xeb,0xeb,0xeb,0xeb,0xeb,0xeb,0xeb,
	0xeb,0xeb,0xeb,0xeb,0xeb,0xeb,0xeb,0xeb,0xeb,0xeb,0xeb,0xeb,0xeb,0xeb,0xeb,0xeb,
	0xeb,0xeb,0xeb,0xeb,0xeb,0xeb,0xeb,0xeb,0xeb,0xeb,0xeb,0xeb,0xeb,0xeb,0xeb,0xeb,
	0x10,0x10,0x10,0x10,0x10,0x10,0x10,0x10,0x10,0x10,0x10,0x10,0x10,0x10,0x10,0x10,
	0x10,0x10,0x10,0x10,0x10,0x10,0x10,0x10,0x10,0x10,0x10,0x10,0x10,0x10,0x10,0x10,
	0x10,0x10,0x10,0x10,0x10,0x10,0x10,0x10,0x51,0x51,0x51,0x51,0x51,0x51,0x51,0x51,
	0x51,0x51,0x51,0x51,0x51,0x51,0x51,0x51,0x51,0x51,0x50,0x51,0x52,0xaa,0xab,0xab,
	0xaa,0xab,0xaa,0xaa,0xaa,0xaa,0xaa,0xaa,0xaa,0xaa,0xaa,0xaa,0xaa,0xaa,0xaa,0xaa,
	0x6a,0x6a,0x6a,0x6a,0x6a,0x6a,0x6a,0x6a,0x6a,0x6a,0x6a,0x6a,0x6a,0x6a,0x6a,0x6a,
	0x6a,0x6a,0x6a,0x6a,0x6a,0x6a,0x6a,0x6a,0x6a,0x6a,0x6a,0x6a,0x6a,0x6a,0x6a,0x6a,
	0x6a,0x6a,0x6a,0x6a,0x6a,0x6a,0x6a,0x6a,0x29,0x29,0x29,0x29,0x29,0x29,0x29,0x29,
	0x29,0x29,0x29,0x29,0x29,0x29,0x29,0x29,0x29,0x29,0x29,0x29,0x29,0x29,0x29,0x29,
	0x29,0x29,0x29,0x29,0x29,0x29,0x29,0x29,0x29,0x29,0x29,0x29,0x29,0x29,0x29,0x29,
	0xd2,0xd2,0xd2,0xd2,0xd2,0xd2,0xd2,0xd2,0xd2,0xd2,0xd2,0xd2,0xd2,0xd2,0xd2,0xd2,
	0xd2,0xd2,0xd2,0xd2,0xd2,0xd2,0xd2,0xd2,0xd2,0xd2,0xd2,0xd2,0xd2,0xd2,0xd2,0xd2,
	0xd2,0xd2,0xd2,0xd2,0xd2,0xd2,0xd2,0xd2,0x91,0x91,0x91,0x91,0x91,0x91,0x91,0x91,
	0x91,0x91,0x91,0x91,0x91,0x91,0x91,0x91,0x91,0x91,0x91,0x91,0x91,0x91,0x91,0x91,
	0x91,0x91,0x91,0x91,0x91,0x91,0x91,0x91,0x91,0x91,0x91,0x91,0x91,0x91,0x91,0x91,
	0x52,0x50,0x52,0x53,0x52,0x52,0x51,0x50,0x50,0x50,0x50,0x50,0x50,0x51,0x52,0x52,
	0x52,0x53,0x53,0x52,0xa5,0xa7,0xa9,0xaa,0xaa,0xaa,0xaa,0xaa,0xaa,0xaa,0xaa,0xaa,
	0xaa,0xaa,0xaa,0xaa,0xaa,0xaa,0xaa,0xaa,0xeb,0xeb,0xeb,0xeb,0xeb,0xeb,0xeb,0xeb,
	0xeb,0xeb,0xeb,0xeb,0xeb,0xeb,0xeb,0xeb,0xeb,0xeb,0xeb,0xeb,0xeb,0xeb,0xeb,0xeb,
	0xeb,0xeb,0xeb,0xeb,0xeb,0xeb,0xeb,0xeb,0xeb,0xeb,0xeb,0xeb,0xeb,0xeb,0xeb,0xeb,
	0x10,0x10,0x10,0x10,0x10,0x10,0x10,0x10,0x10,0x10,0x10,0x10,0x10,0x10,0x10,0x10,
	0x10,0x10,0x10,0x10,0x10,0x10,0x10,0x10,0x10,0x10,0x10,0x10,0x10,0x10,0x10,0x10,
	0x10,0x10,0x10,0x10,0x10,0x10,0x10,0x10,0x51,0x51,0x51,0x51,0x51,0x51,0x51,0x51,
	0x51,0x51,0x51,0x51,0x51,0x51,0x51,0x51,0x51,0x51,0x4f,0x51,0xaa,0xac,0xab,0xaa,
	0xaa,0xaa,0xaa,0xaa,0xaa,0xaa,0xaa,0xaa,0xaa,0xaa,0xaa,0xaa,0xaa,0xaa,0xaa,0xaa,
	0x6a,0x6a,0x6a,0x6a,0x6a,0x6a,0x6a,0x6a,0x6a,0x6a,0x6a,0x6a,0x6a,0x6a,0x6a,0x6a,
	0x6a,0x6a,0x6a,0x6a,0x6a,0x6a,0x6a,0x6a,0x6a,0x6a,0x6a,0x6a,0x6a,0x6a,0x6a,0x6a,
	0x6a,0x6a,0x6a,0x6a,0x6a,0x6a,0x6a,0x6a,0x29,0x29,0x29,0x29,0x29,0x29,0x29,0x29,
	0x29,0x29,0x29,0x29,0x29,0x29,0x29,0x29,0x29,0x29,0x29,0x29,0x29,0x29,0x29,0x29,
	0x29,0x29,0x29,0x29,0x29,0x29,0x29,0x29,0x29,0x29,0x29,0x29,0x29,0x29,0x29,0x29,
	0xd2,0xd2,0xd2,0xd2,0xd2,0xd2,0xd2,0xd2,0xd2,0xd2,0xd2,0xd2,0xd2,0xd2,0xd2,0xd2,
	0xd2,0xd2,0xd2,0xd2,0xd2,0xd2,0xd2,0xd2,0xd2,0xd2,0xd2,0xd2,0xd2,0xd2,0xd2,0xd2,
	0xd2,0xd2,0xd2,0xd2,0xd2,0xd2,0xd2,0xd2,0x91,0x91,0x91,0x91,0x91,0x91,0x91,0x91,
	0x91,0x91,0x91,0x91,0x91,0x91,0x91,0x91,0x91,0x91,0x91,0x91,0x91,0x91,0x91,0x91,
	0x91,0x91,0x91,0x91,0x91,0x91,0x91,0x91,0x91,0x91,0x91,0x91,0x91,0x91,0x91,0x91,
	0x52,0x50,0x52,0x53,0x52,0x52,0x51,0x50,0x50,0x50,0x50,0x50,0x50,0x51,0x51,0x52,
	0x52,0x52,0x53,0x53,0x52,0xa5,0xa7,0xa9,0xab,0xaa,0xaa,0xaa,0xaa,0xaa,0xaa,0xaa,
	0xaa,0xaa,0xaa,0xaa,0xaa,0xaa,0xaa,0xaa,0xeb,0xeb,0xeb,0xeb,0xeb,0xeb,0xeb,0xeb,
	0xeb,0xeb,0xeb,0xeb,0xeb,0xeb,0xeb,0xeb,0xeb,0xeb,0xeb,0xeb,0xeb,0xeb,0xeb,0xeb,
	0xeb,0xeb,0xeb,0xeb,0xeb,0xeb,0xeb,0xeb,0xeb,0xeb,0xeb,0xeb,0xeb,0xeb,0xeb,0xeb,
	0x10,0x10,0x10,0x10,0x10,0x10,0x10,0x10,0x10,0x10,0x10,0x10,0x10,0x10,0x10,0x10,
	0x10,0x10,0x10,0x10,0x10,0x10,0x10,0x10,0x10,0x10,0x10,0x10,0x10,0x10,0x10,0x10,
	0x10,0x10,0x10,0x10,0x10,0x10,0x10,0x10,0x51,0x51,0x51,0x51,0x51,0x51,0x51,0x51,
	0x51,0x51,0x51,0x51,0x51,0x51,0x51,0x51,0x51,0x51,0x53,0xaa,0xac,0xab,0xaa,0xaa,
	0xaa,0xaa,0xaa,0xaa,0xaa,0xaa,0xaa,0xaa,0xaa,0xaa,0xaa,0xaa,0xaa,0xaa,0xaa,0xaa,
	0x6a,0x6a,0x6a,0x6a,0x6a,0x6a,0x6a,0x6a,0x6a,0x6a,0x6a,0x6a,0x6a,0x6a,0x6a,0x6a,
	0x6a,0x6a,0x6a,0x6a,0x6a,0x6a,0x6a,0x6a,0x6a,0x6a,0x6a,0x6a,0x6a,0x6a,0x6a,0x6a,
	0x6a,0x6a,0x6a,0x6a,0x6a,0x6a,0x6a,0x6a,0x29,0x29,0x29,0x29,0x29,0x29,0x29,0x29,
	0x29,0x29,0x29,0x29,0x29,0x29,0x29,0x29,0x29,0x29,0x29,0x29,0x29,0x29,0x29,0x29,
	0x29,0x29,0x29,0x29,0x29,0x29,0x29,0x29,0x29,0x29,0x29,0x29,0x29,0x29,0x29,0x29,
	0xd2,0xd2,0xd2,0xd2,0xd2,0xd2,0xd2,0xd2,0xd2,0xd2,0xd2,0xd2,0xd2,0xd2,0xd2,0xd2,
	0xd2,0xd2,0xd2,0xd2,0xd2,0xd2,0xd2,0xd2,0xd2,0xd2,0xd2,0xd2,0xd2,0xd2,0xd2,0xd2,
	0xd2,0xd2,0xd2,0xd2,0xd2,0xd2,0xd2,0xd2,0x91,0x91,0x91,0x91,0x91,0x91,0x91,0x91,
	0x91,0x91,0x91,0x91,0x91,0x91,0x91,0x91,0x91,0x91,0x91,0x91,0x91,0x91,0x91,0x91,
	0x91,0x91,0x91,0x91,0x91,0x91,0x91,0x91,0x91,0x91,0x91,0x91,0x91,0x91,0x91,0x91,
	0x52,0x50,0x52,0x53,0x52,0x52,0x51,0x50,0x50,0x50,0x50,0x50,0x50,0x51,0x51,0x52,
	0x52,0x52,0x52,0x52,0x53,0x52,0xa5,0xa7,0xaa,0xaa,0xaa,0xaa,0xaa,0xaa,0xaa,0xaa,
	0xaa,0xaa,0xaa,0xaa,0xaa,0xaa,0xaa,0xaa,0xeb,0xeb,0xeb,0xeb,0xeb,0xeb,0xeb,0xeb,
	0xeb,0xeb,0xeb,0xeb,0xeb,0xeb,0xeb,0xeb,0xeb,0xeb,0xeb,0xeb,0xeb,0xeb,0xeb,0xeb,
	0xeb,0xeb,0xeb,0xeb,0xeb,0xeb,0xeb,0xeb,0xeb,0xeb,0xeb,0xeb,0xeb,0xeb,0xeb,0xeb,
	0x10,0x10,0x10,0x10,0x10,0x10,0x10,0x10,0x10,0x10,0x10,0x10,0x10,0x10,0x10,0x10,
	0x10,0x10,0x10,0x10,0x10,0x10,0x10,0x10,0x10,0x10,0x10,0x10,0x10,0x10,0x10,0x10,
	0x10,0x10,0x10,0x10,0x10,0x10,0x10,0x10,0x51,0x51,0x51,0x51,0x51,0x51,0x51,0x51,
	0x51,0x51,0x51,0x51,0x51,0x51,0x51,0x51,0x51,0x51,0xaa,0xac,0xab,0xaa,0xaa,0xaa,
	0xaa,0xaa,0xaa,0xaa,0xaa,0xaa,0xaa,0xaa,0xaa,0xaa,0xaa,0xaa,0xaa,0xaa,0xaa,0xaa,
	0x6a,0x6a,0x6a,0x6a,0x6a,0x6a,0x6a,0x6a,0x6a,0x6a,0x6a,0x6a,0x6a,0x6a,0x6a,0x6a,
	0x6a,0x6a,0x6a,0x6a,0x6a,0x6a,0x6a,0x6a,0x6a,0x6a,0x6a,0x6a,0x6a,0x6a,0x6a,0x6a,
	0x6a,0x6a,0x6a,0x6a,0x6a,0x6a,0x6a,0x6a,0x29,0x29,0x29,0x29,0x29,0x29,0x29,0x29,
	0x29,0x29,0x29,0x29,0x29,0x29,0x29,0x29,0x29,0x29,0x29,0x29,0x29,0x29,0x29,0x29,
	0x29,0x29,0x29,0x29,0x29,0x29,0x29,0x29,0x29,0x29,0x29,0x29,0x29,0x29,0x29,0x29,
	0xd2,0xd2,0xd2,0xd2,0xd2,0xd2,0xd2,0xd2,0xd2,0xd2,0xd2,0xd2,0xd2,0xd2,0xd2,0xd2,
	0xd2,0xd2,0xd2,0xd2,0xd2,0xd2,0xd2,0xd2,0xd2,0xd2,0xd2,0xd2,0xd2,0xd2,0xd2,0xd2,
	0xd2,0xd2,0xd2,0xd2,0xd2,0xd2,0xd2,0xd2,0x91,0x91,0x91,0x91,0x91,0x91,0x91,0x91,
	0x91,0x91,0x91,0x91,0x91,0x91,0x91,0x91,0x91,0x91,0x91,0x91,0x91,0x91,0x91,0x91,
	0x91,0x91,0x91,0x91,0x91,0x91,0x91,0x91,0x91,0x91,0x91,0x91,0x91,0x91,0x91,0x91,
	0x52,0x50,0x52,0x53,0x52,0x52,0x51,0x50,0x50,0x50,0x50,0x50,0x50,0x51,0x51,0x52,
	0x52,0x52,0x52,0x52,0x52,0x53,0x52,0xa5,0xa7,0xa9,0xaa,0xaa,0xaa,0xaa,0xaa,0xaa,
	0xaa,0xaa,0xaa,0xaa,0xaa,0xaa,0xaa,0xaa,0xeb,0xeb,0xeb,0xeb,0xeb,0xeb,0xeb,0xeb,
	0xeb,0xeb,0xeb,0xeb,0xeb,0xeb,0xeb,0xeb,0xeb,0xeb,0xeb,0xeb,0xeb,0xeb,0xeb,0xeb,
	0xeb,0xeb,0xeb,0xeb,0xeb,0xeb,0xeb,0xeb,0xeb,0xeb,0xeb,0xeb,0xeb,0xeb,0xeb,0xeb,
	0x10,0x10,0x10,0x10,0x10,0x10,0x10,0x10,0x10,0x10,0x10,0x10,0x10,0x10,0x10,0x10,
	0x10,0x10,0x10,0x10,0x10,0x10,0x10,0x10,0x10,0x10,0x10,0x10,0x10,0x10,0x10,0x10,
	0x10,0x10,0x10,0x10,0x10,0x10,0x10,0x10,0x51,0x51,0x51,0x51,0x51,0x51,0x51,0x51,
	0x51,0x51,0x51,0x51,0x51,0x51,0x50,0x4f,0x53,0xaa,0xac,0xab,0xaa,0xaa,0xaa,0xaa,
	0xaa,0xaa,0xaa,0xaa,0xaa,0xaa,0xaa,0xaa,0xaa,0xaa,0xaa,0xaa,0xaa,0xaa,0xaa,0xaa,
	0x6a,0x6a,0x6a,0x6a,0x6a,0x6a,0x6a,0x6a,0x6a,0x6a,0x6a,0x6a,0x6a,0x6a,0x6a,0x6a,
	0x6a,0x6a,0x6a,0x6a,0x6a,0x6a,0x6a,0x6a,0x6a,0x6a,0x6a,0x6a,0x6a,0x6a,0x6a,0x6a,
	0x6a,0x6a,0x6a,0x6a,0x6a,0x6a,0x6a,0x6a,0x29,0x29,0x29,0x29,0x29,0x29,0x29,0x29,
	0x29,0x29,0x29,0x29,0x29,0x29,0x29,0x29,0x29,0x29,0x29,0x29,0x29,0x29,0x29,0x29,
	0x29,0x29,0x29,0x29,0x29,0x29,0x29,0x29,0x29,0x29,0x29,0x29,0x29,0x29,0x29,0x29,
	0xd2,0xd2,0xd2,0xd2,0xd2,0xd2,0xd2,0xd2,0xd2,0xd2,0xd2,0xd2,0xd2,0xd2,0xd2,0xd2,
	0xd2,0xd2,0xd2,0xd2,0xd2,0xd2,0xd2,0xd2,0xd2,0xd2,0xd2,0xd2,0xd2,0xd2,0xd2,0xd2,
	0xd2,0xd2,0xd2,0xd2,0xd2,0xd2,0xd2,0xd2,0x91,0x91,0x91,0x91,0x91,0x91,0x91,0x91,
	0x91,0x91,0x91,0x91,0x91,0x91,0x91,0x91,0x91,0x91,0x91,0x91,0x91,0x91,0x91,0x91,
	0x91,0x91,0x91,0x91,0x91,0x91,0x91,0x91,0x91,0x91,0x91,0x91,0x91,0x91,0x91,0x91,
	0x52,0x50,0x52,0x53,0x52,0x52,0x51,0x50,0x50,0x50,0x50,0x50,0x50,0x51,0x51,0x52,
	0x52,0x52,0x52,0x52,0x52,0x52,0x53,0x52,0xa5,0xa7,0xaa,0xaa,0xaa,0xaa,0xaa,0xaa,
	0xaa,0xaa,0xaa,0xaa,0xaa,0xaa,0xaa,0xaa,0xeb,0xeb,0xeb,0xeb,0xeb,0xeb,0xeb,0xeb,
	0xeb,0xeb,0xeb,0xeb,0xeb,0xeb,0xeb,0xeb,0xeb,0xeb,0xeb,0xeb,0xeb,0xeb,0xeb,0xeb,
	0xeb,0xeb,0xeb,0xeb,0xeb,0xeb,0xeb,0xeb,0xeb,0xeb,0xeb,0xeb,0xeb,0xeb,0xeb,0xeb,
	0x10,0x10,0x10,0x10,0x10,0x10,0x10,0x10,0x10,0x10,0x10,0x10,0x10,0x10,0x10,0x10,
	0x10,0x10,0x10,0x10,0x10,0x10,0x10,0x10,0x10,0x10,0x10,0x10,0x10,0x10,0x10,0x10,
	0x10,0x10,0x10,0x10,0x10,0x10,0x10,0x10,0x51,0x51,0x51,0x51,0x51,0x51,0x51,0x51,
	0x51,0x51,0x51,0x51,0x51,0x51,0x51,0x51,0xaa,0xac,0xab,0xaa,0xaa,0xaa,0xaa,0xaa,
	0xaa,0xaa,0xaa,0xaa,0xaa,0xaa,0xaa,0xaa,0xaa,0xaa,0xaa,0xaa,0xaa,0xaa,0xaa,0xaa,
	0x6a,0x6a,0x6a,0x6a,0x6a,0x6a,0x6a,0x6a,0x6a,0x6a,0x6a,0x6a,0x6a,0x6a,0x6a,0x6a,
	0x6a,0x6a,0x6a,0x6a,0x6a,0x6a,0x6a,0x6a,0x6a,0x6a,0x6a,0x6a,0x6a,0x6a,0x6a,0x6a,
	0x6a,0x6a,0x6a,0x6a,0x6a,0x6a,0x6a,0x6a,0x29,0x29,0x29,0x29,0x29,0x29,0x29,0x29,
	0x29,0x29,0x29,0x29,0x29,0x29,0x29,0x29,0x29,0x29,0x29,0x29,0x29,0x29,0x29,0x29,
	0x29,0x29,0x29,0x29,0x29,0x29,0x29,0x29,0x29,0x29,0x29,0x29,0x29,0x29,0x29,0x29,
	0xd2,0xd2,0xd2,0xd2,0xd2,0xd2,0xd2,0xd2,0xd2,0xd2,0xd2,0xd2,0xd2,0xd2,0xd2,0xd2,
	0xd2,0xd2,0xd2,0xd2,0xd2,0xd2,0xd2,0xd2,0xd2,0xd2,0xd2,0xd2,0xd2,0xd2,0xd2,0xd2,
	0xd2,0xd2,0xd2,0xd2,0xd2,0xd2,0xd2,0xd2,0x91,0x91,0x91,0x91,0x91,0x91,0x91,0x91,
	0x91,0x91,0x91,0x91,0x91,0x91,0x91,0x91,0x91,0x91,0x91,0x91,0x91,0x91,0x91,0x91,
	0x91,0x91,0x91,0x91,0x91,0x91,0x91,0x91,0x91,0x91,0x91,0x91,0x91,0x91,0x91,0x91,
	0x52,0x50,0x52,0x53,0x52,0x52,0x51,0x50,0x50,0x50,0x50,0x50,0x50,0x51,0x51,0x52,
	0x52,0x52,0x52,0x52,0x52,0x52,0x52,0x53,0x52,0xa5,0xa7,0xaa,0xaa,0xaa,0xaa,0xaa,
	0xaa,0xaa,0xaa,0xaa,0xaa,0xaa,0xaa,0xaa,0xeb,0xeb,0xeb,0xeb,0xeb,0xeb,0xeb,0xeb,
	0xeb,0xeb,0xeb,0xeb,0xeb,0xeb,0xeb,0xeb,0xeb,0xeb,0xeb,0xeb,0xeb,0xeb,0xeb,0xeb,
	0xeb,0xeb,0xeb,0xeb,0xeb,0xeb,0xeb,0xeb,0xeb,0xeb,0xeb,0xeb,0xeb,0xeb,0xeb,0xeb,
	0x10,0x10,0x10,0x10,0x10,0x10,0x10,0x10,0x10,0x10,0x10,0x10,0x10,0x10,0x10,0x10,
	0x10,0x10,0x10,0x10,0x10,0x10,0x10,0x10,0x10,0x10,0x10,0x10,0x10,0x10,0x10,0x10,
	0x10,0x10,0x10,0x10,0x10,0x10,0x10,0x10,0x51,0x51,0x51,0x51,0x51,0x51,0x51,0x51,
	0x51,0x51,0x51,0x51,0x50,0x50,0x52,0xaa,0xaa,0xab,0xaa,0xaa,0xaa,0xaa,0xaa,0xaa,
	0xaa,0xaa,0xaa,0xaa,0xaa,0xaa,0xaa,0xaa,0xaa,0xaa,0xaa,0xaa,0xaa,0xaa,0xaa,0xaa,
	0x6a,0x6a,0x6a,0x6a,0x6a,0x6a,0x6a,0x6a,0x6a,0x6a,0x6a,0x6a,0x6a,0x6a,0x6a,0x6a,
	0x6a,0x6a,0x6a,0x6a,0x6a,0x6a,0x6a,0x6a,0x6a,0x6a,0x6a,0x6a,0x6a,0x6a,0x6a,0x6a,
	0x6a,0x6a,0x6a,0x6a,0x6a,0x6a,0x6a,0x6a,0x29,0x29,0x29,0x29,0x29,0x29,0x29,0x29,
	0x29,0x29,0x29,0x29,0x29,0x29,0x29,0x29,0x29,0x29,0x29,0x29,0x29,0x29,0x29,0x29,
	0x29,0x29,0x29,0x29,0x29,0x29,0x29,0x29,0x29,0x29,0x29,0x29,0x29,0x29,0x29,0x29,
	0xd2,0xd2,0xd2,0xd2,0xd2,0xd2,0xd2,0xd2,0xd2,0xd2,0xd2,0xd2,0xd2,0xd2,0xd2,0xd2,
	0xd2,0xd2,0xd2,0xd2,0xd2,0xd2,0xd2,0xd2,0xd2,0xd2,0xd2,0xd2,0xd2,0xd2,0xd2,0xd2,
	0xd2,0xd2,0xd2,0xd2,0xd2,0xd2,0xd2,0xd2,0x91,0x91,0x91,0x91,0x91,0x91,0x91,0x91,
	0x91,0x91,0x91,0x91,0x91,0x91,0x91,0x91,0x91,0x91,0x91,0x91,0x91,0x91,0x91,0x91,
	0x91,0x91,0x91,0x91,0x91,0x91,0x91,0x91,0x91,0x91,0x91,0x91,0x91,0x91,0x91,0x91,
	0x52,0x50,0x52,0x53,0x52,0x52,0x51,0x50,0x50,0x50,0x50,0x50,0x50,0x51,0x51,0x52,
	0x52,0x52,0x52,0x52,0x52,0x52,0x52,0x52,0x53,0x52,0xa5,0xa7,0xaa,0xaa,0xaa,0xaa,
	0xaa,0xaa,0xaa,0xaa,0xaa,0xaa,0xaa,0xaa,0xeb,0xeb,0xeb,0xeb,0xeb,0xeb,0xeb,0xeb,
	0xeb,0xeb,0xeb,0xeb,0xeb,0xeb,0xeb,0xeb,0xeb,0xeb,0xeb,0xeb,0xeb,0xeb,0xeb,0xeb,
	0xeb,0xeb,0xeb,0xeb,0xeb,0xeb,0xeb,0xeb,0xeb,0xeb,0xeb,0xeb,0xeb,0xeb,0xeb,0xeb,
	0x10,0x10,0x10,0x10,0x10,0x10,0x10,0x10,0x10,0x10,0x10,0x10,0x10,0x10,0x10,0x10,
	0x10,0x10,0x10,0x10,0x10,0x10,0x10,0x10,0x10,0x10,0x10,0x10,0x10,0x10,0x10,0x10,
	0x10,0x10,0x10,0x10,0x10,0x10,0x10,0x10,0x51,0x51,0x51,0x51,0x51,0x51,0x51,0x51,
	0x51,0x51,0x51,0x51,0x50,0x52,0xaa,0xac,0xaa,0xab,0xaa,0xaa,0xaa,0xaa,0xaa,0xaa,
	0xaa,0xaa,0xaa,0xaa,0xaa,0xaa,0xaa,0xaa,0xaa,0xaa,0xaa,0xaa,0xaa,0xaa,0xaa,0xaa,
	0x6a,0x6a,0x6a,0x6a,0x6a,0x6a,0x6a,0x6a,0x6a,0x6a,0x6a,0x6a,0x6a,0x6a,0x6a,0x6a,
	0x6a,0x6a,0x6a,0x6a,0x6a,0x6a,0x6a,0x6a,0x6a,0x6a,0x6a,0x6a,0x6a,0x6a,0x6a,0x6a,
	0x6a,0x6a,0x6a,0x6a,0x6a,0x6a,0x6a,0x6a,0x29,0x29,0x29,0x29,0x29,0x29,0x29,0x29,
	0x29,0x29,0x29,0x29,0x29,0x29,0x29,0x29,0x29,0x29,0x29,0x29,0x29,0x29,0x29,0x29,
	0x29,0x29,0x29,0x29,0x29,0x29,0x29,0x29,0x29,0x29,0x29,0x29,0x29,0x29,0x29,0x29,
	0xd2,0xd2,0xd2,0xd2,0xd2,0xd2,0xd2,0xd2,0xd2,0xd2,0xd2,0xd2,0xd2,0xd2,0xd2,0xd2,
	0xd2,0xd2,0xd2,0xd2,0xd2,0xd2,0xd2,0xd2,0xd2,0xd2,0xd2,0xd2,0xd2,0xd2,0xd2,0xd2,
	0xd2,0xd2,0xd2,0xd2,0xd2,0xd2,0xd2,0xd2,0x91,0x91,0x91,0x91,0x91,0x91,0x91,0x91,
	0x91,0x91,0x91,0x91,0x91,0x91,0x91,0x91,0x91,0x91,0x91,0x91,0x91,0x91,0x91,0x91,
	0x91,0x91,0x91,0x91,0x91,0x91,0x91,0x91,0x91,0x91,0x91,0x91,0x91,0x91,0x91,0x91,
	0x52,0x50,0x52,0x53,0x52,0x52,0x51,0x50,0x50,0x50,0x50,0x50,0x50,0x51,0x51,0x52,
	0x52,0x52,0x52,0x52,0x52,0x52,0x52,0x52,0x52,0x53,0x52,0xa5,0xa7,0xaa,0xaa,0xaa,
	0xaa,0xaa,0xaa,0xaa,0xaa,0xaa,0xaa,0xaa,0xeb,0xeb,0xeb,0xeb,0xeb,0xeb,0xeb,0xeb,
	0xeb,0xeb,0xeb,0xeb,0xeb,0xeb,0xeb,0xeb,0xeb,0xeb,0xeb,0xeb,0xeb,0xeb,0xeb,0xeb,
	0xeb,0xeb,0xeb,0xeb,0xeb,0xeb,0xeb,0xeb,0xeb,0xeb,0xeb,0xeb,0xeb,0xeb,0xeb,0xeb,
	0x10,0x10,0x10,0x10,0x10,0x10,0x10,0x10,0x10,0x10,0x10,0x10,0x10,0x10,0x10,0x10,
	0x10,0x10,0x10,0x10,0x10,0x10,0x10,0x10,0x10,0x10,0x10,0x10,0x10,0x10,0x10,0x10,
	0x10,0x10,0x10,0x10,0x10,0x10,0x10,0x10,0x51,0x51,0x51,0x51,0x51,0x51,0x51,0x51,
	0x51,0x51,0x51,0x51,0x52,0xaa,0xab,0xab,0xaa,0xab,0xaa,0xaa,0xaa,0xaa,0xaa,0xaa,
	0xaa,0xaa,0xaa,0xaa,0xaa,0xaa,0xaa,0xaa,0xaa,0xaa,0xaa,0xaa,0xaa,0xaa,0xaa,0xaa,
	0x6a,0x6a,0x6a,0x6a,0x6a,0x6a,0x6a,0x6a,0x6a,0x6a,0x6a,0x6a,0x6a,0x6a,0x6a,0x6a,
	0x6a,0x6a,0x6a,0x6a,0x6a,0x6a,0x6a,0x6a,0x6a,0x6a,0x6a,0x6a,0x6a,0x6a,0x6a,0x6a,
	0x6a,0x6a,0x6a,0x6a,0x6a,0x6a,0x6a,0x6a,0x29,0x29,0x29,0x29,0x29,0x29,0x29,0x29,
	0x29,0x29,0x29,0x29,0x29,0x29,0x29,0x29,0x29,0x29,0x29,0x29,0x29,0x29,0x29,0x29,
	0x29,0x29,0x29,0x29,0x29,0x29,0x29,0x29,0x29,0x29,0x29,0x29,0x29,0x29,0x29,0x29,
	0xd2,0xd2,0xd2,0xd2,0xd2,0xd2,0xd2,0xd2,0xd2,0xd2,0xd2,0xd2,0xd2,0xd2,0xd2,0xd2,
	0xd2,0xd2,0xd2,0xd2,0xd2,0xd2,0xd2,0xd2,0xd2,0xd2,0xd2,0xd2,0xd2,0xd2,0xd2,0xd2,
	0xd2,0xd2,0xd2,0xd2,0xd2,0xd2,0xd2,0xd2,0x91,0x91,0x91,0x91,0x91,0x91,0x91,0x91,
	0x91,0x91,0x91,0x91,0x91,0x91,0x91,0x91,0x91,0x91,0x91,0x91,0x91,0x91,0x91,0x91,
	0x91,0x91,0x91,0x91,0x91,0x91,0x91,0x91,0x91,0x91,0x91,0x91,0x91,0x91,0x91,0x91,
	0x52,0x50,0x52,0x53,0x52,0x52,0x51,0x50,0x50,0x50,0x50,0x50,0x50,0x51,0x51,0x52,
	0x52,0x52,0x52,0x52,0x52,0x52,0x52,0x52,0x52,0x52,0x53,0x52,0xa5,0xa7,0xa9,0xaa,
	0xaa,0xaa,0xaa,0xaa,0xaa,0xaa,0xaa,0xaa,0xeb,0xeb,0xeb,0xeb,0xeb,0xeb,0xeb,0xeb,
	0xeb,0xeb,0xeb,0xeb,0xeb,0xeb,0xeb,0xeb,0xeb,0xeb,0xeb,0xeb,0xeb,0xeb,0xeb,0xeb,
	0xeb,0xeb,0xeb,0xeb,0xeb,0xeb,0xeb,0xeb,0xeb,0xeb,0xeb,0xeb,0xeb,0xeb,0xeb,0xeb,
	0x10,0x10,0x10,0x10,0x10,0x10,0x10,0x10,0x10,0x10,0x10,0x10,0x10,0x10,0x10,0x10,
	0x10,0x10,0x10,0x10,0x10,0x10,0x10,0x10,0x10,0x10,0x10,0x10,0x10,0x10,0x10,0x10,
	0x10,0x10,0x10,0x10,0x10,0x10,0x10,0x10,0x51,0x51,0x51,0x51,0x51,0x51,0x51,0x51,
	0x51,0x51,0x51,0x51,0xaa,0xac,0xab,0xaa,0xaa,0xaa,0xaa,0xaa,0xaa,0xaa,0xaa,0xaa,
	0xaa,0xaa,0xaa,0xaa,0xaa,0xaa,0xaa,0xaa,0xaa,0xaa,0xaa,0xaa,0xaa,0xaa,0xaa,0xaa,
	0x6a,0x6a,0x6a,0x6a,0x6a,0x6a,0x6a,0x6a,0x6a,0x6a,0x6a,0x6a,0x6a,0x6a,0x6a,0x6a,
	0x6a,0x6a,0x6a,0x6a,0x6a,0x6a,0x6a,0x6a,0x6a,0x6a,0x6a,0x6a,0x6a,0x6a,0x6a,0x6a,
	0x6a,0x6a,0x6a,0x6a,0x6a,0x6a,0x6a,0x6a,0x29,0x29,0x29,0x29,0x29,0x29,0x29,0x29,
	0x29,0x29,0x29,0x29,0x29,0x29,0x29,0x29,0x29,0x29,0x29,0x29,0x29,0x29,0x29,0x29,
	0x29,0x29,0x29,0x29,0x29,0x29,0x29,0x29,0x29,0x29,0x29,0x29,0x29,0x29,0x29,0x29,
	0xd2,0xd2,0xd2,0xd2,0xd2,0xd2,0xd2,0xd2,0xd2,0xd2,0xd2,0xd2,0xd2,0xd2,0xd2,0xd2,
	0xd2,0xd2,0xd2,0xd2,0xd2,0xd2,0xd2,0xd2,0xd2,0xd2,0xd2,0xd2,0xd2,0xd2,0xd2,0xd2,
	0xd2,0xd2,0xd2,0xd2,0xd2,0xd2,0xd2,0xd2,0x91,0x91,0x91,0x91,0x91,0x91,0x91,0x91,
	0x91,0x91,0x91,0x91,0x91,0x91,0x91,0x91,0x91,0x91,0x91,0x91,0x91,0x91,0x91,0x91,
	0x91,0x91,0x91,0x91,0x91,0x91,0x91,0x91,0x91,0x91,0x91,0x91,0x91,0x91,0x91,0x91,
	0x52,0x50,0x52,0x53,0x52,0x52,0x51,0x50,0x50,0x50,0x50,0x50,0x50,0x51,0x51,0x52,
	0x52,0x52,0x52,0x52,0x52,0x52,0x52,0x52,0x52,0x52,0x52,0x53,0x52,0xa5,0xa7,0xa9,
	0xaa,0xaa,0xaa,0xaa,0xaa,0xaa,0xaa,0xaa,0xeb,0xeb,0xeb,0xeb,0xeb,0xeb,0xeb,0xeb,
	0xeb,0xeb,0xeb,0xeb,0xeb,0xeb,0xeb,0xeb,0xeb,0xeb,0xeb,0xeb,0xeb,0xeb,0xeb,0xeb,
	0xeb,0xeb,0xeb,0xeb,0xeb,0xeb,0xeb,0xeb,0xeb,0xeb,0xeb,0xeb,0xeb,0xeb,0xeb,0xeb,
	0x10,0x10,0x10,0x10,0x10,0x10,0x10,0x10,0x10,0x10,0x10,0x10,0x10,0x10,0x10,0x10,
	0x10,0x10,0x10,0x10,0x10,0x10,0x10,0x10,0x10,0x10,0x10,0x10,0x10,0x10,0x10,0x10,
	0x10,0x10,0x10,0x10,0x10,0x10,0x10,0x10,0x51,0x51,0x51,0x51,0x51,0x51,0x51,0x51,
	0x52,0x52,0x55,0x57,0xab,0xab,0xaa,0xaa,0xaa,0xaa,0xaa,0xaa,0xaa,0xaa,0xaa,0xaa,
	0xaa,0xaa,0xaa,0xaa,0xaa,0xaa,0xaa,0xaa,0xaa,0xaa,0xaa,0xaa,0xaa,0xaa,0xaa,0xaa,
	0x6a,0x6a,0x6a,0x6a,0x6a,0x6a,0x6a,0x6a,0x6a,0x6a,0x6a,0x6a,0x6a,0x6a,0x6a,0x6a,
	0x6a,0x6a,0x6a,0x6a,0x6a,0x6a,0x6a,0x6a,0x6a,0x6a,0x6a,0x6a,0x6a,0x6a,0x6a,0x6a,
	0x6a,0x6a,0x6a,0x6a,0x6a,0x6a,0x6a,0x6a,0x29,0x29,0x29,0x29,0x29,0x29,0x29,0x29,
	0x29,0x29,0x29,0x29,0x29,0x29,0x29,0x29,0x29,0x29,0x29,0x29,0x29,0x29,0x29,0x29,
	0x29,0x29,0x29,0x29,0x29,0x29,0x29,0x29,0x29,0x29,0x29,0x29,0x29,0x29,0x29,0x29,
	0xd2,0xd2,0xd2,0xd2,0xd2,0xd2,0xd2,0xd2,0xd2,0xd2,0xd2,0xd2,0xd2,0xd2,0xd2,0xd2,
	0xd2,0xd2,0xd2,0xd2,0xd2,0xd2,0xd2,0xd2,0xd2,0xd2,0xd2,0xd2,0xd2,0xd2,0xd2,0xd2,
	0xd2,0xd2,0xd2,0xd2,0xd2,0xd2,0xd2,0xd2,0x91,0x91,0x91,0x91,0x91,0x91,0x91,0x91,
	0x91,0x91,0x91,0x91,0x91,0x91,0x91,0x91,0x91,0x91,0x91,0x91,0x91,0x91,0x91,0x91,
	0x91,0x91,0x91,0x91,0x91,0x91,0x91,0x91,0x91,0x91,0x91,0x91,0x91,0x91,0x91,0x91,
	0x51,0x50,0x51,0x52,0x52,0x52,0x50,0x51,0x51,0x51,0x51,0x51,0x50,0x51,0x51,0x51,
	0x51,0x52,0x52,0x52,0x52,0x52,0x52,0x52,0x52,0x52,0x52,0x52,0x52,0xa3,0xa3,0xa7,
	0xab,0xaa,0xaa,0xaa,0xaa,0xaa,0xaa,0xaa,0xeb,0xeb,0xeb,0xeb,0xeb,0xeb,0xeb,0xeb,
	0xeb,0xeb,0xeb,0xeb,0xeb,0xeb,0xeb,0xeb,0xeb,0xeb,0xeb,0xeb,0xeb,0xeb,0xeb,0xeb,
	0xeb,0xeb,0xeb,0xeb,0xeb,0xeb,0xeb,0xeb,0xeb,0xeb,0xeb,0xeb,0xeb,0xeb,0xeb,0xeb,
	0x10,0x10,0x10,0x10,0x10,0x10,0x10,0x10,0x10,0x10,0x10,0x10,0x10,0x10,0x10,0x10,
	0x10,0x10,0x10,0x10,0x10,0x10,0x10,0x10,0x10,0x10,0x10,0x10,0x10,0x10,0x10,0x10,
	0x10,0x10,0x10,0x10,0x10,0x10,0x10,0x10,0x51,0x51,0x51,0x51,0x51,0x51,0x51,0x51,
	0x58,0x53,0x54,0xae,0xac,0xab,0xaa,0xaa,0xaa,0xaa,0xaa,0xaa,0xaa,0xaa,0xaa,0xaa,
	0xaa,0xaa,0xaa,0xaa,0xaa,0xaa,0xaa,0xaa,0xaa,0xaa,0xaa,0xaa,0xaa,0xaa,0xaa,0xaa,
	0x6a,0x6a,0x6a,0x6a,0x6a,0x6a,0x6a,0x6a,0x6a,0x6a,0x6a,0x6a,0x6a,0x6a,0x6a,0x6a,
	0x6a,0x6a,0x6a,0x6a,0x6a,0x6a,0x6a,0x6a,0x6a,0x6a,0x6a,0x6a,0x6a,0x6a,0x6a,0x6a,
	0x6a,0x6a,0x6a,0x6a,0x6a,0x6a,0x6a,0x6a,0x29,0x29,0x29,0x29,0x29,0x29,0x29,0x29,
	0x29,0x29,0x29,0x29,0x29,0x29,0x29,0x29,0x29,0x29,0x29,0x29,0x29,0x29,0x29,0x29,
	0x29,0x29,0x29,0x29,0x29,0x29,0x29,0x29,0x29,0x29,0x29,0x29,0x29,0x29,0x29,0x29,
	0xd2,0xd2,0xd2,0xd2,0xd2,0xd2,0xd2,0xd2,0xd2,0xd2,0xd2,0xd2,0xd2,0xd2,0xd2,0xd2,
	0xd2,0xd2,0xd2,0xd2,0xd2,0xd2,0xd2,0xd2,0xd2,0xd2,0xd2,0xd2,0xd2,0xd2,0xd2,0xd2,
	0xd2,0xd2,0xd2,0xd2,0xd2,0xd2,0xd2,0xd2,0x91,0x91,0x91,0x91,0x91,0x91,0x91,0x91,
	0x91,0x91,0x91,0x91,0x91,0x91,0x91,0x91,0x91,0x91,0x91,0x91,0x91,0x91,0x91,0x91,
	0x91,0x91,0x91,0x91,0x91,0x91,0x91,0x91,0x91,0x91,0x91,0x91,0x91,0x91,0x91,0x91,
	0x51,0x50,0x51,0x52,0x52,0x52,0x50,0x51,0x51,0x51,0x51,0x51,0x50,0x51,0x51,0x51,
	0x51,0x52,0x52,0x52,0x52,0x52,0x52,0x52,0x52,0x52,0x52,0x52,0x50,0x4b,0xac,0xad,
	0xac,0xaa,0xaa,0xaa,0xaa,0xaa,0xaa,0xaa,0xeb,0xeb,0xeb,0xeb,0xeb,0xeb,0xeb,0xeb,
	0xeb,0xeb,0xeb,0xeb,0xeb,0xeb,0xeb,0xeb,0xeb,0xeb,0xeb,0xeb,0xeb,0xeb,0xeb,0xeb,
	0xeb,0xeb,0xeb,0xeb,0xeb,0xeb,0xeb,0xeb,0xeb,0xeb,0xeb,0xeb,0xeb,0xeb,0xeb,0xeb,
	0x10,0x10,0x10,0x10,0x10,0x10,0x10,0x10,0x10,0x10,0x10,0x10,0x10,0x10,0x10,0x10,
	0x10,0x10,0x10,0x10,0x10,0x10,0x10,0x10,0x10,0x10,0x10,0x10,0x10,0x10,0x10,0x10,
	0x10,0x10,0x10,0x10,0x10,0x10,0x10,0x10,0x51,0x51,0x51,0x51,0x51,0x51,0x51,0x51,
	0x58,0x50,0xab,0xa7,0xab,0xaa,0xaa,0xaa,0xaa,0xaa,0xaa,0xaa,0xaa,0xaa,0xaa,0xaa,
	0xaa,0xaa,0xaa,0xaa,0xaa,0xaa,0xaa,0xaa,0xaa,0xaa,0xaa,0xaa,0xaa,0xaa,0xaa,0xaa,
	0x6a,0x6a,0x6a,0x6a,0x6a,0x6a,0x6a,0x6a,0x6a,0x6a,0x6a,0x6a,0x6a,0x6a,0x6a,0x6a,
	0x6a,0x6a,0x6a,0x6a,0x6a,0x6a,0x6a,0x6a,0x6a,0x6a,0x6a,0x6a,0x6a,0x6a,0x6a,0x6a,
	0x6a,0x6a,0x6a,0x6a,0x6a,0x6a,0x6a,0x6a,0x29,0x29,0x29,0x29,0x29,0x29,0x29,0x29,
	0x29,0x29,0x29,0x29,0x29,0x29,0x29,0x29,0x29,0x29,0x29,0x29,0x29,0x29,0x29,0x29,
	0x29,0x29,0x29,0x29,0x29,0x29,0x29,0x29,0x29,0x29,0x29,0x29,0x29,0x29,0x29,0x29,
	0xd2,0xd2,0xd2,0xd2,0xd2,0xd2,0xd2,0xd2,0xd2,0xd2,0xd2,0xd2,0xd2,0xd2,0xd2,0xd2,
	0xd2,0xd2,0xd2,0xd2,0xd2,0xd2,0xd2,0xd2,0xd2,0xd2,0xd2,0xd2,0xd2,0xd2,0xd2,0xd2,
	0xd2,0xd2,0xd2,0xd2,0xd2,0xd2,0xd2,0xd2,0x91,0x91,0x91,0x91,0x91,0x91,0x91,0x91,
	0x91,0x91,0x91,0x91,0x91,0x91,0x91,0x91,0x91,0x91,0x91,0x91,0x91,0x91,0x91,0x91,
	0x91,0x91,0x91,0x91,0x91,0x91,0x91,0x91,0x91,0x91,0x91,0x91,0x91,0x91,0x91,0x91,
	0x51,0x50,0x51,0x52,0x52,0x52,0x50,0x51,0x51,0x51,0x51,0x51,0x50,0x51,0x51,0x51,
	0x51,0x52,0x52,0x52,0x52,0x52,0x52,0x52,0x52,0x52,0x52,0x52,0x50,0x52,0x4d,0xad,
	0xad,0xaa,0xaa,0xaa,0xaa,0xaa,0xaa,0xaa,0xeb,0xeb,0xeb,0xeb,0xeb,0xeb,0xeb,0xeb,
	0xeb,0xeb,0xeb,0xeb,0xeb,0xeb,0xeb,0xeb,0xeb,0xeb,0xeb,0xeb,0xeb,0xeb,0xeb,0xeb,
	0xeb,0xeb,0xeb,0xeb,0xeb,0xeb,0xeb,0xeb,0xeb,0xeb,0xeb,0xeb,0xeb,0xeb,0xeb,0xeb,
	0x10,0x10,0x10,0x10,0x10,0x10,0x10,0x10,0x10,0x10,0x10,0x10,0x10,0x10,0x10,0x10,
	0x10,0x10,0x10,0x10,0x10,0x10,0x10,0x10,0x10,0x10,0x10,0x10,0x10,0x10,0x10,0x10,
	0x10,0x10,0x10,0x10,0x10,0x10,0x10,0x10,0x51,0x51,0x51,0x51,0x51,0x51,0x51,0x51,
	0x53,0xa7,0xad,0xb0,0xaa,0xaa,0xaa,0xaa,0xaa,0xaa,0xaa,0xaa,0xaa,0xaa,0xaa,0xaa,
	0xaa,0xaa,0xaa,0xaa,0xaa,0xaa,0xaa,0xaa,0xaa,0xaa,0xaa,0xaa,0xaa,0xaa,0xaa,0xaa,
	0x6a,0x6a,0x6a,0x6a,0x6a,0x6a,0x6a,0x6a,0x6a,0x6a,0x6a,0x6a,0x6a,0x6a,0x6a,0x6a,
	0x6a,0x6a,0x6a,0x6a,0x6a,0x6a,0x6a,0x6a,0x6a,0x6a,0x6a,0x6a,0x6a,0x6a,0x6a,0x6a,
	0x6a,0x6a,0x6a,0x6a,0x6a,0x6a,0x6a,0x6a,0x29,0x29,0x29,0x29,0x29,0x29,0x29,0x29,
	0x29,0x29,0x29,0x29,0x29,0x29,0x29,0x29,0x29,0x29,0x29,0x29,0x29,0x29,0x29,0x29,
	0x29,0x29,0x29,0x29,0x29,0x29,0x29,0x29,0x29,0x29,0x29,0x29,0x29,0x29,0x29,0x29,
	0xd2,0xd2,0xd2,0xd2,0xd2,0xd2,0xd2,0xd2,0xd2,0xd2,0xd2,0xd2,0xd2,0xd2,0xd2,0xd2,
	0xd2,0xd2,0xd2,0xd2,0xd2,0xd2,0xd2,0xd2,0xd2,0xd2,0xd2,0xd2,0xd2,0xd2,0xd2,0xd2,
	0xd2,0xd2,0xd2,0xd2,0xd2,0xd2,0xd2,0xd2,0x91,0x91,0x91,0x91,0x91,0x91,0x91,0x91,
	0x91,0x91,0x91,0x91,0x91,0x91,0x91,0x91,0x91,0x91,0x91,0x91,0x91,0x91,0x91,0x91,
	0x91,0x91,0x91,0x91,0x91,0x91,0x91,0x91,0x91,0x91,0x91,0x91,0x91,0x91,0x91,0x91,
	0x51,0x50,0x51,0x52,0x52,0x52,0x50,0x51,0x51,0x51,0x51,0x51,0x50,0x51,0x51,0x51,
	0x51,0x52,0x52,0x52,0x52,0x52,0x52,0x52,0x52,0x52,0x52,0x52,0x55,0x54,0x4f,0x54,
	0xad,0xac,0xaa,0xaa,0xaa,0xaa,0xaa,0xaa,0xeb,0xeb,0xeb,0xeb,0xeb,0xeb,0xeb,0xeb,
	0xeb,0xeb,0xeb,0xeb,0xeb,0xeb,0xeb,0xeb,0xeb,0xeb,0xeb,0xeb,0xeb,0xeb,0xeb,0xeb,
	0xeb,0xeb,0xeb,0xeb,0xeb,0xeb,0xeb,0xeb,0xeb,0xeb,0xeb,0xeb,0xeb,0xeb,0xeb,0xeb,
	0x10,0x10,0x10,0x10,0x10,0x10,0x10,0x10,0x10,0x10,0x10,0x10,0x10,0x10,0x10,0x10,
	0x10,0x10,0x10,0x10,0x10,0x10,0x10,0x10,0x10,0x10,0x10,0x10,0x10,0x10,0x10,0x10,
	0x10,0x10,0x10,0x10,0x10,0x10,0x10,0x10,0x51,0x51,0x51,0x51,0x5a,0x56,0x51,0x4f,
	0x4a,0xa7,0xa6,0xab,0xaa,0xaa,0xaa,0xaa,0xaa,0xaa,0xaa,0xaa,0xaa,0xaa,0xaa,0xaa,
	0xaa,0xaa,0xaa,0xaa,0xaa,0xaa,0xaa,0xaa,0xaa,0xaa,0xaa,0xaa,0xaa,0xaa,0xaa,0xaa,
	0x6a,0x6a,0x6a,0x6a,0x6a,0x6a,0x6a,0x6a,0x6a,0x6a,0x6a,0x6a,0x6a,0x6a,0x6a,0x6a,
	0x6a,0x6a,0x6a,0x6a,0x6a,0x6a,0x6a,0x6a,0x6a,0x6a,0x6a,0x6a,0x6a,0x6a,0x6a,0x6a,
	0x6a,0x6a,0x6a,0x6a,0x6a,0x6a,0x6a,0x6a,0x29,0x29,0x29,0x29,0x29,0x29,0x29,0x29,
	0x29,0x29,0x29,0x29,0x29,0x29,0x29,0x29,0x29,0x29,0x29,0x29,0x29,0x29,0x29,0x29,
	0x29,0x29,0x29,0x29,0x29,0x29,0x29,0x29,0x29,0x29,0x29,0x29,0x29,0x29,0x29,0x29,
	0xd2,0xd2,0xd2,0xd2,0xd2,0xd2,0xd2,0xd2,0xd2,0xd2,0xd2,0xd2,0xd2,0xd2,0xd2,0xd2,
	0xd2,0xd2,0xd2,0xd2,0xd2,0xd2,0xd2,0xd2,0xd2,0xd2,0xd2,0xd2,0xd2,0xd2,0xd2,0xd2,
	0xd2,0xd2,0xd2,0xd2,0xd2,0xd2,0xd2,0xd2,0x91,0x91,0x91,0x91,0x91,0x91,0x91,0x91,
	0x91,0x91,0x91,0x91,0x91,0x91,0x91,0x91,0x91,0x91,0x91,0x91,0x91,0x91,0x91,0x91,
	0x91,0x91,0x91,0x91,0x91,0x91,0x91,0x91,0x91,0x91,0x91,0x91,0x91,0x91,0x91,0x91,
	0x51,0x50,0x51,0x52,0x52,0x52,0x50,0x51,0x51,0x51,0x51,0x51,0x50,0x51,0x51,0x51,
	0x51,0x52,0x52,0x52,0x52,0x52,0x52,0x52,0x52,0x52,0x52,0x52,0x53,0x53,0x52,0x54,
	0x9f,0xaa,0xac,0xac,0xaa,0xaa,0xaa,0xaa,0xeb,0xeb,0xeb,0xeb,0xeb,0xeb,0xeb,0xeb,
	0xeb,0xeb,0xeb,0xeb,0xeb,0xeb,0xeb,0xeb,0xeb,0xeb,0xeb,0xeb,0xeb,0xeb,0xeb,0xeb,
	0xeb,0xeb,0xeb,0xeb,0xeb,0xeb,0xeb,0xeb,0xeb,0xeb,0xeb,0xeb,0xeb,0xeb,0xeb,0xeb,
	0x10,0x10,0x10,0x10,0x10,0x10,0x10,0x10,0x10,0x10,0x10,0x10,0x10,0x10,0x10,0x10,
	0x10,0x10,0x10,0x10,0x10,0x10,0x10,0x10,0x10,0x10,0x10,0x10,0x10,0x10,0x10,0x10,
	0x10,0x10,0x10,0x10,0x10,0x10,0x10,0x10,0x51,0x51,0x51,0x51,0x56,0x4c,0x55,0x50,
	0xa4,0xa6,0xaa,0xa9,0xaa,0xaa,0xaa,0xaa,0xaa,0xaa,0xaa,0xaa,0xaa,0xaa,0xaa,0xaa,
	0xaa,0xaa,0xaa,0xaa,0xaa,0xaa,0xaa,0xaa,0xaa,0xaa,0xaa,0xaa,0xaa,0xaa,0xaa,0xaa,
	0x6a,0x6a,0x6a,0x6a,0x6a,0x6a,0x6a,0x6a,0x6a,0x6a,0x6a,0x6a,0x6a,0x6a,0x6a,0x6a,
	0x6a,0x6a,0x6a,0x6a,0x6a,0x6a,0x6a,0x6a,0x6a,0x6a,0x6a,0x6a,0x6a,0x6a,0x6a,0x6a,
	0x6a,0x6a,0x6a,0x6a,0x6a,0x6a,0x6a,0x6a,0x29,0x29,0x29,0x29,0x29,0x29,0x29,0x29,
	0x29,0x29,0x29,0x29,0x29,0x29,0x29,0x29,0x29,0x29,0x29,0x29,0x29,0x29,0x29,0x29,
	0x29,0x29,0x29,0x29,0x29,0x29,0x29,0x29,0x29,0x29,0x29,0x29,0x29,0x29,0x29,0x29,
	0xd2,0xd2,0xd2,0xd2,0xd2,0xd2,0xd2,0xd2,0xd2,0xd2,0xd2,0xd2,0xd2,0xd2,0xd2,0xd2,
	0xd2,0xd2,0xd2,0xd2,0xd2,0xd2,0xd2,0xd2,0xd2,0xd2,0xd2,0xd2,0xd2,0xd2,0xd2,0xd2,
	0xd2,0xd2,0xd2,0xd2,0xd2,0xd2,0xd2,0xd2,0x91,0x91,0x91,0x91,0x91,0x91,0x91,0x91,
	0x91,0x91,0x91,0x91,0x91,0x91,0x91,0x91,0x91,0x91,0x91,0x91,0x91,0x91,0x91,0x91,
	0x91,0x91,0x91,0x91,0x91,0x91,0x91,0x91,0x91,0x91,0x91,0x91,0x91,0x91,0x91,0x91,
	0x51,0x50,0x51,0x52,0x52,0x52,0x50,0x51,0x51,0x51,0x51,0x51,0x50,0x51,0x51,0x51,
	0x51,0x52,0x52,0x52,0x52,0x52,0x52,0x52,0x52,0x52,0x52,0x52,0x53,0x53,0x52,0x54,
	0x51,0xaa,0xae,0xa7,0xaa,0xaa,0xaa,0xaa,0xeb,0xeb,0xeb,0xeb,0xeb,0xeb,0xeb,0xeb,
	0xeb,0xeb,0xeb,0xeb,0xeb,0xeb,0xeb,0xeb,0xeb,0xeb,0xeb,0xeb,0xeb,0xeb,0xeb,0xeb,
	0xeb,0xeb,0xeb,0xeb,0xeb,0xeb,0xeb,0xeb,0xeb,0xeb,0xeb,0xeb,0xeb,0xeb,0xeb,0xeb,
	0x10,0x10,0x10,0x10,0x10,0x10,0x10,0x10,0x10,0x10,0x10,0x10,0x10,0x10,0x10,0x10,
	0x10,0x10,0x10,0x10,0x10,0x10,0x10,0x10,0x10,0x10,0x10,0x10,0x10,0x10,0x10,0x10,
	0x10,0x10,0x10,0x10,0x10,0x10,0x10,0x10,0x51,0x51,0x51,0x51,0x51,0x55,0x55,0xa4,
	0xad,0xa4,0xab,0xab,0xaa,0xaa,0xaa,0xaa,0xaa,0xaa,0xaa,0xaa,0xaa,0xaa,0xaa,0xaa,
	0xaa,0xaa,0xaa,0xaa,0xaa,0xaa,0xaa,0xaa,0xaa,0xaa,0xaa,0xaa,0xaa,0xaa,0xaa,0xaa,
	0x6a,0x6a,0x6a,0x6a,0x6a,0x6a,0x6a,0x6a,0x6a,0x6a,0x6a,0x6a,0x6a,0x6a,0x6a,0x6a,
	0x6a,0x6a,0x6a,0x6a,0x6a,0x6a,0x6a,0x6a,0x6a,0x6a,0x6a,0x6a,0x6a,0x6a,0x6a,0x6a,
	0x6a,0x6a,0x6a,0x6a,0x6a,0x6a,0x6a,0x6a,0x29,0x29,0x29,0x29,0x29,0x29,0x29,0x29,
	0x29,0x29,0x29,0x29,0x29,0x29,0x29,0x29,0x29,0x29,0x29,0x29,0x29,0x29,0x29,0x29,
	0x29,0x29,0x29,0x29,0x29,0x29,0x29,0x29,0x29,0x29,0x29,0x29,0x29,0x29,0x29,0x29,
	0xd2,0xd2,0xd2,0xd2,0xd2,0xd2,0xd2,0xd2,0xd2,0xd2,0xd2,0xd2,0xd2,0xd2,0xd2,0xd2,
	0xd2,0xd2,0xd2,0xd2,0xd2,0xd2,0xd2,0xd2,0xd2,0xd2,0xd2,0xd2,0xd2,0xd2,0xd2,0xd2,
	0xd2,0xd2,0xd2,0xd2,0xd2,0xd2,0xd2,0xd2,0x91,0x91,0x91,0x91,0x91,0x91,0x91,0x91,
	0x91,0x91,0x91,0x91,0x91,0x91,0x91,0x91,0x91,0x91,0x91,0x91,0x91,0x91,0x91,0x91,
	0x91,0x91,0x91,0x91,0x91,0x91,0x91,0x91,0x91,0x91,0x91,0x91,0x91,0x91,0x91,0x91,
	0x51,0x50,0x51,0x52,0x52,0x52,0x50,0x51,0x51,0x51,0x51,0x51,0x50,0x51,0x51,0x51,
	0x51,0x52,0x52,0x52,0x52,0x52,0x52,0x52,0x52,0x52,0x52,0x52,0x53,0x53,0x52,0x53,
	0x4e,0x56,0xad,0xa5,0xa8,0xaa,0xaa,0xaa,0xeb,0xeb,0xeb,0xeb,0xeb,0xeb,0xeb,0xeb,
	0xeb,0xeb,0xeb,0xeb,0xeb,0xeb,0xeb,0xeb,0xeb,0xeb,0xeb,0xeb,0xeb,0xeb,0xeb,0xeb,
	0xeb,0xeb,0xeb,0xeb,0xeb,0xeb,0xeb,0xeb,0xeb,0xeb,0xeb,0xeb,0xeb,0xeb,0xeb,0xeb,
	0x10,0x10,0x10,0x10,0x10,0x10,0x10,0x10,0x10,0x10,0x10,0x10,0x10,0x10,0x10,0x10,
	0x10,0x10,0x10,0x10,0x10,0x10,0x10,0x10,0x10,0x10,0x10,0x10,0x10,0x10,0x10,0x10,
	0x10,0x10,0x10,0x10,0x10,0x10,0x10,0x10,0x51,0x51,0x51,0x51,0x4f,0x50,0xa4,0xa3,
	0xa8,0xad,0xaa,0xab,0xaa,0xaa,0xaa,0xaa,0xaa,0xaa,0xaa,0xaa,0xaa,0xaa,0xaa,0xaa,
	0xaa,0xaa,0xaa,0xaa,0xaa,0xaa,0xaa,0xaa,0xaa,0xaa,0xaa,0xaa,0xaa,0xaa,0xaa,0xaa,
	0x6a,0x6a,0x6a,0x6a,0x6a,0x6a,0x6a,0x6a,0x6a,0x6a,0x6a,0x6a,0x6a,0x6a,0x6a,0x6a,
	0x6a,0x6a,0x6a,0x6a,0x6a,0x6a,0x6a,0x6a,0x6a,0x6a,0x6a,0x6a,0x6a,0x6a,0x6a,0x6a,
	0x6a,0x6a,0x6a,0x6a,0x6a,0x6a,0x6a,0x6a,0x29,0x29,0x29,0x29,0x29,0x29,0x29,0x29,
	0x29,0x29,0x29,0x29,0x29,0x29,0x29,0x29,0x29,0x29,0x29,0x29,0x29,0x29,0x29,0x29,
	0x29,0x29,0x29,0x29,0x29,0x29,0x29,0x29,0x29,0x29,0x29,0x29,0x29,0x29,0x29,0x29,
	0xd2,0xd2,0xd2,0xd2,0xd2,0xd2,0xd2,0xd2,0xd2,0xd2,0xd2,0xd2,0xd2,0xd2,0xd2,0xd2,
	0xd2,0xd2,0xd2,0xd2,0xd2,0xd2,0xd2,0xd2,0xd2,0xd2,0xd2,0xd2,0xd2,0xd2,0xd2,0xd2,
	0xd2,0xd2,0xd2,0xd2,0xd2,0xd2,0xd2,0xd2,0x91,0x91,0x91,0x91,0x91,0x91,0x91,0x91,
	0x91,0x91,0x91,0x91,0x91,0x91,0x91,0x91,0x91,0x91,0x91,0x91,0x91,0x91,0x91,0x91,
	0x91,0x91,0x91,0x91,0x91,0x91,0x91,0x91,0x91,0x91,0x91,0x91,0x91,0x91,0x91,0x91,
	0x51,0x50,0x51,0x52,0x52,0x52,0x50,0x51,0x51,0x51,0x51,0x51,0x50,0x51,0x51,0x51,
	0x51,0x52,0x52,0x52,0x52,0x52,0x52,0x52,0x52,0x52,0x52,0x52,0x52,0x53,0x52,0x53,
	0x55,0x50,0x56,0xac,0xa8,0xaa,0xaa,0xaa,0xeb,0xeb,0xeb,0xeb,0xeb,0xeb,0xeb,0xeb,
	0xeb,0xeb,0xeb,0xeb,0xeb,0xeb,0xeb,0xeb,0xeb,0xeb,0xeb,0xeb,0xeb,0xeb,0xeb,0xeb,
	0xeb,0xeb,0xeb,0xeb,0xeb,0xeb,0xeb,0xeb,0xeb,0xeb,0xeb,0xeb,0xeb,0xeb,0xeb,0xeb,
	0x10,0x10,0x10,0x10,0x10,0x10,0x10,0x10,0x10,0x10,0x10,0x10,0x10,0x10,0x10,0x10,
	0x10,0x10,0x10,0x10,0x10,0x10,0x10,0x10,0x10,0x10,0x10,0x10,0x10,0x10,0x10,0x10,
	0x10,0x10,0x10,0x10,0x10,0x10,0x10,0x10,0x51,0x51,0x51,0x51,0x4c,0x56,0xa8,0xae,
	0xab,0xab,0xab,0xaa,0xaa,0xaa,0xaa,0xaa,0xaa,0xaa,0xaa,0xaa,0xaa,0xaa,0xaa,0xaa,
	0xaa,0xaa,0xaa,0xaa,0xaa,0xaa,0xaa,0xaa,0xaa,0xaa,0xaa,0xaa,0xaa,0xaa,0xaa,0xaa,
	0x6a,0x6a,0x6a,0x6a,0x6a,0x6a,0x6a,0x6a,0x6a,0x6a,0x6a,0x6a,0x6a,0x6a,0x6a,0x6a,
	0x6a,0x6a,0x6a,0x6a,0x6a,0x6a,0x6a,0x6a,0x6a,0x6a,0x6a,0x6a,0x6a,0x6a,0x6a,0x6a,
	0x6a,0x6a,0x6a,0x6a,0x6a,0x6a,0x6a,0x6a,0x29,0x29,0x29,0x29,0x29,0x29,0x29,0x29,
	0x29,0x29,0x29,0x29,0x29,0x29,0x29,0x29,0x29,0x29,0x29,0x29,0x29,0x29,0x29,0x29,
	0x29,0x29,0x29,0x29,0x29,0x29,0x29,0x29,0x29,0x29,0x29,0x29,0x29,0x29,0x29,0x29,
	0xd2,0xd2,0xd2,0xd2,0xd2,0xd2,0xd2,0xd2,0xd2,0xd2,0xd2,0xd2,0xd2,0xd2,0xd2,0xd2,
	0xd2,0xd2,0xd2,0xd2,0xd2,0xd2,0xd2,0xd2,0xd2,0xd2,0xd2,0xd2,0xd2,0xd2,0xd2,0xd2,
	0xd2,0xd2,0xd2,0xd2,0xd2,0xd2,0xd2,0xd2,0x91,0x91,0x91,0x91,0x91,0x91,0x91,0x91,
	0x91,0x91,0x91,0x91,0x91,0x91,0x91,0x91,0x91,0x91,0x91,0x91,0x91,0x91,0x91,0x91,
	0x91,0x91,0x91,0x91,0x91,0x91,0x91,0x91,0x91,0x91,0x91,0x91,0x91,0x91,0x91,0x91,
	0x51,0x50,0x51,0x52,0x52,0x52,0x50,0x51,0x51,0x51,0x51,0x51,0x50,0x51,0x51,0x51,
	0x51,0x52,0x52,0x52,0x52,0x52,0x52,0x52,0x52,0x52,0x52,0x52,0x52,0x52,0x53,0x52,
	0x57,0x53,0x53,0xa5,0xa8,0xaf,0xa6,0xaa,0xeb,0xeb,0xeb,0xeb,0xeb,0xeb,0xeb,0xeb,
	0xeb,0xeb,0xeb,0xeb,0xeb,0xeb,0xeb,0xeb,0xeb,0xeb,0xeb,0xeb,0xeb,0xeb,0xeb,0xeb,
	0xeb,0xeb,0xeb,0xeb,0xeb,0xeb,0xeb,0xeb,0xeb,0xeb,0xeb,0xeb,0xeb,0xeb,0xeb,0xeb,
	0x10,0x10,0x10,0x10,0x10,0x10,0x10,0x10,0x10,0x10,0x10,0x10,0x10,0x10,0x10,0x10,
	0x10,0x10,0x10,0x10,0x10,0x10,0x10,0x10,0x10,0x10,0x10,0x10,0x10,0x10,0x10,0x10,
	0x10,0x10,0x10,0x10,0x10,0x10,0x10,0x10,0x51,0x51,0x51,0x51,0x4a,0xa7,0xaa,0xa7,
	0xac,0xaa,0xab,0xaa,0xaa,0xaa,0xaa,0xaa,0xaa,0xaa,0xaa,0xaa,0xaa,0xaa,0xaa,0xaa,
	0xaa,0xaa,0xaa,0xaa,0xaa,0xaa,0xaa,0xaa,0xaa,0xaa,0xaa,0xaa,0xaa,0xaa,0xaa,0xaa,
	0x6a,0x6a,0x6a,0x6a,0x6a,0x6a,0x6a,0x6a,0x6a,0x6a,0x6a,0x6a,0x6a,0x6a,0x6a,0x6a,
	0x6a,0x6a,0x6a,0x6a,0x6a,0x6a,0x6a,0x6a,0x6a,0x6a,0x6a,0x6a,0x6a,0x6a,0x6a,0x6a,
	0x6a,0x6a,0x6a,0x6a,0x6a,0x6a,0x6a,0x6a,0x29,0x29,0x29,0x29,0x29,0x29,0x29,0x29,
	0x29,0x29,0x29,0x29,0x29,0x29,0x29,0x29,0x29,0x29,0x29,0x29,0x29,0x29,0x29,0x29,
	0x29,0x29,0x29,0x29,0x29,0x29,0x29,0x29,0x29,0x29,0x29,0x29,0x29,0x29,0x29,0x29,
	0xd2,0xd2,0xd2,0xd2,0xd2,0xd2,0xd2,0xd2,0xd2,0xd2,0xd2,0xd2,0xd2,0xd2,0xd2,0xd2,
	0xd2,0xd2,0xd2,0xd2,0xd2,0xd2,0xd2,0xd2,0xd2,0xd2,0xd2,0xd2,0xd2,0xd2,0xd2,0xd2,
	0xd2,0xd2,0xd2,0xd2,0xd2,0xd2,0xd2,0xd2,0x91,0x91,0x91,0x91,0x91,0x91,0x91,0x91,
	0x91,0x91,0x91,0x91,0x91,0x91,0x91,0x91,0x91,0x91,0x91,0x91,0x91,0x91,0x91,0x91,
	0x91,0x91,0x91,0x91,0x91,0x91,0x91,0x91,0x91,0x91,0x91,0x91,0x91,0x91,0x91,0x91,
	0x51,0x50,0x51,0x52,0x52,0x52,0x50,0x51,0x51,0x51,0x51,0x51,0x50,0x51,0x51,0x51,
	0x51,0x52,0x52,0x52,0x52,0x52,0x52,0x52,0x52,0x52,0x52,0x52,0x52,0x52,0x52,0x52,
	0x50,0x51,0x50,0x51,0xaa,0xa9,0xab,0xa7,0xeb,0xeb,0xeb,0xeb,0xeb,0xeb,0xeb,0xeb,
	0xeb,0xeb,0xeb,0xeb,0xeb,0xeb,0xeb,0xeb,0xeb,0xeb,0xeb,0xeb,0xeb,0xeb,0xeb,0xeb,
	0xeb,0xeb,0xeb,0xeb,0xeb,0xeb,0xeb,0xeb,0xeb,0xeb,0xeb,0xeb,0xeb,0xeb,0xeb,0xeb,
	0x10,0x10,0x10,0x10,0x10,0x10,0x10,0x10,0x10,0x10,0x10,0x10,0x10,0x10,0x10,0x10,
	0x10,0x10,0x10,0x10,0x10,0x10,0x10,0x10,0x10,0x10,0x10,0x10,0x10,0x10,0x10,0x10,
	0x10,0x10,0x10,0x10,0x10,0x10,0x10,0x10,0x51,0x51,0x51,0x51,0xac,0xab,0xa7,0xab,
	0xaa,0xab,0xaa,0xaa,0xaa,0xaa,0xaa,0xaa,0xaa,0xaa,0xaa,0xaa,0xaa,0xaa,0xaa,0xaa,
	0xaa,0xaa,0xaa,0xaa,0xaa,0xaa,0xaa,0xaa,0xaa,0xaa,0xaa,0xaa,0xaa,0xaa,0xaa,0xaa,
	0x6a,0x6a,0x6a,0x6a,0x6a,0x6a,0x6a,0x6a,0x6a,0x6a,0x6a,0x6a,0x6a,0x6a,0x6a,0x6a,
	0x6a,0x6a,0x6a,0x6a,0x6a,0x6a,0x6a,0x6a,0x6a,0x6a,0x6a,0x6a,0x6a,0x6a,0x6a,0x6a,
	0x6a,0x6a,0x6a,0x6a,0x6a,0x6a,0x6a,0x6a,0x29,0x29,0x29,0x29,0x29,0x29,0x29,0x29,
	0x29,0x29,0x29,0x29,0x29,0x29,0x29,0x29,0x29,0x29,0x29,0x29,0x29,0x29,0x29,0x29,
	0x29,0x29,0x29,0x29,0x29,0x29,0x29,0x29,0x29,0x29,0x29,0x29,0x29,0x29,0x29,0x29,
	0xd2,0xd2,0xd2,0xd2,0xd2,0xd2,0xd2,0xd2,0xd2,0xd2,0xd2,0xd2,0xd2,0xd2,0xd2,0xd2,
	0xd2,0xd2,0xd2,0xd2,0xd2,0xd2,0xd2,0xd2,0xd2,0xd2,0xd2,0xd2,0xd2,0xd2,0xd2,0xd2,
	0xd2,0xd2,0xd2,0xd2,0xd2,0xd2,0xd2,0xd2,0x91,0x91,0x91,0x91,0x91,0x91,0x91,0x91,
	0x91,0x91,0x91,0x91,0x91,0x91,0x91,0x91,0x91,0x91,0x91,0x91,0x91,0x91,0x91,0x91,
	0x91,0x91,0x91,0x91,0x91,0x91,0x91,0x91,0x91,0x91,0x91,0x91,0x91,0x91,0x91,0x91,
	0x51,0x50,0x51,0x52,0x52,0x52,0x50,0x51,0x51,0x51,0x51,0x51,0x50,0x51,0x51,0x51,
	0x51,0x52,0x52,0x52,0x52,0x52,0x52,0x52,0x52,0x52,0x52,0x52,0x52,0x52,0x52,0x52,
	0x50,0x49,0x53,0x50,0x5c,0xaf,0xad,0xac,0xeb,0xeb,0xeb,0xeb,0xeb,0xeb,0xeb,0xeb,
	0xeb,0xeb,0xeb,0xeb,0xeb,0xeb,0xeb,0xeb,0xeb,0xeb,0xeb,0xeb,0xeb,0xeb,0xeb,0xeb,
	0xeb,0xeb,0xeb,0xeb,0xeb,0xeb,0xeb,0xeb,0xeb,0xeb,0xeb,0xeb,0xeb,0xeb,0xeb,0xeb,
	0x10,0x10,0x10,0x10,0x10,0x10,0x10,0x10,0x10,0x10,0x10,0x10,0x10,0x10,0x10,0x10,
	0x10,0x10,0x10,0x10,0x10,0x10,0x10,0x10,0x10,0x10,0x10,0x10,0x10,0x10,0x10,0x10,
	0x10,0x10,0x10,0x10,0x10,0x10,0x10,0x10,0x51,0x51,0x51,0x51,0xaa,0xa8,0xa4,0xab,
	0xab,0xaa,0xaa,0xaa,0xaa,0xaa,0xaa,0xaa,0xaa,0xaa,0xaa,0xaa,0xaa,0xaa,0xaa,0xaa,
	0xaa,0xaa,0xaa,0xaa,0xaa,0xaa,0xaa,0xaa,0xaa,0xaa,0xaa,0xaa,0xaa,0xaa,0xaa,0xaa,
	0x6a,0x6a,0x6a,0x6a,0x6a,0x6a,0x6a,0x6a,0x6a,0x6a,0x6a,0x6a,0x6a,0x6a,0x6a,0x6a,
	0x6a,0x6a,0x6a,0x6a,0x6a,0x6a,0x6a,0x6a,0x6a,0x6a,0x6a,0x6a,0x6a,0x6a,0x6a,0x6a,
	0x6a,0x6a,0x6a,0x6a,0x6a,0x6a,0x6a,0x6a,0x29,0x29,0x29,0x29,0x29,0x29,0x29,0x29,
	0x29,0x29,0x29,0x29,0x29,0x29,0x29,0x29,0x29,0x29,0x29,0x29,0x29,0x29,0x29,0x29,
	0x29,0x29,0x29,0x29,0x29,0x29,0x29,0x29,0x29,0x29,0x29,0x29,0x29,0x29,0x29,0x29,
	0xd2,0xd2,0xd2,0xd2,0xd2,0xd2,0xd2,0xd2,0xd2,0xd2,0xd2,0xd2,0xd2,0xd2,0xd2,0xd2,
	0xd2,0xd2,0xd2,0xd2,0xd2,0xd2,0xd2,0xd2,0xd2,0xd2,0xd2,0xd2,0xd2,0xd2,0xd2,0xd2,
	0xd2,0xd2,0xd2,0xd2,0xd2,0xd2,0xd2,0xd2,0x91,0x91,0x91,0x91,0x91,0x91,0x91,0x91,
	0x91,0x91,0x91,0x91,0x91,0x91,0x91,0x91,0x91,0x91,0x91,0x91,0x91,0x91,0x91,0x91,
	0x91,0x91,0x91,0x91,0x91,0x91,0x91,0x91,0x91,0x91,0x91,0x91,0x91,0x91,0x91,0x91,
	0x51,0x50,0x51,0x52,0x52,0x52,0x50,0x51,0x51,0x51,0x51,0x51,0x50,0x51,0x51,0x51,
	0x51,0x52,0x52,0x52,0x52,0x52,0x52,0x52,0x52,0x52,0x52,0x52,0x52,0x52,0x52,0x52,
	0x4b,0x56,0x55,0x53,0x53,0xa8,0xa6,0xa7,0xeb,0xeb,0xeb,0xeb,0xeb,0xeb,0xeb,0xeb,
	0xeb,0xeb,0xeb,0xeb,0xeb,0xeb,0xeb,0xeb,0xeb,0xeb,0xeb,0xeb,0xeb,0xeb,0xeb,0xeb,
	0xeb,0xeb,0xeb,0xeb,0xeb,0xeb,0xeb,0xeb,0xeb,0xeb,0xeb,0xeb,0xeb,0xeb,0xeb,0xeb,
	0x10,0x10,0x10,0x10,0x10,0x10,0x10,0x10,0x10,0x10,0x10,0x10,0x10,0x10,0x10,0x10,
	0x10,0x10,0x10,0x10,0x10,0x10,0x10,0x10,0x10,0x10,0x10,0x10,0x10,0x10,0x10,0x10,
	0x10,0x10,0x10,0x10,0x10,0x10,0x10,0x10,0x51,0x54,0x53,0xad,0xab,0xaa,0xa8,0xaa,
	0xab,0xaa,0xaa,0xaa,0xaa,0xaa,0xaa,0xaa,0xaa,0xaa,0xaa,0xaa,0xaa,0xaa,0xaa,0xaa,
	0xaa,0xaa,0xaa,0xaa,0xaa,0xaa,0xaa,0xaa,0xaa,0xaa,0xaa,0xaa,0xaa,0xaa,0xaa,0xaa,
	0x6a,0x6a,0x6a,0x6a,0x6a,0x6a,0x6a,0x6a,0x6a,0x6a,0x6a,0x6a,0x6a,0x6a,0x6a,0x6a,
	0x6a,0x6a,0x6a,0x6a,0x6a,0x6a,0x6a,0x6a,0x6a,0x6a,0x6a,0x6a,0x6a,0x6a,0x6a,0x6a,
	0x6a,0x6a,0x6a,0x6a,0x6a,0x6a,0x6a,0x6a,0x29,0x29,0x29,0x29,0x29,0x29,0x29,0x29,
	0x29,0x29,0x29,0x29,0x29,0x29,0x29,0x29,0x29,0x29,0x29,0x29,0x29,0x29,0x29,0x29,
	0x29,0x29,0x29,0x29,0x29,0x29,0x29,0x29,0x29,0x29,0x29,0x29,0x29,0x29,0x29,0x29,
	0xd2,0xd2,0xd2,0xd2,0xd2,0xd2,0xd2,0xd2,0xd2,0xd2,0xd2,0xd2,0xd2,0xd2,0xd2,0xd2,
	0xd2,0xd2,0xd2,0xd2,0xd2,0xd2,0xd2,0xd2,0xd2,0xd2,0xd2,0xd2,0xd2,0xd2,0xd2,0xd2,
	0xd2,0xd2,0xd2,0xd2,0xd2,0xd2,0xd2,0xd2,0x91,0x91,0x91,0x91,0x91,0x91,0x91,0x91,
	0x91,0x91,0x91,0x91,0x91,0x91,0x91,0x91,0x91,0x91,0x91,0x91,0x91,0x91,0x91,0x91,
	0x91,0x91,0x91,0x91,0x91,0x91,0x91,0x91,0x91,0x91,0x91,0x91,0x91,0x91,0x91,0x91,
	0x51,0x50,0x51,0x52,0x52,0x52,0x50,0x51,0x51,0x51,0x51,0x51,0x50,0x51,0x51,0x51,
	0x51,0x52,0x52,0x52,0x52,0x52,0x52,0x52,0x52,0x52,0x52,0x52,0x52,0x52,0x52,0x52,
	0x52,0x52,0x52,0x52,0x4f,0x50,0xa9,0xac,0xeb,0xeb,0xeb,0xeb,0xeb,0xeb,0xeb,0xeb,
	0xeb,0xeb,0xeb,0xeb,0xeb,0xeb,0xeb,0xeb,0xeb,0xeb,0xeb,0xeb,0xeb,0xeb,0xeb,0xeb,
	0xeb,0xeb,0xeb,0xeb,0xeb,0xeb,0xeb,0xeb,0xeb,0xeb,0xeb,0xeb,0xeb,0xeb,0xeb,0xeb,
	0x10,0x10,0x10,0x10,0x10,0x10,0x10,0x10,0x10,0x10,0x10,0x10,0x10,0x10,0x10,0x10,
	0x10,0x10,0x10,0x10,0x10,0x10,0x10,0x10,0x10,0x10,0x10,0x10,0x10,0x10,0x10,0x10,
	0x10,0x10,0x10,0x10,0x10,0x10,0x10,0x10,0x4e,0x51,0xa8,0xaa,0xa9,0xa9,0xa8,0xaa,
	0xaa,0xaa,0xaa,0xaa,0xaa,0xaa,0xaa,0xaa,0xaa,0xaa,0xaa,0xaa,0xaa,0xaa,0xaa,0xaa,
	0xaa,0xaa,0xaa,0xaa,0xaa,0xaa,0xaa,0xaa,0xaa,0xaa,0xaa,0xaa,0xaa,0xaa,0xaa,0xaa,
	0x6a,0x6a,0x6a,0x6a,0x6a,0x6a,0x6a,0x6a,0x6a,0x6a,0x6a,0x6a,0x6a,0x6a,0x6a,0x6a,
	0x6a,0x6a,0x6a,0x6a,0x6a,0x6a,0x6a,0x6a,0x6a,0x6a,0x6a,0x6a,0x6a,0x6a,0x6a,0x6a,
	0x6a,0x6a,0x6a,0x6a,0x6a,0x6a,0x6a,0x6a,0x29,0x29,0x29,0x29,0x29,0x29,0x29,0x29,
	0x29,0x29,0x29,0x29,0x29,0x29,0x29,0x29,0x29,0x29,0x29,0x29,0x29,0x29,0x29,0x29,
	0x29,0x29,0x29,0x29,0x29,0x29,0x29,0x29,0x29,0x29,0x29,0x29,0x29,0x29,0x29,0x29,
	0xd2,0xd2,0xd2,0xd2,0xd2,0xd2,0xd2,0xd2,0xd2,0xd2,0xd2,0xd2,0xd2,0xd2,0xd2,0xd2,
	0xd2,0xd2,0xd2,0xd2,0xd2,0xd2,0xd2,0xd2,0xd2,0xd2,0xd2,0xd2,0xd2,0xd2,0xd2,0xd2,
	0xd2,0xd2,0xd2,0xd2,0xd2,0xd2,0xd2,0xd2,0x91,0x91,0x91,0x91,0x91,0x91,0x91,0x91,
	0x91,0x91,0x91,0x91,0x91,0x91,0x91,0x91,0x91,0x91,0x91,0x91,0x91,0x91,0x91,0x91,
	0x91,0x91,0x91,0x91,0x91,0x91,0x91,0x91,0x91,0x91,0x91,0x91,0x91,0x91,0x91,0x91,
	0x51,0x50,0x51,0x52,0x52,0x52,0x50,0x51,0x51,0x51,0x51,0x51,0x50,0x51,0x51,0x51,
	0x51,0x52,0x52,0x52,0x52,0x52,0x52,0x52,0x52,0x52,0x52,0x52,0x52,0x52,0x52,0x52,
	0x52,0x52,0x52,0x52,0x4f,0x4b,0x55,0xab,0xeb,0xeb,0xeb,0xeb,0xeb,0xeb,0xeb,0xeb,
	0xeb,0xeb,0xeb,0xeb,0xeb,0xeb,0xeb,0xeb,0xeb,0xeb,0xeb,0xeb,0xeb,0xeb,0xeb,0xeb,
	0xeb,0xeb,0xeb,0xeb,0xeb,0xeb,0xeb,0xeb,0xeb,0xeb,0xeb,0xeb,0xeb,0xeb,0xeb,0xeb,
	0x10,0x10,0x10,0x10,0x10,0x10,0x10,0x10,0x10,0x10,0x10,0x10,0x10,0x10,0x10,0x10,
	0x10,0x10,0x10,0x10,0x10,0x10,0x10,0x10,0x10,0x10,0x10,0x10,0x10,0x10,0x10,0x10,
	0x10,0x10,0x10,0x10,0x10,0x10,0x10,0x10,0x4f,0x59,0xa9,0xa7,0xa8,0xa8,0xa8,0xa9,
	0xaa,0xaa,0xaa,0xaa,0xaa,0xaa,0xaa,0xaa,0xaa,0xaa,0xaa,0xaa,0xaa,0xaa,0xaa,0xaa,
	0xaa,0xaa,0xaa,0xaa,0xaa,0xaa,0xaa,0xaa,0xaa,0xaa,0xaa,0xaa,0xaa,0xaa,0xaa,0xaa,
	0x6a,0x6a,0x6a,0x6a,0x6a,0x6a,0x6a,0x6a,0x6a,0x6a,0x6a,0x6a,0x6a,0x6a,0x6a,0x6a,
	0x6a,0x6a,0x6a,0x6a,0x6a,0x6a,0x6a,0x6a,0x6a,0x6a,0x6a,0x6a,0x6a,0x6a,0x6a,0x6a,
	0x6a,0x6a,0x6a,0x6a,0x6a,0x6a,0x6a,0x6a,0x29,0x29,0x29,0x29,0x29,0x29,0x29,0x29,
	0x29,0x29,0x29,0x29,0x29,0x29,0x29,0x29,0x29,0x29,0x29,0x29,0x29,0x29,0x29,0x29,
	0x29,0x29,0x29,0x29,0x29,0x29,0x29,0x29,0x29,0x29,0x29,0x29,0x29,0x29,0x29,0x29,
	0xd2,0xd2,0xd2,0xd2,0xd2,0xd2,0xd2,0xd2,0xd2,0xd2,0xd2,0xd2,0xd2,0xd2,0xd2,0xd2,
	0xd2,0xd2,0xd2,0xd2,0xd2,0xd2,0xd2,0xd2,0xd2,0xd2,0xd2,0xd2,0xd2,0xd2,0xd2,0xd2,
	0xd2,0xd2,0xd2,0xd2,0xd2,0xd2,0xd2,0xd2,0x91,0x91,0x91,0x91,0x91,0x91,0x91,0x91,
	0x91,0x91,0x91,0x91,0x91,0x91,0x91,0x91,0x91,0x91,0x91,0x91,0x91,0x91,0x91,0x91,
	0x91,0x91,0x91,0x91,0x91,0x91,0x91,0x91,0x91,0x91,0x91,0x91,0x91,0x91,0x91,0x91,
	0x51,0x50,0x51,0x52,0x52,0x52,0x50,0x51,0x51,0x51,0x51,0x51,0x50,0x51,0x51,0x51,
	0x51,0x52,0x52,0x52,0x52,0x52,0x52,0x52,0x52,0x52,0x52,0x52,0x52,0x52,0x52,0x52,
	0x52,0x52,0x52,0x52,0x55,0x50,0x4f,0xa5,0xeb,0xeb,0xec,0xeb,0xeb,0xeb,0xeb,0xeb,
	0xeb,0xeb,0xeb,0xeb,0xeb,0xeb,0xeb,0xeb,0xeb,0xeb,0xeb,0xeb,0xeb,0xeb,0xeb,0xeb,
	0xeb,0xeb,0xeb,0xeb,0xeb,0xeb,0xeb,0xeb,0xeb,0xeb,0xeb,0xeb,0xeb,0xeb,0xeb,0xeb,
	0x10,0x10,0x10,0x10,0x10,0x10,0x10,0x10,0x10,0x10,0x10,0x10,0x10,0x10,0x10,0x10,
	0x10,0x10,0x10,0x10,0x10,0x10,0x10,0x10,0x10,0x10,0x10,0x10,0x10,0x10,0x10,0x10,
	0x10,0x10,0x10,0x10,0x10,0x10,0x10,0x10,0x53,0xa7,0xa6,0xa7,0xa8,0xa8,0xa9,0xa9,
	0xaa,0xaa,0xaa,0xaa,0xaa,0xaa,0xaa,0xaa,0xaa,0xaa,0xaa,0xaa,0xaa,0xaa,0xaa,0xaa,
	0xaa,0xaa,0xaa,0xaa,0xaa,0xaa,0xaa,0xaa,0xaa,0xaa,0xaa,0xaa,0xaa,0xaa,0xaa,0xaa,
	0x6a,0x6a,0x6a,0x6a,0x6a,0x6a,0x6a,0x6a,0x6a,0x6a,0x6a,0x6a,0x6a,0x6a,0x6a,0x6a,
	0x6a,0x6a,0x6a,0x6a,0x6a,0x6a,0x6a,0x6a,0x6a,0x6a,0x6a,0x6a,0x6a,0x6a,0x6a,0x6a,
	0x6a,0x6a,0x6a,0x6a,0x6a,0x6a,0x6a,0x6a,0x29,0x29,0x29,0x29,0x29,0x29,0x29,0x29,
	0x29,0x29,0x29,0x29,0x29,0x29,0x29,0x29,0x29,0x29,0x29,0x29,0x29,0x29,0x29,0x29,
	0x29,0x29,0x29,0x29,0x29,0x29,0x29,0x29,0x29,0x29,0x29,0x29,0x29,0x29,0x29,0x29,
	0xd2,0xd2,0xd2,0xd2,0xd2,0xd2,0xd2,0xd2,0xd2,0xd2,0xd2,0xd2,0xd2,0xd2,0xd2,0xd2,
	0xd2,0xd2,0xd2,0xd2,0xd2,0xd2,0xd2,0xd2,0xd2,0xd2,0xd2,0xd2,0xd2,0xd2,0xd2,0xd2,
	0xd2,0xd2,0xd2,0xd2,0xd2,0xd2,0xd2,0xd2,0x91,0x91,0x91,0x91,0x91,0x91,0x91,0x91,
	0x91,0x91,0x91,0x91,0x91,0x91,0x91,0x91,0x91,0x91,0x91,0x91,0x91,0x91,0x91,0x91,
	0x91,0x91,0x91,0x91,0x91,0x91,0x91,0x91,0x91,0x91,0x91,0x91,0x91,0x91,0x91,0x91,
	0x51,0x50,0x51,0x52,0x52,0x52,0x50,0x51,0x51,0x51,0x51,0x51,0x50,0x51,0x51,0x51,
	0x51,0x52,0x52,0x52,0x52,0x52,0x52,0x52,0x52,0x52,0x52,0x52,0x52,0x52,0x52,0x52,
	0x52,0x52,0x52,0x52,0x4e,0x50,0x4c,0x57,0xeb,0xec,0xed,0xec,0xeb,0xeb,0xeb,0xeb,
	0xeb,0xeb,0xeb,0xeb,0xeb,0xeb,0xeb,0xeb,0xeb,0xeb,0xeb,0xeb,0xeb,0xeb,0xeb,0xeb,
	0xeb,0xeb,0xeb,0xeb,0xeb,0xeb,0xeb,0xeb,0xeb,0xeb,0xeb,0xeb,0xeb,0xeb,0xeb,0xeb,
	0x10,0x10,0x10,0x10,0x10,0x10,0x10,0x10,0x10,0x10,0x10,0x10,0x10,0x10,0x10,0x10,
	0x10,0x10,0x10,0x10,0x10,0x10,0x10,0x10,0x10,0x10,0x10,0x10,0x10,0x10,0x10,0x10,
	0x10,0x10,0x10,0x10,0x0e,0x0f,0x13,0x10,0xaa,0xa9,0xa7,0xa8,0xa8,0xa8,0xa9,0xaa,
	0xaa,0xaa,0xaa,0xaa,0xaa,0xaa,0xaa,0xaa,0xaa,0xaa,0xaa,0xaa,0xaa,0xaa,0xaa,0xaa,
	0xaa,0xaa,0xaa,0xaa,0xaa,0xaa,0xaa,0xaa,0xaa,0xaa,0xaa,0xaa,0xaa,0xaa,0xaa,0xaa,
	0x6a,0x6a,0x6a,0x6a,0x6a,0x6a,0x6a,0x6a,0x6a,0x6a,0x6a,0x6a,0x6a,0x6a,0x6a,0x6a,
	0x6a,0x6a,0x6a,0x6a,0x6a,0x6a,0x6a,0x6a,0x6a,0x6a,0x6a,0x6a,0x6a,0x6a,0x6a,0x6a,
	0x6a,0x6a,0x6a,0x6a,0x6a,0x6a,0x6a,0x6a,0x29,0x29,0x29,0x29,0x29,0x29,0x29,0x29,
	0x29,0x29,0x29,0x29,0x29,0x29,0x29,0x29,0x29,0x29,0x29,0x29,0x29,0x29,0x29,0x29,
	0x29,0x29,0x29,0x29,0x29,0x29,0x29,0x29,0x29,0x29,0x29,0x29,0x29,0x29,0x29,0x29,
	0xd2,0xd2,0xd2,0xd2,0xd2,0xd2,0xd2,0xd2,0xd2,0xd2,0xd2,0xd2,0xd2,0xd2,0xd2,0xd2,
	0xd2,0xd2,0xd2,0xd2,0xd2,0xd2,0xd2,0xd2,0xd2,0xd2,0xd2,0xd2,0xd2,0xd2,0xd2,0xd2,
	0xd2,0xd2,0xd2,0xd2,0xd2,0xd2,0xd2,0xd2,0x91,0x91,0x91,0x91,0x91,0x91,0x91,0x91,
	0x91,0x91,0x91,0x91,0x91,0x91,0x91,0x91,0x91,0x91,0x91,0x91,0x91,0x91,0x91,0x91,
	0x91,0x91,0x91,0x91,0x91,0x91,0x91,0x91,0x91,0x91,0x91,0x91,0x91,0x91,0x91,0x91,
	0x51,0x51,0x52,0x52,0x52,0x51,0x51,0x51,0x51,0x51,0x51,0x51,0x51,0x51,0x51,0x51,
	0x51,0x51,0x51,0x51,0x51,0x51,0x51,0x51,0x51,0x51,0x51,0x51,0x51,0x51,0x51,0x51,
	0x51,0x51,0x51,0x51,0x51,0x51,0x51,0x51,0x18,0xea,0xef,0xec,0xeb,0xeb,0xeb,0xeb,
	0xeb,0xeb,0xeb,0xeb,0xeb,0xeb,0xeb,0xeb,0xeb,0xeb,0xeb,0xeb,0xeb,0xeb,0xeb,0xeb,
	0xeb,0xeb,0xeb,0xeb,0xeb,0xeb,0xeb,0xeb,0xeb,0xeb,0xeb,0xeb,0xeb,0xeb,0xeb,0xeb,
	0x10,0x10,0x10,0x10,0x10,0x10,0x10,0x10,0x10,0x10,0x10,0x10,0x10,0x10,0x10,0x10,
	0x10,0x10,0x10,0x10,0x10,0x10,0x10,0x10,0x10,0x10,0x10,0x10,0x10,0x10,0x10,0x10,
	0x10,0x10,0x10,0x10,0x13,0x0f,0x16,0x13,0xa7,0xa8,0xaa,0xaa,0xa9,0xa9,0xa9,0xaa,
	0xaa,0xaa,0xaa,0xaa,0xaa,0xaa,0xaa,0xaa,0xaa,0xaa,0xaa,0xaa,0xaa,0xaa,0xaa,0xaa,
	0xaa,0xaa,0xaa,0xaa,0xaa,0xaa,0xaa,0xaa,0xaa,0xaa,0xaa,0xaa,0xaa,0xaa,0xaa,0xaa,
	0x6a,0x6a,0x6a,0x6a,0x6a,0x6a,0x6a,0x6a,0x6a,0x6a,0x6a,0x6a,0x6a,0x6a,0x6a,0x6a,
	0x6a,0x6a,0x6a,0x6a,0x6a,0x6a,0x6a,0x6a,0x6a,0x6a,0x6a,0x6a,0x6a,0x6a,0x6a,0x6a,
	0x6a,0x6a,0x6a,0x6a,0x6a,0x6a,0x6a,0x6a,0x29,0x29,0x29,0x29,0x29,0x29,0x29,0x29,
	0x29,0x29,0x29,0x29,0x29,0x29,0x29,0x29,0x29,0x29,0x29,0x29,0x29,0x29,0x29,0x29,
	0x29,0x29,0x29,0x29,0x29,0x29,0x29,0x29,0x29,0x29,0x29,0x29,0x29,0x29,0x29,0x29,
	0xd2,0xd2,0xd2,0xd2,0xd2,0xd2,0xd2,0xd2,0xd2,0xd2,0xd2,0xd2,0xd2,0xd2,0xd2,0xd2,
	0xd2,0xd2,0xd2,0xd2,0xd2,0xd2,0xd2,0xd2,0xd2,0xd2,0xd2,0xd2,0xd2,0xd2,0xd2,0xd2,
	0xd2,0xd2,0xd2,0xd2,0xd2,0xd2,0xd2,0xd2,0x91,0x91,0x91,0x91,0x91,0x91,0x91,0x91,
	0x91,0x91,0x91,0x91,0x91,0x91,0x91,0x91,0x91,0x91,0x91,0x91,0x91,0x91,0x91,0x91,
	0x91,0x91,0x91,0x91,0x91,0x91,0x91,0x91,0x91,0x91,0x91,0x91,0x91,0x91,0x91,0x91,
	0x51,0x52,0x52,0x52,0x51,0x51,0x51,0x51,0x51,0x51,0x51,0x51,0x51,0x51,0x51,0x51,
	0x51,0x51,0x51,0x51,0x51,0x51,0x51,0x51,0x51,0x51,0x51,0x51,0x51,0x51,0x51,0x51,
	0x51,0x51,0x51,0x51,0x51,0x51,0x51,0x51,0x15,0xe7,0xe7,0xed,0xeb,0xeb,0xeb,0xeb,
	0xeb,0xeb,0xeb,0xeb,0xeb,0xeb,0xeb,0xeb,0xeb,0xeb,0xeb,0xeb,0xeb,0xeb,0xeb,0xeb,
	0xeb,0xeb,0xeb,0xeb,0xeb,0xeb,0xeb,0xeb,0xeb,0xeb,0xeb,0xeb,0xeb,0xeb,0xeb,0xeb,
	0x10,0x10,0x10,0x10,0x10,0x10,0x10,0x10,0x10,0x10,0x10,0x10,0x10,0x10,0x10,0x10,
	0x10,0x10,0x10,0x10,0x10,0x10,0x10,0x10,0x10,0x10,0x10,0x10,0x10,0x10,0x10,0x10,
	0x10,0x10,0x10,0x10,0x0f,0x10,0x11,0xe9,0xa7,0xaa,0xab,0xac,0xab,0xaa,0xaa,0xaa,
	0xaa,0xaa,0xaa,0xaa,0xaa,0xaa,0xaa,0xaa,0xaa,0xaa,0xaa,0xaa,0xaa,0xaa,0xaa,0xaa,
	0xaa,0xaa,0xaa,0xaa,0xaa,0xaa,0xaa,0xaa,0xaa,0xaa,0xaa,0xaa,0xaa,0xaa,0xaa,0xaa,
	0x6a,0x6a,0x6a,0x6a,0x6a,0x6a,0x6a,0x6a,0x6a,0x6a,0x6a,0x6a,0x6a,0x6a,0x6a,0x6a,
	0x6a,0x6a,0x6a,0x6a,0x6a,0x6a,0x6a,0x6a,0x6a,0x6a,0x6a,0x6a,0x6a,0x6a,0x6a,0x6a,
	0x6a,0x6a,0x6a,0x6a,0x6a,0x6a,0x6a,0x6a,0x29,0x29,0x29,0x29,0x29,0x29,0x29,0x29,
	0x29,0x29,0x29,0x29,0x29,0x29,0x29,0x29,0x29,0x29,0x29,0x29,0x29,0x29,0x29,0x29,
	0x29,0x29,0x29,0x29,0x29,0x29,0x29,0x29,0x29,0x29,0x29,0x29,0x29,0x29,0x29,0x29,
	0xd2,0xd2,0xd2,0xd2,0xd2,0xd2,0xd2,0xd2,0xd2,0xd2,0xd2,0xd2,0xd2,0xd2,0xd2,0xd2,
	0xd2,0xd2,0xd2,0xd2,0xd2,0xd2,0xd2,0xd2,0xd2,0xd2,0xd2,0xd2,0xd2,0xd2,0xd2,0xd2,
	0xd2,0xd2,0xd2,0xd2,0xd2,0xd2,0xd2,0xd2,0x91,0x91,0x91,0x91,0x91,0x91,0x91,0x91,
	0x91,0x91,0x91,0x91,0x91,0x91,0x91,0x91,0x91,0x91,0x91,0x91,0x91,0x91,0x91,0x91,
	0x91,0x91,0x91,0x91,0x91,0x91,0x91,0x91,0x91,0x91,0x91,0x91,0x91,0x91,0x91,0x91,
	0x52,0x52,0x52,0x51,0x51,0x51,0x51,0x51,0x51,0x51,0x51,0x51,0x51,0x51,0x51,0x51,
	0x51,0x51,0x51,0x51,0x51,0x51,0x51,0x51,0x51,0x51,0x51,0x51,0x51,0x51,0x51,0x51,
	0x51,0x51,0x51,0x51,0x51,0x51,0x51,0x51,0x11,0x15,0xe7,0xeb,0xec,0xeb,0xeb,0xeb,
	0xeb,0xeb,0xeb,0xeb,0xeb,0xeb,0xeb,0xeb,0xeb,0xeb,0xeb,0xeb,0xeb,0xeb,0xeb,0xeb,
	0xeb,0xeb,0xeb,0xeb,0xeb,0xeb,0xeb,0xeb,0xeb,0xeb,0xeb,0xeb,0xeb,0xeb,0xeb,0xeb,
	0x10,0x10,0x10,0x10,0x10,0x10,0x10,0x10,0x10,0x10,0x10,0x10,0x10,0x10,0x10,0x10,
	0x10,0x10,0x10,0x10,0x10,0x10,0x10,0x10,0x10,0x10,0x10,0x10,0x10,0x10,0x10,0x10,
	0x10,0x10,0x10,0x10,0x14,0x12,0x18,0xeb,0xa9,0xaa,0xac,0xae,0xab,0xaa,0xaa,0xaa,
	0xaa,0xaa,0xaa,0xaa,0xaa,0xaa,0xaa,0xaa,0xaa,0xaa,0xaa,0xaa,0xaa,0xaa,0xaa,0xaa,
	0xaa,0xaa,0xaa,0xaa,0xaa,0xaa,0xaa,0xaa,0xaa,0xaa,0xaa,0xaa,0xaa,0xaa,0xaa,0xaa,
	0x6a,0x6a,0x6a,0x6a,0x6a,0x6a,0x6a,0x6a,0x6a,0x6a,0x6a,0x6a,0x6a,0x6a,0x6a,0x6a,
	0x6a,0x6a,0x6a,0x6a,0x6a,0x6a,0x6a,0x6a,0x6a,0x6a,0x6a,0x6a,0x6a,0x6a,0x6a,0x6a,
	0x6a,0x6a,0x6a,0x6a,0x6a,0x6a,0x6a,0x6a,0x29,0x29,0x29,0x29,0x29,0x29,0x29,0x29,
	0x29,0x29,0x29,0x29,0x29,0x29,0x29,0x29,0x29,0x29,0x29,0x29,0x29,0x29,0x29,0x29,
	0x29,0x29,0x29,0x29,0x29,0x29,0x29,0x29,0x29,0x29,0x29,0x29,0x29,0x29,0x29,0x29,
	0xd2,0xd2,0xd2,0xd2,0xd2,0xd2,0xd2,0xd2,0xd2,0xd2,0xd2,0xd2,0xd2,0xd2,0xd2,0xd2,
	0xd2,0xd2,0xd2,0xd2,0xd2,0xd2,0xd2,0xd2,0xd2,0xd2,0xd2,0xd2,0xd2,0xd2,0xd2,0xd2,
	0xd2,0xd2,0xd2,0xd2,0xd2,0xd2,0xd2,0xd2,0x91,0x91,0x91,0x91,0x91,0x91,0x91,0x91,
	0x91,0x91,0x91,0x91,0x91,0x91,0x91,0x91,0x91,0x91,0x91,0x91,0x91,0x91,0x91,0x91,
	0x91,0x91,0x91,0x91,0x91,0x91,0x91,0x91,0x91,0x91,0x91,0x91,0x91,0x91,0x91,0x91,
	0x52,0x52,0x51,0x51,0x51,0x51,0x51,0x51,0x51,0x51,0x51,0x51,0x51,0x51,0x51,0x51,
	0x51,0x51,0x51,0x51,0x51,0x51,0x51,0x51,0x51,0x51,0x51,0x51,0x51,0x51,0x51,0x51,
	0x51,0x51,0x51,0x51,0x51,0x51,0x51,0x51,0x13,0x0e,0xe7,0xe8,0xec,0xeb,0xeb,0xeb,
	0xeb,0xeb,0xeb,0xeb,0xeb,0xeb,0xeb,0xeb,0xeb,0xeb,0xeb,0xeb,0xeb,0xeb,0xeb,0xeb,
	0xeb,0xeb,0xeb,0xeb,0xeb,0xeb,0xeb,0xeb,0xeb,0xeb,0xeb,0xeb,0xeb,0xeb,0xeb,0xeb,
	0x10,0x10,0x10,0x10,0x10,0x10,0x10,0x10,0x10,0x10,0x10,0x10,0x10,0x10,0x10,0x10,
	0x10,0x10,0x10,0x10,0x10,0x10,0x10,0x10,0x10,0x10,0x10,0x10,0x10,0x10,0x10,0x10,
	0x10,0x10,0x10,0x10,0x0f,0x0c,0xea,0xeb,0xaa,0xab,0xad,0xac,0xaa,0xaa,0xaa,0xaa,
	0xaa,0xaa,0xaa,0xaa,0xaa,0xaa,0xaa,0xaa,0xaa,0xaa,0xaa,0xaa,0xaa,0xaa,0xaa,0xaa,
	0xaa,0xaa,0xaa,0xaa,0xaa,0xaa,0xaa,0xaa,0xaa,0xaa,0xaa,0xaa,0xaa,0xaa,0xaa,0xaa,
	0x6a,0x6a,0x6a,0x6a,0x6a,0x6a,0x6a,0x6a,0x6a,0x6a,0x6a,0x6a,0x6a,0x6a,0x6a,0x6a,
	0x6a,0x6a,0x6a,0x6a,0x6a,0x6a,0x6a,0x6a,0x6a,0x6a,0x6a,0x6a,0x6a,0x6a,0x6a,0x6a,
	0x6a,0x6a,0x6a,0x6a,0x6a,0x6a,0x6a,0x6a,0x29,0x29,0x29,0x29,0x29,0x29,0x29,0x29,
	0x29,0x29,0x29,0x29,0x29,0x29,0x29,0x29,0x29,0x29,0x29,0x29,0x29,0x29,0x29,0x29,
	0x29,0x29,0x29,0x29,0x29,0x29,0x29,0x29,0x29,0x29,0x29,0x29,0x29,0x29,0x29,0x29,
	0xd2,0xd2,0xd2,0xd2,0xd2,0xd2,0xd2,0xd2,0xd2,0xd2,0xd2,0xd2,0xd2,0xd2,0xd2,0xd2,
	0xd2,0xd2,0xd2,0xd2,0xd2,0xd2,0xd2,0xd2,0xd2,0xd2,0xd2,0xd2,0xd2,0xd2,0xd2,0xd2,
	0xd2,0xd2,0xd2,0xd2,0xd2,0xd2,0xd2,0xd2,0x91,0x91,0x91,0x91,0x91,0x91,0x91,0x91,
	0x91,0x91,0x91,0x91,0x91,0x91,0x91,0x91,0x91,0x91,0x91,0x91,0x91,0x91,0x91,0x91,
	0x91,0x91,0x91,0x91,0x91,0x91,0x91,0x91,0x91,0x91,0x91,0x91,0x91,0x91,0x91,0x91,
	0x52,0x51,0x51,0x51,0x51,0x51,0x51,0x51,0x51,0x51,0x51,0x51,0x51,0x51,0x51,0x51,
	0x51,0x51,0x51,0x51,0x51,0x51,0x51,0x51,0x51,0x51,0x51,0x51,0x51,0x51,0x51,0x51,
	0x51,0x51,0x51,0x51,0x51,0x51,0x51,0x51,0x13,0x13,0x13,0xee,0xeb,0xeb,0xeb,0xeb,
	0xeb,0xeb,0xeb,0xeb,0xeb,0xeb,0xeb,0xeb,0xeb,0xeb,0xeb,0xeb,0xeb,0xeb,0xeb,0xeb,
	0xeb,0xeb,0xeb,0xeb,0xeb,0xeb,0xeb,0xeb,0xeb,0xeb,0xeb,0xeb,0xeb,0xeb,0xeb,0xeb,
	0x10,0x10,0x10,0x10,0x10,0x10,0x10,0x10,0x10,0x10,0x10,0x10,0x10,0x10,0x10,0x10,
	0x10,0x10,0x10,0x10,0x10,0x10,0x10,0x10,0x10,0x10,0x10,0x10,0x10,0x10,0x10,0x10,
	0x10,0x10,0x10,0x10,0x0e,0x15,0xed,0xf1,0xaa,0xac,0xae,0xab,0xaa,0xaa,0xaa,0xaa,
	0xaa,0xaa,0xaa,0xaa,0xaa,0xaa,0xaa,0xaa,0xaa,0xaa,0xaa,0xaa,0xaa,0xaa,0xaa,0xaa,
	0xaa,0xaa,0xaa,0xaa,0xaa,0xaa,0xaa,0xaa,0xaa,0xaa,0xaa,0xaa,0xaa,0xaa,0xaa,0xaa,
	0x6a,0x6a,0x6a,0x6a,0x6a,0x6a,0x6a,0x6a,0x6a,0x6a,0x6a,0x6a,0x6a,0x6a,0x6a,0x6a,
	0x6a,0x6a,0x6a,0x6a,0x6a,0x6a,0x6a,0x6a,0x6a,0x6a,0x6a,0x6a,0x6a,0x6a,0x6a,0x6a,
	0x6a,0x6a,0x6a,0x6a,0x6a,0x6a,0x6a,0x6a,0x29,0x29,0x29,0x29,0x29,0x29,0x29,0x29,
	0x29,0x29,0x29,0x29,0x29,0x29,0x29,0x29,0x29,0x29,0x29,0x29,0x29,0x29,0x29,0x29,
	0x29,0x29,0x29,0x29,0x29,0x29,0x29,0x29,0x29,0x29,0x29,0x29,0x29,0x29,0x29,0x29,
	0xd2,0xd2,0xd2,0xd2,0xd2,0xd2,0xd2,0xd2,0xd2,0xd2,0xd2,0xd2,0xd2,0xd2,0xd2,0xd2,
	0xd2,0xd2,0xd2,0xd2,0xd2,0xd2,0xd2,0xd2,0xd2,0xd2,0xd2,0xd2,0xd2,0xd2,0xd2,0xd2,
	0xd2,0xd2,0xd2,0xd2,0xd2,0xd2,0xd2,0xd2,0x91,0x91,0x91,0x91,0x91,0x91,0x91,0x91,
	0x91,0x91,0x91,0x91,0x91,0x91,0x91,0x91,0x91,0x91,0x91,0x91,0x91,0x91,0x91,0x91,
	0x91,0x91,0x91,0x91,0x91,0x91,0x91,0x91,0x91,0x91,0x91,0x91,0x91,0x91,0x91,0x91,
	0x51,0x51,0x51,0x51,0x51,0x51,0x51,0x51,0x51,0x51,0x51,0x51,0x51,0x51,0x51,0x51,
	0x51,0x51,0x51,0x51,0x51,0x51,0x51,0x51,0x51,0x51,0x51,0x51,0x51,0x51,0x51,0x51,
	0x51,0x51,0x51,0x51,0x51,0x51,0x51,0x51,0x12,0x0f,0x12,0xe6,0xeb,0xeb,0xeb,0xeb,
	0xeb,0xeb,0xeb,0xeb,0xeb,0xeb,0xeb,0xeb,0xeb,0xeb,0xeb,0xeb,0xeb,0xeb,0xeb,0xeb,
	0xeb,0xeb,0xeb,0xeb,0xeb,0xeb,0xeb,0xeb,0xeb,0xeb,0xeb,0xeb,0xeb,0xeb,0xeb,0xeb,
	0x10,0x10,0x10,0x10,0x10,0x10,0x10,0x10,0x10,0x10,0x10,0x10,0x10,0x10,0x10,0x10,
	0x10,0x10,0x10,0x10,0x10,0x10,0x10,0x10,0x10,0x10,0x10,0x10,0x10,0x10,0x10,0x10,
	0x10,0x10,0x10,0x10,0x0e,0xe4,0xe7,0xef,0xab,0xac,0xac,0xaa,0xaa,0xaa,0xaa,0xaa,
	0xaa,0xaa,0xaa,0xaa,0xaa,0xaa,0xaa,0xaa,0xaa,0xaa,0xaa,0xaa,0xaa,0xaa,0xaa,0xaa,
	0xaa,0xaa,0xaa,0xaa,0xaa,0xaa,0xaa,0xaa,0xaa,0xaa,0xaa,0xaa,0xaa,0xaa,0xaa,0xaa,
	0x6a,0x6a,0x6a,0x6a,0x6a,0x6a,0x6a,0x6a,0x6a,0x6a,0x6a,0x6a,0x6a,0x6a,0x6a,0x6a,
	0x6a,0x6a,0x6a,0x6a,0x6a,0x6a,0x6a,0x6a,0x6a,0x6a,0x6a,0x6a,0x6a,0x6a,0x6a,0x6a,
	0x6a,0x6a,0x6a,0x6a,0x6a,0x6a,0x6a,0x6a,0x29,0x29,0x29,0x29,0x29,0x29,0x29,0x29,
	0x29,0x29,0x29,0x29,0x29,0x29,0x29,0x29,0x29,0x29,0x29,0x29,0x29,0x29,0x29,0x29,
	0x29,0x29,0x29,0x29,0x29,0x29,0x29,0x29,0x29,0x29,0x29,0x29,0x29,0x29,0x29,0x29,
	0xd2,0xd2,0xd2,0xd2,0xd2,0xd2,0xd2,0xd2,0xd2,0xd2,0xd2,0xd2,0xd2,0xd2,0xd2,0xd2,
	0xd2,0xd2,0xd2,0xd2,0xd2,0xd2,0xd2,0xd2,0xd2,0xd2,0xd2,0xd2,0xd2,0xd2,0xd2,0xd2,
	0xd2,0xd2,0xd2,0xd2,0xd2,0xd2,0xd2,0xd2,0x91,0x91,0x91,0x91,0x91,0x91,0x91,0x91,
	0x91,0x91,0x91,0x91,0x91,0x91,0x91,0x91,0x91,0x91,0x91,0x91,0x91,0x91,0x91,0x91,
	0x91,0x91,0x91,0x91,0x91,0x91,0x91,0x91,0x91,0x91,0x91,0x91,0x91,0x91,0x91,0x91,
	0x51,0x51,0x51,0x51,0x51,0x51,0x51,0x51,0x51,0x51,0x51,0x51,0x51,0x51,0x51,0x51,
	0x51,0x51,0x51,0x51,0x51,0x51,0x51,0x51,0x51,0x51,0x51,0x51,0x51,0x51,0x51,0x51,
	0x51,0x51,0x51,0x51,0x51,0x51,0x51,0x51,0x12,0x0f,0x0f,0x12,0xeb,0xeb,0xeb,0xeb,
	0xeb,0xeb,0xeb,0xeb,0xeb,0xeb,0xeb,0xeb,0xeb,0xeb,0xeb,0xeb,0xeb,0xeb,0xeb,0xeb,
	0xeb,0xeb,0xeb,0xeb,0xeb,0xeb,0xeb,0xeb,0xeb,0xeb,0xeb,0xeb,0xeb,0xeb,0xeb,0xeb,
	0x10,0x10,0x10,0x10,0x10,0x10,0x10,0x10,0x10,0x10,0x10,0x10,0x10,0x10,0x10,0x10,
	0x10,0x10,0x10,0x10,0x10,0x10,0x10,0x10,0x10,0x10,0x10,0x10,0x10,0x10,0x10,0x10,
	0x10,0x10,0x10,0x10,0x14,0xe4,0xe9,0xec,0xac,0xad,0xab,0xaa,0xaa,0xaa,0xaa,0xaa,
	0xaa,0xaa,0xaa,0xaa,0xaa,0xaa,0xaa,0xaa,0xaa,0xaa,0xaa,0xaa,0xaa,0xaa,0xaa,0xaa,
	0xaa,0xaa,0xaa,0xaa,0xaa,0xaa,0xaa,0xaa,0xaa,0xaa,0xaa,0xaa,0xaa,0xaa,0xaa,0xaa,
	0x6a,0x6a,0x6a,0x6a,0x6a,0x6a,0x6a,0x6a,0x6a,0x6a,0x6a,0x6a,0x6a,0x6a,0x6a,0x6a,
	0x6a,0x6a,0x6a,0x6a,0x6a,0x6a,0x6a,0x6a,0x6a,0x6a,0x6a,0x6a,0x6a,0x6a,0x6a,0x6a,
	0x6a,0x6a,0x6a,0x6a,0x6a,0x6a,0x6a,0x6a,0x29,0x29,0x29,0x29,0x29,0x29,0x29,0x29,
	0x29,0x29,0x29,0x29,0x29,0x29,0x29,0x29,0x29,0x29,0x29,0x29,0x29,0x29,0x29,0x29,
	0x29,0x29,0x29,0x29,0x29,0x29,0x29,0x29,0x29,0x29,0x29,0x29,0x29,0x29,0x29,0x29,
	0xd2,0xd2,0xd2,0xd2,0xd2,0xd2,0xd2,0xd2,0xd2,0xd2,0xd2,0xd2,0xd2,0xd2,0xd2,0xd2,
	0xd2,0xd2,0xd2,0xd2,0xd2,0xd2,0xd2,0xd2,0xd2,0xd2,0xd2,0xd2,0xd2,0xd2,0xd2,0xd2,
	0xd2,0xd2,0xd2,0xd2,0xd2,0xd2,0xd2,0xd2,0x91,0x91,0x91,0x91,0x91,0x91,0x91,0x91,
	0x91,0x91,0x91,0x91,0x91,0x91,0x91,0x91,0x91,0x91,0x91,0x91,0x91,0x91,0x91,0x91,
	0x91,0x91,0x91,0x91,0x91,0x91,0x91,0x91,0x91,0x91,0x91,0x91,0x91,0x91,0x91,0x91,
	0x51,0x51,0x51,0x51,0x51,0x51,0x51,0x51,0x51,0x51,0x51,0x51,0x51,0x51,0x51,0x51,
	0x51,0x51,0x51,0x51,0x51,0x51,0x51,0x51,0x51,0x51,0x51,0x51,0x51,0x51,0x51,0x51,
	0x51,0x51,0x51,0x51,0x51,0x51,0x51,0x51,0x0c,0x13,0x18,0x11,0xeb,0xeb,0xeb,0xeb,
	0xeb,0xeb,0xeb,0xeb,0xeb,0xeb,0xeb,0xeb,0xeb,0xeb,0xeb,0xeb,0xeb,0xeb,0xeb,0xeb,
	0xeb,0xeb,0xeb,0xeb,0xeb,0xeb,0xeb,0xeb,0xeb,0xeb,0xeb,0xeb,0xeb,0xeb,0xeb,0xeb,
	0x10,0x10,0x10,0x10,0x10,0x10,0x10,0x10,0x10,0x10,0x10,0x10,0x10,0x10,0x10,0x10,
	0x10,0x10,0x10,0x10,0x10,0x10,0x10,0x10,0x10,0x10,0x10,0x10,0x10,0x10,0x10,0x10,
	0x0f,0x0c,0x14,0x11,0xed,0xe5,0xec,0xec,0xad,0xad,0xaa,0xaa,0xaa,0xaa,0xaa,0xaa,
	0xaa,0xaa,0xaa,0xaa,0xaa,0xaa,0xaa,0xaa,0xaa,0xaa,0xaa,0xaa,0xaa,0xaa,0xaa,0xaa,
	0xaa,0xaa,0xaa,0xaa,0xaa,0xaa,0xaa,0xaa,0xaa,0xaa,0xaa,0xaa,0xaa,0xaa,0xaa,0xaa,
	0x6a,0x6a,0x6a,0x6a,0x6a,0x6a,0x6a,0x6a,0x6a,0x6a,0x6a,0x6a,0x6a,0x6a,0x6a,0x6a,
	0x6a,0x6a,0x6a,0x6a,0x6a,0x6a,0x6a,0x6a,0x6a,0x6a,0x6a,0x6a,0x6a,0x6a,0x6a,0x6a,
	0x6a,0x6a,0x6a,0x6a,0x6a,0x6a,0x6a,0x6a,0x29,0x29,0x29,0x29,0x29,0x29,0x29,0x29,
	0x29,0x29,0x29,0x29,0x29,0x29,0x29,0x29,0x29,0x29,0x29,0x29,0x29,0x29,0x29,0x29,
	0x29,0x29,0x29,0x29,0x29,0x29,0x29,0x29,0x29,0x29,0x29,0x29,0x29,0x29,0x29,0x29,
	0xd2,0xd2,0xd2,0xd2,0xd2,0xd2,0xd2,0xd2,0xd2,0xd2,0xd2,0xd2,0xd2,0xd2,0xd2,0xd2,
	0xd2,0xd2,0xd2,0xd2,0xd2,0xd2,0xd2,0xd2,0xd2,0xd2,0xd2,0xd2,0xd2,0xd2,0xd2,0xd2,
	0xd2,0xd2,0xd2,0xd2,0xd2,0xd2,0xd2,0xd2,0x91,0x91,0x91,0x91,0x91,0x91,0x91,0x91,
	0x91,0x91,0x91,0x91,0x91,0x91,0x91,0x91,0x91,0x91,0x91,0x91,0x91,0x91,0x91,0x91,
	0x91,0x91,0x91,0x91,0x91,0x91,0x91,0x91,0x91,0x91,0x91,0x91,0x91,0x91,0x91,0x91,
	0x51,0x51,0x51,0x51,0x51,0x51,0x51,0x51,0x51,0x51,0x51,0x51,0x51,0x51,0x51,0x51,
	0x51,0x51,0x51,0x51,0x51,0x51,0x51,0x51,0x51,0x51,0x51,0x51,0x51,0x51,0x51,0x51,
	0x51,0x51,0x51,0x51,0x51,0x51,0x51,0x51,0x0d,0x11,0x15,0x10,0x10,0xea,0xeb,0xf1,
	0xeb,0xeb,0xeb,0xeb,0xeb,0xeb,0xeb,0xeb,0xeb,0xeb,0xeb,0xeb,0xeb,0xeb,0xeb,0xeb,
	0xeb,0xeb,0xeb,0xeb,0xeb,0xeb,0xeb,0xeb,0xeb,0xeb,0xeb,0xeb,0xeb,0xeb,0xeb,0xeb,
	0x10,0x10,0x10,0x10,0x10,0x10,0x10,0x10,0x10,0x10,0x10,0x10,0x10,0x10,0x10,0x10,
	0x10,0x10,0x10,0x10,0x10,0x10,0x10,0x10,0x10,0x10,0x10,0x10,0x10,0x10,0x10,0x10,
	0x11,0x13,0x12,0xed,0xe5,0xec,0xec,0xec,0xae,0xab,0xaa,0xaa,0xaa,0xaa,0xaa,0xaa,
	0xaa,0xaa,0xaa,0xaa,0xaa,0xaa,0xaa,0xaa,0xaa,0xaa,0xaa,0xaa,0xaa,0xaa,0xaa,0xaa,
	0xaa,0xaa,0xaa,0xaa,0xaa,0xaa,0xaa,0xaa,0xaa,0xaa,0xaa,0xaa,0xaa,0xaa,0xaa,0xaa,
	0x6a,0x6a,0x6a,0x6a,0x6a,0x6a,0x6a,0x6a,0x6a,0x6a,0x6a,0x6a,0x6a,0x6a,0x6a,0x6a,
	0x6a,0x6a,0x6a,0x6a,0x6a,0x6a,0x6a,0x6a,0x6a,0x6a,0x6a,0x6a,0x6a,0x6a,0x6a,0x6a,
	0x6a,0x6a,0x6a,0x6a,0x6a,0x6a,0x6a,0x6a,0x29,0x29,0x29,0x29,0x29,0x29,0x29,0x29,
	0x29,0x29,0x29,0x29,0x29,0x29,0x29,0x29,0x29,0x29,0x29,0x29,0x29,0x29,0x29,0x29,
	0x29,0x29,0x29,0x29,0x29,0x29,0x29,0x29,0x29,0x29,0x29,0x29,0x29,0x29,0x29,0x29,
	0xd2,0xd2,0xd2,0xd2,0xd2,0xd2,0xd2,0xd2,0xd2,0xd2,0xd2,0xd2,0xd2,0xd2,0xd2,0xd2,
	0xd2,0xd2,0xd2,0xd2,0xd2,0xd2,0xd2,0xd2,0xd2,0xd2,0xd2,0xd2,0xd2,0xd2,0xd2,0xd2,
	0xd2,0xd2,0xd2,0xd2,0xd2,0xd2,0xd2,0xd2,0x91,0x91,0x91,0x91,0x91,0x91,0x91,0x91,
	0x91,0x91,0x91,0x91,0x91,0x91,0x91,0x91,0x91,0x91,0x91,0x91,0x91,0x91,0x91,0x91,
	0x91,0x91,0x91,0x91,0x91,0x91,0x91,0x91,0x91,0x91,0x91,0x91,0x91,0x91,0x91,0x91,
	0x51,0x51,0x51,0x51,0x51,0x51,0x51,0x51,0x51,0x51,0x51,0x51,0x51,0x51,0x51,0x51,
	0x51,0x51,0x51,0x51,0x51,0x51,0x51,0x51,0x51,0x51,0x51,0x51,0x51,0x51,0x51,0x51,
	0x51,0x51,0x51,0x51,0x51,0x51,0x51,0x51,0x0e,0x10,0x12,0x10,0x0f,0x15,0xeb,0xe4,
	0xeb,0xeb,0xeb,0xeb,0xeb,0xeb,0xeb,0xeb,0xeb,0xeb,0xeb,0xeb,0xeb,0xeb,0xeb,0xeb,
	0xeb,0xeb,0xeb,0xeb,0xeb,0xeb,0xeb,0xeb,0xeb,0xeb,0xeb,0xeb,0xeb,0xeb,0xeb,0xeb,
	0x10,0x10,0x10,0x10,0x10,0x10,0x10,0x10,0x10,0x10,0x10,0x10,0x10,0x10,0x10,0x10,
	0x10,0x10,0x10,0x10,0x10,0x10,0x10,0x10,0x10,0x10,0x10,0x10,0x10,0x10,0x10,0x10,
	0x0b,0x0b,0x11,0xe5,0xec,0xec,0xec,0xec,0xac,0xaa,0xaa,0xaa,0xaa,0xaa,0xaa,0xaa,
	0xaa,0xaa,0xaa,0xaa,0xaa,0xaa,0xaa,0xaa,0xaa,0xaa,0xaa,0xaa,0xaa,0xaa,0xaa,0xaa,
	0xaa,0xaa,0xaa,0xaa,0xaa,0xaa,0xaa,0xaa,0xaa,0xaa,0xaa,0xaa,0xaa,0xaa,0xaa,0xaa,
	0x6a,0x6a,0x6a,0x6a,0x6a,0x6a,0x6a,0x6a,0x6a,0x6a,0x6a,0x6a,0x6a,0x6a,0x6a,0x6a,
	0x6a,0x6a,0x6a,0x6a,0x6a,0x6a,0x6a,0x6a,0x6a,0x6a,0x6a,0x6a,0x6a,0x6a,0x6a,0x6a,
	0x6a,0x6a,0x6a,0x6a,0x6a,0x6a,0x6a,0x6a,0x29,0x29,0x29,0x29,0x29,0x29,0x29,0x29,
	0x29,0x29,0x29,0x29,0x29,0x29,0x29,0x29,0x29,0x29,0x29,0x29,0x29,0x29,0x29,0x29,
	0x29,0x29,0x29,0x29,0x29,0x29,0x29,0x29,0x29,0x29,0x29,0x29,0x29,0x29,0x29,0x29,
	0xd2,0xd2,0xd2,0xd2,0xd2,0xd2,0xd2,0xd2,0xd2,0xd2,0xd2,0xd2,0xd2,0xd2,0xd2,0xd2,
	0xd2,0xd2,0xd2,0xd2,0xd2,0xd2,0xd2,0xd2,0xd2,0xd2,0xd2,0xd2,0xd2,0xd2,0xd2,0xd2,
	0xd2,0xd2,0xd2,0xd2,0xd2,0xd2,0xd2,0xd2,0x91,0x91,0x91,0x91,0x91,0x91,0x91,0x91,
	0x91,0x91,0x91,0x91,0x91,0x91,0x91,0x91,0x91,0x91,0x91,0x91,0x91,0x91,0x91,0x91,
	0x91,0x91,0x91,0x91,0x91,0x91,0x91,0x91,0x91,0x91,0x91,0x91,0x91,0x91,0x91,0x91,
	0x51,0x51,0x51,0x51,0x51,0x51,0x51,0x51,0x51,0x51,0x51,0x51,0x51,0x51,0x51,0x51,
	0x51,0x51,0x51,0x51,0x51,0x51,0x51,0x51,0x51,0x51,0x51,0x51,0x51,0x51,0x51,0x51,
	0x51,0x51,0x51,0x51,0x51,0x51,0x51,0x51,0x0f,0x0f,0x10,0x10,0x10,0x11,0xe6,0xeb,
	0xeb,0xeb,0xeb,0xeb,0xeb,0xeb,0xeb,0xeb,0xeb,0xeb,0xeb,0xeb,0xeb,0xeb,0xeb,0xeb,
	0xeb,0xeb,0xeb,0xeb,0xeb,0xeb,0xeb,0xeb,0xeb,0xeb,0xeb,0xeb,0xeb,0xeb,0xeb,0xeb,
	0x10,0x10,0x10,0x10,0x10,0x10,0x10,0x10,0x10,0x10,0x10,0x10,0x10,0x10,0x10,0x10,
	0x10,0x10,0x10,0x10,0x10,0x10,0x10,0x10,0x10,0x10,0x10,0x10,0x10,0x10,0x10,0x10,
	0x17,0x0f,0xe8,0xec,0xec,0xec,0xec,0xec,0xab,0xaa,0xaa,0xaa,0xaa,0xaa,0xaa,0xaa,
	0xaa,0xaa,0xaa,0xaa,0xaa,0xaa,0xaa,0xaa,0xaa,0xaa,0xaa,0xaa,0xaa,0xaa,0xaa,0xaa,
	0xaa,0xaa,0xaa,0xaa,0xaa,0xaa,0xaa,0xaa,0xaa,0xaa,0xaa,0xaa,0xaa,0xaa,0xaa,0xaa,
	0x6a,0x6a,0x6a,0x6a,0x6a,0x6a,0x6a,0x6a,0x6a,0x6a,0x6a,0x6a,0x6a,0x6a,0x6a,0x6a,
	0x6a,0x6a,0x6a,0x6a,0x6a,0x6a,0x6a,0x6a,0x6a,0x6a,0x6a,0x6a,0x6a,0x6a,0x6a,0x6a,
	0x6a,0x6a,0x6a,0x6a,0x6a,0x6a,0x6a,0x6a,0x29,0x29,0x29,0x29,0x29,0x29,0x29,0x29,
	0x29,0x29,0x29,0x29,0x29,0x29,0x29,0x29,0x29,0x29,0x29,0x29,0x29,0x29,0x29,0x29,
	0x29,0x29,0x29,0x29,0x29,0x29,0x29,0x29,0x29,0x29,0x29,0x29,0x29,0x29,0x29,0x29,
	0xd2,0xd2,0xd2,0xd2,0xd2,0xd2,0xd2,0xd2,0xd2,0xd2,0xd2,0xd2,0xd2,0xd2,0xd2,0xd2,
	0xd2,0xd2,0xd2,0xd2,0xd2,0xd2,0xd2,0xd2,0xd2,0xd2,0xd2,0xd2,0xd2,0xd2,0xd2,0xd2,
	0xd2,0xd2,0xd2,0xd2,0xd2,0xd2,0xd2,0xd2,0x91,0x91,0x91,0x91,0x91,0x91,0x91,0x91,
	0x91,0x91,0x91,0x91,0x91,0x91,0x91,0x91,0x91,0x91,0x91,0x91,0x91,0x91,0x91,0x91,
	0x91,0x91,0x91,0x91,0x91,0x91,0x91,0x91,0x91,0x91,0x91,0x91,0x91,0x91,0x91,0x91,
	0x51,0x51,0x51,0x51,0x51,0x51,0x51,0x51,0x51,0x51,0x51,0x51,0x51,0x51,0x51,0x51,
	0x51,0x51,0x51,0x51,0x51,0x51,0x51,0x51,0x51,0x51,0x51,0x51,0x51,0x51,0x51,0x51,
	0x51,0x51,0x51,0x51,0x51,0x51,0x51,0x51,0x0f,0x0e,0x0f,0x0f,0x16,0x09,0x11,0xea,
	0xeb,0xeb,0xeb,0xeb,0xeb,0xeb,0xeb,0xeb,0xeb,0xeb,0xeb,0xeb,0xeb,0xeb,0xeb,0xeb,
	0xeb,0xeb,0xeb,0xeb,0xeb,0xeb,0xeb,0xeb,0xeb,0xeb,0xeb,0xeb,0xeb,0xeb,0xeb,0xeb,
	0x10,0x10,0x10,0x10,0x10,0x10,0x10,0x10,0x10,0x10,0x10,0x10,0x10,0x10,0x10,0x10,
	0x10,0x10,0x10,0x10,0x10,0x10,0x10,0x10,0x10,0x10,0x10,0x10,0x10,0x10,0x10,0x10,
	0x11,0x12,0xed,0xec,0xec,0xec,0xec,0xec,0xaa,0xaa,0xaa,0xaa,0xaa,0xaa,0xaa,0xaa,
	0xaa,0xaa,0xaa,0xaa,0xaa,0xaa,0xaa,0xaa,0xaa,0xaa,0xaa,0xaa,0xaa,0xaa,0xaa,0xaa,
	0xaa,0xaa,0xaa,0xaa,0xaa,0xaa,0xaa,0xaa,0xaa,0xaa,0xaa,0xaa,0xaa,0xaa,0xaa,0xaa,
	0x6a,0x6a,0x6a,0x6a,0x6a,0x6a,0x6a,0x6a,0x6a,0x6a,0x6a,0x6a,0x6a,0x6a,0x6a,0x6a,
	0x6a,0x6a,0x6a,0x6a,0x6a,0x6a,0x6a,0x6a,0x6a,0x6a,0x6a,0x6a,0x6a,0x6a,0x6a,0x6a,
	0x6a,0x6a,0x6a,0x6a,0x6a,0x6a,0x6a,0x6a,0x29,0x29,0x29,0x29,0x29,0x29,0x29,0x29,
	0x29,0x29,0x29,0x29,0x29,0x29,0x29,0x29,0x29,0x29,0x29,0x29,0x29,0x29,0x29,0x29,
	0x29,0x29,0x29,0x29,0x29,0x29,0x29,0x29,0x29,0x29,0x29,0x29,0x29,0x29,0x29,0x29,
	0xd2,0xd2,0xd2,0xd2,0xd2,0xd2,0xd2,0xd2,0xd2,0xd2,0xd2,0xd2,0xd2,0xd2,0xd2,0xd2,
	0xd2,0xd2,0xd2,0xd2,0xd2,0xd2,0xd2,0xd2,0xd2,0xd2,0xd2,0xd2,0xd2,0xd2,0xd2,0xd2,
	0xd2,0xd2,0xd2,0xd2,0xd2,0xd2,0xd2,0xd2,0x91,0x91,0x91,0x91,0x91,0x91,0x91,0x91,
	0x91,0x91,0x91,0x91,0x91,0x91,0x91,0x91,0x91,0x91,0x91,0x91,0x91,0x91,0x91,0x91,
	0x91,0x91,0x91,0x91,0x91,0x91,0x91,0x91,0x91,0x91,0x91,0x91,0x91,0x91,0x91,0x91,
	0x51,0x51,0x51,0x51,0x51,0x51,0x51,0x51,0x51,0x51,0x51,0x51,0x51,0x51,0x51,0x51,
	0x51,0x51,0x51,0x51,0x51,0x51,0x51,0x51,0x51,0x51,0x51,0x51,0x51,0x51,0x51,0x51,
	0x51,0x51,0x51,0x51,0x51,0x51,0x51,0x51,0x0f,0x0e,0x0f,0x0f,0x10,0x10,0x12,0xea,
	0xeb,0xeb,0xeb,0xeb,0xeb,0xeb,0xeb,0xeb,0xeb,0xeb,0xeb,0xeb,0xeb,0xeb,0xeb,0xeb,
	0xeb,0xeb,0xeb,0xeb,0xeb,0xeb,0xeb,0xeb,0xeb,0xeb,0xeb,0xeb,0xeb,0xeb,0xeb,0xeb,
	0x10,0x10,0x10,0x10,0x10,0x10,0x10,0x10,0x10,0x10,0x10,0x10,0x10,0x10,0x10,0x10,
	0x10,0x10,0x10,0x10,0x10,0x10,0x10,0x10,0x10,0x10,0x10,0x10,0x10,0x10,0x10,0x10,
	0x0e,0x0d,0xee,0xe7,0xec,0xec,0xec,0xec,0xaa,0xaa,0xaa,0xaa,0xaa,0xaa,0xaa,0xaa,
	0xaa,0xaa,0xaa,0xaa,0xaa,0xaa,0xaa,0xaa,0xaa,0xaa,0xaa,0xaa,0xaa,0xaa,0xaa,0xaa,
	0xaa,0xaa,0xaa,0xaa,0xaa,0xaa,0xaa,0xaa,0xaa,0xaa,0xaa,0xaa,0xaa,0xaa,0xaa,0xaa,
	0x6a,0x6a,0x6a,0x6a,0x6a,0x6a,0x6a,0x6a,0x6a,0x6a,0x6a,0x6a,0x6a,0x6a,0x6a,0x6a,
	0x6a,0x6a,0x6a,0x6a,0x6a,0x6a,0x6a,0x6a,0x6a,0x6a,0x6a,0x6a,0x6a,0x6a,0x6a,0x6a,
	0x6a,0x6a,0x6a,0x6a,0x6a,0x6a,0x6a,0x6a,0x29,0x29,0x29,0x29,0x29,0x29,0x29,0x29,
	0x29,0x29,0x29,0x29,0x29,0x29,0x29,0x29,0x29,0x29,0x29,0x29,0x29,0x29,0x29,0x29,
	0x29,0x29,0x29,0x29,0x29,0x29,0x29,0x29,0x29,0x29,0x29,0x29,0x29,0x29,0x29,0x29,
	0xd2,0xd2,0xd2,0xd2,0xd2,0xd2,0xd2,0xd2,0xd2,0xd2,0xd2,0xd2,0xd2,0xd2,0xd2,0xd2,
	0xd2,0xd2,0xd2,0xd2,0xd2,0xd2,0xd2,0xd2,0xd2,0xd2,0xd2,0xd2,0xd2,0xd2,0xd2,0xd2,
	0xd2,0xd2,0xd2,0xd2,0xd2,0xd2,0xd2,0xd2,0x91,0x91,0x91,0x91,0x91,0x91,0x91,0x91,
	0x91,0x91,0x91,0x91,0x91,0x91,0x91,0x91,0x91,0x91,0x91,0x91,0x91,0x91,0x91,0x91,
	0x91,0x91,0x91,0x91,0x91,0x91,0x91,0x91,0x91,0x91,0x91,0x91,0x91,0x91,0x91,0x91,
	0x51,0x51,0x51,0x51,0x51,0x51,0x51,0x51,0x51,0x51,0x51,0x51,0x51,0x51,0x51,0x51,
	0x51,0x51,0x51,0x51,0x51,0x51,0x51,0x51,0x51,0x51,0x51,0x51,0x51,0x51,0x51,0x51,
	0x51,0x51,0x51,0x51,0x51,0x51,0x51,0x51,0x0f,0x0e,0x0f,0x0f,0x14,0x08,0x13,0xe6,
	0xeb,0xeb,0xeb,0xeb,0xeb,0xeb,0xeb,0xeb,0xeb,0xeb,0xeb,0xeb,0xeb,0xeb,0xeb,0xeb,
	0xeb,0xeb,0xeb,0xeb,0xeb,0xeb,0xeb,0xeb,0xeb,0xeb,0xeb,0xeb,0xeb,0xeb,0xeb,0xeb,
	0x10,0x10,0x10,0x10,0x10,0x10,0x10,0x10,0x10,0x10,0x10,0x10,0x10,0x10,0x10,0x10,
	0x10,0x10,0x10,0x10,0x10,0x10,0x10,0x10,0x10,0x10,0x10,0x10,0x10,0x10,0x10,0x10,
	0x12,0xe5,0xeb,0xeb,0xec,0xec,0xec,0xec,0xaa,0xaa,0xaa,0xaa,0xaa,0xaa,0xaa,0xaa,
	0xaa,0xaa,0xaa,0xaa,0xaa,0xaa,0xaa,0xaa,0xaa,0xaa,0xaa,0xaa,0xaa,0xaa,0xaa,0xaa,
	0xaa,0xaa,0xaa,0xaa,0xaa,0xaa,0xaa,0xaa,0xaa,0xaa,0xaa,0xaa,0xaa,0xaa,0xaa,0xaa,
	0x6a,0x6a,0x6a,0x6a,0x6a,0x6a,0x6a,0x6a,0x6a,0x6a,0x6a,0x6a,0x6a,0x6a,0x6a,0x6a,
	0x6a,0x6a,0x6a,0x6a,0x6a,0x6a,0x6a,0x6a,0x6a,0x6a,0x6a,0x6a,0x6a,0x6a,0x6a,0x6a,
	0x6a,0x6a,0x6a,0x6a,0x6a,0x6a,0x6a,0x6a,0x29,0x29,0x29,0x29,0x29,0x29,0x29,0x29,
	0x29,0x29,0x29,0x29,0x29,0x29,0x29,0x29,0x29,0x29,0x29,0x29,0x29,0x29,0x29,0x29,
	0x29,0x29,0x29,0x29,0x29,0x29,0x29,0x29,0x29,0x29,0x29,0x29,0x29,0x29,0x29,0x29,
	0xd2,0xd2,0xd2,0xd2,0xd2,0xd2,0xd2,0xd2,0xd2,0xd2,0xd2,0xd2,0xd2,0xd2,0xd2,0xd2,
	0xd2,0xd2,0xd2,0xd2,0xd2,0xd2,0xd2,0xd2,0xd2,0xd2,0xd2,0xd2,0xd2,0xd2,0xd2,0xd2,
	0xd2,0xd2,0xd2,0xd2,0xd2,0xd2,0xd2,0xd2,0x91,0x91,0x91,0x91,0x91,0x91,0x91,0x91,
	0x91,0x91,0x91,0x91,0x91,0x91,0x91,0x91,0x91,0x91,0x91,0x91,0x91,0x91,0x91,0x91,
	0x91,0x91,0x91,0x91,0x91,0x91,0x91,0x91,0x91,0x91,0x91,0x91,0x91,0x91,0x91,0x91,
	0x51,0x51,0x51,0x51,0x51,0x51,0x51,0x51,0x51,0x51,0x51,0x51,0x51,0x51,0x51,0x51,
	0x51,0x51,0x51,0x51,0x51,0x51,0x51,0x51,0x51,0x51,0x51,0x51,0x51,0x51,0x51,0x51,
	0x51,0x51,0x51,0x51,0x51,0x51,0x51,0x51,0x0f,0x0e,0x0f,0x0f,0x10,0x13,0x12,0x10,
	0xeb,0xeb,0xeb,0xeb,0xeb,0xeb,0xeb,0xeb,0xeb,0xeb,0xeb,0xeb,0xeb,0xeb,0xeb,0xeb,
	0xeb,0xeb,0xeb,0xeb,0xeb,0xeb,0xeb,0xeb,0xeb,0xeb,0xeb,0xeb,0xeb,0xeb,0xeb,0xeb,
	0x10,0x10,0x10,0x10,0x10,0x10,0x10,0x10,0x10,0x10,0x10,0x10,0x10,0x10,0x10,0x10,
	0x10,0x10,0x10,0x10,0x10,0x10,0x10,0x10,0x10,0x10,0x10,0x10,0x10,0x10,0x10,0x10,
	0x17,0xef,0xe9,0xef,0xec,0xec,0xec,0xec,0xaa,0xaa,0xaa,0xaa,0xaa,0xaa,0xaa,0xaa,
	0xaa,0xaa,0xaa,0xaa,0xaa,0xaa,0xaa,0xaa,0xaa,0xaa,0xaa,0xaa,0xaa,0xaa,0xaa,0xaa,
	0xaa,0xaa,0xaa,0xaa,0xaa,0xaa,0xaa,0xaa,0xaa,0xaa,0xaa,0xaa,0xaa,0xaa,0xaa,0xaa,
	0x6a,0x6a,0x6a,0x6a,0x6a,0x6a,0x6a,0x6a,0x6a,0x6a,0x6a,0x6a,0x6a,0x6a,0x6a,0x6a,
	0x6a,0x6a,0x6a,0x6a,0x6a,0x6a,0x6a,0x6a,0x6a,0x6a,0x6a,0x6a,0x6a,0x6a,0x6a,0x6a,
	0x6a,0x6a,0x6a,0x6a,0x6a,0x6a,0x6a,0x6a,0x29,0x29,0x29,0x29,0x29,0x29,0x29,0x29,
	0x29,0x29,0x29,0x29,0x29,0x29,0x29,0x29,0x29,0x29,0x29,0x29,0x29,0x29,0x29,0x29,
	0x29,0x29,0x29,0x29,0x29,0x29,0x29,0x29,0x29,0x29,0x29,0x29,0x29,0x29,0x29,0x29,
	0xd2,0xd2,0xd2,0xd2,0xd2,0xd2,0xd2,0xd2,0xd2,0xd2,0xd2,0xd2,0xd2,0xd2,0xd2,0xd2,
	0xd2,0xd2,0xd2,0xd2,0xd2,0xd2,0xd2,0xd2,0xd2,0xd2,0xd2,0xd2,0xd2,0xd2,0xd2,0xd2,
	0xd2,0xd2,0xd2,0xd2,0xd2,0xd2,0xd2,0xd2,0x91,0x91,0x91,0x91,0x91,0x91,0x91,0x91,
	0x91,0x91,0x91,0x91,0x91,0x91,0x91,0x91,0x91,0x91,0x91,0x91,0x91,0x91,0x91,0x91,
	0x91,0x91,0x91,0x91,0x91,0x91,0x91,0x91,0x91,0x91,0x91,0x91,0x91,0x91,0x91,0x91,
	0x51,0x51,0x51,0x51,0x51,0x51,0x51,0x51,0x51,0x51,0x51,0x51,0x51,0x51,0x51,0x51,
	0x51,0x51,0x51,0x51,0x51,0x51,0x51,0x51,0x51,0x51,0x51,0x51,0x51,0x51,0x51,0x51,
	0x51,0x51,0x51,0x51,0x51,0x51,0x51,0x51,0x0f,0x0e,0x0f,0x0f,0x09,0x0f,0x14,0x14,
	0xeb,0xea,0xeb,0xea,0xeb,0xeb,0xeb,0xeb,0xeb,0xeb,0xeb,0xeb,0xeb,0xeb,0xeb,0xeb,
	0xeb,0xeb,0xeb,0xeb,0xeb,0xeb,0xeb,0xeb,0xeb,0xeb,0xeb,0xeb,0xeb,0xeb,0xeb,0xeb,
	0x10,0x10,0x10,0x10,0x10,0x10,0x10,0x10,0x10,0x10,0x10,0x10,0x10,0x10,0x10,0x10,
	0x10,0x10,0x10,0x10,0x10,0x10,0x10,0x10,0x10,0x10,0x10,0x10,0x10,0x14,0x0c,0x0a,
	0xee,0xec,0xed,0xee,0xec,0xec,0xec,0xec,0xaa,0xaa,0xaa,0xaa,0xaa,0xaa,0xaa,0xaa,
	0xaa,0xaa,0xaa,0xaa,0xaa,0xaa,0xaa,0xaa,0xaa,0xaa,0xaa,0xaa,0xaa,0xaa,0xaa,0xaa,
	0xaa,0xaa,0xaa,0xaa,0xaa,0xaa,0xaa,0xaa,0xaa,0xaa,0xaa,0xaa,0xaa,0xaa,0xaa,0xaa,
	0x6a,0x6a,0x6a,0x6a,0x6a,0x6a,0x6a,0x6a,0x6a,0x6a,0x6a,0x6a,0x6a,0x6a,0x6a,0x6a,
	0x6a,0x6a,0x6a,0x6a,0x6a,0x6a,0x6a,0x6a,0x6a,0x6a,0x6a,0x6a,0x6a,0x6a,0x6a,0x6a,
	0x6a,0x6a,0x6a,0x6a,0x6a,0x6a,0x6a,0x6a,0x29,0x29,0x29,0x29,0x29,0x29,0x29,0x29,
	0x29,0x29,0x29,0x29,0x29,0x29,0x29,0x29,0x29,0x29,0x29,0x29,0x29,0x29,0x29,0x29,
	0x29,0x29,0x29,0x29,0x29,0x29,0x29,0x29,0x29,0x29,0x29,0x29,0x29,0x29,0x29,0x29,
	0xd2,0xd2,0xd2,0xd2,0xd2,0xd2,0xd2,0xd2,0xd2,0xd2,0xd2,0xd2,0xd2,0xd2,0xd2,0xd2,
	0xd2,0xd2,0xd2,0xd2,0xd2,0xd2,0xd2,0xd2,0xd2,0xd2,0xd2,0xd2,0xd2,0xd2,0xd2,0xd2,
	0xd2,0xd2,0xd2,0xd2,0xd2,0xd2,0xd2,0xd2,0x91,0x91,0x91,0x91,0x91,0x91,0x91,0x91,
	0x91,0x91,0x91,0x91,0x91,0x91,0x91,0x91,0x91,0x91,0x91,0x91,0x91,0x91,0x91,0x91,
	0x91,0x91,0x91,0x91,0x91,0x91,0x91,0x91,0x91,0x91,0x91,0x91,0x91,0x91,0x91,0x91,
	0x51,0x51,0x51,0x51,0x51,0x51,0x51,0x51,0x51,0x51,0x51,0x51,0x51,0x51,0x51,0x51,
	0x51,0x51,0x51,0x51,0x51,0x51,0x51,0x51,0x51,0x51,0x51,0x51,0x51,0x51,0x51,0x51,
	0x51,0x51,0x51,0x51,0x51,0x51,0x51,0x51,0x0f,0x0e,0x0f,0x0f,0x0e,0x10,0x11,0x11,
	0x15,0xe8,0xea,0xe9,0xeb,0xeb,0xeb,0xeb,0xeb,0xeb,0xeb,0xeb,0xeb,0xeb,0xeb,0xeb,
	0xeb,0xeb,0xeb,0xeb,0xeb,0xeb,0xeb,0xeb,0xeb,0xeb,0xeb,0xeb,0xeb,0xeb,0xeb,0xeb,
	0x10,0x10,0x10,0x10,0x10,0x10,0x10,0x10,0x10,0x10,0x10,0x10,0x10,0x10,0x10,0x10,
	0x10,0x10,0x10,0x10,0x10,0x10,0x10,0x10,0x10,0x10,0x10,0x10,0x0e,0x10,0x10,0x12,
	0xeb,0xec,0xef,0xeb,0xec,0xec,0xec,0xec,0xaa,0xaa,0xaa,0xaa,0xaa,0xaa,0xaa,0xaa,
	0xaa,0xaa,0xaa,0xaa,0xaa,0xaa,0xaa,0xaa,0xaa,0xaa,0xaa,0xaa,0xaa,0xaa,0xaa,0xaa,
	0xaa,0xaa,0xaa,0xaa,0xaa,0xaa,0xaa,0xaa,0xaa,0xaa,0xaa,0xaa,0xaa,0xaa,0xaa,0xaa,
	0x6a,0x6a,0x6a,0x6a,0x6a,0x6a,0x6a,0x6a,0x6a,0x6a,0x6a,0x6a,0x6a,0x6a,0x6a,0x6a,
	0x6a,0x6a,0x6a,0x6a,0x6a,0x6a,0x6a,0x6a,0x6a,0x6a,0x6a,0x6a,0x6a,0x6a,0x6a,0x6a,
	0x6a,0x6a,0x6a,0x6a,0x6a,0x6a,0x6a,0x6a,0x29,0x29,0x29,0x29,0x29,0x29,0x29,0x29,
	0x29,0x29,0x29,0x29,0x29,0x29,0x29,0x29,0x29,0x29,0x29,0x29,0x29,0x29,0x29,0x29,
	0x29,0x29,0x29,0x29,0x29,0x29,0x29,0x29,0x29,0x29,0x29,0x29,0x29,0x29,0x29,0x29,
	0xd2,0xd2,0xd2,0xd2,0xd2,0xd2,0xd2,0xd2,0xd2,0xd2,0xd2,0xd2,0xd2,0xd2,0xd2,0xd2,
	0xd2,0xd2,0xd2,0xd2,0xd2,0xd2,0xd2,0xd2,0xd2,0xd2,0xd2,0xd2,0xd2,0xd2,0xd2,0xd2,
	0xd2,0xd2,0xd2,0xd2,0xd2,0xd2,0xd2,0xd2,0x91,0x91,0x91,0x91,0x91,0x91,0x91,0x91,
	0x91,0x91,0x91,0x91,0x91,0x91,0x91,0x91,0x91,0x91,0x91,0x91,0x91,0x91,0x91,0x91,
	0x91,0x91,0x91,0x91,0x91,0x91,0x91,0x91,0x91,0x91,0x91,0x91,0x91,0x91,0x91,0x91,
	0x51,0x51,0x51,0x51,0x51,0x51,0x51,0x51,0x51,0x51,0x51,0x51,0x51,0x51,0x51,0x51,
	0x51,0x51,0x51,0x51,0x51,0x51,0x51,0x51,0x51,0x51,0x51,0x51,0x51,0x51,0x51,0x51,
	0x51,0x51,0x51,0x51,0x51,0x51,0x51,0x51,0x0f,0x0e,0x0f,0x0f,0x10,0x10,0x10,0x10,
	0x10,0xed,0xea,0xea,0xeb,0xeb,0xeb,0xeb,0xeb,0xeb,0xeb,0xeb,0xeb,0xeb,0xeb,0xeb,
	0xeb,0xeb,0xeb,0xeb,0xeb,0xeb,0xeb,0xeb,0xeb,0xeb,0xeb,0xeb,0xeb,0xeb,0xeb,0xeb,
	0x10,0x10,0x10,0x10,0x10,0x10,0x10,0x10,0x10,0x10,0x10,0x10,0x10,0x10,0x10,0x10,
	0x10,0x10,0x10,0x10,0x10,0x10,0x10,0x10,0x10,0x10,0x10,0x10,0x10,0x0f,0x14,0xe8,
	0xee,0xef,0xe9,0xed,0xec,0xec,0xec,0xec,0xaa,0xaa,0xaa,0xaa,0xaa,0xaa,0xaa,0xaa,
	0xaa,0xaa,0xaa,0xaa,0xaa,0xaa,0xaa,0xaa,0xaa,0xaa,0xaa,0xaa,0xaa,0xaa,0xaa,0xaa,
	0xaa,0xaa,0xaa,0xaa,0xaa,0xaa,0xaa,0xaa,0xaa,0xaa,0xaa,0xaa,0xaa,0xaa,0xaa,0xaa,
	0x6a,0x6a,0x6a,0x6a,0x6a,0x6a,0x6a,0x6a,0x6a,0x6a,0x6a,0x6a,0x6a,0x6a,0x6a,0x6a,
	0x6a,0x6a,0x6a,0x6a,0x6a,0x6a,0x6a,0x6a,0x6a,0x6a,0x6a,0x6a,0x6a,0x6a,0x6a,0x6a,
	0x6a,0x6a,0x6a,0x6a,0x6a,0x6a,0x6a,0x6a,0x29,0x29,0x29,0x29,0x29,0x29,0x29,0x29,
	0x29,0x29,0x29,0x29,0x29,0x29,0x29,0x29,0x29,0x29,0x29,0x29,0x29,0x29,0x29,0x29,
	0x29,0x29,0x29,0x29,0x29,0x29,0x29,0x29,0x29,0x29,0x29,0x29,0x29,0x29,0x29,0x29,
	0xd2,0xd2,0xd2,0xd2,0xd2,0xd2,0xd2,0xd2,0xd2,0xd2,0xd2,0xd2,0xd2,0xd2,0xd2,0xd2,
	0xd2,0xd2,0xd2,0xd2,0xd2,0xd2,0xd2,0xd2,0xd2,0xd2,0xd2,0xd2,0xd2,0xd2,0xd2,0xd2,
	0xd2,0xd2,0xd2,0xd2,0xd2,0xd2,0xd2,0xd2,0x91,0x91,0x91,0x91,0x91,0x91,0x91,0x91,
	0x91,0x91,0x91,0x91,0x91,0x91,0x91,0x91,0x91,0x91,0x91,0x91,0x91,0x91,0x91,0x91,
	0x91,0x91,0x91,0x91,0x91,0x91,0x91,0x91,0x91,0x91,0x91,0x91,0x91,0x91,0x91,0x91,
	0x51,0x51,0x51,0x51,0x51,0x51,0x51,0x51,0x51,0x51,0x51,0x51,0x51,0x51,0x51,0x51,
	0x51,0x51,0x51,0x51,0x51,0x51,0x51,0x51,0x51,0x51,0x51,0x51,0x51,0x51,0x51,0x51,
	0x51,0x51,0x51,0x51,0x51,0x51,0x51,0x51,0x0f,0x0e,0x0f,0x0f,0x10,0x10,0x10,0x10,
	0x0f,0x12,0xeb,0xe9,0xea,0xeb,0xeb,0xeb,0xeb,0xeb,0xeb,0xeb,0xeb,0xeb,0xeb,0xeb,
	0xeb,0xeb,0xeb,0xeb,0xeb,0xeb,0xeb,0xeb,0xeb,0xeb,0xeb,0xeb,0xeb,0xeb,0xeb,0xeb,
	0x10,0x10,0x10,0x10,0x10,0x10,0x10,0x10,0x10,0x10,0x10,0x10,0x10,0x10,0x10,0x10,
	0x10,0x10,0x10,0x10,0x10,0x10,0x10,0x10,0x10,0x10,0x10,0x10,0x14,0x0f,0x10,0xef,
	0xed,0xeb,0xed,0xec,0xec,0xec,0xec,0xec,0xaa,0xaa,0xaa,0xaa,0xaa,0xaa,0xaa,0xaa,
	0xaa,0xaa,0xaa,0xaa,0xaa,0xaa,0xaa,0xaa,0xaa,0xaa,0xaa,0xaa,0xaa,0xaa,0xaa,0xaa,
	0xaa,0xaa,0xaa,0xaa,0xaa,0xaa,0xaa,0xaa,0xaa,0xaa,0xaa,0xaa,0xaa,0xaa,0xaa,0xaa,
	0x6a,0x6a,0x6a,0x6a,0x6a,0x6a,0x6a,0x6a,0x6a,0x6a,0x6a,0x6a,0x6a,0x6a,0x6a,0x6a,
	0x6a,0x6a,0x6a,0x6a,0x6a,0x6a,0x6a,0x6a,0x6a,0x6a,0x6a,0x6a,0x6a,0x6a,0x6a,0x6a,
	0x6a,0x6a,0x6a,0x6a,0x6a,0x6a,0x6a,0x6a,0x29,0x29,0x29,0x29,0x29,0x29,0x29,0x29,
	0x29,0x29,0x29,0x29,0x29,0x29,0x29,0x29,0x29,0x29,0x29,0x29,0x29,0x29,0x29,0x29,
	0x29,0x29,0x29,0x29,0x29,0x29,0x29,0x29,0x29,0x29,0x29,0x29,0x29,0x29,0x29,0x29,
	0xd2,0xd2,0xd2,0xd2,0xd2,0xd2,0xd2,0xd2,0xd2,0xd2,0xd2,0xd2,0xd2,0xd2,0xd2,0xd2,
	0xd2,0xd2,0xd2,0xd2,0xd2,0xd2,0xd2,0xd2,0xd2,0xd2,0xd2,0xd2,0xd2,0xd2,0xd2,0xd2,
	0xd2,0xd2,0xd2,0xd2,0xd2,0xd2,0xd2,0xd2,0x91,0x91,0x91,0x91,0x91,0x91,0x91,0x91,
	0x91,0x91,0x91,0x91,0x91,0x91,0x91,0x91,0x91,0x91,0x91,0x91,0x91,0x91,0x91,0x91,
	0x91,0x91,0x91,0x91,0x91,0x91,0x91,0x91,0x91,0x91,0x91,0x91,0x91,0x91,0x91,0x91,
	0x51,0x51,0x51,0x51,0x51,0x51,0x51,0x51,0x51,0x51,0x51,0x51,0x51,0x51,0x51,0x51,
	0x51,0x51,0x51,0x51,0x51,0x51,0x51,0x51,0x51,0x51,0x51,0x51,0x51,0x51,0x51,0x51,
	0x51,0x51,0x51,0x51,0x51,0x51,0x51,0x51,0x0f,0x0e,0x0f,0x0f,0x10,0x10,0x10,0x10,
	0x0d,0x13,0xec,0xe6,0xea,0xeb,0xeb,0xeb,0xeb,0xeb,0xeb,0xeb,0xeb,0xeb,0xeb,0xeb,
	0xeb,0xeb,0xeb,0xeb,0xeb,0xeb,0xeb,0xeb,0xeb,0xeb,0xeb,0xeb,0xeb,0xeb,0xeb,0xeb,
	0x10,0x10,0x10,0x10,0x10,0x10,0x10,0x10,0x10,0x10,0x10,0x10,0x10,0x10,0x10,0x10,
	0x10,0x10,0x10,0x10,0x10,0x10,0x10,0x10,0x10,0x10,0x10,0x10,0x0c,0x11,0x10,0xeb,
	0xec,0xec,0xed,0xec,0xec,0xec,0xec,0xec,0xaa,0xaa,0xaa,0xaa,0xaa,0xaa,0xaa,0xaa,
	0xaa,0xaa,0xaa,0xaa,0xaa,0xaa,0xaa,0xaa,0xaa,0xaa,0xaa,0xaa,0xaa,0xaa,0xaa,0xaa,
	0xaa,0xaa,0xaa,0xaa,0xaa,0xaa,0xaa,0xaa,0xaa,0xaa,0xaa,0xaa,0xaa,0xaa,0xaa,0xaa,
	0x6a,0x6a,0x6a,0x6a,0x6a,0x6a,0x6a,0x6a,0x6a,0x6a,0x6a,0x6a,0x6a,0x6a,0x6a,0x6a,
	0x6a,0x6a,0x6a,0x6a,0x6a,0x6a,0x6a,0x6a,0x6a,0x6a,0x6a,0x6a,0x6a,0x6a,0x6a,0x6a,
	0x6a,0x6a,0x6a,0x6a,0x6a,0x6a,0x6a,0x6a,0x29,0x29,0x29,0x29,0x29,0x29,0x29,0x29,
	0x29,0x29,0x29,0x29,0x29,0x29,0x29,0x29,0x29,0x29,0x29,0x29,0x29,0x29,0x29,0x29,
	0x29,0x29,0x29,0x29,0x29,0x29,0x29,0x29,0x29,0x29,0x29,0x29,0x29,0x29,0x29,0x29,
	0xd2,0xd2,0xd2,0xd2,0xd2,0xd2,0xd2,0xd2,0xd2,0xd2,0xd2,0xd2,0xd2,0xd2,0xd2,0xd2,
	0xd2,0xd2,0xd2,0xd2,0xd2,0xd2,0xd2,0xd2,0xd2,0xd2,0xd2,0xd2,0xd2,0xd2,0xd2,0xd2,
	0xd2,0xd2,0xd2,0xd2,0xd2,0xd2,0xd2,0xd2,0x91,0x91,0x91,0x91,0x91,0x91,0x91,0x91,
	0x91,0x91,0x91,0x91,0x91,0x91,0x91,0x91,0x91,0x91,0x91,0x91,0x91,0x91,0x91,0x91,
	0x91,0x91,0x91,0x91,0x91,0x91,0x91,0x91,0x91,0x91,0x91,0x91,0x91,0x91,0x91,0x91,
	0x51,0x51,0x51,0x51,0x51,0x51,0x51,0x51,0x51,0x51,0x51,0x51,0x51,0x51,0x51,0x51,
	0x51,0x51,0x51,0x51,0x51,0x51,0x51,0x51,0x51,0x51,0x51,0x51,0x51,0x51,0x51,0x51,
	0x51,0x51,0x51,0x51,0x51,0x51,0x51,0x51,0x0f,0x0e,0x0f,0x0f,0x10,0x10,0x10,0x10,
	0x0d,0x11,0xe8,0xf2,0xeb,0xeb,0xeb,0xeb,0xeb,0xeb,0xeb,0xeb,0xeb,0xeb,0xeb,0xeb,
	0xeb,0xeb,0xeb,0xeb,0xeb,0xeb,0xeb,0xeb,0xeb,0xeb,0xeb,0xeb,0xeb,0xeb,0xeb,0xeb,
	0x10,0x10,0x10,0x10,0x10,0x10,0x10,0x10,0x10,0x10,0x10,0x10,0x10,0x10,0x10,0x10,
	0x10,0x10,0x10,0x10,0x10,0x10,0x10,0x10,0x10,0x10,0x10,0x10,0x12,0x15,0xeb,0xe5,
	0xeb,0xed,0xec,0xec,0xec,0xec,0xec,0xec,0xaa,0xaa,0xaa,0xaa,0xaa,0xaa,0xaa,0xaa,
	0xaa,0xaa,0xaa,0xaa,0xaa,0xaa,0xaa,0xaa,0xaa,0xaa,0xaa,0xaa,0xaa,0xaa,0xaa,0xaa,
	0xaa,0xaa,0xaa,0xaa,0xaa,0xaa,0xaa,0xaa,0xaa,0xaa,0xaa,0xaa,0xaa,0xaa,0xaa,0xaa,
	0x6a,0x6a,0x6a,0x6a,0x6a,0x6a,0x6a,0x6a,0x6a,0x6a,0x6a,0x6a,0x6a,0x6a,0x6a,0x6a,
	0x6a,0x6a,0x6a,0x6a,0x6a,0x6a,0x6a,0x6a,0x6a,0x6a,0x6a,0x6a,0x6a,0x6a,0x6a,0x6a,
	0x6a,0x6a,0x6a,0x6a,0x6a,0x6a,0x6a,0x6a,0x29,0x29,0x29,0x29,0x29,0x29,0x29,0x29,
	0x29,0x29,0x29,0x29,0x29,0x29,0x29,0x29,0x29,0x29,0x29,0x29,0x29,0x29,0x29,0x29,
	0x29,0x29,0x29,0x29,0x29,0x29,0x29,0x29,0x29,0x29,0x29,0x29,0x29,0x29,0x29,0x29,
	0xd2,0xd2,0xd2,0xd2,0xd2,0xd2,0xd2,0xd2,0xd2,0xd2,0xd2,0xd2,0xd2,0xd2,0xd2,0xd2,
	0xd2,0xd2,0xd2,0xd2,0xd2,0xd2,0xd2,0xd2,0xd2,0xd2,0xd2,0xd2,0xd2,0xd2,0xd2,0xd2,
	0xd2,0xd2,0xd2,0xd2,0xd2,0xd2,0xd2,0xd2,0x91,0x91,0x91,0x91,0x91,0x91,0x91,0x91,
	0x91,0x91,0x91,0x91,0x91,0x91,0x91,0x91,0x91,0x91,0x91,0x91,0x91,0x91,0x91,0x91,
	0x91,0x91,0x91,0x91,0x91,0x91,0x91,0x91,0x91,0x91,0x91,0x91,0x91,0x91,0x91,0x91,
	0x51,0x51,0x51,0x51,0x51,0x51,0x51,0x51,0x51,0x51,0x51,0x51,0x51,0x51,0x51,0x51,
	0x51,0x51,0x51,0x51,0x51,0x51,0x51,0x51,0x51,0x51,0x51,0x51,0x51,0x51,0x51,0x51,
	0x51,0x51,0x51,0x51,0x51,0x51,0x51,0x51,0x0f,0x0e,0x0f,0x0f,0x10,0x10,0x10,0x10,
	0x11,0x13,0x0b,0xeb,0xeb,0xeb,0xeb,0xeb,0xeb,0xeb,0xeb,0xeb,0xeb,0xeb,0xeb,0xeb,
	0xeb,0xeb,0xeb,0xeb,0xeb,0xeb,0xeb,0xeb,0xeb,0xeb,0xeb,0xeb,0xeb,0xeb,0xeb,0xeb,
	0x10,0x10,0x10,0x10,0x10,0x10,0x10,0x10,0x10,0x10,0x10,0x10,0x10,0x10,0x10,0x10,
	0x10,0x10,0x10,0x10,0x10,0x10,0x10,0x10,0x10,0x10,0x10,0x10,0x13,0x10,0xe5,0xea,
	0xeb,0xed,0xec,0xec,0xec,0xec,0xec,0xec,0xaa,0xaa,0xaa,0xaa,0xaa,0xaa,0xaa,0xaa,
	0xaa,0xaa,0xaa,0xaa,0xaa,0xaa,0xaa,0xaa,0xaa,0xaa,0xaa,0xaa,0xaa,0xaa,0xaa,0xaa,
	0xaa,0xaa,0xaa,0xaa,0xaa,0xaa,0xaa,0xaa,0xaa,0xaa,0xaa,0xaa,0xaa,0xaa,0xaa,0xaa,
	0x6a,0x6a,0x6a,0x6a,0x6a,0x6a,0x6a,0x6a,0x6a,0x6a,0x6a,0x6a,0x6a,0x6a,0x6a,0x6a,
	0x6a,0x6a,0x6a,0x6a,0x6a,0x6a,0x6a,0x6a,0x6a,0x6a,0x6a,0x6a,0x6a,0x6a,0x6a,0x6a,
	0x6a,0x6a,0x6a,0x6a,0x6a,0x6a,0x6a,0x6a,0x29,0x29,0x29,0x29,0x29,0x29,0x29,0x29,
	0x29,0x29,0x29,0x29,0x29,0x29,0x29,0x29,0x29,0x29,0x29,0x29,0x29,0x29,0x29,0x29,
	0x29,0x29,0x29,0x29,0x29,0x29,0x29,0x29,0x29,0x29,0x29,0x29,0x29,0x29,0x29,0x29,
	0xd2,0xd2,0xd2,0xd2,0xd2,0xd2,0xd2,0xd2,0xd2,0xd2,0xd2,0xd2,0xd2,0xd2,0xd2,0xd2,
	0xd2,0xd2,0xd2,0xd2,0xd2,0xd2,0xd2,0xd2,0xd2,0xd2,0xd2,0xd2,0xd2,0xd2,0xd2,0xd2,
	0xd2,0xd2,0xd2,0xd2,0xd2,0xd2,0xd2,0xd2,0x91,0x91,0x91,0x91,0x91,0x91,0x91,0x91,
	0x91,0x91,0x91,0x91,0x91,0x91,0x91,0x91,0x91,0x91,0x91,0x91,0x91,0x91,0x91,0x91,
	0x91,0x91,0x91,0x91,0x91,0x91,0x91,0x91,0x91,0x91,0x91,0x91,0x91,0x91,0x91,0x91,
	0x51,0x51,0x51,0x51,0x51,0x51,0x51,0x51,0x51,0x51,0x51,0x51,0x51,0x51,0x51,0x51,
	0x51,0x51,0x51,0x51,0x51,0x51,0x51,0x51,0x51,0x51,0x51,0x51,0x51,0x51,0x51,0x51,
	0x51,0x51,0x51,0x51,0x51,0x51,0x51,0x51,0x0f,0x0e,0x0f,0x0f,0x10,0x10,0x10,0x10,
	0x10,0x11,0x12,0xe7,0xeb,0xeb,0xeb,0xeb,0xeb,0xeb,0xeb,0xeb,0xeb,0xeb,0xeb,0xeb,
	0xeb,0xeb,0xeb,0xeb,0xeb,0xeb,0xeb,0xeb,0xeb,0xeb,0xeb,0xeb,0xeb,0xeb,0xeb,0xeb,
	0x10,0x10,0x10,0x10,0x10,0x10,0x10,0x10,0x10,0x10,0x10,0x10,0x10,0x10,0x10,0x10,
	0x10,0x10,0x10,0x10,0x10,0x10,0x10,0x10,0x10,0x10,0x10,0x10,0x12,0xe7,0xed,0xf0,
	0xed,0xec,0xeb,0xeb,0xec,0xec,0xec,0xec,0xaa,0xaa,0xaa,0xaa,0xaa,0xaa,0xaa,0xaa,
	0xaa,0xaa,0xaa,0xaa,0xaa,0xaa,0xaa,0xaa,0xaa,0xaa,0xaa,0xaa,0xaa,0xaa,0xaa,0xaa,
	0xaa,0xaa,0xaa,0xaa,0xaa,0xaa,0xaa,0xaa,0xaa,0xaa,0xaa,0xaa,0xaa,0xaa,0xaa,0xaa,
	0x6a,0x6a,0x6a,0x6a,0x6a,0x6a,0x6a,0x6a,0x6a,0x6a,0x6a,0x6a,0x6a,0x6a,0x6a,0x6a,
	0x6a,0x6a,0x6a,0x6a,0x6a,0x6a,0x6a,0x6a,0x6a,0x6a,0x6a,0x6a,0x6a,0x6a,0x6a,0x6a,
	0x6a,0x6a,0x6a,0x6a,0x6a,0x6a,0x6a,0x6a,0x29,0x29,0x29,0x29,0x29,0x29,0x29,0x29,
	0x29,0x29,0x29,0x29,0x29,0x29,0x29,0x29,0x29,0x29,0x29,0x29,0x29,0x29,0x29,0x29,
	0x29,0x29,0x29,0x29,0x29,0x29,0x29,0x29,0x29,0x29,0x29,0x29,0x29,0x29,0x29,0x29,
	0xd2,0xd2,0xd2,0xd2,0xd2,0xd2,0xd2,0xd2,0xd2,0xd2,0xd2,0xd2,0xd2,0xd2,0xd2,0xd2,
	0xd2,0xd2,0xd2,0xd2,0xd2,0xd2,0xd2,0xd2,0xd2,0xd2,0xd2,0xd2,0xd2,0xd2,0xd2,0xd2,
	0xd2,0xd2,0xd2,0xd2,0xd2,0xd2,0xd2,0xd2,0x91,0x91,0x91,0x91,0x91,0x91,0x91,0x91,
	0x91,0x91,0x91,0x91,0x91,0x91,0x91,0x91,0x91,0x91,0x91,0x91,0x91,0x91,0x91,0x91,
	0x91,0x91,0x91,0x91,0x91,0x91,0x91,0x91,0x91,0x91,0x91,0x91,0x91,0x91,0x91,0x91,
	0x51,0x51,0x51,0x51,0x51,0x51,0x51,0x51,0x51,0x51,0x51,0x51,0x51,0x51,0x51,0x51,
	0x51,0x51,0x51,0x51,0x51,0x51,0x51,0x51,0x51,0x51,0x51,0x51,0x51,0x51,0x51,0x51,
	0x51,0x51,0x51,0x51,0x51,0x51,0x51,0x51,0x0f,0x0e,0x0f,0x0f,0x10,0x10,0x10,0x10,
	0x10,0x11,0x09,0x0f,0xeb,0xeb,0xeb,0xeb,0xeb,0xeb,0xeb,0xeb,0xeb,0xeb,0xeb,0xeb,
	0xeb,0xeb,0xeb,0xeb,0xeb,0xeb,0xeb,0xeb,0xeb,0xeb,0xeb,0xeb,0xeb,0xeb,0xeb,0xeb,
	0x10,0x10,0x10,0x10,0x10,0x10,0x10,0x10,0x10,0x10,0x10,0x10,0x10,0x10,0x10,0x10,
	0x10,0x10,0x10,0x10,0x10,0x10,0x10,0x10,0x10,0x10,0x10,0x10,0x11,0xe9,0xed,0xf0,
	0xed,0xeb,0xea,0xeb,0xeb,0xeb,0xeb,0xeb,0xaa,0xaa,0xaa,0xaa,0xaa,0xaa,0xaa,0xaa,
	0xaa,0xaa,0xaa,0xaa,0xaa,0xaa,0xaa,0xaa,0xaa,0xaa,0xaa,0xaa,0xaa,0xaa,0xaa,0xaa,
	0xaa,0xaa,0xaa,0xaa,0xaa,0xaa,0xaa,0xaa,0xaa,0xaa,0xaa,0xaa,0xaa,0xaa,0xaa,0xaa,
	0x6a,0x6a,0x6a,0x6a,0x6a,0x6a,0x6a,0x6a,0x6a,0x6a,0x6a,0x6a,0x6a,0x6a,0x6a,0x6a,
	0x6a,0x6a,0x6a,0x6a,0x6a,0x6a,0x6a,0x6a,0x6a,0x6a,0x6a,0x6a,0x6a,0x6a,0x6a,0x6a,
	0x6a,0x6a,0x6a,0x6a,0x6a,0x6a,0x6a,0x6a,0x29,0x29,0x29,0x29,0x29,0x29,0x29,0x29,
	0x29,0x29,0x29,0x29,0x29,0x29,0x29,0x29,0x29,0x29,0x29,0x29,0x29,0x29,0x29,0x29,
	0x29,0x29,0x29,0x29,0x29,0x29,0x29,0x29,0x29,0x29,0x29,0x29,0x29,0x29,0x29,0x29,
	0xd2,0xd2,0xd2,0xd2,0xd2,0xd2,0xd2,0xd2,0xd2,0xd2,0xd2,0xd2,0xd2,0xd2,0xd2,0xd2,
	0xd2,0xd2,0xd2,0xd2,0xd2,0xd2,0xd2,0xd2,0xd2,0xd2,0xd2,0xd2,0xd2,0xd2,0xd2,0xd2,
	0xd2,0xd2,0xd2,0xd2,0xd2,0xd2,0xd2,0xd2,0x91,0x91,0x91,0x91,0x91,0x91,0x91,0x91,
	0x91,0x91,0x91,0x91,0x91,0x91,0x91,0x91,0x91,0x91,0x91,0x91,0x91,0x91,0x91,0x91,
	0x91,0x91,0x91,0x91,0x91,0x91,0x91,0x91,0x91,0x91,0x91,0x91,0x91,0x91,0x91,0x91,
	0x51,0x51,0x51,0x51,0x51,0x51,0x51,0x51,0x51,0x51,0x51,0x51,0x51,0x51,0x51,0x51,
	0x51,0x51,0x51,0x51,0x51,0x51,0x51,0x51,0x51,0x51,0x51,0x51,0x51,0x51,0x51,0x51,
	0x51,0x51,0x51,0x51,0x51,0x51,0x51,0x51,0x0f,0x0e,0x0f,0x0f,0x10,0x10,0x10,0x10,
	0x10,0x10,0x10,0x10,0xe5,0xf0,0xe7,0xed,0xeb,0xeb,0xeb,0xeb,0xeb,0xeb,0xeb,0xeb,
	0xeb,0xeb,0xeb,0xeb,0xeb,0xeb,0xeb,0xeb,0xeb,0xeb,0xeb,0xeb,0xeb,0xeb,0xeb,0xeb,
	0x10,0x10,0x10,0x10,0x10,0x10,0x10,0x10,0x10,0x10,0x10,0x10,0x10,0x10,0x10,0x10,
	0x10,0x10,0x10,0x10,0x10,0x10,0x10,0x10,0x10,0x10,0x10,0x10,0x10,0xee,0xed,0xec,
	0xea,0xe9,0xea,0xeb,0xeb,0xeb,0xeb,0xeb,0xaa,0xaa,0xaa,0xaa,0xaa,0xaa,0xaa,0xaa,
	0xaa,0xaa,0xaa,0xaa,0xaa,0xaa,0xaa,0xaa,0xaa,0xaa,0xaa,0xaa,0xaa,0xaa,0xaa,0xaa,
	0xaa,0xaa,0xaa,0xaa,0xaa,0xaa,0xaa,0xaa,0xaa,0xaa,0xaa,0xaa,0xaa,0xaa,0xaa,0xaa,
	0x6a,0x6a,0x6a,0x6a,0x6a,0x6a,0x6a,0x6a,0x6a,0x6a,0x6a,0x6a,0x6a,0x6a,0x6a,0x6a,
	0x6a,0x6a,0x6a,0x6a,0x6a,0x6a,0x6a,0x6a,0x6a,0x6a,0x6a,0x6a,0x6a,0x6a,0x6a,0x6a,
	0x6a,0x6a,0x6a,0x6a,0x6a,0x6a,0x6a,0x6a,0x29,0x29,0x29,0x29,0x29,0x29,0x29,0x29,
	0x29,0x29,0x29,0x29,0x29,0x29,0x29,0x29,0x29,0x29,0x29,0x29,0x29,0x29,0x29,0x29,
	0x29,0x29,0x29,0x29,0x29,0x29,0x29,0x29,0x29,0x29,0x29,0x29,0x29,0x29,0x29,0x29,
	0xd2,0xd2,0xd2,0xd2,0xd2,0xd2,0xd2,0xd2,0xd2,0xd2,0xd2,0xd2,0xd2,0xd2,0xd2,0xd2,
	0xd2,0xd2,0xd2,0xd2,0xd2,0xd2,0xd2,0xd2,0xd2,0xd2,0xd2,0xd2,0xd2,0xd2,0xd2,0xd2,
	0xd2,0xd2,0xd2,0xd2,0xd2,0xd2,0xd2,0xd2,0x91,0x91,0x91,0x91,0x91,0x91,0x91,0x91,
	0x91,0x91,0x91,0x91,0x91,0x91,0x91,0x91,0x91,0x91,0x91,0x91,0x91,0x91,0x91,0x91,
	0x91,0x91,0x91,0x91,0x91,0x91,0x91,0x91,0x91,0x91,0x91,0x91,0x91,0x91,0x91,0x91,
	0x51,0x51,0x51,0x51,0x51,0x51,0x51,0x51,0x51,0x51,0x51,0x51,0x51,0x51,0x51,0x51,
	0x51,0x51,0x51,0x51,0x51,0x51,0x51,0x51,0x51,0x51,0x51,0x51,0x51,0x51,0x51,0x51,
	0x51,0x51,0x51,0x51,0x51,0x51,0x51,0x51,0x0f,0x0e,0x0f,0x0f,0x10,0x10,0x10,0x10,
	0x10,0x10,0x10,0x10,0xea,0xea,0xec,0xef,0xeb,0xeb,0xeb,0xeb,0xeb,0xeb,0xeb,0xeb,
	0xeb,0xeb,0xeb,0xeb,0xeb,0xeb,0xeb,0xeb,0xeb,0xeb,0xeb,0xeb,0xeb,0xeb,0xeb,0xeb,
	0x10,0x10,0x10,0x10,0x10,0x10,0x10,0x10,0x10,0x10,0x10,0x10,0x10,0x10,0x10,0x10,
	0x10,0x10,0x10,0x10,0x10,0x10,0x10,0x10,0x10,0x10,0x10,0x10,0xe9,0xef,0xed,0xed,
	0xea,0xea,0xeb,0xeb,0xeb,0xeb,0xeb,0xeb,0xaa,0xaa,0xaa,0xaa,0xaa,0xaa,0xaa,0xaa,
	0xaa,0xaa,0xaa,0xaa,0xaa,0xaa,0xaa,0xaa,0xaa,0xaa,0xaa,0xaa,0xaa,0xaa,0xaa,0xaa,
	0xaa,0xaa,0xaa,0xaa,0xaa,0xaa,0xaa,0xaa,0xaa,0xaa,0xaa,0xaa,0xaa,0xaa,0xaa,0xaa,
	0x6a,0x6a,0x6a,0x6a,0x6a,0x6a,0x6a,0x6a,0x6a,0x6a,0x6a,0x6a,0x6a,0x6a,0x6a,0x6a,
	0x6a,0x6a,0x6a,0x6a,0x6a,0x6a,0x6a,0x6a,0x6a,0x6a,0x6a,0x6a,0x6a,0x6a,0x6a,0x6a,
	0x6a,0x6a,0x6a,0x6a,0x6a,0x6a,0x6a,0x6a,0x29,0x29,0x29,0x29,0x29,0x29,0x29,0x29,
	0x29,0x29,0x29,0x29,0x29,0x29,0x29,0x29,0x29,0x29,0x29,0x29,0x29,0x29,0x29,0x29,
	0x29,0x29,0x29,0x29,0x29,0x29,0x29,0x29,0x29,0x29,0x29,0x29,0x29,0x29,0x29,0x29,
	0xd2,0xd2,0xd2,0xd2,0xd2,0xd2,0xd2,0xd2,0xd2,0xd2,0xd2,0xd2,0xd2,0xd2,0xd2,0xd2,
	0xd2,0xd2,0xd2,0xd2,0xd2,0xd2,0xd2,0xd2,0xd2,0xd2,0xd2,0xd2,0xd2,0xd2,0xd2,0xd2,
	0xd2,0xd2,0xd2,0xd2,0xd2,0xd2,0xd2,0xd2,0x91,0x91,0x91,0x91,0x91,0x91,0x91,0x91,
	0x91,0x91,0x91,0x91,0x91,0x91,0x91,0x91,0x91,0x91,0x91,0x91,0x91,0x91,0x91,0x91,
	0x91,0x91,0x91,0x91,0x91,0x91,0x91,0x91,0x91,0x91,0x91,0x91,0x91,0x91,0x91,0x91,
	0x51,0x51,0x51,0x51,0x51,0x51,0x51,0x51,0x51,0x51,0x51,0x51,0x51,0x51,0x51,0x51,
	0x51,0x51,0x51,0x51,0x51,0x51,0x51,0x51,0x51,0x51,0x51,0x51,0x51,0x51,0x51,0x51,
	0x51,0x51,0x51,0x51,0x51,0x51,0x51,0x51,0x0f,0x0e,0x0f,0x0f,0x10,0x10,0x10,0x10,
	0x10,0x10,0x10,0x10,0x15,0xef,0xee,0xe7,0xeb,0xeb,0xeb,0xeb,0xeb,0xeb,0xeb,0xeb,
	0xeb,0xeb,0xeb,0xeb,0xeb,0xeb,0xeb,0xeb,0xeb,0xeb,0xeb,0xeb,0xeb,0xeb,0xeb,0xeb,
	0x10,0x10,0x10,0x10,0x10,0x10,0x10,0x10,0x10,0x10,0x10,0x10,0x10,0x10,0x10,0x10,
	0x10,0x10,0x10,0x10,0x10,0x10,0x10,0x10,0x10,0x10,0x10,0x10,0xea,0xe8,0xec,0xe7,
	0xe9,0xeb,0xeb,0xeb,0xeb,0xeb,0xeb,0xeb,0xaa,0xaa,0xaa,0xaa,0xaa,0xaa,0xaa,0xaa,
	0xaa,0xaa,0xaa,0xaa,0xaa,0xaa,0xaa,0xaa,0xaa,0xaa,0xaa,0xaa,0xaa,0xaa,0xaa,0xaa,
	0xaa,0xaa,0xaa,0xaa,0xaa,0xaa,0xaa,0xaa,0xaa,0xaa,0xaa,0xaa,0xaa,0xaa,0xaa,0xaa,
	0x6a,0x6a,0x6a,0x6a,0x6a,0x6a,0x6a,0x6a,0x6a,0x6a,0x6a,0x6a,0x6a,0x6a,0x6a,0x6a,
	0x6a,0x6a,0x6a,0x6a,0x6a,0x6a,0x6a,0x6a,0x6a,0x6a,0x6a,0x6a,0x6a,0x6a,0x6a,0x6a,
	0x6a,0x6a,0x6a,0x6a,0x6a,0x6a,0x6a,0x6a,0x29,0x29,0x29,0x29,0x29,0x29,0x29,0x29,
	0x29,0x29,0x29,0x29,0x29,0x29,0x29,0x29,0x29,0x29,0x29,0x29,0x29,0x29,0x29,0x29,
	0x29,0x29,0x29,0x29,0x29,0x29,0x29,0x29,0x29,0x29,0x29,0x29,0x29,0x29,0x29,0x29,
	0xd2,0xd2,0xd2,0xd2,0xd2,0xd2,0xd2,0xd2,0xd2,0xd2,0xd2,0xd2,0xd2,0xd2,0xd2,0xd2,
	0xd2,0xd2,0xd2,0xd2,0xd2,0xd2,0xd2,0xd2,0xd2,0xd2,0xd2,0xd2,0xd2,0xd2,0xd2,0xd2,
	0xd2,0xd2,0xd2,0xd2,0xd2,0xd2,0xd2,0xd2,0x91,0x91,0x91,0x91,0x91,0x91,0x91,0x91,
	0x91,0x91,0x91,0x91,0x91,0x91,0x91,0x91,0x91,0x91,0x91,0x91,0x91,0x91,0x91,0x91,
	0x91,0x91,0x91,0x91,0x91,0x91,0x91,0x91,0x91,0x91,0x91,0x91,0x91,0x91,0x91,0x91,
	0x51,0x51,0x51,0x51,0x51,0x51,0x51,0x51,0x51,0x51,0x51,0x51,0x51,0x51,0x51,0x51,
	0x51,0x51,0x51,0x51,0x51,0x51,0x51,0x51,0x51,0x51,0x51,0x51,0x51,0x51,0x51,0x51,
	0x51,0x51,0x51,0x51,0x51,0x51,0x51,0x51,0x0f,0x0e,0x0f,0x0f,0x10,0x10,0x10,0x10,
	0x10,0x10,0x10,0x10,0x13,0xe8,0xe9,0xec,0xeb,0xeb,0xeb,0xeb,0xeb,0xeb,0xeb,0xeb,
	0xeb,0xeb,0xeb,0xeb,0xeb,0xeb,0xeb,0xeb,0xeb,0xeb,0xeb,0xeb,0xeb,0xeb,0xeb,0xeb,
	0x10,0x10,0x10,0x10,0x10,0x10,0x10,0x10,0x10,0x10,0x10,0x10,0x10,0x10,0x10,0x10,
	0x10,0x10,0x10,0x10,0x10,0x10,0x10,0x10,0x13,0x0f,0x11,0x0e,0xe8,0xed,0xeb,0xeb,
	0xeb,0xeb,0xeb,0xeb,0xeb,0xeb,0xeb,0xeb,0xaa,0xaa,0xaa,0xaa,0xaa,0xaa,0xaa,0xaa,
	0xaa,0xaa,0xaa,0xaa,0xaa,0xaa,0xaa,0xaa,0xaa,0xaa,0xaa,0xaa,0xaa,0xaa,0xaa,0xaa,
	0xaa,0xaa,0xaa,0xaa,0xaa,0xaa,0xaa,0xaa,0xaa,0xaa,0xaa,0xaa,0xaa,0xaa,0xaa,0xaa,
	0x6a,0x6a,0x6a,0x6a,0x6a,0x6a,0x6a,0x6a,0x6a,0x6a,0x6a,0x6a,0x6a,0x6a,0x6a,0x6a,
	0x6a,0x6a,0x6a,0x6a,0x6a,0x6a,0x6a,0x6a,0x6a,0x6a,0x6a,0x6a,0x6a,0x6a,0x6a,0x6a,
	0x6a,0x6a,0x6a,0x6a,0x6a,0x6a,0x6a,0x6a,0x29,0x29,0x29,0x29,0x29,0x29,0x29,0x29,
	0x29,0x29,0x29,0x29,0x29,0x29,0x29,0x29,0x29,0x29,0x29,0x29,0x29,0x29,0x29,0x29,
	0x29,0x29,0x29,0x29,0x29,0x29,0x29,0x29,0x29,0x29,0x29,0x29,0x29,0x29,0x29,0x29,
	0xd2,0xd2,0xd2,0xd2,0xd2,0xd2,0xd2,0xd2,0xd2,0xd2,0xd2,0xd2,0xd2,0xd2,0xd2,0xd2,
	0xd2,0xd2,0xd2,0xd2,0xd2,0xd2,0xd2,0xd2,0xd2,0xd2,0xd2,0xd2,0xd2,0xd2,0xd2,0xd2,
	0xd2,0xd2,0xd2,0xd2,0xd2,0xd2,0xd2,0xd2,0x91,0x91,0x91,0x91,0x91,0x91,0x91,0x91,
	0x91,0x91,0x91,0x91,0x91,0x91,0x91,0x91,0x91,0x91,0x91,0x91,0x91,0x91,0x91,0x91,
	0x91,0x91,0x91,0x91,0x91,0x91,0x91,0x91,0x91,0x91,0x91,0x91,0x91,0x91,0x91,0x91,
	0x51,0x51,0x51,0x51,0x51,0x51,0x51,0x51,0x51,0x51,0x51,0x51,0x51,0x51,0x51,0x51,
	0x51,0x51,0x51,0x51,0x51,0x51,0x51,0x51,0x51,0x51,0x51,0x51,0x51,0x51,0x51,0x51,
	0x51,0x51,0x51,0x51,0x51,0x51,0x51,0x51,0x0f,0x0e,0x0f,0x0f,0x10,0x10,0x10,0x10,
	0x10,0x10,0x10,0x10,0x12,0xec,0xe3,0xea,0xeb,0xeb,0xeb,0xeb,0xeb,0xeb,0xeb,0xeb,
	0xeb,0xeb,0xeb,0xeb,0xeb,0xeb,0xeb,0xeb,0xeb,0xeb,0xeb,0xeb,0xeb,0xeb,0xeb,0xeb,
	0x10,0x10,0x10,0x10,0x10,0x10,0x10,0x10,0x10,0x10,0x10,0x10,0x10,0x10,0x10,0x10,
	0x10,0x10,0x10,0x10,0x10,0x10,0x10,0x10,0x0f,0x0c,0x11,0xe8,0xed,0xeb,0xeb,0xeb,
	0xeb,0xeb,0xeb,0xeb,0xeb,0xeb,0xeb,0xeb,0xaa,0xaa,0xaa,0xaa,0xaa,0xaa,0xaa,0xaa,
	0xaa,0xaa,0xaa,0xaa,0xaa,0xaa,0xaa,0xaa,0xaa,0xaa,0xaa,0xaa,0xaa,0xaa,0xaa,0xaa,
	0xaa,0xaa,0xaa,0xaa,0xaa,0xaa,0xaa,0xaa,0xaa,0xaa,0xaa,0xaa,0xaa,0xaa,0xaa,0xaa,
	0x6a,0x6a,0x6a,0x6a,0x6a,0x6a,0x6a,0x6a,0x6a,0x6a,0x6a,0x6a,0x6a,0x6a,0x6a,0x6a,
	0x6a,0x6a,0x6a,0x6a,0x6a,0x6a,0x6a,0x6a,0x6a,0x6a,0x6a,0x6a,0x6a,0x6a,0x6a,0x6a,
	0x6a,0x6a,0x6a,0x6a,0x6a,0x6a,0x6a,0x6a,0x29,0x29,0x29,0x29,0x29,0x29,0x29,0x29,
	0x29,0x29,0x29,0x29,0x29,0x29,0x29,0x29,0x29,0x29,0x29,0x29,0x29,0x29,0x29,0x29,
	0x29,0x29,0x29,0x29,0x29,0x29,0x29,0x29,0x29,0x29,0x29,0x29,0x29,0x29,0x29,0x29,
	0xd2,0xd2,0xd2,0xd2,0xd2,0xd2,0xd2,0xd2,0xd2,0xd2,0xd2,0xd2,0xd2,0xd2,0xd2,0xd2,
	0xd2,0xd2,0xd2,0xd2,0xd2,0xd2,0xd2,0xd2,0xd2,0xd2,0xd2,0xd2,0xd2,0xd2,0xd2,0xd2,
	0xd2,0xd2,0xd2,0xd2,0xd2,0xd2,0xd2,0xd2,0x91,0x91,0x91,0x91,0x91,0x91,0x91,0x91,
	0x91,0x91,0x91,0x91,0x91,0x91,0x91,0x91,0x91,0x91,0x91,0x91,0x91,0x91,0x91,0x91,
	0x91,0x91,0x91,0x91,0x91,0x91,0x91,0x91,0x91,0x91,0x91,0x91,0x91,0x91,0x91,0x91,
	0x51,0x51,0x51,0x51,0x51,0x51,0x51,0x51,0x51,0x51,0x51,0x51,0x51,0x51,0x51,0x51,
	0x51,0x51,0x51,0x51,0x51,0x51,0x51,0x51,0x51,0x51,0x51,0x51,0x51,0x51,0x51,0x51,
	0x51,0x51,0x51,0x51,0x51,0x51,0x51,0x51,0x0f,0x0e,0x0f,0x0f,0x10,0x10,0x10,0x10,
	0x10,0x10,0x10,0x10,0x0e,0x15,0xee,0xee,0xeb,0xeb,0xeb,0xeb,0xeb,0xeb,0xeb,0xeb,
	0xeb,0xeb,0xeb,0xeb,0xeb,0xeb,0xeb,0xeb,0xeb,0xeb,0xeb,0xeb,0xeb,0xeb,0xeb,0xeb,
	0x10,0x10,0x10,0x10,0x10,0x10,0x10,0x10,0x10,0x10,0x10,0x10,0x10,0x10,0x10,0x10,
	0x10,0x10,0x10,0x10,0x10,0x10,0x10,0x10,0x11,0x0c,0x10,0xed,0xeb,0xeb,0xeb,0xeb,
	0xeb,0xeb,0xeb,0xeb,0xeb,0xeb,0xeb,0xeb,0xaa,0xaa,0xaa,0xaa,0xaa,0xaa,0xaa,0xaa,
	0xaa,0xaa,0xaa,0xaa,0xaa,0xaa,0xaa,0xaa,0xaa,0xaa,0xaa,0xaa,0xaa,0xaa,0xaa,0xaa,
	0xaa,0xaa,0xaa,0xaa,0xaa,0xaa,0xaa,0xaa,0xaa,0xaa,0xaa,0xaa,0xaa,0xaa,0xaa,0xaa,
	0x6a,0x6a,0x6a,0x6a,0x6a,0x6a,0x6a,0x6a,0x6a,0x6a,0x6a,0x6a,0x6a,0x6a,0x6a,0x6a,
	0x6a,0x6a,0x6a,0x6a,0x6a,0x6a,0x6a,0x6a,0x6a,0x6a,0x6a,0x6a,0x6a,0x6a,0x6a,0x6a,
	0x6a,0x6a,0x6a,0x6a,0x6a,0x6a,0x6a,0x6a,0x29,0x29,0x29,0x29,0x29,0x29,0x29,0x29,
	0x29,0x29,0x29,0x29,0x29,0x29,0x29,0x29,0x29,0x29,0x29,0x29,0x29,0x29,0x29,0x29,
	0x29,0x29,0x29,0x29,0x29,0x29,0x29,0x29,0x29,0x29,0x29,0x29,0x29,0x29,0x29,0x29,
	0xd2,0xd2,0xd2,0xd2,0xd2,0xd2,0xd2,0xd2,0xd2,0xd2,0xd2,0xd2,0xd2,0xd2,0xd2,0xd2,
	0xd2,0xd2,0xd2,0xd2,0xd2,0xd2,0xd2,0xd2,0xd2,0xd2,0xd2,0xd2,0xd2,0xd2,0xd2,0xd2,
	0xd2,0xd2,0xd2,0xd2,0xd2,0xd2,0xd2,0xd2,0x91,0x91,0x91,0x91,0x91,0x91,0x91,0x91,
	0x91,0x91,0x91,0x91,0x91,0x91,0x91,0x91,0x91,0x91,0x91,0x91,0x91,0x91,0x91,0x91,
	0x91,0x91,0x91,0x91,0x91,0x91,0x91,0x91,0x91,0x91,0x91,0x91,0x91,0x91,0x91,0x91,
	0x51,0x51,0x51,0x51,0x51,0x51,0x51,0x51,0x51,0x51,0x51,0x51,0x51,0x51,0x51,0x51,
	0x51,0x51,0x51,0x51,0x51,0x51,0x51,0x51,0x51,0x51,0x51,0x51,0x51,0x51,0x51,0x51,
	0x51,0x51,0x51,0x51,0x51,0x51,0x51,0x51,0x0f,0x0e,0x0f,0x0f,0x10,0x10,0x10,0x10,
	0x10,0x10,0x10,0x10,0x0e,0x11,0xeb,0xec,0xeb,0xeb,0xeb,0xeb,0xeb,0xeb,0xeb,0xeb,
	0xeb,0xeb,0xeb,0xeb,0xeb,0xeb,0xeb,0xeb,0xeb,0xeb,0xeb,0xeb,0xeb,0xeb,0xeb,0xeb,
	0x10,0x10,0x10,0x10,0x10,0x10,0x10,0x10,0x10,0x10,0x10,0x10,0x10,0x10,0x10,0x10,
	0x10,0x10,0x10,0x10,0x10,0x10,0x10,0x10,0x0c,0x12,0x0f,0xeb,0xeb,0xeb,0xeb,0xeb,
	0xeb,0xeb,0xeb,0xeb,0xeb,0xeb,0xeb,0xeb,0xaa,0xaa,0xaa,0xaa,0xaa,0xaa,0xaa,0xaa,
	0xaa,0xaa,0xaa,0xaa,0xaa,0xaa,0xaa,0xaa,0xaa,0xaa,0xaa,0xaa,0xaa,0xaa,0xaa,0xaa,
	0xaa,0xaa,0xaa,0xaa,0xaa,0xaa,0xaa,0xaa,0xaa,0xaa,0xaa,0xaa,0xaa,0xaa,0xaa,0xaa,
	0x6a,0x6a,0x6a,0x6a,0x6a,0x6a,0x6a,0x6a,0x6a,0x6a,0x6a,0x6a,0x6a,0x6a,0x6a,0x6a,
	0x6a,0x6a,0x6a,0x6a,0x6a,0x6a,0x6a,0x6a,0x6a,0x6a,0x6a,0x6a,0x6a,0x6a,0x6a,0x6a,
	0x6a,0x6a,0x6a,0x6a,0x6a,0x6a,0x6a,0x6a,0x29,0x29,0x29,0x29,0x29,0x29,0x29,0x29,
	0x29,0x29,0x29,0x29,0x29,0x29,0x29,0x29,0x29,0x29,0x29,0x29,0x29,0x29,0x29,0x29,
	0x29,0x29,0x29,0x29,0x29,0x29,0x29,0x29,0x29,0x29,0x29,0x29,0x29,0x29,0x29,0x29,
	0xd2,0xd2,0xd2,0xd2,0xd2,0xd2,0xd2,0xd2,0xd2,0xd2,0xd2,0xd2,0xd2,0xd2,0xd2,0xd2,
	0xd2,0xd2,0xd2,0xd2,0xd2,0xd2,0xd2,0xd2,0xd2,0xd2,0xd2,0xd2,0xd2,0xd2,0xd2,0xd2,
	0xd2,0xd2,0xd2,0xd2,0xd2,0xd2,0xd2,0xd2,0x91,0x91,0x91,0x91,0x91,0x91,0x91,0x91,
	0x91,0x91,0x91,0x91,0x91,0x91,0x91,0x91,0x91,0x91,0x91,0x91,0x91,0x91,0x91,0x91,
	0x91,0x91,0x91,0x91,0x91,0x91,0x91,0x91,0x91,0x91,0x91,0x91,0x91,0x91,0x91,0x91,
	0x51,0x51,0x51,0x51,0x51,0x51,0x51,0x51,0x51,0x51,0x51,0x51,0x51,0x51,0x51,0x51,
	0x51,0x51,0x51,0x51,0x51,0x51,0x51,0x51,0x51,0x51,0x51,0x51,0x51,0x51,0x51,0x51,
	0x51,0x51,0x51,0x51,0x51,0x51,0x51,0x51,0x0f,0x0e,0x0f,0x0f,0x10,0x10,0x10,0x10,
	0x10,0x10,0x10,0x10,0x14,0x15,0xeb,0xf1,0xeb,0xeb,0xeb,0xeb,0xeb,0xeb,0xeb,0xeb,
	0xeb,0xeb,0xeb,0xeb,0xeb,0xeb,0xeb,0xeb,0xeb,0xeb,0xeb,0xeb,0xeb,0xeb,0xeb,0xeb,
	0x10,0x10,0x10,0x10,0x10,0x10,0x10,0x10,0x10,0x10,0x10,0x10,0x10,0x10,0x10,0x10,
	0x10,0x10,0x10,0x10,0x10,0x10,0x10,0x10,0x11,0x13,0xec,0xeb,0xeb,0xeb,0xeb,0xeb,
	0xeb,0xeb,0xeb,0xeb,0xeb,0xeb,0xeb,0xeb,0xaa,0xaa,0xaa,0xaa,0xaa,0xaa,0xaa,0xaa,
	0xaa,0xaa,0xaa,0xaa,0xaa,0xaa,0xaa,0xaa,0xaa,0xaa,0xaa,0xaa,0xaa,0xaa,0xaa,0xaa,
	0xaa,0xaa,0xaa,0xaa,0xaa,0xaa,0xaa,0xaa,0xaa,0xaa,0xaa,0xaa,0xaa,0xaa,0xaa,0xaa,
	0x6a,0x6a,0x6a,0x6a,0x6a,0x6a,0x6a,0x6a,0x6a,0x6a,0x6a,0x6a,0x6a,0x6a,0x6a,0x6a,
	0x6a,0x6a,0x6a,0x6a,0x6a,0x6a,0x6a,0x6a,0x6a,0x6a,0x6a,0x6a,0x6a,0x6a,0x6a,0x6a,
	0x6a,0x6a,0x6a,0x6a,0x6a,0x6a,0x6a,0x6a,0x29,0x29,0x29,0x29,0x29,0x29,0x29,0x29,
	0x29,0x29,0x29,0x29,0x29,0x29,0x29,0x29,0x29,0x29,0x29,0x29,0x29,0x29,0x29,0x29,
	0x29,0x29,0x29,0x29,0x29,0x29,0x29,0x29,0x29,0x29,0x29,0x29,0x29,0x29,0x29,0x29,
	0xd2,0xd2,0xd2,0xd2,0xd2,0xd2,0xd2,0xd2,0xd2,0xd2,0xd2,0xd2,0xd2,0xd2,0xd2,0xd2,
	0xd2,0xd2,0xd2,0xd2,0xd2,0xd2,0xd2,0xd2,0xd2,0xd2,0xd2,0xd2,0xd2,0xd2,0xd2,0xd2,
	0xd2,0xd2,0xd2,0xd2,0xd2,0xd2,0xd2,0xd2,0x91,0x91,0x91,0x91,0x91,0x91,0x91,0x91,
	0x91,0x91,0x91,0x91,0x91,0x91,0x91,0x91,0x91,0x91,0x91,0x91,0x91,0x91,0x91,0x91,
	0x91,0x91,0x91,0x91,0x91,0x91,0x91,0x91,0x91,0x91,0x91,0x91,0x91,0x91,0x91,0x91,
	0x51,0x51,0x51,0x51,0x51,0x51,0x51,0x51,0x51,0x51,0x51,0x51,0x51,0x51,0x51,0x51,
	0x51,0x51,0x51,0x51,0x51,0x51,0x51,0x51,0x51,0x51,0x51,0x51,0x51,0x51,0x51,0x51,
	0x51,0x51,0x51,0x51,0x51,0x51,0x51,0x51,0x0f,0x0e,0x0f,0x0f,0x10,0x10,0x10,0x10,
	0x10,0x10,0x10,0x10,0x0e,0x0d,0x16,0xee,0xeb,0xeb,0xeb,0xeb,0xeb,0xeb,0xeb,0xeb,
	0xeb,0xeb,0xeb,0xeb,0xeb,0xeb,0xeb,0xeb,0xeb,0xeb,0xeb,0xeb,0xeb,0xeb,0xeb,0xeb,
	0x10,0x10,0x10,0x10,0x10,0x10,0x10,0x10,0x10,0x10,0x10,0x10,0x10,0x10,0x10,0x10,
	0x10,0x10,0x10,0x10,0x10,0x10,0x10,0x10,0x09,0x0c,0xee,0xef,0xeb,0xeb,0xeb,0xeb,
	0xeb,0xeb,0xeb,0xeb,0xeb,0xeb,0xeb,0xeb,0xaa,0xaa,0xaa,0xaa,0xaa,0xaa,0xaa,0xaa,
	0xaa,0xaa,0xaa,0xaa,0xaa,0xaa,0xaa,0xaa,0xaa,0xaa,0xaa,0xaa,0xaa,0xaa,0xaa,0xaa,
	0xaa,0xaa,0xaa,0xaa,0xaa,0xaa,0xaa,0xaa,0xaa,0xaa,0xaa,0xaa,0xaa,0xaa,0xaa,0xaa,
	0x6a,0x6a,0x6a,0x6a,0x6a,0x6a,0x6a,0x6a,0x6a,0x6a,0x6a,0x6a,0x6a,0x6a,0x6a,0x6a,
	0x6a,0x6a,0x6a,0x6a,0x6a,0x6a,0x6a,0x6a,0x6a,0x6a,0x6a,0x6a,0x6a,0x6a,0x6a,0x6a,
	0x6a,0x6a,0x6a,0x6a,0x6a,0x6a,0x6a,0x6a,0x29,0x29,0x29,0x29,0x29,0x29,0x29,0x29,
	0x29,0x29,0x29,0x29,0x29,0x29,0x29,0x29,0x29,0x29,0x29,0x29,0x29,0x29,0x29,0x29,
	0x29,0x29,0x29,0x29,0x29,0x29,0x29,0x29,0x29,0x29,0x29,0x29,0x29,0x29,0x29,0x29,
	0xd2,0xd2,0xd2,0xd2,0xd2,0xd2,0xd2,0xd2,0xd2,0xd2,0xd2,0xd2,0xd2,0xd2,0xd2,0xd2,
	0xd2,0xd2,0xd2,0xd2,0xd2,0xd2,0xd2,0xd2,0xd2,0xd2,0xd2,0xd2,0xd2,0xd2,0xd2,0xd2,
	0xd2,0xd2,0xd2,0xd2,0xd2,0xd2,0xd2,0xd2,0x91,0x91,0x91,0x91,0x91,0x91,0x91,0x91,
	0x91,0x91,0x91,0x91,0x91,0x91,0x91,0x91,0x91,0x91,0x91,0x91,0x91,0x91,0x91,0x91,
	0x91,0x91,0x91,0x91,0x91,0x91,0x91,0x91,0x91,0x91,0x91,0x91,0x91,0x91,0x91,0x91,
	0x51,0x51,0x51,0x51,0x51,0x51,0x51,0x51,0x51,0x51,0x51,0x51,0x51,0x51,0x51,0x51,
	0x51,0x51,0x51,0x51,0x51,0x51,0x51,0x51,0x51,0x51,0x51,0x51,0x51,0x51,0x51,0x51,
	0x51,0x51,0x51,0x51,0x51,0x51,0x51,0x51,0x0f,0x0e,0x0f,0x0f,0x10,0x10,0x10,0x10,
	0x10,0x10,0x10,0x10,0x15,0x0f,0x10,0xe8,0xeb,0xeb,0xeb,0xeb,0xeb,0xeb,0xeb,0xeb,
	0xeb,0xeb,0xeb,0xeb,0xeb,0xeb,0xeb,0xeb,0xeb,0xeb,0xeb,0xeb,0xeb,0xeb,0xeb,0xeb,
	0x10,0x10,0x10,0x10,0x10,0x10,0x10,0x10,0x10,0x10,0x10,0x10,0x10,0x10,0x10,0x10,
	0x10,0x10,0x10,0x10,0x10,0x10,0x10,0x10,0x17,0x0c,0xeb,0xf0,0xeb,0xeb,0xeb,0xeb,
	0xeb,0xeb,0xeb,0xeb,0xeb,0xeb,0xeb,0xeb,0xaa,0xaa,0xaa,0xaa,0xaa,0xaa,0xaa,0xaa,
	0xaa,0xaa,0xaa,0xaa,0xaa,0xaa,0xaa,0xaa,0xaa,0xaa,0xaa,0xaa,0xaa,0xaa,0xaa,0xaa,
	0xaa,0xaa,0xaa,0xaa,0xaa,0xaa,0xaa,0xaa,0xaa,0xaa,0xaa,0xaa,0xaa,0xaa,0xaa,0xaa,
	0x6a,0x6a,0x6a,0x6a,0x6a,0x6a,0x6a,0x6a,0x6a,0x6a,0x6a,0x6a,0x6a,0x6a,0x6a,0x6a,
	0x6a,0x6a,0x6a,0x6a,0x6a,0x6a,0x6a,0x6a,0x6a,0x6a,0x6a,0x6a,0x6a,0x6a,0x6a,0x6a,
	0x6a,0x6a,0x6a,0x6a,0x6a,0x6a,0x6a,0x6a,0x29,0x29,0x29,0x29,0x29,0x29,0x29,0x29,
	0x29,0x29,0x29,0x29,0x29,0x29,0x29,0x29,0x29,0x29,0x29,0x29,0x29,0x29,0x29,0x29,
	0x29,0x29,0x29,0x29,0x29,0x29,0x29,0x29,0x29,0x29,0x29,0x29,0x29,0x29,0x29,0x29,
	0xd2,0xd2,0xd2,0xd2,0xd2,0xd2,0xd2,0xd2,0xd2,0xd2,0xd2,0xd2,0xd2,0xd2,0xd2,0xd2,
	0xd2,0xd2,0xd2,0xd2,0xd2,0xd2,0xd2,0xd2,0xd2,0xd2,0xd2,0xd2,0xd2,0xd2,0xd2,0xd2,
	0xd2,0xd2,0xd2,0xd2,0xd2,0xd2,0xd2,0xd2,0x91,0x91,0x91,0x91,0x91,0x91,0x91,0x91,
	0x91,0x91,0x91,0x91,0x91,0x91,0x91,0x91,0x91,0x91,0x91,0x91,0x91,0x91,0x91,0x91,
	0x91,0x91,0x91,0x91,0x91,0x91,0x91,0x91,0x91,0x91,0x91,0x91,0x91,0x91,0x91,0x91,
	0x51,0x51,0x51,0x51,0x51,0x51,0x51,0x51,0x51,0x51,0x51,0x51,0x51,0x51,0x51,0x51,
	0x51,0x51,0x51,0x51,0x51,0x51,0x51,0x51,0x51,0x51,0x51,0x51,0x51,0x51,0x51,0x51,
	0x51,0x51,0x51,0x51,0x51,0x51,0x51,0x51,0x0f,0x0e,0x0f,0x0f,0x10,0x10,0x10,0x10,
	0x10,0x10,0x10,0x10,0x14,0x13,0x11,0xe9,0xeb,0xeb,0xeb,0xeb,0xeb,0xeb,0xeb,0xeb,
	0xeb,0xeb,0xeb,0xeb,0xeb,0xeb,0xeb,0xeb,0xeb,0xeb,0xeb,0xeb,0xeb,0xeb,0xeb,0xeb,
	0x10,0x10,0x10,0x10,0x10,0x10,0x10,0x10,0x10,0x10,0x10,0x10,0x10,0x10,0x10,0x10,
	0x10,0x10,0x10,0x10,0x10,0x10,0x10,0x10,0x0f,0xeb,0xe7,0xec,0xeb,0xeb,0xeb,0xeb,
	0xeb,0xeb,0xeb,0xeb,0xeb,0xeb,0xeb,0xeb,0xaa,0xaa,0xaa,0xaa,0xaa,0xaa,0xaa,0xaa,
	0xaa,0xaa,0xaa,0xaa,0xaa,0xaa,0xaa,0xaa,0xaa,0xaa,0xaa,0xaa,0xaa,0xaa,0xaa,0xaa,
	0xaa,0xaa,0xaa,0xaa,0xaa,0xaa,0xaa,0xaa,0xaa,0xaa,0xaa,0xaa,0xaa,0xaa,0xaa,0xaa,
	0x6a,0x6a,0x6a,0x6a,0x6a,0x6a,0x6a,0x6a,0x6a,0x6a,0x6a,0x6a,0x6a,0x6a,0x6a,0x6a,
	0x6a,0x6a,0x6a,0x6a,0x6a,0x6a,0x6a,0x6a,0x6a,0x6a,0x6a,0x6a,0x6a,0x6a,0x6a,0x6a,
	0x6a,0x6a,0x6a,0x6a,0x6a,0x6a,0x6a,0x6a,0x29,0x29,0x29,0x29,0x29,0x29,0x29,0x29,
	0x29,0x29,0x29,0x29,0x29,0x29,0x29,0x29,0x29,0x29,0x29,0x29,0x29,0x29,0x29,0x29,
	0x29,0x29,0x29,0x29,0x29,0x29,0x29,0x29,0x29,0x29,0x29,0x29,0x29,0x29,0x29,0x29,
	0xd2,0xd2,0xd2,0xd2,0xd2,0xd2,0xd2,0xd2,0xd2,0xd2,0xd2,0xd2,0xd2,0xd2,0xd2,0xd2,
	0xd2,0xd2,0xd2,0xd2,0xd2,0xd2,0xd2,0xd2,0xd2,0xd2,0xd2,0xd2,0xd2,0xd2,0xd2,0xd2,
	0xd2,0xd2,0xd2,0xd2,0xd2,0xd2,0xd2,0xd2,0x91,0x91,0x91,0x91,0x91,0x91,0x91,0x91,
	0x91,0x91,0x91,0x91,0x91,0x91,0x91,0x91,0x91,0x91,0x91,0x91,0x91,0x91,0x91,0x91,
	0x91,0x91,0x91,0x91,0x91,0x91,0x91,0x91,0x91,0x91,0x91,0x91,0x91,0x91,0x91,0x91,
	0x51,0x51,0x51,0x51,0x51,0x51,0x51,0x51,0x51,0x51,0x51,0x51,0x51,0x51,0x51,0x51,
	0x51,0x51,0x51,0x51,0x51,0x51,0x51,0x51,0x51,0x51,0x51,0x51,0x51,0x51,0x51,0x51,
	0x51,0x51,0x51,0x51,0x51,0x51,0x51,0x51,0x0f,0x0e,0x0f,0x0f,0x10,0x10,0x10,0x10,
	0x10,0x10,0x10,0x10,0x10,0x12,0x10,0x0d,0xeb,0xeb,0xeb,0xeb,0xeb,0xeb,0xeb,0xeb,
	0xeb,0xeb,0xeb,0xeb,0xeb,0xeb,0xeb,0xeb,0xeb,0xeb,0xeb,0xeb,0xeb,0xeb,0xeb,0xeb,
	0x10,0x10,0x10,0x10,0x10,0x10,0x10,0x10,0x10,0x10,0x10,0x10,0x10,0x10,0x10,0x10,
	0x10,0x10,0x10,0x10,0x10,0x10,0x10,0x10,0x0d,0xe8,0xe8,0xec,0xeb,0xeb,0xeb,0xeb,
	0xeb,0xeb,0xeb,0xeb,0xeb,0xeb,0xeb,0xeb,0xaa,0xaa,0xaa,0xaa,0xaa,0xaa,0xaa,0xaa,
	0xaa,0xaa,0xaa,0xaa,0xaa,0xaa,0xaa,0xaa,0xaa,0xaa,0xaa,0xaa,0xaa,0xaa,0xaa,0xaa,
	0xaa,0xaa,0xaa,0xaa,0xaa,0xaa,0xaa,0xaa,0xaa,0xaa,0xaa,0xaa,0xaa,0xaa,0xaa,0xaa,
	0x6a,0x6a,0x6a,0x6a,0x6a,0x6a,0x6a,0x6a,0x6a,0x6a,0x6a,0x6a,0x6a,0x6a,0x6a,0x6a,
	0x6a,0x6a,0x6a,0x6a,0x6a,0x6a,0x6a,0x6a,0x6a,0x6a,0x6a,0x6a,0x6a,0x6a,0x6a,0x6a,
	0x6a,0x6a,0x6a,0x6a,0x6a,0x6a,0x6a,0x6a,0x29,0x29,0x29,0x29,0x29,0x29,0x29,0x29,
	0x29,0x29,0x29,0x29,0x29,0x29,0x29,0x29,0x29,0x29,0x29,0x29,0x29,0x29,0x29,0x29,
	0x29,0x29,0x29,0x29,0x29,0x29,0x29,0x29,0x29,0x29,0x29,0x29,0x29,0x29,0x29,0x29,
	0xd2,0xd2,0xd2,0xd2,0xd2,0xd2,0xd2,0xd2,0xd2,0xd2,0xd2,0xd2,0xd2,0xd2,0xd2,0xd2,
	0xd2,0xd2,0xd2,0xd2,0xd2,0xd2,0xd2,0xd2,0xd2,0xd2,0xd2,0xd2,0xd2,0xd2,0xd2,0xd2,
	0xd2,0xd2,0xd2,0xd2,0xd2,0xd2,0xd2,0xd2,0x91,0x91,0x91,0x91,0x91,0x91,0x91,0x91,
	0x91,0x91,0x91,0x91,0x91,0x91,0x91,0x91,0x91,0x91,0x91,0x91,0x91,0x91,0x91,0x91,
	0x91,0x91,0x91,0x91,0x91,0x91,0x91,0x91,0x91,0x91,0x91,0x91,0x91,0x91,0x91,0x91,
	0x51,0x51,0x51,0x51,0x51,0x51,0x51,0x51,0x51,0x51,0x51,0x51,0x51,0x51,0x51,0x51,
	0x51,0x51,0x51,0x51,0x51,0x51,0x51,0x51,0x51,0x51,0x51,0x51,0x51,0x51,0x51,0x51,
	0x51,0x51,0x51,0x51,0x51,0x51,0x51,0x51,0x0f,0x0e,0x0f,0x0f,0x10,0x10,0x10,0x10,
	0x10,0x10,0x10,0x10,0x10,0x10,0x10,0x10,0xe8,0xee,0xe8,0xe8,0xeb,0xeb,0xeb,0xeb,
	0xeb,0xeb,0xeb,0xeb,0xeb,0xeb,0xeb,0xeb,0xeb,0xeb,0xeb,0xeb,0xeb,0xeb,0xeb,0xeb,
	0x10,0x10,0x10,0x10,0x10,0x10,0x10,0x10,0x10,0x10,0x10,0x10,0x10,0x10,0x10,0x10,
	0x10,0x10,0x10,0x10,0x10,0x10,0x10,0x10,0x0d,0xed,0xea,0xe9,0xeb,0xeb,0xeb,0xeb,
	0xeb,0xeb,0xeb,0xeb,0xeb,0xeb,0xeb,0xeb,0xaa,0xaa,0xaa,0xaa,0xaa,0xaa,0xaa,0xaa,
	0xaa,0xaa,0xaa,0xaa,0xaa,0xaa,0xaa,0xaa,0xaa,0xaa,0xaa,0xaa,0xaa,0xaa,0xaa,0xaa,
	0xaa,0xaa,0xaa,0xaa,0xaa,0xaa,0xaa,0xaa,0xaa,0xaa,0xaa,0xaa,0xaa,0xaa,0xaa,0xaa,
	0x6a,0x6a,0x6a,0x6a,0x6a,0x6a,0x6a,0x6a,0x6a,0x6a,0x6a,0x6a,0x6a,0x6a,0x6a,0x6a,
	0x6a,0x6a,0x6a,0x6a,0x6a,0x6a,0x6a,0x6a,0x6a,0x6a,0x6a,0x6a,0x6a,0x6a,0x6a,0x6a,
	0x6a,0x6a,0x6a,0x6a,0x6a,0x6a,0x6a,0x6a,0x29,0x29,0x29,0x29,0x29,0x29,0x29,0x29,
	0x29,0x29,0x29,0x29,0x29,0x29,0x29,0x29,0x29,0x29,0x29,0x29,0x29,0x29,0x29,0x29,
	0x29,0x29,0x29,0x29,0x29,0x29,0x29,0x29,0x29,0x29,0x29,0x29,0x29,0x29,0x29,0x29,
	0xd2,0xd2,0xd2,0xd2,0xd2,0xd2,0xd2,0xd2,0xd2,0xd2,0xd2,0xd2,0xd2,0xd2,0xd2,0xd2,
	0xd2,0xd2,0xd2,0xd2,0xd2,0xd2,0xd2,0xd2,0xd2,0xd2,0xd2,0xd2,0xd2,0xd2,0xd2,0xd2,
	0xd2,0xd2,0xd2,0xd2,0xd2,0xd2,0xd2,0xd2,0x91,0x91,0x91,0x91,0x91,0x91,0x91,0x91,
	0x91,0x91,0x91,0x91,0x91,0x91,0x91,0x91,0x91,0x91,0x91,0x91,0x91,0x91,0x91,0x91,
	0x91,0x91,0x91,0x91,0x91,0x91,0x91,0x91,0x91,0x91,0x91,0x91,0x91,0x91,0x91,0x91,
	0x51,0x51,0x51,0x51,0x51,0x51,0x51,0x51,0x51,0x51,0x51,0x51,0x51,0x51,0x51,0x51,
	0x51,0x51,0x51,0x51,0x51,0x51,0x51,0x51,0x51,0x51,0x51,0x51,0x51,0x51,0x51,0x51,
	0x51,0x51,0x51,0x51,0x51,0x51,0x51,0x51,0x0f,0x0e,0x0f,0x0f,0x10,0x10,0x10,0x10,
	0x10,0x10,0x10,0x10,0x10,0x10,0x10,0x10,0xeb,0xeb,0xe8,0xeb,0xeb,0xeb,0xeb,0xeb,
	0xeb,0xeb,0xeb,0xeb,0xeb,0xeb,0xeb,0xeb,0xeb,0xeb,0xeb,0xeb,0xeb,0xeb,0xeb,0xeb,
	0x10,0x10,0x10,0x10,0x10,0x10,0x10,0x10,0x10,0x10,0x10,0x10,0x10,0x10,0x10,0x10,
	0x10,0x10,0x10,0x10,0x10,0x10,0x10,0x10,0x0f,0xec,0xeb,0xed,0xeb,0xeb,0xeb,0xeb,
	0xeb,0xeb,0xeb,0xeb,0xeb,0xeb,0xeb,0xeb,0xaa,0xaa,0xaa,0xaa,0xaa,0xaa,0xaa,0xaa,
	0xaa,0xaa,0xaa,0xaa,0xaa,0xaa,0xaa,0xaa,0xaa,0xaa,0xaa,0xaa,0xaa,0xaa,0xaa,0xaa,
	0xaa,0xaa,0xaa,0xaa,0xaa,0xaa,0xaa,0xaa,0xaa,0xaa,0xaa,0xaa,0xaa,0xaa,0xaa,0xaa,
	0x6a,0x6a,0x6a,0x6a,0x6a,0x6a,0x6a,0x6a,0x6a,0x6a,0x6a,0x6a,0x6a,0x6a,0x6a,0x6a,
	0x6a,0x6a,0x6a,0x6a,0x6a,0x6a,0x6a,0x6a,0x6a,0x6a,0x6a,0x6a,0x6a,0x6a,0x6a,0x6a,
	0x6a,0x6a,0x6a,0x6a,0x6a,0x6a,0x6a,0x6a,0x29,0x29,0x29,0x29,0x29,0x29,0x29,0x29,
	0x29,0x29,0x29,0x29,0x29,0x29,0x29,0x29,0x29,0x29,0x29,0x29,0x29,0x29,0x29,0x29,
	0x29,0x29,0x29,0x29,0x29,0x29,0x29,0x29,0x29,0x29,0x29,0x29,0x29,0x29,0x29,0x29,
	0xd2,0xd2,0xd2,0xd2,0xd2,0xd2,0xd2,0xd2,0xd2,0xd2,0xd2,0xd2,0xd2,0xd2,0xd2,0xd2,
	0xd2,0xd2,0xd2,0xd2,0xd2,0xd2,0xd2,0xd2,0xd2,0xd2,0xd2,0xd2,0xd2,0xd2,0xd2,0xd2,
	0xd2,0xd2,0xd2,0xd2,0xd2,0xd2,0xd2,0xd2,0x91,0x91,0x91,0x91,0x91,0x91,0x91,0x91,
	0x91,0x91,0x91,0x91,0x91,0x91,0x91,0x91,0x91,0x91,0x91,0x91,0x91,0x91,0x91,0x91,
	0x91,0x91,0x91,0x91,0x91,0x91,0x91,0x91,0x91,0x91,0x91,0x91,0x91,0x91,0x91,0x91,
	0x51,0x51,0x51,0x51,0x51,0x51,0x51,0x51,0x51,0x51,0x51,0x51,0x51,0x51,0x51,0x51,
	0x51,0x51,0x51,0x51,0x51,0x51,0x51,0x51,0x51,0x51,0x51,0x51,0x51,0x51,0x51,0x51,
	0x51,0x51,0x51,0x51,0x51,0x51,0x51,0x51,0x0f,0x0e,0x0f,0x0f,0x10,0x10,0x10,0x10,
	0x10,0x10,0x10,0x10,0x10,0x10,0x10,0x10,0xee,0xec,0xeb,0xe9,0xeb,0xeb,0xeb,0xeb,
	0xeb,0xeb,0xeb,0xeb,0xeb,0xeb,0xeb,0xeb,0xeb,0xeb,0xeb,0xeb,0xeb,0xeb,0xeb,0xeb,
	0x10,0x10,0x10,0x10,0x10,0x10,0x10,0x10,0x10,0x10,0x10,0x10,0x10,0x10,0x10,0x10,
	0x10,0x10,0x10,0x10,0x10,0x10,0x10,0x10,0xe9,0xed,0xec,0xed,0xeb,0xeb,0xeb,0xeb,
	0xeb,0xeb,0xeb,0xeb,0xeb,0xeb,0xeb,0xeb,0xaa,0xaa,0xaa,0xaa,0xaa,0xaa,0xaa,0xaa,
	0xaa,0xaa,0xaa,0xaa,0xaa,0xaa,0xaa,0xaa,0xaa,0xaa,0xaa,0xaa,0xaa,0xaa,0xaa,0xaa,
	0xaa,0xaa,0xaa,0xaa,0xaa,0xaa,0xaa,0xaa,0xaa,0xaa,0xaa,0xaa,0xaa,0xaa,0xaa,0xaa,
	0x6a,0x6a,0x6a,0x6a,0x6a,0x6a,0x6a,0x6a,0x6a,0x6a,0x6a,0x6a,0x6a,0x6a,0x6a,0x6a,
	0x6a,0x6a,0x6a,0x6a,0x6a,0x6a,0x6a,0x6a,0x6a,0x6a,0x6a,0x6a,0x6a,0x6a,0x6a,0x6a,
	0x6a,0x6a,0x6a,0x6a,0x6a,0x6a,0x6a,0x6a,0x29,0x29,0x29,0x29,0x29,0x29,0x29,0x29,
	0x29,0x29,0x29,0x29,0x29,0x29,0x29,0x29,0x29,0x29,0x29,0x29,0x29,0x29,0x29,0x29,
	0x29,0x29,0x29,0x29,0x29,0x29,0x29,0x29,0x29,0x29,0x29,0x29,0x29,0x29,0x29,0x29,
	0xd2,0xd2,0xd2,0xd2,0xd2,0xd2,0xd2,0xd2,0xd2,0xd2,0xd2,0xd2,0xd2,0xd2,0xd2,0xd2,
	0xd2,0xd2,0xd2,0xd2,0xd2,0xd2,0xd2,0xd2,0xd2,0xd2,0xd2,0xd2,0xd2,0xd2,0xd2,0xd2,
	0xd2,0xd2,0xd2,0xd2,0xd2,0xd2,0xd2,0xd2,0x91,0x91,0x91,0x91,0x91,0x91,0x91,0x91,
	0x91,0x91,0x91,0x91,0x91,0x91,0x91,0x91,0x91,0x91,0x91,0x91,0x91,0x91,0x91,0x91,
	0x91,0x91,0x91,0x91,0x91,0x91,0x91,0x91,0x91,0x91,0x91,0x91,0x91,0x91,0x91,0x91,
	0x51,0x51,0x51,0x51,0x51,0x51,0x51,0x51,0x51,0x51,0x51,0x51,0x51,0x51,0x51,0x51,
	0x51,0x51,0x51,0x51,0x51,0x51,0x51,0x51,0x51,0x51,0x51,0x51,0x51,0x51,0x51,0x51,
	0x51,0x51,0x51,0x51,0x51,0x51,0x51,0x51,0x0f,0x0e,0x0f,0x0f,0x10,0x10,0x10,0x10,
	0x10,0x10,0x10,0x10,0x10,0x10,0x10,0x10,0x13,0xec,0xee,0xea,0xeb,0xeb,0xeb,0xeb,
	0xeb,0xeb,0xeb,0xeb,0xeb,0xeb,0xeb,0xeb,0xeb,0xeb,0xeb,0xeb,0xeb,0xeb,0xeb,0xeb,
	0x10,0x10,0x10,0x10,0x10,0x10,0x10,0x10,0x10,0x10,0x10,0x10,0x10,0x10,0x10,0x10,
	0x10,0x10,0x10,0x10,0x10,0x10,0x10,0x10,0xec,0xed,0xec,0xec,0xeb,0xeb,0xeb,0xeb,
	0xeb,0xeb,0xeb,0xeb,0xeb,0xeb,0xeb,0xeb,0xaa,0xaa,0xaa,0xaa,0xaa,0xaa,0xaa,0xaa,
	0xaa,0xaa,0xaa,0xaa,0xaa,0xaa,0xaa,0xaa,0xaa,0xaa,0xaa,0xaa,0xaa,0xaa,0xaa,0xaa,
	0xaa,0xaa,0xaa,0xaa,0xaa,0xaa,0xaa,0xaa,0xaa,0xaa,0xaa,0xaa,0xaa,0xaa,0xaa,0xaa,
	0x6a,0x6a,0x6a,0x6a,0x6a,0x6a,0x6a,0x6a,0x6a,0x6a,0x6a,0x6a,0x6a,0x6a,0x6a,0x6a,
	0x6a,0x6a,0x6a,0x6a,0x6a,0x6a,0x6a,0x6a,0x6a,0x6a,0x6a,0x6a,0x6a,0x6a,0x6a,0x6a,
	0x6a,0x6a,0x6a,0x6a,0x6a,0x6a,0x6a,0x6a,0x29,0x29,0x29,0x29,0x29,0x29,0x29,0x29,
	0x29,0x29,0x29,0x29,0x29,0x29,0x29,0x29,0x29,0x29,0x29,0x29,0x29,0x29,0x29,0x29,
	0x29,0x29,0x29,0x29,0x29,0x29,0x29,0x29,0x29,0x29,0x29,0x29,0x29,0x29,0x29,0x29,
	0xd2,0xd2,0xd2,0xd2,0xd2,0xd2,0xd2,0xd2,0xd2,0xd2,0xd2,0xd2,0xd2,0xd2,0xd2,0xd2,
	0xd2,0xd2,0xd2,0xd2,0xd2,0xd2,0xd2,0xd2,0xd2,0xd2,0xd2,0xd2,0xd2,0xd2,0xd2,0xd2,
	0xd2,0xd2,0xd2,0xd2,0xd2,0xd2,0xd2,0xd2,0x91,0x91,0x91,0x91,0x91,0x91,0x91,0x91,
	0x91,0x91,0x91,0x91,0x91,0x91,0x91,0x91,0x91,0x91,0x91,0x91,0x91,0x91,0x91,0x91,
	0x91,0x91,0x91,0x91,0x91,0x91,0x91,0x91,0x91,0x91,0x91,0x91,0x91,0x91,0x91,0x91,
	0x51,0x51,0x51,0x51,0x51,0x51,0x51,0x51,0x51,0x51,0x51,0x51,0x51,0x51,0x51,0x51,
	0x51,0x51,0x51,0x51,0x51,0x51,0x51,0x51,0x51,0x51,0x51,0x51,0x51,0x51,0x51,0x51,
	0x51,0x51,0x51,0x51,0x51,0x51,0x51,0x51,0x0f,0x0f,0x0f,0x10,0x10,0x10,0x10,0x10,
	0x10,0x10,0x10,0x10,0x10,0x10,0x10,0x10,0x13,0xec,0xee,0xea,0xeb,0xeb,0xeb,0xeb,
	0xeb,0xeb,0xeb,0xeb,0xeb,0xeb,0xeb,0xeb,0xeb,0xeb,0xeb,0xeb,0xeb,0xeb,0xeb,0xeb,
	0x10,0x10,0x10,0x10,0x10,0x10,0x10,0x10,0x10,0x10,0x10,0x10,0x10,0x10,0x10,0x10,
	0x10,0x10,0x10,0x10,0x10,0x10,0x10,0x10,0xed,0xec,0xec,0xeb,0xeb,0xeb,0xeb,0xeb,
	0xeb,0xeb,0xeb,0xeb,0xeb,0xeb,0xeb,0xeb,0xaa,0xaa,0xaa,0xaa,0xaa,0xaa,0xaa,0xaa,
	0xaa,0xaa,0xaa,0xaa,0xaa,0xaa,0xaa,0xaa,0xaa,0xaa,0xaa,0xaa,0xaa,0xaa,0xaa,0xaa,
	0xaa,0xaa,0xaa,0xaa,0xaa,0xaa,0xaa,0xaa,0xaa,0xaa,0xaa,0xaa,0xaa,0xaa,0xaa,0xaa,
	0x6a,0x6a,0x6a,0x6a,0x6a,0x6a,0x6a,0x6a,0x6a,0x6a,0x6a,0x6a,0x6a,0x6a,0x6a,0x6a,
	0x6a,0x6a,0x6a,0x6a,0x6a,0x6a,0x6a,0x6a,0x6a,0x6a,0x6a,0x6a,0x6a,0x6a,0x6a,0x6a,
	0x6a,0x6a,0x6a,0x6a,0x6a,0x6a,0x6a,0x6a,0x29,0x29,0x29,0x29,0x29,0x29,0x29,0x29,
	0x29,0x29,0x29,0x29,0x29,0x29,0x29,0x29,0x29,0x29,0x29,0x29,0x29,0x29,0x29,0x29,
	0x29,0x29,0x29,0x29,0x29,0x29,0x29,0x29,0x29,0x29,0x29,0x29,0x29,0x29,0x29,0x29,
	0xd2,0xd2,0xd2,0xd2,0xd2,0xd2,0xd2,0xd2,0xd2,0xd2,0xd2,0xd2,0xd2,0xd2,0xd2,0xd2,
	0xd2,0xd2,0xd2,0xd2,0xd2,0xd2,0xd2,0xd2,0xd2,0xd2,0xd2,0xd2,0xd2,0xd2,0xd2,0xd2,
	0xd2,0xd2,0xd2,0xd2,0xd2,0xd2,0xd2,0xd2,0x91,0x91,0x91,0x91,0x91,0x91,0x91,0x91,
	0x91,0x91,0x91,0x91,0x91,0x91,0x91,0x91,0x91,0x91,0x91,0x91,0x91,0x91,0x91,0x91,
	0x91,0x91,0x91,0x91,0x91,0x91,0x91,0x91,0x91,0x91,0x91,0x91,0x91,0x91,0x91,0x91,
	0x51,0x51,0x51,0x51,0x51,0x51,0x51,0x51,0x51,0x51,0x51,0x51,0x51,0x51,0x51,0x51,
	0x51,0x51,0x51,0x51,0x51,0x51,0x51,0x51,0x51,0x51,0x51,0x51,0x51,0x51,0x51,0x51,
	0x51,0x51,0x51,0x51,0x51,0x51,0x51,0x51,0x0f,0x0f,0x10,0x10,0x10,0x10,0x10,0x10,
	0x10,0x10,0x10,0x10,0x10,0x10,0x10,0x10,0x13,0xec,0xee,0xea,0xeb,0xeb,0xeb,0xeb,
	0xeb,0xeb,0xeb,0xeb,0xeb,0xeb,0xeb,0xeb,0xeb,0xeb,0xeb,0xeb,0xeb,0xeb,0xeb,0xeb,
	0x10,0x10,0x10,0x10,0x10,0x10,0x10,0x10,0x10,0x10,0x10,0x10,0x10,0x10,0x10,0x10,
	0x10,0x10,0x10,0x10,0x10,0x10,0x10,0x10,0xec,0xec,0xeb,0xeb,0xeb,0xeb,0xeb,0xeb,
	0xeb,0xeb,0xeb,0xeb,0xeb,0xeb,0xeb,0xeb,0xaa,0xaa,0xaa,0xaa,0xaa,0xaa,0xaa,0xaa,
	0xaa,0xaa,0xaa,0xaa,0xaa,0xaa,0xaa,0xaa,0xaa,0xaa,0xaa,0xaa,0xaa,0xaa,0xaa,0xaa,
	0xaa,0xaa,0xaa,0xaa,0xaa,0xaa,0xaa,0xaa,0xaa,0xaa,0xaa,0xaa,0xaa,0xaa,0xaa,0xaa,
	0x6a,0x6a,0x6a,0x6a,0x6a,0x6a,0x6a,0x6a,0x6a,0x6a,0x6a,0x6a,0x6a,0x6a,0x6a,0x6a,
	0x6a,0x6a,0x6a,0x6a,0x6a,0x6a,0x6a,0x6a,0x6a,0x6a,0x6a,0x6a,0x6a,0x6a,0x6a,0x6a,
	0x6a,0x6a,0x6a,0x6a,0x6a,0x6a,0x6a,0x6a,0x29,0x29,0x29,0x29,0x29,0x29,0x29,0x29,
	0x29,0x29,0x29,0x29,0x29,0x29,0x29,0x29,0x29,0x29,0x29,0x29,0x29,0x29,0x29,0x29,
	0x29,0x29,0x29,0x29,0x29,0x29,0x29,0x29,0x29,0x29,0x29,0x29,0x29,0x29,0x29,0x29,
	0xd2,0xd2,0xd2,0xd2,0xd2,0xd2,0xd2,0xd2,0xd2,0xd2,0xd2,0xd2,0xd2,0xd2,0xd2,0xd2,
	0xd2,0xd2,0xd2,0xd2,0xd2,0xd2,0xd2,0xd2,0xd2,0xd2,0xd2,0xd2,0xd2,0xd2,0xd2,0xd2,
	0xd2,0xd2,0xd2,0xd2,0xd2,0xd2,0xd2,0xd2,0x91,0x91,0x91,0x91,0x91,0x91,0x91,0x91,
	0x91,0x91,0x91,0x91,0x91,0x91,0x91,0x91,0x91,0x91,0x91,0x91,0x91,0x91,0x91,0x91,
	0x91,0x91,0x91,0x91,0x91,0x91,0x91,0x91,0x91,0x91,0x91,0x91,0x91,0x91,0x91,0x91,
	0x51,0x51,0x51,0x51,0x51,0x51,0x51,0x51,0x51,0x51,0x51,0x51,0x51,0x51,0x51,0x51,
	0x51,0x51,0x51,0x51,0x51,0x51,0x51,0x51,0x51,0x51,0x51,0x51,0x51,0x51,0x51,0x51,
	0x51,0x51,0x51,0x51,0x51,0x51,0x51,0x51,0x0f,0x10,0x10,0x10,0x10,0x10,0x10,0x10,
	0x10,0x10,0x10,0x10,0x10,0x10,0x10,0x10,0x13,0xec,0xee,0xea,0xeb,0xeb,0xeb,0xeb,
	0xeb,0xeb,0xeb,0xeb,0xeb,0xeb,0xeb,0xeb,0xeb,0xeb,0xeb,0xeb,0xeb,0xeb,0xeb,0xeb,
	0x10,0x10,0x10,0x10,0x10,0x10,0x10,0x10,0x10,0x10,0x10,0x10,0x10,0x10,0x10,0x10,
	0x10,0x10,0x10,0x10,0x10,0x10,0x10,0x10,0xec,0xeb,0xeb,0xeb,0xeb,0xeb,0xeb,0xeb,
	0xeb,0xeb,0xeb,0xeb,0xeb,0xeb,0xeb,0xeb,0xaa,0xaa,0xaa,0xaa,0xaa,0xaa,0xaa,0xaa,
	0xaa,0xaa,0xaa,0xaa,0xaa,0xaa,0xaa,0xaa,0xaa,0xaa,0xaa,0xaa,0xaa,0xaa,0xaa,0xaa,
	0xaa,0xaa,0xaa,0xaa,0xaa,0xaa,0xaa,0xaa,0xaa,0xaa,0xaa,0xaa,0xaa,0xaa,0xaa,0xaa,
	0x6a,0x6a,0x6a,0x6a,0x6a,0x6a,0x6a,0x6a,0x6a,0x6a,0x6a,0x6a,0x6a,0x6a,0x6a,0x6a,
	0x6a,0x6a,0x6a,0x6a,0x6a,0x6a,0x6a,0x6a,0x6a,0x6a,0x6a,0x6a,0x6a,0x6a,0x6a,0x6a,
	0x6a,0x6a,0x6a,0x6a,0x6a,0x6a,0x6a,0x6a,0x29,0x29,0x29,0x29,0x29,0x29,0x29,0x29,
	0x29,0x29,0x29,0x29,0x29,0x29,0x29,0x29,0x29,0x29,0x29,0x29,0x29,0x29,0x29,0x29,
	0x29,0x29,0x29,0x29,0x29,0x29,0x29,0x29,0x29,0x29,0x29,0x29,0x29,0x29,0x29,0x29,
	0xd2,0xd2,0xd2,0xd2,0xd2,0xd2,0xd2,0xd2,0xd2,0xd2,0xd2,0xd2,0xd2,0xd2,0xd2,0xd2,
	0xd2,0xd2,0xd2,0xd2,0xd2,0xd2,0xd2,0xd2,0xd2,0xd2,0xd2,0xd2,0xd2,0xd2,0xd2,0xd2,
	0xd2,0xd2,0xd2,0xd2,0xd2,0xd2,0xd2,0xd2,0x91,0x91,0x91,0x91,0x91,0x91,0x91,0x91,
	0x91,0x91,0x91,0x91,0x91,0x91,0x91,0x91,0x91,0x91,0x91,0x91,0x91,0x91,0x91,0x91,
	0x91,0x91,0x91,0x91,0x91,0x91,0x91,0x91,0x91,0x91,0x91,0x91,0x91,0x91,0x91,0x91,
	0x51,0x51,0x51,0x51,0x51,0x51,0x51,0x51,0x51,0x51,0x51,0x51,0x51,0x51,0x51,0x51,
	0x51,0x51,0x51,0x51,0x51,0x51,0x51,0x51,0x51,0x51,0x51,0x51,0x51,0x51,0x51,0x51,
	0x51,0x51,0x51,0x51,0x51,0x51,0x51,0x51,0x10,0x10,0x10,0x10,0x10,0x10,0x10,0x10,
	0x10,0x10,0x10,0x10,0x10,0x10,0x10,0x10,0x13,0xec,0xee,0xea,0xeb,0xeb,0xeb,0xeb,
	0xeb,0xeb,0xeb,0xeb,0xeb,0xeb,0xeb,0xeb,0xeb,0xeb,0xeb,0xeb,0xeb,0xeb,0xeb,0xeb,
	0x10,0x10,0x10,0x10,0x10,0x10,0x10,0x10,0x10,0x10,0x10,0x10,0x10,0x10,0x10,0x10,
	0x10,0x10,0x10,0x10,0x16,0x10,0x12,0xe4,0xeb,0xeb,0xeb,0xeb,0xeb,0xeb,0xeb,0xeb,
	0xeb,0xeb,0xeb,0xeb,0xeb,0xeb,0xeb,0xeb,0xaa,0xaa,0xaa,0xaa,0xaa,0xaa,0xaa,0xaa,
	0xaa,0xaa,0xaa,0xaa,0xaa,0xaa,0xaa,0xaa,0xaa,0xaa,0xaa,0xaa,0xaa,0xaa,0xaa,0xaa,
	0xaa,0xaa,0xaa,0xaa,0xaa,0xaa,0xaa,0xaa,0xaa,0xaa,0xaa,0xaa,0xaa,0xaa,0xaa,0xaa,
	0x6a,0x6a,0x6a,0x6a,0x6a,0x6a,0x6a,0x6a,0x6a,0x6a,0x6a,0x6a,0x6a,0x6a,0x6a,0x6a,
	0x6a,0x6a,0x6a,0x6a,0x6a,0x6a,0x6a,0x6a,0x6a,0x6a,0x6a,0x6a,0x6a,0x6a,0x6a,0x6a,
	0x6a,0x6a,0x6a,0x6a,0x6a,0x6a,0x6a,0x6a,0x29,0x29,0x29,0x29,0x29,0x29,0x29,0x29,
	0x29,0x29,0x29,0x29,0x29,0x29,0x29,0x29,0x29,0x29,0x29,0x29,0x29,0x29,0x29,0x29,
	0x29,0x29,0x29,0x29,0x29,0x29,0x29,0x29,0x29,0x29,0x29,0x29,0x29,0x29,0x29,0x29,
	0xd2,0xd2,0xd2,0xd2,0xd2,0xd2,0xd2,0xd2,0xd2,0xd2,0xd2,0xd2,0xd2,0xd2,0xd2,0xd2,
	0xd2,0xd2,0xd2,0xd2,0xd2,0xd2,0xd2,0xd2,0xd2,0xd2,0xd2,0xd2,0xd2,0xd2,0xd2,0xd2,
	0xd2,0xd2,0xd2,0xd2,0xd2,0xd2,0xd2,0xd2,0x91,0x91,0x91,0x91,0x91,0x91,0x91,0x91,
	0x91,0x91,0x91,0x91,0x91,0x91,0x91,0x91,0x91,0x91,0x91,0x91,0x91,0x91,0x91,0x91,
	0x91,0x91,0x91,0x91,0x91,0x91,0x91,0x91,0x91,0x91,0x91,0x91,0x91,0x91,0x91,0x91,
	0x51,0x51,0x51,0x51,0x51,0x51,0x51,0x51,0x51,0x51,0x51,0x51,0x51,0x51,0x50,0x50,
	0x4f,0x4f,0x4b,0x4f,0x53,0x50,0x4c,0x51,0x53,0x52,0x52,0x52,0x52,0x52,0x52,0x52,
	0x52,0x52,0x52,0x52,0x52,0x52,0x52,0x52,0x10,0x10,0x10,0x10,0x10,0x10,0x10,0x10,
	0x10,0x10,0x10,0x10,0x10,0x10,0x10,0x10,0x12,0x12,0xed,0xef,0xeb,0xeb,0xeb,0xeb,
	0xeb,0xeb,0xeb,0xeb,0xeb,0xeb,0xeb,0xeb,0xeb,0xeb,0xeb,0xeb,0xeb,0xeb,0xeb,0xeb,
	0x10,0x10,0x10,0x10,0x10,0x10,0x10,0x10,0x10,0x10,0x10,0x10,0x10,0x10,0x10,0x10,
	0x10,0x10,0x10,0x10,0x0a,0x0f,0x0c,0xeb,0xeb,0xeb,0xeb,0xeb,0xeb,0xeb,0xeb,0xeb,
	0xeb,0xeb,0xeb,0xeb,0xeb,0xeb,0xeb,0xeb,0xaa,0xaa,0xaa,0xaa,0xaa,0xaa,0xaa,0xaa,
	0xaa,0xaa,0xaa,0xaa,0xaa,0xaa,0xaa,0xaa,0xaa,0xaa,0xaa,0xaa,0xaa,0xaa,0xaa,0xaa,
	0xaa,0xaa,0xaa,0xaa,0xaa,0xaa,0xaa,0xaa,0xaa,0xaa,0xaa,0xaa,0xaa,0xaa,0xaa,0xaa,
	0x6a,0x6a,0x6a,0x6a,0x6a,0x6a,0x6a,0x6a,0x6a,0x6a,0x6a,0x6a,0x6a,0x6a,0x6a,0x6a,
	0x6a,0x6a,0x6a,0x6a,0x6a,0x6a,0x6a,0x6a,0x6a,0x6a,0x6a,0x6a,0x6a,0x6a,0x6a,0x6a,
	0x6a,0x6a,0x6a,0x6a,0x6a,0x6a,0x6a,0x6a,0x29,0x29,0x29,0x29,0x29,0x29,0x29,0x29,
	0x29,0x29,0x29,0x29,0x29,0x29,0x29,0x29,0x29,0x29,0x29,0x29,0x29,0x29,0x29,0x29,
	0x29,0x29,0x29,0x29,0x29,0x29,0x29,0x29,0x29,0x29,0x29,0x29,0x29,0x29,0x29,0x29,
	0xd2,0xd2,0xd2,0xd2,0xd2,0xd2,0xd2,0xd2,0xd2,0xd2,0xd2,0xd2,0xd2,0xd2,0xd2,0xd2,
	0xd2,0xd2,0xd2,0xd2,0xd2,0xd2,0xd2,0xd2,0xd2,0xd2,0xd2,0xd2,0xd2,0xd2,0xd2,0xd2,
	0xd2,0xd2,0xd2,0xd2,0xd2,0xd2,0xd2,0xd2,0x91,0x91,0x91,0x91,0x91,0x91,0x91,0x91,
	0x91,0x91,0x91,0x91,0x91,0x91,0x91,0x91,0x91,0x91,0x91,0x91,0x91,0x91,0x91,0x91,
	0x91,0x91,0x91,0x91,0x91,0x91,0x91,0x91,0x91,0x91,0x91,0x91,0x91,0x91,0x91,0x91,
	0x51,0x51,0x51,0x51,0x51,0x51,0x51,0x51,0x51,0x51,0x51,0x51,0x51,0x51,0x50,0x4f,
	0x50,0x57,0x52,0x52,0x53,0x4c,0x51,0x54,0x56,0x55,0x55,0x55,0x55,0x55,0x55,0x55,
	0x55,0x55,0x55,0x55,0x55,0x55,0x55,0x55,0x10,0x10,0x10,0x10,0x10,0x10,0x10,0x10,
	0x10,0x10,0x10,0x10,0x10,0x10,0x10,0x10,0x10,0x0b,0xeb,0xe7,0xeb,0xeb,0xeb,0xeb,
	0xeb,0xeb,0xeb,0xeb,0xeb,0xeb,0xeb,0xeb,0xeb,0xeb,0xeb,0xeb,0xeb,0xeb,0xeb,0xeb,
	0x10,0x10,0x10,0x10,0x10,0x10,0x10,0x10,0x10,0x10,0x10,0x10,0x10,0x10,0x10,0x10,
	0x10,0x10,0x10,0x10,0x10,0x0e,0x13,0xeb,0xeb,0xeb,0xeb,0xeb,0xeb,0xeb,0xeb,0xeb,
	0xeb,0xeb,0xeb,0xeb,0xeb,0xeb,0xeb,0xeb,0xaa,0xaa,0xaa,0xaa,0xaa,0xaa,0xaa,0xaa,
	0xaa,0xaa,0xaa,0xaa,0xaa,0xaa,0xaa,0xaa,0xaa,0xaa,0xaa,0xaa,0xaa,0xaa,0xaa,0xaa,
	0xaa,0xaa,0xaa,0xaa,0xaa,0xaa,0xaa,0xaa,0xaa,0xaa,0xaa,0xaa,0xaa,0xaa,0xaa,0xaa,
	0x6a,0x6a,0x6a,0x6a,0x6a,0x6a,0x6a,0x6a,0x6a,0x6a,0x6a,0x6a,0x6a,0x6a,0x6a,0x6a,
	0x6a,0x6a,0x6a,0x6a,0x6a,0x6a,0x6a,0x6a,0x6a,0x6a,0x6a,0x6a,0x6a,0x6a,0x6a,0x6a,
	0x6a,0x6a,0x6a,0x6a,0x6a,0x6a,0x6a,0x6a,0x29,0x29,0x29,0x29,0x29,0x29,0x29,0x29,
	0x29,0x29,0x29,0x29,0x29,0x29,0x29,0x29,0x29,0x29,0x29,0x29,0x29,0x29,0x29,0x29,
	0x29,0x29,0x29,0x29,0x29,0x29,0x29,0x29,0x29,0x29,0x29,0x29,0x29,0x29,0x29,0x29,
	0xd2,0xd2,0xd2,0xd2,0xd2,0xd2,0xd2,0xd2,0xd2,0xd2,0xd2,0xd2,0xd2,0xd2,0xd2,0xd2,
	0xd2,0xd2,0xd2,0xd2,0xd2,0xd2,0xd2,0xd2,0xd2,0xd2,0xd2,0xd2,0xd2,0xd2,0xd2,0xd2,
	0xd2,0xd2,0xd2,0xd2,0xd2,0xd2,0xd2,0xd2,0x91,0x91,0x91,0x91,0x91,0x91,0x91,0x91,
	0x91,0x91,0x91,0x91,0x91,0x91,0x91,0x91,0x91,0x91,0x91,0x91,0x91,0x91,0x91,0x91,
	0x91,0x91,0x91,0x91,0x91,0x91,0x91,0x91,0x91,0x91,0x91,0x91,0x91,0x91,0x91,0x91,
	0x51,0x51,0x51,0x51,0x51,0x51,0x51,0x51,0x51,0x51,0x51,0x51,0x51,0x51,0x51,0x51,
	0x18,0x13,0x11,0x13,0xe7,0xf2,0xeb,0xea,0xea,0xea,0xea,0xea,0xea,0xea,0xea,0xea,
	0xea,0xea,0xea,0xea,0xea,0xea,0xea,0xea,0x10,0x10,0x10,0x10,0x10,0x10,0x10,0x10,
	0x10,0x10,0x10,0x10,0x10,0x10,0x10,0x10,0x09,0x10,0xe8,0xef,0xeb,0xeb,0xeb,0xeb,
	0xeb,0xeb,0xeb,0xeb,0xeb,0xeb,0xeb,0xeb,0xeb,0xeb,0xeb,0xeb,0xeb,0xeb,0xeb,0xeb,
	0x10,0x10,0x10,0x10,0x10,0x10,0x10,0x10,0x10,0x10,0x10,0x10,0x10,0x10,0x10,0x10,
	0x10,0x10,0x10,0x10,0x13,0x0a,0x0f,0xed,0xeb,0xeb,0xeb,0xeb,0xeb,0xeb,0xeb,0xeb,
	0xeb,0xeb,0xeb,0xeb,0xeb,0xeb,0xeb,0xeb,0xaa,0xaa,0xaa,0xaa,0xaa,0xaa,0xaa,0xaa,
	0xaa,0xaa,0xaa,0xaa,0xaa,0xaa,0xaa,0xaa,0xaa,0xaa,0xaa,0xaa,0xaa,0xaa,0xaa,0xaa,
	0xaa,0xaa,0xaa,0xaa,0xaa,0xaa,0xaa,0xaa,0xaa,0xaa,0xaa,0xaa,0xaa,0xaa,0xaa,0xaa,
	0x6a,0x6a,0x6a,0x6a,0x6a,0x6a,0x6a,0x6a,0x6a,0x6a,0x6a,0x6a,0x6a,0x6a,0x6a,0x6a,
	0x6a,0x6a,0x6a,0x6a,0x6a,0x6a,0x6a,0x6a,0x6a,0x6a,0x6a,0x6a,0x6a,0x6a,0x6a,0x6a,
	0x6a,0x6a,0x6a,0x6a,0x6a,0x6a,0x6a,0x6a,0x29,0x29,0x29,0x29,0x29,0x29,0x29,0x29,
	0x29,0x29,0x29,0x29,0x29,0x29,0x29,0x29,0x29,0x29,0x29,0x29,0x29,0x29,0x29,0x29,
	0x29,0x29,0x29,0x29,0x29,0x29,0x29,0x29,0x29,0x29,0x29,0x29,0x29,0x29,0x29,0x29,
	0xd2,0xd2,0xd2,0xd2,0xd2,0xd2,0xd2,0xd2,0xd2,0xd2,0xd2,0xd2,0xd2,0xd2,0xd2,0xd2,
	0xd2,0xd2,0xd2,0xd2,0xd2,0xd2,0xd2,0xd2,0xd2,0xd2,0xd2,0xd2,0xd2,0xd2,0xd2,0xd2,
	0xd2,0xd2,0xd2,0xd2,0xd2,0xd2,0xd2,0xd2,0x91,0x91,0x91,0x91,0x91,0x91,0x91,0x91,
	0x91,0x91,0x91,0x91,0x91,0x91,0x91,0x91,0x91,0x91,0x91,0x91,0x91,0x91,0x91,0x91,
	0x91,0x91,0x91,0x91,0x91,0x91,0x91,0x91,0x91,0x91,0x91,0x91,0x91,0x91,0x91,0x91,
	0x51,0x51,0x51,0x51,0x51,0x51,0x51,0x51,0x51,0x51,0x51,0x51,0x51,0x51,0x51,0x51,
	0x0e,0x10,0x14,0x12,0xf2,0xec,0xea,0xea,0xea,0xea,0xea,0xea,0xea,0xea,0xea,0xea,
	0xea,0xea,0xea,0xea,0xea,0xea,0xea,0xea,0x10,0x10,0x10,0x10,0x10,0x10,0x10,0x10,
	0x10,0x10,0x10,0x10,0x10,0x10,0x10,0x10,0x10,0x10,0xef,0xe8,0xeb,0xeb,0xeb,0xeb,
	0xeb,0xeb,0xeb,0xeb,0xeb,0xeb,0xeb,0xeb,0xeb,0xeb,0xeb,0xeb,0xeb,0xeb,0xeb,0xeb,
	0x10,0x10,0x10,0x10,0x10,0x10,0x10,0x10,0x10,0x10,0x10,0x10,0x10,0x10,0x10,0x10,
	0x10,0x10,0x10,0x10,0x11,0x0d,0x12,0xed,0xeb,0xeb,0xeb,0xeb,0xeb,0xeb,0xeb,0xeb,
	0xeb,0xeb,0xeb,0xeb,0xeb,0xeb,0xeb,0xeb,0xaa,0xaa,0xaa,0xaa,0xaa,0xaa,0xaa,0xaa,
	0xaa,0xaa,0xaa,0xaa,0xaa,0xaa,0xaa,0xaa,0xaa,0xaa,0xaa,0xaa,0xaa,0xaa,0xaa,0xaa,
	0xaa,0xaa,0xaa,0xaa,0xaa,0xaa,0xaa,0xaa,0xaa,0xaa,0xaa,0xaa,0xaa,0xaa,0xaa,0xaa,
	0x6a,0x6a,0x6a,0x6a,0x6a,0x6a,0x6a,0x6a,0x6a,0x6a,0x6a,0x6a,0x6a,0x6a,0x6a,0x6a,
	0x6a,0x6a,0x6a,0x6a,0x6a,0x6a,0x6a,0x6a,0x6a,0x6a,0x6a,0x6a,0x6a,0x6a,0x6a,0x6a,
	0x6a,0x6a,0x6a,0x6a,0x6a,0x6a,0x6a,0x6a,0x29,0x29,0x29,0x29,0x29,0x29,0x29,0x29,
	0x29,0x29,0x29,0x29,0x29,0x29,0x29,0x29,0x29,0x29,0x29,0x29,0x29,0x29,0x29,0x29,
	0x29,0x29,0x29,0x29,0x29,0x29,0x29,0x29,0x29,0x29,0x29,0x29,0x29,0x29,0x29,0x29,
	0xd2,0xd2,0xd2,0xd2,0xd2,0xd2,0xd2,0xd2,0xd2,0xd2,0xd2,0xd2,0xd2,0xd2,0xd2,0xd2,
	0xd2,0xd2,0xd2,0xd2,0xd2,0xd2,0xd2,0xd2,0xd2,0xd2,0xd2,0xd2,0xd2,0xd2,0xd2,0xd2,
	0xd2,0xd2,0xd2,0xd2,0xd2,0xd2,0xd2,0xd2,0x91,0x91,0x91,0x91,0x91,0x91,0x91,0x91,
	0x91,0x91,0x91,0x91,0x91,0x91,0x91,0x91,0x91,0x91,0x91,0x91,0x91,0x91,0x91,0x91,
	0x91,0x91,0x91,0x91,0x91,0x91,0x91,0x91,0x91,0x91,0x91,0x91,0x91,0x91,0x91,0x91,
	0x51,0x51,0x51,0x51,0x51,0x51,0x51,0x51,0x51,0x51,0x51,0x51,0x51,0x51,0x51,0x51,
	0x09,0x0c,0x15,0x12,0xe7,0xe7,0xf1,0xee,0xed,0xed,0xed,0xed,0xed,0xed,0xed,0xed,
	0xed,0xed,0xed,0xed,0xed,0xed,0xed,0xed,0x13,0x0f,0x09,0x11,0x10,0x10,0x10,0x10,
	0x10,0x10,0x10,0x10,0x10,0x10,0x10,0x10,0x0e,0x0e,0xe5,0xeb,0xeb,0xeb,0xeb,0xeb,
	0xeb,0xeb,0xeb,0xeb,0xeb,0xeb,0xeb,0xeb,0xeb,0xeb,0xeb,0xeb,0xeb,0xeb,0xeb,0xeb,
	0x10,0x10,0x10,0x10,0x10,0x10,0x10,0x10,0x10,0x10,0x10,0x10,0x10,0x10,0x10,0x10,
	0x10,0x10,0x10,0x10,0x11,0x15,0xed,0xe9,0xeb,0xeb,0xeb,0xeb,0xeb,0xeb,0xeb,0xeb,
	0xeb,0xeb,0xeb,0xeb,0xeb,0xeb,0xeb,0xeb,0xaa,0xaa,0xaa,0xaa,0xaa,0xaa,0xaa,0xaa,
	0xaa,0xaa,0xaa,0xaa,0xaa,0xaa,0xaa,0xaa,0xaa,0xaa,0xaa,0xaa,0xaa,0xaa,0xaa,0xaa,
	0xaa,0xaa,0xaa,0xaa,0xaa,0xaa,0xaa,0xaa,0xaa,0xaa,0xaa,0xaa,0xaa,0xaa,0xaa,0xaa,
	0x6a,0x6a,0x6a,0x6a,0x6a,0x6a,0x6a,0x6a,0x6a,0x6a,0x6a,0x6a,0x6a,0x6a,0x6a,0x6a,
	0x6a,0x6a,0x6a,0x6a,0x6a,0x6a,0x6a,0x6a,0x6a,0x6a,0x6a,0x6a,0x6a,0x6a,0x6a,0x6a,
	0x6a,0x6a,0x6a,0x6a,0x6a,0x6a,0x6a,0x6a,0x29,0x29,0x29,0x29,0x29,0x29,0x29,0x29,
	0x29,0x29,0x29,0x29,0x29,0x29,0x29,0x29,0x29,0x29,0x29,0x29,0x29,0x29,0x29,0x29,
	0x29,0x29,0x29,0x29,0x29,0x29,0x29,0x29,0x29,0x29,0x29,0x29,0x29,0x29,0x29,0x29,
	0xd2,0xd2,0xd2,0xd2,0xd2,0xd2,0xd2,0xd2,0xd2,0xd2,0xd2,0xd2,0xd2,0xd2,0xd2,0xd2,
	0xd2,0xd2,0xd2,0xd2,0xd2,0xd2,0xd2,0xd2,0xd2,0xd2,0xd2,0xd2,0xd2,0xd2,0xd2,0xd2,
	0xd2,0xd2,0xd2,0xd2,0xd2,0xd2,0xd2,0xd2,0x91,0x91,0x91,0x91,0x91,0x91,0x91,0x91,
	0x91,0x91,0x91,0x91,0x91,0x91,0x91,0x91,0x91,0x91,0x91,0x91,0x91,0x91,0x91,0x91,
	0x91,0x91,0x91,0x91,0x91,0x91,0x91,0x91,0x91,0x91,0x91,0x91,0x91,0x91,0x91,0x91,
	0x51,0x51,0x51,0x51,0x51,0x51,0x51,0x51,0x51,0x51,0x51,0x51,0x51,0x51,0x51,0x51,
	0x13,0x0f,0x16,0x0d,0xe4,0xeb,0xea,0xea,0xea,0xea,0xea,0xea,0xea,0xea,0xea,0xea,
	0xea,0xea,0xea,0xea,0xea,0xea,0xea,0xea,0x13,0x09,0x10,0x15,0x10,0x10,0x10,0x10,
	0x10,0x10,0x10,0x10,0x10,0x10,0x10,0x10,0x13,0x13,0x16,0xec,0xeb,0xeb,0xeb,0xeb,
	0xeb,0xeb,0xeb,0xeb,0xeb,0xeb,0xeb,0xeb,0xeb,0xeb,0xeb,0xeb,0xeb,0xeb,0xeb,0xeb,
	0x10,0x10,0x10,0x10,0x10,0x10,0x10,0x10,0x10,0x10,0x10,0x10,0x10,0x10,0x10,0x10,
	0x10,0x10,0x10,0x10,0x12,0x0e,0xeb,0xe6,0xeb,0xeb,0xeb,0xeb,0xeb,0xeb,0xeb,0xeb,
	0xeb,0xeb,0xeb,0xeb,0xeb,0xeb,0xeb,0xeb,0xaa,0xaa,0xaa,0xaa,0xaa,0xaa,0xaa,0xaa,
	0xaa,0xaa,0xaa,0xaa,0xaa,0xaa,0xaa,0xaa,0xaa,0xaa,0xaa,0xaa,0xaa,0xaa,0xaa,0xaa,
	0xaa,0xaa,0xaa,0xaa,0xaa,0xaa,0xaa,0xaa,0xaa,0xaa,0xaa,0xaa,0xaa,0xaa,0xaa,0xaa,
	0x6a,0x6a,0x6a,0x6a,0x6a,0x6a,0x6a,0x6a,0x6a,0x6a,0x6a,0x6a,0x6a,0x6a,0x6a,0x6a,
	0x6a,0x6a,0x6a,0x6a,0x6a,0x6a,0x6a,0x6a,0x6a,0x6a,0x6a,0x6a,0x6a,0x6a,0x6a,0x6a,
	0x6a,0x6a,0x6a,0x6a,0x6a,0x6a,0x6a,0x6a,0x29,0x29,0x29,0x29,0x29,0x29,0x29,0x29,
	0x29,0x29,0x29,0x29,0x29,0x29,0x29,0x29,0x29,0x29,0x29,0x29,0x29,0x29,0x29,0x29,
	0x29,0x29,0x29,0x29,0x29,0x29,0x29,0x29,0x29,0x29,0x29,0x29,0x29,0x29,0x29,0x29,
	0xd2,0xd2,0xd2,0xd2,0xd2,0xd2,0xd2,0xd2,0xd2,0xd2,0xd2,0xd2,0xd2,0xd2,0xd2,0xd2,
	0xd2,0xd2,0xd2,0xd2,0xd2,0xd2,0xd2,0xd2,0xd2,0xd2,0xd2,0xd2,0xd2,0xd2,0xd2,0xd2,
	0xd2,0xd2,0xd2,0xd2,0xd2,0xd2,0xd2,0xd2,0x91,0x91,0x91,0x91,0x91,0x91,0x91,0x91,
	0x91,0x91,0x91,0x91,0x91,0x91,0x91,0x91,0x91,0x91,0x91,0x91,0x91,0x91,0x91,0x91,
	0x91,0x91,0x91,0x91,0x91,0x91,0x91,0x91,0x91,0x91,0x91,0x91,0x91,0x91,0x91,0x91,
	0x51,0x51,0x51,0x51,0x51,0x51,0x51,0x51,0x51,0x51,0x51,0x51,0x51,0x51,0x51,0x51,
	0xde,0xee,0xe7,0xeb,0x15,0x05,0x0f,0x10,0x10,0x10,0x10,0x10,0x10,0x10,0x10,0x10,
	0x10,0x10,0x10,0x10,0x10,0x10,0x10,0x10,0xe6,0xf5,0xeb,0xea,0x10,0x10,0x10,0x10,
	0x10,0x10,0x10,0x10,0x10,0x10,0x10,0x10,0x0f,0x0e,0x12,0xea,0xeb,0xeb,0xeb,0xeb,
	0xeb,0xeb,0xeb,0xeb,0xeb,0xeb,0xeb,0xeb,0xeb,0xeb,0xeb,0xeb,0xeb,0xeb,0xeb,0xeb,
	0x10,0x10,0x10,0x10,0x10,0x10,0x10,0x10,0x10,0x10,0x10,0x10,0x10,0x10,0x10,0x10,
	0x10,0x10,0x10,0x10,0x13,0x12,0xeb,0xea,0xeb,0xeb,0xeb,0xeb,0xeb,0xeb,0xeb,0xeb,
	0xeb,0xeb,0xeb,0xeb,0xeb,0xeb,0xeb,0xeb,0xaa,0xaa,0xaa,0xaa,0xaa,0xaa,0xaa,0xaa,
	0xaa,0xaa,0xaa,0xaa,0xaa,0xaa,0xaa,0xaa,0xaa,0xaa,0xaa,0xaa,0xaa,0xaa,0xaa,0xaa,
	0xaa,0xaa,0xaa,0xaa,0xaa,0xaa,0xaa,0xaa,0xaa,0xaa,0xaa,0xaa,0xaa,0xaa,0xaa,0xaa,
	0x6a,0x6a,0x6a,0x6a,0x6a,0x6a,0x6a,0x6a,0x6a,0x6a,0x6a,0x6a,0x6a,0x6a,0x6a,0x6a,
	0x6a,0x6a,0x6a,0x6a,0x6a,0x6a,0x6a,0x6a,0x6a,0x6a,0x6a,0x6a,0x6a,0x6a,0x6a,0x6a,
	0x6a,0x6a,0x6a,0x6a,0x6a,0x6a,0x6a,0x6a,0x29,0x29,0x29,0x29,0x29,0x29,0x29,0x29,
	0x29,0x29,0x29,0x29,0x29,0x29,0x29,0x29,0x29,0x29,0x29,0x29,0x29,0x29,0x29,0x29,
	0x29,0x29,0x29,0x29,0x29,0x29,0x29,0x29,0x29,0x29,0x29,0x29,0x29,0x29,0x29,0x29,
	0xd2,0xd2,0xd2,0xd2,0xd2,0xd2,0xd2,0xd2,0xd2,0xd2,0xd2,0xd2,0xd2,0xd2,0xd2,0xd2,
	0xd2,0xd2,0xd2,0xd2,0xd2,0xd2,0xd2,0xd2,0xd2,0xd2,0xd2,0xd2,0xd2,0xd2,0xd2,0xd2,
	0xd2,0xd2,0xd2,0xd2,0xd2,0xd2,0xd2,0xd2,0x91,0x91,0x91,0x91,0x91,0x91,0x91,0x91,
	0x91,0x91,0x91,0x91,0x91,0x91,0x91,0x91,0x91,0x91,0x91,0x91,0x91,0x91,0x91,0x91,
	0x91,0x91,0x91,0x91,0x91,0x91,0x91,0x91,0x91,0x91,0x91,0x91,0x91,0x91,0x91,0x91,
	0x51,0x51,0x51,0x51,0x51,0x51,0x51,0x51,0x51,0x51,0x51,0x51,0x51,0x51,0x51,0x51,
	0xe5,0xe8,0xea,0xe5,0x0b,0x13,0x10,0x0d,0x0c,0x0c,0x0d,0x0d,0x0d,0x0d,0x0d,0x0d,
	0x0d,0x0d,0x0d,0x0d,0x0d,0x0d,0x0d,0x0d,0xf4,0xec,0xea,0xe9,0x10,0x10,0x10,0x10,
	0x10,0x10,0x10,0x10,0x10,0x10,0x10,0x10,0x0b,0x0f,0x11,0xe9,0xeb,0xeb,0xeb,0xeb,
	0xeb,0xeb,0xeb,0xeb,0xeb,0xeb,0xeb,0xeb,0xeb,0xeb,0xeb,0xeb,0xeb,0xeb,0xeb,0xeb,
	0x10,0x10,0x10,0x10,0x10,0x10,0x10,0x10,0x10,0x10,0x10,0x10,0x10,0x10,0x10,0x10,
	0x10,0x10,0x10,0x10,0x13,0x12,0xeb,0xea,0xeb,0xeb,0xeb,0xeb,0xeb,0xeb,0xeb,0xeb,
	0xeb,0xeb,0xeb,0xeb,0xeb,0xeb,0xeb,0xeb,0xaa,0xaa,0xaa,0xaa,0xaa,0xaa,0xaa,0xaa,
	0xaa,0xaa,0xaa,0xaa,0xaa,0xaa,0xaa,0xaa,0xaa,0xaa,0xaa,0xaa,0xaa,0xaa,0xaa,0xaa,
	0xaa,0xaa,0xaa,0xaa,0xaa,0xaa,0xaa,0xaa,0xaa,0xaa,0xaa,0xaa,0xaa,0xaa,0xaa,0xaa,
	0x6a,0x6a,0x6a,0x6a,0x6a,0x6a,0x6a,0x6a,0x6a,0x6a,0x6a,0x6a,0x6a,0x6a,0x6a,0x6a,
	0x6a,0x6a,0x6a,0x6a,0x6a,0x6a,0x6a,0x6a,0x6a,0x6a,0x6a,0x6a,0x6a,0x6a,0x6a,0x6a,
	0x6a,0x6a,0x6a,0x6a,0x6a,0x6a,0x6a,0x6a,0x29,0x29,0x29,0x29,0x29,0x29,0x29,0x29,
	0x29,0x29,0x29,0x29,0x29,0x29,0x29,0x29,0x29,0x29,0x29,0x29,0x29,0x29,0x29,0x29,
	0x29,0x29,0x29,0x29,0x29,0x29,0x29,0x29,0x29,0x29,0x29,0x29,0x29,0x29,0x29,0x29,
	0xd2,0xd2,0xd2,0xd2,0xd2,0xd2,0xd2,0xd2,0xd2,0xd2,0xd2,0xd2,0xd2,0xd2,0xd2,0xd2,
	0xd2,0xd2,0xd2,0xd2,0xd2,0xd2,0xd2,0xd2,0xd2,0xd2,0xd2,0xd2,0xd2,0xd2,0xd2,0xd2,
	0xd2,0xd2,0xd2,0xd2,0xd2,0xd2,0xd2,0xd2,0x91,0x91,0x91,0x91,0x91,0x91,0x91,0x91,
	0x91,0x91,0x91,0x91,0x91,0x91,0x91,0x91,0x91,0x91,0x91,0x91,0x91,0x91,0x91,0x91,
	0x91,0x91,0x91,0x91,0x91,0x91,0x91,0x91,0x91,0x91,0x91,0x91,0x91,0x91,0x91,0x91,
	0x51,0x51,0x51,0x51,0x51,0x51,0x51,0x51,0x51,0x51,0x51,0x51,0x51,0x51,0x51,0x51,
	0xe6,0xea,0xec,0xe7,0x0c,0x13,0x11,0x0e,0x0d,0x0e,0x0f,0x0f,0x0f,0x0f,0x0f,0x0f,
	0x0f,0x0f,0x0f,0x0f,0x0f,0x0f,0x0f,0x0f,0xf1,0xeb,0xec,0xea,0x10,0x10,0x10,0x10,
	0x10,0x10,0x10,0x10,0x10,0x10,0x0f,0x0e,0x0e,0x0f,0x10,0xea,0xeb,0xeb,0xeb,0xeb,
	0xeb,0xeb,0xeb,0xeb,0xeb,0xeb,0xeb,0xeb,0xeb,0xeb,0xeb,0xeb,0xeb,0xeb,0xeb,0xeb,
	0x10,0x10,0x10,0x10,0x10,0x10,0x10,0x10,0x10,0x10,0x10,0x10,0x10,0x10,0x10,0x10,
	0x10,0x10,0x10,0x10,0x13,0x12,0xeb,0xea,0xeb,0xeb,0xeb,0xeb,0xeb,0xeb,0xeb,0xeb,
	0xeb,0xeb,0xeb,0xeb,0xeb,0xeb,0xeb,0xeb,0xaa,0xaa,0xaa,0xaa,0xaa,0xaa,0xaa,0xaa,
	0xaa,0xaa,0xaa,0xaa,0xaa,0xaa,0xaa,0xaa,0xaa,0xaa,0xaa,0xaa,0xaa,0xaa,0xaa,0xaa,
	0xaa,0xaa,0xaa,0xaa,0xaa,0xaa,0xaa,0xaa,0xaa,0xaa,0xaa,0xaa,0xaa,0xaa,0xaa,0xaa,
	0x6a,0x6a,0x6a,0x6a,0x6a,0x6a,0x6a,0x6a,0x6a,0x6a,0x6a,0x6a,0x6a,0x6a,0x6a,0x6a,
	0x6a,0x6a,0x6a,0x6a,0x6a,0x6a,0x6a,0x6a,0x6a,0x6a,0x6a,0x6a,0x6a,0x6a,0x6a,0x6a,
	0x6a,0x6a,0x6a,0x6a,0x6a,0x6a,0x6a,0x6a,0x29,0x29,0x29,0x29,0x29,0x29,0x29,0x29,
	0x29,0x29,0x29,0x29,0x29,0x29,0x29,0x29,0x29,0x29,0x29,0x29,0x29,0x29,0x29,0x29,
	0x29,0x29,0x29,0x29,0x29,0x29,0x29,0x29,0x29,0x29,0x29,0x29,0x29,0x29,0x29,0x29,
	0xd2,0xd2,0xd2,0xd2,0xd2,0xd2,0xd2,0xd2,0xd2,0xd2,0xd2,0xd2,0xd2,0xd2,0xd2,0xd2,
	0xd2,0xd2,0xd2,0xd2,0xd2,0xd2,0xd2,0xd2,0xd2,0xd2,0xd2,0xd2,0xd2,0xd2,0xd2,0xd2,
	0xd2,0xd2,0xd2,0xd2,0xd2,0xd2,0xd2,0xd2,0x91,0x91,0x91,0x91,0x91,0x91,0x91,0x91,
	0x91,0x91,0x91,0x91,0x91,0x91,0x91,0x91,0x91,0x91,0x91,0x91,0x91,0x91,0x91,0x91,
	0x91,0x91,0x91,0x91,0x91,0x91,0x91,0x91,0x91,0x91,0x91,0x91,0x91,0x91,0x91,0x91,
	0x51,0x51,0x51,0x51,0x51,0x51,0x51,0x51,0x51,0x51,0x51,0x51,0x51,0x51,0x51,0x51,
	0xe7,0xeb,0xee,0xea,0x0d,0x13,0x11,0x0e,0x0e,0x0f,0x10,0x10,0x10,0x10,0x10,0x10,
	0x10,0x10,0x10,0x10,0x10,0x10,0x10,0x10,0xed,0xea,0xee,0xea,0x10,0x10,0x10,0x10,
	0x10,0x10,0x10,0x10,0x10,0x10,0x0f,0x0f,0x0f,0x0f,0x0f,0xeb,0xeb,0xeb,0xeb,0xeb,
	0xeb,0xeb,0xeb,0xeb,0xeb,0xeb,0xeb,0xeb,0xeb,0xeb,0xeb,0xeb,0xeb,0xeb,0xeb,0xeb,
	0x10,0x10,0x10,0x10,0x10,0x10,0x10,0x10,0x10,0x10,0x10,0x10,0x10,0x10,0x10,0x10,
	0x10,0x10,0x10,0x10,0x13,0x12,0xeb,0xea,0xeb,0xeb,0xeb,0xeb,0xeb,0xeb,0xeb,0xeb,
	0xeb,0xeb,0xeb,0xeb,0xeb,0xeb,0xeb,0xeb,0xaa,0xaa,0xaa,0xaa,0xaa,0xaa,0xaa,0xaa,
	0xaa,0xaa,0xaa,0xaa,0xaa,0xaa,0xaa,0xaa,0xaa,0xaa,0xaa,0xaa,0xaa,0xaa,0xaa,0xaa,
	0xaa,0xaa,0xaa,0xaa,0xaa,0xaa,0xaa,0xaa,0xaa,0xaa,0xaa,0xaa,0xaa,0xaa,0xaa,0xaa,
	0x6a,0x6a,0x6a,0x6a,0x6a,0x6a,0x6a,0x6a,0x6a,0x6a,0x6a,0x6a,0x6a,0x6a,0x6a,0x6a,
	0x6a,0x6a,0x6a,0x6a,0x6a,0x6a,0x6a,0x6a,0x6a,0x6a,0x6a,0x6a,0x6a,0x6a,0x6a,0x6a,
	0x6a,0x6a,0x6a,0x6a,0x6a,0x6a,0x6a,0x6a,0x29,0x29,0x29,0x29,0x29,0x29,0x29,0x29,
	0x29,0x29,0x29,0x29,0x29,0x29,0x29,0x29,0x29,0x29,0x29,0x29,0x29,0x29,0x29,0x29,
	0x29,0x29,0x29,0x29,0x29,0x29,0x29,0x29,0x29,0x29,0x29,0x29,0x29,0x29,0x29,0x29,
	0xd2,0xd2,0xd2,0xd2,0xd2,0xd2,0xd2,0xd2,0xd2,0xd2,0xd2,0xd2,0xd2,0xd2,0xd2,0xd2,
	0xd2,0xd2,0xd2,0xd2,0xd2,0xd2,0xd2,0xd2,0xd2,0xd2,0xd2,0xd2,0xd2,0xd2,0xd2,0xd2,
	0xd2,0xd2,0xd2,0xd2,0xd2,0xd2,0xd2,0xd2,0x91,0x91,0x91,0x91,0x91,0x91,0x91,0x91,
	0x91,0x91,0x91,0x91,0x91,0x91,0x91,0x91,0x91,0x91,0x91,0x91,0x91,0x91,0x91,0x91,
	0x91,0x91,0x91,0x91,0x91,0x91,0x91,0x91,0x91,0x91,0x91,0x91,0x91,0x91,0x91,0x91,
	0x51,0x51,0x51,0x51,0x51,0x51,0x51,0x51,0x51,0x51,0x51,0x51,0x51,0x51,0x51,0x51,
	0xe7,0xec,0xef,0xeb,0x0e,0x13,0x11,0x0e,0x0e,0x0f,0x10,0x10,0x10,0x10,0x10,0x10,
	0x10,0x10,0x10,0x10,0x10,0x10,0x10,0x10,0xea,0xe9,0xef,0xea,0x11,0x10,0x10,0x10,
	0x10,0x10,0x10,0x10,0x10,0x10,0x10,0x10,0x0f,0x0e,0x0e,0xeb,0xeb,0xeb,0xeb,0xeb,
	0xeb,0xeb,0xeb,0xeb,0xeb,0xeb,0xeb,0xeb,0xeb,0xeb,0xeb,0xeb,0xeb,0xeb,0xeb,0xeb,
	0x10,0x10,0x10,0x10,0x10,0x10,0x10,0x10,0x10,0x10,0x10,0x10,0x10,0x10,0x10,0x10,
	0x10,0x10,0x10,0x10,0x12,0x12,0xeb,0xea,0xeb,0xeb,0xeb,0xeb,0xeb,0xeb,0xeb,0xeb,
	0xeb,0xeb,0xeb,0xeb,0xeb,0xeb,0xeb,0xeb,0xaa,0xaa,0xaa,0xaa,0xaa,0xaa,0xaa,0xaa,
	0xaa,0xaa,0xaa,0xaa,0xaa,0xaa,0xaa,0xaa,0xaa,0xaa,0xaa,0xaa,0xaa,0xaa,0xaa,0xaa,
	0xaa,0xaa,0xaa,0xaa,0xaa,0xaa,0xaa,0xaa,0xaa,0xaa,0xaa,0xaa,0xaa,0xaa,0xaa,0xaa,
	0x6a,0x6a,0x6a,0x6a,0x6a,0x6a,0x6a,0x6a,0x6a,0x6a,0x6a,0x6a,0x6a,0x6a,0x6a,0x6a,
	0x6a,0x6a,0x6a,0x6a,0x6a,0x6a,0x6a,0x6a,0x6a,0x6a,0x6a,0x6a,0x6a,0x6a,0x6a,0x6a,
	0x6a,0x6a,0x6a,0x6a,0x6a,0x6a,0x6a,0x6a,0x29,0x29,0x29,0x29,0x29,0x29,0x29,0x29,
	0x29,0x29,0x29,0x29,0x29,0x29,0x29,0x29,0x29,0x29,0x29,0x29,0x29,0x29,0x29,0x29,
	0x29,0x29,0x29,0x29,0x29,0x29,0x29,0x29,0x29,0x29,0x29,0x29,0x29,0x29,0x29,0x29,
	0xd2,0xd2,0xd2,0xd2,0xd2,0xd2,0xd2,0xd2,0xd2,0xd2,0xd2,0xd2,0xd2,0xd2,0xd2,0xd2,
	0xd2,0xd2,0xd2,0xd2,0xd2,0xd2,0xd2,0xd2,0xd2,0xd2,0xd2,0xd2,0xd2,0xd2,0xd2,0xd2,
	0xd2,0xd2,0xd2,0xd2,0xd2,0xd2,0xd2,0xd2,0x91,0x91,0x91,0x91,0x91,0x91,0x91,0x91,
	0x91,0x91,0x91,0x91,0x91,0x91,0x91,0x91,0x91,0x91,0x91,0x91,0x91,0x91,0x91,0x91,
	0x91,0x91,0x91,0x91,0x91,0x91,0x91,0x91,0x91,0x91,0x91,0x91,0x91,0x91,0x91,0x91,
	0x51,0x51,0x51,0x51,0x51,0x51,0x51,0x51,0x51,0x51,0x51,0x51,0x51,0x51,0x51,0x51,
	0xe7,0xed,0xf0,0xec,0x0e,0x13,0x11,0x0e,0x0f,0x10,0x11,0x11,0x11,0x11,0x11,0x11,
	0x11,0x11,0x11,0x11,0x11,0x11,0x11,0x11,0xe9,0xe8,0xf0,0xeb,0x11,0x10,0x10,0x10,
	0x10,0x10,0x10,0x10,0x10,0x10,0x10,0x10,0x0f,0x0f,0x0e,0xec,0xeb,0xeb,0xeb,0xeb,
	0xeb,0xeb,0xeb,0xeb,0xeb,0xeb,0xeb,0xeb,0xeb,0xeb,0xeb,0xeb,0xeb,0xeb,0xeb,0xeb,
	0x10,0x10,0x10,0x10,0x10,0x10,0x10,0x10,0x10,0x10,0x10,0x10,0x10,0x10,0x10,0x0f,
	0x0f,0x10,0x0f,0x10,0x11,0xeb,0xeb,0xeb,0xea,0xeb,0xeb,0xeb,0xeb,0xeb,0xeb,0xeb,
	0xeb,0xeb,0xeb,0xeb,0xeb,0xeb,0xeb,0xeb,0xaa,0xaa,0xaa,0xaa,0xaa,0xaa,0xaa,0xaa,
	0xaa,0xaa,0xaa,0xaa,0xaa,0xaa,0xaa,0xaa,0xaa,0xaa,0xaa,0xaa,0xaa,0xaa,0xaa,0xaa,
	0xaa,0xaa,0xaa,0xaa,0xaa,0xaa,0xaa,0xaa,0xaa,0xaa,0xaa,0xaa,0xaa,0xaa,0xaa,0xaa,
	0x6a,0x6a,0x6a,0x6a,0x6a,0x6a,0x6a,0x6a,0x6a,0x6a,0x6a,0x6a,0x6a,0x6a,0x6a,0x6a,
	0x6a,0x6a,0x6a,0x6a,0x6a,0x6a,0x6a,0x6a,0x6a,0x6a,0x6a,0x6a,0x6a,0x6a,0x6a,0x6a,
	0x6a,0x6a,0x6a,0x6a,0x6a,0x6a,0x6a,0x6a,0x29,0x29,0x29,0x29,0x29,0x29,0x29,0x29,
	0x29,0x29,0x29,0x29,0x29,0x29,0x29,0x29,0x29,0x29,0x29,0x29,0x29,0x29,0x29,0x29,
	0x29,0x29,0x29,0x29,0x29,0x29,0x29,0x29,0x29,0x29,0x29,0x29,0x29,0x29,0x29,0x29,
	0xd2,0xd2,0xd2,0xd2,0xd2,0xd2,0xd2,0xd2,0xd2,0xd2,0xd2,0xd2,0xd2,0xd2,0xd2,0xd2,
	0xd2,0xd2,0xd2,0xd2,0xd2,0xd2,0xd2,0xd2,0xd2,0xd2,0xd2,0xd2,0xd2,0xd2,0xd2,0xd2,
	0xd2,0xd2,0xd2,0xd2,0xd2,0xd2,0xd2,0xd2,0x91,0x91,0x91,0x91,0x91,0x91,0x91,0x91,
	0x91,0x91,0x91,0x91,0x91,0x91,0x91,0x91,0x91,0x91,0x91,0x91,0x91,0x91,0x91,0x91,
	0x91,0x91,0x91,0x91,0x91,0x91,0x91,0x91,0x91,0x91,0x91,0x91,0x91,0x91,0x91,0x91,
	0x51,0x51,0x51,0x51,0x51,0x51,0x51,0x51,0x51,0x51,0x51,0x51,0x51,0x51,0x51,0x51,
	0xe7,0xed,0xf0,0xec,0x0e,0x13,0x11,0x0e,0x0f,0x10,0x11,0x11,0x11,0x11,0x11,0x11,
	0x11,0x11,0x11,0x11,0x11,0x11,0x11,0x11,0xe9,0xe8,0xf0,0xeb,0x11,0x10,0x10,0x10,
	0x10,0x10,0x10,0x10,0x10,0x10,0x10,0x10,0x10,0x0f,0x0f,0x10,0xeb,0xeb,0xeb,0xeb,
	0xeb,0xeb,0xeb,0xeb,0xeb,0xeb,0xeb,0xeb,0xeb,0xeb,0xeb,0xeb,0xeb,0xeb,0xeb,0xeb,
	0x10,0x10,0x10,0x10,0x10,0x10,0x10,0x10,0x10,0x10,0x10,0x10,0x10,0x10,0x10,0x0f,
	0x0f,0x10,0x0f,0x10,0x10,0xeb,0xeb,0xeb,0xea,0xeb,0xeb,0xeb,0xeb,0xeb,0xeb,0xeb,
	0xeb,0xeb,0xeb,0xeb,0xeb,0xeb,0xeb,0xeb,0xaa,0xaa,0xaa,0xaa,0xaa,0xaa,0xaa,0xaa,
	0xaa,0xaa,0xaa,0xaa,0xaa,0xaa,0xaa,0xaa,0xaa,0xaa,0xaa,0xaa,0xaa,0xaa,0xaa,0xaa,
	0xaa,0xaa,0xaa,0xaa,0xaa,0xaa,0xaa,0xaa,0xaa,0xaa,0xaa,0xaa,0xaa,0xaa,0xaa,0xaa,
	0x6a,0x6a,0x6a,0x6a,0x6a,0x6a,0x6a,0x6a,0x6a,0x6a,0x6a,0x6a,0x6a,0x6a,0x6a,0x6a,
	0x6a,0x6a,0x6a,0x6a,0x6a,0x6a,0x6a,0x6a,0x6a,0x6a,0x6a,0x6a,0x6a,0x6a,0x6a,0x6a,
	0x6a,0x6a,0x6a,0x6a,0x6a,0x6a,0x6a,0x6a,0x29,0x29,0x29,0x29,0x29,0x29,0x29,0x29,
	0x29,0x29,0x29,0x29,0x29,0x29,0x29,0x29,0x29,0x29,0x29,0x29,0x29,0x29,0x29,0x29,
	0x29,0x29,0x29,0x29,0x29,0x29,0x29,0x29,0x29,0x29,0x29,0x29,0x29,0x29,0x29,0x29,
	0xd2,0xd2,0xd2,0xd2,0xd2,0xd2,0xd2,0xd2,0xd2,0xd2,0xd2,0xd2,0xd2,0xd2,0xd2,0xd2,
	0xd2,0xd2,0xd2,0xd2,0xd2,0xd2,0xd2,0xd2,0xd2,0xd2,0xd2,0xd2,0xd2,0xd2,0xd2,0xd2,
	0xd2,0xd2,0xd2,0xd2,0xd2,0xd2,0xd2,0xd2,0x91,0x91,0x91,0x91,0x91,0x91,0x91,0x91,
	0x91,0x91,0x91,0x91,0x91,0x91,0x91,0x91,0x91,0x91,0x91,0x91,0x91,0x91,0x91,0x91,
	0x91,0x91,0x91,0x91,0x91,0x91,0x91,0x91,0x91,0x91,0x91,0x91,0x91,0x91,0x91,0x91,
	0x51,0x51,0x51,0x51,0x51,0x51,0x51,0x51,0x51,0x51,0x51,0x51,0x51,0x51,0x51,0x51,
	0xe7,0xed,0xf0,0xec,0x0f,0x13,0x11,0x0f,0x0f,0x10,0x11,0x11,0x11,0x11,0x11,0x11,
	0x11,0x11,0x11,0x11,0x11,0x11,0x11,0x11,0xe9,0xe8,0xf0,0xeb,0x11,0x10,0x10,0x10,
	0x10,0x10,0x10,0x10,0x10,0x10,0x10,0x10,0x10,0x10,0x10,0x10,0xeb,0xeb,0xeb,0xeb,
	0xeb,0xeb,0xeb,0xeb,0xeb,0xeb,0xeb,0xeb,0xeb,0xeb,0xeb,0xeb,0xeb,0xeb,0xeb,0xeb,
	0x10,0x10,0x10,0x10,0x10,0x10,0x10,0x10,0x10,0x10,0x10,0x10,0x10,0x10,0x10,0x0f,
	0x0f,0x10,0x0f,0x10,0x10,0xeb,0xeb,0xeb,0xea,0xeb,0xeb,0xeb,0xeb,0xeb,0xeb,0xeb,
	0xeb,0xeb,0xeb,0xeb,0xeb,0xeb,0xeb,0xeb,0xaa,0xaa,0xaa,0xaa,0xaa,0xaa,0xaa,0xaa,
	0xaa,0xaa,0xaa,0xaa,0xaa,0xaa,0xaa,0xaa,0xaa,0xaa,0xaa,0xaa,0xaa,0xaa,0xaa,0xaa,
	0xaa,0xaa,0xaa,0xaa,0xaa,0xaa,0xaa,0xaa,0xaa,0xaa,0xaa,0xaa,0xaa,0xaa,0xaa,0xaa,
	0x6a,0x6a,0x6a,0x6a,0x6a,0x6a,0x6a,0x6a,0x6a,0x6a,0x6a,0x6a,0x6a,0x6a,0x6a,0x6a,
	0x6a,0x6a,0x6a,0x6a,0x6a,0x6a,0x6a,0x6a,0x6a,0x6a,0x6a,0x6a,0x6a,0x6a,0x6a,0x6a,
	0x6a,0x6a,0x6a,0x6a,0x6a,0x6a,0x6a,0x6a,0x29,0x29,0x29,0x29,0x29,0x29,0x29,0x29,
	0x29,0x29,0x29,0x29,0x29,0x29,0x29,0x29,0x29,0x29,0x29,0x29,0x29,0x29,0x29,0x29,
	0x29,0x29,0x29,0x29,0x29,0x29,0x29,0x29,0x29,0x29,0x29,0x29,0x29,0x29,0x29,0x29,
	0xd2,0xd2,0xd2,0xd2,0xd2,0xd2,0xd2,0xd2,0xd2,0xd2,0xd2,0xd2,0xd2,0xd2,0xd2,0xd2,
	0xd2,0xd2,0xd2,0xd2,0xd2,0xd2,0xd2,0xd2,0xd2,0xd2,0xd2,0xd2,0xd2,0xd2,0xd2,0xd2,
	0xd2,0xd2,0xd2,0xd2,0xd2,0xd2,0xd2,0xd2,0x91,0x91,0x91,0x91,0x91,0x91,0x91,0x91,
	0x91,0x91,0x91,0x91,0x91,0x91,0x91,0x91,0x91,0x91,0x91,0x91,0x91,0x91,0x91,0x91,
	0x91,0x91,0x91,0x91,0x91,0x91,0x91,0x91,0x91,0x91,0x91,0x91,0x91,0x91,0x91,0x91,
	0x51,0x51,0x51,0x51,0x51,0x51,0x51,0x51,0x51,0x51,0x51,0x51,0x51,0x51,0x51,0x51,
	0xe7,0xed,0xf0,0xec,0x0f,0x12,0x10,0x0f,0x0f,0x10,0x11,0x11,0x11,0x11,0x11,0x11,
	0x11,0x11,0x11,0x11,0x11,0x11,0x11,0x11,0xe9,0xe8,0xf0,0xeb,0x11,0x10,0x10,0x10,
	0x10,0x10,0x10,0x10,0x10,0x10,0x10,0x10,0x10,0x10,0x10,0x10,0xeb,0xeb,0xeb,0xeb,
	0xeb,0xeb,0xeb,0xeb,0xeb,0xeb,0xeb,0xeb,0xeb,0xeb,0xeb,0xeb,0xeb,0xeb,0xeb,0xeb,
	0x10,0x10,0x10,0x10,0x10,0x10,0x10,0x10,0x10,0x10,0x10,0x10,0x10,0x10,0x10,0x0f,
	0x0f,0x10,0x0f,0x10,0x10,0xeb,0xeb,0xeb,0xea,0xeb,0xeb,0xeb,0xeb,0xeb,0xeb,0xeb,
	0xeb,0xeb,0xeb,0xeb,0xeb,0xeb,0xeb,0xeb,0xaa,0xaa,0xaa,0xaa,0xaa,0xaa,0xaa,0xaa,
	0xaa,0xaa,0xaa,0xaa,0xaa,0xaa,0xaa,0xaa,0xaa,0xaa,0xaa,0xaa,0xaa,0xaa,0xaa,0xaa,
	0xaa,0xaa,0xaa,0xaa,0xaa,0xaa,0xaa,0xaa,0xaa,0xaa,0xaa,0xaa,0xaa,0xaa,0xaa,0xaa,
	0x6a,0x6a,0x6a,0x6a,0x6a,0x6a,0x6a,0x6a,0x6a,0x6a,0x6a,0x6a,0x6a,0x6a,0x6a,0x6a,
	0x6a,0x6a,0x6a,0x6a,0x6a,0x6a,0x6a,0x6a,0x6a,0x6a,0x6a,0x6a,0x6a,0x6a,0x6a,0x6a,
	0x6a,0x6a,0x6a,0x6a,0x6a,0x6a,0x6a,0x6a,0x29,0x29,0x29,0x29,0x29,0x29,0x29,0x29,
	0x29,0x29,0x29,0x29,0x29,0x29,0x29,0x29,0x29,0x29,0x29,0x29,0x29,0x29,0x29,0x29,
	0x29,0x29,0x29,0x29,0x29,0x29,0x29,0x29,0x29,0x29,0x29,0x29,0x29,0x29,0x29,0x29,
	0xd2,0xd2,0xd2,0xd2,0xd2,0xd2,0xd2,0xd2,0xd2,0xd2,0xd2,0xd2,0xd2,0xd2,0xd2,0xd2,
	0xd2,0xd2,0xd2,0xd2,0xd2,0xd2,0xd2,0xd2,0xd2,0xd2,0xd2,0xd2,0xd2,0xd2,0xd2,0xd2,
	0xd2,0xd2,0xd2,0xd2,0xd2,0xd2,0xd2,0xd2,0x91,0x91,0x91,0x91,0x91,0x91,0x91,0x91,
	0x91,0x91,0x91,0x91,0x91,0x91,0x91,0x91,0x91,0x91,0x91,0x91,0x91,0x91,0x91,0x91,
	0x91,0x91,0x91,0x91,0x91,0x91,0x91,0x91,0x91,0x91,0x91,0x91,0x91,0x91,0x91,0x91,
	0x51,0x51,0x51,0x51,0x51,0x51,0x51,0x51,0x51,0x51,0x51,0x51,0x51,0x51,0x51,0x51,
	0xe7,0xed,0xf0,0xec,0x0f,0x12,0x10,0x0f,0x0f,0x10,0x11,0x11,0x11,0x11,0x11,0x11,
	0x11,0x11,0x11,0x11,0x11,0x11,0x11,0x11,0xe9,0xe8,0xf0,0xeb,0x11,0x10,0x10,0x10,
	0x10,0x10,0x10,0x10,0x10,0x10,0x10,0x10,0x10,0x10,0x10,0x10,0xeb,0xeb,0xeb,0xeb,
	0xeb,0xeb,0xeb,0xeb,0xeb,0xeb,0xeb,0xeb,0xeb,0xeb,0xeb,0xeb,0xeb,0xeb,0xeb,0xeb,
	0x10,0x10,0x10,0x10,0x10,0x10,0x10,0x10,0x10,0x10,0x10,0x10,0x10,0x10,0x10,0x0f,
	0x0f,0x10,0x0f,0x10,0x10,0xeb,0xeb,0xeb,0xea,0xeb,0xeb,0xeb,0xeb,0xeb,0xeb,0xeb,
	0xeb,0xeb,0xeb,0xeb,0xeb,0xeb,0xeb,0xeb,0xaa,0xaa,0xaa,0xaa,0xaa,0xaa,0xaa,0xaa,
	0xaa,0xaa,0xaa,0xaa,0xaa,0xaa,0xaa,0xaa,0xaa,0xaa,0xaa,0xaa,0xaa,0xaa,0xaa,0xaa,
	0xaa,0xaa,0xaa,0xaa,0xaa,0xaa,0xaa,0xaa,0xaa,0xaa,0xaa,0xaa,0xaa,0xaa,0xaa,0xaa,
	0x6a,0x6a,0x6a,0x6a,0x6a,0x6a,0x6a,0x6a,0x6a,0x6a,0x6a,0x6a,0x6a,0x6a,0x6a,0x6a,
	0x6a,0x6a,0x6a,0x6a,0x6a,0x6a,0x6a,0x6a,0x6a,0x6a,0x6a,0x6a,0x6a,0x6a,0x6a,0x6a,
	0x6a,0x6a,0x6a,0x6a,0x6a,0x6a,0x6a,0x6a,0x29,0x29,0x29,0x29,0x29,0x29,0x29,0x29,
	0x29,0x29,0x29,0x29,0x29,0x29,0x29,0x29,0x29,0x29,0x29,0x29,0x29,0x29,0x29,0x29,
	0x29,0x29,0x29,0x29,0x29,0x29,0x29,0x29,0x29,0x29,0x29,0x29,0x29,0x29,0x29,0x29,
	0xd2,0xd2,0xd2,0xd2,0xd2,0xd2,0xd2,0xd2,0xd2,0xd2,0xd2,0xd2,0xd2,0xd2,0xd2,0xd2,
	0xd2,0xd2,0xd2,0xd2,0xd2,0xd2,0xd2,0xd2,0xd2,0xd2,0xd2,0xd2,0xd2,0xd2,0xd2,0xd2,
	0xd2,0xd2,0xd2,0xd2,0xd2,0xd2,0xd2,0xd2,0x91,0x91,0x91,0x91,0x91,0x91,0x91,0x91,
	0x91,0x91,0x91,0x91,0x91,0x91,0x91,0x91,0x91,0x91,0x91,0x91,0x91,0x91,0x91,0x91,
	0x91,0x91,0x91,0x91,0x91,0x91,0x91,0x91,0x91,0x91,0x91,0x91,0x91,0x91,0x91,0x91,
	0x51,0x51,0x51,0x51,0x51,0x51,0x51,0x51,0x51,0x51,0x51,0x51,0x51,0x51,0x51,0x51,
	0xe7,0xed,0xf0,0xec,0x0f,0x12,0x10,0x0f,0x0f,0x10,0x11,0x11,0x11,0x11,0x11,0x11,
	0x11,0x11,0x11,0x11,0x11,0x11,0x11,0x11,0xe9,0xe8,0xf0,0xeb,0x11,0x10,0x10,0x10,
	0x10,0x10,0x10,0x10,0x10,0x10,0x10,0x10,0x10,0x10,0x10,0x10,0xeb,0xeb,0xeb,0xeb,
	0xeb,0xeb,0xeb,0xeb,0xeb,0xeb,0xeb,0xeb,0xeb,0xeb,0xeb,0xeb,0xeb,0xeb,0xeb,0xeb,
	0x10,0x10,0x10,0x10,0x10,0x10,0x10,0x10,0x10,0x10,0x10,0x10,0x10,0x10,0x10,0x0f,
	0x0f,0x10,0x0f,0x10,0x10,0xeb,0xeb,0xeb,0xea,0xeb,0xeb,0xeb,0xeb,0xeb,0xeb,0xeb,
	0xeb,0xeb,0xeb,0xeb,0xeb,0xeb,0xeb,0xeb,0xaa,0xaa,0xaa,0xaa,0xaa,0xaa,0xaa,0xaa,
	0xaa,0xaa,0xaa,0xaa,0xaa,0xaa,0xaa,0xaa,0xaa,0xaa,0xaa,0xaa,0xaa,0xaa,0xaa,0xaa,
	0xaa,0xaa,0xaa,0xaa,0xaa,0xaa,0xaa,0xaa,0xaa,0xaa,0xaa,0xaa,0xaa,0xaa,0xaa,0xaa,
	0x6a,0x6a,0x6a,0x6a,0x6a,0x6a,0x6a,0x6a,0x6a,0x6a,0x6a,0x6a,0x6a,0x6a,0x6a,0x6a,
	0x6a,0x6a,0x6a,0x6a,0x6a,0x6a,0x6a,0x6a,0x6a,0x6a,0x6a,0x6a,0x6a,0x6a,0x6a,0x6a,
	0x6a,0x6a,0x6a,0x6a,0x6a,0x6a,0x6a,0x6a,0x29,0x29,0x29,0x29,0x29,0x29,0x29,0x29,
	0x29,0x29,0x29,0x29,0x29,0x29,0x29,0x29,0x29,0x29,0x29,0x29,0x29,0x29,0x29,0x29,
	0x29,0x29,0x29,0x29,0x29,0x29,0x29,0x29,0x29,0x29,0x29,0x29,0x29,0x29,0x29,0x29,
	0xd2,0xd2,0xd2,0xd2,0xd2,0xd2,0xd2,0xd2,0xd2,0xd2,0xd2,0xd2,0xd2,0xd2,0xd2,0xd2,
	0xd2,0xd2,0xd2,0xd2,0xd2,0xd2,0xd2,0xd2,0xd2,0xd2,0xd2,0xd2,0xd2,0xd2,0xd2,0xd2,
	0xd2,0xd2,0xd2,0xd2,0xd2,0xd2,0xd2,0xd2,0x91,0x91,0x91,0x91,0x91,0x91,0x91,0x91,
	0x91,0x91,0x91,0x91,0x91,0x91,0x91,0x91,0x91,0x91,0x91,0x91,0x91,0x91,0x91,0x91,
	0x91,0x91,0x91,0x91,0x91,0x91,0x91,0x91,0x91,0x91,0x91,0x91,0x91,0x91,0x91,0x91,
	0x51,0x51,0x51,0x51,0x51,0x51,0x51,0x51,0x51,0x51,0x51,0x51,0x51,0x51,0x51,0x51,
	0xe7,0xed,0xf0,0xec,0x0f,0x12,0x10,0x0f,0x0f,0x10,0x11,0x11,0x11,0x11,0x11,0x11,
	0x11,0x11,0x11,0x11,0x11,0x11,0x11,0x11,0xe9,0xe8,0xf0,0xeb,0x11,0x10,0x10,0x10,
	0x10,0x10,0x10,0x10,0x10,0x10,0x10,0x10,0x10,0x10,0x10,0x10,0xeb,0xeb,0xeb,0xeb,
	0xeb,0xeb,0xeb,0xeb,0xeb,0xeb,0xeb,0xeb,0xeb,0xeb,0xeb,0xeb,0xeb,0xeb,0xeb,0xeb,
	0x10,0x10,0x10,0x10,0x10,0x10,0x10,0x10,0x10,0x10,0x10,0x10,0x10,0x10,0x10,0x0f,
	0x0f,0x10,0x0f,0x10,0x10,0xeb,0xeb,0xeb,0xea,0xeb,0xeb,0xeb,0xeb,0xeb,0xeb,0xeb,
	0xeb,0xeb,0xeb,0xeb,0xeb,0xeb,0xeb,0xeb,0xaa,0xaa,0xaa,0xaa,0xaa,0xaa,0xaa,0xaa,
	0xaa,0xaa,0xaa,0xaa,0xaa,0xaa,0xaa,0xaa,0xaa,0xaa,0xaa,0xaa,0xaa,0xaa,0xaa,0xaa,
	0xaa,0xaa,0xaa,0xaa,0xaa,0xaa,0xaa,0xaa,0xaa,0xaa,0xaa,0xaa,0xaa,0xaa,0xaa,0xaa,
	0x6a,0x6a,0x6a,0x6a,0x6a,0x6a,0x6a,0x6a,0x6a,0x6a,0x6a,0x6a,0x6a,0x6a,0x6a,0x6a,
	0x6a,0x6a,0x6a,0x6a,0x6a,0x6a,0x6a,0x6a,0x6a,0x6a,0x6a,0x6a,0x6a,0x6a,0x6a,0x6a,
	0x6a,0x6a,0x6a,0x6a,0x6a,0x6a,0x6a,0x6a,0x29,0x29,0x29,0x29,0x29,0x29,0x29,0x29,
	0x29,0x29,0x29,0x29,0x29,0x29,0x29,0x29,0x29,0x29,0x29,0x29,0x29,0x29,0x29,0x29,
	0x29,0x29,0x29,0x29,0x29,0x29,0x29,0x29,0x29,0x29,0x29,0x29,0x29,0x29,0x29,0x29,
	0xd2,0xd2,0xd2,0xd2,0xd2,0xd2,0xd2,0xd2,0xd2,0xd2,0xd2,0xd2,0xd2,0xd2,0xd2,0xd2,
	0xd2,0xd2,0xd2,0xd2,0xd2,0xd2,0xd2,0xd2,0xd2,0xd2,0xd2,0xd2,0xd2,0xd2,0xd2,0xd2,
	0xd2,0xd2,0xd2,0xd2,0xd2,0xd2,0xd2,0xd2,0x91,0x91,0x91,0x91,0x91,0x91,0x91,0x91,
	0x91,0x91,0x91,0x91,0x91,0x91,0x91,0x91,0x91,0x91,0x91,0x91,0x91,0x91,0x91,0x91,
	0x91,0x91,0x91,0x91,0x91,0x91,0x91,0x91,0x91,0x91,0x91,0x91,0x91,0x91,0x91,0x91,
	0x51,0x51,0x51,0x51,0x51,0x51,0x51,0x51,0x51,0x51,0x51,0x51,0x51,0x51,0x51,0x51,
	0xe7,0xed,0xf0,0xec,0x0f,0x12,0x10,0x0f,0x0f,0x10,0x11,0x11,0x11,0x11,0x11,0x11,
	0x11,0x11,0x11,0x11,0x11,0x11,0x11,0x11,0xe9,0xe8,0xf0,0xeb,0x11,0x10,0x10,0x10,
	0x10,0x10,0x10,0x10,0x10,0x10,0x10,0x10,0x10,0x10,0x10,0x10,0xeb,0xeb,0xeb,0xeb,
	0xeb,0xeb,0xeb,0xeb,0xeb,0xeb,0xeb,0xeb,0xeb,0xeb,0xeb,0xeb,0xeb,0xeb,0xeb,0xeb,
	0x10,0x10,0x10,0x10,0x10,0x10,0x10,0x10,0x10,0x10,0x10,0x10,0x10,0x10,0x10,0x0f,
	0x0f,0x10,0x0f,0x10,0x10,0xeb,0xeb,0xeb,0xea,0xeb,0xeb,0xeb,0xeb,0xeb,0xeb,0xeb,
	0xeb,0xeb,0xeb,0xeb,0xeb,0xeb,0xeb,0xeb,0xaa,0xaa,0xaa,0xaa,0xaa,0xaa,0xaa,0xaa,
	0xaa,0xaa,0xaa,0xaa,0xaa,0xaa,0xaa,0xaa,0xaa,0xaa,0xaa,0xaa,0xaa,0xaa,0xaa,0xaa,
	0xaa,0xaa,0xaa,0xaa,0xaa,0xaa,0xaa,0xaa,0xaa,0xaa,0xaa,0xaa,0xaa,0xaa,0xaa,0xaa,
	0x6a,0x6a,0x6a,0x6a,0x6a,0x6a,0x6a,0x6a,0x6a,0x6a,0x6a,0x6a,0x6a,0x6a,0x6a,0x6a,
	0x6a,0x6a,0x6a,0x6a,0x6a,0x6a,0x6a,0x6a,0x6a,0x6a,0x6a,0x6a,0x6a,0x6a,0x6a,0x6a,
	0x6a,0x6a,0x6a,0x6a,0x6a,0x6a,0x6a,0x6a,0x29,0x29,0x29,0x29,0x29,0x29,0x29,0x29,
	0x29,0x29,0x29,0x29,0x29,0x29,0x29,0x29,0x29,0x29,0x29,0x29,0x29,0x29,0x29,0x29,
	0x29,0x29,0x29,0x29,0x29,0x29,0x29,0x29,0x29,0x29,0x29,0x29,0x29,0x29,0x29,0x29,
	0xd2,0xd2,0xd2,0xd2,0xd2,0xd2,0xd2,0xd2,0xd2,0xd2,0xd2,0xd2,0xd2,0xd2,0xd2,0xd2,
	0xd2,0xd2,0xd2,0xd2,0xd2,0xd2,0xd2,0xd2,0xd2,0xd2,0xd2,0xd2,0xd2,0xd2,0xd2,0xd2,
	0xd2,0xd2,0xd2,0xd2,0xd2,0xd2,0xd2,0xd2,0x91,0x91,0x91,0x91,0x91,0x91,0x91,0x91,
	0x91,0x91,0x91,0x91,0x91,0x91,0x91,0x91,0x91,0x91,0x91,0x91,0x91,0x91,0x91,0x91,
	0x91,0x91,0x91,0x91,0x91,0x91,0x91,0x91,0x91,0x91,0x91,0x91,0x91,0x91,0x91,0x91,
	0x51,0x51,0x51,0x51,0x51,0x51,0x51,0x51,0x51,0x51,0x51,0x51,0x51,0x51,0x51,0x51,
	0xe7,0xed,0xf0,0xec,0x0f,0x12,0x10,0x0f,0x0f,0x10,0x11,0x11,0x11,0x11,0x11,0x11,
	0x11,0x11,0x11,0x11,0x11,0x11,0x11,0x11,0xe9,0xe8,0xf0,0xeb,0x11,0x10,0x10,0x10,
	0x10,0x10,0x10,0x10,0x10,0x10,0x10,0x10,0x10,0x10,0x10,0x10,0xeb,0xeb,0xeb,0xeb,
	0xeb,0xeb,0xeb,0xeb,0xeb,0xeb,0xeb,0xeb,0xeb,0xeb,0xeb,0xeb,0xeb,0xeb,0xeb,0xeb,
	0x10,0x10,0x10,0x10,0x10,0x10,0x10,0x10,0x10,0x10,0x10,0x10,0x10,0x10,0x10,0x0f,
	0x0f,0x10,0x0f,0x10,0x10,0xeb,0xeb,0xea,0xeb,0xeb,0xeb,0xeb,0xeb,0xeb,0xeb,0xeb,
	0xeb,0xeb,0xeb,0xeb,0xeb,0xeb,0xeb,0xeb,0xaa,0xaa,0xaa,0xaa,0xaa,0xaa,0xaa,0xaa,
	0xaa,0xaa,0xaa,0xaa,0xaa,0xaa,0xaa,0xaa,0xaa,0xaa,0xaa,0xaa,0xaa,0xaa,0xaa,0xaa,
	0xaa,0xaa,0xaa,0xaa,0xaa,0xaa,0xaa,0xaa,0xaa,0xaa,0xaa,0xaa,0xaa,0xaa,0xaa,0xaa,
	0x6a,0x6a,0x6a,0x6a,0x6a,0x6a,0x6a,0x6a,0x6a,0x6a,0x6a,0x6a,0x6a,0x6a,0x6a,0x6a,
	0x6a,0x6a,0x6a,0x6a,0x6a,0x6a,0x6a,0x6a,0x6a,0x6a,0x6a,0x6a,0x6a,0x6a,0x6a,0x6a,
	0x6a,0x6a,0x6a,0x6a,0x6a,0x6a,0x6a,0x6a,0x29,0x29,0x29,0x29,0x29,0x29,0x29,0x29,
	0x29,0x29,0x29,0x29,0x29,0x29,0x29,0x29,0x29,0x29,0x29,0x29,0x29,0x29,0x29,0x29,
	0x29,0x29,0x29,0x29,0x29,0x29,0x29,0x29,0x29,0x29,0x29,0x29,0x29,0x29,0x29,0x29,
	0xd2,0xd2,0xd2,0xd2,0xd2,0xd2,0xd2,0xd2,0xd2,0xd2,0xd2,0xd2,0xd2,0xd2,0xd2,0xd2,
	0xd2,0xd2,0xd2,0xd2,0xd2,0xd2,0xd2,0xd2,0xd2,0xd2,0xd2,0xd2,0xd2,0xd2,0xd2,0xd2,
	0xd2,0xd2,0xd2,0xd2,0xd2,0xd2,0xd2,0xd2,0x91,0x91,0x91,0x91,0x91,0x91,0x91,0x91,
	0x91,0x91,0x91,0x91,0x91,0x91,0x91,0x91,0x91,0x91,0x91,0x91,0x91,0x91,0x91,0x91,
	0x91,0x91,0x91,0x91,0x91,0x91,0x91,0x91,0x91,0x91,0x91,0x91,0x91,0x91,0x91,0x91,
	0x51,0x51,0x51,0x51,0x51,0x51,0x51,0x51,0x51,0x51,0x51,0x51,0x51,0x51,0x51,0x51,
	0xe7,0xed,0xf0,0xec,0x0f,0x12,0x10,0x0f,0x0f,0x10,0x11,0x11,0x11,0x11,0x11,0x11,
	0x11,0x11,0x11,0x11,0x11,0x11,0x11,0x11,0xe9,0xe8,0xf0,0xeb,0x11,0x10,0x10,0x10,
	0x10,0x10,0x10,0x10,0x10,0x10,0x10,0x10,0x10,0x10,0x10,0x10,0xeb,0xeb,0xeb,0xeb,
	0xeb,0xeb,0xeb,0xeb,0xeb,0xeb,0xeb,0xeb,0xeb,0xeb,0xeb,0xeb,0xeb,0xeb,0xeb,0xeb,
	0x10,0x10,0x10,0x10,0x10,0x10,0x10,0x10,0x10,0x10,0x10,0x10,0x10,0x10,0x10,0x0f,
	0x0f,0x10,0x0f,0x10,0x10,0xeb,0xeb,0xea,0xeb,0xeb,0xeb,0xeb,0xeb,0xeb,0xeb,0xeb,
	0xeb,0xeb,0xeb,0xeb,0xeb,0xeb,0xeb,0xeb,0xaa,0xaa,0xaa,0xaa,0xaa,0xaa,0xaa,0xaa,
	0xaa,0xaa,0xaa,0xaa,0xaa,0xaa,0xaa,0xaa,0xaa,0xaa,0xaa,0xaa,0xaa,0xaa,0xaa,0xaa,
	0xaa,0xaa,0xaa,0xaa,0xaa,0xaa,0xaa,0xaa,0xaa,0xaa,0xaa,0xaa,0xaa,0xaa,0xaa,0xaa,
	0x6a,0x6a,0x6a,0x6a,0x6a,0x6a,0x6a,0x6a,0x6a,0x6a,0x6a,0x6a,0x6a,0x6a,0x6a,0x6a,
	0x6a,0x6a,0x6a,0x6a,0x6a,0x6a,0x6a,0x6a,0x6a,0x6a,0x6a,0x6a,0x6a,0x6a,0x6a,0x6a,
	0x6a,0x6a,0x6a,0x6a,0x6a,0x6a,0x6a,0x6a,0x29,0x29,0x29,0x29,0x29,0x29,0x29,0x29,
	0x29,0x29,0x29,0x29,0x29,0x29,0x29,0x29,0x29,0x29,0x29,0x29,0x29,0x29,0x29,0x29,
	0x29,0x29,0x29,0x29,0x29,0x29,0x29,0x29,0x29,0x29,0x29,0x29,0x29,0x29,0x29,0x29,
	0xd2,0xd2,0xd2,0xd2,0xd2,0xd2,0xd2,0xd2,0xd2,0xd2,0xd2,0xd2,0xd2,0xd2,0xd2,0xd2,
	0xd2,0xd2,0xd2,0xd2,0xd2,0xd2,0xd2,0xd2,0xd2,0xd2,0xd2,0xd2,0xd2,0xd2,0xd2,0xd2,
	0xd2,0xd2,0xd2,0xd2,0xd2,0xd2,0xd2,0xd2,0x91,0x91,0x91,0x91,0x91,0x91,0x91,0x91,
	0x91,0x91,0x91,0x91,0x91,0x91,0x91,0x91,0x91,0x91,0x91,0x91,0x91,0x91,0x91,0x91,
	0x91,0x91,0x91,0x91,0x91,0x91,0x91,0x91,0x91,0x91,0x91,0x91,0x91,0x91,0x91,0x91,
	0x51,0x51,0x51,0x51,0x51,0x51,0x51,0x51,0x51,0x51,0x51,0x51,0x51,0x51,0x51,0x51,
	0xe7,0xed,0xf0,0xec,0x0f,0x12,0x10,0x0f,0x0f,0x10,0x11,0x11,0x11,0x11,0x11,0x11,
	0x11,0x11,0x11,0x11,0x11,0x11,0x11,0x11,0xe9,0xe8,0xf0,0xeb,0x11,0x10,0x10,0x10,
	0x10,0x10,0x10,0x10,0x10,0x10,0x10,0x10,0x10,0x10,0x10,0x10,0xeb,0xeb,0xeb,0xeb,
	0xeb,0xeb,0xeb,0xeb,0xeb,0xeb,0xeb,0xeb,0xeb,0xeb,0xeb,0xeb,0xeb,0xeb,0xeb,0xeb,
	0x10,0x10,0x10,0x10,0x10,0x10,0x10,0x10,0x10,0x10,0x10,0x10,0x10,0x10,0x10,0x0f,
	0x0f,0x10,0x0f,0x10,0x10,0xeb,0xeb,0xea,0xeb,0xeb,0xeb,0xeb,0xeb,0xeb,0xeb,0xeb,
	0xeb,0xeb,0xeb,0xeb,0xeb,0xeb,0xeb,0xeb,0xaa,0xaa,0xaa,0xaa,0xaa,0xaa,0xaa,0xaa,
	0xaa,0xaa,0xaa,0xaa,0xaa,0xaa,0xaa,0xaa,0xaa,0xaa,0xaa,0xaa,0xaa,0xaa,0xaa,0xaa,
	0xaa,0xaa,0xaa,0xaa,0xaa,0xaa,0xaa,0xaa,0xaa,0xaa,0xaa,0xaa,0xaa,0xaa,0xaa,0xaa,
	0x6a,0x6a,0x6a,0x6a,0x6a,0x6a,0x6a,0x6a,0x6a,0x6a,0x6a,0x6a,0x6a,0x6a,0x6a,0x6a,
	0x6a,0x6a,0x6a,0x6a,0x6a,0x6a,0x6a,0x6a,0x6a,0x6a,0x6a,0x6a,0x6a,0x6a,0x6a,0x6a,
	0x6a,0x6a,0x6a,0x6a,0x6a,0x6a,0x6a,0x6a,0x29,0x29,0x29,0x29,0x29,0x29,0x29,0x29,
	0x29,0x29,0x29,0x29,0x29,0x29,0x29,0x29,0x29,0x29,0x29,0x29,0x29,0x29,0x29,0x29,
	0x29,0x29,0x29,0x29,0x29,0x29,0x29,0x29,0x29,0x29,0x29,0x29,0x29,0x29,0x29,0x29,
	0xd2,0xd2,0xd2,0xd2,0xd2,0xd2,0xd2,0xd2,0xd2,0xd2,0xd2,0xd2,0xd2,0xd2,0xd2,0xd2,
	0xd2,0xd2,0xd2,0xd2,0xd2,0xd2,0xd2,0xd2,0xd2,0xd2,0xd2,0xd2,0xd2,0xd2,0xd2,0xd2,
	0xd2,0xd2,0xd2,0xd2,0xd2,0xd2,0xd2,0xd2,0x91,0x91,0x91,0x91,0x91,0x91,0x91,0x91,
	0x91,0x91,0x91,0x91,0x91,0x91,0x91,0x91,0x91,0x91,0x91,0x91,0x91,0x91,0x91,0x91,
	0x91,0x91,0x91,0x91,0x91,0x91,0x91,0x91,0x91,0x91,0x91,0x91,0x91,0x91,0x91,0x91,
	0x51,0x51,0x51,0x51,0x51,0x51,0x51,0x51,0x51,0x51,0x51,0x51,0x51,0x51,0x51,0x51,
	0xe7,0xed,0xf0,0xec,0x0f,0x12,0x10,0x0f,0x0f,0x10,0x11,0x11,0x11,0x11,0x11,0x11,
	0x11,0x11,0x11,0x11,0x11,0x11,0x11,0x11,0xe9,0xe8,0xf0,0xeb,0x11,0x10,0x10,0x10,
	0x10,0x10,0x10,0x10,0x10,0x10,0x10,0x10,0x10,0x10,0x10,0x10,0xeb,0xeb,0xeb,0xeb,
	0xeb,0xeb,0xeb,0xeb,0xeb,0xeb,0xeb,0xeb,0xeb,0xeb,0xeb,0xeb,0xeb,0xeb,0xeb,0xeb,
	0x10,0x10,0x10,0x10,0x10,0x10,0x10,0x10,0x10,0x10,0x10,0x10,0x10,0x10,0x10,0x0f,
	0x0f,0x10,0x0f,0x10,0x10,0xeb,0xeb,0xea,0xeb,0xeb,0xeb,0xeb,0xeb,0xeb,0xeb,0xeb,
	0xeb,0xeb,0xeb,0xeb,0xeb,0xeb,0xeb,0xeb,0xaa,0xaa,0xaa,0xaa,0xaa,0xaa,0xaa,0xaa,
	0xaa,0xaa,0xaa,0xaa,0xaa,0xaa,0xaa,0xaa,0xaa,0xaa,0xaa,0xaa,0xaa,0xaa,0xaa,0xaa,
	0xaa,0xaa,0xaa,0xaa,0xaa,0xaa,0xaa,0xaa,0xaa,0xaa,0xaa,0xaa,0xaa,0xaa,0xaa,0xaa,
	0x6a,0x6a,0x6a,0x6a,0x6a,0x6a,0x6a,0x6a,0x6a,0x6a,0x6a,0x6a,0x6a,0x6a,0x6a,0x6a,
	0x6a,0x6a,0x6a,0x6a,0x6a,0x6a,0x6a,0x6a,0x6a,0x6a,0x6a,0x6a,0x6a,0x6a,0x6a,0x6a,
	0x6a,0x6a,0x6a,0x6a,0x6a,0x6a,0x6a,0x6a,0x29,0x29,0x29,0x29,0x29,0x29,0x29,0x29,
	0x29,0x29,0x29,0x29,0x29,0x29,0x29,0x29,0x29,0x29,0x29,0x29,0x29,0x29,0x29,0x29,
	0x29,0x29,0x29,0x29,0x29,0x29,0x29,0x29,0x29,0x29,0x29,0x29,0x29,0x29,0x29,0x29,
	0xd2,0xd2,0xd2,0xd2,0xd2,0xd2,0xd2,0xd2,0xd2,0xd2,0xd2,0xd2,0xd2,0xd2,0xd2,0xd2,
	0xd2,0xd2,0xd2,0xd2,0xd2,0xd2,0xd2,0xd2,0xd2,0xd2,0xd2,0xd2,0xd2,0xd2,0xd2,0xd2,
	0xd2,0xd2,0xd2,0xd2,0xd2,0xd2,0xd2,0xd2,0x91,0x91,0x91,0x91,0x91,0x91,0x91,0x91,
	0x91,0x91,0x91,0x91,0x91,0x91,0x91,0x91,0x91,0x91,0x91,0x91,0x91,0x91,0x91,0x91,
	0x91,0x91,0x91,0x91,0x91,0x91,0x91,0x91,0x91,0x91,0x91,0x91,0x91,0x91,0x91,0x91,
	0x51,0x51,0x51,0x51,0x51,0x51,0x51,0x51,0x51,0x51,0x51,0x51,0x51,0x51,0x51,0x51,
	0xe7,0xed,0xf0,0xec,0x0f,0x12,0x10,0x0f,0x0f,0x10,0x11,0x11,0x11,0x11,0x11,0x11,
	0x11,0x11,0x11,0x11,0x11,0x11,0x11,0x11,0xe9,0xe8,0xf0,0xeb,0x11,0x10,0x10,0x10,
	0x10,0x10,0x10,0x10,0x10,0x10,0x10,0x10,0x10,0x10,0x10,0x10,0xeb,0xeb,0xeb,0xeb,
	0xeb,0xeb,0xeb,0xeb,0xeb,0xeb,0xeb,0xeb,0xeb,0xeb,0xeb,0xeb,0xeb,0xeb,0xeb,0xeb,
	0x10,0x10,0x10,0x10,0x10,0x10,0x10,0x10,0x10,0x10,0x10,0x10,0x10,0x10,0x10,0x0f,
	0x0f,0x10,0x0f,0x10,0x10,0xeb,0xeb,0xea,0xeb,0xeb,0xeb,0xeb,0xeb,0xeb,0xeb,0xeb,
	0xeb,0xeb,0xeb,0xeb,0xeb,0xeb,0xeb,0xeb,0xaa,0xaa,0xaa,0xaa,0xaa,0xaa,0xaa,0xaa,
	0xaa,0xaa,0xaa,0xaa,0xaa,0xaa,0xaa,0xaa,0xaa,0xaa,0xaa,0xaa,0xaa,0xaa,0xaa,0xaa,
	0xaa,0xaa,0xaa,0xaa,0xaa,0xaa,0xaa,0xaa,0xaa,0xaa,0xaa,0xaa,0xaa,0xaa,0xaa,0xaa,
	0x6a,0x6a,0x6a,0x6a,0x6a,0x6a,0x6a,0x6a,0x6a,0x6a,0x6a,0x6a,0x6a,0x6a,0x6a,0x6a,
	0x6a,0x6a,0x6a,0x6a,0x6a,0x6a,0x6a,0x6a,0x6a,0x6a,0x6a,0x6a,0x6a,0x6a,0x6a,0x6a,
	0x6a,0x6a,0x6a,0x6a,0x6a,0x6a,0x6a,0x6a,0x29,0x29,0x29,0x29,0x29,0x29,0x29,0x29,
	0x29,0x29,0x29,0x29,0x29,0x29,0x29,0x29,0x29,0x29,0x29,0x29,0x29,0x29,0x29,0x29,
	0x29,0x29,0x29,0x29,0x29,0x29,0x29,0x29,0x29,0x29,0x29,0x29,0x29,0x29,0x29,0x29,
	0xd2,0xd2,0xd2,0xd2,0xd2,0xd2,0xd2,0xd2,0xd2,0xd2,0xd2,0xd2,0xd2,0xd2,0xd2,0xd2,
	0xd2,0xd2,0xd2,0xd2,0xd2,0xd2,0xd2,0xd2,0xd2,0xd2,0xd2,0xd2,0xd2,0xd2,0xd2,0xd2,
	0xd2,0xd2,0xd2,0xd2,0xd2,0xd2,0xd2,0xd2,0x91,0x91,0x91,0x91,0x91,0x91,0x91,0x91,
	0x91,0x91,0x91,0x91,0x91,0x91,0x91,0x91,0x91,0x91,0x91,0x91,0x91,0x91,0x91,0x91,
	0x91,0x91,0x91,0x91,0x91,0x91,0x91,0x91,0x91,0x91,0x91,0x91,0x91,0x91,0x91,0x91,
	0x51,0x51,0x51,0x51,0x51,0x51,0x51,0x51,0x51,0x51,0x51,0x51,0x51,0x51,0x51,0x51,
	0xe7,0xe7,0xe3,0xe5,0x0f,0x12,0x10,0x0f,0x0f,0x10,0x11,0x11,0x11,0x11,0x11,0x11,
	0x11,0x11,0x11,0x11,0x11,0x11,0x11,0x11,0xef,0xeb,0xe8,0xe6,0x10,0x10,0x10,0x10,
	0x10,0x10,0x10,0x10,0x10,0x10,0x10,0x10,0x10,0x10,0x10,0x10,0xeb,0xeb,0xeb,0xeb,
	0xeb,0xeb,0xeb,0xeb,0xeb,0xeb,0xeb,0xeb,0xeb,0xeb,0xeb,0xeb,0xeb,0xeb,0xeb,0xeb,
	0x10,0x10,0x10,0x10,0x10,0x10,0x10,0x10,0x10,0x10,0x10,0x10,0x10,0x10,0x10,0x0f,
	0x0f,0x10,0x0f,0x10,0x10,0xeb,0xeb,0xea,0xeb,0xeb,0xeb,0xeb,0xeb,0xeb,0xeb,0xeb,
	0xeb,0xeb,0xeb,0xeb,0xeb,0xeb,0xeb,0xeb,0xaa,0xaa,0xaa,0xaa,0xaa,0xaa,0xaa,0xaa,
	0xaa,0xaa,0xaa,0xaa,0xaa,0xaa,0xaa,0xaa,0xaa,0xaa,0xaa,0xaa,0xaa,0xaa,0xaa,0xaa,
	0xaa,0xaa,0xaa,0xaa,0xaa,0xaa,0xaa,0xaa,0xaa,0xaa,0xaa,0xaa,0xaa,0xaa,0xaa,0xaa,
	0x6a,0x6a,0x6a,0x6a,0x6a,0x6a,0x6a,0x6a,0x6a,0x6a,0x6a,0x6a,0x6a,0x6a,0x6a,0x6a,
	0x6a,0x6a,0x6a,0x6a,0x6a,0x6a,0x6a,0x6a,0x6a,0x6a,0x6a,0x6a,0x6a,0x6a,0x6a,0x6a,
	0x6a,0x6a,0x6a,0x6a,0x6a,0x6a,0x6a,0x6a,0x29,0x29,0x29,0x29,0x29,0x29,0x29,0x29,
	0x29,0x29,0x29,0x29,0x29,0x29,0x29,0x29,0x29,0x29,0x29,0x29,0x29,0x29,0x29,0x29,
	0x29,0x29,0x29,0x29,0x29,0x29,0x29,0x29,0x29,0x29,0x29,0x29,0x29,0x29,0x29,0x29,
	0xd2,0xd2,0xd2,0xd2,0xd2,0xd2,0xd2,0xd2,0xd2,0xd2,0xd2,0xd2,0xd2,0xd2,0xd2,0xd2,
	0xd2,0xd2,0xd2,0xd2,0xd2,0xd2,0xd2,0xd2,0xd2,0xd2,0xd2,0xd2,0xd2,0xd2,0xd2,0xd2,
	0xd2,0xd2,0xd2,0xd2,0xd2,0xd2,0xd2,0xd2,0x91,0x91,0x91,0x91,0x91,0x91,0x91,0x91,
	0x91,0x91,0x91,0x91,0x91,0x91,0x91,0x91,0x91,0x91,0x91,0x91,0x91,0x91,0x91,0x91,
	0x91,0x91,0x91,0x91,0x91,0x91,0x91,0x91,0x91,0x91,0x91,0x91,0x91,0x91,0x91,0x91,
	0x51,0x51,0x51,0x51,0x51,0x51,0x51,0x51,0x51,0x51,0x51,0x51,0x51,0x51,0x51,0x51,
	0xe3,0xea,0xea,0xf2,0x0f,0x12,0x10,0x0f,0x0f,0x10,0x11,0x11,0x11,0x11,0x11,0x11,
	0x11,0x11,0x11,0x11,0x11,0x11,0x11,0x11,0xe9,0xe8,0xec,0xf2,0x10,0x10,0x10,0x10,
	0x10,0x10,0x10,0x10,0x10,0x10,0x10,0x10,0x10,0x10,0x10,0x10,0xeb,0xeb,0xeb,0xeb,
	0xeb,0xeb,0xeb,0xeb,0xeb,0xeb,0xeb,0xeb,0xeb,0xeb,0xeb,0xeb,0xeb,0xeb,0xeb,0xeb,
	0x10,0x10,0x10,0x10,0x10,0x10,0x10,0x10,0x10,0x10,0x10,0x10,0x10,0x10,0x10,0x0f,
	0x0f,0x10,0x0f,0x10,0x10,0xeb,0xeb,0xea,0xeb,0xeb,0xeb,0xeb,0xeb,0xeb,0xeb,0xeb,
	0xeb,0xeb,0xeb,0xeb,0xeb,0xeb,0xeb,0xeb,0xaa,0xaa,0xaa,0xaa,0xaa,0xaa,0xaa,0xaa,
	0xaa,0xaa,0xaa,0xaa,0xaa,0xaa,0xaa,0xaa,0xaa,0xaa,0xaa,0xaa,0xaa,0xaa,0xaa,0xaa,
	0xaa,0xaa,0xaa,0xaa,0xaa,0xaa,0xaa,0xaa,0xaa,0xaa,0xaa,0xaa,0xaa,0xaa,0xaa,0xaa,
	0x6a,0x6a,0x6a,0x6a,0x6a,0x6a,0x6a,0x6a,0x6a,0x6a,0x6a,0x6a,0x6a,0x6a,0x6a,0x6a,
	0x6a,0x6a,0x6a,0x6a,0x6a,0x6a,0x6a,0x6a,0x6a,0x6a,0x6a,0x6a,0x6a,0x6a,0x6a,0x6a,
	0x6a,0x6a,0x6a,0x6a,0x6a,0x6a,0x6a,0x6a,0x29,0x29,0x29,0x29,0x29,0x29,0x29,0x29,
	0x29,0x29,0x29,0x29,0x29,0x29,0x29,0x29,0x29,0x29,0x29,0x29,0x29,0x29,0x29,0x29,
	0x29,0x29,0x29,0x29,0x29,0x29,0x29,0x29,0x29,0x29,0x29,0x29,0x29,0x29,0x29,0x29,
	0xd2,0xd2,0xd2,0xd2,0xd2,0xd2,0xd2,0xd2,0xd2,0xd2,0xd2,0xd2,0xd2,0xd2,0xd2,0xd2,
	0xd2,0xd2,0xd2,0xd2,0xd2,0xd2,0xd2,0xd2,0xd2,0xd2,0xd2,0xd2,0xd2,0xd2,0xd2,0xd2,
	0xd2,0xd2,0xd2,0xd2,0xd2,0xd2,0xd2,0xd2,0x91,0x91,0x91,0x91,0x91,0x91,0x91,0x91,
	0x91,0x91,0x91,0x91,0x91,0x91,0x91,0x91,0x91,0x91,0x91,0x91,0x91,0x91,0x91,0x91,
	0x91,0x91,0x91,0x91,0x91,0x91,0x91,0x91,0x91,0x91,0x91,0x91,0x91,0x91,0x91,0x91,
	0x51,0x51,0x51,0x51,0x51,0x51,0x51,0x51,0x51,0x51,0x51,0x51,0x51,0x51,0x50,0x4f,
	0x1e,0x0e,0x17,0x0d,0x10,0x11,0x10,0x0f,0x0f,0x10,0x11,0x11,0x11,0x11,0x11,0x11,
	0x11,0x11,0x11,0x11,0x11,0x11,0x12,0x13,0x16,0x08,0x13,0x0d,0x10,0x10,0x10,0x10,
	0x10,0x10,0x10,0x10,0x10,0x10,0x10,0x10,0x10,0x10,0x10,0x10,0xeb,0xeb,0xeb,0xeb,
	0xeb,0xeb,0xeb,0xeb,0xeb,0xeb,0xeb,0xeb,0xeb,0xeb,0xeb,0xeb,0xeb,0xeb,0xeb,0xeb,
	0x10,0x10,0x10,0x10,0x10,0x10,0x10,0x10,0x10,0x10,0x10,0x10,0x10,0x10,0x10,0x0f,
	0x0f,0x10,0x0f,0x10,0x10,0xeb,0xeb,0xea,0xeb,0xeb,0xeb,0xeb,0xeb,0xeb,0xeb,0xeb,
	0xeb,0xeb,0xeb,0xeb,0xeb,0xeb,0xeb,0xeb,0xaa,0xaa,0xaa,0xaa,0xaa,0xaa,0xaa,0xaa,
	0xaa,0xaa,0xaa,0xaa,0xaa,0xaa,0xaa,0xaa,0xaa,0xaa,0xaa,0xaa,0xaa,0xaa,0xaa,0xaa,
	0xaa,0xaa,0xaa,0xaa,0xaa,0xaa,0xaa,0xaa,0xaa,0xaa,0xaa,0xaa,0xaa,0xaa,0xaa,0xaa,
	0x6a,0x6a,0x6a,0x6a,0x6a,0x6a,0x6a,0x6a,0x6a,0x6a,0x6a,0x6a,0x6a,0x6a,0x6a,0x6a,
	0x6a,0x6a,0x6a,0x6a,0x6a,0x6a,0x6a,0x6a,0x6a,0x6a,0x6a,0x6a,0x6a,0x6a,0x6a,0x6a,
	0x6a,0x6a,0x6a,0x6a,0x6a,0x6a,0x6a,0x6a,0x29,0x29,0x29,0x29,0x29,0x29,0x29,0x29,
	0x29,0x29,0x29,0x29,0x29,0x29,0x29,0x29,0x29,0x29,0x29,0x29,0x29,0x29,0x29,0x29,
	0x29,0x29,0x29,0x29,0x29,0x29,0x29,0x29,0x29,0x29,0x29,0x29,0x29,0x29,0x29,0x29,
	0xd2,0xd2,0xd2,0xd2,0xd2,0xd2,0xd2,0xd2,0xd2,0xd2,0xd2,0xd2,0xd2,0xd2,0xd2,0xd2,
	0xd2,0xd2,0xd2,0xd2,0xd2,0xd2,0xd2,0xd2,0xd2,0xd2,0xd2,0xd2,0xd2,0xd2,0xd2,0xd2,
	0xd2,0xd2,0xd2,0xd2,0xd2,0xd2,0xd2,0xd2,0x91,0x91,0x91,0x91,0x91,0x91,0x91,0x91,
	0x91,0x91,0x91,0x91,0x91,0x91,0x91,0x91,0x91,0x91,0x91,0x91,0x91,0x91,0x91,0x91,
	0x91,0x91,0x91,0x91,0x91,0x91,0x91,0x91,0x91,0x91,0x91,0x91,0x91,0x91,0x91,0x91,
	0x51,0x51,0x51,0x51,0x51,0x51,0x51,0x51,0x51,0x51,0x51,0x51,0x51,0x51,0x51,0x51,
	0x14,0x15,0x10,0x0d,0x10,0x11,0x10,0x0f,0x0f,0x10,0x11,0x11,0x11,0x11,0x11,0x11,
	0x11,0x11,0x11,0x11,0x11,0x11,0x11,0x11,0x08,0x0d,0x08,0x0e,0x10,0x10,0x10,0x10,
	0x10,0x10,0x10,0x10,0x10,0x10,0x10,0x10,0x10,0x10,0x10,0x10,0xeb,0xeb,0xeb,0xeb,
	0xeb,0xeb,0xeb,0xeb,0xeb,0xeb,0xeb,0xeb,0xeb,0xeb,0xeb,0xeb,0xeb,0xeb,0xeb,0xeb,
	0x10,0x10,0x10,0x10,0x10,0x10,0x10,0x10,0x10,0x10,0x10,0x10,0x10,0x10,0x10,0x0f,
	0x0f,0x10,0x0f,0x10,0x10,0xeb,0xeb,0xea,0xeb,0xeb,0xeb,0xeb,0xeb,0xeb,0xeb,0xeb,
	0xeb,0xeb,0xeb,0xeb,0xeb,0xeb,0xeb,0xeb,0xaa,0xaa,0xaa,0xaa,0xaa,0xaa,0xaa,0xaa,
	0xaa,0xaa,0xaa,0xaa,0xaa,0xaa,0xaa,0xaa,0xaa,0xaa,0xaa,0xaa,0xaa,0xaa,0xaa,0xaa,
	0xaa,0xaa,0xaa,0xaa,0xaa,0xaa,0xaa,0xaa,0xaa,0xaa,0xaa,0xaa,0xaa,0xaa,0xaa,0xaa,
	0x6a,0x6a,0x6a,0x6a,0x6a,0x6a,0x6a,0x6a,0x6a,0x6a,0x6a,0x6a,0x6a,0x6a,0x6a,0x6a,
	0x6a,0x6a,0x6a,0x6a,0x6a,0x6a,0x6a,0x6a,0x6a,0x6a,0x6a,0x6a,0x6a,0x6a,0x6a,0x6a,
	0x6a,0x6a,0x6a,0x6a,0x6a,0x6a,0x6a,0x6a,0x29,0x29,0x29,0x29,0x29,0x29,0x29,0x29,
	0x29,0x29,0x29,0x29,0x29,0x29,0x29,0x29,0x29,0x29,0x29,0x29,0x29,0x29,0x29,0x29,
	0x29,0x29,0x29,0x29,0x29,0x29,0x29,0x29,0x29,0x29,0x29,0x29,0x29,0x29,0x29,0x29,
	0xd2,0xd2,0xd2,0xd2,0xd2,0xd2,0xd2,0xd2,0xd2,0xd2,0xd2,0xd2,0xd2,0xd2,0xd2,0xd2,
	0xd2,0xd2,0xd2,0xd2,0xd2,0xd2,0xd2,0xd2,0xd2,0xd2,0xd2,0xd2,0xd2,0xd2,0xd2,0xd2,
	0xd2,0xd2,0xd2,0xd2,0xd2,0xd2,0xd2,0xd2,0x91,0x91,0x91,0x91,0x91,0x91,0x91,0x91,
	0x91,0x91,0x91,0x91,0x91,0x91,0x91,0x91,0x91,0x91,0x91,0x91,0x91,0x91,0x91,0x91,
	0x91,0x91,0x91,0x91,0x91,0x91,0x91,0x91,0x91,0x91,0x91,0x91,0x91,0x91,0x91,0x91,
	0x51,0x51,0x51,0x51,0x51,0x51,0x51,0x51,0x51,0x51,0x51,0x51,0x51,0x51,0x51,0x51,
	0x09,0x0c,0x15,0x12,0x10,0x11,0x10,0x0f,0x0f,0x10,0x11,0x11,0x11,0x11,0x11,0x11,
	0x11,0x11,0x11,0x11,0x11,0x11,0x10,0x0f,0x0e,0x15,0x0c,0x06,0x10,0x10,0x10,0x10,
	0x10,0x10,0x10,0x10,0x10,0x10,0x10,0x10,0x10,0x10,0x10,0x10,0xeb,0xeb,0xeb,0xeb,
	0xeb,0xeb,0xeb,0xeb,0xeb,0xeb,0xeb,0xeb,0xeb,0xeb,0xeb,0xeb,0xeb,0xeb,0xeb,0xeb,
	0x10,0x10,0x10,0x10,0x10,0x10,0x10,0x10,0x10,0x10,0x10,0x10,0x10,0x10,0x10,0x0f,
	0x0f,0x10,0x0f,0x10,0x10,0xeb,0xeb,0xea,0xeb,0xeb,0xeb,0xeb,0xeb,0xeb,0xeb,0xeb,
	0xeb,0xeb,0xeb,0xeb,0xeb,0xeb,0xeb,0xeb,0xaa,0xaa,0xaa,0xaa,0xaa,0xaa,0xaa,0xaa,
	0xaa,0xaa,0xaa,0xaa,0xaa,0xaa,0xaa,0xaa,0xaa,0xaa,0xaa,0xaa,0xaa,0xaa,0xaa,0xaa,
	0xaa,0xaa,0xaa,0xaa,0xaa,0xaa,0xaa,0xaa,0xaa,0xaa,0xaa,0xaa,0xaa,0xaa,0xaa,0xaa,
	0x6a,0x6a,0x6a,0x6a,0x6a,0x6a,0x6a,0x6a,0x6a,0x6a,0x6a,0x6a,0x6a,0x6a,0x6a,0x6a,
	0x6a,0x6a,0x6a,0x6a,0x6a,0x6a,0x6a,0x6a,0x6a,0x6a,0x6a,0x6a,0x6a,0x6a,0x6a,0x6a,
	0x6a,0x6a,0x6a,0x6a,0x6a,0x6a,0x6a,0x6a,0x29,0x29,0x29,0x29,0x29,0x29,0x29,0x29,
	0x29,0x29,0x29,0x29,0x29,0x29,0x29,0x29,0x29,0x29,0x29,0x29,0x29,0x29,0x29,0x29,
	0x29,0x29,0x29,0x29,0x29,0x29,0x29,0x29,0x29,0x29,0x29,0x29,0x29,0x29,0x29,0x29,
	0xd2,0xd2,0xd2,0xd2,0xd2,0xd2,0xd2,0xd2,0xd2,0xd2,0xd2,0xd2,0xd2,0xd2,0xd2,0xd2,
	0xd2,0xd2,0xd2,0xd2,0xd2,0xd2,0xd2,0xd2,0xd2,0xd2,0xd2,0xd2,0xd2,0xd2,0xd2,0xd2,
	0xd2,0xd2,0xd2,0xd2,0xd2,0xd2,0xd2,0xd2,0x91,0x91,0x91,0x91,0x91,0x91,0x91,0x91,
	0x91,0x91,0x91,0x91,0x91,0x91,0x91,0x91,0x91,0x91,0x91,0x91,0x91,0x91,0x91,0x91,
	0x91,0x91,0x91,0x91,0x91,0x91,0x91,0x91,0x91,0x91,0x91,0x91,0x91,0x91,0x91,0x91,
	0x51,0x51,0x51,0x51,0x51,0x51,0x51,0x51,0x51,0x51,0x51,0x51,0x51,0x51,0x51,0x51,
	0x13,0x0f,0x16,0x0d,0x10,0x11,0x10,0x0f,0x10,0x10,0x11,0x11,0x11,0x11,0x11,0x11,
	0x11,0x11,0x11,0x11,0x11,0x11,0x10,0x10,0x18,0x0e,0x0c,0x11,0x10,0x10,0x10,0x10,
	0x10,0x10,0x10,0x10,0x10,0x10,0x10,0x10,0x10,0x10,0x10,0x10,0xeb,0xeb,0xeb,0xeb,
	0xeb,0xeb,0xeb,0xeb,0xeb,0xeb,0xeb,0xeb,0xeb,0xeb,0xeb,0xeb,0xeb,0xeb,0xeb,0xeb,
	0x10,0x10,0x10,0x10,0x10,0x10,0x10,0x10,0x10,0x10,0x10,0x10,0x10,0x10,0x10,0x0f,
	0x0f,0x10,0x0f,0x10,0x10,0xeb,0xeb,0xea,0xeb,0xeb,0xeb,0xeb,0xeb,0xeb,0xeb,0xeb,
	0xeb,0xeb,0xeb,0xeb,0xeb,0xeb,0xeb,0xeb,0xaa,0xaa,0xaa,0xaa,0xaa,0xaa,0xaa,0xaa,
	0xaa,0xaa,0xaa,0xaa,0xaa,0xaa,0xaa,0xaa,0xaa,0xaa,0xaa,0xaa,0xaa,0xaa,0xaa,0xaa,
	0xaa,0xaa,0xaa,0xaa,0xaa,0xaa,0xaa,0xaa,0xaa,0xaa,0xaa,0xaa,0xaa,0xaa,0xaa,0xaa,
	0x6a,0x6a,0x6a,0x6a,0x6a,0x6a,0x6a,0x6a,0x6a,0x6a,0x6a,0x6a,0x6a,0x6a,0x6a,0x6a,
	0x6a,0x6a,0x6a,0x6a,0x6a,0x6a,0x6a,0x6a,0x6a,0x6a,0x6a,0x6a,0x6a,0x6a,0x6a,0x6a,
	0x6a,0x6a,0x6a,0x6a,0x6a,0x6a,0x6a,0x6a,0x29,0x29,0x29,0x29,0x29,0x29,0x29,0x29,
	0x29,0x29,0x29,0x29,0x29,0x29,0x29,0x29,0x29,0x29,0x29,0x29,0x29,0x29,0x29,0x29,
	0x29,0x29,0x29,0x29,0x29,0x29,0x29,0x29,0x29,0x29,0x29,0x29,0x29,0x29,0x29,0x29,
	0xd2,0xd2,0xd2,0xd2,0xd2,0xd2,0xd2,0xd2,0xd2,0xd2,0xd2,0xd2,0xd2,0xd2,0xd2,0xd2,
	0xd2,0xd2,0xd2,0xd2,0xd2,0xd2,0xd2,0xd2,0xd2,0xd2,0xd2,0xd2,0xd2,0xd2,0xd2,0xd2,
	0xd2,0xd2,0xd2,0xd2,0xd2,0xd2,0xd2,0xd2,0x91,0x91,0x91,0x91,0x91,0x91,0x91,0x91,
	0x91,0x91,0x91,0x91,0x91,0x91,0x91,0x91,0x91,0x91,0x91,0x91,0x91,0x91,0x91,0x91,
	0x91,0x91,0x91,0x91,0x91,0x91,0x91,0x91,0x91,0x91,0x91,0x91,0x91,0x91,0x91,0x91,
	0x51,0x51,0x51,0x51,0x51,0x51,0x51,0x51,0x51,0x51,0x51,0x51,0x51,0x51,0x51,0x51,
	0xde,0xee,0xe7,0xeb,0x10,0x11,0x10,0x0f,0x10,0x10,0x11,0x11,0x11,0x11,0x11,0x11,
	0x11,0x11,0x11,0x11,0x11,0x11,0x11,0x11,0xec,0xf3,0xe6,0xee,0x10,0x10,0x10,0x10,
	0x10,0x10,0x10,0x10,0x10,0x10,0x10,0x10,0x10,0x10,0x10,0x10,0xeb,0xeb,0xeb,0xeb,
	0xeb,0xeb,0xeb,0xeb,0xeb,0xeb,0xeb,0xeb,0xeb,0xeb,0xeb,0xeb,0xeb,0xeb,0xeb,0xeb,
	0x10,0x10,0x10,0x10,0x10,0x10,0x10,0x10,0x10,0x10,0x10,0x10,0x10,0x10,0x10,0x0f,
	0x0f,0x10,0x0f,0x10,0x10,0xeb,0xeb,0xea,0xeb,0xeb,0xeb,0xeb,0xeb,0xeb,0xeb,0xeb,
	0xeb,0xeb,0xeb,0xeb,0xeb,0xeb,0xeb,0xeb,0xaa,0xaa,0xaa,0xaa,0xaa,0xaa,0xaa,0xaa,
	0xaa,0xaa,0xaa,0xaa,0xaa,0xaa,0xaa,0xaa,0xaa,0xaa,0xaa,0xaa,0xaa,0xaa,0xaa,0xaa,
	0xaa,0xaa,0xaa,0xaa,0xaa,0xaa,0xaa,0xaa,0xaa,0xaa,0xaa,0xaa,0xaa,0xaa,0xaa,0xaa,
	0x6a,0x6a,0x6a,0x6a,0x6a,0x6a,0x6a,0x6a,0x6a,0x6a,0x6a,0x6a,0x6a,0x6a,0x6a,0x6a,
	0x6a,0x6a,0x6a,0x6a,0x6a,0x6a,0x6a,0x6a,0x6a,0x6a,0x6a,0x6a,0x6a,0x6a,0x6a,0x6a,
	0x6a,0x6a,0x6a,0x6a,0x6a,0x6a,0x6a,0x6a,0x29,0x29,0x29,0x29,0x29,0x29,0x29,0x29,
	0x29,0x29,0x29,0x29,0x29,0x29,0x29,0x29,0x29,0x29,0x29,0x29,0x29,0x29,0x29,0x29,
	0x29,0x29,0x29,0x29,0x29,0x29,0x29,0x29,0x29,0x29,0x29,0x29,0x29,0x29,0x29,0x29,
	0xd2,0xd2,0xd2,0xd2,0xd2,0xd2,0xd2,0xd2,0xd2,0xd2,0xd2,0xd2,0xd2,0xd2,0xd2,0xd2,
	0xd2,0xd2,0xd2,0xd2,0xd2,0xd2,0xd2,0xd2,0xd2,0xd2,0xd2,0xd2,0xd2,0xd2,0xd2,0xd2,
	0xd2,0xd2,0xd2,0xd2,0xd2,0xd2,0xd2,0xd2,0x91,0x91,0x91,0x91,0x91,0x91,0x91,0x91,
	0x91,0x91,0x91,0x91,0x91,0x91,0x91,0x91,0x91,0x91,0x91,0x91,0x91,0x91,0x91,0x91,
	0x91,0x91,0x91,0x91,0x91,0x91,0x91,0x91,0x91,0x91,0x91,0x91,0x91,0x91,0x91,0x91,
	0x51,0x51,0x51,0x51,0x51,0x51,0x51,0x51,0x51,0x51,0x51,0x51,0x51,0x51,0x51,0x51,
	0xe5,0xe8,0xea,0xe5,0x10,0x11,0x10,0x0f,0x10,0x10,0x11,0x11,0x11,0x11,0x11,0x11,
	0x11,0x11,0x11,0x11,0x11,0x11,0x11,0x11,0xeb,0xe9,0xef,0xec,0x10,0x10,0x10,0x10,
	0x10,0x10,0x10,0x10,0x10,0x10,0x10,0x10,0x10,0x10,0x10,0x10,0xeb,0xeb,0xeb,0xeb,
	0xeb,0xeb,0xeb,0xeb,0xeb,0xeb,0xeb,0xeb,0xeb,0xeb,0xeb,0xeb,0xeb,0xeb,0xeb,0xeb,
	0x10,0x10,0x10,0x10,0x10,0x10,0x10,0x10,0x10,0x10,0x10,0x10,0x10,0x10,0x10,0x0f,
	0x0f,0x10,0x0f,0x10,0x10,0xeb,0xeb,0xea,0xeb,0xeb,0xeb,0xeb,0xeb,0xeb,0xeb,0xeb,
	0xeb,0xeb,0xeb,0xeb,0xeb,0xeb,0xeb,0xeb,0xaa,0xaa,0xaa,0xaa,0xaa,0xaa,0xaa,0xaa,
	0xaa,0xaa,0xaa,0xaa,0xaa,0xaa,0xaa,0xaa,0xaa,0xaa,0xaa,0xaa,0xaa,0xaa,0xaa,0xaa,
	0xaa,0xaa,0xaa,0xaa,0xaa,0xaa,0xaa,0xaa,0xaa,0xaa,0xaa,0xaa,0xaa,0xaa,0xaa,0xaa,
	0x6a,0x6a,0x6a,0x6a,0x6a,0x6a,0x6a,0x6a,0x6a,0x6a,0x6a,0x6a,0x6a,0x6a,0x6a,0x6a,
	0x6a,0x6a,0x6a,0x6a,0x6a,0x6a,0x6a,0x6a,0x6a,0x6a,0x6a,0x6a,0x6a,0x6a,0x6a,0x6a,
	0x6a,0x6a,0x6a,0x6a,0x6a,0x6a,0x6a,0x6a,0x29,0x29,0x29,0x29,0x29,0x29,0x29,0x29,
	0x29,0x29,0x29,0x29,0x29,0x29,0x29,0x29,0x29,0x29,0x29,0x29,0x29,0x29,0x29,0x29,
	0x29,0x29,0x29,0x29,0x29,0x29,0x29,0x29,0x29,0x29,0x29,0x29,0x29,0x29,0x29,0x29,
	0xd2,0xd2,0xd2,0xd2,0xd2,0xd2,0xd2,0xd2,0xd2,0xd2,0xd2,0xd2,0xd2,0xd2,0xd2,0xd2,
	0xd2,0xd2,0xd2,0xd2,0xd2,0xd2,0xd2,0xd2,0xd2,0xd2,0xd2,0xd2,0xd2,0xd2,0xd2,0xd2,
	0xd2,0xd2,0xd2,0xd2,0xd2,0xd2,0xd2,0xd2,0x91,0x91,0x91,0x91,0x91,0x91,0x91,0x91,
	0x91,0x91,0x91,0x91,0x91,0x91,0x91,0x91,0x91,0x91,0x91,0x91,0x91,0x91,0x91,0x91,
	0x91,0x91,0x91,0x91,0x91,0x91,0x91,0x91,0x91,0x91,0x91,0x91,0x91,0x91,0x91,0x91,
	0x51,0x51,0x51,0x51,0x51,0x51,0x51,0x51,0x51,0x51,0x51,0x51,0x51,0x51,0x51,0x51,
	0xe6,0xea,0xec,0xe7,0x10,0x11,0x10,0x0f,0x10,0x10,0x11,0x11,0x11,0x11,0x11,0x11,
	0x11,0x11,0x11,0x11,0x11,0x11,0x11,0x11,0xeb,0xe9,0xef,0xec,0x10,0x10,0x10,0x10,
	0x10,0x10,0x10,0x10,0x10,0x10,0x10,0x10,0x10,0x10,0x10,0x10,0xeb,0xeb,0xeb,0xeb,
	0xeb,0xeb,0xeb,0xeb,0xeb,0xeb,0xeb,0xeb,0xeb,0xeb,0xeb,0xeb,0xeb,0xeb,0xeb,0xeb,
	0x10,0x10,0x10,0x10,0x10,0x10,0x10,0x10,0x10,0x10,0x10,0x10,0x10,0x10,0x10,0x0f,
	0x0f,0x10,0x0f,0x10,0x10,0xeb,0xeb,0xea,0xeb,0xeb,0xeb,0xeb,0xeb,0xeb,0xeb,0xeb,
	0xeb,0xeb,0xeb,0xeb,0xeb,0xeb,0xeb,0xeb,0xaa,0xaa,0xaa,0xaa,0xaa,0xaa,0xaa,0xaa,
	0xaa,0xaa,0xaa,0xaa,0xaa,0xaa,0xaa,0xaa,0xaa,0xaa,0xaa,0xaa,0xaa,0xaa,0xaa,0xaa,
	0xaa,0xaa,0xaa,0xaa,0xaa,0xaa,0xaa,0xaa,0xaa,0xaa,0xaa,0xaa,0xaa,0xaa,0xaa,0xaa,
	0x6a,0x6a,0x6a,0x6a,0x6a,0x6a,0x6a,0x6a,0x6a,0x6a,0x6a,0x6a,0x6a,0x6a,0x6a,0x6a,
	0x6a,0x6a,0x6a,0x6a,0x6a,0x6a,0x6a,0x6a,0x6a,0x6a,0x6a,0x6a,0x6a,0x6a,0x6a,0x6a,
	0x6a,0x6a,0x6a,0x6a,0x6a,0x6a,0x6a,0x6a,0x29,0x29,0x29,0x29,0x29,0x29,0x29,0x29,
	0x29,0x29,0x29,0x29,0x29,0x29,0x29,0x29,0x29,0x29,0x29,0x29,0x29,0x29,0x29,0x29,
	0x29,0x29,0x29,0x29,0x29,0x29,0x29,0x29,0x29,0x29,0x29,0x29,0x29,0x29,0x29,0x29,
	0xd2,0xd2,0xd2,0xd2,0xd2,0xd2,0xd2,0xd2,0xd2,0xd2,0xd2,0xd2,0xd2,0xd2,0xd2,0xd2,
	0xd2,0xd2,0xd2,0xd2,0xd2,0xd2,0xd2,0xd2,0xd2,0xd2,0xd2,0xd2,0xd2,0xd2,0xd2,0xd2,
	0xd2,0xd2,0xd2,0xd2,0xd2,0xd2,0xd2,0xd2,0x91,0x91,0x91,0x91,0x91,0x91,0x91,0x91,
	0x91,0x91,0x91,0x91,0x91,0x91,0x91,0x91,0x91,0x91,0x91,0x91,0x91,0x91,0x91,0x91,
	0x91,0x91,0x91,0x91,0x91,0x91,0x91,0x91,0x91,0x91,0x91,0x91,0x91,0x91,0x91,0x91,
	0x51,0x51,0x51,0x51,0x51,0x51,0x51,0x51,0x51,0x51,0x51,0x51,0x51,0x51,0x51,0x51,
	0xe7,0xeb,0xee,0xea,0x10,0x11,0x10,0x0f,0x10,0x10,0x11,0x11,0x11,0x11,0x11,0x11,
	0x11,0x11,0x11,0x11,0x11,0x11,0x11,0x11,0xeb,0xe9,0xef,0xec,0x10,0x10,0x10,0x10,
	0x10,0x10,0x10,0x10,0x10,0x10,0x10,0x10,0x10,0x10,0x10,0x10,0xeb,0xeb,0xeb,0xeb,
	0xeb,0xeb,0xeb,0xeb,0xeb,0xeb,0xeb,0xeb,0xeb,0xeb,0xeb,0xeb,0xeb,0xeb,0xeb,0xeb,
	0x10,0x10,0x10,0x10,0x10,0x10,0x10,0x10,0x10,0x10,0x10,0x10,0x10,0x10,0x10,0x0f,
	0x0f,0x10,0x0f,0x10,0x10,0xeb,0xeb,0xea,0xeb,0xeb,0xeb,0xeb,0xeb,0xeb,0xeb,0xeb,
	0xeb,0xeb,0xeb,0xeb,0xeb,0xeb,0xeb,0xeb,0xaa,0xaa,0xaa,0xaa,0xaa,0xaa,0xaa,0xaa,
	0xaa,0xaa,0xaa,0xaa,0xaa,0xaa,0xaa,0xaa,0xaa,0xaa,0xaa,0xaa,0xaa,0xaa,0xaa,0xaa,
	0xaa,0xaa,0xaa,0xaa,0xaa,0xaa,0xaa,0xaa,0xaa,0xaa,0xaa,0xaa,0xaa,0xaa,0xaa,0xaa,
	0x6a,0x6a,0x6a,0x6a,0x6a,0x6a,0x6a,0x6a,0x6a,0x6a,0x6a,0x6a,0x6a,0x6a,0x6a,0x6a,
	0x6a,0x6a,0x6a,0x6a,0x6a,0x6a,0x6a,0x6a,0x6a,0x6a,0x6a,0x6a,0x6a,0x6a,0x6a,0x6a,
	0x6a,0x6a,0x6a,0x6a,0x6a,0x6a,0x6a,0x6a,0x29,0x29,0x29,0x29,0x29,0x29,0x29,0x29,
	0x29,0x29,0x29,0x29,0x29,0x29,0x29,0x29,0x29,0x29,0x29,0x29,0x29,0x29,0x29,0x29,
	0x29,0x29,0x29,0x29,0x29,0x29,0x29,0x29,0x29,0x29,0x29,0x29,0x29,0x29,0x29,0x29,
	0xd2,0xd2,0xd2,0xd2,0xd2,0xd2,0xd2,0xd2,0xd2,0xd2,0xd2,0xd2,0xd2,0xd2,0xd2,0xd2,
	0xd2,0xd2,0xd2,0xd2,0xd2,0xd2,0xd2,0xd2,0xd2,0xd2,0xd2,0xd2,0xd2,0xd2,0xd2,0xd2,
	0xd2,0xd2,0xd2,0xd2,0xd2,0xd2,0xd2,0xd2,0x91,0x91,0x91,0x91,0x91,0x91,0x91,0x91,
	0x91,0x91,0x91,0x91,0x91,0x91,0x91,0x91,0x91,0x91,0x91,0x91,0x91,0x91,0x91,0x91,
	0x91,0x91,0x91,0x91,0x91,0x91,0x91,0x91,0x91,0x91,0x91,0x91,0x91,0x91,0x91,0x91,
	0x51,0x51,0x51,0x51,0x51,0x51,0x51,0x51,0x51,0x51,0x51,0x51,0x51,0x51,0x51,0x51,
	0xe8,0xeb,0xee,0xea,0x10,0x11,0x10,0x0f,0x10,0x10,0x11,0x11,0x11,0x11,0x11,0x11,
	0x11,0x11,0x11,0x11,0x11,0x11,0x11,0x11,0xeb,0xe9,0xef,0xec,0x10,0x10,0x10,0x10,
	0x10,0x10,0x10,0x10,0x10,0x10,0x10,0x10,0x10,0x10,0x10,0x10,0xeb,0xeb,0xeb,0xeb,
	0xeb,0xeb,0xeb,0xeb,0xeb,0xeb,0xeb,0xeb,0xeb,0xeb,0xeb,0xeb,0xeb,0xeb,0xeb,0xeb,
	0x10,0x10,0x10,0x10,0x10,0x10,0x10,0x10,0x10,0x10,0x10,0x10,0x10,0x10,0x10,0x0f,
	0x0f,0x10,0x0f,0x10,0x10,0xeb,0xeb,0xea,0xeb,0xeb,0xeb,0xeb,0xeb,0xeb,0xeb,0xeb,
	0xeb,0xeb,0xeb,0xeb,0xeb,0xeb,0xeb,0xeb,0xaa,0xaa,0xaa,0xaa,0xaa,0xaa,0xaa,0xaa,
	0xaa,0xaa,0xaa,0xaa,0xaa,0xaa,0xaa,0xaa,0xaa,0xaa,0xaa,0xaa,0xaa,0xaa,0xaa,0xaa,
	0xaa,0xaa,0xaa,0xaa,0xaa,0xaa,0xaa,0xaa,0xaa,0xaa,0xaa,0xaa,0xaa,0xaa,0xaa,0xaa,
	0x6a,0x6a,0x6a,0x6a,0x6a,0x6a,0x6a,0x6a,0x6a,0x6a,0x6a,0x6a,0x6a,0x6a,0x6a,0x6a,
	0x6a,0x6a,0x6a,0x6a,0x6a,0x6a,0x6a,0x6a,0x6a,0x6a,0x6a,0x6a,0x6a,0x6a,0x6a,0x6a,
	0x6a,0x6a,0x6a,0x6a,0x6a,0x6a,0x6a,0x6a,0x29,0x29,0x29,0x29,0x29,0x29,0x29,0x29,
	0x29,0x29,0x29,0x29,0x29,0x29,0x29,0x29,0x29,0x29,0x29,0x29,0x29,0x29,0x29,0x29,
	0x29,0x29,0x29,0x29,0x29,0x29,0x29,0x29,0x29,0x29,0x29,0x29,0x29,0x29,0x29,0x29,
	0xd2,0xd2,0xd2,0xd2,0xd2,0xd2,0xd2,0xd2,0xd2,0xd2,0xd2,0xd2,0xd2,0xd2,0xd2,0xd2,
	0xd2,0xd2,0xd2,0xd2,0xd2,0xd2,0xd2,0xd2,0xd2,0xd2,0xd2,0xd2,0xd2,0xd2,0xd2,0xd2,
	0xd2,0xd2,0xd2,0xd2,0xd2,0xd2,0xd2,0xd2,0x91,0x91,0x91,0x91,0x91,0x91,0x91,0x91,
	0x91,0x91,0x91,0x91,0x91,0x91,0x91,0x91,0x91,0x91,0x91,0x91,0x91,0x91,0x91,0x91,
	0x91,0x91,0x91,0x91,0x91,0x91,0x91,0x91,0x91,0x91,0x91,0x91,0x91,0x91,0x91,0x91,
	0x51,0x51,0x51,0x51,0x51,0x51,0x51,0x51,0x51,0x51,0x51,0x51,0x51,0x51,0x51,0x51,
	0xe9,0xec,0xee,0xeb,0x10,0x11,0x10,0x0f,0x10,0x10,0x11,0x11,0x11,0x11,0x11,0x11,
	0x11,0x11,0x11,0x11,0x11,0x11,0x11,0x11,0xeb,0xe9,0xef,0xec,0x10,0x10,0x10,0x10,
	0x10,0x10,0x10,0x10,0x10,0x10,0x10,0x10,0x10,0x10,0x10,0x10,0xeb,0xeb,0xeb,0xeb,
	0xeb,0xeb,0xeb,0xeb,0xeb,0xeb,0xeb,0xeb,0xeb,0xeb,0xeb,0xeb,0xeb,0xeb,0xeb,0xeb,
	0x10,0x10,0x10,0x10,0x10,0x10,0x10,0x10,0x10,0x10,0x10,0x10,0x10,0x10,0x10,0x0f,
	0x0f,0x10,0x0f,0x10,0x10,0xeb,0xeb,0xeb,0xea,0xeb,0xeb,0xeb,0xeb,0xeb,0xeb,0xeb,
	0xeb,0xeb,0xeb,0xeb,0xeb,0xeb,0xeb,0xeb,0xaa,0xaa,0xaa,0xaa,0xaa,0xaa,0xaa,0xaa,
	0xaa,0xaa,0xaa,0xaa,0xaa,0xaa,0xaa,0xaa,0xaa,0xaa,0xaa,0xaa,0xaa,0xaa,0xaa,0xaa,
	0xaa,0xaa,0xaa,0xaa,0xaa,0xaa,0xaa,0xaa,0xaa,0xaa,0xaa,0xaa,0xaa,0xaa,0xaa,0xaa,
	0x6a,0x6a,0x6a,0x6a,0x6a,0x6a,0x6a,0x6a,0x6a,0x6a,0x6a,0x6a,0x6a,0x6a,0x6a,0x6a,
	0x6a,0x6a,0x6a,0x6a,0x6a,0x6a,0x6a,0x6a,0x6a,0x6a,0x6a,0x6a,0x6a,0x6a,0x6a,0x6a,
	0x6a,0x6a,0x6a,0x6a,0x6a,0x6a,0x6a,0x6a,0x29,0x29,0x29,0x29,0x29,0x29,0x29,0x29,
	0x29,0x29,0x29,0x29,0x29,0x29,0x29,0x29,0x29,0x29,0x29,0x29,0x29,0x29,0x29,0x29,
	0x29,0x29,0x29,0x29,0x29,0x29,0x29,0x29,0x29,0x29,0x29,0x29,0x29,0x29,0x29,0x29,
	0xd2,0xd2,0xd2,0xd2,0xd2,0xd2,0xd2,0xd2,0xd2,0xd2,0xd2,0xd2,0xd2,0xd2,0xd2,0xd2,
	0xd2,0xd2,0xd2,0xd2,0xd2,0xd2,0xd2,0xd2,0xd2,0xd2,0xd2,0xd2,0xd2,0xd2,0xd2,0xd2,
	0xd2,0xd2,0xd2,0xd2,0xd2,0xd2,0xd2,0xd2,0x91,0x91,0x91,0x91,0x91,0x91,0x91,0x91,
	0x91,0x91,0x91,0x91,0x91,0x91,0x91,0x91,0x91,0x91,0x91,0x91,0x91,0x91,0x91,0x91,
	0x91,0x91,0x91,0x91,0x91,0x91,0x91,0x91,0x91,0x91,0x91,0x91,0x91,0x91,0x91,0x91,
	0x51,0x51,0x51,0x51,0x51,0x51,0x51,0x51,0x51,0x51,0x51,0x51,0x51,0x51,0x51,0x51,
	0xeb,0xed,0xed,0xeb,0x11,0x11,0x0f,0x10,0x11,0x11,0x11,0x11,0x11,0x11,0x11,0x11,
	0x11,0x11,0x11,0x11,0x11,0x11,0x11,0x11,0xeb,0xe9,0xef,0xec,0x10,0x10,0x10,0x10,
	0x10,0x10,0x10,0x10,0x10,0x10,0x10,0x10,0x10,0x10,0x10,0x10,0xeb,0xeb,0xeb,0xeb,
	0xeb,0xeb,0xeb,0xeb,0xeb,0xeb,0xeb,0xeb,0xeb,0xeb,0xeb,0xeb,0xeb,0xeb,0xeb,0xeb,
	0x10,0x10,0x10,0x10,0x10,0x10,0x10,0x10,0x10,0x10,0x10,0x10,0x10,0x10,0x10,0x0f,
	0x0f,0x10,0x0f,0x10,0x10,0xeb,0xeb,0xeb,0xea,0xeb,0xeb,0xeb,0xeb,0xeb,0xeb,0xeb,
	0xeb,0xeb,0xeb,0xeb,0xeb,0xeb,0xeb,0xeb,0xaa,0xaa,0xaa,0xaa,0xaa,0xaa,0xaa,0xaa,
	0xaa,0xaa,0xaa,0xaa,0xaa,0xaa,0xaa,0xaa,0xaa,0xaa,0xaa,0xaa,0xaa,0xaa,0xaa,0xaa,
	0xaa,0xaa,0xaa,0xaa,0xaa,0xaa,0xaa,0xaa,0xaa,0xaa,0xaa,0xaa,0xaa,0xaa,0xaa,0xaa,
	0x6a,0x6a,0x6a,0x6a,0x6a,0x6a,0x6a,0x6a,0x6a,0x6a,0x6a,0x6a,0x6a,0x6a,0x6a,0x6a,
	0x6a,0x6a,0x6a,0x6a,0x6a,0x6a,0x6a,0x6a,0x6a,0x6a,0x6a,0x6a,0x6a,0x6a,0x6a,0x6a,
	0x6a,0x6a,0x6a,0x6a,0x6a,0x6a,0x6a,0x6a,0x29,0x29,0x29,0x29,0x29,0x29,0x29,0x29,
	0x29,0x29,0x29,0x29,0x29,0x29,0x29,0x29,0x29,0x29,0x29,0x29,0x29,0x29,0x29,0x29,
	0x29,0x29,0x29,0x29,0x29,0x29,0x29,0x29,0x29,0x29,0x29,0x29,0x29,0x29,0x29,0x29,
	0xd2,0xd2,0xd2,0xd2,0xd2,0xd2,0xd2,0xd2,0xd2,0xd2,0xd2,0xd2,0xd2,0xd2,0xd2,0xd2,
	0xd2,0xd2,0xd2,0xd2,0xd2,0xd2,0xd2,0xd2,0xd2,0xd2,0xd2,0xd2,0xd2,0xd2,0xd2,0xd2,
	0xd2,0xd2,0xd2,0xd2,0xd2,0xd2,0xd2,0xd2,0x91,0x91,0x91,0x91,0x91,0x91,0x91,0x91,
	0x91,0x91,0x91,0x91,0x91,0x91,0x91,0x91,0x91,0x91,0x91,0x91,0x91,0x91,0x91,0x91,
	0x91,0x91,0x91,0x91,0x91,0x91,0x91,0x91,0x91,0x91,0x91,0x91,0x91,0x91,0x91,0x91,
	0x51,0x51,0x51,0x51,0x51,0x51,0x51,0x51,0x51,0x51,0x51,0x51,0x51,0x51,0x51,0x51,
	0xec,0xec,0xec,0xea,0x11,0x11,0x0f,0x10,0x11,0x11,0x11,0x11,0x11,0x11,0x11,0x11,
	0x11,0x11,0x11,0x11,0x11,0x11,0x11,0x11,0xeb,0xe9,0xef,0xec,0x10,0x10,0x10,0x10,
	0x10,0x10,0x10,0x10,0x10,0x10,0x10,0x10,0x10,0x10,0x10,0x10,0xeb,0xeb,0xeb,0xeb,
	0xeb,0xeb,0xeb,0xeb,0xeb,0xeb,0xeb,0xeb,0xeb,0xeb,0xeb,0xeb,0xeb,0xeb,0xeb,0xeb,
	0x10,0x10,0x10,0x10,0x10,0x10,0x10,0x10,0x10,0x10,0x10,0x10,0x10,0x10,0x10,0x0f,
	0x0f,0x10,0x0f,0x10,0x10,0xeb,0xeb,0xeb,0xea,0xeb,0xeb,0xeb,0xeb,0xeb,0xeb,0xeb,
	0xeb,0xeb,0xeb,0xeb,0xeb,0xeb,0xeb,0xeb,0xaa,0xaa,0xaa,0xaa,0xaa,0xaa,0xaa,0xaa,
	0xaa,0xaa,0xaa,0xaa,0xaa,0xaa,0xaa,0xaa,0xaa,0xaa,0xaa,0xaa,0xaa,0xaa,0xaa,0xaa,
	0xaa,0xaa,0xaa,0xaa,0xaa,0xaa,0xaa,0xaa,0xaa,0xaa,0xaa,0xaa,0xaa,0xaa,0xaa,0xaa,
	0x6a,0x6a,0x6a,0x6a,0x6a,0x6a,0x6a,0x6a,0x6a,0x6a,0x6a,0x6a,0x6a,0x6a,0x6a,0x6a,
	0x6a,0x6a,0x6a,0x6a,0x6a,0x6a,0x6a,0x6a,0x6a,0x6a,0x6a,0x6a,0x6a,0x6a,0x6a,0x6a,
	0x6a,0x6a,0x6a,0x6a,0x6a,0x6a,0x6a,0x6a,0x29,0x29,0x29,0x29,0x29,0x29,0x29,0x29,
	0x29,0x29,0x29,0x29,0x29,0x29,0x29,0x29,0x29,0x29,0x29,0x29,0x29,0x29,0x29,0x29,
	0x29,0x29,0x29,0x29,0x29,0x29,0x29,0x29,0x29,0x29,0x29,0x29,0x29,0x29,0x29,0x29,
	0xd2,0xd2,0xd2,0xd2,0xd2,0xd2,0xd2,0xd2,0xd2,0xd2,0xd2,0xd2,0xd2,0xd2,0xd2,0xd2,
	0xd2,0xd2,0xd2,0xd2,0xd2,0xd2,0xd2,0xd2,0xd2,0xd2,0xd2,0xd2,0xd2,0xd2,0xd2,0xd2,
	0xd2,0xd2,0xd2,0xd2,0xd2,0xd2,0xd2,0xd2,0x91,0x91,0x91,0x91,0x91,0x91,0x91,0x91,
	0x91,0x91,0x91,0x91,0x91,0x91,0x91,0x91,0x91,0x91,0x91,0x91,0x91,0x91,0x91,0x91,
	0x91,0x91,0x91,0x91,0x91,0x91,0x91,0x91,0x91,0x91,0x91,0x91,0x91,0x91,0x91,0x91,
	0x51,0x51,0x51,0x51,0x51,0x51,0x51,0x51,0x51,0x51,0x51,0x51,0x51,0x51,0x51,0x51,
	0xed,0xec,0xeb,0xea,0x11,0x11,0x0f,0x10,0x11,0x11,0x11,0x11,0x11,0x11,0x11,0x11,
	0x11,0x11,0x11,0x11,0x11,0x11,0x11,0x11,0xeb,0xe9,0xef,0xec,0x10,0x10,0x10,0x10,
	0x10,0x10,0x10,0x10,0x10,0x10,0x10,0x10,0x10,0x10,0x10,0x10,0xeb,0xeb,0xeb,0xeb,
	0xeb,0xeb,0xeb,0xeb,0xeb,0xeb,0xeb,0xeb,0xeb,0xeb,0xeb,0xeb,0xeb,0xeb,0xeb,0xeb,
	0x10,0x10,0x10,0x10,0x10,0x10,0x10,0x10,0x10,0x10,0x10,0x10,0x10,0x10,0x10,0x0f,
	0x0f,0x10,0x0f,0x10,0x10,0xeb,0xeb,0xeb,0xea,0xeb,0xeb,0xeb,0xeb,0xeb,0xeb,0xeb,
	0xeb,0xeb,0xeb,0xeb,0xeb,0xeb,0xeb,0xeb,0xaa,0xaa,0xaa,0xaa,0xaa,0xaa,0xaa,0xaa,
	0xaa,0xaa,0xaa,0xaa,0xaa,0xaa,0xaa,0xaa,0xaa,0xaa,0xaa,0xaa,0xaa,0xaa,0xaa,0xaa,
	0xaa,0xaa,0xaa,0xaa,0xaa,0xaa,0xaa,0xaa,0xaa,0xaa,0xaa,0xaa,0xaa,0xaa,0xaa,0xaa,
	0x6a,0x6a,0x6a,0x6a,0x6a,0x6a,0x6a,0x6a,0x6a,0x6a,0x6a,0x6a,0x6a,0x6a,0x6a,0x6a,
	0x6a,0x6a,0x6a,0x6a,0x6a,0x6a,0x6a,0x6a,0x6a,0x6a,0x6a,0x6a,0x6a,0x6a,0x6a,0x6a,
	0x6a,0x6a,0x6a,0x6a,0x6a,0x6a,0x6a,0x6a,0x29,0x29,0x29,0x29,0x29,0x29,0x29,0x29,
	0x29,0x29,0x29,0x29,0x29,0x29,0x29,0x29,0x29,0x29,0x29,0x29,0x29,0x29,0x29,0x29,
	0x29,0x29,0x29,0x29,0x29,0x29,0x29,0x29,0x29,0x29,0x29,0x29,0x29,0x29,0x29,0x29,
	0xd2,0xd2,0xd2,0xd2,0xd2,0xd2,0xd2,0xd2,0xd2,0xd2,0xd2,0xd2,0xd2,0xd2,0xd2,0xd2,
	0xd2,0xd2,0xd2,0xd2,0xd2,0xd2,0xd2,0xd2,0xd2,0xd2,0xd2,0xd2,0xd2,0xd2,0xd2,0xd2,
	0xd2,0xd2,0xd2,0xd2,0xd2,0xd2,0xd2,0xd2,0x91,0x91,0x91,0x91,0x91,0x91,0x91,0x91,
	0x91,0x91,0x91,0x91,0x91,0x91,0x91,0x91,0x91,0x91,0x91,0x91,0x91,0x91,0x91,0x91,
	0x91,0x91,0x91,0x91,0x91,0x91,0x91,0x91,0x91,0x91,0x91,0x91,0x91,0x91,0x91,0x91,
	0x51,0x51,0x51,0x51,0x51,0x51,0x51,0x51,0x51,0x51,0x51,0x51,0x51,0x51,0x51,0x51,
	0xed,0xec,0xeb,0xea,0x11,0x11,0x0f,0x10,0x11,0x11,0x11,0x11,0x11,0x11,0x11,0x11,
	0x11,0x11,0x11,0x11,0x11,0x11,0x11,0x11,0xeb,0xe9,0xef,0xec,0x10,0x10,0x10,0x10,
	0x10,0x10,0x10,0x10,0x10,0x10,0x10,0x10,0x10,0x10,0x10,0x10,0xeb,0xeb,0xeb,0xeb,
	0xeb,0xeb,0xeb,0xeb,0xeb,0xeb,0xeb,0xeb,0xeb,0xeb,0xeb,0xeb,0xeb,0xeb,0xeb,0xeb,
	0x10,0x10,0x10,0x10,0x10,0x10,0x10,0x10,0x10,0x10,0x10,0x10,0x10,0x10,0x10,0x0f,
	0x0f,0x10,0x0f,0x10,0x10,0xeb,0xeb,0xeb,0xea,0xeb,0xeb,0xeb,0xeb,0xeb,0xeb,0xeb,
	0xeb,0xeb,0xeb,0xeb,0xeb,0xeb,0xeb,0xeb,0xaa,0xaa,0xaa,0xaa,0xaa,0xaa,0xaa,0xaa,
	0xaa,0xaa,0xaa,0xaa,0xaa,0xaa,0xaa,0xaa,0xaa,0xaa,0xaa,0xaa,0xaa,0xaa,0xaa,0xaa,
	0xaa,0xaa,0xaa,0xaa,0xaa,0xaa,0xaa,0xaa,0xaa,0xaa,0xaa,0xaa,0xaa,0xaa,0xaa,0xaa,
	0x6a,0x6a,0x6a,0x6a,0x6a,0x6a,0x6a,0x6a,0x6a,0x6a,0x6a,0x6a,0x6a,0x6a,0x6a,0x6a,
	0x6a,0x6a,0x6a,0x6a,0x6a,0x6a,0x6a,0x6a,0x6a,0x6a,0x6a,0x6a,0x6a,0x6a,0x6a,0x6a,
	0x6a,0x6a,0x6a,0x6a,0x6a,0x6a,0x6a,0x6a,0x29,0x29,0x29,0x29,0x29,0x29,0x29,0x29,
	0x29,0x29,0x29,0x29,0x29,0x29,0x29,0x29,0x29,0x29,0x29,0x29,0x29,0x29,0x29,0x29,
	0x29,0x29,0x29,0x29,0x29,0x29,0x29,0x29,0x29,0x29,0x29,0x29,0x29,0x29,0x29,0x29,
	0xd2,0xd2,0xd2,0xd2,0xd2,0xd2,0xd2,0xd2,0xd2,0xd2,0xd2,0xd2,0xd2,0xd2,0xd2,0xd2,
	0xd2,0xd2,0xd2,0xd2,0xd2,0xd2,0xd2,0xd2,0xd2,0xd2,0xd2,0xd2,0xd2,0xd2,0xd2,0xd2,
	0xd2,0xd2,0xd2,0xd2,0xd2,0xd2,0xd2,0xd2,0x91,0x91,0x91,0x91,0x91,0x91,0x91,0x91,
	0x91,0x91,0x91,0x91,0x91,0x91,0x91,0x91,0x91,0x91,0x91,0x91,0x91,0x91,0x91,0x91,
	0x91,0x91,0x91,0x91,0x91,0x91,0x91,0x91,0x91,0x91,0x91,0x91,0x91,0x91,0x91,0x91,
	0x51,0x51,0x51,0x51,0x51,0x51,0x51,0x51,0x51,0x51,0x51,0x51,0x51,0x51,0x51,0x51,
	0xed,0xec,0xeb,0xea,0x11,0x11,0x0f,0x10,0x11,0x11,0x11,0x11,0x11,0x11,0x11,0x11,
	0x11,0x11,0x11,0x11,0x11,0x11,0x11,0x11,0xeb,0xe9,0xef,0xec,0x10,0x10,0x10,0x10,
	0x10,0x10,0x10,0x10,0x10,0x10,0x10,0x10,0x10,0x10,0x10,0x10,0xeb,0xeb,0xeb,0xeb,
	0xeb,0xeb,0xeb,0xeb,0xeb,0xeb,0xeb,0xeb,0xeb,0xeb,0xeb,0xeb,0xeb,0xeb,0xeb,0xeb,
	0x10,0x10,0x10,0x10,0x10,0x10,0x10,0x10,0x10,0x10,0x10,0x10,0x10,0x10,0x10,0x0f,
	0x0f,0x10,0x0f,0x10,0x10,0xeb,0xeb,0xeb,0xea,0xeb,0xeb,0xeb,0xeb,0xeb,0xeb,0xeb,
	0xeb,0xeb,0xeb,0xeb,0xeb,0xeb,0xeb,0xeb,0xaa,0xaa,0xaa,0xaa,0xaa,0xaa,0xaa,0xaa,
	0xaa,0xaa,0xaa,0xaa,0xaa,0xaa,0xaa,0xaa,0xaa,0xaa,0xaa,0xaa,0xaa,0xaa,0xaa,0xaa,
	0xaa,0xaa,0xaa,0xaa,0xaa,0xaa,0xaa,0xaa,0xaa,0xaa,0xaa,0xaa,0xaa,0xaa,0xaa,0xaa,
	0x6a,0x6a,0x6a,0x6a,0x6a,0x6a,0x6a,0x6a,0x6a,0x6a,0x6a,0x6a,0x6a,0x6a,0x6a,0x6a,
	0x6a,0x6a,0x6a,0x6a,0x6a,0x6a,0x6a,0x6a,0x6a,0x6a,0x6a,0x6a,0x6a,0x6a,0x6a,0x6a,
	0x6a,0x6a,0x6a,0x6a,0x6a,0x6a,0x6a,0x6a,0x29,0x29,0x29,0x29,0x29,0x29,0x29,0x29,
	0x29,0x29,0x29,0x29,0x29,0x29,0x29,0x29,0x29,0x29,0x29,0x29,0x29,0x29,0x29,0x29,
	0x29,0x29,0x29,0x29,0x29,0x29,0x29,0x29,0x29,0x29,0x29,0x29,0x29,0x29,0x29,0x29,
	0xd2,0xd2,0xd2,0xd2,0xd2,0xd2,0xd2,0xd2,0xd2,0xd2,0xd2,0xd2,0xd2,0xd2,0xd2,0xd2,
	0xd2,0xd2,0xd2,0xd2,0xd2,0xd2,0xd2,0xd2,0xd2,0xd2,0xd2,0xd2,0xd2,0xd2,0xd2,0xd2,
	0xd2,0xd2,0xd2,0xd2,0xd2,0xd2,0xd2,0xd2,0x91,0x91,0x91,0x91,0x91,0x91,0x91,0x91,
	0x91,0x91,0x91,0x91,0x91,0x91,0x91,0x91,0x91,0x91,0x91,0x91,0x91,0x91,0x91,0x91,
	0x91,0x91,0x91,0x91,0x91,0x91,0x91,0x91,0x91,0x91,0x91,0x91,0x91,0x91,0x91,0x91,
	0x51,0x51,0x51,0x51,0x51,0x51,0x51,0x51,0x51,0x51,0x51,0x51,0x51,0x51,0x51,0x51,
	0xed,0xec,0xeb,0xea,0x11,0x11,0x0f,0x10,0x11,0x11,0x11,0x11,0x11,0x11,0x11,0x11,
	0x11,0x11,0x11,0x11,0x11,0x11,0x11,0x11,0xeb,0xe9,0xef,0xec,0x10,0x10,0x10,0x10,
	0x10,0x10,0x10,0x10,0x10,0x10,0x10,0x10,0x10,0x10,0x10,0x10,0xeb,0xeb,0xeb,0xeb,
	0xeb,0xeb,0xeb,0xeb,0xeb,0xeb,0xeb,0xeb,0xeb,0xeb,0xeb,0xeb,0xeb,0xeb,0xeb,0xeb,
	0x10,0x10,0x10,0x10,0x10,0x10,0x10,0x10,0x10,0x10,0x10,0x10,0x10,0x10,0x10,0x0f,
	0x0f,0x10,0x0f,0x10,0x10,0xeb,0xeb,0xeb,0xea,0xeb,0xeb,0xeb,0xeb,0xeb,0xeb,0xeb,
	0xeb,0xeb,0xeb,0xeb,0xeb,0xeb,0xeb,0xeb,0xaa,0xaa,0xaa,0xaa,0xaa,0xaa,0xaa,0xaa,
	0xaa,0xaa,0xaa,0xaa,0xaa,0xaa,0xaa,0xaa,0xaa,0xaa,0xaa,0xaa,0xaa,0xaa,0xaa,0xaa,
	0xaa,0xaa,0xaa,0xaa,0xaa,0xaa,0xaa,0xaa,0xaa,0xaa,0xaa,0xaa,0xaa,0xaa,0xaa,0xaa,
	0x6a,0x6a,0x6a,0x6a,0x6a,0x6a,0x6a,0x6a,0x6a,0x6a,0x6a,0x6a,0x6a,0x6a,0x6a,0x6a,
	0x6a,0x6a,0x6a,0x6a,0x6a,0x6a,0x6a,0x6a,0x6a,0x6a,0x6a,0x6a,0x6a,0x6a,0x6a,0x6a,
	0x6a,0x6a,0x6a,0x6a,0x6a,0x6a,0x6a,0x6a,0x29,0x29,0x29,0x29,0x29,0x29,0x29,0x29,
	0x29,0x29,0x29,0x29,0x29,0x29,0x29,0x29,0x29,0x29,0x29,0x29,0x29,0x29,0x29,0x29,
	0x29,0x29,0x29,0x29,0x29,0x29,0x29,0x29,0x29,0x29,0x29,0x29,0x29,0x29,0x29,0x29,
	0xd2,0xd2,0xd2,0xd2,0xd2,0xd2,0xd2,0xd2,0xd2,0xd2,0xd2,0xd2,0xd2,0xd2,0xd2,0xd2,
	0xd2,0xd2,0xd2,0xd2,0xd2,0xd2,0xd2,0xd2,0xd2,0xd2,0xd2,0xd2,0xd2,0xd2,0xd2,0xd2,
	0xd2,0xd2,0xd2,0xd2,0xd2,0xd2,0xd2,0xd2,0x91,0x91,0x91,0x91,0x91,0x91,0x91,0x91,
	0x91,0x91,0x91,0x91,0x91,0x91,0x91,0x91,0x91,0x91,0x91,0x91,0x91,0x91,0x91,0x91,
	0x91,0x91,0x91,0x91,0x91,0x91,0x91,0x91,0x91,0x91,0x91,0x91,0x91,0x91,0x91,0x91,
	0x51,0x51,0x51,0x51,0x51,0x51,0x51,0x51,0x51,0x51,0x51,0x51,0x51,0x51,0x51,0x51,
	0xed,0xec,0xeb,0xea,0x11,0x11,0x0f,0x10,0x10,0x10,0x10,0x10,0x10,0x10,0x10,0x10,
	0x10,0x10,0x10,0x10,0x10,0x10,0x10,0x10,0xea,0xe9,0xef,0xec,0x10,0x10,0x10,0x10,
	0x10,0x10,0x10,0x10,0x10,0x10,0x10,0x10,0x10,0x10,0x10,0x10,0xeb,0xeb,0xeb,0xeb,
	0xeb,0xeb,0xeb,0xeb,0xeb,0xeb,0xeb,0xeb,0xeb,0xeb,0xeb,0xeb,0xeb,0xeb,0xeb,0xeb,
	0x10,0x10,0x10,0x10,0x10,0x10,0x10,0x10,0x10,0x10,0x10,0x10,0x10,0x10,0x10,0x0f,
	0x0f,0x10,0x0f,0x10,0x10,0xeb,0xeb,0xeb,0xea,0xeb,0xeb,0xeb,0xeb,0xeb,0xeb,0xeb,
	0xeb,0xeb,0xeb,0xeb,0xeb,0xeb,0xeb,0xeb,0xaa,0xaa,0xaa,0xaa,0xaa,0xaa,0xaa,0xaa,
	0xaa,0xaa,0xaa,0xaa,0xaa,0xaa,0xaa,0xaa,0xaa,0xaa,0xaa,0xaa,0xaa,0xaa,0xaa,0xaa,
	0xaa,0xaa,0xaa,0xaa,0xaa,0xaa,0xaa,0xaa,0xaa,0xaa,0xaa,0xaa,0xaa,0xaa,0xaa,0xaa,
	0x6a,0x6a,0x6a,0x6a,0x6a,0x6a,0x6a,0x6a,0x6a,0x6a,0x6a,0x6a,0x6a,0x6a,0x6a,0x6a,
	0x6a,0x6a,0x6a,0x6a,0x6a,0x6a,0x6a,0x6a,0x6a,0x6a,0x6a,0x6a,0x6a,0x6a,0x6a,0x6a,
	0x6a,0x6a,0x6a,0x6a,0x6a,0x6a,0x6a,0x6a,0x29,0x29,0x29,0x29,0x29,0x29,0x29,0x29,
	0x29,0x29,0x29,0x29,0x29,0x29,0x29,0x29,0x29,0x29,0x29,0x29,0x29,0x29,0x29,0x29,
	0x29,0x29,0x29,0x29,0x29,0x29,0x29,0x29,0x29,0x29,0x29,0x29,0x29,0x29,0x29,0x29,
	0xd2,0xd2,0xd2,0xd2,0xd2,0xd2,0xd2,0xd2,0xd2,0xd2,0xd2,0xd2,0xd2,0xd2,0xd2,0xd2,
	0xd2,0xd2,0xd2,0xd2,0xd2,0xd2,0xd2,0xd2,0xd2,0xd2,0xd2,0xd2,0xd2,0xd2,0xd2,0xd2,
	0xd2,0xd2,0xd2,0xd2,0xd2,0xd2,0xd2,0xd2,0x91,0x91,0x91,0x91,0x91,0x91,0x91,0x91,
	0x91,0x91,0x91,0x91,0x91,0x91,0x91,0x91,0x91,0x91,0x91,0x91,0x91,0x91,0x91,0x91,
	0x91,0x91,0x91,0x91,0x91,0x91,0x91,0x91,0x91,0x91,0x91,0x91,0x91,0x91,0x91,0x91,
	0x51,0x51,0x51,0x51,0x51,0x51,0x51,0x51,0x51,0x51,0x51,0x51,0x51,0x51,0x51,0x51,
	0xed,0xec,0xeb,0xea,0x11,0x11,0x0f,0x10,0x10,0x10,0x10,0x10,0x10,0x10,0x10,0x10,
	0x10,0x10,0x10,0x10,0x10,0x10,0x10,0x10,0xea,0xe9,0xef,0xec,0x10,0x10,0x10,0x10,
	0x10,0x10,0x10,0x10,0x10,0x10,0x11,0x11,0x10,0x10,0x10,0x10,0xeb,0xeb,0xeb,0xeb,
	0xeb,0xeb,0xeb,0xeb,0xeb,0xeb,0xeb,0xeb,0xeb,0xeb,0xeb,0xeb,0xeb,0xeb,0xeb,0xeb,
	0x10,0x10,0x10,0x10,0x10,0x10,0x10,0x10,0x10,0x10,0x10,0x10,0x10,0x10,0x10,0x0f,
	0x10,0x10,0x10,0x10,0x10,0xee,0xe6,0xea,0xeb,0xeb,0xeb,0xeb,0xeb,0xeb,0xeb,0xeb,
	0xeb,0xeb,0xeb,0xeb,0xeb,0xeb,0xeb,0xeb,0xaa,0xaa,0xaa,0xaa,0xaa,0xaa,0xaa,0xaa,
	0xaa,0xaa,0xaa,0xaa,0xaa,0xaa,0xaa,0xaa,0xaa,0xaa,0xaa,0xaa,0xaa,0xaa,0xaa,0xaa,
	0xaa,0xaa,0xaa,0xaa,0xaa,0xaa,0xaa,0xaa,0xaa,0xaa,0xaa,0xaa,0xaa,0xaa,0xaa,0xaa,
	0x6a,0x6a,0x6a,0x6a,0x6a,0x6a,0x6a,0x6a,0x6a,0x6a,0x6a,0x6a,0x6a,0x6a,0x6a,0x6a,
	0x6a,0x6a,0x6a,0x6a,0x6a,0x6a,0x6a,0x6a,0x6a,0x6a,0x6a,0x6a,0x6a,0x6a,0x6a,0x6a,
	0x6a,0x6a,0x6a,0x6a,0x6a,0x6a,0x6a,0x6a,0x29,0x29,0x29,0x29,0x29,0x29,0x29,0x29,
	0x29,0x29,0x29,0x29,0x29,0x29,0x29,0x29,0x29,0x29,0x29,0x29,0x29,0x29,0x29,0x29,
	0x29,0x29,0x29,0x29,0x29,0x29,0x29,0x29,0x29,0x29,0x29,0x29,0x29,0x29,0x29,0x29,
	0xd2,0xd2,0xd2,0xd2,0xd2,0xd2,0xd2,0xd2,0xd2,0xd2,0xd2,0xd2,0xd2,0xd2,0xd2,0xd2,
	0xd2,0xd2,0xd2,0xd2,0xd2,0xd2,0xd2,0xd2,0xd2,0xd2,0xd2,0xd2,0xd2,0xd2,0xd2,0xd2,
	0xd2,0xd2,0xd2,0xd2,0xd2,0xd2,0xd2,0xd2,0x91,0x91,0x91,0x91,0x91,0x91,0x91,0x91,
	0x91,0x91,0x91,0x91,0x91,0x91,0x91,0x91,0x91,0x91,0x91,0x91,0x91,0x91,0x91,0x91,
	0x91,0x91,0x91,0x91,0x91,0x91,0x91,0x91,0x91,0x91,0x91,0x91,0x91,0x91,0x91,0x91,
	0x51,0x51,0x51,0x51,0x51,0x51,0x51,0x51,0x51,0x51,0x51,0x51,0x51,0x51,0x51,0x51,
	0xed,0xec,0xeb,0xea,0x11,0x11,0x0f,0x10,0x11,0x11,0x11,0x11,0x11,0x11,0x11,0x11,
	0x11,0x11,0x11,0x11,0x11,0x11,0x11,0x11,0xeb,0xe9,0xef,0xec,0x10,0x10,0x10,0x10,
	0x10,0x10,0x10,0x10,0x10,0x10,0x10,0x11,0x11,0x0f,0x11,0x0f,0xeb,0xeb,0xeb,0xeb,
	0xeb,0xeb,0xeb,0xeb,0xeb,0xeb,0xeb,0xeb,0xeb,0xeb,0xeb,0xeb,0xeb,0xeb,0xeb,0xeb,
	0x10,0x10,0x10,0x10,0x10,0x10,0x10,0x10,0x10,0x10,0x10,0x10,0x10,0x10,0x10,0x10,
	0x10,0x10,0x10,0x10,0x0b,0x10,0xeb,0xe8,0xeb,0xeb,0xeb,0xeb,0xeb,0xeb,0xeb,0xeb,
	0xeb,0xeb,0xeb,0xeb,0xeb,0xeb,0xeb,0xeb,0xaa,0xaa,0xaa,0xaa,0xaa,0xaa,0xaa,0xaa,
	0xaa,0xaa,0xaa,0xaa,0xaa,0xaa,0xaa,0xaa,0xaa,0xaa,0xaa,0xaa,0xaa,0xaa,0xaa,0xaa,
	0xaa,0xaa,0xaa,0xaa,0xaa,0xaa,0xaa,0xaa,0xaa,0xaa,0xaa,0xaa,0xaa,0xaa,0xaa,0xaa,
	0x6a,0x6a,0x6a,0x6a,0x6a,0x6a,0x6a,0x6a,0x6a,0x6a,0x6a,0x6a,0x6a,0x6a,0x6a,0x6a,
	0x6a,0x6a,0x6a,0x6a,0x6a,0x6a,0x6a,0x6a,0x6a,0x6a,0x6a,0x6a,0x6a,0x6a,0x6a,0x6a,
	0x6a,0x6a,0x6a,0x6a,0x6a,0x6a,0x6a,0x6a,0x29,0x29,0x29,0x29,0x29,0x29,0x29,0x29,
	0x29,0x29,0x29,0x29,0x29,0x29,0x29,0x29,0x29,0x29,0x29,0x29,0x29,0x29,0x29,0x29,
	0x29,0x29,0x29,0x29,0x29,0x29,0x29,0x29,0x29,0x29,0x29,0x29,0x29,0x29,0x29,0x29,
	0xd2,0xd2,0xd2,0xd2,0xd2,0xd2,0xd2,0xd2,0xd2,0xd2,0xd2,0xd2,0xd2,0xd2,0xd2,0xd2,
	0xd2,0xd2,0xd2,0xd2,0xd2,0xd2,0xd2,0xd2,0xd2,0xd2,0xd2,0xd2,0xd2,0xd2,0xd2,0xd2,
	0xd2,0xd2,0xd2,0xd2,0xd2,0xd2,0xd2,0xd2,0x91,0x91,0x91,0x91,0x91,0x91,0x91,0x91,
	0x91,0x91,0x91,0x91,0x91,0x91,0x91,0x91,0x91,0x91,0x91,0x91,0x91,0x91,0x91,0x91,
	0x91,0x91,0x91,0x91,0x91,0x91,0x91,0x91,0x91,0x91,0x91,0x91,0x91,0x91,0x91,0x91,
	0x51,0x51,0x51,0x51,0x51,0x51,0x51,0x51,0x51,0x51,0x51,0x51,0x51,0x51,0x51,0x51,
	0xed,0xec,0xeb,0xea,0x11,0x11,0x0f,0x10,0x11,0x11,0x11,0x11,0x11,0x11,0x11,0x11,
	0x11,0x11,0x11,0x11,0x11,0x11,0x11,0x11,0xeb,0xe9,0xef,0xec,0x10,0x10,0x10,0x10,
	0x10,0x10,0x10,0x10,0x10,0x10,0x10,0x10,0x0f,0x0c,0x11,0xe8,0xeb,0xeb,0xeb,0xeb,
	0xeb,0xeb,0xeb,0xeb,0xeb,0xeb,0xeb,0xeb,0xeb,0xeb,0xeb,0xeb,0xeb,0xeb,0xeb,0xeb,
	0x10,0x10,0x10,0x10,0x10,0x10,0x10,0x10,0x10,0x10,0x10,0x10,0x10,0x10,0x10,0x10,
	0x10,0x10,0x10,0x10,0x0e,0x0f,0xee,0xee,0xeb,0xeb,0xeb,0xeb,0xeb,0xeb,0xeb,0xeb,
	0xeb,0xeb,0xeb,0xeb,0xeb,0xeb,0xeb,0xeb,0xaa,0xaa,0xaa,0xaa,0xaa,0xaa,0xaa,0xaa,
	0xaa,0xaa,0xaa,0xaa,0xaa,0xaa,0xaa,0xaa,0xaa,0xaa,0xaa,0xaa,0xaa,0xaa,0xaa,0xaa,
	0xaa,0xaa,0xaa,0xaa,0xaa,0xaa,0xaa,0xaa,0xaa,0xaa,0xaa,0xaa,0xaa,0xaa,0xaa,0xaa,
	0x6a,0x6a,0x6a,0x6a,0x6a,0x6a,0x6a,0x6a,0x6a,0x6a,0x6a,0x6a,0x6a,0x6a,0x6a,0x6a,
	0x6a,0x6a,0x6a,0x6a,0x6a,0x6a,0x6a,0x6a,0x6a,0x6a,0x6a,0x6a,0x6a,0x6a,0x6a,0x6a,
	0x6a,0x6a,0x6a,0x6a,0x6a,0x6a,0x6a,0x6a,0x29,0x29,0x29,0x29,0x29,0x29,0x29,0x29,
	0x29,0x29,0x29,0x29,0x29,0x29,0x29,0x29,0x29,0x29,0x29,0x29,0x29,0x29,0x29,0x29,
	0x29,0x29,0x29,0x29,0x29,0x29,0x29,0x29,0x29,0x29,0x29,0x29,0x29,0x29,0x29,0x29,
	0xd2,0xd2,0xd2,0xd2,0xd2,0xd2,0xd2,0xd2,0xd2,0xd2,0xd2,0xd2,0xd2,0xd2,0xd2,0xd2,
	0xd2,0xd2,0xd2,0xd2,0xd2,0xd2,0xd2,0xd2,0xd2,0xd2,0xd2,0xd2,0xd2,0xd2,0xd2,0xd2,
	0xd2,0xd2,0xd2,0xd2,0xd2,0xd2,0xd2,0xd2,0x91,0x91,0x91,0x91,0x91,0x91,0x91,0x91,
	0x91,0x91,0x91,0x91,0x91,0x91,0x91,0x91,0x91,0x91,0x91,0x91,0x91,0x91,0x91,0x91,
	0x91,0x91,0x91,0x91,0x91,0x91,0x91,0x91,0x91,0x91,0x91,0x91,0x91,0x91,0x91,0x91,
	0x51,0x51,0x51,0x51,0x51,0x51,0x51,0x51,0x51,0x51,0x51,0x51,0x51,0x51,0x51,0x51,
	0xed,0xec,0xeb,0xea,0x11,0x11,0x0f,0x10,0x10,0x10,0x10,0x10,0x10,0x10,0x10,0x10,
	0x10,0x10,0x10,0x10,0x10,0x10,0x10,0x10,0xea,0xe9,0xef,0xec,0x10,0x10,0x10,0x10,
	0x10,0x10,0x10,0x10,0x10,0x10,0x10,0x11,0x10,0x0c,0x10,0xee,0xeb,0xeb,0xeb,0xeb,
	0xeb,0xeb,0xeb,0xeb,0xeb,0xeb,0xeb,0xeb,0xeb,0xeb,0xeb,0xeb,0xeb,0xeb,0xeb,0xeb,
	0x10,0x10,0x10,0x10,0x10,0x10,0x10,0x10,0x10,0x10,0x10,0x10,0x10,0x10,0x10,0x10,
	0x10,0x10,0x10,0x10,0x12,0x0e,0xe9,0xed,0xeb,0xeb,0xeb,0xeb,0xeb,0xeb,0xeb,0xeb,
	0xeb,0xeb,0xeb,0xeb,0xeb,0xeb,0xeb,0xeb,0xaa,0xaa,0xaa,0xaa,0xaa,0xaa,0xaa,0xaa,
	0xaa,0xaa,0xaa,0xaa,0xaa,0xaa,0xaa,0xaa,0xaa,0xaa,0xaa,0xaa,0xaa,0xaa,0xaa,0xaa,
	0xaa,0xaa,0xaa,0xaa,0xaa,0xaa,0xaa,0xaa,0xaa,0xaa,0xaa,0xaa,0xaa,0xaa,0xaa,0xaa,
	0x6a,0x6a,0x6a,0x6a,0x6a,0x6a,0x6a,0x6a,0x6a,0x6a,0x6a,0x6a,0x6a,0x6a,0x6a,0x6a,
	0x6a,0x6a,0x6a,0x6a,0x6a,0x6a,0x6a,0x6a,0x6a,0x6a,0x6a,0x6a,0x6a,0x6a,0x6a,0x6a,
	0x6a,0x6a,0x6a,0x6a,0x6a,0x6a,0x6a,0x6a,0x29,0x29,0x29,0x29,0x29,0x29,0x29,0x29,
	0x29,0x29,0x29,0x29,0x29,0x29,0x29,0x29,0x29,0x29,0x29,0x29,0x29,0x29,0x29,0x29,
	0x29,0x29,0x29,0x29,0x29,0x29,0x29,0x29,0x29,0x29,0x29,0x29,0x29,0x29,0x29,0x29,
	0xd2,0xd2,0xd2,0xd2,0xd2,0xd2,0xd2,0xd2,0xd2,0xd2,0xd2,0xd2,0xd2,0xd2,0xd2,0xd2,
	0xd2,0xd2,0xd2,0xd2,0xd2,0xd2,0xd2,0xd2,0xd2,0xd2,0xd2,0xd2,0xd2,0xd2,0xd2,0xd2,
	0xd2,0xd2,0xd2,0xd2,0xd2,0xd2,0xd2,0xd2,0x91,0x91,0x91,0x91,0x91,0x91,0x91,0x91,
	0x91,0x91,0x91,0x91,0x91,0x91,0x91,0x91,0x91,0x91,0x91,0x91,0x91,0x91,0x91,0x91,
	0x91,0x91,0x91,0x91,0x91,0x91,0x91,0x91,0x91,0x91,0x91,0x91,0x91,0x91,0x91,0x91,
	0x51,0x51,0x51,0x51,0x51,0x51,0x51,0x51,0x51,0x51,0x51,0x51,0x51,0x51,0x51,0x51,
	0xed,0xec,0xeb,0xea,0x11,0x11,0x0f,0x0f,0x10,0x0f,0x0f,0x0f,0x0f,0x0f,0x0f,0x0f,
	0x0f,0x0f,0x0f,0x0f,0x0f,0x0f,0x0f,0x0f,0xea,0xe9,0xef,0xec,0x10,0x10,0x10,0x10,
	0x10,0x10,0x10,0x10,0x10,0x10,0x0f,0x0e,0x0e,0x12,0x0f,0xec,0xeb,0xeb,0xeb,0xeb,
	0xeb,0xeb,0xeb,0xeb,0xeb,0xeb,0xeb,0xeb,0xeb,0xeb,0xeb,0xeb,0xeb,0xeb,0xeb,0xeb,
	0x10,0x10,0x10,0x10,0x10,0x10,0x10,0x10,0x10,0x10,0x10,0x10,0x10,0x10,0x10,0x10,
	0x10,0x10,0x10,0x10,0x11,0x0f,0xea,0xec,0xeb,0xeb,0xeb,0xeb,0xeb,0xeb,0xeb,0xeb,
	0xeb,0xeb,0xeb,0xeb,0xeb,0xeb,0xeb,0xeb,0xaa,0xaa,0xaa,0xaa,0xaa,0xaa,0xaa,0xaa,
	0xaa,0xaa,0xaa,0xaa,0xaa,0xaa,0xaa,0xaa,0xaa,0xaa,0xaa,0xaa,0xaa,0xaa,0xaa,0xaa,
	0xaa,0xaa,0xaa,0xaa,0xaa,0xaa,0xaa,0xaa,0xaa,0xaa,0xaa,0xaa,0xaa,0xaa,0xaa,0xaa,
	0x6a,0x6a,0x6a,0x6a,0x6a,0x6a,0x6a,0x6a,0x6a,0x6a,0x6a,0x6a,0x6a,0x6a,0x6a,0x6a,
	0x6a,0x6a,0x6a,0x6a,0x6a,0x6a,0x6a,0x6a,0x6a,0x6a,0x6a,0x6a,0x6a,0x6a,0x6a,0x6a,
	0x6a,0x6a,0x6a,0x6a,0x6a,0x6a,0x6a,0x6a,0x29,0x29,0x29,0x29,0x29,0x29,0x29,0x29,
	0x29,0x29,0x29,0x29,0x29,0x29,0x29,0x29,0x29,0x29,0x29,0x29,0x29,0x29,0x29,0x29,
	0x29,0x29,0x29,0x29,0x29,0x29,0x29,0x29,0x29,0x29,0x29,0x29,0x29,0x29,0x29,0x29,
	0xd2,0xd2,0xd2,0xd2,0xd2,0xd2,0xd2,0xd2,0xd2,0xd2,0xd2,0xd2,0xd2,0xd2,0xd2,0xd2,
	0xd2,0xd2,0xd2,0xd2,0xd2,0xd2,0xd2,0xd2,0xd2,0xd2,0xd2,0xd2,0xd2,0xd2,0xd2,0xd2,
	0xd2,0xd2,0xd2,0xd2,0xd2,0xd2,0xd2,0xd2,0x91,0x91,0x91,0x91,0x91,0x91,0x91,0x91,
	0x91,0x91,0x91,0x91,0x91,0x91,0x91,0x91,0x91,0x91,0x91,0x91,0x91,0x91,0x91,0x91,
	0x91,0x91,0x91,0x91,0x91,0x91,0x91,0x91,0x91,0x91,0x91,0x91,0x91,0x91,0x91,0x91,
	0x51,0x51,0x51,0x51,0x51,0x51,0x51,0x51,0x51,0x51,0x51,0x51,0x51,0x51,0x51,0x51,
	0xe6,0xee,0xea,0xe2,0x11,0x15,0x0d,0x0d,0x0e,0x0e,0x0f,0x0f,0x0f,0x0f,0x0f,0x0f,
	0x0f,0x0f,0x0f,0x0f,0x0f,0x0f,0x0f,0x0f,0xe9,0xeb,0xec,0xe7,0x10,0x10,0x10,0x10,
	0x10,0x10,0x10,0x10,0x10,0x10,0x0f,0x0e,0x0f,0x11,0x10,0xeb,0xea,0xeb,0xeb,0xeb,
	0xeb,0xeb,0xeb,0xeb,0xeb,0xeb,0xeb,0xeb,0xeb,0xeb,0xeb,0xeb,0xeb,0xeb,0xeb,0xeb,
	0x10,0x10,0x10,0x10,0x10,0x10,0x10,0x10,0x10,0x10,0x10,0x10,0x10,0x10,0x10,0x10,
	0x10,0x10,0x10,0x10,0x0f,0x0f,0xeb,0xeb,0xeb,0xeb,0xeb,0xeb,0xeb,0xeb,0xeb,0xeb,
	0xeb,0xeb,0xeb,0xeb,0xeb,0xeb,0xeb,0xeb,0xaa,0xaa,0xaa,0xaa,0xaa,0xaa,0xaa,0xaa,
	0xaa,0xaa,0xaa,0xaa,0xaa,0xaa,0xaa,0xaa,0xaa,0xaa,0xaa,0xaa,0xaa,0xaa,0xaa,0xaa,
	0xaa,0xaa,0xaa,0xaa,0xaa,0xaa,0xaa,0xaa,0xaa,0xaa,0xaa,0xaa,0xaa,0xaa,0xaa,0xaa,
	0x6a,0x6a,0x6a,0x6a,0x6a,0x6a,0x6a,0x6a,0x6a,0x6a,0x6a,0x6a,0x6a,0x6a,0x6a,0x6a,
	0x6a,0x6a,0x6a,0x6a,0x6a,0x6a,0x6a,0x6a,0x6a,0x6a,0x6a,0x6a,0x6a,0x6a,0x6a,0x6a,
	0x6a,0x6a,0x6a,0x6a,0x6a,0x6a,0x6a,0x6a,0x29,0x29,0x29,0x29,0x29,0x29,0x29,0x29,
	0x29,0x29,0x29,0x29,0x29,0x29,0x29,0x29,0x29,0x29,0x29,0x29,0x29,0x29,0x29,0x29,
	0x29,0x29,0x29,0x29,0x29,0x29,0x29,0x29,0x29,0x29,0x29,0x29,0x29,0x29,0x29,0x29,
	0xd2,0xd2,0xd2,0xd2,0xd2,0xd2,0xd2,0xd2,0xd2,0xd2,0xd2,0xd2,0xd2,0xd2,0xd2,0xd2,
	0xd2,0xd2,0xd2,0xd2,0xd2,0xd2,0xd2,0xd2,0xd2,0xd2,0xd2,0xd2,0xd2,0xd2,0xd2,0xd2,
	0xd2,0xd2,0xd2,0xd2,0xd2,0xd2,0xd2,0xd2,0x91,0x91,0x91,0x91,0x91,0x91,0x91,0x91,
	0x91,0x91,0x91,0x91,0x91,0x91,0x91,0x91,0x91,0x91,0x91,0x91,0x91,0x91,0x91,0x91,
	0x91,0x91,0x91,0x91,0x91,0x91,0x91,0x91,0x91,0x91,0x91,0x91,0x91,0x91,0x91,0x91,
	0x51,0x51,0x51,0x51,0x51,0x51,0x51,0x51,0x51,0x51,0x51,0x51,0x51,0x51,0x51,0x51,
	0xe7,0xee,0xec,0xea,0x10,0x0a,0x09,0x11,0x11,0x10,0x0f,0x0f,0x0f,0x0f,0x0f,0x0f,
	0x0f,0x0f,0x0f,0x0f,0x0f,0x0f,0x0f,0x0f,0xee,0xeb,0xe7,0xf0,0x10,0x10,0x10,0x10,
	0x10,0x10,0x10,0x10,0x10,0x10,0x0f,0x0f,0x0f,0x0f,0x11,0xeb,0xea,0xeb,0xeb,0xeb,
	0xeb,0xeb,0xeb,0xeb,0xeb,0xeb,0xeb,0xeb,0xeb,0xeb,0xeb,0xeb,0xeb,0xeb,0xeb,0xeb,
	0x10,0x10,0x10,0x10,0x10,0x10,0x10,0x10,0x10,0x10,0x10,0x10,0x10,0x10,0x10,0x10,
	0x10,0x10,0x10,0x10,0x0e,0x0f,0xec,0xeb,0xeb,0xeb,0xeb,0xeb,0xeb,0xeb,0xeb,0xeb,
	0xeb,0xeb,0xeb,0xeb,0xeb,0xeb,0xeb,0xeb,0xaa,0xaa,0xaa,0xaa,0xaa,0xaa,0xaa,0xaa,
	0xaa,0xaa,0xaa,0xaa,0xaa,0xaa,0xaa,0xaa,0xaa,0xaa,0xaa,0xaa,0xaa,0xaa,0xaa,0xaa,
	0xaa,0xaa,0xaa,0xaa,0xaa,0xaa,0xaa,0xaa,0xaa,0xaa,0xaa,0xaa,0xaa,0xaa,0xaa,0xaa,
	0x6a,0x6a,0x6a,0x6a,0x6a,0x6a,0x6a,0x6a,0x6a,0x6a,0x6a,0x6a,0x6a,0x6a,0x6a,0x6a,
	0x6a,0x6a,0x6a,0x6a,0x6a,0x6a,0x6a,0x6a,0x6a,0x6a,0x6a,0x6a,0x6a,0x6a,0x6a,0x6a,
	0x6a,0x6a,0x6a,0x6a,0x6a,0x6a,0x6a,0x6a,0x29,0x29,0x29,0x29,0x29,0x29,0x29,0x29,
	0x29,0x29,0x29,0x29,0x29,0x29,0x29,0x29,0x29,0x29,0x29,0x29,0x29,0x29,0x29,0x29,
	0x29,0x29,0x29,0x29,0x29,0x29,0x29,0x29,0x29,0x29,0x29,0x29,0x29,0x29,0x29,0x29,
	0xd2,0xd2,0xd2,0xd2,0xd2,0xd2,0xd2,0xd2,0xd2,0xd2,0xd2,0xd2,0xd2,0xd2,0xd2,0xd2,
	0xd2,0xd2,0xd2,0xd2,0xd2,0xd2,0xd2,0xd2,0xd2,0xd2,0xd2,0xd2,0xd2,0xd2,0xd2,0xd2,
	0xd2,0xd2,0xd2,0xd2,0xd2,0xd2,0xd2,0xd2,0x91,0x91,0x91,0x91,0x91,0x91,0x91,0x91,
	0x91,0x91,0x91,0x91,0x91,0x91,0x91,0x91,0x91,0x91,0x91,0x91,0x91,0x91,0x91,0x91,
	0x91,0x91,0x91,0x91,0x91,0x91,0x91,0x91,0x91,0x91,0x91,0x91,0x91,0x91,0x91,0x91,
	0x51,0x51,0x51,0x51,0x51,0x51,0x51,0x51,0x51,0x51,0x51,0x51,0x51,0x51,0x51,0x51,
	0x17,0x0d,0x13,0x0c,0xe7,0xe5,0xe3,0xe9,0xeb,0xeb,0xec,0xec,0xec,0xec,0xec,0xec,
	0xec,0xec,0xec,0xec,0xec,0xec,0xec,0xec,0x19,0x18,0x0b,0x0f,0x10,0x10,0x10,0x10,
	0x10,0x10,0x10,0x10,0x10,0x10,0x0f,0x0f,0x0f,0x0e,0x12,0xeb,0xea,0xeb,0xeb,0xeb,
	0xeb,0xeb,0xeb,0xeb,0xeb,0xeb,0xeb,0xeb,0xeb,0xeb,0xeb,0xeb,0xeb,0xeb,0xeb,0xeb,
	0x10,0x10,0x10,0x10,0x10,0x10,0x10,0x10,0x10,0x10,0x10,0x10,0x10,0x10,0x10,0x10,
	0x10,0x10,0x10,0x10,0x0e,0x0f,0xed,0xea,0xeb,0xeb,0xeb,0xeb,0xeb,0xeb,0xeb,0xeb,
	0xeb,0xeb,0xeb,0xeb,0xeb,0xeb,0xeb,0xeb,0xaa,0xaa,0xaa,0xaa,0xaa,0xaa,0xaa,0xaa,
	0xaa,0xaa,0xaa,0xaa,0xaa,0xaa,0xaa,0xaa,0xaa,0xaa,0xaa,0xaa,0xaa,0xaa,0xaa,0xaa,
	0xaa,0xaa,0xaa,0xaa,0xaa,0xaa,0xaa,0xaa,0xaa,0xaa,0xaa,0xaa,0xaa,0xaa,0xaa,0xaa,
	0x6a,0x6a,0x6a,0x6a,0x6a,0x6a,0x6a,0x6a,0x6a,0x6a,0x6a,0x6a,0x6a,0x6a,0x6a,0x6a,
	0x6a,0x6a,0x6a,0x6a,0x6a,0x6a,0x6a,0x6a,0x6a,0x6a,0x6a,0x6a,0x6a,0x6a,0x6a,0x6a,
	0x6a,0x6a,0x6a,0x6a,0x6a,0x6a,0x6a,0x6a,0x29,0x29,0x29,0x29,0x29,0x29,0x29,0x29,
	0x29,0x29,0x29,0x29,0x29,0x29,0x29,0x29,0x29,0x29,0x29,0x29,0x29,0x29,0x29,0x29,
	0x29,0x29,0x29,0x29,0x29,0x29,0x29,0x29,0x29,0x29,0x29,0x29,0x29,0x29,0x29,0x29,
	0xd2,0xd2,0xd2,0xd2,0xd2,0xd2,0xd2,0xd2,0xd2,0xd2,0xd2,0xd2,0xd2,0xd2,0xd2,0xd2,
	0xd2,0xd2,0xd2,0xd2,0xd2,0xd2,0xd2,0xd2,0xd2,0xd2,0xd2,0xd2,0xd2,0xd2,0xd2,0xd2,
	0xd2,0xd2,0xd2,0xd2,0xd2,0xd2,0xd2,0xd2,0x91,0x91,0x91,0x91,0x91,0x91,0x91,0x91,
	0x91,0x91,0x91,0x91,0x91,0x91,0x91,0x91,0x91,0x91,0x91,0x91,0x91,0x91,0x91,0x91,
	0x91,0x91,0x91,0x91,0x91,0x91,0x91,0x91,0x91,0x91,0x91,0x91,0x91,0x91,0x91,0x91,
	0x51,0x51,0x51,0x51,0x51,0x51,0x51,0x51,0x51,0x51,0x51,0x51,0x51,0x51,0x51,0x51,
	0x09,0x18,0x12,0x16,0xe5,0xea,0xee,0xed,0xec,0xec,0xec,0xec,0xec,0xec,0xec,0xec,
	0xec,0xec,0xec,0xec,0xec,0xec,0xec,0xec,0x14,0x12,0x17,0x16,0x10,0x10,0x10,0x10,
	0x10,0x10,0x10,0x10,0x10,0x10,0x10,0x10,0x0f,0x0e,0x13,0xeb,0xea,0xeb,0xeb,0xeb,
	0xeb,0xeb,0xeb,0xeb,0xeb,0xeb,0xeb,0xeb,0xeb,0xeb,0xeb,0xeb,0xeb,0xeb,0xeb,0xeb,
	0x10,0x10,0x10,0x10,0x10,0x10,0x10,0x10,0x10,0x10,0x10,0x10,0x10,0x10,0x10,0x10,
	0x10,0x10,0x0f,0x0f,0x0d,0x0e,0x13,0xed,0xeb,0xeb,0xeb,0xeb,0xeb,0xeb,0xeb,0xeb,
	0xeb,0xeb,0xeb,0xeb,0xeb,0xeb,0xeb,0xeb,0xaa,0xaa,0xaa,0xaa,0xaa,0xaa,0xaa,0xaa,
	0xaa,0xaa,0xaa,0xaa,0xaa,0xaa,0xaa,0xaa,0xaa,0xaa,0xaa,0xaa,0xaa,0xaa,0xaa,0xaa,
	0xaa,0xaa,0xaa,0xaa,0xaa,0xaa,0xaa,0xaa,0xaa,0xaa,0xaa,0xaa,0xaa,0xaa,0xaa,0xaa,
	0x6a,0x6a,0x6a,0x6a,0x6a,0x6a,0x6a,0x6a,0x6a,0x6a,0x6a,0x6a,0x6a,0x6a,0x6a,0x6a,
	0x6a,0x6a,0x6a,0x6a,0x6a,0x6a,0x6a,0x6a,0x6a,0x6a,0x6a,0x6a,0x6a,0x6a,0x6a,0x6a,
	0x6a,0x6a,0x6a,0x6a,0x6a,0x6a,0x6a,0x6a,0x29,0x29,0x29,0x29,0x29,0x29,0x29,0x29,
	0x29,0x29,0x29,0x29,0x29,0x29,0x29,0x29,0x29,0x29,0x29,0x29,0x29,0x29,0x29,0x29,
	0x29,0x29,0x29,0x29,0x29,0x29,0x29,0x29,0x29,0x29,0x29,0x29,0x29,0x29,0x29,0x29,
	0xd2,0xd2,0xd2,0xd2,0xd2,0xd2,0xd2,0xd2,0xd2,0xd2,0xd2,0xd2,0xd2,0xd2,0xd2,0xd2,
	0xd2,0xd2,0xd2,0xd2,0xd2,0xd2,0xd2,0xd2,0xd2,0xd2,0xd2,0xd2,0xd2,0xd2,0xd2,0xd2,
	0xd2,0xd2,0xd2,0xd2,0xd2,0xd2,0xd2,0xd2,0x91,0x91,0x91,0x91,0x91,0x91,0x91,0x91,
	0x91,0x91,0x91,0x91,0x91,0x91,0x91,0x91,0x91,0x91,0x91,0x91,0x91,0x91,0x91,0x91,
	0x91,0x91,0x91,0x91,0x91,0x91,0x91,0x91,0x91,0x91,0x91,0x91,0x91,0x91,0x91,0x91,
	0x51,0x51,0x51,0x51,0x51,0x51,0x51,0x51,0x51,0x51,0x51,0x51,0x51,0x51,0x51,0x51,
	0x19,0x12,0x11,0x0c,0xe5,0xee,0xe9,0xed,0xee,0xed,0xed,0xed,0xed,0xed,0xed,0xed,
	0xed,0xed,0xed,0xed,0xed,0xed,0xed,0xed,0x14,0x16,0x15,0x12,0x10,0x10,0x10,0x10,
	0x10,0x10,0x10,0x10,0x10,0x10,0x10,0x10,0x12,0x13,0xea,0xec,0xea,0xeb,0xeb,0xeb,
	0xeb,0xeb,0xeb,0xeb,0xeb,0xeb,0xeb,0xeb,0xeb,0xeb,0xeb,0xeb,0xeb,0xeb,0xeb,0xeb,
	0x10,0x10,0x10,0x10,0x10,0x10,0x10,0x10,0x10,0x10,0x10,0x10,0x10,0x10,0x10,0x10,
	0x10,0x10,0x0f,0x0f,0x13,0x13,0x12,0xef,0xeb,0xeb,0xeb,0xeb,0xeb,0xeb,0xeb,0xeb,
	0xeb,0xeb,0xeb,0xeb,0xeb,0xeb,0xeb,0xeb,0xaa,0xaa,0xaa,0xaa,0xaa,0xaa,0xaa,0xaa,
	0xaa,0xaa,0xaa,0xaa,0xaa,0xaa,0xaa,0xaa,0xaa,0xaa,0xaa,0xaa,0xaa,0xaa,0xaa,0xaa,
	0xaa,0xaa,0xaa,0xaa,0xaa,0xaa,0xaa,0xaa,0xaa,0xaa,0xaa,0xaa,0xaa,0xaa,0xaa,0xaa,
	0x6a,0x6a,0x6a,0x6a,0x6a,0x6a,0x6a,0x6a,0x6a,0x6a,0x6a,0x6a,0x6a,0x6a,0x6a,0x6a,
	0x6a,0x6a,0x6a,0x6a,0x6a,0x6a,0x6a,0x6a,0x6a,0x6a,0x6a,0x6a,0x6a,0x6a,0x6a,0x6a,
	0x6a,0x6a,0x6a,0x6a,0x6a,0x6a,0x6a,0x6a,0x29,0x29,0x29,0x29,0x29,0x29,0x29,0x29,
	0x29,0x29,0x29,0x29,0x29,0x29,0x29,0x29,0x29,0x29,0x29,0x29,0x29,0x29,0x29,0x29,
	0x29,0x29,0x29,0x29,0x29,0x29,0x29,0x29,0x29,0x29,0x29,0x29,0x29,0x29,0x29,0x29,
	0xd2,0xd2,0xd2,0xd2,0xd2,0xd2,0xd2,0xd2,0xd2,0xd2,0xd2,0xd2,0xd2,0xd2,0xd2,0xd2,
	0xd2,0xd2,0xd2,0xd2,0xd2,0xd2,0xd2,0xd2,0xd2,0xd2,0xd2,0xd2,0xd2,0xd2,0xd2,0xd2,
	0xd2,0xd2,0xd2,0xd2,0xd2,0xd2,0xd2,0xd2,0x91,0x91,0x91,0x91,0x91,0x91,0x91,0x91,
	0x91,0x91,0x91,0x91,0x91,0x91,0x91,0x91,0x91,0x91,0x91,0x91,0x91,0x91,0x91,0x91,
	0x91,0x91,0x91,0x91,0x91,0x91,0x91,0x91,0x91,0x91,0x91,0x91,0x91,0x91,0x91,0x91,
	0x51,0x51,0x51,0x51,0x51,0x51,0x51,0x51,0x51,0x51,0x51,0x51,0x51,0x51,0x50,0x4f,
	0x18,0x08,0x10,0x11,0xe5,0xeb,0xe7,0xec,0xee,0xed,0xed,0xed,0xed,0xed,0xed,0xed,
	0xed,0xed,0xed,0xed,0xed,0xed,0xed,0xed,0x16,0x15,0x12,0x10,0x10,0x10,0x10,0x10,
	0x10,0x10,0x10,0x10,0x10,0x10,0x10,0x10,0x0b,0x12,0xef,0xe6,0xeb,0xeb,0xeb,0xeb,
	0xeb,0xeb,0xeb,0xeb,0xeb,0xeb,0xeb,0xeb,0xeb,0xeb,0xeb,0xeb,0xeb,0xeb,0xeb,0xeb,
	0x10,0x10,0x10,0x10,0x10,0x10,0x10,0x10,0x10,0x10,0x10,0x10,0x10,0x10,0x10,0x10,
	0x10,0x10,0x0f,0x0f,0x10,0x0e,0x14,0xed,0xeb,0xeb,0xeb,0xeb,0xeb,0xeb,0xeb,0xeb,
	0xeb,0xeb,0xeb,0xeb,0xeb,0xeb,0xeb,0xeb,0xaa,0xaa,0xaa,0xaa,0xaa,0xaa,0xaa,0xaa,
	0xaa,0xaa,0xaa,0xaa,0xaa,0xaa,0xaa,0xaa,0xaa,0xaa,0xaa,0xaa,0xaa,0xaa,0xaa,0xaa,
	0xaa,0xaa,0xaa,0xaa,0xaa,0xaa,0xaa,0xaa,0xaa,0xaa,0xaa,0xaa,0xaa,0xaa,0xaa,0xaa,
	0x6a,0x6a,0x6a,0x6a,0x6a,0x6a,0x6a,0x6a,0x6a,0x6a,0x6a,0x6a,0x6a,0x6a,0x6a,0x6a,
	0x6a,0x6a,0x6a,0x6a,0x6a,0x6a,0x6a,0x6a,0x6a,0x6a,0x6a,0x6a,0x6a,0x6a,0x6a,0x6a,
	0x6a,0x6a,0x6a,0x6a,0x6a,0x6a,0x6a,0x6a,0x29,0x29,0x29,0x29,0x29,0x29,0x29,0x29,
	0x29,0x29,0x29,0x29,0x29,0x29,0x29,0x29,0x29,0x29,0x29,0x29,0x29,0x29,0x29,0x29,
	0x29,0x29,0x29,0x29,0x29,0x29,0x29,0x29,0x29,0x29,0x29,0x29,0x29,0x29,0x29,0x29,
	0xd2,0xd2,0xd2,0xd2,0xd2,0xd2,0xd2,0xd2,0xd2,0xd2,0xd2,0xd2,0xd2,0xd2,0xd2,0xd2,
	0xd2,0xd2,0xd2,0xd2,0xd2,0xd2,0xd2,0xd2,0xd2,0xd2,0xd2,0xd2,0xd2,0xd2,0xd2,0xd2,
	0xd2,0xd2,0xd2,0xd2,0xd2,0xd2,0xd2,0xd2,0x91,0x91,0x91,0x91,0x91,0x91,0x91,0x91,
	0x91,0x91,0x91,0x91,0x91,0x91,0x91,0x91,0x91,0x91,0x91,0x91,0x91,0x91,0x91,0x91,
	0x91,0x91,0x91,0x91,0x91,0x91,0x91,0x91,0x91,0x91,0x91,0x91,0x91,0x91,0x91,0x91,
	0x51,0x51,0x51,0x51,0x51,0x51,0x51,0x51,0x51,0x51,0x51,0x51,0x51,0x51,0x50,0x4f,
	0x4e,0x50,0x53,0x53,0x56,0x4c,0x58,0x52,0x50,0x50,0x51,0x51,0x51,0x51,0x51,0x51,
	0x51,0x51,0x51,0x51,0x51,0x51,0x51,0x51,0x15,0x12,0x10,0x10,0x10,0x10,0x10,0x10,
	0x10,0x10,0x10,0x10,0x10,0x10,0x10,0x10,0x0e,0x0d,0xee,0xf0,0xeb,0xeb,0xeb,0xeb,
	0xeb,0xeb,0xeb,0xeb,0xeb,0xeb,0xeb,0xeb,0xeb,0xeb,0xeb,0xeb,0xeb,0xeb,0xeb,0xeb,
	0x10,0x10,0x10,0x10,0x10,0x10,0x10,0x10,0x10,0x10,0x10,0x10,0x10,0x10,0x10,0x10,
	0x10,0x10,0x0f,0x0f,0x0c,0x0f,0x10,0xeb,0xeb,0xeb,0xeb,0xeb,0xeb,0xeb,0xeb,0xeb,
	0xeb,0xeb,0xeb,0xeb,0xeb,0xeb,0xeb,0xeb,0xaa,0xaa,0xaa,0xaa,0xaa,0xaa,0xaa,0xaa,
	0xaa,0xaa,0xaa,0xaa,0xaa,0xaa,0xaa,0xaa,0xaa,0xaa,0xaa,0xaa,0xaa,0xaa,0xaa,0xaa,
	0xaa,0xaa,0xaa,0xaa,0xaa,0xaa,0xaa,0xaa,0xaa,0xaa,0xaa,0xaa,0xaa,0xaa,0xaa,0xaa,
	0x6a,0x6a,0x6a,0x6a,0x6a,0x6a,0x6a,0x6a,0x6a,0x6a,0x6a,0x6a,0x6a,0x6a,0x6a,0x6a,
	0x6a,0x6a,0x6a,0x6a,0x6a,0x6a,0x6a,0x6a,0x6a,0x6a,0x6a,0x6a,0x6a,0x6a,0x6a,0x6a,
	0x6a,0x6a,0x6a,0x6a,0x6a,0x6a,0x6a,0x6a,0x29,0x29,0x29,0x29,0x29,0x29,0x29,0x29,
	0x29,0x29,0x29,0x29,0x29,0x29,0x29,0x29,0x29,0x29,0x29,0x29,0x29,0x29,0x29,0x29,
	0x29,0x29,0x29,0x29,0x29,0x29,0x29,0x29,0x29,0x29,0x29,0x29,0x29,0x29,0x29,0x29,
	0xd2,0xd2,0xd2,0xd2,0xd2,0xd2,0xd2,0xd2,0xd2,0xd2,0xd2,0xd2,0xd2,0xd2,0xd2,0xd2,
	0xd2,0xd2,0xd2,0xd2,0xd2,0xd2,0xd2,0xd2,0xd2,0xd2,0xd2,0xd2,0xd2,0xd2,0xd2,0xd2,
	0xd2,0xd2,0xd2,0xd2,0xd2,0xd2,0xd2,0xd2,0x91,0x91,0x91,0x91,0x91,0x91,0x91,0x91,
	0x91,0x91,0x91,0x91,0x91,0x91,0x91,0x91,0x91,0x91,0x91,0x91,0x91,0x91,0x91,0x91,
	0x91,0x91,0x91,0x91,0x91,0x91,0x91,0x91,0x91,0x91,0x91,0x91,0x91,0x91,0x91,0x91,
	0x51,0x51,0x51,0x51,0x51,0x51,0x51,0x51,0x51,0x51,0x51,0x51,0x51,0x51,0x52,0x53,
	0x51,0x4f,0x4d,0x52,0x53,0x56,0x56,0x53,0x51,0x51,0x52,0x52,0x52,0x52,0x52,0x52,
	0x52,0x52,0x52,0x52,0x52,0x52,0x52,0x52,0x12,0x10,0x10,0x10,0x10,0x10,0x10,0x10,
	0x10,0x10,0x10,0x10,0x10,0x10,0x10,0x10,0x14,0x13,0xec,0xe9,0xeb,0xeb,0xeb,0xeb,
	0xeb,0xeb,0xeb,0xeb,0xeb,0xeb,0xeb,0xeb,0xeb,0xeb,0xeb,0xeb,0xeb,0xeb,0xeb,0xeb,
	0x10,0x10,0x10,0x10,0x10,0x10,0x10,0x10,0x10,0x10,0x10,0x10,0x10,0x10,0x10,0x10,
	0x10,0x10,0x10,0x10,0x10,0x0c,0x11,0xe8,0xeb,0xeb,0xeb,0xeb,0xeb,0xeb,0xeb,0xeb,
	0xeb,0xeb,0xeb,0xeb,0xeb,0xeb,0xeb,0xeb,0xaa,0xaa,0xaa,0xaa,0xaa,0xaa,0xaa,0xaa,
	0xaa,0xaa,0xaa,0xaa,0xaa,0xaa,0xaa,0xaa,0xaa,0xaa,0xaa,0xaa,0xaa,0xaa,0xaa,0xaa,
	0xaa,0xaa,0xaa,0xaa,0xaa,0xaa,0xaa,0xaa,0xaa,0xaa,0xaa,0xaa,0xaa,0xaa,0xaa,0xaa,
	0x6a,0x6a,0x6a,0x6a,0x6a,0x6a,0x6a,0x6a,0x6a,0x6a,0x6a,0x6a,0x6a,0x6a,0x6a,0x6a,
	0x6a,0x6a,0x6a,0x6a,0x6a,0x6a,0x6a,0x6a,0x6a,0x6a,0x6a,0x6a,0x6a,0x6a,0x6a,0x6a,
	0x6a,0x6a,0x6a,0x6a,0x6a,0x6a,0x6a,0x6a,0x29,0x29,0x29,0x29,0x29,0x29,0x29,0x29,
	0x29,0x29,0x29,0x29,0x29,0x29,0x29,0x29,0x29,0x29,0x29,0x29,0x29,0x29,0x29,0x29,
	0x29,0x29,0x29,0x29,0x29,0x29,0x29,0x29,0x29,0x29,0x29,0x29,0x29,0x29,0x29,0x29,
	0xd2,0xd2,0xd2,0xd2,0xd2,0xd2,0xd2,0xd2,0xd2,0xd2,0xd2,0xd2,0xd2,0xd2,0xd2,0xd2,
	0xd2,0xd2,0xd2,0xd2,0xd2,0xd2,0xd2,0xd2,0xd2,0xd2,0xd2,0xd2,0xd2,0xd2,0xd2,0xd2,
	0xd2,0xd2,0xd2,0xd2,0xd2,0xd2,0xd2,0xd2,0x91,0x91,0x91,0x91,0x91,0x91,0x91,0x91,
	0x91,0x91,0x91,0x91,0x91,0x91,0x91,0x91,0x91,0x91,0x91,0x91,0x91,0x91,0x91,0x91,
	0x91,0x91,0x91,0x91,0x91,0x91,0x91,0x91,0x91,0x91,0x91,0x91,0x91,0x91,0x91,0x91,
	0x51,0x51,0x51,0x51,0x51,0x51,0x51,0x51,0x51,0x51,0x51,0x51,0x51,0x51,0x51,0x52,
	0x51,0x50,0x50,0x51,0x52,0x53,0x53,0x52,0x52,0x52,0x52,0x52,0x52,0x52,0x52,0x52,
	0x52,0x52,0x52,0x52,0x52,0x52,0x52,0x52,0x10,0x10,0x10,0x10,0x10,0x10,0x10,0x10,
	0x10,0x10,0x10,0x10,0x10,0x10,0x10,0x10,0x0f,0x12,0xeb,0xe5,0xeb,0xeb,0xeb,0xeb,
	0xeb,0xeb,0xeb,0xeb,0xeb,0xeb,0xeb,0xeb,0xeb,0xeb,0xeb,0xeb,0xeb,0xeb,0xeb,0xeb,
	0x10,0x10,0x10,0x10,0x10,0x10,0x10,0x10,0x10,0x10,0x10,0x10,0x10,0x10,0x10,0x10,
	0x10,0x10,0x10,0x10,0x0e,0x18,0x11,0x12,0xeb,0xeb,0xeb,0xeb,0xeb,0xeb,0xeb,0xeb,
	0xeb,0xeb,0xeb,0xeb,0xeb,0xeb,0xeb,0xeb,0xaa,0xaa,0xaa,0xaa,0xaa,0xaa,0xaa,0xaa,
	0xaa,0xaa,0xaa,0xaa,0xaa,0xaa,0xaa,0xaa,0xaa,0xaa,0xaa,0xaa,0xaa,0xaa,0xaa,0xaa,
	0xaa,0xaa,0xaa,0xaa,0xaa,0xaa,0xaa,0xaa,0xaa,0xaa,0xaa,0xaa,0xaa,0xaa,0xaa,0xaa,
	0x6a,0x6a,0x6a,0x6a,0x6a,0x6a,0x6a,0x6a,0x6a,0x6a,0x6a,0x6a,0x6a,0x6a,0x6a,0x6a,
	0x6a,0x6a,0x6a,0x6a,0x6a,0x6a,0x6a,0x6a,0x6a,0x6a,0x6a,0x6a,0x6a,0x6a,0x6a,0x6a,
	0x6a,0x6a,0x6a,0x6a,0x6a,0x6a,0x6a,0x6a,0x29,0x29,0x29,0x29,0x29,0x29,0x29,0x29,
	0x29,0x29,0x29,0x29,0x29,0x29,0x29,0x29,0x29,0x29,0x29,0x29,0x29,0x29,0x29,0x29,
	0x29,0x29,0x29,0x29,0x29,0x29,0x29,0x29,0x29,0x29,0x29,0x29,0x29,0x29,0x29,0x29,
	0xd2,0xd2,0xd2,0xd2,0xd2,0xd2,0xd2,0xd2,0xd2,0xd2,0xd2,0xd2,0xd2,0xd2,0xd2,0xd2,
	0xd2,0xd2,0xd2,0xd2,0xd2,0xd2,0xd2,0xd2,0xd2,0xd2,0xd2,0xd2,0xd2,0xd2,0xd2,0xd2,
	0xd2,0xd2,0xd2,0xd2,0xd2,0xd2,0xd2,0xd2,0x91,0x91,0x91,0x91,0x91,0x91,0x91,0x91,
	0x91,0x91,0x91,0x91,0x91,0x91,0x91,0x91,0x91,0x91,0x91,0x91,0x91,0x91,0x91,0x91,
	0x91,0x91,0x91,0x91,0x91,0x91,0x91,0x91,0x91,0x91,0x91,0x91,0x91,0x91,0x91,0x91,
	0x51,0x51,0x51,0x51,0x51,0x51,0x51,0x51,0x51,0x51,0x51,0x51,0x51,0x51,0x51,0x51,
	0x51,0x51,0x51,0x51,0x52,0x52,0x53,0x52,0x52,0x52,0x52,0x52,0x52,0x52,0x52,0x52,
	0x52,0x52,0x52,0x52,0x52,0x52,0x52,0x52,0x10,0x10,0x10,0x10,0x10,0x10,0x10,0x10,
	0x10,0x10,0x10,0x10,0x10,0x10,0x10,0x10,0x0b,0xef,0xea,0xe8,0xeb,0xeb,0xeb,0xeb,
	0xeb,0xeb,0xeb,0xeb,0xeb,0xeb,0xeb,0xeb,0xeb,0xeb,0xeb,0xeb,0xeb,0xeb,0xeb,0xeb,
	0x10,0x10,0x10,0x10,0x10,0x10,0x10,0x10,0x10,0x10,0x10,0x10,0x10,0x10,0x10,0x10,
	0x10,0x10,0x10,0x10,0x10,0x0f,0x11,0x14,0xeb,0xeb,0xeb,0xeb,0xeb,0xeb,0xeb,0xeb,
	0xeb,0xeb,0xeb,0xeb,0xeb,0xeb,0xeb,0xeb,0xaa,0xaa,0xaa,0xaa,0xaa,0xaa,0xaa,0xaa,
	0xaa,0xaa,0xaa,0xaa,0xaa,0xaa,0xaa,0xaa,0xaa,0xaa,0xaa,0xaa,0xaa,0xaa,0xaa,0xaa,
	0xaa,0xaa,0xaa,0xaa,0xaa,0xaa,0xaa,0xaa,0xaa,0xaa,0xaa,0xaa,0xaa,0xaa,0xaa,0xaa,
	0x6a,0x6a,0x6a,0x6a,0x6a,0x6a,0x6a,0x6a,0x6a,0x6a,0x6a,0x6a,0x6a,0x6a,0x6a,0x6a,
	0x6a,0x6a,0x6a,0x6a,0x6a,0x6a,0x6a,0x6a,0x6a,0x6a,0x6a,0x6a,0x6a,0x6a,0x6a,0x6a,
	0x6a,0x6a,0x6a,0x6a,0x6a,0x6a,0x6a,0x6a,0x29,0x29,0x29,0x29,0x29,0x29,0x29,0x29,
	0x29,0x29,0x29,0x29,0x29,0x29,0x29,0x29,0x29,0x29,0x29,0x29,0x29,0x29,0x29,0x29,
	0x29,0x29,0x29,0x29,0x29,0x29,0x29,0x29,0x29,0x29,0x29,0x29,0x29,0x29,0x29,0x29,
	0xd2,0xd2,0xd2,0xd2,0xd2,0xd2,0xd2,0xd2,0xd2,0xd2,0xd2,0xd2,0xd2,0xd2,0xd2,0xd2,
	0xd2,0xd2,0xd2,0xd2,0xd2,0xd2,0xd2,0xd2,0xd2,0xd2,0xd2,0xd2,0xd2,0xd2,0xd2,0xd2,
	0xd2,0xd2,0xd2,0xd2,0xd2,0xd2,0xd2,0xd2,0x91,0x91,0x91,0x91,0x91,0x91,0x91,0x91,
	0x91,0x91,0x91,0x91,0x91,0x91,0x91,0x91,0x91,0x91,0x91,0x91,0x91,0x91,0x91,0x91,
	0x91,0x91,0x91,0x91,0x91,0x91,0x91,0x91,0x91,0x91,0x91,0x91,0x91,0x91,0x91,0x91,
	0x51,0x51,0x51,0x51,0x51,0x51,0x51,0x51,0x51,0x51,0x51,0x51,0x51,0x51,0x51,0x51,
	0x51,0x51,0x51,0x51,0x51,0x52,0x52,0x52,0x52,0x52,0x52,0x52,0x52,0x52,0x52,0x52,
	0x52,0x52,0x52,0x52,0x52,0x52,0x52,0x52,0x10,0x10,0x10,0x10,0x10,0x10,0x10,0x10,
	0x10,0x10,0x10,0x10,0x10,0x10,0x10,0x10,0x0b,0xe7,0xe9,0xec,0xeb,0xeb,0xeb,0xeb,
	0xeb,0xeb,0xeb,0xeb,0xeb,0xeb,0xeb,0xeb,0xeb,0xeb,0xeb,0xeb,0xeb,0xeb,0xeb,0xeb,
	0x10,0x10,0x10,0x10,0x10,0x10,0x10,0x10,0x10,0x10,0x10,0x10,0x10,0x10,0x10,0x10,
	0x10,0x10,0x10,0x10,0x10,0x0c,0x11,0x12,0xeb,0xeb,0xeb,0xeb,0xea,0xeb,0xeb,0xeb,
	0xeb,0xeb,0xeb,0xeb,0xeb,0xeb,0xeb,0xeb,0xaa,0xaa,0xaa,0xaa,0xaa,0xaa,0xaa,0xaa,
	0xaa,0xaa,0xaa,0xaa,0xaa,0xaa,0xaa,0xaa,0xaa,0xaa,0xaa,0xaa,0xaa,0xaa,0xaa,0xaa,
	0xaa,0xaa,0xaa,0xaa,0xaa,0xaa,0xaa,0xaa,0xaa,0xaa,0xaa,0xaa,0xaa,0xaa,0xaa,0xaa,
	0x6a,0x6a,0x6a,0x6a,0x6a,0x6a,0x6a,0x6a,0x6a,0x6a,0x6a,0x6a,0x6a,0x6a,0x6a,0x6a,
	0x6a,0x6a,0x6a,0x6a,0x6a,0x6a,0x6a,0x6a,0x6a,0x6a,0x6a,0x6a,0x6a,0x6a,0x6a,0x6a,
	0x6a,0x6a,0x6a,0x6a,0x6a,0x6a,0x6a,0x6a,0x29,0x29,0x29,0x29,0x29,0x29,0x29,0x29,
	0x29,0x29,0x29,0x29,0x29,0x29,0x29,0x29,0x29,0x29,0x29,0x29,0x29,0x29,0x29,0x29,
	0x29,0x29,0x29,0x29,0x29,0x29,0x29,0x29,0x29,0x29,0x29,0x29,0x29,0x29,0x29,0x29,
	0xd2,0xd2,0xd2,0xd2,0xd2,0xd2,0xd2,0xd2,0xd2,0xd2,0xd2,0xd2,0xd2,0xd2,0xd2,0xd2,
	0xd2,0xd2,0xd2,0xd2,0xd2,0xd2,0xd2,0xd2,0xd2,0xd2,0xd2,0xd2,0xd2,0xd2,0xd2,0xd2,
	0xd2,0xd2,0xd2,0xd2,0xd2,0xd2,0xd2,0xd2,0x91,0x91,0x91,0x91,0x91,0x91,0x91,0x91,
	0x91,0x91,0x91,0x91,0x91,0x91,0x91,0x91,0x91,0x91,0x91,0x91,0x91,0x91,0x91,0x91,
	0x91,0x91,0x91,0x91,0x91,0x91,0x91,0x91,0x91,0x91,0x91,0x91,0x91,0x91,0x91,0x91,
	0x51,0x51,0x51,0x51,0x51,0x51,0x51,0x51,0x51,0x51,0x51,0x51,0x51,0x51,0x51,0x51,
	0x51,0x51,0x51,0x51,0x51,0x52,0x52,0x52,0x52,0x52,0x52,0x52,0x52,0x52,0x52,0x52,
	0x52,0x52,0x52,0x52,0x52,0x52,0x52,0x52,0x10,0x10,0x10,0x10,0x10,0x10,0x10,0x10,
	0x10,0x10,0x10,0x10,0x10,0x10,0x10,0x10,0x10,0xe9,0xe9,0xe9,0xeb,0xeb,0xeb,0xeb,
	0xeb,0xeb,0xeb,0xeb,0xeb,0xeb,0xeb,0xeb,0xeb,0xeb,0xeb,0xeb,0xeb,0xeb,0xeb,0xeb,
	0x10,0x10,0x10,0x10,0x10,0x10,0x10,0x10,0x10,0x10,0x10,0x10,0x10,0x10,0x10,0x10,
	0x10,0x10,0x10,0x10,0x11,0x0e,0x10,0x11,0xe9,0xea,0xef,0xe6,0xeb,0xeb,0xeb,0xeb,
	0xeb,0xeb,0xeb,0xeb,0xeb,0xeb,0xeb,0xeb,0xaa,0xaa,0xaa,0xaa,0xaa,0xaa,0xaa,0xaa,
	0xaa,0xaa,0xaa,0xaa,0xaa,0xaa,0xaa,0xaa,0xaa,0xaa,0xaa,0xaa,0xaa,0xaa,0xaa,0xaa,
	0xaa,0xaa,0xaa,0xaa,0xaa,0xaa,0xaa,0xaa,0xaa,0xaa,0xaa,0xaa,0xaa,0xaa,0xaa,0xaa,
	0x6a,0x6a,0x6a,0x6a,0x6a,0x6a,0x6a,0x6a,0x6a,0x6a,0x6a,0x6a,0x6a,0x6a,0x6a,0x6a,
	0x6a,0x6a,0x6a,0x6a,0x6a,0x6a,0x6a,0x6a,0x6a,0x6a,0x6a,0x6a,0x6a,0x6a,0x6a,0x6a,
	0x6a,0x6a,0x6a,0x6a,0x6a,0x6a,0x6a,0x6a,0x29,0x29,0x29,0x29,0x29,0x29,0x29,0x29,
	0x29,0x29,0x29,0x29,0x29,0x29,0x29,0x29,0x29,0x29,0x29,0x29,0x29,0x29,0x29,0x29,
	0x29,0x29,0x29,0x29,0x29,0x29,0x29,0x29,0x29,0x29,0x29,0x29,0x29,0x29,0x29,0x29,
	0xd2,0xd2,0xd2,0xd2,0xd2,0xd2,0xd2,0xd2,0xd2,0xd2,0xd2,0xd2,0xd2,0xd2,0xd2,0xd2,
	0xd2,0xd2,0xd2,0xd2,0xd2,0xd2,0xd2,0xd2,0xd2,0xd2,0xd2,0xd2,0xd2,0xd2,0xd2,0xd2,
	0xd2,0xd2,0xd2,0xd2,0xd2,0xd2,0xd2,0xd2,0x91,0x91,0x91,0x91,0x91,0x91,0x91,0x91,
	0x91,0x91,0x91,0x91,0x91,0x91,0x91,0x91,0x91,0x91,0x91,0x91,0x91,0x91,0x91,0x91,
	0x91,0x91,0x91,0x91,0x91,0x91,0x91,0x91,0x91,0x91,0x91,0x91,0x91,0x91,0x91,0x91,
	0x51,0x51,0x51,0x51,0x51,0x51,0x51,0x51,0x51,0x51,0x51,0x51,0x51,0x51,0x51,0x51,
	0x51,0x51,0x51,0x51,0x51,0x51,0x51,0x51,0x51,0x51,0x51,0x51,0x51,0x51,0x51,0x51,
	0x51,0x51,0x51,0x51,0x51,0x51,0x51,0x51,0x10,0x10,0x10,0x10,0x10,0x10,0x10,0x10,
	0x10,0x10,0x10,0x10,0x10,0x10,0x10,0x10,0x15,0xea,0xf1,0xf0,0xeb,0xeb,0xeb,0xeb,
	0xeb,0xeb,0xeb,0xeb,0xeb,0xeb,0xeb,0xeb,0xeb,0xeb,0xeb,0xeb,0xeb,0xeb,0xeb,0xeb,
	0x10,0x10,0x10,0x10,0x10,0x10,0x10,0x10,0x10,0x10,0x10,0x10,0x10,0x10,0x10,0x10,
	0x10,0x10,0x10,0x10,0x10,0x10,0x10,0x10,0xe9,0xeb,0xed,0xe9,0xeb,0xeb,0xeb,0xeb,
	0xeb,0xeb,0xeb,0xeb,0xeb,0xeb,0xeb,0xeb,0xaa,0xaa,0xaa,0xaa,0xaa,0xaa,0xaa,0xaa,
	0xaa,0xaa,0xaa,0xaa,0xaa,0xaa,0xaa,0xaa,0xaa,0xaa,0xaa,0xaa,0xaa,0xaa,0xaa,0xaa,
	0xaa,0xaa,0xaa,0xaa,0xaa,0xaa,0xaa,0xaa,0xaa,0xaa,0xaa,0xaa,0xaa,0xaa,0xaa,0xaa,
	0x6a,0x6a,0x6a,0x6a,0x6a,0x6a,0x6a,0x6a,0x6a,0x6a,0x6a,0x6a,0x6a,0x6a,0x6a,0x6a,
	0x6a,0x6a,0x6a,0x6a,0x6a,0x6a,0x6a,0x6a,0x6a,0x6a,0x6a,0x6a,0x6a,0x6a,0x6a,0x6a,
	0x6a,0x6a,0x6a,0x6a,0x6a,0x6a,0x6a,0x6a,0x29,0x29,0x29,0x29,0x29,0x29,0x29,0x29,
	0x29,0x29,0x29,0x29,0x29,0x29,0x29,0x29,0x29,0x29,0x29,0x29,0x29,0x29,0x29,0x29,
	0x29,0x29,0x29,0x29,0x29,0x29,0x29,0x29,0x29,0x29,0x29,0x29,0x29,0x29,0x29,0x29,
	0xd2,0xd2,0xd2,0xd2,0xd2,0xd2,0xd2,0xd2,0xd2,0xd2,0xd2,0xd2,0xd2,0xd2,0xd2,0xd2,
	0xd2,0xd2,0xd2,0xd2,0xd2,0xd2,0xd2,0xd2,0xd2,0xd2,0xd2,0xd2,0xd2,0xd2,0xd2,0xd2,
	0xd2,0xd2,0xd2,0xd2,0xd2,0xd2,0xd2,0xd2,0x91,0x91,0x91,0x91,0x91,0x91,0x91,0x91,
	0x91,0x91,0x91,0x91,0x91,0x91,0x91,0x91,0x91,0x91,0x91,0x91,0x91,0x91,0x91,0x91,
	0x91,0x91,0x91,0x91,0x91,0x91,0x91,0x91,0x91,0x91,0x91,0x91,0x91,0x91,0x91,0x91,
	0x51,0x51,0x51,0x51,0x51,0x51,0x51,0x51,0x51,0x51,0x51,0x51,0x51,0x51,0x51,0x51,
	0x51,0x51,0x51,0x51,0x51,0x51,0x51,0x51,0x51,0x51,0x51,0x51,0x51,0x51,0x51,0x51,
	0x51,0x51,0x51,0x51,0x51,0x51,0x51,0x51,0x10,0x10,0x10,0x10,0x10,0x10,0x10,0x10,
	0x10,0x10,0x10,0x10,0x10,0x10,0x10,0x10,0x14,0xec,0xee,0xe7,0xeb,0xeb,0xeb,0xeb,
	0xeb,0xeb,0xeb,0xeb,0xeb,0xeb,0xeb,0xeb,0xeb,0xeb,0xeb,0xeb,0xeb,0xeb,0xeb,0xeb,
	0x10,0x10,0x10,0x10,0x10,0x10,0x10,0x10,0x10,0x10,0x10,0x10,0x10,0x10,0x10,0x10,
	0x10,0x10,0x10,0x10,0x10,0x10,0x10,0x10,0x10,0xef,0xf0,0xec,0xeb,0xeb,0xeb,0xeb,
	0xeb,0xeb,0xeb,0xeb,0xeb,0xeb,0xeb,0xeb,0xaa,0xaa,0xaa,0xaa,0xaa,0xaa,0xaa,0xaa,
	0xaa,0xaa,0xaa,0xaa,0xaa,0xaa,0xaa,0xaa,0xaa,0xaa,0xaa,0xaa,0xaa,0xaa,0xaa,0xaa,
	0xaa,0xaa,0xaa,0xaa,0xaa,0xaa,0xaa,0xaa,0xaa,0xaa,0xaa,0xaa,0xaa,0xaa,0xaa,0xaa,
	0x6a,0x6a,0x6a,0x6a,0x6a,0x6a,0x6a,0x6a,0x6a,0x6a,0x6a,0x6a,0x6a,0x6a,0x6a,0x6a,
	0x6a,0x6a,0x6a,0x6a,0x6a,0x6a,0x6a,0x6a,0x6a,0x6a,0x6a,0x6a,0x6a,0x6a,0x6a,0x6a,
	0x6a,0x6a,0x6a,0x6a,0x6a,0x6a,0x6a,0x6a,0x29,0x29,0x29,0x29,0x29,0x29,0x29,0x29,
	0x29,0x29,0x29,0x29,0x29,0x29,0x29,0x29,0x29,0x29,0x29,0x29,0x29,0x29,0x29,0x29,
	0x29,0x29,0x29,0x29,0x29,0x29,0x29,0x29,0x29,0x29,0x29,0x29,0x29,0x29,0x29,0x29,
	0xd2,0xd2,0xd2,0xd2,0xd2,0xd2,0xd2,0xd2,0xd2,0xd2,0xd2,0xd2,0xd2,0xd2,0xd2,0xd2,
	0xd2,0xd2,0xd2,0xd2,0xd2,0xd2,0xd2,0xd2,0xd2,0xd2,0xd2,0xd2,0xd2,0xd2,0xd2,0xd2,
	0xd2,0xd2,0xd2,0xd2,0xd2,0xd2,0xd2,0xd2,0x91,0x91,0x91,0x91,0x91,0x91,0x91,0x91,
	0x91,0x91,0x91,0x91,0x91,0x91,0x91,0x91,0x91,0x91,0x91,0x91,0x91,0x91,0x91,0x91,
	0x91,0x91,0x91,0x91,0x91,0x91,0x91,0x91,0x91,0x91,0x91,0x91,0x91,0x91,0x91,0x91,
	0x51,0x51,0x51,0x51,0x51,0x51,0x51,0x51,0x51,0x51,0x51,0x51,0x51,0x51,0x51,0x51,
	0x51,0x51,0x51,0x51,0x51,0x51,0x51,0x51,0x51,0x51,0x51,0x51,0x51,0x51,0x51,0x51,
	0x51,0x51,0x51,0x51,0x51,0x51,0x51,0x51,0x10,0x10,0x10,0x10,0x10,0x10,0x10,0x10,
	0x10,0x10,0x10,0x10,0x10,0x10,0x10,0x10,0xeb,0xef,0xe9,0xed,0xeb,0xeb,0xeb,0xeb,
	0xeb,0xeb,0xeb,0xeb,0xeb,0xeb,0xeb,0xeb,0xeb,0xeb,0xeb,0xeb,0xeb,0xeb,0xeb,0xeb,
	0x10,0x10,0x10,0x10,0x10,0x10,0x10,0x10,0x10,0x10,0x10,0x10,0x10,0x10,0x10,0x10,
	0x10,0x10,0x10,0x10,0x10,0x10,0x10,0x10,0x11,0xeb,0xe8,0xed,0xec,0xeb,0xeb,0xeb,
	0xeb,0xeb,0xeb,0xeb,0xeb,0xeb,0xeb,0xeb,0xaa,0xaa,0xaa,0xaa,0xaa,0xaa,0xaa,0xaa,
	0xaa,0xaa,0xaa,0xaa,0xaa,0xaa,0xaa,0xaa,0xaa,0xaa,0xaa,0xaa,0xaa,0xaa,0xaa,0xaa,
	0xaa,0xaa,0xaa,0xaa,0xaa,0xaa,0xaa,0xaa,0xaa,0xaa,0xaa,0xaa,0xaa,0xaa,0xaa,0xaa,
	0x6a,0x6a,0x6a,0x6a,0x6a,0x6a,0x6a,0x6a,0x6a,0x6a,0x6a,0x6a,0x6a,0x6a,0x6a,0x6a,
	0x6a,0x6a,0x6a,0x6a,0x6a,0x6a,0x6a,0x6a,0x6a,0x6a,0x6a,0x6a,0x6a,0x6a,0x6a,0x6a,
	0x6a,0x6a,0x6a,0x6a,0x6a,0x6a,0x6a,0x6a,0x29,0x29,0x29,0x29,0x29,0x29,0x29,0x29,
	0x29,0x29,0x29,0x29,0x29,0x29,0x29,0x29,0x29,0x29,0x29,0x29,0x29,0x29,0x29,0x29,
	0x29,0x29,0x29,0x29,0x29,0x29,0x29,0x29,0x29,0x29,0x29,0x29,0x29,0x29,0x29,0x29,
	0xd2,0xd2,0xd2,0xd2,0xd2,0xd2,0xd2,0xd2,0xd2,0xd2,0xd2,0xd2,0xd2,0xd2,0xd2,0xd2,
	0xd2,0xd2,0xd2,0xd2,0xd2,0xd2,0xd2,0xd2,0xd2,0xd2,0xd2,0xd2,0xd2,0xd2,0xd2,0xd2,
	0xd2,0xd2,0xd2,0xd2,0xd2,0xd2,0xd2,0xd2,0x91,0x91,0x91,0x91,0x91,0x91,0x91,0x91,
	0x91,0x91,0x91,0x91,0x91,0x91,0x91,0x91,0x91,0x91,0x91,0x91,0x91,0x91,0x91,0x91,
	0x91,0x91,0x91,0x91,0x91,0x91,0x91,0x91,0x91,0x91,0x91,0x91,0x91,0x91,0x91,0x91,
	0x51,0x51,0x51,0x51,0x51,0x51,0x51,0x51,0x51,0x51,0x51,0x51,0x51,0x51,0x51,0x51,
	0x51,0x51,0x51,0x51,0x51,0x51,0x51,0x51,0x51,0x51,0x51,0x51,0x51,0x51,0x51,0x51,
	0x51,0x51,0x51,0x51,0x51,0x51,0x51,0x51,0x10,0x10,0x10,0x10,0x10,0x10,0x10,0x10,
	0x10,0x10,0x10,0x10,0x10,0x10,0x10,0x10,0xed,0xef,0xec,0xee,0xeb,0xeb,0xeb,0xeb,
	0xeb,0xeb,0xeb,0xeb,0xeb,0xeb,0xeb,0xeb,0xeb,0xeb,0xeb,0xeb,0xeb,0xeb,0xeb,0xeb,
	0x10,0x10,0x10,0x10,0x10,0x10,0x10,0x10,0x10,0x10,0x10,0x10,0x10,0x10,0x10,0x10,
	0x10,0x10,0x10,0x10,0x10,0x10,0x10,0x10,0x11,0xea,0xed,0xeb,0xec,0xeb,0xeb,0xeb,
	0xeb,0xeb,0xeb,0xeb,0xeb,0xeb,0xeb,0xeb,0xaa,0xaa,0xaa,0xaa,0xaa,0xaa,0xaa,0xaa,
	0xaa,0xaa,0xaa,0xaa,0xaa,0xaa,0xaa,0xaa,0xaa,0xaa,0xaa,0xaa,0xaa,0xaa,0xaa,0xaa,
	0xaa,0xaa,0xaa,0xaa,0xaa,0xaa,0xaa,0xaa,0xaa,0xaa,0xaa,0xaa,0xaa,0xaa,0xaa,0xaa,
	0x6a,0x6a,0x6a,0x6a,0x6a,0x6a,0x6a,0x6a,0x6a,0x6a,0x6a,0x6a,0x6a,0x6a,0x6a,0x6a,
	0x6a,0x6a,0x6a,0x6a,0x6a,0x6a,0x6a,0x6a,0x6a,0x6a,0x6a,0x6a,0x6a,0x6a,0x6a,0x6a,
	0x6a,0x6a,0x6a,0x6a,0x6a,0x6a,0x6a,0x6a,0x29,0x29,0x29,0x29,0x29,0x29,0x29,0x29,
	0x29,0x29,0x29,0x29,0x29,0x29,0x29,0x29,0x29,0x29,0x29,0x29,0x29,0x29,0x29,0x29,
	0x29,0x29,0x29,0x29,0x29,0x29,0x29,0x29,0x29,0x29,0x29,0x29,0x29,0x29,0x29,0x29,
	0xd2,0xd2,0xd2,0xd2,0xd2,0xd2,0xd2,0xd2,0xd2,0xd2,0xd2,0xd2,0xd2,0xd2,0xd2,0xd2,
	0xd2,0xd2,0xd2,0xd2,0xd2,0xd2,0xd2,0xd2,0xd2,0xd2,0xd2,0xd2,0xd2,0xd2,0xd2,0xd2,
	0xd2,0xd2,0xd2,0xd2,0xd2,0xd2,0xd2,0xd2,0x91,0x91,0x91,0x91,0x91,0x91,0x91,0x91,
	0x91,0x91,0x91,0x91,0x91,0x91,0x91,0x91,0x91,0x91,0x91,0x91,0x91,0x91,0x91,0x91,
	0x91,0x91,0x91,0x91,0x91,0x91,0x91,0x91,0x91,0x91,0x91,0x91,0x91,0x91,0x91,0x91,
	0x51,0x51,0x51,0x51,0x51,0x51,0x51,0x51,0x51,0x51,0x51,0x51,0x51,0x51,0x51,0x51,
	0x51,0x51,0x51,0x51,0x51,0x51,0x51,0x51,0x51,0x51,0x51,0x51,0x51,0x51,0x51,0x51,
	0x51,0x51,0x51,0x51,0x51,0x51,0x51,0x51,0x10,0x10,0x10,0x10,0x10,0x10,0x10,0x10,
	0x10,0x10,0x10,0x10,0x13,0x10,0x11,0x12,0xef,0xec,0xee,0xeb,0xeb,0xeb,0xeb,0xeb,
	0xeb,0xeb,0xeb,0xeb,0xeb,0xeb,0xeb,0xeb,0xeb,0xeb,0xeb,0xeb,0xeb,0xeb,0xeb,0xeb,
	0x10,0x10,0x10,0x10,0x10,0x10,0x10,0x10,0x10,0x10,0x10,0x10,0x10,0x10,0x10,0x10,
	0x10,0x10,0x10,0x10,0x10,0x10,0x10,0x10,0x0c,0xe7,0xea,0xe9,0xec,0xeb,0xeb,0xeb,
	0xeb,0xeb,0xeb,0xeb,0xeb,0xeb,0xeb,0xeb,0xaa,0xaa,0xaa,0xaa,0xaa,0xaa,0xaa,0xaa,
	0xaa,0xaa,0xaa,0xaa,0xaa,0xaa,0xaa,0xaa,0xaa,0xaa,0xaa,0xaa,0xaa,0xaa,0xaa,0xaa,
	0xaa,0xaa,0xaa,0xaa,0xaa,0xaa,0xaa,0xaa,0xaa,0xaa,0xaa,0xaa,0xaa,0xaa,0xaa,0xaa,
	0x6a,0x6a,0x6a,0x6a,0x6a,0x6a,0x6a,0x6a,0x6a,0x6a,0x6a,0x6a,0x6a,0x6a,0x6a,0x6a,
	0x6a,0x6a,0x6a,0x6a,0x6a,0x6a,0x6a,0x6a,0x6a,0x6a,0x6a,0x6a,0x6a,0x6a,0x6a,0x6a,
	0x6a,0x6a,0x6a,0x6a,0x6a,0x6a,0x6a,0x6a,0x29,0x29,0x29,0x29,0x29,0x29,0x29,0x29,
	0x29,0x29,0x29,0x29,0x29,0x29,0x29,0x29,0x29,0x29,0x29,0x29,0x29,0x29,0x29,0x29,
	0x29,0x29,0x29,0x29,0x29,0x29,0x29,0x29,0x29,0x29,0x29,0x29,0x29,0x29,0x29,0x29,
	0xd2,0xd2,0xd2,0xd2,0xd2,0xd2,0xd2,0xd2,0xd2,0xd2,0xd2,0xd2,0xd2,0xd2,0xd2,0xd2,
	0xd2,0xd2,0xd2,0xd2,0xd2,0xd2,0xd2,0xd2,0xd2,0xd2,0xd2,0xd2,0xd2,0xd2,0xd2,0xd2,
	0xd2,0xd2,0xd2,0xd2,0xd2,0xd2,0xd2,0xd2,0x91,0x91,0x91,0x91,0x91,0x91,0x91,0x91,
	0x91,0x91,0x91,0x91,0x91,0x91,0x91,0x91,0x91,0x91,0x91,0x91,0x91,0x91,0x91,0x91,
	0x91,0x91,0x91,0x91,0x91,0x91,0x91,0x91,0x91,0x91,0x91,0x91,0x91,0x91,0x91,0x91,
	0x51,0x51,0x51,0x51,0x51,0x51,0x51,0x51,0x51,0x51,0x51,0x51,0x51,0x51,0x51,0x51,
	0x51,0x51,0x51,0x51,0x51,0x51,0x51,0x51,0x51,0x51,0x51,0x51,0x51,0x51,0x51,0x51,
	0x51,0x51,0x51,0x51,0x51,0x51,0x51,0x51,0x10,0x10,0x10,0x10,0x10,0x10,0x10,0x10,
	0x10,0x10,0x10,0x10,0x0f,0x0c,0x12,0x15,0xec,0xee,0xeb,0xeb,0xeb,0xeb,0xeb,0xeb,
	0xeb,0xeb,0xeb,0xeb,0xeb,0xeb,0xeb,0xeb,0xeb,0xeb,0xeb,0xeb,0xeb,0xeb,0xeb,0xeb,
	0x10,0x10,0x10,0x10,0x10,0x10,0x10,0x10,0x10,0x10,0x10,0x10,0x10,0x10,0x10,0x10,
	0x10,0x10,0x10,0x10,0x10,0x10,0x10,0x10,0x15,0x14,0xe9,0xed,0xec,0xeb,0xeb,0xeb,
	0xeb,0xeb,0xeb,0xeb,0xeb,0xeb,0xeb,0xeb,0xaa,0xaa,0xaa,0xaa,0xaa,0xaa,0xaa,0xaa,
	0xaa,0xaa,0xaa,0xaa,0xaa,0xaa,0xaa,0xaa,0xaa,0xaa,0xaa,0xaa,0xaa,0xaa,0xaa,0xaa,
	0xaa,0xaa,0xaa,0xaa,0xaa,0xaa,0xaa,0xaa,0xaa,0xaa,0xaa,0xaa,0xaa,0xaa,0xaa,0xaa,
	0x6a,0x6a,0x6a,0x6a,0x6a,0x6a,0x6a,0x6a,0x6a,0x6a,0x6a,0x6a,0x6a,0x6a,0x6a,0x6a,
	0x6a,0x6a,0x6a,0x6a,0x6a,0x6a,0x6a,0x6a,0x6a,0x6a,0x6a,0x6a,0x6a,0x6a,0x6a,0x6a,
	0x6a,0x6a,0x6a,0x6a,0x6a,0x6a,0x6a,0x6a,0x29,0x29,0x29,0x29,0x29,0x29,0x29,0x29,
	0x29,0x29,0x29,0x29,0x29,0x29,0x29,0x29,0x29,0x29,0x29,0x29,0x29,0x29,0x29,0x29,
	0x29,0x29,0x29,0x29,0x29,0x29,0x29,0x29,0x29,0x29,0x29,0x29,0x29,0x29,0x29,0x29,
	0xd2,0xd2,0xd2,0xd2,0xd2,0xd2,0xd2,0xd2,0xd2,0xd2,0xd2,0xd2,0xd2,0xd2,0xd2,0xd2,
	0xd2,0xd2,0xd2,0xd2,0xd2,0xd2,0xd2,0xd2,0xd2,0xd2,0xd2,0xd2,0xd2,0xd2,0xd2,0xd2,
	0xd2,0xd2,0xd2,0xd2,0xd2,0xd2,0xd2,0xd2,0x91,0x91,0x91,0x91,0x91,0x91,0x91,0x91,
	0x91,0x91,0x91,0x91,0x91,0x91,0x91,0x91,0x91,0x91,0x91,0x91,0x91,0x91,0x91,0x91,
	0x91,0x91,0x91,0x91,0x91,0x91,0x91,0x91,0x91,0x91,0x91,0x91,0x91,0x91,0x91,0x91,
	0x51,0x51,0x51,0x51,0x51,0x51,0x51,0x51,0x51,0x51,0x51,0x51,0x51,0x51,0x51,0x51,
	0x51,0x51,0x51,0x51,0x51,0x51,0x51,0x51,0x51,0x51,0x51,0x51,0x51,0x51,0x51,0x51,
	0x51,0x51,0x51,0x51,0x51,0x51,0x51,0x51,0x10,0x10,0x10,0x10,0x10,0x10,0x10,0x10,
	0x10,0x10,0x10,0x10,0x0a,0x13,0x13,0xe9,0xee,0xeb,0xeb,0xeb,0xeb,0xeb,0xeb,0xeb,
	0xeb,0xeb,0xeb,0xeb,0xeb,0xeb,0xeb,0xeb,0xeb,0xeb,0xeb,0xeb,0xeb,0xeb,0xeb,0xeb,
	0x10,0x10,0x10,0x10,0x10,0x10,0x10,0x10,0x10,0x10,0x10,0x10,0x10,0x10,0x10,0x10,
	0x10,0x10,0x10,0x10,0x10,0x10,0x10,0x10,0x15,0x0e,0xf0,0xf1,0xed,0xec,0xeb,0xeb,
	0xeb,0xeb,0xeb,0xeb,0xeb,0xeb,0xeb,0xeb,0xaa,0xaa,0xaa,0xaa,0xaa,0xaa,0xaa,0xaa,
	0xaa,0xaa,0xaa,0xaa,0xaa,0xaa,0xaa,0xaa,0xaa,0xaa,0xaa,0xaa,0xaa,0xaa,0xaa,0xaa,
	0xaa,0xaa,0xaa,0xaa,0xaa,0xaa,0xaa,0xaa,0xaa,0xaa,0xaa,0xaa,0xaa,0xaa,0xaa,0xaa,
	0x6a,0x6a,0x6a,0x6a,0x6a,0x6a,0x6a,0x6a,0x6a,0x6a,0x6a,0x6a,0x6a,0x6a,0x6a,0x6a,
	0x6a,0x6a,0x6a,0x6a,0x6a,0x6a,0x6a,0x6a,0x6a,0x6a,0x6a,0x6a,0x6a,0x6a,0x6a,0x6a,
	0x6a,0x6a,0x6a,0x6a,0x6a,0x6a,0x6a,0x6a,0x29,0x29,0x29,0x29,0x29,0x29,0x29,0x29,
	0x29,0x29,0x29,0x29,0x29,0x29,0x29,0x29,0x29,0x29,0x29,0x29,0x29,0x29,0x29,0x29,
	0x29,0x29,0x29,0x29,0x29,0x29,0x29,0x29,0x29,0x29,0x29,0x29,0x29,0x29,0x29,0x29,
	0xd2,0xd2,0xd2,0xd2,0xd2,0xd2,0xd2,0xd2,0xd2,0xd2,0xd2,0xd2,0xd2,0xd2,0xd2,0xd2,
	0xd2,0xd2,0xd2,0xd2,0xd2,0xd2,0xd2,0xd2,0xd2,0xd2,0xd2,0xd2,0xd2,0xd2,0xd2,0xd2,
	0xd2,0xd2,0xd2,0xd2,0xd2,0xd2,0xd2,0xd2,0x91,0x91,0x91,0x91,0x91,0x91,0x91,0x91,
	0x91,0x91,0x91,0x91,0x91,0x91,0x91,0x91,0x91,0x91,0x91,0x91,0x91,0x91,0x91,0x91,
	0x91,0x91,0x91,0x91,0x91,0x91,0x91,0x91,0x91,0x91,0x91,0x91,0x91,0x91,0x91,0x91,
	0x51,0x51,0x51,0x51,0x51,0x51,0x51,0x51,0x51,0x51,0x51,0x51,0x51,0x51,0x51,0x51,
	0x51,0x51,0x51,0x51,0x51,0x51,0x51,0x51,0x51,0x51,0x51,0x51,0x51,0x51,0x51,0x51,
	0x51,0x51,0x51,0x51,0x51,0x51,0x51,0x51,0x10,0x10,0x10,0x10,0x10,0x10,0x10,0x10,
	0x10,0x10,0x10,0x10,0x0d,0x0f,0x14,0xea,0xec,0xeb,0xeb,0xeb,0xeb,0xeb,0xeb,0xeb,
	0xeb,0xeb,0xeb,0xeb,0xeb,0xeb,0xeb,0xeb,0xeb,0xeb,0xeb,0xeb,0xeb,0xeb,0xeb,0xeb,
	0x10,0x10,0x10,0x10,0x10,0x10,0x10,0x10,0x10,0x10,0x10,0x10,0x10,0x10,0x10,0x10,
	0x10,0x10,0x10,0x10,0x10,0x10,0x10,0x10,0x0f,0x0d,0xf1,0xef,0xee,0xed,0xec,0xeb,
	0xeb,0xeb,0xeb,0xeb,0xeb,0xeb,0xeb,0xeb,0xaa,0xaa,0xaa,0xaa,0xaa,0xaa,0xaa,0xaa,
	0xaa,0xaa,0xaa,0xaa,0xaa,0xaa,0xaa,0xaa,0xaa,0xaa,0xaa,0xaa,0xaa,0xaa,0xaa,0xaa,
	0xaa,0xaa,0xaa,0xaa,0xaa,0xaa,0xaa,0xaa,0xaa,0xaa,0xaa,0xaa,0xaa,0xaa,0xaa,0xaa,
	0x6a,0x6a,0x6a,0x6a,0x6a,0x6a,0x6a,0x6a,0x6a,0x6a,0x6a,0x6a,0x6a,0x6a,0x6a,0x6a,
	0x6a,0x6a,0x6a,0x6a,0x6a,0x6a,0x6a,0x6a,0x6a,0x6a,0x6a,0x6a,0x6a,0x6a,0x6a,0x6a,
	0x6a,0x6a,0x6a,0x6a,0x6a,0x6a,0x6a,0x6a,0x29,0x29,0x29,0x29,0x29,0x29,0x29,0x29,
	0x29,0x29,0x29,0x29,0x29,0x29,0x29,0x29,0x29,0x29,0x29,0x29,0x29,0x29,0x29,0x29,
	0x29,0x29,0x29,0x29,0x29,0x29,0x29,0x29,0x29,0x29,0x29,0x29,0x29,0x29,0x29,0x29,
	0xd2,0xd2,0xd2,0xd2,0xd2,0xd2,0xd2,0xd2,0xd2,0xd2,0xd2,0xd2,0xd2,0xd2,0xd2,0xd2,
	0xd2,0xd2,0xd2,0xd2,0xd2,0xd2,0xd2,0xd2,0xd2,0xd2,0xd2,0xd2,0xd2,0xd2,0xd2,0xd2,
	0xd2,0xd2,0xd2,0xd2,0xd2,0xd2,0xd2,0xd2,0x91,0x91,0x91,0x91,0x91,0x91,0x91,0x91,
	0x91,0x91,0x91,0x91,0x91,0x91,0x91,0x91,0x91,0x91,0x91,0x91,0x91,0x91,0x91,0x91,
	0x91,0x91,0x91,0x91,0x91,0x91,0x91,0x91,0x91,0x91,0x91,0x91,0x91,0x91,0x91,0x91,
	0x51,0x51,0x51,0x51,0x51,0x51,0x51,0x51,0x51,0x51,0x51,0x51,0x51,0x51,0x51,0x51,
	0x51,0x51,0x51,0x51,0x51,0x51,0x51,0x51,0x51,0x51,0x51,0x51,0x51,0x51,0x51,0x51,
	0x51,0x51,0x51,0x51,0x51,0x51,0x51,0x51,0x10,0x10,0x10,0x10,0x10,0x10,0x10,0x10,
	0x10,0x10,0x10,0x10,0x12,0x0f,0x11,0xe5,0xea,0xeb,0xeb,0xeb,0xeb,0xeb,0xeb,0xeb,
	0xeb,0xeb,0xeb,0xeb,0xeb,0xeb,0xeb,0xeb,0xeb,0xeb,0xeb,0xeb,0xeb,0xeb,0xeb,0xeb,
	0x10,0x10,0x10,0x10,0x10,0x10,0x10,0x10,0x10,0x10,0x10,0x10,0x10,0x10,0x10,0x10,
	0x10,0x10,0x10,0x10,0x10,0x10,0x10,0x10,0x13,0x14,0x10,0xec,0xed,0xec,0xec,0xec,
	0xeb,0xeb,0xeb,0xeb,0xeb,0xeb,0xeb,0xeb,0xaa,0xaa,0xaa,0xaa,0xaa,0xaa,0xaa,0xaa,
	0xaa,0xaa,0xaa,0xaa,0xaa,0xaa,0xaa,0xaa,0xaa,0xaa,0xaa,0xaa,0xaa,0xaa,0xaa,0xaa,
	0xaa,0xaa,0xaa,0xaa,0xaa,0xaa,0xaa,0xaa,0xaa,0xaa,0xaa,0xaa,0xaa,0xaa,0xaa,0xaa,
	0x6a,0x6a,0x6a,0x6a,0x6a,0x6a,0x6a,0x6a,0x6a,0x6a,0x6a,0x6a,0x6a,0x6a,0x6a,0x6a,
	0x6a,0x6a,0x6a,0x6a,0x6a,0x6a,0x6a,0x6a,0x6a,0x6a,0x6a,0x6a,0x6a,0x6a,0x6a,0x6a,
	0x6a,0x6a,0x6a,0x6a,0x6a,0x6a,0x6a,0x6a,0x29,0x29,0x29,0x29,0x29,0x29,0x29,0x29,
	0x29,0x29,0x29,0x29,0x29,0x29,0x29,0x29,0x29,0x29,0x29,0x29,0x29,0x29,0x29,0x29,
	0x29,0x29,0x29,0x29,0x29,0x29,0x29,0x29,0x29,0x29,0x29,0x29,0x29,0x29,0x29,0x29,
	0xd2,0xd2,0xd2,0xd2,0xd2,0xd2,0xd2,0xd2,0xd2,0xd2,0xd2,0xd2,0xd2,0xd2,0xd2,0xd2,
	0xd2,0xd2,0xd2,0xd2,0xd2,0xd2,0xd2,0xd2,0xd2,0xd2,0xd2,0xd2,0xd2,0xd2,0xd2,0xd2,
	0xd2,0xd2,0xd2,0xd2,0xd2,0xd2,0xd2,0xd2,0x91,0x91,0x91,0x91,0x91,0x91,0x91,0x91,
	0x91,0x91,0x91,0x91,0x91,0x91,0x91,0x91,0x91,0x91,0x91,0x91,0x91,0x91,0x91,0x91,
	0x91,0x91,0x91,0x91,0x91,0x91,0x91,0x91,0x91,0x91,0x91,0x91,0x91,0x91,0x91,0x91,
	0x51,0x51,0x51,0x51,0x51,0x51,0x51,0x51,0x51,0x51,0x51,0x51,0x51,0x51,0x51,0x51,
	0x51,0x51,0x51,0x51,0x51,0x51,0x51,0x51,0x51,0x51,0x51,0x51,0x51,0x51,0x51,0x51,
	0x51,0x51,0x51,0x51,0x51,0x51,0x51,0x51,0x10,0x10,0x10,0x10,0x10,0x10,0x10,0x10,
	0x10,0x10,0x10,0x10,0x0c,0x14,0xe5,0xe7,0xea,0xeb,0xeb,0xeb,0xeb,0xeb,0xeb,0xeb,
	0xeb,0xeb,0xeb,0xeb,0xeb,0xeb,0xeb,0xeb,0xeb,0xeb,0xeb,0xeb,0xeb,0xeb,0xeb,0xeb,
	0x10,0x10,0x10,0x10,0x10,0x10,0x10,0x10,0x10,0x10,0x10,0x10,0x10,0x10,0x10,0x10,
	0x10,0x10,0x10,0x10,0x10,0x10,0x10,0x10,0x12,0x0d,0x0f,0xea,0xec,0xec,0xec,0xec,
	0xeb,0xeb,0xeb,0xeb,0xeb,0xeb,0xeb,0xeb,0xaa,0xaa,0xaa,0xaa,0xaa,0xaa,0xaa,0xaa,
	0xaa,0xaa,0xaa,0xaa,0xaa,0xaa,0xaa,0xaa,0xaa,0xaa,0xaa,0xaa,0xaa,0xaa,0xaa,0xaa,
	0xaa,0xaa,0xaa,0xaa,0xaa,0xaa,0xaa,0xaa,0xaa,0xaa,0xaa,0xaa,0xaa,0xaa,0xaa,0xaa,
	0x6a,0x6a,0x6a,0x6a,0x6a,0x6a,0x6a,0x6a,0x6a,0x6a,0x6a,0x6a,0x6a,0x6a,0x6a,0x6a,
	0x6a,0x6a,0x6a,0x6a,0x6a,0x6a,0x6a,0x6a,0x6a,0x6a,0x6a,0x6a,0x6a,0x6a,0x6a,0x6a,
	0x6a,0x6a,0x6a,0x6a,0x6a,0x6a,0x6a,0x6a,0x29,0x29,0x29,0x29,0x29,0x29,0x29,0x29,
	0x29,0x29,0x29,0x29,0x29,0x29,0x29,0x29,0x29,0x29,0x29,0x29,0x29,0x29,0x29,0x29,
	0x29,0x29,0x29,0x29,0x29,0x29,0x29,0x29,0x29,0x29,0x29,0x29,0x29,0x29,0x29,0x29,
	0xd2,0xd2,0xd2,0xd2,0xd2,0xd2,0xd2,0xd2,0xd2,0xd2,0xd2,0xd2,0xd2,0xd2,0xd2,0xd2,
	0xd2,0xd2,0xd2,0xd2,0xd2,0xd2,0xd2,0xd2,0xd2,0xd2,0xd2,0xd2,0xd2,0xd2,0xd2,0xd2,
	0xd2,0xd2,0xd2,0xd2,0xd2,0xd2,0xd2,0xd2,0x91,0x91,0x91,0x91,0x91,0x91,0x91,0x91,
	0x91,0x91,0x91,0x91,0x91,0x91,0x91,0x91,0x91,0x91,0x91,0x91,0x91,0x91,0x91,0x91,
	0x91,0x91,0x91,0x91,0x91,0x91,0x91,0x91,0x91,0x91,0x91,0x91,0x91,0x91,0x91,0x91,
	0x51,0x51,0x51,0x51,0x51,0x51,0x51,0x51,0x51,0x51,0x51,0x51,0x51,0x51,0x51,0x51,
	0x51,0x51,0x51,0x51,0x51,0x51,0x51,0x51,0x51,0x51,0x51,0x51,0x51,0x51,0x51,0x51,
	0x51,0x51,0x51,0x51,0x51,0x51,0x51,0x51,0x10,0x10,0x10,0x10,0x10,0x10,0x10,0x10,
	0x10,0x10,0x10,0x10,0x09,0x0c,0xeb,0xea,0xeb,0xeb,0xeb,0xeb,0xeb,0xeb,0xeb,0xeb,
	0xeb,0xeb,0xeb,0xeb,0xeb,0xeb,0xeb,0xeb,0xeb,0xeb,0xeb,0xeb,0xeb,0xeb,0xeb,0xeb,
	0x10,0x10,0x10,0x10,0x10,0x10,0x10,0x10,0x10,0x10,0x10,0x10,0x10,0x10,0x10,0x10,
	0x10,0x10,0x10,0x10,0x10,0x10,0x10,0x10,0x11,0x0c,0x11,0xee,0xee,0xed,0xed,0xed,
	0xec,0xeb,0xeb,0xeb,0xeb,0xeb,0xeb,0xeb,0xaa,0xaa,0xaa,0xaa,0xaa,0xaa,0xaa,0xaa,
	0xaa,0xaa,0xaa,0xaa,0xaa,0xaa,0xaa,0xaa,0xaa,0xaa,0xaa,0xaa,0xaa,0xaa,0xaa,0xaa,
	0xaa,0xaa,0xaa,0xaa,0xaa,0xaa,0xaa,0xaa,0xaa,0xaa,0xaa,0xaa,0xaa,0xaa,0xaa,0xaa,
	0x6a,0x6a,0x6a,0x6a,0x6a,0x6a,0x6a,0x6a,0x6a,0x6a,0x6a,0x6a,0x6a,0x6a,0x6a,0x6a,
	0x6a,0x6a,0x6a,0x6a,0x6a,0x6a,0x6a,0x6a,0x6a,0x6a,0x6a,0x6a,0x6a,0x6a,0x6a,0x6a,
	0x6a,0x6a,0x6a,0x6a,0x6a,0x6a,0x6a,0x6a,0x29,0x29,0x29,0x29,0x29,0x29,0x29,0x29,
	0x29,0x29,0x29,0x29,0x29,0x29,0x29,0x29,0x29,0x29,0x29,0x29,0x29,0x29,0x29,0x29,
	0x29,0x29,0x29,0x29,0x29,0x29,0x29,0x29,0x29,0x29,0x29,0x29,0x29,0x29,0x29,0x29,
	0xd2,0xd2,0xd2,0xd2,0xd2,0xd2,0xd2,0xd2,0xd2,0xd2,0xd2,0xd2,0xd2,0xd2,0xd2,0xd2,
	0xd2,0xd2,0xd2,0xd2,0xd2,0xd2,0xd2,0xd2,0xd2,0xd2,0xd2,0xd2,0xd2,0xd2,0xd2,0xd2,
	0xd2,0xd2,0xd2,0xd2,0xd2,0xd2,0xd2,0xd2,0x91,0x91,0x91,0x91,0x91,0x91,0x91,0x91,
	0x91,0x91,0x91,0x91,0x91,0x91,0x91,0x91,0x91,0x91,0x91,0x91,0x91,0x91,0x91,0x91,
	0x91,0x91,0x91,0x91,0x91,0x91,0x91,0x91,0x91,0x91,0x91,0x91,0x91,0x91,0x91,0x91,
	0x51,0x51,0x51,0x51,0x51,0x51,0x51,0x51,0x51,0x51,0x51,0x51,0x51,0x51,0x51,0x51,
	0x51,0x51,0x51,0x51,0x51,0x51,0x51,0x51,0x51,0x51,0x51,0x51,0x51,0x51,0x51,0x51,
	0x51,0x51,0x51,0x51,0x51,0x51,0x51,0x51,0x10,0x10,0x10,0x10,0x10,0x10,0x10,0x10,
	0x10,0x10,0x10,0x10,0x0e,0x14,0xeb,0xea,0xeb,0xeb,0xeb,0xeb,0xeb,0xeb,0xeb,0xeb,
	0xeb,0xeb,0xeb,0xeb,0xeb,0xeb,0xeb,0xeb,0xeb,0xeb,0xeb,0xeb,0xeb,0xeb,0xeb,0xeb,
	0x10,0x10,0x10,0x10,0x10,0x10,0x10,0x10,0x10,0x10,0x10,0x10,0x10,0x10,0x10,0x10,
	0x10,0x10,0x10,0x10,0x10,0x10,0x10,0x10,0x10,0x10,0x10,0x10,0xec,0xea,0xf4,0xec,
	0xeb,0xeb,0xeb,0xeb,0xeb,0xeb,0xeb,0xeb,0xaa,0xaa,0xaa,0xaa,0xaa,0xaa,0xaa,0xaa,
	0xaa,0xaa,0xaa,0xaa,0xaa,0xaa,0xaa,0xaa,0xaa,0xaa,0xaa,0xaa,0xaa,0xaa,0xaa,0xaa,
	0xaa,0xaa,0xaa,0xaa,0xaa,0xaa,0xaa,0xaa,0xaa,0xaa,0xaa,0xaa,0xaa,0xaa,0xaa,0xaa,
	0x6a,0x6a,0x6a,0x6a,0x6a,0x6a,0x6a,0x6a,0x6a,0x6a,0x6a,0x6a,0x6a,0x6a,0x6a,0x6a,
	0x6a,0x6a,0x6a,0x6a,0x6a,0x6a,0x6a,0x6a,0x6a,0x6a,0x6a,0x6a,0x6a,0x6a,0x6a,0x6a,
	0x6a,0x6a,0x6a,0x6a,0x6a,0x6a,0x6a,0x6a,0x29,0x29,0x29,0x29,0x29,0x29,0x29,0x29,
	0x29,0x29,0x29,0x29,0x29,0x29,0x29,0x29,0x29,0x29,0x29,0x29,0x29,0x29,0x29,0x29,
	0x29,0x29,0x29,0x29,0x29,0x29,0x29,0x29,0x29,0x29,0x29,0x29,0x29,0x29,0x29,0x29,
	0xd2,0xd2,0xd2,0xd2,0xd2,0xd2,0xd2,0xd2,0xd2,0xd2,0xd2,0xd2,0xd2,0xd2,0xd2,0xd2,
	0xd2,0xd2,0xd2,0xd2,0xd2,0xd2,0xd2,0xd2,0xd2,0xd2,0xd2,0xd2,0xd2,0xd2,0xd2,0xd2,
	0xd2,0xd2,0xd2,0xd2,0xd2,0xd2,0xd2,0xd2,0x91,0x91,0x91,0x91,0x91,0x91,0x91,0x91,
	0x91,0x91,0x91,0x91,0x91,0x91,0x91,0x91,0x91,0x91,0x91,0x91,0x91,0x91,0x91,0x91,
	0x91,0x91,0x91,0x91,0x91,0x91,0x91,0x91,0x91,0x91,0x91,0x91,0x91,0x91,0x91,0x91,
	0x51,0x51,0x51,0x51,0x51,0x51,0x51,0x51,0x51,0x51,0x51,0x51,0x51,0x51,0x51,0x51,
	0x51,0x51,0x51,0x51,0x51,0x51,0x51,0x51,0x51,0x51,0x51,0x51,0x51,0x51,0x51,0x51,
	0x51,0x51,0x51,0x51,0x51,0x51,0x51,0x51,0x10,0x10,0x10,0x10,0x10,0x10,0x10,0x10,
	0x10,0x10,0x10,0x10,0x0b,0xea,0xe8,0xed,0xeb,0xeb,0xeb,0xeb,0xeb,0xeb,0xeb,0xeb,
	0xeb,0xeb,0xeb,0xeb,0xeb,0xeb,0xeb,0xeb,0xeb,0xeb,0xeb,0xeb,0xeb,0xeb,0xeb,0xeb,
	0x10,0x10,0x10,0x10,0x10,0x10,0x10,0x10,0x10,0x10,0x10,0x10,0x10,0x10,0x10,0x10,
	0x10,0x10,0x10,0x10,0x10,0x10,0x10,0x10,0x10,0x10,0x10,0x10,0xeb,0xef,0xec,0xe9,
	0xeb,0xeb,0xeb,0xeb,0xeb,0xeb,0xeb,0xeb,0xaa,0xaa,0xaa,0xaa,0xaa,0xaa,0xaa,0xaa,
	0xaa,0xaa,0xaa,0xaa,0xaa,0xaa,0xaa,0xaa,0xaa,0xaa,0xaa,0xaa,0xaa,0xaa,0xaa,0xaa,
	0xaa,0xaa,0xaa,0xaa,0xaa,0xaa,0xaa,0xaa,0xaa,0xaa,0xaa,0xaa,0xaa,0xaa,0xaa,0xaa,
	0x6a,0x6a,0x6a,0x6a,0x6a,0x6a,0x6a,0x6a,0x6a,0x6a,0x6a,0x6a,0x6a,0x6a,0x6a,0x6a,
	0x6a,0x6a,0x6a,0x6a,0x6a,0x6a,0x6a,0x6a,0x6a,0x6a,0x6a,0x6a,0x6a,0x6a,0x6a,0x6a,
	0x6a,0x6a,0x6a,0x6a,0x6a,0x6a,0x6a,0x6a,0x29,0x29,0x29,0x29,0x29,0x29,0x29,0x29,
	0x29,0x29,0x29,0x29,0x29,0x29,0x29,0x29,0x29,0x29,0x29,0x29,0x29,0x29,0x29,0x29,
	0x29,0x29,0x29,0x29,0x29,0x29,0x29,0x29,0x29,0x29,0x29,0x29,0x29,0x29,0x29,0x29,
	0xd2,0xd2,0xd2,0xd2,0xd2,0xd2,0xd2,0xd2,0xd2,0xd2,0xd2,0xd2,0xd2,0xd2,0xd2,0xd2,
	0xd2,0xd2,0xd2,0xd2,0xd2,0xd2,0xd2,0xd2,0xd2,0xd2,0xd2,0xd2,0xd2,0xd2,0xd2,0xd2,
	0xd2,0xd2,0xd2,0xd2,0xd2,0xd2,0xd2,0xd2,0x91,0x91,0x91,0x91,0x91,0x91,0x91,0x91,
	0x91,0x91,0x91,0x91,0x91,0x91,0x91,0x91,0x91,0x91,0x91,0x91,0x91,0x91,0x91,0x91,
	0x91,0x91,0x91,0x91,0x91,0x91,0x91,0x91,0x91,0x91,0x91,0x91,0x91,0x91,0x91,0x91,
	0x51,0x51,0x51,0x51,0x51,0x51,0x51,0x51,0x51,0x51,0x51,0x51,0x51,0x51,0x51,0x51,
	0x51,0x51,0x51,0x51,0x51,0x51,0x51,0x51,0x51,0x51,0x51,0x51,0x51,0x51,0x51,0x51,
	0x51,0x51,0x51,0x51,0x51,0x51,0x51,0x51,0x10,0x10,0x10,0x10,0x10,0x10,0x10,0x10,
	0x10,0x10,0x10,0x10,0x11,0xe9,0xe9,0xe8,0xeb,0xeb,0xeb,0xeb,0xeb,0xeb,0xeb,0xeb,
	0xeb,0xeb,0xeb,0xeb,0xeb,0xeb,0xeb,0xeb,0xeb,0xeb,0xeb,0xeb,0xeb,0xeb,0xeb,0xeb,
	0x10,0x10,0x10,0x10,0x10,0x10,0x10,0x10,0x10,0x10,0x10,0x10,0x10,0x10,0x10,0x10,
	0x10,0x10,0x10,0x10,0x10,0x10,0x10,0x10,0x10,0x10,0x10,0x10,0xf0,0xea,0xe5,0xef,
	0xec,0xeb,0xeb,0xeb,0xeb,0xeb,0xeb,0xeb,0xaa,0xaa,0xaa,0xaa,0xaa,0xaa,0xaa,0xaa,
	0xaa,0xaa,0xaa,0xaa,0xaa,0xaa,0xaa,0xaa,0xaa,0xaa,0xaa,0xaa,0xaa,0xaa,0xaa,0xaa,
	0xaa,0xaa,0xaa,0xaa,0xaa,0xaa,0xaa,0xaa,0xaa,0xaa,0xaa,0xaa,0xaa,0xaa,0xaa,0xaa,
	0x6a,0x6a,0x6a,0x6a,0x6a,0x6a,0x6a,0x6a,0x6a,0x6a,0x6a,0x6a,0x6a,0x6a,0x6a,0x6a,
	0x6a,0x6a,0x6a,0x6a,0x6a,0x6a,0x6a,0x6a,0x6a,0x6a,0x6a,0x6a,0x6a,0x6a,0x6a,0x6a,
	0x6a,0x6a,0x6a,0x6a,0x6a,0x6a,0x6a,0x6a,0x29,0x29,0x29,0x29,0x29,0x29,0x29,0x29,
	0x29,0x29,0x29,0x29,0x29,0x29,0x29,0x29,0x29,0x29,0x29,0x29,0x29,0x29,0x29,0x29,
	0x29,0x29,0x29,0x29,0x29,0x29,0x29,0x29,0x29,0x29,0x29,0x29,0x29,0x29,0x29,0x29,
	0xd2,0xd2,0xd2,0xd2,0xd2,0xd2,0xd2,0xd2,0xd2,0xd2,0xd2,0xd2,0xd2,0xd2,0xd2,0xd2,
	0xd2,0xd2,0xd2,0xd2,0xd2,0xd2,0xd2,0xd2,0xd2,0xd2,0xd2,0xd2,0xd2,0xd2,0xd2,0xd2,
	0xd2,0xd2,0xd2,0xd2,0xd2,0xd2,0xd2,0xd2,0x91,0x91,0x91,0x91,0x91,0x91,0x91,0x91,
	0x91,0x91,0x91,0x91,0x91,0x91,0x91,0x91,0x91,0x91,0x91,0x91,0x91,0x91,0x91,0x91,
	0x91,0x91,0x91,0x91,0x91,0x91,0x91,0x91,0x91,0x91,0x91,0x91,0x91,0x91,0x91,0x91,
	0x51,0x51,0x51,0x51,0x51,0x51,0x51,0x51,0x51,0x51,0x51,0x51,0x51,0x51,0x51,0x51,
	0x51,0x51,0x51,0x51,0x51,0x51,0x51,0x51,0x51,0x51,0x51,0x51,0x51,0x51,0x51,0x51,
	0x51,0x51,0x51,0x51,0x51,0x51,0x51,0x51,0x10,0x10,0x10,0x10,0x10,0x10,0x10,0x10,
	0x10,0x10,0x10,0x10,0x10,0xe6,0xee,0xe5,0xeb,0xeb,0xeb,0xeb,0xeb,0xeb,0xeb,0xeb,
	0xeb,0xeb,0xeb,0xeb,0xeb,0xeb,0xeb,0xeb,0xeb,0xeb,0xeb,0xeb,0xeb,0xeb,0xeb,0xeb,
	0x10,0x10,0x10,0x10,0x10,0x10,0x10,0x10,0x10,0x10,0x10,0x10,0x10,0x10,0x10,0x10,
	0x10,0x10,0x10,0x10,0x10,0x10,0x10,0x10,0x10,0x10,0x10,0x10,0x19,0xf0,0xe9,0xea,
	0xeb,0xeb,0xeb,0xeb,0xeb,0xeb,0xeb,0xeb,0xaa,0xaa,0xaa,0xaa,0xaa,0xaa,0xaa,0xaa,
	0xaa,0xaa,0xaa,0xaa,0xaa,0xaa,0xaa,0xaa,0xaa,0xaa,0xaa,0xaa,0xaa,0xaa,0xaa,0xaa,
	0xaa,0xaa,0xaa,0xaa,0xaa,0xaa,0xaa,0xaa,0xaa,0xaa,0xaa,0xaa,0xaa,0xaa,0xaa,0xaa,
	0x6a,0x6a,0x6a,0x6a,0x6a,0x6a,0x6a,0x6a,0x6a,0x6a,0x6a,0x6a,0x6a,0x6a,0x6a,0x6a,
	0x6a,0x6a,0x6a,0x6a,0x6a,0x6a,0x6a,0x6a,0x6a,0x6a,0x6a,0x6a,0x6a,0x6a,0x6a,0x6a,
	0x6a,0x6a,0x6a,0x6a,0x6a,0x6a,0x6a,0x6a,0x29,0x29,0x29,0x29,0x29,0x29,0x29,0x29,
	0x29,0x29,0x29,0x29,0x29,0x29,0x29,0x29,0x29,0x29,0x29,0x29,0x29,0x29,0x29,0x29,
	0x29,0x29,0x29,0x29,0x29,0x29,0x29,0x29,0x29,0x29,0x29,0x29,0x29,0x29,0x29,0x29,
	0xd2,0xd2,0xd2,0xd2,0xd2,0xd2,0xd2,0xd2,0xd2,0xd2,0xd2,0xd2,0xd2,0xd2,0xd2,0xd2,
	0xd2,0xd2,0xd2,0xd2,0xd2,0xd2,0xd2,0xd2,0xd2,0xd2,0xd2,0xd2,0xd2,0xd2,0xd2,0xd2,
	0xd2,0xd2,0xd2,0xd2,0xd2,0xd2,0xd2,0xd2,0x91,0x91,0x91,0x91,0x91,0x91,0x91,0x91,
	0x91,0x91,0x91,0x91,0x91,0x91,0x91,0x91,0x91,0x91,0x91,0x91,0x91,0x91,0x91,0x91,
	0x91,0x91,0x91,0x91,0x91,0x91,0x91,0x91,0x91,0x91,0x91,0x91,0x91,0x91,0x91,0x91,
	0x51,0x51,0x51,0x51,0x51,0x51,0x51,0x51,0x51,0x51,0x51,0x51,0x51,0x51,0x51,0x51,
	0x51,0x51,0x51,0x51,0x51,0x51,0x51,0x51,0x51,0x51,0x51,0x51,0x51,0x51,0x51,0x51,
	0x51,0x51,0x51,0x51,0x51,0x51,0x51,0x51,0x10,0x10,0x10,0x10,0x10,0x10,0x10,0x10,
	0x10,0x10,0x10,0x10,0xec,0xe9,0xf3,0xeb,0xeb,0xeb,0xeb,0xeb,0xeb,0xeb,0xeb,0xeb,
	0xeb,0xeb,0xeb,0xeb,0xeb,0xeb,0xeb,0xeb,0xeb,0xeb,0xeb,0xeb,0xeb,0xeb,0xeb,0xeb,
	0x10,0x10,0x10,0x10,0x10,0x10,0x10,0x10,0x10,0x10,0x10,0x10,0x10,0x10,0x10,0x10,
	0x10,0x10,0x10,0x10,0x10,0x10,0x10,0x10,0x10,0x10,0x10,0x10,0x11,0xe7,0xec,0xef,
	0xeb,0xeb,0xeb,0xeb,0xeb,0xeb,0xeb,0xeb,0xaa,0xaa,0xaa,0xaa,0xaa,0xaa,0xaa,0xaa,
	0xaa,0xaa,0xaa,0xaa,0xaa,0xaa,0xaa,0xaa,0xaa,0xaa,0xaa,0xaa,0xaa,0xaa,0xaa,0xaa,
	0xaa,0xaa,0xaa,0xaa,0xaa,0xaa,0xaa,0xaa,0xaa,0xaa,0xaa,0xaa,0xaa,0xaa,0xaa,0xaa,
	0x6a,0x6a,0x6a,0x6a,0x6a,0x6a,0x6a,0x6a,0x6a,0x6a,0x6a,0x6a,0x6a,0x6a,0x6a,0x6a,
	0x6a,0x6a,0x6a,0x6a,0x6a,0x6a,0x6a,0x6a,0x6a,0x6a,0x6a,0x6a,0x6a,0x6a,0x6a,0x6a,
	0x6a,0x6a,0x6a,0x6a,0x6a,0x6a,0x6a,0x6a,0x29,0x29,0x29,0x29,0x29,0x29,0x29,0x29,
	0x29,0x29,0x29,0x29,0x29,0x29,0x29,0x29,0x29,0x29,0x29,0x29,0x29,0x29,0x29,0x29,
	0x29,0x29,0x29,0x29,0x29,0x29,0x29,0x29,0x29,0x29,0x29,0x29,0x29,0x29,0x29,0x29,
	0xd2,0xd2,0xd2,0xd2,0xd2,0xd2,0xd2,0xd2,0xd2,0xd2,0xd2,0xd2,0xd2,0xd2,0xd2,0xd2,
	0xd2,0xd2,0xd2,0xd2,0xd2,0xd2,0xd2,0xd2,0xd2,0xd2,0xd2,0xd2,0xd2,0xd2,0xd2,0xd2,
	0xd2,0xd2,0xd2,0xd2,0xd2,0xd2,0xd2,0xd2,0x91,0x91,0x91,0x91,0x91,0x91,0x91,0x91,
	0x91,0x91,0x91,0x91,0x91,0x91,0x91,0x91,0x91,0x91,0x91,0x91,0x91,0x91,0x91,0x91,
	0x91,0x91,0x91,0x91,0x91,0x91,0x91,0x91,0x91,0x91,0x91,0x91,0x91,0x91,0x91,0x91,
	0x51,0x51,0x51,0x51,0x51,0x51,0x51,0x51,0x51,0x51,0x51,0x51,0x51,0x51,0x51,0x51,
	0x51,0x51,0x51,0x51,0x51,0x51,0x51,0x51,0x51,0x51,0x51,0x51,0x51,0x51,0x51,0x51,
	0x51,0x51,0x51,0x51,0x51,0x51,0x51,0x51,0x10,0x10,0x10,0x10,0x10,0x10,0x10,0x10,
	0x11,0x11,0x0a,0x14,0xeb,0xed,0xf0,0xec,0xeb,0xeb,0xeb,0xeb,0xeb,0xeb,0xeb,0xeb,
	0xeb,0xeb,0xeb,0xeb,0xeb,0xeb,0xeb,0xeb,0xeb,0xeb,0xeb,0xeb,0xeb,0xeb,0xeb,0xeb,
	0x10,0x10,0x10,0x10,0x10,0x10,0x10,0x10,0x10,0x10,0x10,0x10,0x10,0x10,0x10,0x10,
	0x10,0x10,0x10,0x10,0x10,0x10,0x10,0x10,0x10,0x10,0x10,0x10,0x0f,0xea,0xec,0xe7,
	0xeb,0xeb,0xeb,0xeb,0xeb,0xeb,0xeb,0xeb,0xaa,0xaa,0xaa,0xaa,0xaa,0xaa,0xaa,0xaa,
	0xaa,0xaa,0xaa,0xaa,0xaa,0xaa,0xaa,0xaa,0xaa,0xaa,0xaa,0xaa,0xaa,0xaa,0xaa,0xaa,
	0xaa,0xaa,0xaa,0xaa,0xaa,0xaa,0xaa,0xaa,0xaa,0xaa,0xaa,0xaa,0xaa,0xaa,0xaa,0xaa,
	0x6a,0x6a,0x6a,0x6a,0x6a,0x6a,0x6a,0x6a,0x6a,0x6a,0x6a,0x6a,0x6a,0x6a,0x6a,0x6a,
	0x6a,0x6a,0x6a,0x6a,0x6a,0x6a,0x6a,0x6a,0x6a,0x6a,0x6a,0x6a,0x6a,0x6a,0x6a,0x6a,
	0x6a,0x6a,0x6a,0x6a,0x6a,0x6a,0x6a,0x6a,0x29,0x29,0x29,0x29,0x29,0x29,0x29,0x29,
	0x29,0x29,0x29,0x29,0x29,0x29,0x29,0x29,0x29,0x29,0x29,0x29,0x29,0x29,0x29,0x29,
	0x29,0x29,0x29,0x29,0x29,0x29,0x29,0x29,0x29,0x29,0x29,0x29,0x29,0x29,0x29,0x29,
	0xd2,0xd2,0xd2,0xd2,0xd2,0xd2,0xd2,0xd2,0xd2,0xd2,0xd2,0xd2,0xd2,0xd2,0xd2,0xd2,
	0xd2,0xd2,0xd2,0xd2,0xd2,0xd2,0xd2,0xd2,0xd2,0xd2,0xd2,0xd2,0xd2,0xd2,0xd2,0xd2,
	0xd2,0xd2,0xd2,0xd2,0xd2,0xd2,0xd2,0xd2,0x91,0x91,0x91,0x91,0x91,0x91,0x91,0x91,
	0x91,0x91,0x91,0x91,0x91,0x91,0x91,0x91,0x91,0x91,0x91,0x91,0x91,0x91,0x91,0x91,
	0x91,0x91,0x91,0x91,0x91,0x91,0x91,0x91,0x91,0x91,0x91,0x91,0x91,0x91,0x91,0x91,
	0x51,0x51,0x51,0x51,0x51,0x51,0x51,0x51,0x51,0x51,0x51,0x51,0x51,0x51,0x51,0x51,
	0x51,0x51,0x51,0x51,0x51,0x51,0x51,0x51,0x51,0x51,0x51,0x51,0x51,0x51,0x51,0x51,
	0x51,0x51,0x51,0x51,0x51,0x51,0x51,0x51,0x10,0x10,0x10,0x10,0x10,0x10,0x10,0x10,
	0x0e,0x12,0x0c,0x13,0xea,0xf1,0xed,0xeb,0xeb,0xeb,0xeb,0xeb,0xeb,0xeb,0xeb,0xeb,
	0xeb,0xeb,0xeb,0xeb,0xeb,0xeb,0xeb,0xeb,0xeb,0xeb,0xeb,0xeb,0xeb,0xeb,0xeb,0xeb,
	0x10,0x10,0x10,0x10,0x10,0x10,0x10,0x10,0x10,0x10,0x10,0x10,0x10,0x10,0x10,0x10,
	0x10,0x10,0x10,0x10,0x10,0x10,0x10,0x10,0x10,0x10,0x10,0x10,0x11,0x10,0xeb,0xeb,
	0xeb,0xeb,0xeb,0xeb,0xeb,0xeb,0xeb,0xeb,0xaa,0xaa,0xaa,0xaa,0xaa,0xaa,0xaa,0xaa,
	0xaa,0xaa,0xaa,0xaa,0xaa,0xaa,0xaa,0xaa,0xaa,0xaa,0xaa,0xaa,0xaa,0xaa,0xaa,0xaa,
	0xaa,0xaa,0xaa,0xaa,0xaa,0xaa,0xaa,0xaa,0xaa,0xaa,0xaa,0xaa,0xaa,0xaa,0xaa,0xaa,
	0x6a,0x6a,0x6a,0x6a,0x6a,0x6a,0x6a,0x6a,0x6a,0x6a,0x6a,0x6a,0x6a,0x6a,0x6a,0x6a,
	0x6a,0x6a,0x6a,0x6a,0x6a,0x6a,0x6a,0x6a,0x6a,0x6a,0x6a,0x6a,0x6a,0x6a,0x6a,0x6a,
	0x6a,0x6a,0x6a,0x6a,0x6a,0x6a,0x6a,0x6a,0x29,0x29,0x29,0x29,0x29,0x29,0x29,0x29,
	0x29,0x29,0x29,0x29,0x29,0x29,0x29,0x29,0x29,0x29,0x29,0x29,0x29,0x29,0x29,0x29,
	0x29,0x29,0x29,0x29,0x29,0x29,0x29,0x29,0x29,0x29,0x29,0x29,0x29,0x29,0x29,0x29,
	0xd2,0xd2,0xd2,0xd2,0xd2,0xd2,0xd2,0xd2,0xd2,0xd2,0xd2,0xd2,0xd2,0xd2,0xd2,0xd2,
	0xd2,0xd2,0xd2,0xd2,0xd2,0xd2,0xd2,0xd2,0xd2,0xd2,0xd2,0xd2,0xd2,0xd2,0xd2,0xd2,
	0xd2,0xd2,0xd2,0xd2,0xd2,0xd2,0xd2,0xd2,0x91,0x91,0x91,0x91,0x91,0x91,0x91,0x91,
	0x91,0x91,0x91,0x91,0x91,0x91,0x91,0x91,0x91,0x91,0x91,0x91,0x91,0x91,0x91,0x91,
	0x91,0x91,0x91,0x91,0x91,0x91,0x91,0x91,0x91,0x91,0x91,0x91,0x91,0x91,0x91,0x91,
	0x51,0x51,0x51,0x51,0x51,0x51,0x51,0x51,0x51,0x51,0x51,0x51,0x51,0x51,0x51,0x51,
	0x51,0x51,0x51,0x51,0x51,0x51,0x51,0x51,0x51,0x51,0x51,0x51,0x51,0x51,0x51,0x51,
	0x51,0x51,0x51,0x51,0x51,0x51,0x51,0x51,0x10,0x10,0x10,0x10,0x10,0x10,0x10,0x10,
	0x0e,0x14,0x14,0xe6,0xeb,0xf1,0xeb,0xeb,0xeb,0xeb,0xeb,0xeb,0xeb,0xeb,0xeb,0xeb,
	0xeb,0xeb,0xeb,0xeb,0xeb,0xeb,0xeb,0xeb,0xeb,0xeb,0xeb,0xeb,0xeb,0xeb,0xeb,0xeb,
	0x10,0x10,0x10,0x10,0x10,0x10,0x10,0x10,0x10,0x10,0x10,0x10,0x10,0x10,0x10,0x10,
	0x10,0x10,0x10,0x10,0x10,0x10,0x10,0x10,0x10,0x10,0x10,0x10,0x14,0x09,0xec,0xf1,
	0xeb,0xeb,0xeb,0xeb,0xeb,0xeb,0xeb,0xeb,0xaa,0xaa,0xaa,0xaa,0xaa,0xaa,0xaa,0xaa,
	0xaa,0xaa,0xaa,0xaa,0xaa,0xaa,0xaa,0xaa,0xaa,0xaa,0xaa,0xaa,0xaa,0xaa,0xaa,0xaa,
	0xaa,0xaa,0xaa,0xaa,0xaa,0xaa,0xaa,0xaa,0xaa,0xaa,0xaa,0xaa,0xaa,0xaa,0xaa,0xaa,
	0x6a,0x6a,0x6a,0x6a,0x6a,0x6a,0x6a,0x6a,0x6a,0x6a,0x6a,0x6a,0x6a,0x6a,0x6a,0x6a,
	0x6a,0x6a,0x6a,0x6a,0x6a,0x6a,0x6a,0x6a,0x6a,0x6a,0x6a,0x6a,0x6a,0x6a,0x6a,0x6a,
	0x6a,0x6a,0x6a,0x6a,0x6a,0x6a,0x6a,0x6a,0x29,0x29,0x29,0x29,0x29,0x29,0x29,0x29,
	0x29,0x29,0x29,0x29,0x29,0x29,0x29,0x29,0x29,0x29,0x29,0x29,0x29,0x29,0x29,0x29,
	0x29,0x29,0x29,0x29,0x29,0x29,0x29,0x29,0x29,0x29,0x29,0x29,0x29,0x29,0x29,0x29,
	0xd2,0xd2,0xd2,0xd2,0xd2,0xd2,0xd2,0xd2,0xd2,0xd2,0xd2,0xd2,0xd2,0xd2,0xd2,0xd2,
	0xd2,0xd2,0xd2,0xd2,0xd2,0xd2,0xd2,0xd2,0xd2,0xd2,0xd2,0xd2,0xd2,0xd2,0xd2,0xd2,
	0xd2,0xd2,0xd2,0xd2,0xd2,0xd2,0xd2,0xd2,0x91,0x91,0x91,0x91,0x91,0x91,0x91,0x91,
	0x91,0x91,0x91,0x91,0x91,0x91,0x91,0x91,0x91,0x91,0x91,0x91,0x91,0x91,0x91,0x91,
	0x91,0x91,0x91,0x91,0x91,0x91,0x91,0x91,0x91,0x91,0x91,0x91,0x91,0x91,0x91,0x91,
	0x51,0x51,0x51,0x51,0x51,0x51,0x51,0x51,0x51,0x51,0x51,0x51,0x51,0x51,0x51,0x51,
	0x51,0x51,0x51,0x51,0x51,0x51,0x51,0x51,0x51,0x51,0x51,0x51,0x51,0x51,0x51,0x51,
	0x51,0x51,0x51,0x51,0x51,0x51,0x51,0x51,0x10,0x10,0x10,0x10,0x10,0x10,0x10,0x10,
	0x0f,0x0c,0x16,0xf2,0xef,0xee,0xeb,0xeb,0xeb,0xeb,0xeb,0xeb,0xeb,0xeb,0xeb,0xeb,
	0xeb,0xeb,0xeb,0xeb,0xeb,0xeb,0xeb,0xeb,0xeb,0xeb,0xeb,0xeb,0xeb,0xeb,0xeb,0xeb,
	0x10,0x10,0x10,0x10,0x10,0x10,0x10,0x10,0x10,0x10,0x10,0x10,0x10,0x10,0x10,0x10,
	0x10,0x10,0x10,0x10,0x10,0x10,0x10,0x10,0x10,0x10,0x10,0x10,0x0b,0x10,0x13,0xe7,
	0xeb,0xeb,0xeb,0xeb,0xeb,0xeb,0xeb,0xeb,0xaa,0xaa,0xaa,0xaa,0xaa,0xaa,0xaa,0xaa,
	0xaa,0xaa,0xaa,0xaa,0xaa,0xaa,0xaa,0xaa,0xaa,0xaa,0xaa,0xaa,0xaa,0xaa,0xaa,0xaa,
	0xaa,0xaa,0xaa,0xaa,0xaa,0xaa,0xaa,0xaa,0xaa,0xaa,0xaa,0xaa,0xaa,0xaa,0xaa,0xaa,
	0x6a,0x6a,0x6a,0x6a,0x6a,0x6a,0x6a,0x6a,0x6a,0x6a,0x6a,0x6a,0x6a,0x6a,0x6a,0x6a,
	0x6a,0x6a,0x6a,0x6a,0x6a,0x6a,0x6a,0x6a,0x6a,0x6a,0x6a,0x6a,0x6a,0x6a,0x6a,0x6a,
	0x6a,0x6a,0x6a,0x6a,0x6a,0x6a,0x6a,0x6a,0x29,0x29,0x29,0x29,0x29,0x29,0x29,0x29,
	0x29,0x29,0x29,0x29,0x29,0x29,0x29,0x29,0x29,0x29,0x29,0x29,0x29,0x29,0x29,0x29,
	0x29,0x29,0x29,0x29,0x29,0x29,0x29,0x29,0x29,0x29,0x29,0x29,0x29,0x29,0x29,0x29,
	0xd2,0xd2,0xd2,0xd2,0xd2,0xd2,0xd2,0xd2,0xd2,0xd2,0xd2,0xd2,0xd2,0xd2,0xd2,0xd2,
	0xd2,0xd2,0xd2,0xd2,0xd2,0xd2,0xd2,0xd2,0xd2,0xd2,0xd2,0xd2,0xd2,0xd2,0xd2,0xd2,
	0xd2,0xd2,0xd2,0xd2,0xd2,0xd2,0xd2,0xd2,0x91,0x91,0x91,0x91,0x91,0x91,0x91,0x91,
	0x91,0x91,0x91,0x91,0x91,0x91,0x91,0x91,0x91,0x91,0x91,0x91,0x91,0x91,0x91,0x91,
	0x91,0x91,0x91,0x91,0x91,0x91,0x91,0x91,0x91,0x91,0x91,0x91,0x91,0x91,0x91,0x91,
	0x51,0x51,0x51,0x51,0x51,0x51,0x51,0x51,0x51,0x51,0x51,0x51,0x51,0x51,0x51,0x51,
	0x51,0x51,0x51,0x51,0x51,0x51,0x51,0x51,0x51,0x51,0x51,0x51,0x51,0x51,0x51,0x51,
	0x51,0x51,0x51,0x51,0x51,0x51,0x51,0x51,0x10,0x10,0x10,0x10,0x10,0x10,0x10,0x10,
	0x12,0x0d,0xec,0xee,0xee,0xec,0xeb,0xeb,0xeb,0xeb,0xeb,0xeb,0xeb,0xeb,0xeb,0xeb,
	0xeb,0xeb,0xeb,0xeb,0xeb,0xeb,0xeb,0xeb,0xeb,0xeb,0xeb,0xeb,0xeb,0xeb,0xeb,0xeb,
	0x10,0x10,0x10,0x10,0x10,0x10,0x10,0x10,0x10,0x10,0x10,0x10,0x10,0x10,0x10,0x10,
	0x10,0x10,0x10,0x10,0x10,0x10,0x10,0x10,0x10,0x10,0x10,0x10,0x0d,0x16,0x0f,0xef,
	0xeb,0xeb,0xeb,0xeb,0xeb,0xeb,0xeb,0xeb,0xaa,0xaa,0xaa,0xaa,0xaa,0xaa,0xaa,0xaa,
	0xaa,0xaa,0xaa,0xaa,0xaa,0xaa,0xaa,0xaa,0xaa,0xaa,0xaa,0xaa,0xaa,0xaa,0xaa,0xaa,
	0xaa,0xaa,0xaa,0xaa,0xaa,0xaa,0xaa,0xaa,0xaa,0xaa,0xaa,0xaa,0xaa,0xaa,0xaa,0xaa,
	0x6a,0x6a,0x6a,0x6a,0x6a,0x6a,0x6a,0x6a,0x6a,0x6a,0x6a,0x6a,0x6a,0x6a,0x6a,0x6a,
	0x6a,0x6a,0x6a,0x6a,0x6a,0x6a,0x6a,0x6a,0x6a,0x6a,0x6a,0x6a,0x6a,0x6a,0x6a,0x6a,
	0x6a,0x6a,0x6a,0x6a,0x6a,0x6a,0x6a,0x6a,0x29,0x29,0x29,0x29,0x29,0x29,0x29,0x29,
	0x29,0x29,0x29,0x29,0x29,0x29,0x29,0x29,0x29,0x29,0x29,0x29,0x29,0x29,0x29,0x29,
	0x29,0x29,0x29,0x29,0x29,0x29,0x29,0x29,0x29,0x29,0x29,0x29,0x29,0x29,0x29,0x29,
	0xd2,0xd2,0xd2,0xd2,0xd2,0xd2,0xd2,0xd2,0xd2,0xd2,0xd2,0xd2,0xd2,0xd2,0xd2,0xd2,
	0xd2,0xd2,0xd2,0xd2,0xd2,0xd2,0xd2,0xd2,0xd2,0xd2,0xd2,0xd2,0xd2,0xd2,0xd2,0xd2,
	0xd2,0xd2,0xd2,0xd2,0xd2,0xd2,0xd2,0xd2,0x91,0x91,0x91,0x91,0x91,0x91,0x91,0x91,
	0x91,0x91,0x91,0x91,0x91,0x91,0x91,0x91,0x91,0x91,0x91,0x91,0x91,0x91,0x91,0x91,
	0x91,0x91,0x91,0x91,0x91,0x91,0x91,0x91,0x91,0x91,0x91,0x91,0x91,0x91,0x91,0x91,
	0x51,0x51,0x51,0x51,0x51,0x51,0x51,0x51,0x51,0x51,0x51,0x51,0x51,0x51,0x51,0x51,
	0x51,0x51,0x51,0x51,0x51,0x51,0x51,0x51,0x51,0x51,0x51,0x51,0x51,0x51,0x51,0x51,
	0x51,0x51,0x51,0x51,0x51,0x51,0x51,0x51,0x10,0x10,0x10,0x10,0x10,0x10,0x10,0x10,
	0x0e,0x10,0xec,0xf0,0xee,0xeb,0xeb,0xeb,0xeb,0xeb,0xeb,0xeb,0xeb,0xeb,0xeb,0xeb,
	0xeb,0xeb,0xeb,0xeb,0xeb,0xeb,0xeb,0xeb,0xeb,0xeb,0xeb,0xeb,0xeb,0xeb,0xeb,0xeb,
	0x10,0x10,0x10,0x10,0x10,0x10,0x10,0x10,0x10,0x10,0x10,0x10,0x10,0x10,0x10,0x10,
	0x10,0x10,0x10,0x10,0x10,0x10,0x0f,0x0f,0x0f,0x0f,0x10,0x10,0x12,0x12,0x0f,0xe8,
	0xeb,0xeb,0xeb,0xeb,0xeb,0xeb,0xeb,0xeb,0xaa,0xaa,0xaa,0xaa,0xa9,0xaa,0xa9,0xaa,
	0xa9,0xa9,0xaa,0xaa,0xaa,0xaa,0xaa,0xaa,0xaa,0xaa,0xaa,0xaa,0xaa,0xaa,0xaa,0xaa,
	0xaa,0xaa,0xaa,0xaa,0xaa,0xaa,0xaa,0xaa,0xaa,0xaa,0xaa,0xaa,0xaa,0xaa,0xaa,0xaa,
	0x6a,0x6a,0x6a,0x6a,0x6a,0x6a,0x6a,0x6a,0x6a,0x6a,0x6a,0x6a,0x6a,0x6a,0x6a,0x6a,
	0x6a,0x6a,0x6a,0x6a,0x6a,0x6a,0x6a,0x6a,0x6a,0x6a,0x6a,0x6a,0x6a,0x6a,0x6a,0x6a,
	0x6a,0x6a,0x6a,0x6a,0x6a,0x6a,0x6a,0x6a,0x29,0x29,0x29,0x29,0x29,0x29,0x29,0x29,
	0x29,0x29,0x29,0x29,0x29,0x29,0x29,0x29,0x29,0x29,0x29,0x29,0x29,0x29,0x29,0x29,
	0x29,0x29,0x29,0x29,0x29,0x29,0x29,0x29,0x29,0x29,0x29,0x29,0x29,0x29,0x29,0x29,
	0xd2,0xd2,0xd2,0xd2,0xd2,0xd2,0xd2,0xd2,0xd2,0xd2,0xd2,0xd2,0xd2,0xd2,0xd2,0xd2,
	0xd2,0xd2,0xd2,0xd2,0xd2,0xd2,0xd2,0xd2,0xd2,0xd2,0xd2,0xd2,0xd2,0xd2,0xd2,0xd2,
	0xd2,0xd2,0xd2,0xd2,0xd2,0xd2,0xd2,0xd2,0x91,0x91,0x91,0x91,0x91,0x91,0x91,0x91,
	0x91,0x91,0x91,0x91,0x91,0x91,0x91,0x91,0x91,0x91,0x91,0x91,0x91,0x91,0x91,0x91,
	0x91,0x91,0x91,0x91,0x91,0x91,0x91,0x91,0x91,0x91,0x91,0x91,0x91,0x91,0x91,0x91,
	0x51,0x51,0x51,0x51,0x51,0x51,0x51,0x51,0x51,0x51,0x51,0x51,0x51,0x51,0x51,0x51,
	0x51,0x51,0x51,0x51,0x51,0x51,0x51,0x51,0x51,0x51,0x51,0x51,0x51,0x51,0x51,0x51,
	0x51,0x51,0x51,0x51,0x51,0x51,0x51,0x51,0x10,0x10,0x10,0x10,0x0f,0x0f,0x10,0x10,
	0x16,0x0e,0xed,0xf3,0xec,0xeb,0xeb,0xeb,0xeb,0xeb,0xeb,0xeb,0xeb,0xeb,0xeb,0xeb,
	0xeb,0xeb,0xeb,0xeb,0xeb,0xeb,0xeb,0xeb,0xeb,0xeb,0xeb,0xeb,0xeb,0xeb,0xeb,0xeb,
	0x10,0x10,0x10,0x10,0x10,0x11,0x10,0x10,0x10,0x10,0x10,0x10,0x10,0x10,0x10,0x10,
	0x10,0x10,0x10,0x10,0x10,0x10,0x0f,0x0f,0x0f,0x0f,0x10,0x10,0x0a,0x0e,0x0b,0x0f,
	0xeb,0xeb,0xeb,0xeb,0xeb,0xeb,0xeb,0xeb,0xab,0xab,0xaa,0xaa,0xa9,0xaa,0xa9,0xaa,
	0xa9,0xa9,0xaa,0xaa,0xaa,0xaa,0xaa,0xaa,0xaa,0xaa,0xaa,0xaa,0xaa,0xaa,0xaa,0xaa,
	0xaa,0xaa,0xaa,0xaa,0xaa,0xaa,0xaa,0xaa,0xaa,0xaa,0xaa,0xaa,0xaa,0xaa,0xab,0xab,
	0x6a,0x6a,0x6a,0x6a,0x6a,0x6a,0x6a,0x6a,0x6a,0x6a,0x6a,0x6a,0x6a,0x6a,0x6a,0x6a,
	0x6a,0x6a,0x6a,0x6a,0x6a,0x6a,0x6a,0x6a,0x6a,0x6a,0x6a,0x6a,0x6a,0x6a,0x6a,0x6a,
	0x6a,0x6a,0x6a,0x6a,0x6a,0x6a,0x6a,0x6a,0x29,0x29,0x29,0x29,0x29,0x29,0x29,0x29,
	0x29,0x29,0x29,0x29,0x29,0x29,0x29,0x29,0x2a,0x2a,0x2a,0x2a,0x2a,0x2a,0x2a,0x2a,
	0x29,0x29,0x29,0x29,0x29,0x29,0x29,0x29,0x29,0x29,0x29,0x29,0x29,0x29,0x29,0x29,
	0xd2,0xd2,0xd2,0xd2,0xd2,0xd2,0xd2,0xd2,0xd2,0xd2,0xd2,0xd2,0xd2,0xd2,0xd2,0xd2,
	0xd1,0xd1,0xd1,0xd1,0xd1,0xd1,0xd1,0xd2,0xd2,0xd2,0xd2,0xd2,0xd2,0xd2,0xd2,0xd2,
	0xd2,0xd2,0xd1,0xd1,0xd1,0xd1,0xd1,0xd1,0x90,0x91,0x91,0x91,0x91,0x91,0x91,0x91,
	0x91,0x91,0x91,0x91,0x91,0x91,0x91,0x91,0x91,0x91,0x91,0x91,0x91,0x91,0x91,0x91,
	0x91,0x91,0x91,0x91,0x91,0x91,0x91,0x91,0x91,0x91,0x91,0x91,0x91,0x91,0x91,0x91,
	0x51,0x51,0x51,0x51,0x51,0x51,0x51,0x51,0x51,0x51,0x51,0x51,0x51,0x51,0x51,0x51,
	0x51,0x51,0x51,0x51,0x51,0x51,0x51,0x51,0x51,0x51,0x51,0x51,0x51,0x51,0x51,0x51,
	0x51,0x51,0x51,0x51,0x51,0x51,0x51,0x51,0x10,0x10,0x10,0x10,0x0e,0x0f,0x10,0x10,
	0x0b,0xed,0xea,0xe5,0xeb,0xeb,0xeb,0xeb,0xeb,0xeb,0xeb,0xeb,0xeb,0xeb,0xeb,0xeb,
	0xeb,0xeb,0xeb,0xeb,0xeb,0xeb,0xeb,0xeb,0xec,0xec,0xec,0xec,0xec,0xec,0xec,0xec,
	0x10,0x10,0x10,0x11,0x11,0x11,0x11,0x11,0x11,0x10,0x10,0x10,0x10,0x10,0x10,0x10,
	0x10,0x10,0x10,0x10,0x10,0x10,0x10,0x10,0x0f,0x0f,0x0f,0x10,0x0e,0x11,0x10,0x13,
	0xeb,0xed,0xe6,0xeb,0xeb,0xeb,0xeb,0xeb,0xaa,0xaa,0xaa,0xaa,0xaa,0xa9,0xa9,0xa9,
	0xaa,0xaa,0xaa,0xaa,0xaa,0xaa,0xaa,0xaa,0xaa,0xaa,0xaa,0xaa,0xaa,0xaa,0xaa,0xaa,
	0xa9,0xa9,0xa9,0xaa,0xaa,0xaa,0xaa,0xaa,0xaa,0xaa,0xaa,0xaa,0xaa,0xaa,0xaa,0xaa,
	0x6a,0x6a,0x6a,0x6a,0x6a,0x6a,0x6a,0x6a,0x6a,0x6a,0x6a,0x6a,0x6a,0x6a,0x6a,0x6a,
	0x6a,0x6a,0x6a,0x6a,0x6a,0x6a,0x6a,0x6a,0x6a,0x6a,0x6a,0x6a,0x6a,0x6a,0x6a,0x6a,
	0x6a,0x6a,0x6a,0x6a,0x6a,0x6a,0x6a,0x6a,0x29,0x29,0x29,0x29,0x29,0x29,0x29,0x29,
	0x29,0x29,0x29,0x29,0x29,0x29,0x29,0x29,0x29,0x29,0x29,0x29,0x29,0x29,0x29,0x29,
	0x29,0x29,0x29,0x29,0x29,0x29,0x29,0x29,0x29,0x2a,0x2a,0x2a,0x2a,0x2a,0x2a,0x2a,
	0xd2,0xd2,0xd2,0xd2,0xd2,0xd2,0xd2,0xd2,0xd2,0xd2,0xd2,0xd2,0xd2,0xd2,0xd2,0xd2,
	0xd2,0xd2,0xd2,0xd2,0xd2,0xd2,0xd2,0xd2,0xd2,0xd3,0xd2,0xd2,0xd2,0xd2,0xd1,0xd2,
	0xd2,0xd2,0xd2,0xd2,0xd1,0xd1,0xd1,0xd0,0x90,0x91,0x91,0x91,0x91,0x91,0x91,0x91,
	0x91,0x91,0x91,0x91,0x91,0x91,0x91,0x91,0x91,0x91,0x91,0x91,0x91,0x91,0x91,0x91,
	0x91,0x91,0x91,0x91,0x91,0x91,0x91,0x91,0x91,0x91,0x91,0x91,0x91,0x91,0x91,0x91,
	0x51,0x51,0x51,0x51,0x51,0x51,0x51,0x51,0x51,0x51,0x51,0x51,0x51,0x51,0x51,0x51,
	0x51,0x51,0x51,0x51,0x51,0x51,0x51,0x51,0x51,0x51,0x51,0x51,0x51,0x51,0x51,0x51,
	0x51,0x51,0x51,0x51,0x51,0x51,0x51,0x51,0x10,0x10,0x10,0x10,0x07,0x11,0x10,0x10,
	0x18,0xec,0xe8,0xed,0xeb,0xeb,0xeb,0xeb,0xeb,0xeb,0xeb,0xeb,0xeb,0xeb,0xeb,0xeb,
	0xeb,0xeb,0xeb,0xeb,0xeb,0xeb,0xeb,0xeb,0xeb,0xeb,0xeb,0xeb,0xeb,0xeb,0xeb,0xeb,
	0x0f,0x0f,0x10,0x11,0x11,0x11,0x12,0x12,0x11,0x10,0x10,0x10,0x10,0x10,0x10,0x10,
	0x10,0x10,0x10,0x10,0x10,0x10,0x10,0x10,0x0f,0x0f,0x0f,0x10,0x10,0x11,0x11,0x11,
	0x0e,0xed,0xe4,0xec,0xeb,0xeb,0xeb,0xeb,0xa9,0xaa,0xaa,0xaa,0xaa,0xa9,0xa9,0xa9,
	0xaa,0xaa,0xaa,0xaa,0xaa,0xaa,0xaa,0xaa,0xaa,0xaa,0xaa,0xaa,0xaa,0xaa,0xaa,0xaa,
	0xa9,0xa9,0xa9,0xa9,0xa9,0xa9,0xa9,0xaa,0xaa,0xaa,0xaa,0xaa,0xaa,0xaa,0xaa,0xaa,
	0x6a,0x6a,0x6a,0x6a,0x6a,0x6a,0x6a,0x6a,0x6a,0x6a,0x6a,0x6a,0x6a,0x6a,0x6a,0x6a,
	0x6a,0x6a,0x6a,0x6a,0x6a,0x6a,0x6a,0x6a,0x6a,0x6a,0x6a,0x6a,0x6a,0x6a,0x6a,0x6a,
	0x6a,0x6a,0x6a,0x6a,0x6a,0x6a,0x6a,0x6a,0x29,0x29,0x29,0x29,0x29,0x29,0x29,0x29,
	0x29,0x29,0x29,0x29,0x29,0x29,0x29,0x29,0x28,0x28,0x28,0x28,0x28,0x28,0x28,0x28,
	0x29,0x29,0x29,0x29,0x29,0x29,0x29,0x29,0x29,0x2a,0x2a,0x2a,0x2a,0x2a,0x2a,0x2a,
	0xd2,0xd2,0xd2,0xd2,0xd2,0xd2,0xd2,0xd2,0xd2,0xd2,0xd2,0xd2,0xd2,0xd2,0xd2,0xd2,
	0xd2,0xd2,0xd2,0xd2,0xd2,0xd2,0xd2,0xd3,0xd3,0xd3,0xd3,0xd3,0xd2,0xd2,0xd1,0xd2,
	0xd3,0xd3,0xd3,0xd2,0xd2,0xd1,0xd1,0xd0,0x90,0x91,0x91,0x91,0x91,0x91,0x91,0x91,
	0x91,0x91,0x91,0x91,0x91,0x91,0x91,0x91,0x91,0x91,0x91,0x91,0x91,0x91,0x91,0x91,
	0x91,0x91,0x91,0x91,0x91,0x91,0x91,0x91,0x91,0x91,0x91,0x91,0x91,0x91,0x91,0x91,
	0x51,0x51,0x51,0x51,0x51,0x51,0x51,0x51,0x51,0x51,0x51,0x51,0x51,0x51,0x51,0x51,
	0x51,0x51,0x51,0x51,0x51,0x51,0x51,0x51,0x51,0x51,0x51,0x51,0x51,0x51,0x51,0x51,
	0x51,0x51,0x51,0x51,0x51,0x51,0x51,0x51,0x10,0x10,0x10,0x10,0x10,0x16,0x10,0x10,
	0xed,0xef,0xe6,0xea,0xeb,0xeb,0xeb,0xeb,0xeb,0xeb,0xeb,0xeb,0xeb,0xeb,0xeb,0xeb,
	0xeb,0xeb,0xeb,0xeb,0xeb,0xeb,0xeb,0xeb,0xeb,0xeb,0xeb,0xeb,0xeb,0xeb,0xeb,0xeb,
	0x0e,0x0e,0x0f,0x10,0x11,0x12,0x12,0x12,0x11,0x10,0x10,0x10,0x10,0x10,0x10,0x10,
	0x10,0x10,0x10,0x10,0x10,0x10,0x10,0x10,0x11,0x11,0x11,0x11,0x10,0x10,0x10,0x10,
	0x14,0xed,0xe7,0xea,0xeb,0xeb,0xeb,0xeb,0xa9,0xaa,0xaa,0xaa,0xaa,0xab,0xab,0xab,
	0xaa,0xaa,0xaa,0xaa,0xaa,0xaa,0xaa,0xaa,0xaa,0xaa,0xaa,0xaa,0xaa,0xaa,0xaa,0xaa,
	0xa9,0xa9,0xa9,0xa8,0xa8,0xa8,0xa8,0xa8,0xa8,0xa8,0xa8,0xa8,0xa8,0xa8,0xa8,0xa8,
	0x6a,0x6a,0x6a,0x6a,0x6a,0x6a,0x6a,0x6a,0x6a,0x6a,0x6a,0x6a,0x6a,0x6a,0x6a,0x6a,
	0x6a,0x6a,0x6a,0x6a,0x6a,0x6a,0x6a,0x6a,0x6a,0x6a,0x6a,0x6a,0x6a,0x6a,0x6a,0x6a,
	0x6a,0x6a,0x6a,0x6a,0x6a,0x6a,0x6a,0x6a,0x29,0x29,0x29,0x29,0x29,0x29,0x29,0x29,
	0x29,0x29,0x29,0x29,0x29,0x29,0x29,0x29,0x28,0x28,0x28,0x28,0x28,0x28,0x28,0x28,
	0x29,0x29,0x29,0x29,0x29,0x29,0x29,0x29,0x29,0x2a,0x2a,0x2a,0x29,0x29,0x29,0x29,
	0xd2,0xd2,0xd2,0xd2,0xd2,0xd2,0xd2,0xd2,0xd2,0xd2,0xd2,0xd2,0xd2,0xd2,0xd2,0xd2,
	0xd3,0xd3,0xd3,0xd3,0xd3,0xd3,0xd3,0xd3,0xd4,0xd4,0xd4,0xd3,0xd2,0xd1,0xd1,0xd2,
	0xd4,0xd4,0xd4,0xd3,0xd2,0xd1,0xd0,0xd0,0x90,0x91,0x91,0x91,0x91,0x91,0x91,0x91,
	0x91,0x91,0x91,0x91,0x91,0x91,0x91,0x91,0x91,0x91,0x91,0x91,0x91,0x91,0x91,0x91,
	0x91,0x91,0x91,0x91,0x91,0x91,0x91,0x91,0x91,0x91,0x91,0x91,0x91,0x91,0x91,0x91,
	0x51,0x51,0x51,0x51,0x51,0x51,0x51,0x51,0x51,0x51,0x51,0x51,0x51,0x51,0x51,0x51,
	0x51,0x51,0x51,0x51,0x51,0x51,0x51,0x51,0x51,0x51,0x51,0x51,0x51,0x51,0x51,0x51,
	0x51,0x51,0x51,0x51,0x51,0x51,0x51,0x51,0x10,0x10,0x10,0x10,0x10,0x10,0x10,0x10,
	0xec,0xe9,0xe6,0xeb,0xeb,0xeb,0xeb,0xeb,0xeb,0xeb,0xeb,0xeb,0xeb,0xeb,0xeb,0xeb,
	0xeb,0xeb,0xeb,0xeb,0xeb,0xeb,0xeb,0xeb,0xeb,0xeb,0xeb,0xeb,0xeb,0xeb,0xeb,0xeb,
	0x0f,0x10,0x11,0x12,0x13,0x15,0x14,0x14,0x12,0x11,0x10,0x10,0x10,0x10,0x10,0x10,
	0x10,0x10,0x10,0x10,0x10,0x10,0x10,0x10,0x0f,0x0f,0x0f,0x10,0x11,0x11,0x12,0x12,
	0x0d,0x13,0xea,0xee,0xec,0xeb,0xeb,0xeb,0xa8,0xa9,0xa9,0xaa,0xac,0xad,0xad,0xac,
	0xac,0xab,0xaa,0xaa,0xaa,0xaa,0xaa,0xaa,0xaa,0xaa,0xaa,0xaa,0xaa,0xaa,0xaa,0xa9,
	0xa9,0xa8,0xa8,0xa7,0xa7,0xa7,0xa6,0xa7,0xa8,0xa9,0xa9,0xa8,0xa8,0xa8,0xa7,0xa7,
	0x6a,0x6a,0x6a,0x6a,0x6a,0x6a,0x6a,0x6a,0x6a,0x6a,0x6a,0x6a,0x6a,0x6a,0x6a,0x6a,
	0x6a,0x6a,0x6a,0x6a,0x6a,0x6a,0x6a,0x6a,0x6a,0x6a,0x6a,0x6a,0x6a,0x6a,0x6a,0x6a,
	0x6a,0x6a,0x6a,0x6a,0x6a,0x6a,0x6a,0x6a,0x29,0x29,0x29,0x29,0x29,0x29,0x29,0x29,
	0x2a,0x2a,0x2a,0x2a,0x2a,0x2a,0x2a,0x2a,0x2a,0x2a,0x2a,0x2a,0x2a,0x2a,0x2a,0x2a,
	0x29,0x29,0x29,0x29,0x29,0x2a,0x2a,0x2a,0x2a,0x2a,0x2a,0x2a,0x2b,0x2b,0x2b,0x2b,
	0xd3,0xd2,0xd2,0xd2,0xd2,0xd2,0xd2,0xd2,0xd2,0xd2,0xd2,0xd2,0xd2,0xd2,0xd3,0xd3,
	0xd3,0xd4,0xd4,0xd4,0xd4,0xd4,0xd4,0xd4,0xd5,0xd5,0xd4,0xd3,0xd2,0xd1,0xd0,0xd1,
	0xd4,0xd5,0xd4,0xd2,0xd1,0xd0,0xcf,0xce,0x8f,0x91,0x91,0x91,0x91,0x91,0x91,0x91,
	0x91,0x91,0x91,0x91,0x91,0x91,0x91,0x91,0x91,0x91,0x91,0x91,0x91,0x91,0x91,0x91,
	0x91,0x91,0x91,0x91,0x91,0x91,0x91,0x91,0x91,0x91,0x91,0x91,0x91,0x91,0x91,0x91,
	0x51,0x51,0x51,0x51,0x51,0x51,0x51,0x51,0x51,0x51,0x51,0x51,0x51,0x51,0x51,0x51,
	0x51,0x51,0x51,0x51,0x51,0x51,0x51,0x51,0x51,0x51,0x51,0x51,0x51,0x51,0x51,0x51,
	0x51,0x51,0x51,0x51,0x51,0x51,0x51,0x51,0x10,0x10,0x10,0x10,0x10,0x10,0x10,0xe0,
	0xeb,0xe4,0xe9,0xe9,0xeb,0xeb,0xeb,0xeb,0xeb,0xeb,0xeb,0xeb,0xeb,0xeb,0xeb,0xeb,
	0xeb,0xeb,0xeb,0xeb,0xeb,0xeb,0xeb,0xeb,0xea,0xea,0xea,0xea,0xea,0xea,0xea,0xea,
	0x52,0x53,0x54,0x56,0x57,0x59,0x5a,0x5c,0x5e,0x61,0x65,0x66,0x69,0x6b,0x6d,0x6e,
	0x70,0x72,0x74,0x75,0x78,0x7c,0x7e,0x7e,0x82,0x85,0x87,0x89,0x8c,0x8e,0x8f,0x90,
	0x92,0x94,0x96,0x97,0x9a,0x9d,0x9f,0xa2,0xa5,0xa8,0xa9,0xab,0xad,0xaf,0xb0,0xb2,
	0xb3,0xb5,0xb7,0xb9,0xbc,0xbf,0xc1,0xc3,0xc4,0xc6,0xc9,0xc9,0xcc,0xce,0xcf,0xcf,
	0xcf,0xce,0xcd,0xcc,0xcc,0xcb,0xca,0xc9,0xc6,0xc5,0xc4,0xc4,0xc3,0xc2,0xc2,0xc1,
	0xbf,0xbd,0xbc,0xbb,0xbb,0xba,0xba,0xba,0xb9,0xb8,0xb7,0xb6,0xb2,0xb0,0xb0,0xaf,
	0xae,0xad,0xac,0xac,0xab,0xaa,0xa9,0xa9,0xa8,0xa7,0xa6,0xa6,0xa3,0xa0,0x9f,0x9f,
	0x9f,0x9f,0x9f,0x9b,0x9a,0x9a,0x9a,0x99,0x97,0x96,0x95,0x94,0x93,0x92,0x92,0x92,
	0x92,0x92,0x93,0x93,0x93,0x93,0x93,0x94,0x95,0x96,0x96,0x96,0x96,0x96,0x96,0x97,
	0x99,0x9b,0x9b,0x9b,0x9b,0x9b,0x9b,0x9b,0x9c,0x9c,0x9c,0x9c,0x9c,0x9c,0x9c,0x9c,
	0x9d,0x9e,0x9f,0xa0,0xa1,0xa1,0xa2,0xa3,0xa3,0xa3,0xa3,0xa3,0xa3,0xa3,0xa3,0xa4,
	0xa5,0xa6,0xa6,0xa6,0xa6,0xa6,0xa6,0xa7,0xa6,0xa6,0xa5,0xa4,0xa2,0xa1,0xa0,0x9f,
	0x98,0x97,0x96,0x94,0x92,0x90,0x8f,0x8e,0x8c,0x88,0x86,0x84,0x81,0x7f,0x7d,0x7d,
	0x7c,0x7a,0x79,0x78,0x73,0x6f,0x6c,0x6a,0x68,0x66,0x64,0x65,0x62,0x60,0x5e,0x5c,
	0x58,0x54,0x53,0x53,0x51,0x4f,0x4e,0x4b,0x49,0x45,0x43,0x44,0x41,0x3d,0x3b,0x3a,
	0x37,0x34,0x31,0x31,0x2c,0x2c,0x2e,0x2d,0x2c,0x2b,0x2a,0x2b,0x2d,0x30,0x31,0x32,
	0x33,0x34,0x35,0x35,0x36,0x37,0x38,0x38,0x39,0x3a,0x3b,0x3b,0x3e,0x41,0x42,0x42,
	0x43,0x43,0x43,0x47,0x48,0x49,0x49,0x4a,0x4c,0x4d,0x4e,0x4f,0x50,0x51,0x52,0x52,
	0x53,0x53,0x54,0x57,0x59,0x5b,0x5b,0x5c,0x5d,0x5e,0x60,0x60,0x62,0x63,0x63,0x63,
	0x64,0x64,0x65,0x67,0x69,0x6a,0x6a,0x69,0x69,0x69,0x68,0x68,0x68,0x68,0x68,0x68,
	0x53,0x54,0x56,0x58,0x5a,0x5c,0x5d,0x5f,0x61,0x64,0x67,0x69,0x6c,0x6e,0x70,0x72,
	0x74,0x75,0x77,0x77,0x7d,0x7e,0x7f,0x80,0x82,0x85,0x87,0x8a,0x8d,0x90,0x92,0x94,
	0x95,0x97,0x98,0x98,0x9c,0x9e,0xa0,0xa3,0xa6,0xa7,0xa9,0xab,0xae,0xb0,0xb2,0xb3,
	0xb6,0xb8,0xb9,0xb8,0xbd,0xc1,0xc4,0xc6,0xc8,0xca,0xcc,0xcb,0xce,0xd0,0xd1,0xd0,
	0xd0,0xce,0xcd,0xcc,0xcb,0xca,0xca,0xc8,0xc8,0xc7,0xc6,0xc5,0xc4,0xc3,0xc2,0xc1,
	0xc0,0xbc,0xbb,0xba,0xb9,0xb8,0xb8,0xb7,0xb5,0xb4,0xb3,0xb2,0xb0,0xaf,0xaf,0xae,
	0xad,0xab,0xab,0xab,0xaa,0xa9,0xa9,0xa9,0xa7,0xa5,0xa3,0xa3,0xa0,0x9f,0x9f,0x9f,
	0x9f,0x9e,0x9b,0x9b,0x9a,0x99,0x98,0x98,0x96,0x94,0x93,0x93,0x92,0x91,0x91,0x92,
	0x92,0x92,0x93,0x93,0x93,0x93,0x93,0x94,0x96,0x97,0x97,0x97,0x97,0x97,0x97,0x98,
	0x9a,0x9b,0x9b,0x9b,0x9b,0x9b,0x9b,0x9c,0x9c,0x9c,0x9c,0x9c,0x9d,0x9d,0x9d,0x9d,
	0x9e,0xa0,0xa1,0xa1,0xa1,0xa2,0xa3,0xa3,0xa3,0xa3,0xa3,0xa3,0xa3,0xa3,0xa3,0xa4,
	0xa6,0xa7,0xa7,0xa7,0xa7,0xa7,0xa7,0xa7,0xa7,0xa7,0xa5,0xa4,0xa2,0xa1,0x9f,0x9e,
	0x99,0x97,0x95,0x93,0x91,0x8f,0x8d,0x8c,0x8a,0x85,0x83,0x81,0x7f,0x7d,0x7c,0x7b,
	0x7a,0x77,0x74,0x73,0x6f,0x6b,0x69,0x67,0x66,0x65,0x64,0x66,0x60,0x5b,0x58,0x55,
	0x53,0x53,0x53,0x53,0x4f,0x4b,0x4a,0x47,0x45,0x42,0x41,0x41,0x3d,0x3a,0x3a,0x38,
	0x36,0x31,0x2e,0x2d,0x2c,0x2d,0x2c,0x2b,0x2b,0x2b,0x2c,0x2d,0x30,0x32,0x32,0x33,
	0x34,0x36,0x36,0x36,0x37,0x38,0x38,0x38,0x3a,0x3c,0x3e,0x3e,0x41,0x42,0x42,0x42,
	0x43,0x45,0x48,0x47,0x49,0x4a,0x4b,0x4b,0x4d,0x4f,0x50,0x50,0x51,0x52,0x52,0x52,
	0x53,0x55,0x58,0x58,0x5b,0x5b,0x5c,0x5d,0x5f,0x60,0x61,0x62,0x63,0x63,0x63,0x63,
	0x64,0x65,0x68,0x69,0x6a,0x6a,0x69,0x69,0x68,0x68,0x67,0x67,0x67,0x67,0x67,0x67,
	0x52,0x53,0x55,0x57,0x5a,0x5c,0x5d,0x5e,0x61,0x64,0x67,0x68,0x6b,0x6e,0x70,0x72,
	0x74,0x77,0x7b,0x7c,0x7d,0x7f,0x81,0x83,0x84,0x86,0x88,0x8a,0x8d,0x90,0x91,0x92,
	0x94,0x96,0x97,0x97,0x9b,0x9f,0xa2,0xa4,0xa5,0xa6,0xa8,0xab,0xaf,0xb2,0xb4,0xb6,
	0xb8,0xb9,0xb9,0xb9,0xbd,0xc1,0xc4,0xc6,0xc8,0xca,0xcc,0xcd,0xcf,0xd1,0xd2,0xd0,
	0xd0,0xcf,0xce,0xcd,0xcb,0xca,0xc9,0xc8,0xc8,0xc7,0xc6,0xc5,0xc4,0xc3,0xc2,0xc1,
	0xbf,0xbd,0xbb,0xba,0xb9,0xb8,0xb8,0xb8,0xb6,0xb4,0xb2,0xb1,0xb0,0xaf,0xae,0xad,
	0xad,0xab,0xaa,0xaa,0xa9,0xa9,0xa8,0xa8,0xa7,0xa4,0xa1,0xa0,0x9f,0x9f,0x9f,0xa0,
	0x9e,0x9c,0x9b,0x9b,0x9a,0x98,0x97,0x97,0x95,0x93,0x92,0x92,0x91,0x91,0x91,0x92,
	0x93,0x93,0x94,0x94,0x94,0x94,0x94,0x95,0x96,0x97,0x97,0x97,0x97,0x97,0x97,0x98,
	0x99,0x9a,0x9a,0x9a,0x9b,0x9b,0x9b,0x9b,0x9c,0x9c,0x9c,0x9c,0x9c,0x9d,0x9d,0x9e,
	0x9f,0xa0,0xa1,0xa1,0xa3,0xa3,0xa3,0xa3,0xa3,0xa3,0xa3,0xa3,0xa3,0xa4,0xa4,0xa5,
	0xa7,0xa8,0xa8,0xa8,0xa8,0xa8,0xa8,0xa8,0xa8,0xa7,0xa6,0xa4,0xa2,0xa0,0x9f,0x9d,
	0x99,0x97,0x95,0x93,0x91,0x8e,0x8d,0x8c,0x89,0x86,0x84,0x83,0x81,0x7e,0x7c,0x7a,
	0x76,0x73,0x71,0x72,0x6f,0x6c,0x6a,0x69,0x68,0x66,0x65,0x64,0x60,0x5b,0x58,0x56,
	0x55,0x54,0x53,0x51,0x4f,0x4c,0x4a,0x48,0x46,0x42,0x40,0x3e,0x3b,0x3a,0x39,0x38,
	0x35,0x31,0x2f,0x2e,0x2e,0x2c,0x2a,0x29,0x2a,0x2c,0x2e,0x2f,0x31,0x32,0x33,0x34,
	0x34,0x36,0x37,0x37,0x38,0x38,0x38,0x39,0x3a,0x3d,0x40,0x41,0x42,0x42,0x41,0x41,
	0x44,0x46,0x48,0x48,0x49,0x4b,0x4c,0x4b,0x4d,0x4f,0x51,0x50,0x52,0x52,0x52,0x52,
	0x54,0x57,0x58,0x5a,0x5b,0x5c,0x5d,0x5e,0x60,0x60,0x61,0x63,0x63,0x63,0x63,0x63,
	0x65,0x67,0x69,0x6a,0x6a,0x6a,0x69,0x69,0x68,0x68,0x67,0x67,0x67,0x67,0x67,0x67,
	0x52,0x53,0x55,0x57,0x5a,0x5c,0x5e,0x5f,0x61,0x64,0x65,0x66,0x6a,0x6e,0x70,0x71,
	0x74,0x77,0x79,0x79,0x7c,0x7f,0x81,0x83,0x84,0x86,0x88,0x8a,0x8c,0x8f,0x90,0x91,
	0x93,0x96,0x99,0x9a,0x9c,0x9f,0xa1,0xa3,0xa4,0xa6,0xa8,0xab,0xaf,0xb2,0xb4,0xb6,
	0xb7,0xb8,0xb9,0xba,0xbe,0xc1,0xc3,0xc5,0xc7,0xca,0xcc,0xcd,0xd0,0xd2,0xd2,0xd1,
	0xd0,0xcf,0xce,0xcd,0xcb,0xca,0xc9,0xc8,0xc8,0xc7,0xc6,0xc5,0xc4,0xc2,0xc1,0xc0,
	0xbf,0xbd,0xbc,0xbc,0xbb,0xb9,0xb9,0xb8,0xb6,0xb4,0xb2,0xb1,0xb0,0xaf,0xae,0xad,
	0xad,0xac,0xaa,0xa9,0xa9,0xa9,0xa8,0xa7,0xa7,0xa4,0xa1,0xa0,0x9f,0x9f,0x9e,0x9d,
	0x9c,0x9b,0x9b,0x9b,0x99,0x98,0x97,0x96,0x94,0x93,0x92,0x91,0x91,0x91,0x91,0x92,
	0x93,0x93,0x94,0x94,0x94,0x94,0x94,0x95,0x96,0x96,0x96,0x97,0x97,0x97,0x97,0x98,
	0x9b,0x9c,0x9c,0x9c,0x9d,0x9d,0x9d,0x9d,0x9e,0x9e,0x9e,0x9f,0x9f,0x9f,0x9f,0x9f,
	0x9f,0xa0,0xa1,0xa2,0xa3,0xa3,0xa3,0xa3,0xa3,0xa3,0xa3,0xa3,0xa3,0xa4,0xa4,0xa5,
	0xa6,0xa8,0xa8,0xa8,0xa8,0xa8,0xa8,0xa8,0xa8,0xa7,0xa6,0xa4,0xa2,0xa0,0x9e,0x9c,
	0x9a,0x98,0x96,0x93,0x91,0x8e,0x8d,0x8c,0x8a,0x87,0x86,0x86,0x81,0x7d,0x7b,0x7a,
	0x78,0x75,0x73,0x72,0x70,0x6e,0x6c,0x6b,0x6a,0x66,0x64,0x63,0x5f,0x5b,0x59,0x58,
	0x56,0x54,0x52,0x50,0x4f,0x4c,0x4b,0x4a,0x47,0x42,0x3f,0x3d,0x3c,0x3a,0x39,0x37,
	0x36,0x33,0x31,0x30,0x2d,0x2b,0x29,0x29,0x2a,0x2c,0x2e,0x2f,0x31,0x32,0x33,0x34,
	0x34,0x36,0x37,0x38,0x38,0x38,0x38,0x3a,0x3b,0x3e,0x41,0x42,0x42,0x43,0x43,0x43,
	0x45,0x46,0x48,0x48,0x49,0x4b,0x4c,0x4c,0x4e,0x4f,0x51,0x51,0x52,0x52,0x53,0x54,
	0x55,0x57,0x59,0x5a,0x5b,0x5d,0x5e,0x5e,0x60,0x61,0x62,0x63,0x63,0x63,0x64,0x64,
	0x66,0x68,0x6a,0x6a,0x6a,0x6a,0x69,0x69,0x68,0x68,0x67,0x67,0x67,0x67,0x66,0x66,
	0x52,0x53,0x55,0x57,0x5a,0x5c,0x5e,0x5f,0x61,0x63,0x65,0x64,0x69,0x6e,0x70,0x71,
	0x73,0x76,0x78,0x78,0x7b,0x7e,0x82,0x83,0x85,0x86,0x88,0x89,0x8c,0x8e,0x8f,0x90,
	0x92,0x95,0x9a,0x9a,0x9c,0x9e,0xa0,0xa2,0xa4,0xa6,0xa9,0xab,0xaf,0xb3,0xb3,0xb5,
	0xb7,0xb8,0xb9,0xba,0xbe,0xc1,0xc3,0xc5,0xc7,0xc9,0xcc,0xce,0xd1,0xd2,0xd2,0xd1,
	0xd0,0xd0,0xcf,0xcc,0xcb,0xc9,0xc8,0xc8,0xc7,0xc8,0xc5,0xc4,0xc3,0xc1,0xc0,0xc0,
	0xc0,0xbe,0xbd,0xbd,0xbc,0xba,0xba,0xb8,0xb7,0xb5,0xb3,0xb2,0xb1,0xae,0xaf,0xae,
	0xad,0xac,0xab,0xa9,0xa9,0xa8,0xa7,0xa7,0xa6,0xa3,0xa1,0xa0,0xa0,0x9f,0x9d,0x9c,
	0x9b,0x9b,0x9a,0x9a,0x98,0x97,0x96,0x95,0x93,0x92,0x91,0x91,0x91,0x91,0x92,0x92,
	0x93,0x93,0x94,0x94,0x94,0x94,0x94,0x95,0x96,0x96,0x96,0x97,0x97,0x97,0x98,0x98,
	0x9a,0x9a,0x9a,0x9b,0x9b,0x9b,0x9c,0x9c,0x9c,0x9d,0x9d,0x9d,0x9e,0x9e,0x9e,0x9e,
	0x9f,0xa1,0xa1,0xa2,0xa2,0xa2,0xa2,0xa3,0xa3,0xa3,0xa3,0xa4,0xa4,0xa4,0xa4,0xa5,
	0xa7,0xa7,0xa7,0xa7,0xa7,0xa8,0xa8,0xa8,0xa8,0xa7,0xa6,0xa4,0xa2,0xa0,0x9e,0x9c,
	0x9a,0x98,0x96,0x93,0x91,0x8e,0x8d,0x8c,0x8a,0x88,0x86,0x86,0x82,0x7d,0x7b,0x7a,
	0x78,0x75,0x73,0x72,0x70,0x6e,0x6e,0x6d,0x6b,0x67,0x63,0x62,0x5e,0x5c,0x5a,0x59,
	0x57,0x53,0x51,0x50,0x4f,0x4d,0x4c,0x4a,0x48,0x42,0x3f,0x3e,0x3d,0x3a,0x39,0x37,
	0x36,0x33,0x31,0x30,0x2d,0x2b,0x29,0x29,0x29,0x2d,0x2f,0x30,0x30,0x33,0x32,0x33,
	0x35,0x36,0x37,0x38,0x38,0x39,0x39,0x3a,0x3c,0x3e,0x42,0x43,0x43,0x43,0x44,0x45,
	0x45,0x46,0x47,0x48,0x4a,0x4a,0x4b,0x4d,0x4e,0x4f,0x50,0x51,0x52,0x53,0x54,0x55,
	0x56,0x57,0x5a,0x59,0x5b,0x5d,0x5d,0x5e,0x5f,0x61,0x63,0x63,0x63,0x64,0x64,0x65,
	0x67,0x69,0x6a,0x6a,0x6a,0x6a,0x69,0x69,0x69,0x67,0x67,0x66,0x66,0x66,0x66,0x66,
	0x52,0x53,0x55,0x57,0x5a,0x5c,0x5e,0x5f,0x61,0x63,0x65,0x65,0x69,0x6e,0x6f,0x70,
	0x72,0x76,0x78,0x78,0x7b,0x7e,0x81,0x82,0x84,0x86,0x88,0x89,0x8c,0x8f,0x90,0x91,
	0x93,0x95,0x99,0x99,0x9b,0x9e,0xa0,0xa3,0xa4,0xa6,0xa9,0xab,0xaf,0xb2,0xb3,0xb5,
	0xb6,0xb8,0xb9,0xba,0xbe,0xc1,0xc3,0xc5,0xc7,0xc9,0xcb,0xcd,0xd1,0xd2,0xd2,0xd0,
	0xcf,0xcf,0xce,0xcc,0xcb,0xc9,0xc8,0xc8,0xc7,0xc7,0xc5,0xc4,0xc3,0xc1,0xc0,0xbf,
	0xbf,0xbd,0xbc,0xbc,0xbb,0xb9,0xb9,0xb8,0xb6,0xb5,0xb3,0xb2,0xb1,0xaf,0xaf,0xae,
	0xad,0xac,0xab,0xa9,0xa9,0xa8,0xa7,0xa6,0xa6,0xa3,0xa1,0xa0,0xa0,0x9f,0x9d,0x9c,
	0x9a,0x9a,0x9a,0x99,0x98,0x97,0x96,0x95,0x94,0x92,0x91,0x91,0x91,0x91,0x92,0x92,
	0x93,0x93,0x94,0x94,0x94,0x94,0x94,0x96,0x96,0x96,0x96,0x97,0x98,0x98,0x99,0x99,
	0x9a,0x9a,0x9a,0x9a,0x9b,0x9b,0x9b,0x9c,0x9c,0x9d,0x9d,0x9d,0x9e,0x9e,0x9e,0x9e,
	0x9f,0xa0,0xa0,0xa1,0xa1,0xa2,0xa2,0xa2,0xa3,0xa3,0xa3,0xa4,0xa4,0xa5,0xa5,0xa6,
	0xa7,0xa7,0xa7,0xa7,0xa7,0xa8,0xa8,0xa8,0xa8,0xa7,0xa6,0xa4,0xa2,0xa0,0x9e,0x9c,
	0x9a,0x98,0x96,0x93,0x91,0x8e,0x8d,0x8c,0x8a,0x87,0x85,0x85,0x81,0x7d,0x7b,0x7b,
	0x78,0x75,0x73,0x72,0x70,0x6e,0x6d,0x6c,0x6a,0x66,0x63,0x62,0x5e,0x5b,0x59,0x58,
	0x57,0x54,0x52,0x50,0x4f,0x4c,0x4b,0x49,0x47,0x42,0x40,0x3f,0x3e,0x3b,0x39,0x37,
	0x36,0x33,0x31,0x30,0x2d,0x2b,0x29,0x29,0x29,0x2c,0x2e,0x2f,0x30,0x32,0x32,0x33,
	0x34,0x36,0x37,0x38,0x38,0x39,0x39,0x3a,0x3c,0x3e,0x41,0x42,0x43,0x43,0x44,0x44,
	0x45,0x46,0x47,0x48,0x49,0x4a,0x4b,0x4c,0x4e,0x4f,0x4f,0x51,0x52,0x53,0x54,0x54,
	0x56,0x58,0x59,0x59,0x5b,0x5c,0x5c,0x5d,0x5f,0x60,0x62,0x63,0x63,0x64,0x64,0x65,
	0x67,0x69,0x6a,0x6a,0x6a,0x6a,0x69,0x69,0x69,0x67,0x67,0x66,0x66,0x66,0x67,0x66,
	0x52,0x53,0x55,0x57,0x5a,0x5c,0x5e,0x5f,0x61,0x64,0x66,0x66,0x6a,0x6e,0x6f,0x6f,
	0x72,0x76,0x78,0x78,0x7b,0x7e,0x81,0x82,0x84,0x86,0x88,0x8a,0x8d,0x90,0x91,0x92,
	0x94,0x96,0x99,0x99,0x9b,0x9e,0xa1,0xa4,0xa5,0xa7,0xa9,0xab,0xaf,0xb2,0xb3,0xb5,
	0xb6,0xb8,0xb9,0xba,0xbe,0xc1,0xc3,0xc6,0xc7,0xc9,0xcb,0xcd,0xd1,0xd3,0xd2,0xd0,
	0xcf,0xcf,0xce,0xcc,0xcb,0xc9,0xc8,0xc7,0xc7,0xc7,0xc5,0xc4,0xc3,0xc1,0xc0,0xbf,
	0xbf,0xbd,0xbc,0xbc,0xbb,0xb9,0xb9,0xb8,0xb6,0xb5,0xb3,0xb2,0xb1,0xaf,0xaf,0xae,
	0xae,0xad,0xab,0xa9,0xa9,0xa8,0xa7,0xa6,0xa6,0xa4,0xa2,0xa1,0xa0,0x9f,0x9d,0x9c,
	0x9a,0x9a,0x9a,0x99,0x98,0x97,0x96,0x95,0x93,0x92,0x91,0x91,0x91,0x91,0x92,0x92,
	0x93,0x93,0x94,0x94,0x94,0x94,0x95,0x96,0x96,0x96,0x96,0x97,0x98,0x98,0x99,0x9a,
	0x9a,0x9b,0x9b,0x9b,0x9b,0x9c,0x9c,0x9d,0x9d,0x9e,0x9e,0x9e,0x9f,0x9f,0x9f,0x9f,
	0x9f,0xa0,0xa1,0xa1,0xa1,0xa2,0xa2,0xa2,0xa3,0xa3,0xa3,0xa4,0xa4,0xa5,0xa5,0xa6,
	0xa6,0xa7,0xa7,0xa7,0xa7,0xa7,0xa8,0xa8,0xa8,0xa7,0xa6,0xa4,0xa2,0xa0,0x9e,0x9c,
	0x9a,0x98,0x96,0x93,0x91,0x8e,0x8d,0x8c,0x8a,0x87,0x85,0x85,0x81,0x7d,0x7c,0x7c,
	0x79,0x75,0x73,0x72,0x70,0x6e,0x6d,0x6c,0x6a,0x66,0x63,0x62,0x5e,0x5b,0x59,0x58,
	0x57,0x54,0x52,0x50,0x4f,0x4c,0x4b,0x49,0x47,0x42,0x40,0x3f,0x3e,0x3b,0x39,0x37,
	0x36,0x33,0x31,0x30,0x2d,0x2b,0x29,0x29,0x29,0x2c,0x2e,0x2f,0x30,0x32,0x32,0x33,
	0x34,0x36,0x37,0x38,0x38,0x39,0x39,0x3b,0x3d,0x3f,0x41,0x42,0x42,0x43,0x43,0x44,
	0x45,0x46,0x47,0x48,0x49,0x4a,0x4b,0x4c,0x4d,0x4e,0x50,0x50,0x52,0x53,0x53,0x55,
	0x56,0x58,0x59,0x5a,0x5b,0x5c,0x5c,0x5d,0x5f,0x60,0x62,0x63,0x63,0x64,0x65,0x65,
	0x67,0x69,0x6a,0x6a,0x6a,0x6a,0x6a,0x69,0x68,0x68,0x67,0x67,0x67,0x67,0x67,0x66,
	0x52,0x53,0x55,0x57,0x5a,0x5c,0x5e,0x5f,0x61,0x64,0x66,0x66,0x6a,0x6e,0x6f,0x6f,
	0x72,0x76,0x78,0x78,0x7b,0x7e,0x81,0x82,0x84,0x86,0x88,0x8a,0x8d,0x90,0x91,0x92,
	0x94,0x96,0x99,0x99,0x9b,0x9e,0xa1,0xa4,0xa5,0xa7,0xa9,0xab,0xaf,0xb2,0xb3,0xb5,
	0xb6,0xb8,0xb9,0xba,0xbe,0xc1,0xc3,0xc6,0xc7,0xc9,0xcb,0xcd,0xd1,0xd3,0xd2,0xd0,
	0xcf,0xcf,0xce,0xcc,0xcb,0xc9,0xc8,0xc7,0xc7,0xc7,0xc5,0xc4,0xc3,0xc1,0xc0,0xbf,
	0xbf,0xbd,0xbc,0xbc,0xbb,0xb9,0xb9,0xb8,0xb6,0xb5,0xb3,0xb2,0xb1,0xaf,0xaf,0xae,
	0xae,0xad,0xab,0xa9,0xa9,0xa8,0xa7,0xa6,0xa6,0xa4,0xa2,0xa1,0xa0,0x9f,0x9d,0x9c,
	0x9a,0x9a,0x9a,0x99,0x98,0x98,0x96,0x95,0x93,0x92,0x91,0x91,0x91,0x91,0x92,0x92,
	0x93,0x93,0x94,0x94,0x94,0x94,0x96,0x96,0x96,0x96,0x96,0x97,0x98,0x98,0x99,0x99,
	0x99,0x99,0x9a,0x9a,0x9a,0x9b,0x9b,0x9c,0x9c,0x9d,0x9d,0x9e,0x9e,0x9e,0x9e,0x9f,
	0x9f,0xa0,0xa0,0xa1,0xa1,0xa1,0xa2,0xa2,0xa3,0xa3,0xa3,0xa4,0xa4,0xa5,0xa5,0xa6,
	0xa6,0xa7,0xa7,0xa7,0xa7,0xa7,0xa7,0xa8,0xa8,0xa7,0xa6,0xa4,0xa2,0xa0,0x9e,0x9c,
	0x9a,0x98,0x96,0x93,0x91,0x8e,0x8d,0x8c,0x8a,0x87,0x85,0x85,0x81,0x7d,0x7c,0x7c,
	0x79,0x75,0x73,0x72,0x70,0x6e,0x6d,0x6c,0x6a,0x66,0x63,0x62,0x5e,0x5b,0x59,0x58,
	0x57,0x54,0x52,0x50,0x4f,0x4c,0x4b,0x49,0x47,0x42,0x40,0x3f,0x3e,0x3b,0x39,0x37,
	0x36,0x33,0x31,0x30,0x2d,0x2b,0x29,0x29,0x29,0x2c,0x2e,0x2f,0x30,0x32,0x32,0x33,
	0x34,0x36,0x37,0x38,0x38,0x39,0x39,0x3b,0x3d,0x3e,0x40,0x41,0x42,0x42,0x43,0x44,
	0x44,0x45,0x47,0x48,0x49,0x4a,0x4b,0x4c,0x4d,0x4f,0x4f,0x51,0x52,0x54,0x54,0x55,
	0x55,0x56,0x58,0x59,0x5a,0x5b,0x5c,0x5d,0x5f,0x60,0x62,0x63,0x63,0x64,0x65,0x66,
	0x67,0x68,0x6a,0x6a,0x6a,0x6a,0x6a,0x69,0x68,0x68,0x67,0x67,0x67,0x67,0x67,0x67,
	0x52,0x53,0x55,0x57,0x5a,0x5c,0x5e,0x5f,0x61,0x64,0x66,0x66,0x6a,0x6e,0x6f,0x6f,
	0x72,0x76,0x78,0x78,0x7b,0x7e,0x81,0x82,0x84,0x86,0x88,0x8a,0x8d,0x90,0x91,0x92,
	0x94,0x96,0x99,0x99,0x9b,0x9e,0xa1,0xa4,0xa5,0xa7,0xa9,0xab,0xaf,0xb2,0xb3,0xb5,
	0xb6,0xb8,0xb9,0xba,0xbe,0xc1,0xc3,0xc6,0xc7,0xc9,0xcb,0xcd,0xd1,0xd3,0xd2,0xd0,
	0xcf,0xcf,0xce,0xcc,0xcb,0xc9,0xc8,0xc7,0xc7,0xc7,0xc5,0xc4,0xc3,0xc1,0xc0,0xbf,
	0xbf,0xbd,0xbc,0xbc,0xbb,0xb9,0xb9,0xb8,0xb6,0xb5,0xb3,0xb2,0xb1,0xaf,0xaf,0xae,
	0xae,0xad,0xab,0xa9,0xa9,0xa8,0xa7,0xa6,0xa6,0xa4,0xa2,0xa1,0xa0,0x9f,0x9d,0x9c,
	0x9a,0x9a,0x9a,0x99,0x98,0x98,0x96,0x95,0x93,0x92,0x91,0x91,0x91,0x91,0x91,0x92,
	0x93,0x93,0x94,0x94,0x94,0x95,0x96,0x96,0x96,0x96,0x96,0x97,0x98,0x98,0x99,0x99,
	0x9a,0x9b,0x9b,0x9b,0x9b,0x9c,0x9c,0x9d,0x9d,0x9e,0x9e,0x9f,0x9f,0xa0,0xa0,0xa0,
	0xa0,0xa0,0xa0,0xa1,0xa1,0xa1,0xa1,0xa2,0xa2,0xa3,0xa3,0xa4,0xa4,0xa5,0xa5,0xa6,
	0xa6,0xa7,0xa7,0xa7,0xa7,0xa7,0xa7,0xa7,0xa7,0xa7,0xa6,0xa4,0xa2,0xa0,0x9e,0x9c,
	0x9a,0x98,0x96,0x93,0x91,0x8e,0x8d,0x8c,0x8a,0x87,0x85,0x85,0x81,0x7d,0x7c,0x7c,
	0x79,0x75,0x73,0x72,0x70,0x6e,0x6d,0x6c,0x6a,0x66,0x63,0x62,0x5e,0x5b,0x59,0x58,
	0x57,0x54,0x52,0x50,0x4f,0x4c,0x4b,0x49,0x47,0x42,0x40,0x3f,0x3e,0x3b,0x39,0x37,
	0x36,0x33,0x31,0x30,0x2d,0x2b,0x29,0x29,0x29,0x2c,0x2e,0x2f,0x30,0x32,0x32,0x33,
	0x34,0x36,0x37,0x38,0x38,0x39,0x39,0x3b,0x3d,0x3e,0x40,0x41,0x41,0x42,0x42,0x44,
	0x45,0x46,0x48,0x49,0x49,0x4a,0x4b,0x4c,0x4e,0x4f,0x50,0x51,0x53,0x53,0x54,0x55,
	0x56,0x57,0x58,0x59,0x5a,0x5b,0x5c,0x5d,0x5f,0x60,0x62,0x63,0x63,0x64,0x65,0x66,
	0x67,0x68,0x6a,0x6a,0x6a,0x6a,0x6a,0x69,0x68,0x68,0x68,0x67,0x67,0x67,0x67,0x67,
	0x52,0x53,0x55,0x57,0x5a,0x5c,0x5e,0x5f,0x61,0x64,0x66,0x66,0x6a,0x6e,0x6f,0x6f,
	0x72,0x76,0x78,0x78,0x7b,0x7e,0x81,0x82,0x84,0x86,0x88,0x8a,0x8d,0x90,0x91,0x92,
	0x94,0x96,0x99,0x99,0x9b,0x9e,0xa1,0xa4,0xa5,0xa7,0xa9,0xab,0xaf,0xb2,0xb3,0xb5,
	0xb6,0xb8,0xb9,0xba,0xbe,0xc1,0xc3,0xc6,0xc7,0xc9,0xcb,0xcd,0xd1,0xd3,0xd2,0xd0,
	0xcf,0xcf,0xce,0xcc,0xcb,0xc9,0xc8,0xc7,0xc7,0xc7,0xc5,0xc4,0xc3,0xc1,0xc0,0xbf,
	0xbf,0xbd,0xbc,0xbc,0xbb,0xb9,0xb9,0xb8,0xb6,0xb5,0xb3,0xb2,0xb1,0xaf,0xaf,0xae,
	0xae,0xad,0xab,0xa9,0xa9,0xa8,0xa7,0xa6,0xa6,0xa4,0xa2,0xa1,0xa0,0x9f,0x9d,0x9c,
	0x9a,0x9a,0x9a,0x99,0x99,0x98,0x96,0x95,0x93,0x92,0x91,0x91,0x91,0x91,0x91,0x92,
	0x93,0x93,0x94,0x94,0x94,0x96,0x96,0x96,0x96,0x96,0x96,0x97,0x98,0x98,0x99,0x99,
	0x99,0x99,0x9a,0x9a,0x9a,0x9b,0x9b,0x9c,0x9c,0x9d,0x9e,0x9e,0x9e,0x9f,0x9f,0x9f,
	0x9f,0xa0,0xa0,0xa0,0xa1,0xa1,0xa1,0xa2,0xa2,0xa3,0xa3,0xa4,0xa4,0xa5,0xa5,0xa6,
	0xa6,0xa7,0xa7,0xa7,0xa7,0xa7,0xa7,0xa7,0xa7,0xa7,0xa6,0xa4,0xa2,0xa0,0x9e,0x9c,
	0x9a,0x98,0x96,0x93,0x91,0x8e,0x8d,0x8c,0x8a,0x87,0x85,0x85,0x81,0x7d,0x7c,0x7c,
	0x79,0x75,0x73,0x72,0x70,0x6e,0x6d,0x6c,0x6a,0x66,0x63,0x62,0x5e,0x5b,0x59,0x58,
	0x57,0x54,0x52,0x50,0x4f,0x4c,0x4b,0x49,0x47,0x42,0x40,0x3f,0x3e,0x3b,0x39,0x37,
	0x36,0x33,0x31,0x30,0x2d,0x2b,0x29,0x29,0x29,0x2c,0x2e,0x2f,0x30,0x32,0x32,0x33,
	0x34,0x36,0x37,0x38,0x38,0x39,0x39,0x3b,0x3d,0x3e,0x3f,0x40,0x41,0x41,0x42,0x43,
	0x45,0x46,0x48,0x49,0x4a,0x4b,0x4c,0x4e,0x4e,0x4f,0x51,0x52,0x52,0x54,0x55,0x55,
	0x56,0x57,0x58,0x59,0x5a,0x5b,0x5c,0x5d,0x5e,0x60,0x62,0x63,0x63,0x64,0x65,0x66,
	0x67,0x68,0x6a,0x6a,0x6a,0x6a,0x6a,0x69,0x68,0x68,0x68,0x68,0x67,0x67,0x67,0x67,
	0x52,0x53,0x55,0x57,0x5a,0x5c,0x5e,0x5f,0x61,0x64,0x66,0x66,0x6a,0x6e,0x6f,0x6f,
	0x72,0x76,0x78,0x78,0x7b,0x7e,0x81,0x82,0x84,0x86,0x88,0x8a,0x8d,0x90,0x91,0x92,
	0x94,0x96,0x99,0x99,0x9b,0x9e,0xa1,0xa4,0xa5,0xa7,0xa9,0xab,0xaf,0xb2,0xb3,0xb5,
	0xb6,0xb8,0xb9,0xba,0xbe,0xc1,0xc3,0xc6,0xc7,0xc9,0xcb,0xcd,0xd1,0xd3,0xd2,0xd0,
	0xcf,0xcf,0xce,0xcc,0xcb,0xc9,0xc8,0xc7,0xc7,0xc7,0xc5,0xc4,0xc3,0xc1,0xc0,0xbf,
	0xbf,0xbd,0xbc,0xbc,0xbb,0xb9,0xb9,0xb8,0xb6,0xb5,0xb3,0xb2,0xb1,0xaf,0xaf,0xae,
	0xae,0xad,0xab,0xa9,0xa9,0xa8,0xa7,0xa6,0xa6,0xa4,0xa2,0xa1,0xa0,0x9f,0x9d,0x9c,
	0x9a,0x9a,0x9a,0x99,0x99,0x98,0x96,0x95,0x93,0x92,0x91,0x91,0x91,0x91,0x91,0x92,
	0x93,0x93,0x94,0x94,0x95,0x96,0x96,0x96,0x96,0x96,0x96,0x97,0x98,0x98,0x99,0x99,
	0x9a,0x9a,0x9a,0x9a,0x9b,0x9b,0x9c,0x9c,0x9d,0x9d,0x9e,0x9f,0x9f,0x9f,0xa0,0xa0,
	0x9f,0x9f,0xa0,0xa0,0xa0,0xa0,0xa1,0xa2,0xa3,0xa3,0xa3,0xa4,0xa4,0xa5,0xa5,0xa6,
	0xa6,0xa6,0xa7,0xa7,0xa7,0xa7,0xa8,0xa8,0xa8,0xa8,0xa6,0xa4,0xa2,0xa0,0x9e,0x9c,
	0x9a,0x98,0x96,0x93,0x91,0x8e,0x8d,0x8c,0x8a,0x87,0x85,0x85,0x81,0x7d,0x7c,0x7c,
	0x79,0x75,0x73,0x72,0x70,0x6e,0x6d,0x6c,0x6a,0x66,0x63,0x62,0x5e,0x5b,0x59,0x58,
	0x57,0x54,0x52,0x50,0x4f,0x4c,0x4b,0x49,0x47,0x42,0x40,0x3f,0x3e,0x3b,0x39,0x37,
	0x36,0x33,0x31,0x30,0x2d,0x2b,0x29,0x29,0x29,0x2c,0x2e,0x2f,0x30,0x32,0x32,0x33,
	0x34,0x36,0x37,0x38,0x38,0x39,0x39,0x3b,0x3d,0x3e,0x3f,0x40,0x40,0x41,0x41,0x43,
	0x45,0x46,0x47,0x48,0x49,0x4a,0x4b,0x4c,0x4e,0x4f,0x50,0x51,0x53,0x54,0x55,0x55,
	0x56,0x57,0x58,0x59,0x59,0x5b,0x5c,0x5d,0x5e,0x60,0x62,0x63,0x63,0x64,0x65,0x66,
	0x67,0x69,0x6a,0x6a,0x6a,0x6a,0x6a,0x68,0x68,0x68,0x68,0x67,0x67,0x67,0x67,0x67,
	0x52,0x53,0x55,0x57,0x5a,0x5c,0x5e,0x5f,0x61,0x64,0x66,0x66,0x6a,0x6e,0x6f,0x6f,
	0x72,0x76,0x78,0x78,0x7b,0x7e,0x81,0x82,0x84,0x86,0x88,0x8a,0x8d,0x90,0x91,0x92,
	0x94,0x96,0x99,0x99,0x9b,0x9e,0xa1,0xa4,0xa5,0xa7,0xa9,0xab,0xaf,0xb2,0xb3,0xb5,
	0xb6,0xb8,0xb9,0xba,0xbe,0xc1,0xc3,0xc6,0xc7,0xc9,0xcb,0xcd,0xd1,0xd3,0xd2,0xd0,
	0xcf,0xcf,0xce,0xcc,0xcb,0xc9,0xc8,0xc7,0xc7,0xc7,0xc5,0xc4,0xc3,0xc1,0xc0,0xbf,
	0xbf,0xbd,0xbc,0xbc,0xbb,0xb9,0xb9,0xb8,0xb6,0xb5,0xb3,0xb2,0xb1,0xaf,0xaf,0xae,
	0xae,0xad,0xab,0xa9,0xa9,0xa8,0xa7,0xa6,0xa6,0xa4,0xa2,0xa1,0xa0,0x9f,0x9d,0x9c,
	0x9a,0x9a,0x9a,0x99,0x99,0x98,0x96,0x95,0x93,0x92,0x91,0x91,0x91,0x91,0x91,0x92,
	0x93,0x93,0x94,0x94,0x95,0x96,0x96,0x96,0x96,0x96,0x96,0x97,0x98,0x98,0x99,0x99,
	0x99,0x99,0x99,0x9a,0x9a,0x9b,0x9b,0x9c,0x9c,0x9d,0x9d,0x9e,0x9e,0x9f,0x9f,0x9f,
	0x9f,0x9f,0xa0,0xa0,0xa0,0xa0,0xa1,0xa2,0xa3,0xa3,0xa3,0xa4,0xa4,0xa5,0xa5,0xa6,
	0xa6,0xa6,0xa6,0xa7,0xa7,0xa7,0xa8,0xa8,0xa8,0xa8,0xa6,0xa4,0xa2,0xa0,0x9e,0x9c,
	0x9a,0x98,0x96,0x93,0x91,0x8e,0x8d,0x8c,0x8a,0x87,0x85,0x85,0x81,0x7d,0x7c,0x7c,
	0x79,0x75,0x73,0x72,0x70,0x6e,0x6d,0x6c,0x6a,0x66,0x63,0x62,0x5e,0x5b,0x59,0x58,
	0x57,0x54,0x52,0x50,0x4f,0x4c,0x4b,0x49,0x47,0x42,0x40,0x3f,0x3e,0x3b,0x39,0x37,
	0x36,0x33,0x31,0x30,0x2d,0x2b,0x29,0x29,0x29,0x2c,0x2e,0x2f,0x30,0x32,0x32,0x33,
	0x34,0x36,0x37,0x38,0x38,0x39,0x39,0x3b,0x3d,0x3e,0x3f,0x40,0x40,0x41,0x41,0x43,
	0x44,0x45,0x47,0x48,0x48,0x49,0x4a,0x4c,0x4e,0x4f,0x50,0x51,0x52,0x54,0x54,0x55,
	0x56,0x56,0x58,0x59,0x59,0x5b,0x5c,0x5d,0x5e,0x60,0x62,0x63,0x63,0x64,0x65,0x66,
	0x67,0x69,0x6a,0x6a,0x6a,0x6a,0x6a,0x68,0x68,0x68,0x68,0x68,0x67,0x67,0x67,0x67,
	0x52,0x53,0x55,0x57,0x5a,0x5c,0x5e,0x5f,0x61,0x64,0x66,0x66,0x6a,0x6e,0x6f,0x6f,
	0x72,0x76,0x78,0x78,0x7b,0x7e,0x81,0x82,0x84,0x86,0x88,0x8a,0x8d,0x90,0x91,0x92,
	0x94,0x96,0x99,0x99,0x9b,0x9e,0xa1,0xa4,0xa5,0xa7,0xa9,0xab,0xaf,0xb2,0xb3,0xb5,
	0xb6,0xb8,0xb9,0xba,0xbe,0xc1,0xc4,0xc6,0xc7,0xc9,0xcb,0xcd,0xd1,0xd3,0xd1,0xd0,
	0xcf,0xcf,0xce,0xcc,0xcb,0xc9,0xc8,0xc7,0xc7,0xc7,0xc5,0xc4,0xc3,0xc1,0xc0,0xbf,
	0xbf,0xbd,0xbc,0xbc,0xbb,0xb9,0xb9,0xb8,0xb6,0xb5,0xb3,0xb2,0xb1,0xaf,0xaf,0xae,
	0xae,0xad,0xab,0xa9,0xa9,0xa8,0xa7,0xa6,0xa6,0xa4,0xa2,0xa1,0xa0,0x9f,0x9d,0x9c,
	0x9a,0x9a,0x9a,0x99,0x98,0x97,0x96,0x95,0x93,0x92,0x92,0x92,0x92,0x92,0x92,0x92,
	0x93,0x93,0x94,0x95,0x96,0x95,0x96,0x96,0x96,0x96,0x96,0x97,0x98,0x98,0x99,0x99,
	0x98,0x98,0x98,0x99,0x99,0x9a,0x9a,0x9b,0x9b,0x9c,0x9c,0x9d,0x9d,0x9e,0x9e,0x9f,
	0xa0,0xa0,0xa0,0xa1,0xa1,0xa1,0xa0,0xa2,0xa3,0xa3,0xa3,0xa4,0xa4,0xa5,0xa5,0xa6,
	0xa6,0xa6,0xa6,0xa8,0xa8,0xa8,0xa8,0xa8,0xa8,0xa8,0xa7,0xa5,0xa3,0xa0,0x9e,0x9c,
	0x9a,0x98,0x96,0x93,0x91,0x8e,0x8d,0x8c,0x8a,0x87,0x85,0x85,0x81,0x7d,0x7c,0x7c,
	0x79,0x75,0x73,0x72,0x70,0x6e,0x6d,0x6c,0x6a,0x66,0x63,0x62,0x5e,0x5b,0x59,0x58,
	0x57,0x54,0x52,0x50,0x4f,0x4c,0x4b,0x49,0x47,0x42,0x40,0x3f,0x3e,0x3b,0x39,0x37,
	0x36,0x33,0x31,0x30,0x2d,0x2b,0x29,0x29,0x29,0x2c,0x2e,0x2f,0x30,0x32,0x32,0x32,
	0x34,0x35,0x36,0x37,0x37,0x39,0x39,0x3a,0x3e,0x3e,0x3f,0x3f,0x41,0x40,0x42,0x42,
	0x44,0x45,0x47,0x48,0x48,0x49,0x4a,0x4b,0x4d,0x4e,0x50,0x51,0x52,0x54,0x54,0x56,
	0x56,0x56,0x57,0x59,0x59,0x5b,0x5c,0x5d,0x5f,0x60,0x62,0x63,0x63,0x64,0x65,0x66,
	0x67,0x6a,0x6a,0x6a,0x6a,0x6a,0x6a,0x68,0x68,0x68,0x68,0x68,0x67,0x67,0x67,0x67,
	0x52,0x53,0x55,0x57,0x5a,0x5c,0x5e,0x5f,0x61,0x64,0x66,0x66,0x6a,0x6e,0x6f,0x6f,
	0x72,0x76,0x78,0x78,0x7b,0x7e,0x81,0x82,0x84,0x86,0x88,0x8a,0x8d,0x90,0x91,0x92,
	0x94,0x96,0x99,0x99,0x9b,0x9e,0xa1,0xa4,0xa5,0xa7,0xa9,0xab,0xaf,0xb2,0xb3,0xb5,
	0xb6,0xb8,0xb9,0xba,0xbe,0xc1,0xc4,0xc6,0xc7,0xc9,0xcb,0xcd,0xd1,0xd3,0xd1,0xd0,
	0xcf,0xcf,0xce,0xcc,0xcb,0xc9,0xc8,0xc7,0xc7,0xc7,0xc5,0xc4,0xc3,0xc1,0xc0,0xbf,
	0xbf,0xbd,0xbc,0xbc,0xbb,0xb9,0xb9,0xb8,0xb6,0xb5,0xb3,0xb2,0xb1,0xaf,0xaf,0xae,
	0xae,0xad,0xab,0xa9,0xa9,0xa8,0xa7,0xa6,0xa6,0xa4,0xa2,0xa1,0xa0,0x9f,0x9d,0x9c,
	0x9a,0x9a,0x9a,0x99,0x98,0x97,0x96,0x95,0x93,0x92,0x92,0x92,0x92,0x92,0x92,0x92,
	0x93,0x93,0x94,0x94,0x95,0x95,0x95,0x96,0x96,0x96,0x96,0x97,0x98,0x98,0x99,0x99,
	0x98,0x98,0x98,0x99,0x99,0x9a,0x9a,0x9b,0x9b,0x9c,0x9c,0x9d,0x9d,0x9e,0x9e,0x9f,
	0xa0,0xa0,0xa1,0xa1,0xa1,0xa1,0xa1,0xa2,0xa4,0xa3,0xa3,0xa4,0xa4,0xa5,0xa5,0xa6,
	0xa6,0xa6,0xa6,0xa8,0xa8,0xa8,0xa9,0xa9,0xa9,0xa9,0xa7,0xa5,0xa3,0xa0,0x9e,0x9c,
	0x9a,0x98,0x96,0x93,0x91,0x8e,0x8d,0x8c,0x8a,0x87,0x85,0x85,0x81,0x7d,0x7c,0x7c,
	0x79,0x75,0x73,0x72,0x70,0x6e,0x6d,0x6c,0x6a,0x66,0x63,0x62,0x5e,0x5b,0x59,0x58,
	0x57,0x54,0x52,0x50,0x4f,0x4c,0x4b,0x49,0x47,0x42,0x40,0x3f,0x3e,0x3b,0x39,0x37,
	0x36,0x33,0x31,0x30,0x2d,0x2b,0x29,0x29,0x29,0x2c,0x2e,0x2f,0x30,0x32,0x32,0x32,
	0x34,0x35,0x36,0x37,0x37,0x39,0x39,0x3a,0x3e,0x3e,0x3f,0x3f,0x41,0x40,0x42,0x42,
	0x44,0x45,0x47,0x48,0x48,0x49,0x4a,0x4b,0x4d,0x4e,0x50,0x51,0x52,0x54,0x54,0x55,
	0x56,0x56,0x57,0x59,0x59,0x5b,0x5c,0x5e,0x5f,0x60,0x62,0x63,0x63,0x64,0x65,0x66,
	0x67,0x6a,0x6a,0x6a,0x6a,0x6a,0x6a,0x68,0x68,0x68,0x68,0x68,0x67,0x67,0x67,0x67,
	0x52,0x53,0x55,0x57,0x5a,0x5c,0x5e,0x5f,0x61,0x64,0x66,0x66,0x6a,0x6e,0x6f,0x6f,
	0x72,0x76,0x78,0x78,0x7b,0x7e,0x81,0x82,0x84,0x86,0x88,0x8a,0x8d,0x90,0x91,0x92,
	0x94,0x96,0x99,0x99,0x9b,0x9e,0xa1,0xa4,0xa5,0xa7,0xa9,0xab,0xaf,0xb2,0xb3,0xb5,
	0xb6,0xb8,0xb9,0xba,0xbe,0xc1,0xc4,0xc6,0xc7,0xc9,0xcb,0xcd,0xd1,0xd3,0xd1,0xd0,
	0xcf,0xcf,0xce,0xcc,0xcb,0xc9,0xc8,0xc7,0xc7,0xc7,0xc5,0xc4,0xc3,0xc1,0xc0,0xbf,
	0xbf,0xbd,0xbc,0xbc,0xbb,0xb9,0xb9,0xb8,0xb6,0xb5,0xb3,0xb2,0xb1,0xaf,0xaf,0xae,
	0xae,0xad,0xab,0xa9,0xa9,0xa8,0xa7,0xa6,0xa6,0xa4,0xa2,0xa1,0xa0,0x9f,0x9d,0x9c,
	0x9a,0x9a,0x9a,0x99,0x98,0x97,0x96,0x95,0x93,0x92,0x92,0x92,0x92,0x92,0x92,0x92,
	0x93,0x93,0x93,0x94,0x95,0x95,0x95,0x95,0x95,0x96,0x96,0x97,0x98,0x98,0x99,0x99,
	0x99,0x99,0x99,0x9a,0x9a,0x9b,0x9b,0x9c,0x9c,0x9d,0x9d,0x9e,0x9e,0x9f,0x9f,0xa0,
	0xa0,0xa0,0xa1,0xa1,0xa1,0xa1,0xa1,0xa2,0xa4,0xa3,0xa3,0xa4,0xa4,0xa5,0xa5,0xa6,
	0xa6,0xa6,0xa6,0xa8,0xa8,0xa8,0xa9,0xa9,0xa9,0xa9,0xa7,0xa5,0xa3,0xa0,0x9e,0x9c,
	0x9a,0x98,0x96,0x93,0x91,0x8e,0x8d,0x8c,0x8a,0x87,0x85,0x85,0x81,0x7d,0x7c,0x7c,
	0x79,0x75,0x73,0x72,0x70,0x6e,0x6d,0x6c,0x6a,0x66,0x63,0x62,0x5e,0x5b,0x59,0x58,
	0x57,0x54,0x52,0x50,0x4f,0x4c,0x4b,0x49,0x47,0x42,0x40,0x3f,0x3e,0x3b,0x39,0x37,
	0x36,0x33,0x31,0x30,0x2d,0x2b,0x29,0x29,0x29,0x2c,0x2e,0x2f,0x30,0x32,0x32,0x32,
	0x34,0x35,0x36,0x37,0x37,0x39,0x39,0x3a,0x3e,0x3e,0x3f,0x40,0x41,0x41,0x42,0x43,
	0x44,0x45,0x47,0x48,0x48,0x49,0x4a,0x4b,0x4e,0x4f,0x50,0x51,0x52,0x54,0x54,0x55,
	0x56,0x55,0x57,0x59,0x59,0x5b,0x5c,0x5e,0x5f,0x60,0x62,0x63,0x63,0x64,0x65,0x66,
	0x67,0x6a,0x6a,0x6a,0x6a,0x6a,0x6a,0x68,0x68,0x68,0x68,0x68,0x67,0x67,0x67,0x67,
	0x52,0x53,0x55,0x57,0x5a,0x5c,0x5e,0x5f,0x61,0x64,0x66,0x66,0x6a,0x6e,0x6f,0x6f,
	0x72,0x76,0x78,0x78,0x7b,0x7e,0x81,0x82,0x84,0x86,0x88,0x8a,0x8d,0x90,0x91,0x92,
	0x94,0x96,0x99,0x99,0x9b,0x9e,0xa1,0xa4,0xa5,0xa7,0xa9,0xab,0xaf,0xb2,0xb3,0xb5,
	0xb6,0xb8,0xb9,0xba,0xbe,0xc1,0xc4,0xc6,0xc7,0xc9,0xcb,0xcd,0xd1,0xd3,0xd1,0xd0,
	0xcf,0xcf,0xce,0xcc,0xcb,0xc9,0xc8,0xc7,0xc7,0xc7,0xc5,0xc4,0xc3,0xc1,0xc0,0xbf,
	0xbf,0xbd,0xbc,0xbc,0xbb,0xb9,0xb9,0xb8,0xb6,0xb5,0xb3,0xb2,0xb1,0xaf,0xaf,0xae,
	0xae,0xad,0xab,0xa9,0xa9,0xa8,0xa7,0xa6,0xa6,0xa4,0xa2,0xa1,0xa0,0x9f,0x9d,0x9c,
	0x9a,0x9a,0x9a,0x99,0x98,0x97,0x96,0x95,0x93,0x92,0x92,0x92,0x92,0x92,0x92,0x92,
	0x93,0x93,0x93,0x94,0x94,0x95,0x95,0x95,0x95,0x96,0x96,0x97,0x98,0x98,0x99,0x99,
	0x99,0x99,0x99,0x9a,0x9a,0x9b,0x9b,0x9c,0x9c,0x9d,0x9d,0x9e,0x9e,0x9f,0x9f,0xa0,
	0xa0,0xa0,0xa1,0xa1,0xa1,0xa1,0xa1,0xa2,0xa4,0xa3,0xa3,0xa4,0xa4,0xa5,0xa5,0xa6,
	0xa6,0xa6,0xa6,0xa8,0xa8,0xa8,0xa9,0xa9,0xa9,0xa9,0xa7,0xa5,0xa3,0xa0,0x9e,0x9c,
	0x9a,0x98,0x96,0x93,0x91,0x8e,0x8d,0x8c,0x8a,0x87,0x85,0x85,0x81,0x7d,0x7c,0x7c,
	0x79,0x75,0x73,0x72,0x70,0x6e,0x6d,0x6c,0x6a,0x66,0x63,0x62,0x5e,0x5b,0x59,0x58,
	0x57,0x54,0x52,0x50,0x4f,0x4c,0x4b,0x49,0x47,0x42,0x40,0x3f,0x3e,0x3b,0x39,0x37,
	0x36,0x33,0x31,0x30,0x2d,0x2b,0x29,0x29,0x29,0x2c,0x2e,0x2f,0x30,0x32,0x32,0x32,
	0x34,0x35,0x36,0x37,0x37,0x39,0x39,0x3a,0x3e,0x3e,0x3f,0x40,0x41,0x41,0x42,0x43,
	0x44,0x45,0x47,0x48,0x48,0x49,0x4a,0x4b,0x4e,0x4f,0x50,0x51,0x52,0x54,0x54,0x55,
	0x56,0x55,0x57,0x59,0x59,0x5b,0x5c,0x5e,0x5f,0x60,0x62,0x63,0x63,0x64,0x65,0x66,
	0x67,0x6a,0x6a,0x6a,0x6a,0x6a,0x6a,0x68,0x68,0x68,0x68,0x68,0x67,0x67,0x67,0x67,
	0x52,0x53,0x55,0x57,0x5a,0x5c,0x5e,0x5f,0x61,0x64,0x66,0x66,0x6a,0x6e,0x6f,0x6f,
	0x72,0x76,0x78,0x78,0x7b,0x7e,0x81,0x82,0x84,0x86,0x88,0x8a,0x8d,0x90,0x91,0x92,
	0x94,0x96,0x99,0x99,0x9b,0x9e,0xa1,0xa4,0xa5,0xa7,0xa9,0xab,0xaf,0xb2,0xb3,0xb5,
	0xb6,0xb8,0xb9,0xba,0xbe,0xc1,0xc4,0xc6,0xc7,0xc9,0xcb,0xcd,0xd1,0xd3,0xd1,0xd0,
	0xcf,0xcf,0xce,0xcc,0xcb,0xc9,0xc8,0xc7,0xc7,0xc7,0xc5,0xc4,0xc3,0xc1,0xc0,0xbf,
	0xbf,0xbd,0xbc,0xbc,0xbb,0xb9,0xb9,0xb8,0xb6,0xb5,0xb3,0xb2,0xb1,0xaf,0xaf,0xae,
	0xae,0xad,0xab,0xa9,0xa9,0xa8,0xa7,0xa6,0xa6,0xa4,0xa2,0xa1,0xa0,0x9f,0x9d,0x9c,
	0x9a,0x9a,0x9a,0x99,0x98,0x97,0x96,0x95,0x93,0x92,0x92,0x92,0x92,0x92,0x92,0x92,
	0x92,0x93,0x93,0x94,0x94,0x94,0x95,0x95,0x95,0x96,0x96,0x97,0x98,0x98,0x99,0x99,
	0x99,0x99,0x99,0x9a,0x9a,0x9b,0x9b,0x9c,0x9c,0x9d,0x9d,0x9e,0x9e,0x9f,0x9f,0xa0,
	0xa0,0xa0,0xa1,0xa1,0xa1,0xa1,0xa1,0xa2,0xa4,0xa3,0xa3,0xa4,0xa4,0xa5,0xa5,0xa6,
	0xa6,0xa6,0xa6,0xa8,0xa8,0xa8,0xa9,0xa9,0xa9,0xa9,0xa7,0xa5,0xa3,0xa0,0x9e,0x9c,
	0x9a,0x98,0x96,0x93,0x91,0x8e,0x8d,0x8c,0x8a,0x87,0x85,0x85,0x81,0x7d,0x7c,0x7c,
	0x79,0x75,0x73,0x72,0x70,0x6e,0x6d,0x6c,0x6a,0x66,0x63,0x62,0x5e,0x5b,0x59,0x58,
	0x57,0x54,0x52,0x50,0x4f,0x4c,0x4b,0x49,0x47,0x42,0x40,0x3f,0x3e,0x3b,0x39,0x37,
	0x36,0x33,0x31,0x30,0x2d,0x2b,0x29,0x29,0x29,0x2c,0x2e,0x2f,0x30,0x32,0x32,0x32,
	0x34,0x35,0x36,0x37,0x37,0x39,0x39,0x3a,0x3e,0x3e,0x3f,0x40,0x41,0x41,0x42,0x43,
	0x44,0x45,0x47,0x48,0x48,0x49,0x4a,0x4b,0x4e,0x4f,0x50,0x51,0x52,0x54,0x54,0x55,
	0x56,0x55,0x57,0x59,0x59,0x5b,0x5c,0x5e,0x5f,0x60,0x62,0x63,0x63,0x64,0x65,0x66,
	0x67,0x6a,0x6a,0x6a,0x6a,0x6a,0x6a,0x68,0x68,0x68,0x68,0x68,0x67,0x67,0x67,0x67,
	0x52,0x53,0x55,0x57,0x5a,0x5c,0x5e,0x5f,0x61,0x64,0x66,0x66,0x6a,0x6e,0x6f,0x6f,
	0x72,0x76,0x78,0x78,0x7b,0x7e,0x81,0x82,0x84,0x86,0x88,0x8a,0x8d,0x90,0x91,0x92,
	0x94,0x96,0x99,0x99,0x9b,0x9e,0xa1,0xa4,0xa5,0xa7,0xa9,0xab,0xaf,0xb2,0xb3,0xb5,
	0xb6,0xb8,0xb9,0xba,0xbe,0xc1,0xc4,0xc6,0xc7,0xc9,0xcb,0xcd,0xd1,0xd3,0xd1,0xd0,
	0xcf,0xcf,0xce,0xcc,0xcb,0xc9,0xc8,0xc7,0xc7,0xc7,0xc5,0xc4,0xc3,0xc1,0xc0,0xbf,
	0xbf,0xbd,0xbc,0xbc,0xbb,0xb9,0xb9,0xb8,0xb6,0xb5,0xb3,0xb2,0xb1,0xaf,0xaf,0xae,
	0xae,0xad,0xab,0xa9,0xa9,0xa8,0xa7,0xa6,0xa6,0xa4,0xa2,0xa1,0xa0,0x9f,0x9d,0x9c,
	0x9a,0x9a,0x9a,0x99,0x98,0x97,0x96,0x95,0x93,0x92,0x92,0x92,0x92,0x92,0x92,0x92,
	0x92,0x93,0x93,0x93,0x94,0x94,0x94,0x95,0x95,0x96,0x96,0x97,0x98,0x98,0x99,0x99,
	0x99,0x99,0x99,0x9a,0x9a,0x9b,0x9b,0x9c,0x9c,0x9d,0x9d,0x9e,0x9e,0x9f,0x9f,0xa0,
	0xa0,0xa0,0xa1,0xa1,0xa1,0xa1,0xa1,0xa2,0xa4,0xa3,0xa3,0xa4,0xa4,0xa5,0xa5,0xa6,
	0xa6,0xa6,0xa6,0xa8,0xa8,0xa8,0xa9,0xa9,0xa9,0xa9,0xa7,0xa5,0xa3,0xa0,0x9e,0x9c,
	0x9a,0x98,0x96,0x93,0x91,0x8e,0x8d,0x8c,0x8a,0x87,0x85,0x85,0x81,0x7d,0x7c,0x7c,
	0x79,0x75,0x73,0x72,0x70,0x6e,0x6d,0x6c,0x6a,0x66,0x63,0x62,0x5e,0x5b,0x59,0x58,
	0x57,0x54,0x52,0x50,0x4f,0x4c,0x4b,0x49,0x47,0x42,0x40,0x3f,0x3e,0x3b,0x39,0x37,
	0x36,0x33,0x31,0x30,0x2d,0x2b,0x29,0x29,0x29,0x2c,0x2e,0x2f,0x30,0x32,0x32,0x32,
	0x34,0x35,0x36,0x37,0x37,0x39,0x39,0x3a,0x3e,0x3e,0x3f,0x40,0x41,0x41,0x42,0x43,
	0x44,0x45,0x47,0x48,0x48,0x49,0x4a,0x4b,0x4e,0x4f,0x50,0x51,0x52,0x54,0x54,0x55,
	0x56,0x55,0x57,0x59,0x59,0x5b,0x5c,0x5e,0x5f,0x60,0x62,0x63,0x63,0x64,0x65,0x66,
	0x67,0x6a,0x6a,0x6a,0x6a,0x6a,0x6a,0x68,0x68,0x68,0x68,0x68,0x67,0x67,0x67,0x67,
	0x52,0x53,0x55,0x57,0x5a,0x5c,0x5e,0x5f,0x61,0x64,0x66,0x66,0x6a,0x6e,0x6f,0x6f,
	0x72,0x76,0x78,0x78,0x7b,0x7e,0x81,0x82,0x84,0x86,0x88,0x8a,0x8d,0x90,0x91,0x92,
	0x94,0x96,0x99,0x99,0x9b,0x9e,0xa1,0xa4,0xa5,0xa7,0xa9,0xab,0xaf,0xb2,0xb3,0xb5,
	0xb6,0xb8,0xb9,0xba,0xbe,0xc1,0xc4,0xc6,0xc7,0xc9,0xcb,0xcd,0xd1,0xd3,0xd1,0xd0,
	0xcf,0xcf,0xce,0xcc,0xcb,0xc9,0xc8,0xc7,0xc7,0xc7,0xc5,0xc4,0xc3,0xc1,0xc0,0xbf,
	0xbf,0xbd,0xbc,0xbc,0xbb,0xb9,0xb9,0xb8,0xb6,0xb5,0xb3,0xb2,0xb1,0xaf,0xaf,0xae,
	0xae,0xad,0xab,0xa9,0xa9,0xa8,0xa7,0xa6,0xa6,0xa4,0xa2,0xa1,0xa0,0x9f,0x9d,0x9c,
	0x9a,0x9a,0x9a,0x99,0x98,0x97,0x96,0x95,0x93,0x92,0x92,0x92,0x92,0x92,0x92,0x92,
	0x92,0x93,0x93,0x93,0x94,0x94,0x94,0x94,0x95,0x96,0x96,0x97,0x98,0x98,0x99,0x99,
	0x99,0x99,0x99,0x9a,0x9a,0x9b,0x9b,0x9c,0x9c,0x9d,0x9d,0x9e,0x9e,0x9f,0x9f,0xa0,
	0xa0,0xa0,0xa1,0xa1,0xa1,0xa1,0xa1,0xa2,0xa4,0xa3,0xa3,0xa4,0xa4,0xa5,0xa5,0xa6,
	0xa6,0xa6,0xa6,0xa8,0xa8,0xa8,0xa9,0xa9,0xa9,0xa9,0xa7,0xa5,0xa3,0xa0,0x9e,0x9c,
	0x9a,0x98,0x96,0x93,0x91,0x8e,0x8d,0x8c,0x8a,0x87,0x85,0x85,0x81,0x7d,0x7c,0x7c,
	0x79,0x75,0x73,0x72,0x70,0x6e,0x6d,0x6c,0x6a,0x66,0x63,0x62,0x5e,0x5b,0x59,0x58,
	0x57,0x54,0x52,0x50,0x4f,0x4c,0x4b,0x49,0x47,0x42,0x40,0x3f,0x3e,0x3b,0x39,0x37,
	0x36,0x33,0x31,0x30,0x2d,0x2b,0x29,0x29,0x29,0x2c,0x2e,0x2f,0x30,0x32,0x32,0x32,
	0x34,0x35,0x36,0x37,0x37,0x39,0x39,0x3a,0x3e,0x3e,0x3f,0x40,0x41,0x41,0x42,0x43,
	0x44,0x45,0x47,0x48,0x48,0x49,0x4a,0x4b,0x4e,0x4f,0x50,0x51,0x52,0x54,0x54,0x55,
	0x56,0x55,0x57,0x59,0x59,0x5b,0x5c,0x5e,0x5f,0x60,0x62,0x63,0x63,0x64,0x65,0x66,
	0x67,0x6a,0x6a,0x6a,0x6a,0x6a,0x6a,0x68,0x68,0x68,0x68,0x68,0x67,0x67,0x67,0x67,
	0x52,0x53,0x55,0x57,0x5a,0x5c,0x5e,0x5f,0x61,0x64,0x66,0x66,0x6a,0x6e,0x6f,0x6f,
	0x72,0x76,0x78,0x78,0x7b,0x7e,0x81,0x82,0x84,0x86,0x88,0x8a,0x8d,0x90,0x91,0x92,
	0x94,0x96,0x99,0x99,0x9b,0x9e,0xa1,0xa4,0xa5,0xa7,0xa9,0xab,0xaf,0xb2,0xb3,0xb5,
	0xb6,0xb8,0xb9,0xba,0xbe,0xc1,0xc4,0xc6,0xc7,0xc9,0xcb,0xcd,0xd1,0xd3,0xd1,0xd0,
	0xcf,0xcf,0xce,0xcc,0xcb,0xc9,0xc8,0xc7,0xc7,0xc7,0xc5,0xc4,0xc3,0xc1,0xc0,0xbf,
	0xbf,0xbd,0xbc,0xbc,0xbb,0xb9,0xb9,0xb8,0xb6,0xb5,0xb3,0xb2,0xb1,0xaf,0xaf,0xae,
	0xae,0xad,0xab,0xa9,0xa9,0xa8,0xa7,0xa6,0xa6,0xa4,0xa2,0xa1,0xa0,0x9f,0x9d,0x9c,
	0x9a,0x9a,0x9a,0x99,0x98,0x97,0x96,0x95,0x93,0x92,0x92,0x92,0x92,0x92,0x92,0x92,
	0x92,0x93,0x93,0x93,0x93,0x94,0x94,0x94,0x95,0x96,0x96,0x97,0x98,0x98,0x99,0x99,
	0x99,0x99,0x99,0x9a,0x9a,0x9b,0x9b,0x9c,0x9c,0x9d,0x9d,0x9e,0x9e,0x9f,0x9f,0xa0,
	0xa0,0xa0,0xa1,0xa1,0xa1,0xa1,0xa1,0xa2,0xa4,0xa3,0xa3,0xa4,0xa4,0xa5,0xa5,0xa6,
	0xa6,0xa6,0xa6,0xa8,0xa8,0xa8,0xa9,0xa9,0xa9,0xa9,0xa7,0xa5,0xa3,0xa0,0x9e,0x9c,
	0x9a,0x98,0x96,0x93,0x91,0x8e,0x8d,0x8c,0x8a,0x87,0x85,0x85,0x81,0x7d,0x7c,0x7c,
	0x79,0x75,0x73,0x72,0x70,0x6e,0x6d,0x6c,0x6a,0x66,0x63,0x62,0x5e,0x5b,0x59,0x58,
	0x57,0x54,0x52,0x50,0x4f,0x4c,0x4b,0x49,0x47,0x42,0x40,0x3f,0x3e,0x3b,0x39,0x37,
	0x36,0x33,0x31,0x30,0x2d,0x2b,0x29,0x29,0x29,0x2c,0x2e,0x2f,0x30,0x32,0x32,0x32,
	0x34,0x35,0x36,0x37,0x37,0x39,0x39,0x3a,0x3e,0x3e,0x3f,0x40,0x41,0x41,0x42,0x43,
	0x44,0x45,0x47,0x48,0x48,0x49,0x4a,0x4b,0x4e,0x4f,0x50,0x51,0x52,0x54,0x54,0x55,
	0x56,0x55,0x57,0x59,0x59,0x5b,0x5c,0x5e,0x5f,0x60,0x62,0x63,0x63,0x64,0x65,0x66,
	0x67,0x6a,0x6a,0x6a,0x6a,0x6a,0x6a,0x68,0x68,0x68,0x68,0x68,0x67,0x67,0x67,0x67,
	0x52,0x53,0x55,0x57,0x5a,0x5c,0x5e,0x5f,0x61,0x64,0x66,0x66,0x6a,0x6e,0x6f,0x6f,
	0x72,0x76,0x78,0x78,0x7b,0x7e,0x81,0x82,0x84,0x86,0x88,0x8a,0x8d,0x90,0x91,0x92,
	0x94,0x96,0x99,0x99,0x9b,0x9e,0xa1,0xa4,0xa5,0xa7,0xa9,0xab,0xaf,0xb2,0xb3,0xb5,
	0xb6,0xb8,0xb9,0xba,0xbe,0xc1,0xc4,0xc6,0xc7,0xc9,0xcb,0xcd,0xd1,0xd3,0xd1,0xd0,
	0xcf,0xcf,0xce,0xcc,0xcb,0xc9,0xc8,0xc7,0xc7,0xc7,0xc5,0xc4,0xc3,0xc1,0xc0,0xbf,
	0xbf,0xbd,0xbc,0xbc,0xbb,0xb9,0xb9,0xb8,0xb6,0xb5,0xb3,0xb2,0xb1,0xaf,0xaf,0xae,
	0xae,0xad,0xab,0xa9,0xa9,0xa8,0xa7,0xa6,0xa6,0xa4,0xa2,0xa1,0xa0,0x9f,0x9d,0x9c,
	0x9a,0x9a,0x9a,0x99,0x98,0x97,0x96,0x95,0x93,0x92,0x92,0x92,0x92,0x92,0x92,0x92,
	0x92,0x93,0x93,0x93,0x93,0x94,0x94,0x94,0x95,0x96,0x96,0x97,0x98,0x98,0x99,0x99,
	0x99,0x99,0x99,0x9a,0x9a,0x9b,0x9b,0x9c,0x9c,0x9d,0x9d,0x9e,0x9e,0x9f,0x9f,0xa0,
	0xa0,0xa0,0xa1,0xa1,0xa1,0xa1,0xa1,0xa2,0xa4,0xa3,0xa3,0xa4,0xa4,0xa5,0xa5,0xa6,
	0xa6,0xa6,0xa6,0xa8,0xa8,0xa8,0xa9,0xa9,0xa9,0xa9,0xa7,0xa5,0xa3,0xa0,0x9e,0x9c,
	0x9a,0x98,0x96,0x93,0x91,0x8e,0x8d,0x8c,0x8a,0x87,0x85,0x85,0x81,0x7d,0x7c,0x7c,
	0x79,0x75,0x73,0x72,0x70,0x6e,0x6d,0x6c,0x6a,0x66,0x63,0x62,0x5e,0x5b,0x59,0x58,
	0x57,0x54,0x52,0x50,0x4f,0x4c,0x4b,0x49,0x47,0x42,0x40,0x3f,0x3e,0x3b,0x39,0x37,
	0x36,0x33,0x31,0x30,0x2d,0x2b,0x29,0x29,0x29,0x2c,0x2e,0x2f,0x30,0x32,0x32,0x32,
	0x34,0x35,0x36,0x37,0x37,0x39,0x39,0x3a,0x3e,0x3e,0x3f,0x40,0x41,0x41,0x42,0x43,
	0x44,0x45,0x47,0x48,0x48,0x49,0x4a,0x4b,0x4e,0x4f,0x50,0x51,0x52,0x54,0x54,0x55,
	0x56,0x55,0x57,0x59,0x59,0x5b,0x5c,0x5e,0x5f,0x60,0x62,0x63,0x63,0x64,0x65,0x66,
	0x67,0x6a,0x6a,0x6a,0x6a,0x6a,0x6a,0x68,0x68,0x68,0x68,0x68,0x67,0x67,0x67,0x67,
	0x52,0x53,0x55,0x57,0x5a,0x5c,0x5e,0x5f,0x61,0x64,0x66,0x66,0x6a,0x6e,0x6f,0x6f,
	0x72,0x76,0x78,0x78,0x7b,0x7e,0x81,0x82,0x84,0x86,0x88,0x8a,0x8d,0x90,0x91,0x92,
	0x94,0x96,0x99,0x99,0x9b,0x9e,0xa1,0xa4,0xa5,0xa7,0xa9,0xab,0xaf,0xb2,0xb3,0xb5,
	0xb6,0xb8,0xb9,0xba,0xbe,0xc1,0xc4,0xc6,0xc7,0xc9,0xcb,0xcd,0xd1,0xd3,0xd1,0xd0,
	0xcf,0xcf,0xce,0xcc,0xcb,0xc9,0xc8,0xc7,0xc7,0xc7,0xc5,0xc4,0xc3,0xc1,0xc0,0xbf,
	0xbf,0xbd,0xbc,0xbc,0xbb,0xb9,0xb9,0xb8,0xb6,0xb5,0xb3,0xb2,0xb1,0xaf,0xaf,0xae,
	0xae,0xad,0xab,0xa9,0xa9,0xa8,0xa7,0xa6,0xa6,0xa4,0xa2,0xa1,0xa0,0x9f,0x9d,0x9c,
	0x9a,0x9a,0x9a,0x99,0x98,0x97,0x96,0x95,0x93,0x92,0x92,0x92,0x92,0x92,0x92,0x92,
	0x92,0x93,0x93,0x93,0x93,0x94,0x94,0x94,0x95,0x96,0x96,0x97,0x98,0x98,0x99,0x99,
	0x99,0x99,0x99,0x9a,0x9a,0x9b,0x9b,0x9c,0x9c,0x9d,0x9d,0x9e,0x9e,0x9f,0x9f,0xa0,
	0xa0,0xa0,0xa1,0xa1,0xa1,0xa1,0xa1,0xa2,0xa4,0xa3,0xa3,0xa4,0xa4,0xa5,0xa5,0xa6,
	0xa6,0xa6,0xa6,0xa8,0xa8,0xa8,0xa9,0xa9,0xa9,0xa9,0xa7,0xa5,0xa3,0xa0,0x9e,0x9c,
	0x9a,0x98,0x96,0x93,0x91,0x8e,0x8d,0x8c,0x8a,0x87,0x85,0x85,0x81,0x7d,0x7c,0x7c,
	0x79,0x75,0x73,0x72,0x70,0x6e,0x6d,0x6c,0x6a,0x66,0x63,0x62,0x5e,0x5b,0x59,0x58,
	0x57,0x54,0x52,0x50,0x4f,0x4c,0x4b,0x49,0x47,0x42,0x40,0x3f,0x3e,0x3b,0x39,0x37,
	0x36,0x33,0x31,0x30,0x2d,0x2b,0x29,0x29,0x29,0x2c,0x2e,0x2f,0x30,0x32,0x32,0x32,
	0x34,0x35,0x36,0x37,0x37,0x39,0x39,0x3a,0x3e,0x3e,0x3f,0x40,0x41,0x41,0x42,0x43,
	0x44,0x45,0x47,0x48,0x48,0x49,0x4a,0x4b,0x4e,0x4f,0x50,0x51,0x52,0x54,0x54,0x55,
	0x56,0x55,0x57,0x59,0x59,0x5b,0x5c,0x5e,0x5f,0x60,0x62,0x63,0x63,0x64,0x65,0x66,
	0x67,0x6a,0x6a,0x6a,0x6a,0x6a,0x6a,0x68,0x68,0x68,0x68,0x68,0x67,0x67,0x67,0x67,
	0x52,0x53,0x55,0x57,0x5a,0x5c,0x5e,0x5f,0x61,0x64,0x66,0x66,0x6a,0x6e,0x6f,0x6f,
	0x72,0x76,0x78,0x78,0x7b,0x7e,0x81,0x82,0x84,0x86,0x88,0x8a,0x8d,0x90,0x91,0x92,
	0x94,0x96,0x99,0x99,0x9b,0x9e,0xa1,0xa4,0xa5,0xa7,0xa9,0xab,0xaf,0xb2,0xb3,0xb5,
	0xb6,0xb8,0xb9,0xba,0xbe,0xc1,0xc4,0xc6,0xc7,0xc9,0xcb,0xcd,0xd1,0xd3,0xd1,0xd0,
	0xcf,0xcf,0xce,0xcc,0xcb,0xc9,0xc8,0xc7,0xc7,0xc7,0xc5,0xc4,0xc3,0xc1,0xc0,0xbf,
	0xbf,0xbd,0xbc,0xbc,0xbb,0xb9,0xb9,0xb8,0xb6,0xb5,0xb3,0xb2,0xb1,0xaf,0xaf,0xae,
	0xae,0xad,0xab,0xa9,0xa9,0xa8,0xa7,0xa6,0xa6,0xa4,0xa2,0xa1,0xa0,0x9f,0x9d,0x9c,
	0x9a,0x9a,0x9a,0x99,0x98,0x97,0x96,0x95,0x93,0x92,0x92,0x92,0x92,0x92,0x92,0x92,
	0x92,0x93,0x93,0x93,0x93,0x94,0x94,0x94,0x95,0x96,0x96,0x97,0x98,0x98,0x99,0x99,
	0x99,0x99,0x99,0x9a,0x9a,0x9b,0x9b,0x9c,0x9c,0x9d,0x9d,0x9e,0x9e,0x9f,0x9f,0xa0,
	0xa0,0xa0,0xa1,0xa1,0xa1,0xa1,0xa1,0xa2,0xa4,0xa3,0xa3,0xa4,0xa4,0xa5,0xa5,0xa6,
	0xa6,0xa6,0xa6,0xa8,0xa8,0xa8,0xa9,0xa9,0xa9,0xa9,0xa7,0xa5,0xa3,0xa0,0x9e,0x9c,
	0x9a,0x98,0x96,0x93,0x91,0x8e,0x8d,0x8c,0x8a,0x87,0x85,0x85,0x81,0x7d,0x7c,0x7c,
	0x79,0x75,0x73,0x72,0x70,0x6e,0x6d,0x6c,0x6a,0x66,0x63,0x62,0x5e,0x5b,0x59,0x58,
	0x57,0x54,0x52,0x50,0x4f,0x4c,0x4b,0x49,0x47,0x42,0x40,0x3f,0x3e,0x3b,0x39,0x37,
	0x36,0x33,0x31,0x30,0x2d,0x2b,0x29,0x29,0x29,0x2c,0x2e,0x2f,0x30,0x32,0x32,0x32,
	0x34,0x35,0x36,0x37,0x37,0x39,0x39,0x3a,0x3e,0x3e,0x3f,0x40,0x41,0x41,0x42,0x43,
	0x44,0x45,0x47,0x48,0x48,0x49,0x4a,0x4b,0x4e,0x4f,0x50,0x51,0x52,0x54,0x54,0x55,
	0x56,0x55,0x57,0x59,0x59,0x5b,0x5c,0x5e,0x5f,0x60,0x62,0x63,0x63,0x64,0x65,0x66,
	0x67,0x6a,0x6a,0x6a,0x6a,0x6a,0x6a,0x68,0x68,0x68,0x68,0x68,0x67,0x67,0x67,0x67,
	0x52,0x53,0x55,0x57,0x5a,0x5c,0x5e,0x5f,0x61,0x64,0x66,0x66,0x6a,0x6e,0x6f,0x6f,
	0x72,0x76,0x78,0x78,0x7b,0x7e,0x81,0x82,0x84,0x86,0x88,0x8a,0x8d,0x90,0x91,0x92,
	0x94,0x96,0x99,0x99,0x9b,0x9e,0xa1,0xa4,0xa5,0xa7,0xa9,0xab,0xaf,0xb2,0xb3,0xb5,
	0xb6,0xb8,0xb9,0xba,0xbe,0xc1,0xc4,0xc6,0xc7,0xc9,0xcb,0xcd,0xd1,0xd3,0xd1,0xd0,
	0xcf,0xcf,0xce,0xcc,0xcb,0xc9,0xc8,0xc7,0xc7,0xc7,0xc5,0xc4,0xc3,0xc1,0xc0,0xbf,
	0xbf,0xbd,0xbc,0xbc,0xbb,0xb9,0xb9,0xb8,0xb6,0xb5,0xb3,0xb2,0xb1,0xaf,0xaf,0xae,
	0xae,0xad,0xab,0xa9,0xa9,0xa8,0xa7,0xa6,0xa6,0xa4,0xa2,0xa1,0xa0,0x9f,0x9d,0x9c,
	0x9a,0x9a,0x9a,0x99,0x98,0x97,0x96,0x95,0x93,0x92,0x92,0x92,0x92,0x92,0x92,0x92,
	0x92,0x93,0x93,0x93,0x93,0x94,0x94,0x94,0x95,0x96,0x96,0x97,0x98,0x98,0x99,0x99,
	0x99,0x99,0x99,0x9a,0x9a,0x9b,0x9b,0x9c,0x9c,0x9d,0x9d,0x9e,0x9e,0x9f,0x9f,0xa0,
	0xa0,0xa0,0xa1,0xa1,0xa1,0xa1,0xa1,0xa2,0xa4,0xa3,0xa3,0xa4,0xa4,0xa5,0xa5,0xa6,
	0xa6,0xa6,0xa6,0xa8,0xa8,0xa8,0xa9,0xa9,0xa9,0xa9,0xa7,0xa5,0xa3,0xa0,0x9e,0x9c,
	0x9a,0x98,0x96,0x93,0x91,0x8e,0x8d,0x8c,0x8a,0x87,0x85,0x85,0x81,0x7d,0x7c,0x7c,
	0x79,0x75,0x73,0x72,0x70,0x6e,0x6d,0x6c,0x6a,0x66,0x63,0x62,0x5e,0x5b,0x59,0x58,
	0x57,0x54,0x52,0x50,0x4f,0x4c,0x4b,0x49,0x47,0x42,0x40,0x3f,0x3e,0x3b,0x39,0x37,
	0x36,0x33,0x31,0x30,0x2d,0x2b,0x29,0x29,0x29,0x2c,0x2e,0x2f,0x30,0x32,0x32,0x32,
	0x34,0x35,0x36,0x37,0x37,0x39,0x39,0x3a,0x3e,0x3e,0x3f,0x40,0x41,0x41,0x42,0x43,
	0x44,0x45,0x47,0x48,0x48,0x49,0x4a,0x4b,0x4e,0x4f,0x50,0x51,0x52,0x54,0x54,0x55,
	0x56,0x55,0x57,0x59,0x59,0x5b,0x5c,0x5e,0x5f,0x60,0x62,0x63,0x63,0x64,0x65,0x66,
	0x67,0x6a,0x6a,0x6a,0x6a,0x6a,0x6a,0x68,0x68,0x68,0x68,0x68,0x67,0x67,0x67,0x67,
	0x52,0x53,0x55,0x57,0x5a,0x5c,0x5e,0x5f,0x61,0x64,0x66,0x66,0x6a,0x6e,0x6f,0x6f,
	0x72,0x76,0x78,0x78,0x7b,0x7e,0x81,0x82,0x84,0x86,0x88,0x8a,0x8d,0x90,0x91,0x92,
	0x94,0x96,0x99,0x99,0x9b,0x9e,0xa1,0xa4,0xa5,0xa7,0xa9,0xab,0xaf,0xb2,0xb3,0xb5,
	0xb6,0xb8,0xb9,0xba,0xbe,0xc1,0xc4,0xc6,0xc7,0xc9,0xcb,0xcd,0xd1,0xd3,0xd1,0xd0,
	0xcf,0xcf,0xce,0xcc,0xcb,0xc9,0xc8,0xc7,0xc7,0xc7,0xc5,0xc4,0xc3,0xc1,0xc0,0xbf,
	0xbf,0xbd,0xbc,0xbc,0xbb,0xb9,0xb9,0xb8,0xb6,0xb5,0xb3,0xb2,0xb1,0xaf,0xaf,0xae,
	0xae,0xad,0xab,0xa9,0xa9,0xa8,0xa7,0xa6,0xa6,0xa4,0xa2,0xa1,0xa0,0x9f,0x9d,0x9c,
	0x9a,0x9a,0x9a,0x99,0x98,0x97,0x96,0x95,0x93,0x92,0x92,0x92,0x92,0x92,0x92,0x92,
	0x92,0x93,0x93,0x93,0x93,0x94,0x94,0x94,0x95,0x96,0x96,0x97,0x98,0x98,0x99,0x99,
	0x99,0x99,0x99,0x9a,0x9a,0x9b,0x9b,0x9c,0x9c,0x9d,0x9d,0x9e,0x9e,0x9f,0x9f,0xa0,
	0xa0,0xa0,0xa1,0xa1,0xa1,0xa1,0xa1,0xa2,0xa4,0xa3,0xa3,0xa4,0xa4,0xa5,0xa5,0xa6,
	0xa6,0xa6,0xa6,0xa8,0xa8,0xa8,0xa9,0xa9,0xa9,0xa9,0xa7,0xa5,0xa3,0xa0,0x9e,0x9c,
	0x9a,0x98,0x96,0x93,0x91,0x8e,0x8d,0x8c,0x8a,0x87,0x85,0x85,0x81,0x7d,0x7c,0x7c,
	0x79,0x75,0x73,0x72,0x70,0x6e,0x6d,0x6c,0x6a,0x66,0x63,0x62,0x5e,0x5b,0x59,0x58,
	0x57,0x54,0x52,0x50,0x4f,0x4c,0x4b,0x49,0x47,0x42,0x40,0x3f,0x3e,0x3b,0x39,0x37,
	0x36,0x33,0x31,0x30,0x2d,0x2b,0x29,0x29,0x29,0x2c,0x2e,0x2f,0x30,0x32,0x32,0x32,
	0x34,0x35,0x36,0x37,0x37,0x39,0x39,0x3a,0x3e,0x3e,0x3f,0x40,0x41,0x41,0x42,0x43,
	0x44,0x45,0x47,0x48,0x48,0x49,0x4a,0x4b,0x4e,0x4f,0x50,0x51,0x52,0x54,0x54,0x55,
	0x56,0x55,0x57,0x59,0x59,0x5b,0x5c,0x5e,0x5f,0x60,0x62,0x63,0x63,0x64,0x65,0x66,
	0x67,0x6a,0x6a,0x6a,0x6a,0x6a,0x6a,0x68,0x68,0x68,0x68,0x68,0x67,0x67,0x67,0x67,
	0x52,0x53,0x55,0x57,0x5a,0x5c,0x5e,0x5f,0x61,0x64,0x66,0x66,0x6a,0x6e,0x6f,0x6f,
	0x72,0x76,0x78,0x78,0x7b,0x7e,0x81,0x82,0x84,0x86,0x88,0x8a,0x8d,0x90,0x91,0x92,
	0x94,0x96,0x99,0x99,0x9b,0x9e,0xa1,0xa4,0xa5,0xa7,0xa9,0xab,0xaf,0xb2,0xb3,0xb5,
	0xb6,0xb8,0xb9,0xba,0xbe,0xc1,0xc4,0xc6,0xc7,0xc9,0xcb,0xcd,0xd1,0xd3,0xd1,0xd0,
	0xcf,0xcf,0xce,0xcc,0xcb,0xc9,0xc8,0xc7,0xc7,0xc7,0xc5,0xc4,0xc3,0xc1,0xc0,0xbf,
	0xbf,0xbd,0xbc,0xbc,0xbb,0xb9,0xb9,0xb8,0xb6,0xb5,0xb3,0xb2,0xb1,0xaf,0xaf,0xae,
	0xae,0xad,0xab,0xa9,0xa9,0xa8,0xa7,0xa6,0xa6,0xa4,0xa2,0xa1,0xa0,0x9f,0x9d,0x9c,
	0x9a,0x9a,0x9a,0x99,0x98,0x97,0x96,0x95,0x93,0x92,0x92,0x92,0x92,0x92,0x92,0x92,
	0x92,0x93,0x93,0x93,0x93,0x94,0x94,0x94,0x95,0x96,0x96,0x97,0x98,0x98,0x99,0x99,
	0x99,0x99,0x99,0x9a,0x9a,0x9b,0x9b,0x9c,0x9c,0x9d,0x9d,0x9e,0x9e,0x9f,0x9f,0xa0,
	0xa0,0xa0,0xa1,0xa1,0xa1,0xa1,0xa1,0xa2,0xa4,0xa3,0xa3,0xa4,0xa4,0xa5,0xa5,0xa6,
	0xa6,0xa6,0xa6,0xa8,0xa8,0xa8,0xa9,0xa9,0xa9,0xa9,0xa7,0xa5,0xa3,0xa0,0x9e,0x9c,
	0x9a,0x98,0x96,0x93,0x91,0x8e,0x8d,0x8c,0x8a,0x87,0x85,0x85,0x81,0x7d,0x7c,0x7c,
	0x79,0x75,0x73,0x72,0x70,0x6e,0x6d,0x6c,0x6a,0x66,0x63,0x62,0x5e,0x5b,0x59,0x58,
	0x57,0x54,0x52,0x50,0x4f,0x4c,0x4b,0x49,0x47,0x42,0x40,0x3f,0x3e,0x3b,0x39,0x37,
	0x36,0x33,0x31,0x30,0x2d,0x2b,0x29,0x29,0x29,0x2c,0x2e,0x2f,0x30,0x32,0x32,0x32,
	0x34,0x35,0x36,0x37,0x37,0x39,0x39,0x3a,0x3e,0x3e,0x3f,0x40,0x41,0x41,0x42,0x43,
	0x44,0x45,0x47,0x48,0x48,0x49,0x4a,0x4b,0x4e,0x4f,0x50,0x51,0x52,0x54,0x54,0x55,
	0x56,0x55,0x57,0x59,0x59,0x5b,0x5c,0x5e,0x5f,0x60,0x62,0x63,0x63,0x64,0x65,0x66,
	0x67,0x6a,0x6a,0x6a,0x6a,0x6a,0x6a,0x68,0x68,0x68,0x68,0x68,0x67,0x67,0x67,0x67,
	0x52,0x54,0x56,0x56,0x59,0x5b,0x5d,0x5e,0x61,0x64,0x66,0x66,0x6a,0x6e,0x6f,0x6e,
	0x71,0x75,0x77,0x78,0x7b,0x7e,0x81,0x82,0x84,0x85,0x87,0x8a,0x8d,0x90,0x91,0x92,
	0x94,0x96,0x98,0x99,0x9b,0x9e,0xa2,0xa4,0xa4,0xa6,0xa8,0xaa,0xaf,0xb2,0xb3,0xb5,
	0xb6,0xb8,0xb9,0xb9,0xbf,0xc0,0xc4,0xc5,0xc6,0xc9,0xcb,0xcd,0xd1,0xd3,0xd1,0xd0,
	0xcf,0xcf,0xce,0xcc,0xcb,0xc9,0xc8,0xc7,0xc7,0xc7,0xc5,0xc4,0xc3,0xc1,0xc0,0xbf,
	0xbf,0xbd,0xbc,0xbc,0xbb,0xb9,0xb9,0xb8,0xb6,0xb5,0xb3,0xb2,0xb1,0xaf,0xaf,0xae,
	0xae,0xad,0xab,0xa9,0xa9,0xa8,0xa7,0xa6,0xa6,0xa4,0xa2,0xa2,0xa0,0xa0,0x9e,0x9d,
	0x9b,0x9a,0x9a,0x9a,0x98,0x98,0x96,0x95,0x93,0x92,0x92,0x92,0x92,0x92,0x92,0x92,
	0x92,0x93,0x93,0x93,0x93,0x94,0x94,0x94,0x95,0x96,0x96,0x97,0x98,0x98,0x99,0x99,
	0x99,0x99,0x99,0x9a,0x9a,0x9b,0x9b,0x9c,0x9b,0x9c,0x9c,0x9d,0x9d,0x9e,0x9e,0x9f,
	0x9f,0xa0,0xa1,0xa1,0xa1,0xa1,0xa1,0xa2,0xa3,0xa2,0xa2,0xa3,0xa3,0xa4,0xa5,0xa6,
	0xa6,0xa6,0xa6,0xa8,0xa8,0xa8,0xa9,0xa9,0xa9,0xa9,0xa7,0xa5,0xa3,0xa0,0x9e,0x9c,
	0x9a,0x98,0x96,0x93,0x91,0x8e,0x8d,0x8c,0x8a,0x87,0x85,0x85,0x81,0x7d,0x7c,0x7c,
	0x79,0x75,0x73,0x72,0x70,0x6e,0x6d,0x6c,0x6a,0x66,0x63,0x62,0x5e,0x5b,0x59,0x58,
	0x57,0x54,0x52,0x50,0x4f,0x4c,0x4b,0x49,0x47,0x42,0x40,0x3f,0x3e,0x3b,0x39,0x37,
	0x36,0x33,0x31,0x30,0x2d,0x2b,0x29,0x29,0x29,0x2c,0x2e,0x2f,0x30,0x32,0x32,0x32,
	0x34,0x34,0x35,0x36,0x36,0x38,0x38,0x39,0x3d,0x3d,0x40,0x3f,0x40,0x40,0x42,0x43,
	0x44,0x45,0x47,0x48,0x48,0x49,0x4a,0x4b,0x4d,0x4f,0x50,0x51,0x52,0x53,0x53,0x54,
	0x55,0x55,0x57,0x59,0x59,0x5b,0x5c,0x5e,0x5f,0x60,0x61,0x63,0x63,0x63,0x65,0x66,
	0x67,0x6a,0x6a,0x6a,0x6a,0x6a,0x6a,0x68,0x68,0x68,0x68,0x68,0x67,0x67,0x67,0x67,
	0x53,0x55,0x57,0x56,0x59,0x5b,0x5c,0x5e,0x61,0x64,0x66,0x66,0x6a,0x6e,0x6f,0x6e,
	0x71,0x75,0x77,0x78,0x7c,0x7e,0x82,0x82,0x84,0x85,0x87,0x8a,0x8d,0x91,0x92,0x92,
	0x94,0x96,0x98,0x99,0x9c,0x9f,0xa3,0xa4,0xa4,0xa6,0xa8,0xaa,0xaf,0xb2,0xb3,0xb5,
	0xb7,0xb8,0xb9,0xb9,0xc0,0xc0,0xc4,0xc4,0xc6,0xc9,0xcb,0xcd,0xd1,0xd3,0xd2,0xd1,
	0xcf,0xcf,0xce,0xcc,0xcb,0xc9,0xc8,0xc8,0xc7,0xc7,0xc6,0xc5,0xc4,0xc2,0xc1,0xc0,
	0xbf,0xbd,0xbc,0xbc,0xbb,0xb9,0xb9,0xb8,0xb6,0xb5,0xb3,0xb2,0xb1,0xaf,0xaf,0xae,
	0xaf,0xad,0xab,0xa9,0xa9,0xa8,0xa7,0xa7,0xa6,0xa5,0xa3,0xa3,0xa1,0xa1,0x9f,0x9e,
	0x9c,0x9b,0x9b,0x9b,0x99,0x99,0x97,0x96,0x94,0x92,0x92,0x92,0x92,0x92,0x92,0x92,
	0x92,0x93,0x93,0x93,0x93,0x94,0x95,0x95,0x96,0x97,0x97,0x98,0x99,0x99,0x9a,0x9a,
	0x9a,0x9a,0x9a,0x9b,0x9b,0x9c,0x9c,0x9c,0x9b,0x9b,0x9b,0x9c,0x9c,0x9d,0x9d,0x9e,
	0x9f,0xa0,0xa1,0xa1,0xa1,0xa1,0xa1,0xa2,0xa3,0xa2,0xa2,0xa3,0xa3,0xa4,0xa5,0xa6,
	0xa7,0xa7,0xa7,0xa9,0xa9,0xa9,0xaa,0xaa,0xaa,0xaa,0xa8,0xa6,0xa4,0xa0,0x9e,0x9c,
	0x9a,0x98,0x97,0x94,0x92,0x8e,0x8d,0x8c,0x8a,0x88,0x86,0x86,0x81,0x7c,0x7b,0x7b,
	0x78,0x74,0x72,0x72,0x6f,0x6d,0x6c,0x6b,0x69,0x65,0x63,0x61,0x5d,0x5a,0x58,0x57,
	0x56,0x53,0x51,0x50,0x4e,0x4b,0x4a,0x48,0x46,0x42,0x41,0x40,0x3f,0x3c,0x3a,0x38,
	0x36,0x33,0x30,0x30,0x2d,0x2b,0x29,0x29,0x2a,0x2c,0x2e,0x2e,0x30,0x32,0x32,0x33,
	0x34,0x34,0x34,0x35,0x35,0x38,0x38,0x39,0x3c,0x3c,0x41,0x3e,0x3f,0x40,0x42,0x43,
	0x45,0x46,0x48,0x49,0x49,0x49,0x4b,0x4c,0x4d,0x4f,0x50,0x51,0x52,0x53,0x53,0x54,
	0x55,0x56,0x57,0x5a,0x5a,0x5c,0x5c,0x5e,0x5f,0x60,0x61,0x63,0x63,0x63,0x65,0x66,
	0x67,0x6a,0x6a,0x6a,0x6a,0x6a,0x6a,0x68,0x68,0x68,0x68,0x68,0x67,0x67,0x67,0x67,
	0x54,0x58,0x59,0x58,0x5a,0x5b,0x5d,0x5e,0x60,0x63,0x65,0x66,0x6a,0x6e,0x6f,0x70,
	0x72,0x75,0x77,0x78,0x7b,0x7e,0x81,0x82,0x84,0x86,0x88,0x8a,0x8d,0x8f,0x91,0x92,
	0x94,0x96,0x99,0x9a,0x9c,0x9f,0xa2,0xa4,0xa5,0xa6,0xa8,0xab,0xae,0xb2,0xb3,0xb5,
	0xb6,0xb8,0xb9,0xba,0xc4,0xbf,0xc4,0xc4,0xc6,0xc8,0xca,0xcb,0xcf,0xd2,0xd1,0xd1,
	0xcf,0xce,0xcd,0xcc,0xcc,0xcb,0xca,0xc9,0xc9,0xc8,0xc6,0xc6,0xc4,0xc3,0xc2,0xc0,
	0xbe,0xbc,0xbb,0xbb,0xba,0xb9,0xb8,0xb8,0xb6,0xb4,0xb3,0xb3,0xb2,0xb1,0xb0,0xaf,
	0xad,0xac,0xaa,0xa9,0xa9,0xa9,0xa8,0xa7,0xa7,0xa4,0xa3,0xa2,0xa1,0xa0,0x9f,0x9d,
	0x9b,0x9b,0x9b,0x9a,0x9a,0x99,0x98,0x97,0x94,0x93,0x92,0x92,0x92,0x92,0x92,0x92,
	0x92,0x92,0x92,0x92,0x93,0x95,0x95,0x95,0x96,0x97,0x97,0x97,0x98,0x98,0x98,0x98,
	0x99,0x99,0x99,0x99,0x99,0x9a,0x9a,0x9b,0x9b,0x9c,0x9c,0x9d,0x9d,0x9d,0x9e,0x9f,
	0xa0,0xa0,0xa1,0xa1,0xa1,0xa1,0xa1,0xa2,0xa4,0xa3,0xa3,0xa4,0xa4,0xa4,0xa4,0xa5,
	0xa6,0xa6,0xa7,0xa8,0xa8,0xa8,0xa8,0xa8,0xa8,0xa8,0xa7,0xa6,0xa3,0xa0,0x9e,0x9c,
	0x9b,0x98,0x96,0x94,0x91,0x8e,0x8d,0x8c,0x8a,0x88,0x86,0x85,0x81,0x7d,0x7a,0x79,
	0x77,0x74,0x73,0x72,0x70,0x6d,0x6b,0x6a,0x67,0x64,0x62,0x61,0x5d,0x59,0x57,0x56,
	0x55,0x53,0x52,0x50,0x4d,0x4a,0x47,0x46,0x45,0x43,0x42,0x41,0x3e,0x3b,0x39,0x38,
	0x36,0x32,0x30,0x2e,0x2c,0x2b,0x2a,0x2a,0x2a,0x2c,0x2d,0x2e,0x2f,0x32,0x33,0x33,
	0x34,0x34,0x34,0x34,0x36,0x38,0x39,0x3a,0x3a,0x3c,0x41,0x3b,0x3e,0x40,0x42,0x44,
	0x45,0x46,0x47,0x48,0x48,0x49,0x4a,0x4b,0x4e,0x4f,0x50,0x51,0x51,0x53,0x53,0x54,
	0x55,0x55,0x58,0x59,0x5a,0x5b,0x5c,0x5e,0x60,0x61,0x62,0x62,0x62,0x63,0x64,0x65,
	0x67,0x69,0x6a,0x6a,0x6a,0x6a,0x6a,0x69,0x69,0x69,0x69,0x69,0x68,0x68,0x68,0x68,
	0x55,0x53,0x55,0x5b,0x5c,0x5d,0x5e,0x5f,0x60,0x63,0x64,0x65,0x6a,0x6e,0x71,0x73,
	0x74,0x75,0x77,0x79,0x79,0x7c,0x7d,0x80,0x85,0x86,0x89,0x8a,0x8c,0x8d,0x8f,0x91,
	0x95,0x97,0x9a,0x9b,0x9d,0x9e,0xa0,0xa2,0xa6,0xa8,0xaa,0xac,0xae,0xb0,0xb1,0xb3,
	0xb5,0xb8,0xbb,0xbc,0xc0,0xbf,0xc2,0xc5,0xc7,0xc8,0xc9,0xc9,0xcc,0xcf,0xcf,0xcf,
	0xcf,0xce,0xcd,0xcd,0xcd,0xcd,0xcc,0xcc,0xcb,0xc8,0xc5,0xc4,0xc3,0xc2,0xc0,0xbf,
	0xbb,0xba,0xb9,0xb9,0xb9,0xb9,0xb8,0xb7,0xb5,0xb4,0xb3,0xb3,0xb3,0xb3,0xb2,0xb1,
	0xab,0xaa,0xa9,0xa9,0xa9,0xa9,0xa8,0xa8,0xa7,0xa3,0xa1,0xa0,0x9f,0x9e,0x9d,0x9c,
	0x9b,0x9a,0x9a,0x9a,0x99,0x99,0x98,0x97,0x94,0x93,0x92,0x92,0x92,0x92,0x92,0x92,
	0x92,0x92,0x92,0x92,0x93,0x95,0x96,0x96,0x96,0x96,0x96,0x96,0x96,0x96,0x96,0x96,
	0x97,0x97,0x97,0x97,0x97,0x97,0x98,0x99,0x9c,0x9d,0x9e,0x9e,0x9e,0x9e,0x9f,0xa0,
	0xa1,0xa2,0xa3,0xa3,0xa3,0xa3,0xa3,0xa4,0xa4,0xa4,0xa4,0xa4,0xa4,0xa4,0xa4,0xa5,
	0xa5,0xa5,0xa6,0xa6,0xa6,0xa6,0xa6,0xa6,0xa6,0xa6,0xa6,0xa6,0xa3,0xa1,0x9f,0x9e,
	0x9c,0x97,0x94,0x93,0x90,0x8e,0x8c,0x8c,0x8a,0x87,0x83,0x80,0x7f,0x7e,0x7e,0x7d,
	0x7a,0x77,0x75,0x74,0x71,0x6f,0x6d,0x6c,0x6a,0x65,0x62,0x61,0x5e,0x5c,0x5a,0x59,
	0x58,0x54,0x52,0x51,0x4d,0x4a,0x48,0x46,0x44,0x43,0x42,0x41,0x3c,0x38,0x35,0x36,
	0x34,0x32,0x2f,0x2c,0x2c,0x2c,0x2c,0x2c,0x2c,0x2c,0x2c,0x2c,0x2f,0x31,0x33,0x33,
	0x34,0x34,0x34,0x35,0x38,0x3a,0x3c,0x3c,0x3b,0x3d,0x40,0x40,0x41,0x42,0x42,0x44,
	0x46,0x46,0x47,0x47,0x47,0x47,0x48,0x49,0x4f,0x50,0x51,0x51,0x51,0x51,0x51,0x52,
	0x53,0x55,0x58,0x58,0x59,0x5a,0x5b,0x5d,0x60,0x61,0x62,0x62,0x62,0x62,0x63,0x64,
	0x68,0x69,0x6a,0x6a,0x6a,0x6a,0x6a,0x6a,0x6a,0x6a,0x6a,0x6a,0x6a,0x6a,0x6a,0x6a,
	0x54,0x57,0x59,0x5b,0x5c,0x5e,0x5f,0x5f,0x60,0x62,0x63,0x63,0x66,0x69,0x6b,0x6e,
	0x72,0x74,0x76,0x77,0x78,0x7a,0x7b,0x7d,0x83,0x84,0x86,0x88,0x89,0x8a,0x8b,0x8e,
	0x97,0x99,0x9b,0x9c,0x9e,0x9f,0xa0,0xa3,0xa6,0xa7,0xa9,0xab,0xac,0xae,0xaf,0xb0,
	0xb1,0xb4,0xb8,0xb9,0xbb,0xbd,0xcb,0xc0,0xc4,0xc8,0xcb,0xcd,0xcf,0xd0,0xd0,0xd0,
	0xd0,0xcf,0xce,0xce,0xce,0xce,0xcd,0xcd,0xcc,0xc9,0xc6,0xc5,0xc4,0xc2,0xc0,0xbf,
	0xbc,0xbb,0xba,0xba,0xba,0xba,0xb9,0xb8,0xb7,0xb6,0xb5,0xb5,0xb5,0xb5,0xb4,0xb3,
	0xae,0xad,0xac,0xac,0xac,0xac,0xab,0xab,0xaa,0xa6,0xa4,0xa3,0xa2,0xa0,0x9e,0x9d,
	0x9b,0x9a,0x99,0x99,0x99,0x99,0x98,0x97,0x94,0x93,0x92,0x92,0x92,0x92,0x92,0x92,
	0x92,0x92,0x92,0x92,0x92,0x92,0x92,0x94,0x95,0x96,0x97,0x97,0x97,0x97,0x97,0x97,
	0x98,0x98,0x98,0x98,0x98,0x98,0x99,0x9a,0x9b,0x9c,0x9d,0x9d,0x9d,0x9d,0x9e,0x9f,
	0xa2,0xa3,0xa4,0xa4,0xa4,0xa4,0xa4,0xa5,0xa5,0xa5,0xa5,0xa5,0xa5,0xa5,0xa5,0xa5,
	0xa5,0xa5,0xa5,0xa5,0xa5,0xa5,0xa5,0xa5,0xa5,0xa5,0xa5,0xa5,0xa4,0xa2,0xa1,0xa0,
	0x9e,0x99,0x96,0x94,0x93,0x91,0x90,0x8f,0x8c,0x89,0x86,0x83,0x80,0x7d,0x7b,0x7a,
	0x77,0x74,0x72,0x71,0x70,0x6e,0x6d,0x6c,0x6a,0x65,0x62,0x60,0x5f,0x5d,0x5c,0x5b,
	0x5a,0x56,0x54,0x53,0x50,0x4d,0x4b,0x4a,0x47,0x44,0x42,0x41,0x3e,0x3b,0x39,0x37,
	0x36,0x34,0x30,0x2e,0x2e,0x2e,0x2e,0x2e,0x2e,0x2e,0x2e,0x2e,0x2f,0x31,0x32,0x32,
	0x33,0x35,0x36,0x36,0x37,0x39,0x3a,0x3a,0x3b,0x41,0x3e,0x42,0x41,0x3f,0x3e,0x40,
	0x46,0x47,0x48,0x48,0x48,0x48,0x49,0x4a,0x51,0x52,0x53,0x53,0x53,0x53,0x53,0x53,
	0x54,0x56,0x57,0x57,0x58,0x5a,0x5b,0x5d,0x5f,0x60,0x61,0x61,0x61,0x61,0x62,0x63,
	0x65,0x66,0x67,0x67,0x67,0x67,0x67,0x67,0x67,0x67,0x67,0x67,0x67,0x67,0x67,0x67,
	0x15,0x0c,0x15,0x0e,0x10,0x11,0x12,0x13,0x13,0x13,0x14,0x14,0x12,0x10,0x0e,0x0d,
	0x0e,0x0f,0x10,0x10,0x11,0x12,0x13,0x11,0x10,0x10,0x10,0x10,0x11,0x12,0x13,0x11,
	0x0f,0x0e,0x0e,0x0f,0x10,0x11,0x12,0x13,0x4e,0x4e,0x4f,0x50,0x51,0x52,0x53,0x53,
	0x52,0x51,0x50,0x50,0x52,0x57,0xad,0xb0,0xae,0xab,0xab,0xab,0xab,0xab,0xab,0xab,
	0xaa,0xa9,0xa9,0xa9,0xa9,0xa9,0xa9,0xa9,0xaa,0xab,0xab,0xac,0xaa,0xa9,0xa8,0xa7,
	0x6a,0x6a,0x6a,0x6a,0x6a,0x6a,0x69,0x69,0x69,0x68,0x68,0x68,0x68,0x68,0x68,0x69,
	0x69,0x69,0x6a,0x6a,0x6a,0x6a,0x6a,0x6a,0x6b,0x6c,0x6c,0x6d,0x6b,0x6a,0x69,0x69,
	0x69,0x69,0x6a,0x6a,0x6a,0x6a,0x6a,0x6a,0x2c,0x2c,0x2c,0x2c,0x2c,0x2c,0x2c,0x2c,
	0x2c,0x2c,0x2c,0x2c,0x2b,0x29,0x28,0x28,0x29,0x29,0x29,0x29,0x29,0x29,0x29,0x29,
	0x2a,0x2a,0x2a,0x2a,0x2a,0x2a,0x2a,0x2a,0x2a,0x2a,0x2a,0x2a,0x2a,0x2a,0x2a,0x2a,
	0xd2,0xd2,0xd2,0xd2,0xd2,0xd2,0xd2,0xd3,0xd3,0xd3,0xd3,0xd3,0xd3,0xd3,0xd3,0xd3,
	0xd2,0xd2,0xd2,0xd2,0xd2,0xd2,0xd2,0xd2,0xd2,0xd2,0xd2,0xd2,0xd2,0xd2,0xd1,0xd1,
	0xd0,0xd0,0xcf,0xcf,0xcf,0xcf,0xce,0xce,0x92,0x91,0x92,0x90,0x90,0x91,0x91,0x91,
	0x92,0x93,0x93,0x94,0x94,0x94,0x93,0x93,0x92,0x92,0x91,0x91,0x91,0x91,0x90,0x90,
	0x91,0x92,0x92,0x93,0x91,0x8f,0x8e,0x8e,0x8d,0x8d,0x8d,0x8c,0x8e,0x90,0x92,0x93,
	0x4b,0x4c,0x50,0x52,0x52,0x52,0x52,0x52,0x52,0x52,0x52,0x52,0x52,0x52,0x53,0x53,
	0x52,0x51,0x50,0x50,0x50,0x50,0x51,0x51,0x50,0x4c,0x54,0xac,0xac,0xab,0xab,0xab,
	0xaa,0xaa,0xaa,0xaa,0xaa,0xaa,0xaa,0xaa,0xe9,0xe9,0xe9,0xe9,0xe9,0xe9,0xe9,0xe9,
	0xe9,0xe9,0xea,0xea,0xec,0xed,0xee,0xed,0xed,0xec,0xeb,0xeb,0xeb,0xeb,0xeb,0xec,
	0xec,0xec,0xed,0xed,0xed,0xed,0xed,0xed,0xed,0xed,0xed,0xed,0xed,0xed,0xed,0xed,
	0x13,0x10,0x13,0x10,0x10,0x10,0x11,0x11,0x11,0x11,0x11,0x11,0x11,0x11,0x11,0x11,
	0x10,0x10,0x10,0x11,0x11,0x12,0x12,0x12,0x11,0x10,0x11,0x11,0x12,0x12,0x12,0x12,
	0x10,0x0f,0x0f,0x10,0x11,0x11,0x12,0x12,0x4d,0x4d,0x4d,0x4e,0x4f,0x4f,0x50,0x50,
	0x50,0x50,0x50,0x50,0x50,0x52,0x57,0xad,0xaf,0xad,0xa9,0xa9,0xaa,0xab,0xab,0xab,
	0xab,0xaa,0xaa,0xaa,0xaa,0xaa,0xaa,0xaa,0xaa,0xaa,0xaa,0xaa,0xaa,0xaa,0xaa,0xaa,
	0x6a,0x6a,0x6a,0x6a,0x6a,0x6a,0x6a,0x6a,0x69,0x69,0x69,0x69,0x69,0x69,0x69,0x69,
	0x68,0x68,0x68,0x68,0x68,0x68,0x68,0x68,0x68,0x69,0x69,0x69,0x69,0x6a,0x69,0x69,
	0x69,0x68,0x68,0x68,0x68,0x68,0x68,0x68,0x2b,0x2b,0x2b,0x2b,0x2b,0x2b,0x2b,0x2b,
	0x2b,0x2b,0x2b,0x2b,0x2a,0x29,0x28,0x28,0x28,0x27,0x27,0x27,0x27,0x27,0x27,0x27,
	0x28,0x28,0x28,0x28,0x28,0x28,0x28,0x28,0x28,0x28,0x28,0x28,0x28,0x28,0x28,0x28,
	0xd1,0xd2,0xd2,0xd2,0xd2,0xd2,0xd2,0xd3,0xd3,0xd3,0xd3,0xd3,0xd3,0xd3,0xd3,0xd2,
	0xd2,0xd2,0xd1,0xd1,0xd1,0xd1,0xd1,0xd1,0xd1,0xd1,0xd1,0xd1,0xd1,0xd1,0xd0,0xd0,
	0xd0,0xd0,0xd0,0xd1,0xd1,0xd1,0xd1,0xd1,0x91,0x92,0x91,0x90,0x91,0x91,0x91,0x91,
	0x91,0x92,0x92,0x92,0x92,0x92,0x91,0x91,0x90,0x90,0x90,0x90,0x90,0x90,0x90,0x90,
	0x90,0x90,0x90,0x90,0x90,0x90,0x90,0x90,0x90,0x90,0x90,0x90,0x90,0x90,0x90,0x90,
	0x4c,0x50,0x52,0x52,0x52,0x52,0x52,0x52,0x52,0x52,0x52,0x52,0x52,0x52,0x52,0x52,
	0x52,0x51,0x51,0x51,0x49,0x51,0x51,0x51,0x4c,0x54,0xac,0xac,0xab,0xab,0xab,0xab,
	0xaa,0xaa,0xaa,0xaa,0xaa,0xaa,0xaa,0xaa,0xec,0xec,0xec,0xec,0xec,0xec,0xec,0xec,
	0xec,0xec,0xec,0xec,0xec,0xec,0xec,0xec,0xec,0xec,0xec,0xec,0xec,0xec,0xec,0xec,
	0xed,0xed,0xed,0xed,0xed,0xed,0xed,0xed,0xed,0xed,0xed,0xed,0xed,0xed,0xed,0xed,
	0x13,0x11,0x10,0x10,0x10,0x10,0x10,0x10,0x10,0x10,0x10,0x10,0x10,0x10,0x10,0x11,
	0x12,0x12,0x13,0x13,0x13,0x14,0x13,0x13,0x11,0x10,0x10,0x10,0x10,0x11,0x10,0x10,
	0x0f,0x0f,0x0f,0x0f,0x0f,0x0f,0x0f,0x0f,0x4d,0x4d,0x4d,0x4d,0x4e,0x4e,0x4e,0x4e,
	0x50,0x50,0x50,0x50,0x50,0x50,0x52,0x57,0xac,0xae,0xab,0xa7,0xaa,0xaa,0xaa,0xab,
	0xab,0xaa,0xaa,0xaa,0xaa,0xaa,0xaa,0xaa,0xaa,0xaa,0xaa,0xaa,0xaa,0xaa,0xaa,0xaa,
	0x6c,0x6c,0x6c,0x6c,0x6c,0x6c,0x6b,0x6b,0x6a,0x6a,0x69,0x69,0x69,0x69,0x6a,0x6a,
	0x6a,0x6b,0x6b,0x6b,0x6b,0x6b,0x6b,0x6b,0x6b,0x6b,0x6b,0x6b,0x6b,0x6b,0x6b,0x6b,
	0x6b,0x6b,0x6b,0x6b,0x6b,0x6b,0x6b,0x6b,0x2a,0x2a,0x2a,0x2a,0x2a,0x2a,0x2a,0x2a,
	0x2a,0x2a,0x2a,0x2a,0x2a,0x2a,0x2a,0x2a,0x29,0x29,0x29,0x29,0x28,0x28,0x28,0x28,
	0x29,0x29,0x29,0x29,0x29,0x29,0x29,0x29,0x2a,0x2a,0x2a,0x2a,0x2a,0x2a,0x2a,0x2a,
	0xd2,0xd3,0xd3,0xd3,0xd3,0xd3,0xd3,0xd4,0xd4,0xd4,0xd4,0xd4,0xd4,0xd4,0xd4,0xd3,
	0xd3,0xd3,0xd2,0xd2,0xd2,0xd2,0xd2,0xd2,0xd2,0xd2,0xd2,0xd2,0xd2,0xd2,0xd2,0xd2,
	0xd2,0xd2,0xd2,0xd2,0xd2,0xd2,0xd2,0xd2,0x91,0x91,0x90,0x90,0x91,0x91,0x91,0x91,
	0x91,0x91,0x91,0x91,0x91,0x91,0x91,0x91,0x91,0x91,0x91,0x91,0x91,0x91,0x91,0x91,
	0x91,0x91,0x91,0x91,0x91,0x91,0x91,0x91,0x91,0x91,0x91,0x91,0x91,0x91,0x91,0x91,
	0x50,0x52,0x52,0x52,0x52,0x52,0x52,0x52,0x52,0x52,0x52,0x52,0x52,0x52,0x52,0x52,
	0x51,0x51,0x51,0x51,0x51,0x4b,0x51,0x51,0x54,0xac,0xac,0xab,0xab,0xab,0xab,0xab,
	0xaa,0xaa,0xaa,0xaa,0xaa,0xaa,0xaa,0xaa,0xeb,0xeb,0xeb,0xeb,0xeb,0xeb,0xeb,0xeb,
	0xeb,0xeb,0xeb,0xeb,0xeb,0xeb,0xeb,0xea,0xea,0xea,0xe9,0xe9,0xe9,0xe9,0xea,0xea,
	0xea,0xeb,0xeb,0xeb,0xeb,0xeb,0xeb,0xeb,0xeb,0xeb,0xeb,0xeb,0xeb,0xeb,0xeb,0xeb,
	0x13,0x10,0x0f,0x0f,0x10,0x10,0x10,0x10,0x10,0x10,0x10,0x10,0x10,0x10,0x10,0x10,
	0x10,0x10,0x10,0x10,0x10,0x10,0x10,0x10,0x10,0x10,0x10,0x10,0x10,0x10,0x0f,0x0f,
	0x0f,0x0e,0x0e,0x0e,0x0e,0x0e,0x0d,0x0d,0x4f,0x50,0x4f,0x50,0x50,0x50,0x4f,0x50,
	0x50,0x50,0x50,0x50,0x4f,0x50,0x50,0x52,0x55,0xaa,0xac,0xa9,0xaa,0xab,0xab,0xab,
	0xac,0xab,0xab,0xab,0xab,0xab,0xab,0xab,0xab,0xab,0xab,0xab,0xab,0xab,0xab,0xab,
	0x6c,0x6c,0x6c,0x6c,0x6c,0x6c,0x6b,0x6b,0x6a,0x6a,0x69,0x69,0x69,0x69,0x69,0x69,
	0x69,0x69,0x69,0x69,0x69,0x69,0x69,0x69,0x69,0x69,0x69,0x69,0x69,0x69,0x69,0x69,
	0x69,0x68,0x68,0x68,0x68,0x68,0x68,0x68,0x2c,0x2c,0x2c,0x2c,0x2c,0x2c,0x2c,0x2c,
	0x2c,0x2c,0x2c,0x2c,0x2c,0x2c,0x2b,0x2b,0x29,0x28,0x28,0x28,0x28,0x28,0x28,0x28,
	0x29,0x29,0x29,0x29,0x29,0x29,0x29,0x29,0x28,0x28,0x28,0x28,0x28,0x28,0x28,0x28,
	0xcf,0xd0,0xd0,0xd0,0xd0,0xd0,0xd0,0xd1,0xd1,0xd1,0xd1,0xd1,0xd1,0xd1,0xd1,0xd1,
	0xd0,0xd0,0xd0,0xd0,0xd0,0xd0,0xd0,0xd0,0xd0,0xd0,0xd0,0xd0,0xd0,0xd0,0xd0,0xd0,
	0xd0,0xd0,0xd0,0xd1,0xd1,0xd1,0xd1,0xd1,0x92,0x90,0x90,0x91,0x91,0x91,0x91,0x91,
	0x91,0x91,0x91,0x91,0x91,0x91,0x91,0x91,0x91,0x91,0x91,0x91,0x91,0x91,0x91,0x91,
	0x91,0x91,0x91,0x91,0x91,0x91,0x91,0x91,0x91,0x91,0x91,0x91,0x91,0x91,0x91,0x91,
	0x52,0x52,0x52,0x52,0x52,0x52,0x52,0x52,0x52,0x52,0x52,0x52,0x52,0x52,0x52,0x52,
	0x51,0x51,0x51,0x51,0x51,0x51,0x51,0x51,0xac,0xac,0xab,0xab,0xab,0xab,0xab,0xaa,
	0xa9,0xa9,0xa9,0xa9,0xa9,0xa9,0xa9,0xa9,0xea,0xea,0xea,0xea,0xea,0xea,0xea,0xea,
	0xea,0xea,0xea,0xea,0xea,0xea,0xea,0xea,0xeb,0xeb,0xeb,0xeb,0xeb,0xeb,0xeb,0xeb,
	0xec,0xec,0xec,0xec,0xec,0xec,0xec,0xec,0xec,0xec,0xec,0xec,0xec,0xec,0xec,0xec,
	0x12,0x10,0x0f,0x0e,0x10,0x10,0x10,0x10,0x10,0x10,0x10,0x10,0x10,0x10,0x10,0x10,
	0x10,0x10,0x11,0x10,0x10,0x10,0x10,0x10,0x11,0x11,0x10,0x10,0x10,0x10,0x10,0x10,
	0x11,0x11,0x10,0x10,0x10,0x10,0x0f,0x0f,0x52,0x53,0x52,0x52,0x52,0x52,0x51,0x51,
	0x50,0x50,0x50,0x51,0x50,0x50,0x50,0x51,0x50,0x53,0xa8,0xab,0xab,0xab,0xab,0xab,
	0xac,0xab,0xab,0xab,0xab,0xab,0xab,0xab,0xab,0xab,0xab,0xab,0xab,0xab,0xab,0xab,
	0x6a,0x6a,0x6a,0x6a,0x6a,0x6a,0x69,0x6a,0x6a,0x6a,0x6a,0x6a,0x6a,0x6a,0x6a,0x69,
	0x69,0x69,0x68,0x68,0x68,0x68,0x68,0x68,0x68,0x68,0x68,0x68,0x68,0x68,0x68,0x69,
	0x69,0x69,0x6a,0x6a,0x6a,0x6a,0x6a,0x6a,0x28,0x28,0x28,0x28,0x28,0x28,0x28,0x28,
	0x29,0x29,0x29,0x29,0x29,0x29,0x29,0x29,0x28,0x28,0x28,0x28,0x28,0x28,0x28,0x28,
	0x29,0x29,0x29,0x29,0x29,0x29,0x29,0x29,0x29,0x29,0x29,0x29,0x29,0x29,0x29,0x29,
	0xd0,0xd1,0xd1,0xd1,0xd1,0xd1,0xd1,0xd2,0xd2,0xd2,0xd2,0xd2,0xd2,0xd2,0xd2,0xd2,
	0xd2,0xd2,0xd2,0xd2,0xd2,0xd2,0xd2,0xd2,0xd2,0xd2,0xd2,0xd2,0xd2,0xd2,0xd2,0xd2,
	0xd2,0xd2,0xd2,0xd2,0xd2,0xd2,0xd2,0xd2,0x91,0x90,0x91,0x91,0x91,0x91,0x91,0x91,
	0x91,0x91,0x91,0x91,0x91,0x91,0x91,0x91,0x91,0x91,0x91,0x91,0x91,0x91,0x91,0x91,
	0x91,0x91,0x91,0x91,0x91,0x91,0x91,0x91,0x91,0x91,0x91,0x91,0x91,0x91,0x91,0x91,
	0x52,0x52,0x52,0x52,0x52,0x52,0x52,0x52,0x52,0x52,0x52,0x52,0x52,0x52,0x52,0x52,
	0x51,0x51,0x51,0x51,0x51,0x51,0x51,0xa3,0xac,0xab,0xab,0xab,0xab,0xab,0xab,0xaa,
	0xa9,0xa9,0xa9,0xa9,0xa9,0xa9,0xa9,0xa9,0xea,0xea,0xea,0xea,0xea,0xea,0xea,0xea,
	0xea,0xea,0xea,0xea,0xea,0xea,0xea,0xea,0xeb,0xeb,0xeb,0xeb,0xeb,0xeb,0xeb,0xeb,
	0xeb,0xeb,0xea,0xea,0xea,0xea,0xea,0xea,0xea,0xea,0xea,0xea,0xea,0xea,0xea,0xea,
	0x11,0x10,0x10,0x0f,0x10,0x10,0x10,0x10,0x10,0x10,0x10,0x10,0x10,0x10,0x10,0x11,
	0x11,0x11,0x11,0x11,0x11,0x11,0x11,0x11,0x11,0x11,0x11,0x11,0x11,0x11,0x11,0x11,
	0x11,0x11,0x11,0x11,0x11,0x10,0x11,0x11,0x54,0x53,0x53,0x52,0x52,0x52,0x52,0x51,
	0x51,0x51,0x51,0x51,0x51,0x50,0x51,0x50,0x50,0x50,0x53,0xa8,0xab,0xab,0xab,0xab,
	0xab,0xab,0xab,0xab,0xab,0xab,0xab,0xab,0xab,0xab,0xab,0xab,0xab,0xab,0xab,0xab,
	0x68,0x68,0x68,0x68,0x68,0x68,0x69,0x69,0x6a,0x6a,0x6a,0x6a,0x6a,0x6a,0x6a,0x6a,
	0x69,0x69,0x69,0x69,0x69,0x69,0x69,0x69,0x69,0x69,0x69,0x69,0x69,0x69,0x69,0x69,
	0x6a,0x6a,0x6a,0x6a,0x6a,0x6a,0x6a,0x6a,0x27,0x27,0x27,0x27,0x27,0x27,0x27,0x27,
	0x27,0x27,0x27,0x27,0x27,0x27,0x27,0x27,0x28,0x28,0x28,0x28,0x28,0x28,0x28,0x28,
	0x29,0x29,0x29,0x29,0x29,0x29,0x29,0x29,0x29,0x29,0x29,0x29,0x29,0x29,0x29,0x29,
	0xd1,0xd1,0xd1,0xd1,0xd1,0xd1,0xd2,0xd2,0xd2,0xd2,0xd2,0xd2,0xd2,0xd2,0xd2,0xd2,
	0xd2,0xd2,0xd2,0xd2,0xd2,0xd2,0xd2,0xd2,0xd2,0xd2,0xd2,0xd2,0xd2,0xd2,0xd2,0xd2,
	0xd2,0xd2,0xd2,0xd2,0xd2,0xd2,0xd2,0xd2,0x90,0x91,0x91,0x91,0x91,0x91,0x91,0x91,
	0x91,0x91,0x91,0x91,0x91,0x91,0x91,0x91,0x91,0x91,0x91,0x91,0x91,0x91,0x91,0x91,
	0x91,0x91,0x91,0x91,0x91,0x91,0x91,0x91,0x91,0x91,0x91,0x91,0x91,0x91,0x91,0x91,
	0x51,0x51,0x51,0x51,0x51,0x51,0x51,0x51,0x52,0x52,0x52,0x52,0x52,0x52,0x52,0x52,
	0x52,0x52,0x52,0x52,0x53,0x54,0xa7,0xa7,0xaa,0xaa,0xaa,0xaa,0xaa,0xaa,0xaa,0xaa,
	0xaa,0xaa,0xa9,0xa9,0xa9,0xa9,0xa9,0xa9,0xe9,0xe9,0xe9,0xe9,0xe9,0xe9,0xe9,0xe9,
	0xea,0xea,0xea,0xea,0xea,0xea,0xeb,0xeb,0xea,0xeb,0xeb,0xeb,0xeb,0xeb,0xeb,0xea,
	0xea,0xea,0xea,0xea,0xea,0xea,0xea,0xea,0xea,0xea,0xea,0xea,0xea,0xea,0xea,0xea,
	0x10,0x10,0x10,0x10,0x10,0x10,0x10,0x10,0x10,0x10,0x10,0x10,0x10,0x10,0x10,0x10,
	0x10,0x10,0x10,0x10,0x10,0x10,0x10,0x10,0x10,0x10,0x10,0x10,0x10,0x10,0x10,0x10,
	0x10,0x10,0x10,0x10,0x10,0x10,0x10,0x10,0x53,0x52,0x52,0x52,0x52,0x51,0x51,0x51,
	0x51,0x51,0x51,0x51,0x51,0x50,0x51,0x50,0x51,0x50,0x50,0x53,0xa8,0xab,0xab,0xab,
	0xaa,0xaa,0xaa,0xaa,0xaa,0xaa,0xaa,0xaa,0xaa,0xaa,0xaa,0xaa,0xaa,0xaa,0xaa,0xaa,
	0x68,0x68,0x68,0x68,0x68,0x69,0x6a,0x69,0x6a,0x6a,0x6a,0x6a,0x6a,0x6a,0x6a,0x6a,
	0x6a,0x6a,0x6a,0x6a,0x6a,0x6a,0x6a,0x6a,0x6a,0x6a,0x6a,0x6a,0x6a,0x6a,0x6a,0x6a,
	0x6a,0x6a,0x6a,0x6a,0x6a,0x6a,0x6a,0x6a,0x27,0x27,0x27,0x27,0x27,0x27,0x27,0x27,
	0x28,0x28,0x28,0x28,0x28,0x28,0x28,0x28,0x28,0x28,0x28,0x28,0x29,0x29,0x29,0x29,
	0x29,0x29,0x29,0x29,0x29,0x29,0x29,0x29,0x29,0x29,0x29,0x29,0x29,0x29,0x29,0x29,
	0xd1,0xd1,0xd1,0xd1,0xd1,0xd2,0xd2,0xd2,0xd2,0xd2,0xd2,0xd2,0xd2,0xd2,0xd2,0xd2,
	0xd2,0xd2,0xd2,0xd2,0xd2,0xd2,0xd2,0xd2,0xd2,0xd2,0xd2,0xd2,0xd2,0xd2,0xd2,0xd2,
	0xd2,0xd2,0xd2,0xd2,0xd2,0xd2,0xd2,0xd2,0x90,0x91,0x91,0x91,0x91,0x91,0x91,0x91,
	0x91,0x91,0x91,0x91,0x91,0x91,0x91,0x91,0x91,0x91,0x91,0x91,0x91,0x91,0x91,0x91,
	0x91,0x91,0x91,0x91,0x91,0x91,0x91,0x91,0x91,0x91,0x91,0x91,0x91,0x91,0x91,0x91,
	0x51,0x51,0x51,0x51,0x51,0x51,0x51,0x51,0x52,0x52,0x52,0x52,0x52,0x52,0x52,0x52,
	0x52,0x52,0x52,0x52,0x54,0xa8,0xaa,0xaa,0xaa,0xaa,0xaa,0xaa,0xaa,0xaa,0xaa,0xaa,
	0xaa,0xaa,0xaa,0xaa,0xaa,0xaa,0xaa,0xaa,0xe9,0xe9,0xe9,0xe9,0xe9,0xe9,0xe9,0xe9,
	0xea,0xea,0xea,0xea,0xea,0xea,0xeb,0xeb,0xea,0xeb,0xeb,0xeb,0xeb,0xeb,0xeb,0xea,
	0xea,0xea,0xea,0xea,0xea,0xea,0xea,0xea,0xea,0xea,0xea,0xea,0xea,0xea,0xea,0xea,
	0x10,0x10,0x10,0x10,0x10,0x10,0x10,0x10,0x10,0x10,0x10,0x10,0x10,0x10,0x10,0x10,
	0x10,0x10,0x10,0x10,0x10,0x10,0x10,0x10,0x10,0x10,0x10,0x10,0x10,0x10,0x10,0x10,
	0x10,0x10,0x10,0x10,0x10,0x10,0x10,0x10,0x52,0x52,0x52,0x52,0x51,0x51,0x51,0x51,
	0x51,0x51,0x51,0x51,0x51,0x51,0x51,0x51,0x51,0x51,0x50,0x50,0x53,0xa8,0xab,0xab,
	0xaa,0xaa,0xaa,0xaa,0xaa,0xaa,0xaa,0xaa,0xaa,0xaa,0xaa,0xaa,0xaa,0xaa,0xaa,0xaa,
	0x69,0x69,0x69,0x69,0x69,0x6a,0x6a,0x6a,0x6a,0x6a,0x6a,0x6a,0x6a,0x6a,0x6a,0x6a,
	0x6a,0x6a,0x6a,0x6a,0x6a,0x6a,0x6a,0x6a,0x6a,0x6a,0x6a,0x6a,0x6a,0x6a,0x6a,0x6a,
	0x6a,0x6a,0x6a,0x6a,0x6a,0x6a,0x6a,0x6a,0x28,0x28,0x28,0x28,0x28,0x28,0x28,0x28,
	0x29,0x29,0x29,0x29,0x29,0x29,0x29,0x29,0x29,0x29,0x29,0x29,0x29,0x29,0x29,0x29,
	0x29,0x29,0x29,0x29,0x29,0x29,0x29,0x29,0x29,0x29,0x29,0x29,0x29,0x29,0x29,0x29,
	0xd1,0xd1,0xd1,0xd1,0xd2,0xd2,0xd2,0xd2,0xd2,0xd2,0xd2,0xd2,0xd2,0xd2,0xd2,0xd2,
	0xd2,0xd2,0xd2,0xd2,0xd2,0xd2,0xd2,0xd2,0xd2,0xd2,0xd2,0xd2,0xd2,0xd2,0xd2,0xd2,
	0xd2,0xd2,0xd2,0xd2,0xd2,0xd2,0xd2,0xd2,0x91,0x91,0x91,0x91,0x91,0x91,0x91,0x91,
	0x91,0x91,0x91,0x91,0x91,0x91,0x91,0x91,0x91,0x91,0x91,0x91,0x91,0x91,0x91,0x91,
	0x91,0x91,0x91,0x91,0x91,0x91,0x91,0x91,0x91,0x91,0x91,0x91,0x91,0x91,0x91,0x91,
	0x51,0x51,0x51,0x51,0x51,0x51,0x51,0x51,0x52,0x52,0x52,0x52,0x52,0x52,0x52,0x52,
	0x52,0x52,0x52,0x52,0xa7,0xaa,0xac,0xad,0xaa,0xaa,0xaa,0xaa,0xaa,0xaa,0xaa,0xaa,
	0xaa,0xaa,0xaa,0xaa,0xaa,0xaa,0xaa,0xaa,0xea,0xea,0xea,0xea,0xea,0xea,0xea,0xea,
	0xeb,0xeb,0xeb,0xeb,0xeb,0xeb,0xeb,0xeb,0xeb,0xeb,0xeb,0xeb,0xeb,0xeb,0xeb,0xeb,
	0xeb,0xeb,0xeb,0xeb,0xeb,0xeb,0xeb,0xeb,0xeb,0xeb,0xeb,0xeb,0xeb,0xeb,0xeb,0xeb,
	0x10,0x10,0x10,0x10,0x10,0x10,0x10,0x10,0x10,0x10,0x10,0x10,0x10,0x10,0x10,0x10,
	0x10,0x10,0x10,0x10,0x10,0x10,0x10,0x10,0x10,0x10,0x10,0x10,0x10,0x10,0x10,0x10,
	0x10,0x10,0x10,0x10,0x10,0x10,0x10,0x10,0x52,0x52,0x52,0x51,0x51,0x51,0x51,0x51,
	0x51,0x51,0x51,0x51,0x51,0x51,0x51,0x51,0x51,0x51,0x51,0x50,0x50,0x53,0xa8,0xab,
	0xaa,0xaa,0xaa,0xaa,0xaa,0xaa,0xaa,0xaa,0xaa,0xaa,0xaa,0xaa,0xaa,0xaa,0xaa,0xaa,
	0x69,0x69,0x69,0x69,0x6a,0x6a,0x6a,0x6a,0x6a,0x6a,0x6a,0x6a,0x6a,0x6a,0x6a,0x6a,
	0x6a,0x6a,0x6a,0x6a,0x6a,0x6a,0x6a,0x6a,0x6a,0x6a,0x6a,0x6a,0x6a,0x6a,0x6a,0x6a,
	0x6a,0x6a,0x6a,0x6a,0x6a,0x6a,0x6a,0x6a,0x28,0x28,0x28,0x28,0x28,0x28,0x28,0x28,
	0x29,0x29,0x29,0x29,0x29,0x29,0x29,0x29,0x29,0x29,0x29,0x29,0x29,0x29,0x29,0x29,
	0x29,0x29,0x29,0x29,0x29,0x29,0x29,0x29,0x29,0x29,0x29,0x29,0x29,0x29,0x29,0x29,
	0xd1,0xd1,0xd1,0xd2,0xd2,0xd2,0xd2,0xd2,0xd2,0xd2,0xd2,0xd2,0xd2,0xd2,0xd2,0xd2,
	0xd2,0xd2,0xd2,0xd2,0xd2,0xd2,0xd2,0xd2,0xd2,0xd2,0xd2,0xd2,0xd2,0xd2,0xd2,0xd2,
	0xd2,0xd2,0xd2,0xd2,0xd2,0xd2,0xd2,0xd2,0x91,0x91,0x91,0x91,0x91,0x91,0x91,0x91,
	0x91,0x91,0x91,0x91,0x91,0x91,0x91,0x91,0x91,0x91,0x91,0x91,0x91,0x91,0x91,0x91,
	0x91,0x91,0x91,0x91,0x91,0x91,0x91,0x91,0x91,0x91,0x91,0x91,0x91,0x91,0x91,0x91,
	0x51,0x51,0x51,0x51,0x51,0x51,0x51,0x51,0x52,0x52,0x52,0x52,0x52,0x52,0x52,0x52,
	0x52,0x52,0x52,0xa4,0xa7,0xaa,0xad,0xae,0xaa,0xaa,0xaa,0xaa,0xaa,0xaa,0xaa,0xaa,
	0xaa,0xaa,0xaa,0xaa,0xaa,0xaa,0xaa,0xaa,0xea,0xea,0xea,0xea,0xea,0xea,0xea,0xea,
	0xeb,0xeb,0xeb,0xeb,0xeb,0xeb,0xeb,0xeb,0xeb,0xeb,0xeb,0xeb,0xeb,0xeb,0xeb,0xeb,
	0xeb,0xeb,0xeb,0xeb,0xeb,0xeb,0xeb,0xeb,0xeb,0xeb,0xeb,0xeb,0xeb,0xeb,0xeb,0xeb,
	0x10,0x10,0x10,0x10,0x10,0x10,0x10,0x10,0x10,0x10,0x10,0x10,0x10,0x10,0x10,0x10,
	0x10,0x10,0x10,0x10,0x10,0x10,0x10,0x10,0x10,0x10,0x10,0x10,0x10,0x10,0x10,0x10,
	0x10,0x10,0x10,0x10,0x10,0x10,0x10,0x10,0x52,0x52,0x51,0x51,0x51,0x51,0x51,0x51,
	0x51,0x51,0x51,0x51,0x51,0x51,0x51,0x51,0x51,0x51,0x51,0x50,0x50,0x50,0x53,0xa8,
	0xab,0xaa,0xaa,0xaa,0xaa,0xaa,0xaa,0xaa,0xaa,0xaa,0xaa,0xaa,0xaa,0xaa,0xaa,0xaa,
	0x69,0x69,0x69,0x6a,0x6a,0x6a,0x6a,0x6a,0x6a,0x6a,0x6a,0x6a,0x6a,0x6a,0x6a,0x6a,
	0x6a,0x6a,0x6a,0x6a,0x6a,0x6a,0x6a,0x6a,0x6a,0x6a,0x6a,0x6a,0x6a,0x6a,0x6a,0x6a,
	0x6a,0x6a,0x6a,0x6a,0x6a,0x6a,0x6a,0x6a,0x28,0x28,0x28,0x28,0x28,0x28,0x28,0x28,
	0x29,0x29,0x29,0x29,0x29,0x29,0x29,0x29,0x29,0x29,0x29,0x29,0x29,0x29,0x29,0x29,
	0x29,0x29,0x29,0x29,0x29,0x29,0x29,0x29,0x29,0x29,0x29,0x29,0x29,0x29,0x29,0x29,
	0xd1,0xd1,0xd2,0xd2,0xd2,0xd2,0xd2,0xd2,0xd2,0xd2,0xd2,0xd2,0xd2,0xd2,0xd2,0xd2,
	0xd2,0xd2,0xd2,0xd2,0xd2,0xd2,0xd2,0xd2,0xd2,0xd2,0xd2,0xd2,0xd2,0xd2,0xd2,0xd2,
	0xd2,0xd2,0xd2,0xd2,0xd2,0xd2,0xd2,0xd2,0x91,0x91,0x91,0x91,0x91,0x91,0x91,0x91,
	0x91,0x91,0x91,0x91,0x91,0x91,0x91,0x91,0x91,0x91,0x91,0x91,0x91,0x91,0x91,0x91,
	0x91,0x91,0x91,0x91,0x91,0x91,0x91,0x91,0x91,0x91,0x91,0x91,0x91,0x91,0x91,0x91,
	0x51,0x51,0x51,0x51,0x51,0x51,0x51,0x51,0x52,0x52,0x52,0x52,0x4a,0x52,0x52,0x52,
	0x53,0x53,0xa5,0xa8,0xa9,0xab,0xab,0xab,0xab,0xaa,0xaa,0xaa,0xaa,0xaa,0xaa,0xaa,
	0xaa,0xaa,0xaa,0xaa,0xaa,0xaa,0xaa,0xaa,0xea,0xea,0xea,0xea,0xea,0xea,0xea,0xea,
	0xeb,0xeb,0xeb,0xeb,0xeb,0xeb,0xeb,0xeb,0xeb,0xeb,0xeb,0xeb,0xeb,0xeb,0xeb,0xeb,
	0xeb,0xeb,0xeb,0xeb,0xeb,0xeb,0xeb,0xeb,0xeb,0xeb,0xeb,0xeb,0xeb,0xeb,0xeb,0xeb,
	0x10,0x10,0x10,0x10,0x10,0x10,0x10,0x10,0x10,0x10,0x10,0x10,0x10,0x10,0x10,0x10,
	0x10,0x10,0x10,0x10,0x10,0x10,0x10,0x10,0x10,0x10,0x10,0x10,0x10,0x10,0x10,0x10,
	0x10,0x10,0x10,0x10,0x10,0x10,0x10,0x10,0x52,0x51,0x51,0x51,0x51,0x51,0x51,0x51,
	0x51,0x51,0x51,0x51,0x51,0x51,0x51,0x51,0x51,0x51,0x51,0x50,0x50,0x50,0x50,0x53,
	0xa8,0xab,0xaa,0xaa,0xaa,0xaa,0xaa,0xaa,0xaa,0xaa,0xaa,0xaa,0xaa,0xaa,0xaa,0xaa,
	0x69,0x69,0x6a,0x6a,0x6a,0x6a,0x6a,0x6a,0x6a,0x6a,0x6a,0x6a,0x6a,0x6a,0x6a,0x6a,
	0x6a,0x6a,0x6a,0x6a,0x6a,0x6a,0x6a,0x6a,0x6a,0x6a,0x6a,0x6a,0x6a,0x6a,0x6a,0x6a,
	0x6a,0x6a,0x6a,0x6a,0x6a,0x6a,0x6a,0x6a,0x28,0x28,0x28,0x28,0x28,0x28,0x28,0x28,
	0x29,0x29,0x29,0x29,0x29,0x29,0x29,0x29,0x29,0x29,0x29,0x29,0x29,0x29,0x29,0x29,
	0x29,0x29,0x29,0x29,0x29,0x29,0x29,0x29,0x29,0x29,0x29,0x29,0x29,0x29,0x29,0x29,
	0xd1,0xd2,0xd2,0xd2,0xd2,0xd2,0xd2,0xd2,0xd2,0xd2,0xd2,0xd2,0xd2,0xd2,0xd2,0xd2,
	0xd2,0xd2,0xd2,0xd2,0xd2,0xd2,0xd2,0xd2,0xd2,0xd2,0xd2,0xd2,0xd2,0xd2,0xd2,0xd2,
	0xd2,0xd2,0xd2,0xd2,0xd2,0xd2,0xd2,0xd2,0x91,0x91,0x91,0x91,0x91,0x91,0x91,0x91,
	0x91,0x91,0x91,0x91,0x91,0x91,0x91,0x91,0x91,0x91,0x91,0x91,0x91,0x91,0x91,0x91,
	0x91,0x91,0x91,0x91,0x91,0x91,0x91,0x91,0x91,0x91,0x91,0x91,0x91,0x91,0x91,0x91,
	0x51,0x51,0x51,0x51,0x51,0x51,0x51,0x51,0x52,0x52,0x52,0x52,0x52,0x4c,0x52,0x52,
	0x53,0xa6,0xa9,0xab,0xab,0xab,0xab,0xab,0xaa,0xaa,0xaa,0xaa,0xaa,0xaa,0xaa,0xaa,
	0xaa,0xaa,0xaa,0xaa,0xaa,0xaa,0xaa,0xaa,0xea,0xea,0xea,0xea,0xea,0xea,0xea,0xea,
	0xeb,0xeb,0xeb,0xeb,0xeb,0xeb,0xeb,0xeb,0xeb,0xeb,0xeb,0xeb,0xeb,0xeb,0xeb,0xeb,
	0xeb,0xeb,0xeb,0xeb,0xeb,0xeb,0xeb,0xeb,0xeb,0xeb,0xeb,0xeb,0xeb,0xeb,0xeb,0xeb,
	0x10,0x10,0x10,0x10,0x10,0x10,0x10,0x10,0x10,0x10,0x10,0x10,0x10,0x10,0x10,0x10,
	0x10,0x10,0x10,0x10,0x10,0x10,0x10,0x10,0x10,0x10,0x10,0x10,0x10,0x10,0x10,0x10,
	0x10,0x10,0x10,0x10,0x10,0x10,0x10,0x10,0x51,0x51,0x51,0x51,0x51,0x51,0x51,0x51,
	0x51,0x51,0x51,0x51,0x51,0x51,0x51,0x51,0x51,0x51,0x51,0x50,0x50,0x50,0x50,0x50,
	0x53,0xa8,0xab,0xaa,0xaa,0xaa,0xaa,0xaa,0xaa,0xaa,0xaa,0xaa,0xaa,0xaa,0xaa,0xaa,
	0x6a,0x6a,0x6a,0x6a,0x6a,0x6a,0x6a,0x6a,0x6a,0x6a,0x6a,0x6a,0x6a,0x6a,0x6a,0x6a,
	0x6a,0x6a,0x6a,0x6a,0x6a,0x6a,0x6a,0x6a,0x6a,0x6a,0x6a,0x6a,0x6a,0x6a,0x6a,0x6a,
	0x6a,0x6a,0x6a,0x6a,0x6a,0x6a,0x6a,0x6a,0x28,0x28,0x28,0x28,0x28,0x28,0x28,0x28,
	0x29,0x29,0x29,0x29,0x29,0x29,0x29,0x29,0x29,0x29,0x29,0x29,0x29,0x29,0x29,0x29,
	0x29,0x29,0x29,0x29,0x29,0x29,0x29,0x29,0x29,0x29,0x29,0x29,0x29,0x29,0x29,0x29,
	0xd2,0xd2,0xd2,0xd2,0xd2,0xd2,0xd2,0xd2,0xd2,0xd2,0xd2,0xd2,0xd2,0xd2,0xd2,0xd2,
	0xd2,0xd2,0xd2,0xd2,0xd2,0xd2,0xd2,0xd2,0xd2,0xd2,0xd2,0xd2,0xd2,0xd2,0xd2,0xd2,
	0xd2,0xd2,0xd2,0xd2,0xd2,0xd2,0xd2,0xd2,0x91,0x91,0x91,0x91,0x91,0x91,0x91,0x91,
	0x91,0x91,0x91,0x91,0x91,0x91,0x91,0x91,0x91,0x91,0x91,0x91,0x91,0x91,0x91,0x91,
	0x91,0x91,0x91,0x91,0x91,0x91,0x91,0x91,0x91,0x91,0x91,0x91,0x91,0x91,0x91,0x91,
	0x51,0x51,0x51,0x51,0x51,0x51,0x51,0x51,0x52,0x52,0x52,0x52,0x52,0x52,0x52,0x52,
	0xa5,0xa9,0xac,0xad,0xac,0xab,0xab,0xab,0xaa,0xaa,0xaa,0xaa,0xaa,0xaa,0xaa,0xaa,
	0xaa,0xaa,0xaa,0xaa,0xaa,0xaa,0xaa,0xaa,0xea,0xea,0xea,0xea,0xea,0xea,0xea,0xea,
	0xeb,0xeb,0xeb,0xeb,0xeb,0xeb,0xeb,0xeb,0xeb,0xeb,0xeb,0xeb,0xeb,0xeb,0xeb,0xeb,
	0xeb,0xeb,0xeb,0xeb,0xeb,0xeb,0xeb,0xeb,0xeb,0xeb,0xeb,0xeb,0xeb,0xeb,0xeb,0xeb,
	0x10,0x10,0x10,0x10,0x10,0x10,0x10,0x10,0x10,0x10,0x10,0x10,0x10,0x10,0x10,0x10,
	0x10,0x10,0x10,0x10,0x10,0x10,0x10,0x10,0x10,0x10,0x10,0x10,0x10,0x10,0x10,0x10,
	0x10,0x10,0x10,0x10,0x10,0x10,0x10,0x10,0x51,0x51,0x51,0x51,0x51,0x51,0x51,0x51,
	0x51,0x51,0x51,0x51,0x51,0x51,0x51,0x51,0x51,0x51,0x51,0x51,0x50,0x50,0x50,0x50,
	0x50,0x53,0xa8,0xab,0xaa,0xaa,0xaa,0xaa,0xaa,0xaa,0xaa,0xaa,0xaa,0xaa,0xaa,0xaa,
	0x6a,0x6a,0x6a,0x6a,0x6a,0x6a,0x6a,0x6a,0x6a,0x6a,0x6a,0x6a,0x6a,0x6a,0x6a,0x6a,
	0x6a,0x6a,0x6a,0x6a,0x6a,0x6a,0x6a,0x6a,0x6a,0x6a,0x6a,0x6a,0x6a,0x6a,0x6a,0x6a,
	0x6a,0x6a,0x6a,0x6a,0x6a,0x6a,0x6a,0x6a,0x28,0x28,0x28,0x28,0x28,0x28,0x28,0x28,
	0x29,0x29,0x29,0x29,0x29,0x29,0x29,0x29,0x29,0x29,0x29,0x29,0x29,0x29,0x29,0x29,
	0x29,0x29,0x29,0x29,0x29,0x29,0x29,0x29,0x29,0x29,0x29,0x29,0x29,0x29,0x29,0x29,
	0xd2,0xd2,0xd2,0xd2,0xd2,0xd2,0xd2,0xd2,0xd2,0xd2,0xd2,0xd2,0xd2,0xd2,0xd2,0xd2,
	0xd2,0xd2,0xd2,0xd2,0xd2,0xd2,0xd2,0xd2,0xd2,0xd2,0xd2,0xd2,0xd2,0xd2,0xd2,0xd2,
	0xd2,0xd2,0xd2,0xd2,0xd2,0xd2,0xd2,0xd2,0x91,0x91,0x91,0x91,0x91,0x91,0x91,0x91,
	0x91,0x91,0x91,0x91,0x91,0x91,0x91,0x91,0x91,0x91,0x91,0x91,0x91,0x91,0x91,0x91,
	0x91,0x91,0x91,0x91,0x91,0x91,0x91,0x91,0x91,0x91,0x91,0x91,0x91,0x91,0x91,0x91,
	0x51,0x51,0x51,0x51,0x51,0x51,0x51,0x51,0x52,0x52,0x52,0x52,0x52,0x52,0x52,0xa4,
	0xa8,0xab,0xad,0xae,0xac,0xab,0xab,0xab,0xaa,0xaa,0xaa,0xaa,0xaa,0xaa,0xaa,0xaa,
	0xaa,0xaa,0xaa,0xaa,0xaa,0xaa,0xaa,0xaa,0xea,0xea,0xea,0xea,0xea,0xea,0xea,0xea,
	0xeb,0xeb,0xeb,0xeb,0xeb,0xeb,0xeb,0xeb,0xeb,0xeb,0xeb,0xeb,0xeb,0xeb,0xeb,0xeb,
	0xeb,0xeb,0xeb,0xeb,0xeb,0xeb,0xeb,0xeb,0xeb,0xeb,0xeb,0xeb,0xeb,0xeb,0xeb,0xeb,
	0x10,0x10,0x10,0x10,0x10,0x10,0x10,0x10,0x10,0x10,0x10,0x10,0x10,0x10,0x10,0x10,
	0x10,0x10,0x10,0x10,0x10,0x10,0x10,0x10,0x10,0x10,0x10,0x10,0x10,0x10,0x10,0x10,
	0x10,0x10,0x10,0x10,0x10,0x10,0x10,0x10,0x51,0x51,0x51,0x51,0x51,0x51,0x51,0x51,
	0x51,0x51,0x51,0x51,0x51,0x51,0x51,0x51,0x51,0x51,0x51,0x51,0x51,0x51,0x51,0x51,
	0x50,0x50,0x53,0xa8,0xab,0xaa,0xaa,0xaa,0xaa,0xaa,0xaa,0xaa,0xaa,0xaa,0xaa,0xaa,
	0x6a,0x6a,0x6a,0x6a,0x6a,0x6a,0x6a,0x6a,0x6a,0x6a,0x6a,0x6a,0x6a,0x6a,0x6a,0x6a,
	0x6a,0x6a,0x6a,0x6a,0x6a,0x6a,0x6a,0x6a,0x6a,0x6a,0x6a,0x6a,0x6a,0x6a,0x6a,0x6a,
	0x6a,0x6a,0x6a,0x6a,0x6a,0x6a,0x6a,0x6a,0x29,0x29,0x29,0x29,0x29,0x29,0x29,0x29,
	0x29,0x29,0x29,0x29,0x29,0x29,0x29,0x29,0x29,0x29,0x29,0x29,0x29,0x29,0x29,0x29,
	0x29,0x29,0x29,0x29,0x29,0x29,0x29,0x29,0x29,0x29,0x29,0x29,0x29,0x29,0x29,0x29,
	0xd2,0xd2,0xd2,0xd2,0xd2,0xd2,0xd2,0xd2,0xd2,0xd2,0xd2,0xd2,0xd2,0xd2,0xd2,0xd2,
	0xd2,0xd2,0xd2,0xd2,0xd2,0xd2,0xd2,0xd2,0xd2,0xd2,0xd2,0xd2,0xd2,0xd2,0xd2,0xd2,
	0xd2,0xd2,0xd2,0xd2,0xd2,0xd2,0xd2,0xd2,0x91,0x91,0x91,0x91,0x91,0x91,0x91,0x91,
	0x91,0x91,0x91,0x91,0x91,0x91,0x91,0x91,0x91,0x91,0x91,0x91,0x91,0x91,0x91,0x91,
	0x91,0x91,0x91,0x91,0x91,0x91,0x91,0x91,0x91,0x91,0x91,0x91,0x91,0x91,0x91,0x91,
	0x51,0x51,0x51,0x51,0x51,0x51,0x51,0x51,0x52,0x52,0x52,0x52,0x53,0x53,0xa6,0xa6,
	0xa9,0xaa,0xab,0xab,0xab,0xaa,0xaa,0xaa,0xaa,0xaa,0xaa,0xaa,0xaa,0xaa,0xaa,0xaa,
	0xaa,0xaa,0xaa,0xaa,0xaa,0xaa,0xaa,0xaa,0xea,0xea,0xea,0xea,0xea,0xea,0xea,0xeb,
	0xeb,0xeb,0xeb,0xeb,0xeb,0xeb,0xeb,0xeb,0xeb,0xeb,0xeb,0xeb,0xeb,0xeb,0xeb,0xeb,
	0xeb,0xeb,0xeb,0xeb,0xeb,0xeb,0xeb,0xeb,0xeb,0xeb,0xeb,0xeb,0xeb,0xeb,0xeb,0xeb,
	0x10,0x10,0x10,0x10,0x10,0x10,0x10,0x10,0x10,0x10,0x10,0x10,0x10,0x10,0x10,0x10,
	0x10,0x10,0x10,0x10,0x10,0x10,0x10,0x10,0x10,0x10,0x10,0x10,0x10,0x10,0x10,0x10,
	0x10,0x10,0x10,0x10,0x10,0x10,0x10,0x10,0x51,0x51,0x51,0x51,0x51,0x51,0x51,0x51,
	0x51,0x51,0x51,0x51,0x51,0x51,0x51,0x51,0x51,0x51,0x51,0x51,0x51,0x51,0x51,0x51,
	0x51,0x50,0x50,0x53,0xa8,0xab,0xaa,0xaa,0xaa,0xaa,0xaa,0xaa,0xaa,0xaa,0xaa,0xaa,
	0x6a,0x6a,0x6a,0x6a,0x6a,0x6a,0x6a,0x6a,0x6a,0x6a,0x6a,0x6a,0x6a,0x6a,0x6a,0x6a,
	0x6a,0x6a,0x6a,0x6a,0x6a,0x6a,0x6a,0x6a,0x6a,0x6a,0x6a,0x6a,0x6a,0x6a,0x6a,0x6a,
	0x6a,0x6a,0x6a,0x6a,0x6a,0x6a,0x6a,0x6a,0x29,0x29,0x29,0x29,0x29,0x29,0x29,0x29,
	0x29,0x29,0x29,0x29,0x29,0x29,0x29,0x29,0x29,0x29,0x29,0x29,0x29,0x29,0x29,0x29,
	0x29,0x29,0x29,0x29,0x29,0x29,0x29,0x29,0x29,0x29,0x29,0x29,0x29,0x29,0x29,0x29,
	0xd2,0xd2,0xd2,0xd2,0xd2,0xd2,0xd2,0xd2,0xd2,0xd2,0xd2,0xd2,0xd2,0xd2,0xd2,0xd2,
	0xd2,0xd2,0xd2,0xd2,0xd2,0xd2,0xd2,0xd2,0xd2,0xd2,0xd2,0xd2,0xd2,0xd2,0xd2,0xd2,
	0xd2,0xd2,0xd2,0xd2,0xd2,0xd2,0xd2,0xd2,0x91,0x91,0x91,0x91,0x91,0x91,0x91,0x91,
	0x91,0x91,0x91,0x91,0x91,0x91,0x91,0x91,0x91,0x91,0x91,0x91,0x91,0x91,0x91,0x91,
	0x91,0x91,0x91,0x91,0x91,0x91,0x91,0x91,0x91,0x91,0x91,0x91,0x91,0x91,0x91,0x91,
	0x51,0x51,0x51,0x51,0x51,0x51,0x51,0x51,0x52,0x52,0x52,0x52,0x53,0xa6,0xa7,0xa8,
	0xaa,0xaa,0xaa,0xaa,0xaa,0xaa,0xaa,0xaa,0xaa,0xaa,0xaa,0xaa,0xaa,0xaa,0xaa,0xaa,
	0xaa,0xaa,0xaa,0xaa,0xaa,0xaa,0xaa,0xaa,0xea,0xea,0xea,0xea,0xea,0xea,0xea,0xeb,
	0xeb,0xeb,0xeb,0xeb,0xeb,0xeb,0xeb,0xeb,0xeb,0xeb,0xeb,0xeb,0xeb,0xeb,0xeb,0xeb,
	0xeb,0xeb,0xeb,0xeb,0xeb,0xeb,0xeb,0xeb,0xeb,0xeb,0xeb,0xeb,0xeb,0xeb,0xeb,0xeb,
	0x10,0x10,0x10,0x10,0x10,0x10,0x10,0x10,0x10,0x10,0x10,0x10,0x10,0x10,0x10,0x10,
	0x10,0x10,0x10,0x10,0x10,0x10,0x10,0x10,0x10,0x10,0x10,0x10,0x10,0x10,0x10,0x10,
	0x10,0x10,0x10,0x10,0x10,0x10,0x10,0x10,0x51,0x51,0x51,0x51,0x51,0x51,0x51,0x51,
	0x51,0x51,0x51,0x51,0x51,0x51,0x51,0x51,0x51,0x51,0x51,0x51,0x51,0x51,0x51,0x51,
	0x51,0x51,0x50,0x50,0x53,0xa8,0xab,0xaa,0xaa,0xaa,0xaa,0xaa,0xaa,0xaa,0xaa,0xaa,
	0x6a,0x6a,0x6a,0x6a,0x6a,0x6a,0x6a,0x6a,0x6a,0x6a,0x6a,0x6a,0x6a,0x6a,0x6a,0x6a,
	0x6a,0x6a,0x6a,0x6a,0x6a,0x6a,0x6a,0x6a,0x6a,0x6a,0x6a,0x6a,0x6a,0x6a,0x6a,0x6a,
	0x6a,0x6a,0x6a,0x6a,0x6a,0x6a,0x6a,0x6a,0x29,0x29,0x29,0x29,0x29,0x29,0x29,0x29,
	0x29,0x29,0x29,0x29,0x29,0x29,0x29,0x29,0x29,0x29,0x29,0x29,0x29,0x29,0x29,0x29,
	0x29,0x29,0x29,0x29,0x29,0x29,0x29,0x29,0x29,0x29,0x29,0x29,0x29,0x29,0x29,0x29,
	0xd2,0xd2,0xd2,0xd2,0xd2,0xd2,0xd2,0xd2,0xd2,0xd2,0xd2,0xd2,0xd2,0xd2,0xd2,0xd2,
	0xd2,0xd2,0xd2,0xd2,0xd2,0xd2,0xd2,0xd2,0xd2,0xd2,0xd2,0xd2,0xd2,0xd2,0xd2,0xd2,
	0xd2,0xd2,0xd2,0xd2,0xd2,0xd2,0xd2,0xd2,0x91,0x91,0x91,0x91,0x91,0x91,0x91,0x91,
	0x91,0x91,0x91,0x91,0x91,0x91,0x91,0x91,0x91,0x91,0x91,0x91,0x91,0x91,0x91,0x91,
	0x91,0x91,0x91,0x91,0x91,0x91,0x91,0x91,0x91,0x91,0x91,0x91,0x91,0x91,0x91,0x91,
	0x51,0x51,0x51,0x51,0x51,0x51,0x51,0x51,0x52,0x52,0x52,0x52,0xa6,0xa7,0xa8,0xa9,
	0xaa,0xaa,0xaa,0xaa,0xaa,0xaa,0xaa,0xaa,0xaa,0xaa,0xaa,0xaa,0xaa,0xaa,0xaa,0xaa,
	0xaa,0xaa,0xaa,0xaa,0xaa,0xaa,0xaa,0xaa,0xea,0xea,0xea,0xea,0xea,0xea,0xeb,0xeb,
	0xeb,0xeb,0xeb,0xeb,0xeb,0xeb,0xeb,0xeb,0xeb,0xeb,0xeb,0xeb,0xeb,0xeb,0xeb,0xeb,
	0xeb,0xeb,0xeb,0xeb,0xeb,0xeb,0xeb,0xeb,0xeb,0xeb,0xeb,0xeb,0xeb,0xeb,0xeb,0xeb,
	0x10,0x10,0x10,0x10,0x10,0x10,0x10,0x10,0x10,0x10,0x10,0x10,0x10,0x10,0x10,0x10,
	0x10,0x10,0x10,0x10,0x10,0x10,0x10,0x10,0x10,0x10,0x10,0x10,0x10,0x10,0x10,0x10,
	0x10,0x10,0x10,0x10,0x10,0x10,0x10,0x10,0x51,0x51,0x51,0x51,0x51,0x51,0x51,0x51,
	0x51,0x51,0x51,0x51,0x51,0x51,0x51,0x51,0x51,0x51,0x51,0x51,0x51,0x51,0x51,0x51,
	0x51,0x51,0x51,0x50,0x50,0x53,0xa8,0xab,0xaa,0xaa,0xaa,0xaa,0xaa,0xaa,0xaa,0xaa,
	0x6a,0x6a,0x6a,0x6a,0x6a,0x6a,0x6a,0x6a,0x6a,0x6a,0x6a,0x6a,0x6a,0x6a,0x6a,0x6a,
	0x6a,0x6a,0x6a,0x6a,0x6a,0x6a,0x6a,0x6a,0x6a,0x6a,0x6a,0x6a,0x6a,0x6a,0x6a,0x6a,
	0x6a,0x6a,0x6a,0x6a,0x6a,0x6a,0x6a,0x6a,0x29,0x29,0x29,0x29,0x29,0x29,0x29,0x29,
	0x29,0x29,0x29,0x29,0x29,0x29,0x29,0x29,0x29,0x29,0x29,0x29,0x29,0x29,0x29,0x29,
	0x29,0x29,0x29,0x29,0x29,0x29,0x29,0x29,0x29,0x29,0x29,0x29,0x29,0x29,0x29,0x29,
	0xd2,0xd2,0xd2,0xd2,0xd2,0xd2,0xd2,0xd2,0xd2,0xd2,0xd2,0xd2,0xd2,0xd2,0xd2,0xd2,
	0xd2,0xd2,0xd2,0xd2,0xd2,0xd2,0xd2,0xd2,0xd2,0xd2,0xd2,0xd2,0xd2,0xd2,0xd2,0xd2,
	0xd2,0xd2,0xd2,0xd2,0xd2,0xd2,0xd2,0xd2,0x91,0x91,0x91,0x91,0x91,0x91,0x91,0x91,
	0x91,0x91,0x91,0x91,0x91,0x91,0x91,0x91,0x91,0x91,0x91,0x91,0x91,0x91,0x91,0x91,
	0x91,0x91,0x91,0x91,0x91,0x91,0x91,0x91,0x91,0x91,0x91,0x91,0x91,0x91,0x91,0x91,
	0x51,0x51,0x51,0x51,0x51,0x51,0x51,0x51,0x52,0x52,0x52,0xa4,0xa6,0xa8,0xa9,0xa9,
	0xaa,0xaa,0xaa,0xaa,0xaa,0xaa,0xaa,0xaa,0xaa,0xaa,0xaa,0xaa,0xaa,0xaa,0xaa,0xaa,
	0xaa,0xaa,0xaa,0xaa,0xaa,0xaa,0xaa,0xaa,0xea,0xea,0xea,0xea,0xea,0xea,0xeb,0xeb,
	0xeb,0xeb,0xeb,0xeb,0xeb,0xeb,0xeb,0xeb,0xeb,0xeb,0xeb,0xeb,0xeb,0xeb,0xeb,0xeb,
	0xeb,0xeb,0xeb,0xeb,0xeb,0xeb,0xeb,0xeb,0xeb,0xeb,0xeb,0xeb,0xeb,0xeb,0xeb,0xeb,
	0x10,0x10,0x10,0x10,0x10,0x10,0x10,0x10,0x10,0x10,0x10,0x10,0x10,0x10,0x10,0x10,
	0x10,0x10,0x10,0x10,0x10,0x10,0x10,0x10,0x10,0x10,0x10,0x10,0x10,0x10,0x10,0x10,
	0x10,0x10,0x10,0x10,0x10,0x10,0x10,0x10,0x51,0x51,0x51,0x51,0x51,0x51,0x51,0x51,
	0x51,0x51,0x51,0x51,0x51,0x51,0x51,0x51,0x51,0x51,0x51,0x51,0x51,0x51,0x51,0x51,
	0x51,0x51,0x51,0x51,0x50,0x50,0x53,0xa8,0xaa,0xac,0xa5,0xaf,0xaa,0xaa,0xaa,0xaa,
	0x6a,0x6a,0x6a,0x6a,0x6a,0x6a,0x6a,0x6a,0x6a,0x6a,0x6a,0x6a,0x6a,0x6a,0x6a,0x6a,
	0x6a,0x6a,0x6a,0x6a,0x6a,0x6a,0x6a,0x6a,0x6a,0x6a,0x6a,0x6a,0x6a,0x6a,0x6a,0x6a,
	0x6a,0x6a,0x6a,0x6a,0x6a,0x6a,0x6a,0x6a,0x29,0x29,0x29,0x29,0x29,0x29,0x29,0x29,
	0x29,0x29,0x29,0x29,0x29,0x29,0x29,0x29,0x29,0x29,0x29,0x29,0x29,0x29,0x29,0x29,
	0x29,0x29,0x29,0x29,0x29,0x29,0x29,0x29,0x29,0x29,0x29,0x29,0x29,0x29,0x29,0x29,
	0xd2,0xd2,0xd2,0xd2,0xd2,0xd2,0xd2,0xd2,0xd2,0xd2,0xd2,0xd2,0xd2,0xd2,0xd2,0xd2,
	0xd2,0xd2,0xd2,0xd2,0xd2,0xd2,0xd2,0xd2,0xd2,0xd2,0xd2,0xd2,0xd2,0xd2,0xd2,0xd2,
	0xd2,0xd2,0xd2,0xd2,0xd2,0xd2,0xd2,0xd2,0x91,0x91,0x91,0x91,0x91,0x91,0x91,0x91,
	0x91,0x91,0x91,0x91,0x91,0x91,0x91,0x91,0x91,0x91,0x91,0x91,0x91,0x91,0x91,0x91,
	0x91,0x91,0x91,0x91,0x91,0x91,0x91,0x91,0x91,0x91,0x91,0x91,0x91,0x91,0x91,0x91,
	0x51,0x51,0x51,0x51,0x54,0x4f,0x57,0x4c,0x52,0x56,0xad,0xac,0xa8,0xa9,0xa9,0xa9,
	0xaa,0xaa,0xaa,0xaa,0xaa,0xaa,0xaa,0xaa,0xaa,0xaa,0xaa,0xaa,0xaa,0xaa,0xaa,0xaa,
	0xaa,0xaa,0xaa,0xaa,0xaa,0xaa,0xaa,0xaa,0xea,0xea,0xea,0xea,0xea,0xeb,0xeb,0xeb,
	0xeb,0xeb,0xeb,0xeb,0xeb,0xeb,0xeb,0xeb,0xeb,0xeb,0xeb,0xeb,0xeb,0xeb,0xeb,0xeb,
	0xeb,0xeb,0xeb,0xeb,0xeb,0xeb,0xeb,0xeb,0xeb,0xeb,0xeb,0xeb,0xeb,0xeb,0xeb,0xeb,
	0x10,0x10,0x10,0x10,0x10,0x10,0x10,0x10,0x10,0x10,0x10,0x10,0x10,0x10,0x10,0x10,
	0x10,0x10,0x10,0x10,0x10,0x10,0x10,0x10,0x10,0x10,0x10,0x10,0x10,0x10,0x10,0x10,
	0x10,0x10,0x10,0x10,0x10,0x10,0x10,0x10,0x51,0x51,0x51,0x51,0x51,0x51,0x51,0x51,
	0x51,0x51,0x51,0x51,0x51,0x51,0x51,0x51,0x51,0x51,0x51,0x51,0x51,0x51,0x51,0x51,
	0x51,0x51,0x51,0x51,0x51,0x50,0x50,0x53,0x55,0xa6,0xad,0xae,0xaa,0xaa,0xaa,0xaa,
	0x6a,0x6a,0x6a,0x6a,0x6a,0x6a,0x6a,0x6a,0x6a,0x6a,0x6a,0x6a,0x6a,0x6a,0x6a,0x6a,
	0x6a,0x6a,0x6a,0x6a,0x6a,0x6a,0x6a,0x6a,0x6a,0x6a,0x6a,0x6a,0x6a,0x6a,0x6a,0x6a,
	0x6a,0x6a,0x6a,0x6a,0x6a,0x6a,0x6a,0x6a,0x29,0x29,0x29,0x29,0x29,0x29,0x29,0x29,
	0x29,0x29,0x29,0x29,0x29,0x29,0x29,0x29,0x29,0x29,0x29,0x29,0x29,0x29,0x29,0x29,
	0x29,0x29,0x29,0x29,0x29,0x29,0x29,0x29,0x29,0x29,0x29,0x29,0x29,0x29,0x29,0x29,
	0xd2,0xd2,0xd2,0xd2,0xd2,0xd2,0xd2,0xd2,0xd2,0xd2,0xd2,0xd2,0xd2,0xd2,0xd2,0xd2,
	0xd2,0xd2,0xd2,0xd2,0xd2,0xd2,0xd2,0xd2,0xd2,0xd2,0xd2,0xd2,0xd2,0xd2,0xd2,0xd2,
	0xd2,0xd2,0xd2,0xd2,0xd2,0xd2,0xd2,0xd2,0x91,0x91,0x91,0x91,0x91,0x91,0x91,0x91,
	0x91,0x91,0x91,0x91,0x91,0x91,0x91,0x91,0x91,0x91,0x91,0x91,0x91,0x91,0x91,0x91,
	0x91,0x91,0x91,0x91,0x91,0x91,0x91,0x91,0x91,0x91,0x91,0x91,0x91,0x91,0x91,0x91,
	0x51,0x51,0x51,0x51,0x49,0x4c,0x52,0x50,0xa6,0xaa,0xa9,0xb1,0xa9,0xa9,0xa9,0xa9,
	0xaa,0xaa,0xaa,0xaa,0xaa,0xaa,0xaa,0xaa,0xaa,0xaa,0xaa,0xaa,0xaa,0xaa,0xaa,0xaa,
	0xaa,0xaa,0xaa,0xaa,0xaa,0xaa,0xaa,0xaa,0xea,0xea,0xea,0xea,0xea,0xeb,0xeb,0xeb,
	0xeb,0xeb,0xeb,0xeb,0xeb,0xeb,0xeb,0xeb,0xeb,0xeb,0xeb,0xeb,0xeb,0xeb,0xeb,0xeb,
	0xeb,0xeb,0xeb,0xeb,0xeb,0xeb,0xeb,0xeb,0xeb,0xeb,0xeb,0xeb,0xeb,0xeb,0xeb,0xeb,
	0x10,0x10,0x10,0x10,0x10,0x10,0x10,0x10,0x10,0x10,0x10,0x10,0x10,0x10,0x10,0x10,
	0x10,0x10,0x10,0x10,0x10,0x10,0x10,0x10,0x10,0x10,0x10,0x10,0x10,0x10,0x10,0x10,
	0x10,0x10,0x10,0x10,0x10,0x10,0x10,0x10,0x51,0x51,0x51,0x51,0x51,0x51,0x51,0x51,
	0x51,0x51,0x51,0x51,0x51,0x51,0x51,0x51,0x51,0x51,0x51,0x51,0x51,0x51,0x51,0x51,
	0x51,0x51,0x51,0x51,0x51,0x51,0x50,0x50,0x52,0x4e,0xa9,0xb0,0xaa,0xab,0xab,0xa9,
	0x6a,0x6a,0x6a,0x6a,0x6a,0x6a,0x6a,0x6a,0x6a,0x6a,0x6a,0x6a,0x6a,0x6a,0x6a,0x6a,
	0x6a,0x6a,0x6a,0x6a,0x6a,0x6a,0x6a,0x6a,0x6a,0x6a,0x6a,0x6a,0x6a,0x6a,0x6a,0x6a,
	0x6a,0x6a,0x6a,0x6a,0x6a,0x6a,0x6a,0x6a,0x29,0x29,0x29,0x29,0x29,0x29,0x29,0x29,
	0x29,0x29,0x29,0x29,0x29,0x29,0x29,0x29,0x29,0x29,0x29,0x29,0x29,0x29,0x29,0x29,
	0x29,0x29,0x29,0x29,0x29,0x29,0x29,0x29,0x29,0x29,0x29,0x29,0x29,0x29,0x29,0x29,
	0xd2,0xd2,0xd2,0xd2,0xd2,0xd2,0xd2,0xd2,0xd2,0xd2,0xd2,0xd2,0xd2,0xd2,0xd2,0xd2,
	0xd2,0xd2,0xd2,0xd2,0xd2,0xd2,0xd2,0xd2,0xd2,0xd2,0xd2,0xd2,0xd2,0xd2,0xd2,0xd2,
	0xd2,0xd2,0xd2,0xd2,0xd2,0xd2,0xd2,0xd2,0x91,0x91,0x91,0x91,0x91,0x91,0x91,0x91,
	0x91,0x91,0x91,0x91,0x91,0x91,0x91,0x91,0x91,0x91,0x91,0x91,0x91,0x91,0x91,0x91,
	0x91,0x91,0x91,0x91,0x91,0x91,0x91,0x91,0x91,0x91,0x91,0x91,0x91,0x91,0x91,0x91,
	0x51,0x51,0x51,0x51,0x52,0x4e,0x55,0xa9,0xa8,0xa8,0xa8,0xa8,0xaa,0xaa,0xaa,0xaa,
	0xaa,0xaa,0xaa,0xaa,0xaa,0xaa,0xaa,0xaa,0xaa,0xaa,0xaa,0xaa,0xaa,0xaa,0xaa,0xaa,
	0xaa,0xaa,0xaa,0xaa,0xaa,0xaa,0xaa,0xaa,0xea,0xea,0xea,0xea,0xeb,0xeb,0xeb,0xeb,
	0xeb,0xeb,0xeb,0xeb,0xeb,0xeb,0xeb,0xeb,0xeb,0xeb,0xeb,0xeb,0xeb,0xeb,0xeb,0xeb,
	0xeb,0xeb,0xeb,0xeb,0xeb,0xeb,0xeb,0xeb,0xeb,0xeb,0xeb,0xeb,0xeb,0xeb,0xeb,0xeb,
	0x10,0x10,0x10,0x10,0x10,0x10,0x10,0x10,0x10,0x10,0x10,0x10,0x10,0x10,0x10,0x10,
	0x10,0x10,0x10,0x10,0x10,0x10,0x10,0x10,0x10,0x10,0x10,0x10,0x10,0x10,0x10,0x10,
	0x10,0x10,0x10,0x10,0x10,0x10,0x10,0x10,0x51,0x51,0x51,0x51,0x51,0x51,0x51,0x51,
	0x51,0x51,0x51,0x51,0x51,0x51,0x51,0x51,0x51,0x51,0x51,0x51,0x51,0x51,0x51,0x51,
	0x51,0x51,0x51,0x51,0x51,0x51,0x51,0x50,0x52,0x4d,0x50,0xa0,0xaa,0xac,0xac,0xa9,
	0x6a,0x6a,0x6a,0x6a,0x6a,0x6a,0x6a,0x6a,0x6a,0x6a,0x6a,0x6a,0x6a,0x6a,0x6a,0x6a,
	0x6a,0x6a,0x6a,0x6a,0x6a,0x6a,0x6a,0x6a,0x6a,0x6a,0x6a,0x6a,0x6a,0x6a,0x6a,0x6a,
	0x6a,0x6a,0x6a,0x6a,0x6a,0x6a,0x6a,0x6a,0x29,0x29,0x29,0x29,0x29,0x29,0x29,0x29,
	0x29,0x29,0x29,0x29,0x29,0x29,0x29,0x29,0x29,0x29,0x29,0x29,0x29,0x29,0x29,0x29,
	0x29,0x29,0x29,0x29,0x29,0x29,0x29,0x29,0x29,0x29,0x29,0x29,0x29,0x29,0x29,0x29,
	0xd2,0xd2,0xd2,0xd2,0xd2,0xd2,0xd2,0xd2,0xd2,0xd2,0xd2,0xd2,0xd2,0xd2,0xd2,0xd2,
	0xd2,0xd2,0xd2,0xd2,0xd2,0xd2,0xd2,0xd2,0xd2,0xd2,0xd2,0xd2,0xd2,0xd2,0xd2,0xd2,
	0xd2,0xd2,0xd2,0xd2,0xd2,0xd2,0xd2,0xd2,0x91,0x91,0x91,0x91,0x91,0x91,0x91,0x91,
	0x91,0x91,0x91,0x91,0x91,0x91,0x91,0x91,0x91,0x91,0x91,0x91,0x91,0x91,0x91,0x91,
	0x91,0x91,0x91,0x91,0x91,0x91,0x91,0x91,0x91,0x91,0x91,0x91,0x91,0x91,0x91,0x91,
	0x51,0x51,0x51,0x51,0x54,0x51,0xa4,0xa8,0xae,0xa6,0xb0,0xb1,0xaa,0xaa,0xaa,0xaa,
	0xaa,0xaa,0xaa,0xaa,0xaa,0xaa,0xaa,0xaa,0xaa,0xaa,0xaa,0xaa,0xaa,0xaa,0xaa,0xaa,
	0xaa,0xaa,0xaa,0xaa,0xaa,0xaa,0xaa,0xaa,0xea,0xea,0xea,0xea,0xeb,0xeb,0xeb,0xeb,
	0xeb,0xeb,0xeb,0xeb,0xeb,0xeb,0xeb,0xeb,0xeb,0xeb,0xeb,0xeb,0xeb,0xeb,0xeb,0xeb,
	0xeb,0xeb,0xeb,0xeb,0xeb,0xeb,0xeb,0xeb,0xeb,0xeb,0xeb,0xeb,0xeb,0xeb,0xeb,0xeb,
	0x10,0x10,0x10,0x10,0x10,0x10,0x10,0x10,0x10,0x10,0x10,0x10,0x10,0x10,0x10,0x10,
	0x10,0x10,0x10,0x10,0x10,0x10,0x10,0x10,0x10,0x10,0x10,0x10,0x10,0x10,0x10,0x10,
	0x10,0x10,0x10,0x10,0x10,0x10,0x10,0x10,0x51,0x51,0x51,0x51,0x51,0x51,0x51,0x51,
	0x51,0x51,0x51,0x51,0x51,0x51,0x51,0x51,0x51,0x51,0x51,0x51,0x51,0x51,0x51,0x51,
	0x51,0x51,0x51,0x51,0x51,0x51,0x51,0x51,0x51,0x51,0x51,0x51,0x4f,0xa9,0xaa,0xa9,
	0x6c,0x6f,0x65,0x6c,0x6a,0x6a,0x6a,0x6a,0x6a,0x6a,0x6a,0x6a,0x6a,0x6a,0x6a,0x6a,
	0x6a,0x6a,0x6a,0x6a,0x6a,0x6a,0x6a,0x6a,0x6a,0x6a,0x6a,0x6a,0x6a,0x6a,0x6a,0x6a,
	0x6a,0x6a,0x6a,0x6a,0x6a,0x6a,0x6a,0x6a,0x29,0x29,0x29,0x29,0x29,0x29,0x29,0x29,
	0x29,0x29,0x29,0x29,0x29,0x29,0x29,0x29,0x29,0x29,0x29,0x29,0x29,0x29,0x29,0x29,
	0x29,0x29,0x29,0x29,0x29,0x29,0x29,0x29,0x29,0x29,0x29,0x29,0x29,0x29,0x29,0x29,
	0xd2,0xd2,0xd2,0xd2,0xd2,0xd2,0xd2,0xd2,0xd2,0xd2,0xd2,0xd2,0xd2,0xd2,0xd2,0xd2,
	0xd2,0xd2,0xd2,0xd2,0xd2,0xd2,0xd2,0xd2,0xd2,0xd2,0xd2,0xd2,0xd2,0xd2,0xd2,0xd2,
	0xd2,0xd2,0xd2,0xd2,0xd2,0xd2,0xd2,0xd2,0x91,0x91,0x91,0x91,0x91,0x91,0x91,0x91,
	0x91,0x91,0x91,0x91,0x91,0x91,0x91,0x91,0x91,0x91,0x91,0x91,0x91,0x91,0x91,0x91,
	0x91,0x91,0x91,0x91,0x91,0x91,0x91,0x91,0x91,0x91,0x91,0x91,0x91,0x91,0x91,0x91,
	0x4e,0x4a,0x52,0x52,0xaa,0xab,0xab,0xab,0xab,0xab,0xab,0xab,0xaa,0xaa,0xaa,0xaa,
	0xaa,0xaa,0xaa,0xaa,0xaa,0xaa,0xaa,0xaa,0xaa,0xaa,0xaa,0xaa,0xaa,0xaa,0xaa,0xaa,
	0xaa,0xaa,0xaa,0xaa,0xaa,0xaa,0xaa,0xaa,0xea,0xea,0xea,0xeb,0xeb,0xeb,0xeb,0xeb,
	0xeb,0xeb,0xeb,0xeb,0xeb,0xeb,0xeb,0xeb,0xeb,0xeb,0xeb,0xeb,0xeb,0xeb,0xeb,0xeb,
	0xeb,0xeb,0xeb,0xeb,0xeb,0xeb,0xeb,0xeb,0xeb,0xeb,0xeb,0xeb,0xeb,0xeb,0xeb,0xeb,
	0x10,0x10,0x10,0x10,0x10,0x10,0x10,0x10,0x10,0x10,0x10,0x10,0x10,0x10,0x10,0x10,
	0x10,0x10,0x10,0x10,0x10,0x10,0x10,0x10,0x10,0x10,0x10,0x10,0x10,0x10,0x10,0x10,
	0x10,0x10,0x10,0x10,0x10,0x10,0x10,0x10,0x51,0x51,0x51,0x51,0x51,0x51,0x51,0x51,
	0x51,0x51,0x51,0x51,0x51,0x51,0x51,0x51,0x51,0x51,0x51,0x51,0x51,0x51,0x51,0x51,
	0x51,0x51,0x51,0x51,0x51,0x51,0x51,0x51,0x51,0x51,0x51,0x51,0x56,0x51,0xa7,0xa9,
	0x62,0x6b,0x6c,0x6d,0x6a,0x6a,0x6a,0x6a,0x6a,0x6a,0x6a,0x6a,0x6a,0x6a,0x6a,0x6a,
	0x6a,0x6a,0x6a,0x6a,0x6a,0x6a,0x6a,0x6a,0x6a,0x6a,0x6a,0x6a,0x6a,0x6a,0x6a,0x6a,
	0x6a,0x6a,0x6a,0x6a,0x6a,0x6a,0x6a,0x6a,0x29,0x29,0x29,0x29,0x29,0x29,0x29,0x29,
	0x29,0x29,0x29,0x29,0x29,0x29,0x29,0x29,0x29,0x29,0x29,0x29,0x29,0x29,0x29,0x29,
	0x29,0x29,0x29,0x29,0x29,0x29,0x29,0x29,0x29,0x29,0x29,0x29,0x29,0x29,0x29,0x29,
	0xd2,0xd2,0xd2,0xd2,0xd2,0xd2,0xd2,0xd2,0xd2,0xd2,0xd2,0xd2,0xd2,0xd2,0xd2,0xd2,
	0xd2,0xd2,0xd2,0xd2,0xd2,0xd2,0xd2,0xd2,0xd2,0xd2,0xd2,0xd2,0xd2,0xd2,0xd2,0xd2,
	0xd2,0xd2,0xd2,0xd2,0xd2,0xd2,0xd2,0xd2,0x91,0x91,0x91,0x91,0x91,0x91,0x91,0x91,
	0x91,0x91,0x91,0x91,0x91,0x91,0x91,0x91,0x91,0x91,0x91,0x91,0x91,0x91,0x91,0x91,
	0x91,0x91,0x91,0x91,0x91,0x91,0x91,0x91,0x91,0x91,0x91,0x91,0x91,0x91,0x91,0x91,
	0x4e,0x58,0x50,0xaa,0xab,0xab,0xab,0xab,0xab,0xab,0xab,0xab,0xab,0xab,0xab,0xab,
	0xaa,0xaa,0xaa,0xaa,0xaa,0xaa,0xaa,0xaa,0xaa,0xaa,0xaa,0xaa,0xaa,0xaa,0xaa,0xaa,
	0xaa,0xaa,0xaa,0xaa,0xaa,0xaa,0xaa,0xaa,0xea,0xea,0xea,0xeb,0xeb,0xeb,0xeb,0xeb,
	0xeb,0xeb,0xeb,0xeb,0xeb,0xeb,0xeb,0xeb,0xeb,0xeb,0xeb,0xeb,0xeb,0xeb,0xeb,0xeb,
	0xeb,0xeb,0xeb,0xeb,0xeb,0xeb,0xeb,0xeb,0xeb,0xeb,0xeb,0xeb,0xeb,0xeb,0xeb,0xeb,
	0x10,0x10,0x10,0x10,0x10,0x10,0x10,0x10,0x10,0x10,0x10,0x10,0x10,0x10,0x10,0x10,
	0x10,0x10,0x10,0x10,0x10,0x10,0x10,0x10,0x10,0x10,0x10,0x10,0x10,0x10,0x10,0x10,
	0x10,0x10,0x10,0x10,0x10,0x10,0x10,0x10,0x51,0x51,0x51,0x51,0x51,0x51,0x51,0x51,
	0x51,0x51,0x51,0x51,0x51,0x51,0x51,0x51,0x51,0x51,0x51,0x51,0x51,0x51,0x51,0x51,
	0x51,0x51,0x51,0x51,0x51,0x51,0x51,0x51,0x51,0x51,0x51,0x51,0x53,0x54,0x52,0xa8,
	0x6d,0x67,0x6e,0x6b,0x6a,0x6a,0x6a,0x6a,0x6a,0x6a,0x6a,0x6a,0x6a,0x6a,0x6a,0x6a,
	0x6a,0x6a,0x6a,0x6a,0x6a,0x6a,0x6a,0x6a,0x6a,0x6a,0x6a,0x6a,0x6a,0x6a,0x6a,0x6a,
	0x6a,0x6a,0x6a,0x6a,0x6a,0x6a,0x6a,0x6a,0x29,0x29,0x29,0x29,0x29,0x29,0x29,0x29,
	0x29,0x29,0x29,0x29,0x29,0x29,0x29,0x29,0x29,0x29,0x29,0x29,0x29,0x29,0x29,0x29,
	0x29,0x29,0x29,0x29,0x29,0x29,0x29,0x29,0x29,0x29,0x29,0x29,0x29,0x29,0x29,0x29,
	0xd2,0xd2,0xd2,0xd2,0xd2,0xd2,0xd2,0xd2,0xd2,0xd2,0xd2,0xd2,0xd2,0xd2,0xd2,0xd2,
	0xd2,0xd2,0xd2,0xd2,0xd2,0xd2,0xd2,0xd2,0xd2,0xd2,0xd2,0xd2,0xd2,0xd2,0xd2,0xd2,
	0xd2,0xd2,0xd2,0xd2,0xd2,0xd2,0xd2,0xd2,0x91,0x91,0x91,0x91,0x91,0x91,0x91,0x91,
	0x91,0x91,0x91,0x91,0x91,0x91,0x91,0x91,0x91,0x91,0x91,0x91,0x91,0x91,0x91,0x91,
	0x91,0x91,0x91,0x91,0x91,0x91,0x91,0x91,0x91,0x91,0x91,0x91,0x91,0x91,0x91,0x91,
	0x52,0x50,0xa6,0xab,0xab,0xab,0xab,0xab,0xab,0xab,0xab,0xab,0xab,0xab,0xab,0xab,
	0xaa,0xaa,0xaa,0xaa,0xaa,0xaa,0xaa,0xaa,0xaa,0xaa,0xaa,0xaa,0xaa,0xaa,0xaa,0xaa,
	0xaa,0xaa,0xaa,0xaa,0xaa,0xaa,0xaa,0xaa,0xea,0xea,0xeb,0xeb,0xeb,0xeb,0xeb,0xeb,
	0xeb,0xeb,0xeb,0xeb,0xeb,0xeb,0xeb,0xeb,0xeb,0xeb,0xeb,0xeb,0xeb,0xeb,0xeb,0xeb,
	0xeb,0xeb,0xeb,0xeb,0xeb,0xeb,0xeb,0xeb,0xeb,0xeb,0xeb,0xeb,0xeb,0xeb,0xeb,0xeb,
	0x10,0x10,0x10,0x10,0x10,0x10,0x10,0x10,0x10,0x10,0x10,0x10,0x10,0x10,0x10,0x10,
	0x10,0x10,0x10,0x10,0x10,0x10,0x10,0x10,0x10,0x10,0x10,0x10,0x10,0x10,0x10,0x10,
	0x10,0x10,0x10,0x10,0x10,0x10,0x10,0x10,0x51,0x51,0x51,0x51,0x51,0x51,0x51,0x51,
	0x51,0x51,0x51,0x51,0x51,0x51,0x51,0x51,0x51,0x51,0x51,0x51,0x51,0x51,0x51,0x51,
	0x51,0x51,0x51,0x51,0x51,0x51,0x51,0x51,0x51,0x51,0x51,0x51,0x4f,0x50,0x56,0x54,
	0x8d,0x6a,0x67,0x66,0x6a,0x6a,0x6a,0x6a,0x6a,0x6a,0x6a,0x6a,0x6a,0x6a,0x6a,0x6a,
	0x6a,0x6a,0x6a,0x6a,0x6a,0x6a,0x6a,0x6a,0x6a,0x6a,0x6a,0x6a,0x6a,0x6a,0x6a,0x6a,
	0x6a,0x6a,0x6a,0x6a,0x6a,0x6a,0x6a,0x6a,0x29,0x29,0x29,0x29,0x29,0x29,0x29,0x29,
	0x29,0x29,0x29,0x29,0x29,0x29,0x29,0x29,0x29,0x29,0x29,0x29,0x29,0x29,0x29,0x29,
	0x29,0x29,0x29,0x29,0x29,0x29,0x29,0x29,0x29,0x29,0x29,0x29,0x29,0x29,0x29,0x29,
	0xd2,0xd2,0xd2,0xd2,0xd2,0xd2,0xd2,0xd2,0xd2,0xd2,0xd2,0xd2,0xd2,0xd2,0xd2,0xd2,
	0xd2,0xd2,0xd2,0xd2,0xd2,0xd2,0xd2,0xd2,0xd2,0xd2,0xd2,0xd2,0xd2,0xd2,0xd2,0xd2,
	0xd2,0xd2,0xd2,0xd2,0xd2,0xd2,0xd2,0xd2,0x91,0x91,0x91,0x91,0x91,0x91,0x91,0x91,
	0x91,0x91,0x91,0x91,0x91,0x91,0x91,0x91,0x91,0x91,0x91,0x91,0x91,0x91,0x91,0x91,
	0x91,0x91,0x91,0x91,0x91,0x91,0x91,0x91,0x91,0x91,0x91,0x91,0x91,0x91,0x91,0x91,
	0xac,0xa3,0xab,0xab,0xab,0xab,0xab,0xab,0xab,0xab,0xab,0xab,0xab,0xab,0xab,0xab,
	0xaa,0xaa,0xaa,0xaa,0xaa,0xaa,0xaa,0xaa,0xaa,0xaa,0xaa,0xaa,0xaa,0xaa,0xaa,0xaa,
	0xaa,0xaa,0xaa,0xaa,0xaa,0xaa,0xaa,0xaa,0xea,0xea,0xeb,0xeb,0xeb,0xeb,0xeb,0xeb,
	0xeb,0xeb,0xeb,0xeb,0xeb,0xeb,0xeb,0xeb,0xeb,0xeb,0xeb,0xeb,0xeb,0xeb,0xeb,0xeb,
	0xeb,0xeb,0xeb,0xeb,0xeb,0xeb,0xeb,0xeb,0xeb,0xeb,0xeb,0xeb,0xeb,0xeb,0xeb,0xeb,
	0x10,0x10,0x10,0x10,0x10,0x10,0x10,0x10,0x10,0x10,0x10,0x10,0x10,0x10,0x10,0x10,
	0x10,0x10,0x10,0x10,0x10,0x10,0x10,0x10,0x10,0x10,0x10,0x10,0x10,0x10,0x10,0x10,
	0x10,0x10,0x10,0x10,0x10,0x10,0x10,0x10,0x51,0x51,0x51,0x51,0x51,0x51,0x51,0x51,
	0x51,0x51,0x51,0x51,0x51,0x51,0x51,0x51,0x51,0x51,0x51,0x51,0x51,0x51,0x51,0x51,
	0x51,0x51,0x51,0x51,0x51,0x51,0x51,0x51,0x51,0x51,0x50,0x50,0x50,0x51,0x52,0x52,
	0x95,0x8d,0x69,0x68,0x6c,0x6c,0x6c,0x65,0x6a,0x6a,0x6a,0x6a,0x6a,0x6a,0x6a,0x6a,
	0x6a,0x6a,0x6a,0x6a,0x6a,0x6a,0x6a,0x6a,0x6a,0x6a,0x6a,0x6a,0x6a,0x6a,0x6a,0x6a,
	0x6a,0x6a,0x6a,0x6a,0x6a,0x6a,0x6a,0x6a,0x29,0x29,0x29,0x29,0x29,0x29,0x29,0x29,
	0x29,0x29,0x29,0x29,0x29,0x29,0x29,0x29,0x29,0x29,0x29,0x29,0x29,0x29,0x29,0x29,
	0x29,0x29,0x29,0x29,0x29,0x29,0x29,0x29,0x29,0x29,0x29,0x29,0x29,0x29,0x29,0x29,
	0xd2,0xd2,0xd2,0xd2,0xd2,0xd2,0xd2,0xd2,0xd2,0xd2,0xd2,0xd2,0xd2,0xd2,0xd2,0xd2,
	0xd2,0xd2,0xd2,0xd2,0xd2,0xd2,0xd2,0xd2,0xd2,0xd2,0xd2,0xd2,0xd2,0xd2,0xd2,0xd2,
	0xd2,0xd2,0xd2,0xd2,0xd2,0xd2,0xd2,0xd2,0x91,0x91,0x91,0x91,0x91,0x91,0x91,0x91,
	0x91,0x91,0x91,0x91,0x91,0x91,0x91,0x91,0x91,0x91,0x91,0x91,0x91,0x91,0x91,0x91,
	0x91,0x91,0x91,0x91,0x91,0x91,0x91,0x91,0x91,0x94,0x8e,0x8e,0x92,0x8c,0x87,0x6d,
	0xa5,0xaa,0xab,0xab,0xab,0xab,0xab,0xab,0xab,0xab,0xab,0xab,0xab,0xab,0xab,0xab,
	0xaa,0xaa,0xaa,0xaa,0xaa,0xaa,0xaa,0xaa,0xaa,0xaa,0xaa,0xaa,0xaa,0xaa,0xaa,0xaa,
	0xaa,0xaa,0xaa,0xaa,0xaa,0xaa,0xaa,0xaa,0xea,0xeb,0xeb,0xeb,0xeb,0xeb,0xeb,0xeb,
	0xeb,0xeb,0xeb,0xeb,0xeb,0xeb,0xeb,0xeb,0xeb,0xeb,0xeb,0xeb,0xeb,0xeb,0xeb,0xeb,
	0xeb,0xeb,0xeb,0xeb,0xeb,0xeb,0xeb,0xeb,0xeb,0xeb,0xeb,0xeb,0xeb,0xeb,0xeb,0xeb,
	0x10,0x10,0x10,0x10,0x10,0x10,0x10,0x10,0x10,0x10,0x10,0x10,0x10,0x10,0x10,0x10,
	0x10,0x10,0x10,0x10,0x10,0x10,0x10,0x10,0x10,0x10,0x10,0x10,0x10,0x10,0x10,0x10,
	0x10,0x10,0x10,0x10,0x10,0x10,0x10,0x10,0x51,0x51,0x51,0x51,0x51,0x51,0x51,0x51,
	0x51,0x51,0x51,0x51,0x51,0x51,0x51,0x51,0x51,0x51,0x51,0x51,0x51,0x51,0x51,0x51,
	0x51,0x51,0x51,0x51,0x51,0x51,0x51,0x51,0x51,0x51,0x50,0x50,0x51,0x51,0x51,0x51,
	0x94,0x8f,0x8c,0x93,0x71,0x62,0x6b,0x6a,0x6a,0x6a,0x6a,0x6a,0x6a,0x6a,0x6a,0x6a,
	0x6a,0x6a,0x6a,0x6a,0x6a,0x6a,0x6a,0x6a,0x6a,0x6a,0x6a,0x6a,0x6a,0x6a,0x6a,0x6a,
	0x6a,0x6a,0x6a,0x6a,0x6a,0x6a,0x6a,0x6a,0x29,0x29,0x29,0x29,0x29,0x29,0x29,0x29,
	0x29,0x29,0x29,0x29,0x29,0x29,0x29,0x29,0x29,0x29,0x29,0x29,0x29,0x29,0x29,0x29,
	0x29,0x29,0x29,0x29,0x29,0x29,0x29,0x29,0x29,0x29,0x29,0x29,0x29,0x29,0x29,0x29,
	0xd2,0xd2,0xd2,0xd2,0xd2,0xd2,0xd2,0xd2,0xd2,0xd2,0xd2,0xd2,0xd2,0xd2,0xd2,0xd2,
	0xd2,0xd2,0xd2,0xd2,0xd2,0xd2,0xd2,0xd2,0xd2,0xd2,0xd2,0xd2,0xd2,0xd2,0xd2,0xd2,
	0xd2,0xd2,0xd2,0xd2,0xd2,0xd2,0xd2,0xd2,0x91,0x91,0x91,0x91,0x91,0x91,0x91,0x91,
	0x91,0x91,0x91,0x91,0x91,0x91,0x91,0x91,0x91,0x91,0x91,0x91,0x91,0x91,0x91,0x91,
	0x91,0x91,0x91,0x91,0x91,0x91,0x91,0x91,0x8c,0x92,0x8f,0x96,0x94,0x6f,0x6d,0x6f,
	0xa8,0xab,0xab,0xab,0xab,0xab,0xab,0xab,0xab,0xab,0xab,0xab,0xab,0xab,0xab,0xab,
	0xaa,0xaa,0xaa,0xaa,0xaa,0xaa,0xaa,0xaa,0xaa,0xaa,0xaa,0xaa,0xaa,0xaa,0xaa,0xaa,
	0xaa,0xaa,0xaa,0xaa,0xaa,0xaa,0xaa,0xaa,0xea,0xeb,0xeb,0xeb,0xeb,0xeb,0xeb,0xeb,
	0xeb,0xeb,0xeb,0xeb,0xeb,0xeb,0xeb,0xeb,0xeb,0xeb,0xeb,0xeb,0xeb,0xeb,0xeb,0xeb,
	0xeb,0xeb,0xeb,0xeb,0xeb,0xeb,0xeb,0xeb,0xeb,0xeb,0xeb,0xeb,0xeb,0xeb,0xeb,0xeb,
	0x10,0x10,0x10,0x10,0x10,0x10,0x10,0x10,0x10,0x10,0x10,0x10,0x10,0x10,0x10,0x10,
	0x10,0x10,0x10,0x10,0x10,0x10,0x10,0x10,0x10,0x10,0x10,0x10,0x10,0x10,0x10,0x10,
	0x10,0x10,0x10,0x10,0x10,0x10,0x10,0x10,0x51,0x51,0x51,0x51,0x51,0x51,0x51,0x51,
	0x51,0x51,0x51,0x51,0x51,0x51,0x51,0x51,0x51,0x51,0x51,0x51,0x51,0x51,0x51,0x51,
	0x51,0x51,0x51,0x51,0x51,0x51,0x51,0x51,0x51,0x51,0x50,0x50,0x51,0x51,0x51,0x51,
	0x98,0x8d,0x93,0x8c,0x91,0x6f,0x6b,0x6a,0x6a,0x6a,0x6a,0x6a,0x6a,0x6a,0x6a,0x6a,
	0x6a,0x6a,0x6a,0x6a,0x6a,0x6a,0x6a,0x6a,0x6a,0x6a,0x6a,0x6a,0x6a,0x6a,0x6a,0x6a,
	0x6a,0x6a,0x6a,0x6a,0x6a,0x6a,0x6a,0x6a,0x29,0x29,0x29,0x29,0x29,0x29,0x29,0x29,
	0x29,0x29,0x29,0x29,0x29,0x29,0x29,0x29,0x29,0x29,0x29,0x29,0x29,0x29,0x29,0x29,
	0x29,0x29,0x29,0x29,0x29,0x29,0x29,0x29,0x29,0x29,0x29,0x29,0x29,0x29,0x29,0x29,
	0xd2,0xd2,0xd2,0xd2,0xd2,0xd2,0xd2,0xd2,0xd2,0xd2,0xd2,0xd2,0xd2,0xd2,0xd2,0xd2,
	0xd2,0xd2,0xd2,0xd2,0xd2,0xd2,0xd2,0xd2,0xd2,0xd2,0xd2,0xd2,0xd2,0xd2,0xd2,0xd2,
	0xd2,0xd2,0xd2,0xd2,0xd2,0xd2,0xd2,0xd2,0x91,0x91,0x91,0x91,0x91,0x91,0x91,0x91,
	0x91,0x91,0x91,0x91,0x91,0x91,0x91,0x91,0x91,0x91,0x91,0x91,0x91,0x91,0x91,0x91,
	0x91,0x91,0x91,0x91,0x91,0x91,0x91,0x91,0x90,0x99,0x91,0x98,0x6e,0x65,0x69,0x6d,
	0xab,0xab,0xab,0xab,0xab,0xab,0xab,0xab,0xab,0xab,0xab,0xab,0xab,0xab,0xab,0xab,
	0xaa,0xaa,0xaa,0xaa,0xaa,0xaa,0xaa,0xaa,0xaa,0xaa,0xaa,0xaa,0xaa,0xaa,0xaa,0xaa,
	0xaa,0xaa,0xaa,0xaa,0xaa,0xaa,0xaa,0xaa,0xeb,0xeb,0xeb,0xeb,0xeb,0xeb,0xeb,0xeb,
	0xeb,0xeb,0xeb,0xeb,0xeb,0xeb,0xeb,0xeb,0xeb,0xeb,0xeb,0xeb,0xeb,0xeb,0xeb,0xeb,
	0xeb,0xeb,0xeb,0xeb,0xeb,0xeb,0xeb,0xeb,0xeb,0xeb,0xeb,0xeb,0xeb,0xeb,0xeb,0xeb,
	0x10,0x10,0x10,0x10,0x10,0x10,0x10,0x10,0x10,0x10,0x10,0x10,0x10,0x10,0x10,0x10,
	0x10,0x10,0x10,0x10,0x10,0x10,0x10,0x10,0x10,0x10,0x10,0x10,0x10,0x10,0x10,0x10,
	0x10,0x10,0x10,0x10,0x10,0x10,0x10,0x10,0x51,0x51,0x51,0x51,0x51,0x51,0x51,0x51,
	0x51,0x51,0x51,0x51,0x51,0x51,0x51,0x51,0x51,0x51,0x51,0x51,0x51,0x51,0x51,0x51,
	0x51,0x51,0x51,0x51,0x51,0x51,0x51,0x51,0x51,0x51,0x50,0x50,0x51,0x51,0x51,0x51,
	0x91,0x90,0x8f,0x8e,0x93,0x8e,0x85,0x63,0x6a,0x6a,0x6a,0x6a,0x6a,0x6a,0x6a,0x6a,
	0x6a,0x6a,0x6a,0x6a,0x6a,0x6a,0x6a,0x6a,0x6a,0x6a,0x6a,0x6a,0x6a,0x6a,0x6a,0x6a,
	0x6a,0x6a,0x6a,0x6a,0x6a,0x6a,0x6a,0x6a,0x29,0x29,0x29,0x29,0x29,0x29,0x29,0x29,
	0x29,0x29,0x29,0x29,0x29,0x29,0x29,0x29,0x29,0x29,0x29,0x29,0x29,0x29,0x29,0x29,
	0x29,0x29,0x29,0x29,0x29,0x29,0x29,0x29,0x29,0x29,0x29,0x29,0x29,0x29,0x29,0x29,
	0xd2,0xd2,0xd2,0xd2,0xd2,0xd2,0xd2,0xd2,0xd2,0xd2,0xd2,0xd2,0xd2,0xd2,0xd2,0xd2,
	0xd2,0xd2,0xd2,0xd2,0xd2,0xd2,0xd2,0xd2,0xd2,0xd2,0xd2,0xd2,0xd2,0xd2,0xd2,0xd2,
	0xd2,0xd2,0xd2,0xd2,0xd2,0xd2,0xd2,0xd2,0x91,0x91,0x91,0x91,0x91,0x91,0x91,0x91,
	0x91,0x91,0x91,0x91,0x91,0x91,0x91,0x91,0x91,0x91,0x91,0x91,0x91,0x91,0x91,0x91,
	0x91,0x91,0x91,0x91,0x91,0x91,0x91,0x91,0x8f,0x8f,0x72,0x69,0x65,0x6d,0x65,0x6b,
	0xab,0xab,0xab,0xab,0xab,0xab,0xab,0xab,0xab,0xab,0xab,0xab,0xab,0xab,0xab,0xab,
	0xaa,0xaa,0xaa,0xaa,0xaa,0xaa,0xaa,0xaa,0xaa,0xaa,0xaa,0xaa,0xaa,0xaa,0xaa,0xaa,
	0xaa,0xaa,0xaa,0xaa,0xaa,0xaa,0xaa,0xaa,0xeb,0xeb,0xeb,0xeb,0xeb,0xeb,0xeb,0xeb,
	0xeb,0xeb,0xeb,0xeb,0xeb,0xeb,0xeb,0xeb,0xeb,0xeb,0xeb,0xeb,0xeb,0xeb,0xeb,0xeb,
	0xeb,0xeb,0xeb,0xeb,0xeb,0xeb,0xeb,0xeb,0xeb,0xeb,0xeb,0xeb,0xeb,0xeb,0xeb,0xeb,
};
static const unsigned char ref_chroma[38400] = {
	0x80,0x80,0x80,0x80,0x80,0x80,0x80,0x80,0x80,0x80,0x80,0x80,0x80,0x80,0x80,0x80,
	0x80,0x80,0x80,0x80,0x80,0x80,0x80,0x80,0x80,0x80,0x80,0x80,0x80,0x80,0x80,0x80,
	0x80,0x80,0x80,0x80,0x80,0x80,0x80,0x80,0x5b,0xf1,0x5b,0xf1,0x5b,0xf1,0x5b,0xf1,
	0x5a,0xf0,0x5a,0xf0,0x5a,0xf0,0x5a,0xf0,0x5a,0xf0,0x5a,0xf0,0x5a,0xf0,0x5a,0xf0,
	0x5a,0xf0,0x5a,0xf0,0x5a,0xf0,0x5a,0xf0,0x61,0xf3,0x57,0xf0,0x5d,0xf4,0x53,0xeb,
	0x35,0x28,0x31,0x26,0x38,0x2b,0x5a,0x54,0xcd,0xe0,0xc8,0xe0,0xc9,0xdf,0xc9,0xdf,
	0xca,0xde,0xca,0xde,0xca,0xde,0xca,0xde,0xca,0xde,0xca,0xde,0xca,0xde,0xca,0xde,
	0xca,0xde,0xca,0xde,0xca,0xde,0xca,0xde,0xf0,0x6e,0xf0,0x6e,0xf0,0x6e,0xf0,0x6e,
	0xf0,0x6e,0xf0,0x6e,0xf0,0x6e,0xf0,0x6e,0xf0,0x6e,0xf0,0x6e,0xf0,0x6e,0xf0,0x6e,
	0xf0,0x6e,0xf0,0x6e,0xf0,0x6e,0xf0,0x6e,0xf0,0x6e,0xf0,0x6e,0xf0,0x6e,0xef,0x6f,
	0x11,0x91,0x10,0x92,0x10,0x92,0x10,0x92,0x10,0x92,0x10,0x92,0x10,0x92,0x10,0x92,
	0x10,0x92,0x10,0x92,0x10,0x92,0x10,0x92,0x10,0x92,0x10,0x92,0x10,0x92,0x10,0x92,
	0x10,0x92,0x10,0x92,0x10,0x92,0x10,0x92,0x36,0x22,0x36,0x22,0x36,0x22,0x36,0x22,
	0x35,0x22,0x35,0x22,0x35,0x22,0x35,0x22,0x35,0x22,0x35,0x22,0x35,0x22,0x35,0x22,
	0x35,0x22,0x35,0x22,0x35,0x22,0x35,0x22,0x5f,0x52,0xba,0xd1,0xce,0xe0,0xc9,0xde,
	0xaa,0x10,0xa6,0x11,0xa5,0x10,0xa8,0x11,0xa6,0x10,0xa6,0x10,0xa6,0x10,0xa6,0x10,
	0xa6,0x10,0xa6,0x10,0xa6,0x10,0xa6,0x10,0xa6,0x10,0xa6,0x10,0xa6,0x10,0xa6,0x10,
	0xa6,0x10,0xa6,0x10,0xa6,0x10,0xa6,0x10,0x81,0x81,0x81,0x81,0x81,0x81,0x81,0x81,
	0x80,0x80,0x80,0x80,0x80,0x80,0x80,0x80,0x80,0x80,0x80,0x80,0x80,0x80,0x80,0x80,
	0x80,0x80,0x80,0x80,0x80,0x80,0x80,0x80,0x80,0x80,0x80,0x80,0x80,0x80,0x80,0x80,
	0x80,0x80,0x80,0x80,0x80,0x80,0x80,0x80,0x80,0x80,0x80,0x80,0x80,0x80,0x80,0x80,
	0x80,0x80,0x80,0x80,0x80,0x80,0x80,0x80,0x80,0x80,0x80,0x80,0x80,0x80,0x80,0x80,
	0x80,0x80,0x80,0x80,0x80,0x80,0x80,0x80,0x5b,0xf1,0x5b,0xf1,0x5b,0xf1,0x5b,0xf1,
	0x5a,0xf0,0x5a,0xf0,0x5a,0xf0,0x5a,0xf0,0x5a,0xf0,0x5a,0xf0,0x5a,0xf0,0x5a,0xf0,
	0x5a,0xf0,0x5a,0xf0,0x5a,0xf0,0x5a,0xf0,0x5e,0xf2,0x58,0xef,0x5c,0xee,0x5c,0xeb,
	0x32,0x1b,0x42,0x31,0x9d,0xa9,0xcd,0xe0,0xc8,0xe0,0xc9,0xdf,0xc9,0xdf,0xc9,0xdf,
	0xca,0xde,0xca,0xde,0xca,0xde,0xca,0xde,0xca,0xde,0xca,0xde,0xca,0xde,0xca,0xde,
	0xca,0xde,0xca,0xde,0xca,0xde,0xca,0xde,0xf0,0x6e,0xf0,0x6e,0xf0,0x6e,0xf0,0x6e,
	0xf0,0x6e,0xf0,0x6e,0xf0,0x6e,0xf0,0x6e,0xf0,0x6e,0xf0,0x6e,0xf0,0x6e,0xf0,0x6e,
	0xf0,0x6e,0xf0,0x6e,0xf0,0x6e,0xf0,0x6e,0xf0,0x6e,0xf0,0x6e,0xf0,0x6e,0xef,0x6f,
	0x11,0x91,0x10,0x92,0x10,0x92,0x10,0x92,0x10,0x92,0x10,0x92,0x10,0x92,0x10,0x92,
	0x10,0x92,0x10,0x92,0x10,0x92,0x10,0x92,0x10,0x92,0x10,0x92,0x10,0x92,0x10,0x92,
	0x10,0x92,0x10,0x92,0x10,0x92,0x10,0x92,0x36,0x22,0x36,0x22,0x36,0x22,0x36,0x22,
	0x35,0x22,0x35,0x22,0x35,0x22,0x35,0x22,0x35,0x22,0x35,0x22,0x35,0x22,0x35,0x22,
	0x35,0x22,0x35,0x22,0x35,0x22,0x35,0x22,0x30,0x1f,0x42,0x2f,0x9b,0xa3,0xc7,0xdb,
	0xac,0x13,0xa4,0x12,0xa4,0x13,0xa9,0x0f,0xa6,0x10,0xa6,0x10,0xa6,0x10,0xa6,0x10,
	0xa6,0x10,0xa6,0x10,0xa6,0x10,0xa6,0x10,0xa6,0x10,0xa6,0x10,0xa6,0x10,0xa6,0x10,
	0xa6,0x10,0xa6,0x10,0xa6,0x10,0xa6,0x10,0x81,0x81,0x81,0x81,0x81,0x81,0x81,0x81,
	0x80,0x80,0x80,0x80,0x80,0x80,0x80,0x80,0x80,0x80,0x80,0x80,0x80,0x80,0x80,0x80,
	0x80,0x80,0x80,0x80,0x80,0x80,0x80,0x80,0x80,0x80,0x80,0x80,0x80,0x80,0x80,0x80,
	0x80,0x80,0x80,0x80,0x80,0x80,0x80,0x80,0x80,0x80,0x80,0x80,0x80,0x80,0x80,0x80,
	0x80,0x80,0x80,0x80,0x80,0x80,0x80,0x80,0x80,0x80,0x80,0x80,0x80,0x80,0x80,0x80,
	0x80,0x80,0x80,0x80,0x80,0x80,0x80,0x80,0x5b,0xf1,0x5b,0xf1,0x5b,0xf1,0x5b,0xf1,
	0x5a,0xf0,0x5a,0xf0,0x5a,0xf0,0x5a,0xf0,0x5a,0xf0,0x5a,0xf0,0x5a,0xf0,0x5a,0xf0,
	0x5a,0xf0,0x5a,0xf0,0x5a,0xf0,0x5a,0xf0,0x56,0xee,0x5c,0xf1,0x58,0xf2,0x54,0xf1,
	0x63,0x5b,0xba,0xce,0xd0,0xe6,0xc8,0xe0,0xc9,0xdf,0xc9,0xdf,0xc9,0xdf,0xc9,0xdf,
	0xca,0xde,0xca,0xde,0xca,0xde,0xca,0xde,0xca,0xde,0xca,0xde,0xca,0xde,0xca,0xde,
	0xca,0xde,0xca,0xde,0xca,0xde,0xca,0xde,0xf0,0x6e,0xf0,0x6e,0xf0,0x6e,0xf0,0x6e,
	0xf0,0x6e,0xf0,0x6e,0xf0,0x6e,0xf0,0x6e,0xf0,0x6e,0xf0,0x6e,0xf0,0x6e,0xf0,0x6e,
	0xf0,0x6e,0xf0,0x6e,0xf0,0x6e,0xf0,0x6e,0xf0,0x6e,0xf0,0x6e,0xf0,0x6e,0xef,0x6f,
	0x11,0x91,0x10,0x92,0x10,0x92,0x10,0x92,0x10,0x92,0x10,0x92,0x10,0x92,0x10,0x92,
	0x10,0x92,0x10,0x92,0x10,0x92,0x10,0x92,0x10,0x92,0x10,0x92,0x10,0x92,0x10,0x92,
	0x10,0x92,0x10,0x92,0x10,0x92,0x10,0x92,0x36,0x22,0x36,0x22,0x36,0x22,0x36,0x22,
	0x35,0x22,0x35,0x22,0x35,0x22,0x35,0x22,0x35,0x22,0x35,0x22,0x35,0x22,0x35,0x22,
	0x35,0x22,0x35,0x22,0x35,0x22,0x35,0x22,0x36,0x25,0x33,0x1f,0x3b,0x23,0x5c,0x57,
	0x9d,0x23,0xa6,0x0d,0xa4,0x0d,0xa2,0x12,0xa6,0x10,0xa6,0x10,0xa6,0x10,0xa6,0x10,
	0xa6,0x10,0xa6,0x10,0xa6,0x10,0xa6,0x10,0xa6,0x10,0xa6,0x10,0xa6,0x10,0xa6,0x10,
	0xa6,0x10,0xa6,0x10,0xa6,0x10,0xa6,0x10,0x81,0x81,0x81,0x81,0x81,0x81,0x81,0x81,
	0x80,0x80,0x80,0x80,0x80,0x80,0x80,0x80,0x80,0x80,0x80,0x80,0x80,0x80,0x80,0x80,
	0x80,0x80,0x80,0x80,0x80,0x80,0x80,0x80,0x80,0x80,0x80,0x80,0x80,0x80,0x80,0x80,
	0x80,0x80,0x80,0x80,0x80,0x80,0x80,0x80,0x80,0x80,0x80,0x80,0x80,0x80,0x80,0x80,
	0x80,0x80,0x80,0x80,0x80,0x80,0x80,0x80,0x80,0x80,0x80,0x80,0x80,0x80,0x80,0x80,
	0x80,0x80,0x80,0x80,0x80,0x80,0x80,0x80,0x5b,0xf1,0x5b,0xf1,0x5b,0xf1,0x5b,0xf1,
	0x5a,0xf0,0x5a,0xf0,0x5a,0xf0,0x5a,0xf0,0x5a,0xf0,0x5a,0xf0,0x5a,0xf0,0x5a,0xf0,
	0x5a,0xf0,0x5a,0xf0,0x5a,0xf0,0x5a,0xf0,0x5b,0xf4,0x57,0xfe,0x5d,0xf5,0x87,0x51,
	0xc6,0xde,0xc9,0xd9,0xd5,0xe1,0xc9,0xdf,0xc9,0xdf,0xc9,0xdf,0xc9,0xdf,0xc9,0xdf,
	0xca,0xde,0xca,0xde,0xca,0xde,0xca,0xde,0xca,0xde,0xca,0xde,0xca,0xde,0xca,0xde,
	0xca,0xde,0xca,0xde,0xca,0xde,0xca,0xde,0xf0,0x6e,0xf0,0x6e,0xf0,0x6e,0xf0,0x6e,
	0xf0,0x6e,0xf0,0x6e,0xf0,0x6e,0xf0,0x6e,0xf0,0x6e,0xf0,0x6e,0xf0,0x6e,0xf0,0x6e,
	0xf0,0x6e,0xf0,0x6e,0xf0,0x6e,0xf0,0x6e,0xf0,0x6e,0xf0,0x6e,0xf0,0x6e,0xef,0x6f,
	0x11,0x91,0x10,0x92,0x10,0x92,0x10,0x92,0x10,0x92,0x10,0x92,0x10,0x92,0x10,0x92,
	0x10,0x92,0x10,0x92,0x10,0x92,0x10,0x92,0x10,0x92,0x10,0x92,0x10,0x92,0x10,0x92,
	0x10,0x92,0x10,0x92,0x10,0x92,0x10,0x92,0x36,0x22,0x36,0x22,0x36,0x22,0x36,0x22,
	0x35,0x22,0x35,0x22,0x35,0x22,0x35,0x22,0x35,0x22,0x35,0x22,0x35,0x22,0x35,0x22,
	0x35,0x22,0x35,0x22,0x35,0x22,0x35,0x22,0x35,0x1d,0x2f,0x21,0x35,0x1e,0x2b,0x17,
	0x5f,0xd7,0x8f,0x52,0xa8,0x04,0xa9,0x0c,0xa6,0x10,0xa6,0x10,0xa6,0x10,0xa6,0x10,
	0xa6,0x10,0xa6,0x10,0xa6,0x10,0xa6,0x10,0xa6,0x10,0xa6,0x10,0xa6,0x10,0xa6,0x10,
	0xa6,0x10,0xa6,0x10,0xa6,0x10,0xa6,0x10,0x81,0x81,0x81,0x81,0x81,0x81,0x81,0x81,
	0x80,0x80,0x80,0x80,0x80,0x80,0x80,0x80,0x80,0x80,0x80,0x80,0x80,0x80,0x80,0x80,
	0x80,0x80,0x80,0x80,0x80,0x80,0x80,0x80,0x80,0x80,0x80,0x80,0x80,0x80,0x80,0x80,
	0x80,0x80,0x80,0x80,0x80,0x80,0x80,0x80,0x80,0x80,0x80,0x80,0x80,0x80,0x80,0x80,
	0x80,0x80,0x80,0x80,0x80,0x80,0x80,0x80,0x80,0x80,0x80,0x80,0x80,0x80,0x80,0x80,
	0x80,0x80,0x80,0x80,0x80,0x80,0x80,0x80,0x5b,0xf1,0x5b,0xf1,0x5b,0xf1,0x5b,0xf1,
	0x5a,0xf0,0x5a,0xf0,0x5a,0xf0,0x5a,0xf0,0x5a,0xf0,0x5a,0xf0,0x5a,0xf0,0x5c,0xee,
	0x5c,0xef,0x59,0xf2,0x5c,0xeb,0x5a,0xef,0x5e,0xf7,0x6b,0xb8,0x93,0x54,0xab,0x0a,
	0xc7,0xd7,0xd5,0xe1,0xc9,0xdf,0xc9,0xdf,0xc9,0xdf,0xc9,0xdf,0xc9,0xdf,0xc9,0xdf,
	0xca,0xde,0xca,0xde,0xca,0xde,0xca,0xde,0xca,0xde,0xca,0xde,0xca,0xde,0xca,0xde,
	0xca,0xde,0xca,0xde,0xca,0xde,0xca,0xde,0xf0,0x6e,0xf0,0x6e,0xf0,0x6e,0xf0,0x6e,
	0xf0,0x6e,0xf0,0x6e,0xf0,0x6e,0xf0,0x6e,0xf0,0x6e,0xf0,0x6e,0xf0,0x6e,0xf0,0x6e,
	0xf0,0x6e,0xf0,0x6e,0xf0,0x6e,0xf0,0x6e,0xf0,0x6e,0xf0,0x6e,0xf0,0x6e,0xef,0x6f,
	0x11,0x91,0x10,0x92,0x10,0x92,0x10,0x92,0x10,0x92,0x10,0x92,0x10,0x92,0x10,0x92,
	0x10,0x92,0x10,0x92,0x10,0x92,0x10,0x92,0x10,0x92,0x10,0x92,0x10,0x92,0x10,0x92,
	0x10,0x92,0x10,0x92,0x10,0x92,0x10,0x92,0x36,0x22,0x36,0x22,0x36,0x22,0x36,0x22,
	0x35,0x22,0x35,0x22,0x35,0x22,0x35,0x22,0x35,0x22,0x35,0x22,0x35,0x22,0x35,0x22,
	0x35,0x22,0x35,0x22,0x35,0x22,0x35,0x22,0x35,0x22,0x35,0x22,0x35,0x22,0x36,0x23,
	0x57,0xf1,0x63,0xf1,0x7e,0x84,0xa4,0x13,0xac,0x0e,0xac,0x13,0xa6,0x0d,0xa6,0x0f,
	0xa5,0x10,0xa6,0x10,0xa6,0x10,0xa6,0x10,0xa6,0x10,0xa6,0x10,0xa6,0x10,0xa6,0x10,
	0xa6,0x10,0xa6,0x10,0xa6,0x10,0xa6,0x10,0x81,0x81,0x81,0x81,0x81,0x81,0x81,0x81,
	0x80,0x80,0x80,0x80,0x80,0x80,0x80,0x80,0x80,0x80,0x80,0x80,0x80,0x80,0x80,0x80,
	0x80,0x80,0x80,0x80,0x80,0x80,0x80,0x80,0x80,0x80,0x80,0x80,0x80,0x80,0x80,0x80,
	0x80,0x80,0x80,0x80,0x80,0x80,0x80,0x80,0x80,0x80,0x80,0x80,0x80,0x80,0x80,0x80,
	0x80,0x80,0x80,0x80,0x80,0x80,0x80,0x80,0x80,0x80,0x80,0x80,0x80,0x80,0x80,0x80,
	0x80,0x80,0x80,0x80,0x80,0x80,0x80,0x80,0x5b,0xf1,0x5b,0xf1,0x5b,0xf1,0x5b,0xf1,
	0x5a,0xf0,0x5a,0xf0,0x5a,0xf0,0x5a,0xf0,0x5a,0xf0,0x5a,0xf0,0x5a,0xf0,0x5a,0xf2,
	0x58,0xf2,0x53,0xee,0x59,0xf0,0x61,0xee,0x78,0xaf,0xa0,0x11,0xab,0x0e,0xae,0x10,
	0xd3,0xdf,0xc9,0xdf,0xc9,0xdf,0xc9,0xdf,0xc9,0xdf,0xc9,0xdf,0xc9,0xdf,0xc9,0xdf,
	0xca,0xde,0xca,0xde,0xca,0xde,0xca,0xde,0xca,0xde,0xca,0xde,0xca,0xde,0xca,0xde,
	0xca,0xde,0xca,0xde,0xca,0xde,0xca,0xde,0xf0,0x6e,0xf0,0x6e,0xf0,0x6e,0xf0,0x6e,
	0xf0,0x6e,0xf0,0x6e,0xf0,0x6e,0xf0,0x6e,0xf0,0x6e,0xf0,0x6e,0xf0,0x6e,0xf0,0x6e,
	0xf0,0x6e,0xf0,0x6e,0xf0,0x6e,0xf0,0x6e,0xf0,0x6e,0xf0,0x6e,0xf0,0x6e,0xef,0x6f,
	0x11,0x91,0x10,0x92,0x10,0x92,0x10,0x92,0x10,0x92,0x10,0x92,0x10,0x92,0x10,0x92,
	0x10,0x92,0x10,0x92,0x10,0x92,0x10,0x92,0x10,0x92,0x10,0x92,0x10,0x92,0x10,0x92,
	0x10,0x92,0x10,0x92,0x10,0x92,0x10,0x92,0x36,0x22,0x36,0x22,0x36,0x22,0x36,0x22,
	0x35,0x22,0x35,0x22,0x35,0x22,0x35,0x22,0x35,0x22,0x35,0x22,0x35,0x22,0x35,0x22,
	0x35,0x22,0x35,0x22,0x35,0x22,0x35,0x22,0x35,0x22,0x35,0x22,0x35,0x22,0x36,0x23,
	0x56,0xed,0x57,0xf4,0x5c,0xf9,0x71,0xb2,0x9e,0x1e,0xaa,0x07,0xa4,0x0f,0xaa,0x10,
	0xa7,0x11,0xa6,0x10,0xa6,0x10,0xa6,0x10,0xa6,0x10,0xa6,0x10,0xa6,0x10,0xa6,0x10,
	0xa6,0x10,0xa6,0x10,0xa6,0x10,0xa6,0x10,0x81,0x81,0x81,0x81,0x81,0x81,0x81,0x81,
	0x80,0x80,0x80,0x80,0x80,0x80,0x80,0x80,0x80,0x80,0x80,0x80,0x80,0x80,0x80,0x80,
	0x80,0x80,0x80,0x80,0x80,0x80,0x80,0x80,0x80,0x80,0x80,0x80,0x80,0x80,0x80,0x80,
	0x80,0x80,0x80,0x80,0x80,0x80,0x80,0x80,0x80,0x80,0x80,0x80,0x80,0x80,0x80,0x80,
	0x80,0x80,0x80,0x80,0x80,0x80,0x80,0x80,0x80,0x80,0x80,0x80,0x80,0x80,0x80,0x80,
	0x80,0x80,0x80,0x80,0x80,0x80,0x80,0x80,0x5b,0xf1,0x5b,0xf1,0x5b,0xf1,0x5b,0xf1,
	0x5a,0xf0,0x5a,0xf0,0x5a,0xf0,0x5a,0xf0,0x5a,0xf0,0x5a,0xf0,0x5a,0xf0,0x5a,0xf0,
	0x5a,0xf0,0x58,0xf3,0x5d,0xed,0x92,0x4e,0xa7,0x11,0xa1,0x0b,0xa9,0x0d,0xaa,0x10,
	0xc7,0xdd,0xc9,0xdf,0xc9,0xdf,0xc9,0xdf,0xc9,0xdf,0xc9,0xdf,0xc9,0xdf,0xc9,0xdf,
	0xca,0xde,0xca,0xde,0xca,0xde,0xca,0xde,0xca,0xde,0xca,0xde,0xca,0xde,0xca,0xde,
	0xca,0xde,0xca,0xde,0xca,0xde,0xca,0xde,0xf0,0x6e,0xf0,0x6e,0xf0,0x6e,0xf0,0x6e,
	0xf0,0x6e,0xf0,0x6e,0xf0,0x6e,0xf0,0x6e,0xf0,0x6e,0xf0,0x6e,0xf0,0x6e,0xf0,0x6e,
	0xf0,0x6e,0xf0,0x6e,0xf0,0x6e,0xf0,0x6e,0xf0,0x6e,0xf0,0x6e,0xf0,0x6e,0xef,0x6f,
	0x11,0x91,0x10,0x92,0x10,0x92,0x10,0x92,0x10,0x92,0x10,0x92,0x10,0x92,0x10,0x92,
	0x10,0x92,0x10,0x92,0x10,0x92,0x10,0x92,0x10,0x92,0x10,0x92,0x10,0x92,0x10,0x92,
	0x10,0x92,0x10,0x92,0x10,0x92,0x10,0x92,0x36,0x22,0x36,0x22,0x36,0x22,0x36,0x22,
	0x35,0x22,0x35,0x22,0x35,0x22,0x35,0x22,0x35,0x22,0x35,0x22,0x35,0x22,0x35,0x22,
	0x35,0x22,0x35,0x22,0x35,0x22,0x35,0x22,0x35,0x22,0x35,0x22,0x35,0x22,0x36,0x23,
	0x59,0xf1,0x59,0xf4,0x52,0xeb,0x54,0xf6,0x61,0xdd,0x93,0x4d,0xae,0x05,0xa8,0x0f,
	0xa5,0x11,0xa6,0x10,0xa6,0x10,0xa6,0x10,0xa6,0x10,0xa6,0x10,0xa6,0x10,0xa6,0x10,
	0xa6,0x10,0xa6,0x10,0xa6,0x10,0xa6,0x10,0x81,0x81,0x81,0x81,0x81,0x81,0x81,0x81,
	0x80,0x80,0x80,0x80,0x80,0x80,0x80,0x80,0x80,0x80,0x80,0x80,0x80,0x80,0x80,0x80,
	0x80,0x80,0x80,0x80,0x80,0x80,0x80,0x80,0x80,0x80,0x80,0x80,0x80,0x80,0x80,0x80,
	0x80,0x80,0x80,0x80,0x80,0x80,0x80,0x80,0x80,0x80,0x80,0x80,0x80,0x80,0x80,0x80,
	0x80,0x80,0x80,0x80,0x80,0x80,0x80,0x80,0x80,0x80,0x80,0x80,0x80,0x80,0x80,0x80,
	0x80,0x80,0x80,0x80,0x80,0x80,0x80,0x80,0x5b,0xf1,0x5b,0xf1,0x5b,0xf1,0x5b,0xf1,
	0x5a,0xf0,0x5a,0xf0,0x5a,0xf0,0x5a,0xf0,0x5c,0xee,0x5a,0xf2,0x59,0xee,0x56,0xf4,
	0x57,0xf6,0x61,0xf1,0x93,0x4e,0xab,0x0c,0xa8,0x0f,0xaa,0x11,0xa5,0x0f,0xa5,0x11,
	0xc7,0xdd,0xc9,0xdf,0xc9,0xdf,0xc9,0xdf,0xc9,0xdf,0xc9,0xdf,0xc9,0xdf,0xc9,0xdf,
	0xca,0xde,0xca,0xde,0xca,0xde,0xca,0xde,0xca,0xde,0xca,0xde,0xca,0xde,0xca,0xde,
	0xca,0xde,0xca,0xde,0xca,0xde,0xca,0xde,0xf0,0x6e,0xf0,0x6e,0xf0,0x6e,0xf0,0x6e,
	0xf0,0x6e,0xf0,0x6e,0xf0,0x6e,0xf0,0x6e,0xf0,0x6e,0xf0,0x6e,0xf0,0x6e,0xf0,0x6e,
	0xf0,0x6e,0xf0,0x6e,0xf0,0x6e,0xf0,0x6e,0xf0,0x6e,0xf0,0x6e,0xf0,0x6e,0xef,0x6f,
	0x11,0x91,0x10,0x92,0x10,0x92,0x10,0x92,0x10,0x92,0x10,0x92,0x10,0x92,0x10,0x92,
	0x10,0x92,0x10,0x92,0x10,0x92,0x10,0x92,0x10,0x92,0x10,0x92,0x10,0x92,0x10,0x92,
	0x10,0x92,0x10,0x92,0x10,0x92,0x10,0x92,0x36,0x22,0x36,0x22,0x36,0x22,0x36,0x22,
	0x35,0x22,0x35,0x22,0x35,0x22,0x35,0x22,0x35,0x22,0x35,0x22,0x35,0x22,0x35,0x22,
	0x35,0x22,0x35,0x22,0x35,0x22,0x35,0x22,0x35,0x22,0x35,0x22,0x35,0x22,0x36,0x23,
	0x5a,0xf3,0x5e,0xf1,0x59,0xef,0x58,0xf1,0x5a,0xf5,0x5d,0xeb,0x8f,0x4e,0xa7,0x0a,
	0xa8,0x0e,0xa6,0x11,0xa6,0x10,0xa6,0x10,0xa6,0x10,0xa6,0x10,0xa6,0x10,0xa6,0x10,
	0xa6,0x10,0xa6,0x10,0xa6,0x10,0xa6,0x10,0x81,0x81,0x81,0x81,0x81,0x81,0x81,0x81,
	0x80,0x80,0x80,0x80,0x80,0x80,0x80,0x80,0x80,0x80,0x80,0x80,0x80,0x80,0x80,0x80,
	0x80,0x80,0x80,0x80,0x80,0x80,0x80,0x80,0x80,0x80,0x80,0x80,0x80,0x80,0x80,0x80,
	0x80,0x80,0x80,0x80,0x80,0x80,0x80,0x80,0x80,0x80,0x80,0x80,0x80,0x80,0x80,0x80,
	0x80,0x80,0x80,0x80,0x80,0x80,0x80,0x80,0x80,0x80,0x80,0x80,0x80,0x80,0x80,0x80,
	0x80,0x80,0x80,0x80,0x80,0x80,0x80,0x80,0x5b,0xf1,0x5b,0xf1,0x5b,0xf1,0x5b,0xf1,
	0x5a,0xf0,0x5a,0xf0,0x5a,0xf0,0x5a,0xf0,0x5d,0xee,0x59,0xf1,0x58,0xef,0x53,0xf3,
	0x5f,0xee,0x8c,0x53,0xa7,0x0f,0xa8,0x0b,0xa7,0x0e,0xa8,0x12,0xa5,0x10,0xa6,0x11,
	0xc8,0xdc,0xca,0xde,0xca,0xde,0xca,0xde,0xca,0xde,0xca,0xde,0xca,0xde,0xca,0xde,
	0xca,0xde,0xca,0xde,0xca,0xde,0xca,0xde,0xca,0xde,0xca,0xde,0xca,0xde,0xca,0xde,
	0xca,0xde,0xca,0xde,0xca,0xde,0xca,0xde,0xf0,0x6e,0xf0,0x6e,0xf0,0x6e,0xf0,0x6e,
	0xf0,0x6e,0xf0,0x6e,0xf0,0x6e,0xf0,0x6e,0xf0,0x6e,0xf0,0x6e,0xf0,0x6e,0xf0,0x6e,
	0xf0,0x6e,0xf0,0x6e,0xf0,0x6e,0xf0,0x6e,0xf0,0x6e,0xf0,0x6e,0xf0,0x6e,0xef,0x6f,
	0x11,0x91,0x10,0x92,0x10,0x92,0x10,0x92,0x10,0x92,0x10,0x92,0x10,0x92,0x10,0x92,
	0x10,0x92,0x10,0x92,0x10,0x92,0x10,0x92,0x10,0x92,0x10,0x92,0x10,0x92,0x10,0x92,
	0x10,0x92,0x10,0x92,0x10,0x92,0x10,0x92,0x36,0x22,0x36,0x22,0x36,0x22,0x36,0x22,
	0x35,0x22,0x35,0x22,0x35,0x22,0x35,0x22,0x35,0x22,0x35,0x22,0x35,0x22,0x35,0x22,
	0x35,0x22,0x35,0x22,0x35,0x22,0x35,0x22,0x35,0x22,0x35,0x22,0x35,0x22,0x36,0x23,
	0x5a,0xf3,0x60,0xef,0x5b,0xef,0x5a,0xef,0x5b,0xef,0x59,0xf6,0x59,0xf0,0x94,0x4c,
	0xa7,0x0b,0xa6,0x0f,0xa6,0x10,0xa6,0x10,0xa6,0x10,0xa6,0x10,0xa6,0x10,0xa6,0x10,
	0xa6,0x10,0xa6,0x10,0xa6,0x10,0xa6,0x10,0x81,0x81,0x81,0x81,0x81,0x81,0x81,0x81,
	0x80,0x80,0x80,0x80,0x80,0x80,0x80,0x80,0x80,0x80,0x80,0x80,0x80,0x80,0x80,0x80,
	0x80,0x80,0x80,0x80,0x80,0x80,0x80,0x80,0x80,0x80,0x80,0x80,0x80,0x80,0x80,0x80,
	0x80,0x80,0x80,0x80,0x80,0x80,0x80,0x80,0x80,0x80,0x80,0x80,0x80,0x80,0x80,0x80,
	0x80,0x80,0x80,0x80,0x80,0x80,0x80,0x80,0x80,0x80,0x80,0x80,0x80,0x80,0x80,0x80,
	0x80,0x80,0x80,0x80,0x80,0x80,0x80,0x80,0x5b,0xf1,0x5b,0xf1,0x5b,0xf1,0x5b,0xf1,
	0x5a,0xf0,0x5a,0xf0,0x5a,0xf0,0x5a,0xf0,0x5b,0xf3,0x53,0xed,0x56,0xf2,0x5d,0xf0,
	0x8c,0x53,0xa9,0x0d,0xa6,0x0d,0xa6,0x0d,0xa6,0x10,0xa6,0x10,0xa6,0x10,0xa8,0x12,
	0xc8,0xdc,0xca,0xde,0xca,0xde,0xca,0xde,0xca,0xde,0xca,0xde,0xca,0xde,0xca,0xde,
	0xca,0xde,0xca,0xde,0xca,0xde,0xca,0xde,0xca,0xde,0xca,0xde,0xca,0xde,0xca,0xde,
	0xca,0xde,0xca,0xde,0xca,0xde,0xca,0xde,0xf0,0x6e,0xf0,0x6e,0xf0,0x6e,0xf0,0x6e,
	0xf0,0x6e,0xf0,0x6e,0xf0,0x6e,0xf0,0x6e,0xf0,0x6e,0xf0,0x6e,0xf0,0x6e,0xf0,0x6e,
	0xf0,0x6e,0xf0,0x6e,0xf0,0x6e,0xf0,0x6e,0xf0,0x6e,0xf0,0x6e,0xf0,0x6e,0xef,0x6f,
	0x11,0x91,0x10,0x92,0x10,0x92,0x10,0x92,0x10,0x92,0x10,0x92,0x10,0x92,0x10,0x92,
	0x10,0x92,0x10,0x92,0x10,0x92,0x10,0x92,0x10,0x92,0x10,0x92,0x10,0x92,0x10,0x92,
	0x10,0x92,0x10,0x92,0x10,0x92,0x10,0x92,0x36,0x22,0x36,0x22,0x36,0x22,0x36,0x22,
	0x35,0x22,0x35,0x22,0x35,0x22,0x35,0x22,0x35,0x22,0x35,0x22,0x35,0x22,0x35,0x22,
	0x35,0x22,0x35,0x22,0x35,0x22,0x35,0x22,0x35,0x22,0x35,0x22,0x35,0x22,0x36,0x23,
	0x5a,0xf3,0x5f,0xf0,0x5a,0xef,0x59,0xf0,0x58,0xee,0x60,0xf0,0x5c,0xf3,0x5a,0xeb,
	0x92,0x51,0xa8,0x08,0xa6,0x10,0xa6,0x10,0xa6,0x10,0xa6,0x10,0xa6,0x10,0xa6,0x10,
	0xa6,0x10,0xa6,0x10,0xa6,0x10,0xa6,0x10,0x81,0x81,0x81,0x81,0x81,0x81,0x81,0x81,
	0x80,0x80,0x80,0x80,0x80,0x80,0x80,0x80,0x80,0x80,0x80,0x80,0x80,0x80,0x80,0x80,
	0x80,0x80,0x80,0x80,0x80,0x80,0x80,0x80,0x80,0x80,0x80,0x80,0x80,0x80,0x80,0x80,
	0x80,0x80,0x80,0x80,0x80,0x80,0x80,0x80,0x80,0x80,0x80,0x80,0x80,0x80,0x80,0x80,
	0x80,0x80,0x80,0x80,0x80,0x80,0x80,0x80,0x80,0x80,0x80,0x80,0x80,0x80,0x80,0x80,
	0x80,0x80,0x80,0x80,0x80,0x80,0x80,0x80,0x5b,0xf1,0x5b,0xf1,0x5b,0xf1,0x5b,0xf1,
	0x5a,0xf0,0x5a,0xf0,0x5a,0xf0,0x5a,0xf0,0x5c,0xed,0x59,0xf2,0x5b,0xee,0x90,0x4f,
	0xa7,0x0f,0xa6,0x0d,0xa6,0x0d,0xa6,0x0d,0xa6,0x10,0xa6,0x10,0xa6,0x10,0xa8,0x12,
	0xc8,0xdc,0xca,0xde,0xca,0xde,0xca,0xde,0xca,0xde,0xca,0xde,0xca,0xde,0xca,0xde,
	0xca,0xde,0xca,0xde,0xca,0xde,0xca,0xde,0xca,0xde,0xca,0xde,0xca,0xde,0xca,0xde,
	0xca,0xde,0xca,0xde,0xca,0xde,0xca,0xde,0xf0,0x6e,0xf0,0x6e,0xf0,0x6e,0xf0,0x6e,
	0xf0,0x6e,0xf0,0x6e,0xf0,0x6e,0xf0,0x6e,0xf0,0x6e,0xf0,0x6e,0xf0,0x6e,0xf0,0x6e,
	0xf0,0x6e,0xf0,0x6e,0xf0,0x6e,0xf0,0x6e,0xf0,0x6e,0xf0,0x6e,0xf0,0x6e,0xef,0x6f,
	0x11,0x91,0x10,0x92,0x10,0x92,0x10,0x92,0x10,0x92,0x10,0x92,0x10,0x92,0x10,0x92,
	0x10,0x92,0x10,0x92,0x10,0x92,0x10,0x92,0x10,0x92,0x10,0x92,0x10,0x92,0x10,0x92,
	0x10,0x92,0x10,0x92,0x10,0x92,0x10,0x92,0x36,0x22,0x36,0x22,0x36,0x22,0x36,0x22,
	0x35,0x22,0x35,0x22,0x35,0x22,0x35,0x22,0x35,0x22,0x35,0x22,0x35,0x22,0x35,0x22,
	0x35,0x22,0x35,0x22,0x35,0x22,0x35,0x22,0x35,0x22,0x35,0x22,0x35,0x22,0x36,0x23,
	0x5a,0xf3,0x5f,0xf0,0x5a,0xef,0x59,0xf0,0x5a,0xf2,0x5c,0xf0,0x60,0xed,0x58,0xf5,
	0x5a,0xeb,0x94,0x4f,0xa8,0x08,0xa6,0x10,0xa6,0x10,0xa6,0x10,0xa6,0x10,0xa6,0x10,
	0xa6,0x10,0xa6,0x10,0xa6,0x10,0xa6,0x10,0x81,0x81,0x81,0x81,0x81,0x81,0x81,0x81,
	0x80,0x80,0x80,0x80,0x80,0x80,0x80,0x80,0x80,0x80,0x80,0x80,0x80,0x80,0x80,0x80,
	0x80,0x80,0x80,0x80,0x80,0x80,0x80,0x80,0x80,0x80,0x80,0x80,0x80,0x80,0x80,0x80,
	0x80,0x80,0x80,0x80,0x80,0x80,0x80,0x80,0x80,0x80,0x80,0x80,0x80,0x80,0x80,0x80,
	0x80,0x80,0x80,0x80,0x80,0x80,0x80,0x80,0x80,0x80,0x80,0x80,0x80,0x80,0x80,0x80,
	0x80,0x80,0x80,0x80,0x80,0x80,0x80,0x80,0x5b,0xf1,0x5b,0xf1,0x5b,0xf1,0x5b,0xf1,
	0x5a,0xf0,0x5a,0xf0,0x5a,0xf0,0x5a,0xf0,0x5b,0xf3,0x60,0xf2,0x90,0x51,0xa7,0x0f,
	0xa8,0x0b,0xa6,0x0d,0xa6,0x0d,0xa6,0x0d,0xa6,0x10,0xa6,0x10,0xa6,0x10,0xa8,0x12,
	0xc8,0xdc,0xca,0xde,0xca,0xde,0xca,0xde,0xca,0xde,0xca,0xde,0xca,0xde,0xca,0xde,
	0xca,0xde,0xca,0xde,0xca,0xde,0xca,0xde,0xca,0xde,0xca,0xde,0xca,0xde,0xca,0xde,
	0xca,0xde,0xca,0xde,0xca,0xde,0xca,0xde,0xf0,0x6e,0xf0,0x6e,0xf0,0x6e,0xf0,0x6e,
	0xf0,0x6e,0xf0,0x6e,0xf0,0x6e,0xf0,0x6e,0xf0,0x6e,0xf0,0x6e,0xf0,0x6e,0xf0,0x6e,
	0xf0,0x6e,0xf0,0x6e,0xf0,0x6e,0xf0,0x6e,0xf0,0x6e,0xf0,0x6e,0xf0,0x6e,0xef,0x6f,
	0x11,0x91,0x10,0x92,0x10,0x92,0x10,0x92,0x10,0x92,0x10,0x92,0x10,0x92,0x10,0x92,
	0x10,0x92,0x10,0x92,0x10,0x92,0x10,0x92,0x10,0x92,0x10,0x92,0x10,0x92,0x10,0x92,
	0x10,0x92,0x10,0x92,0x10,0x92,0x10,0x92,0x36,0x22,0x36,0x22,0x36,0x22,0x36,0x22,
	0x35,0x22,0x35,0x22,0x35,0x22,0x35,0x22,0x35,0x22,0x35,0x22,0x35,0x22,0x35,0x22,
	0x35,0x22,0x35,0x22,0x35,0x22,0x35,0x22,0x35,0x22,0x35,0x22,0x35,0x22,0x36,0x23,
	0x5a,0xf3,0x5f,0xf0,0x5a,0xef,0x59,0xf0,0x54,0xee,0x5a,0xed,0x58,0xec,0x5b,0xf3,
	0x5b,0xf4,0x58,0xed,0x94,0x4f,0xa8,0x08,0xa6,0x10,0xa6,0x10,0xa6,0x10,0xa6,0x10,
	0xa6,0x10,0xa6,0x10,0xa6,0x10,0xa6,0x10,0x81,0x81,0x81,0x81,0x81,0x81,0x81,0x81,
	0x80,0x80,0x80,0x80,0x80,0x80,0x80,0x80,0x80,0x80,0x80,0x80,0x80,0x80,0x80,0x80,
	0x80,0x80,0x80,0x80,0x80,0x80,0x80,0x80,0x80,0x80,0x80,0x80,0x80,0x80,0x80,0x80,
	0x80,0x80,0x80,0x80,0x80,0x80,0x80,0x80,0x80,0x80,0x80,0x80,0x80,0x80,0x80,0x80,
	0x80,0x80,0x80,0x80,0x80,0x80,0x80,0x80,0x80,0x80,0x80,0x80,0x80,0x80,0x80,0x80,
	0x80,0x80,0x80,0x80,0x80,0x80,0x80,0x80,0x5b,0xf1,0x5b,0xf1,0x5b,0xf1,0x5b,0xf1,
	0x5a,0xf0,0x5a,0xf0,0x5a,0xf0,0x5b,0xf3,0x5d,0xf2,0x8d,0x51,0xa6,0x0d,0xa6,0x0d,
	0xa6,0x0e,0xa6,0x0e,0xa6,0x0f,0xa6,0x0f,0xa6,0x0f,0xa6,0x10,0xa6,0x10,0xa8,0x12,
	0xc8,0xdc,0xca,0xde,0xca,0xde,0xca,0xde,0xca,0xde,0xca,0xde,0xca,0xde,0xca,0xde,
	0xca,0xde,0xca,0xde,0xca,0xde,0xca,0xde,0xca,0xde,0xca,0xde,0xca,0xde,0xca,0xde,
	0xca,0xde,0xca,0xde,0xca,0xde,0xca,0xde,0xf0,0x6e,0xf0,0x6e,0xf0,0x6e,0xf0,0x6e,
	0xf0,0x6e,0xf0,0x6e,0xf0,0x6e,0xf0,0x6e,0xf0,0x6e,0xf0,0x6e,0xf0,0x6e,0xf0,0x6e,
	0xf0,0x6e,0xf0,0x6e,0xf0,0x6e,0xf0,0x6e,0xf0,0x6e,0xf0,0x6e,0xf0,0x6e,0xef,0x6f,
	0x11,0x91,0x10,0x92,0x10,0x92,0x10,0x92,0x10,0x92,0x10,0x92,0x10,0x92,0x10,0x92,
	0x10,0x92,0x10,0x92,0x10,0x92,0x10,0x92,0x10,0x92,0x10,0x92,0x10,0x92,0x10,0x92,
	0x10,0x92,0x10,0x92,0x10,0x92,0x10,0x92,0x36,0x22,0x36,0x22,0x36,0x22,0x36,0x22,
	0x35,0x22,0x35,0x22,0x35,0x22,0x35,0x22,0x35,0x22,0x35,0x22,0x35,0x22,0x35,0x22,
	0x35,0x22,0x35,0x22,0x35,0x22,0x35,0x22,0x35,0x22,0x35,0x22,0x35,0x22,0x36,0x23,
	0x5a,0xf3,0x5f,0xf0,0x5a,0xef,0x59,0xf0,0x59,0xf0,0x59,0xf0,0x59,0xf0,0x5a,0xf1,
	0x5a,0xf2,0x58,0xf4,0x60,0xec,0x8a,0x55,0xab,0x04,0xab,0x14,0xa1,0x13,0xa4,0x0f,
	0xa5,0x0e,0xa6,0x10,0xa6,0x10,0xa6,0x10,0x81,0x81,0x81,0x81,0x81,0x81,0x81,0x81,
	0x80,0x80,0x80,0x80,0x80,0x80,0x80,0x80,0x80,0x80,0x80,0x80,0x80,0x80,0x80,0x80,
	0x80,0x80,0x80,0x80,0x80,0x80,0x80,0x80,0x80,0x80,0x80,0x80,0x80,0x80,0x80,0x80,
	0x80,0x80,0x80,0x80,0x80,0x80,0x80,0x80,0x80,0x80,0x80,0x80,0x80,0x80,0x80,0x80,
	0x80,0x80,0x80,0x80,0x80,0x80,0x80,0x80,0x80,0x80,0x80,0x80,0x80,0x80,0x80,0x80,
	0x80,0x80,0x80,0x80,0x80,0x80,0x80,0x80,0x5b,0xf1,0x5b,0xf1,0x5b,0xf1,0x5b,0xf1,
	0x5a,0xf0,0x5a,0xf0,0x5b,0xf3,0x60,0xf2,0x8d,0x51,0xa6,0x0d,0xa6,0x0d,0xa6,0x0d,
	0xa6,0x0e,0xa6,0x0f,0xa6,0x0f,0xa6,0x0f,0xa6,0x10,0xa6,0x10,0xa6,0x10,0xa8,0x12,
	0xc8,0xdc,0xca,0xde,0xca,0xde,0xca,0xde,0xca,0xde,0xca,0xde,0xca,0xde,0xca,0xde,
	0xca,0xde,0xca,0xde,0xca,0xde,0xca,0xde,0xca,0xde,0xca,0xde,0xca,0xde,0xca,0xde,
	0xca,0xde,0xca,0xde,0xca,0xde,0xca,0xde,0xf0,0x6e,0xf0,0x6e,0xf0,0x6e,0xf0,0x6e,
	0xf0,0x6e,0xf0,0x6e,0xf0,0x6e,0xf0,0x6e,0xf0,0x6e,0xf0,0x6e,0xf0,0x6e,0xf0,0x6e,
	0xf0,0x6e,0xf0,0x6e,0xf0,0x6e,0xf0,0x6e,0xf0,0x6e,0xf0,0x6e,0xf0,0x6e,0xef,0x6f,
	0x11,0x91,0x10,0x92,0x10,0x92,0x10,0x92,0x10,0x92,0x10,0x92,0x10,0x92,0x10,0x92,
	0x10,0x92,0x10,0x92,0x10,0x92,0x10,0x92,0x10,0x92,0x10,0x92,0x10,0x92,0x10,0x92,
	0x10,0x92,0x10,0x92,0x10,0x92,0x10,0x92,0x36,0x22,0x36,0x22,0x36,0x22,0x36,0x22,
	0x35,0x22,0x35,0x22,0x35,0x22,0x35,0x22,0x35,0x22,0x35,0x22,0x35,0x22,0x35,0x22,
	0x35,0x22,0x35,0x22,0x35,0x22,0x35,0x22,0x35,0x22,0x35,0x22,0x35,0x22,0x36,0x23,
	0x5a,0xf3,0x5f,0xf0,0x5a,0xef,0x59,0xf0,0x59,0xf0,0x59,0xf0,0x59,0xf0,0x5a,0xee,
	0x5c,0xed,0x5e,0xed,0x58,0xec,0x65,0xed,0x8c,0x52,0xaa,0x0c,0xa4,0x0f,0xa5,0x10,
	0xa5,0x10,0xa6,0x10,0xa6,0x10,0xa6,0x10,0x81,0x81,0x81,0x81,0x81,0x81,0x81,0x81,
	0x80,0x80,0x80,0x80,0x80,0x80,0x80,0x80,0x80,0x80,0x80,0x80,0x80,0x80,0x80,0x80,
	0x80,0x80,0x80,0x80,0x80,0x80,0x80,0x80,0x80,0x80,0x80,0x80,0x80,0x80,0x80,0x80,
	0x80,0x80,0x80,0x80,0x80,0x80,0x80,0x80,0x80,0x80,0x80,0x80,0x80,0x80,0x80,0x80,
	0x80,0x80,0x80,0x80,0x80,0x80,0x80,0x80,0x80,0x80,0x80,0x80,0x80,0x80,0x80,0x80,
	0x80,0x80,0x80,0x80,0x80,0x80,0x80,0x80,0x5b,0xf1,0x5b,0xf1,0x5b,0xf1,0x5b,0xf0,
	0x5a,0xf1,0x5b,0xf3,0x60,0xf2,0x90,0x51,0xa6,0x0d,0xa6,0x0d,0xa6,0x0d,0xa6,0x0e,
	0xa6,0x0e,0xa6,0x0f,0xa6,0x0f,0xa6,0x10,0xa6,0x10,0xa6,0x10,0xa6,0x10,0xa8,0x12,
	0xc8,0xdc,0xca,0xde,0xca,0xde,0xca,0xde,0xca,0xde,0xca,0xde,0xca,0xde,0xca,0xde,
	0xca,0xde,0xca,0xde,0xca,0xde,0xca,0xde,0xca,0xde,0xca,0xde,0xca,0xde,0xca,0xde,
	0xca,0xde,0xca,0xde,0xca,0xde,0xca,0xde,0xf0,0x6e,0xf0,0x6e,0xf0,0x6e,0xf0,0x6e,
	0xf0,0x6e,0xf0,0x6e,0xf0,0x6e,0xf0,0x6e,0xf0,0x6e,0xf0,0x6e,0xf0,0x6e,0xf0,0x6e,
	0xf0,0x6e,0xf0,0x6e,0xf0,0x6e,0xf0,0x6e,0xf0,0x6e,0xf0,0x6e,0xf0,0x6e,0xef,0x6f,
	0x11,0x91,0x10,0x92,0x10,0x92,0x10,0x92,0x10,0x92,0x10,0x92,0x10,0x92,0x10,0x92,
	0x10,0x92,0x10,0x92,0x10,0x92,0x10,0x92,0x10,0x92,0x10,0x92,0x10,0x92,0x10,0x92,
	0x10,0x92,0x10,0x92,0x10,0x92,0x10,0x92,0x36,0x22,0x36,0x22,0x36,0x22,0x36,0x22,
	0x35,0x22,0x35,0x22,0x35,0x22,0x35,0x22,0x35,0x22,0x35,0x22,0x35,0x22,0x35,0x22,
	0x35,0x22,0x35,0x22,0x35,0x22,0x35,0x22,0x35,0x22,0x35,0x22,0x35,0x22,0x36,0x23,
	0x5a,0xf3,0x5f,0xf0,0x5a,0xef,0x59,0xf0,0x59,0xf0,0x59,0xf0,0x59,0xf0,0x57,0xef,
	0x54,0xf0,0x5a,0xf2,0x5c,0xf2,0x5f,0xf3,0x60,0xf0,0x8f,0x51,0xa3,0x09,0xa9,0x0f,
	0xa8,0x11,0xa6,0x10,0xa6,0x10,0xa6,0x10,0x81,0x81,0x81,0x81,0x81,0x81,0x81,0x81,
	0x80,0x80,0x80,0x80,0x80,0x80,0x80,0x80,0x80,0x80,0x80,0x80,0x80,0x80,0x80,0x80,
	0x80,0x80,0x80,0x80,0x80,0x80,0x80,0x80,0x80,0x80,0x80,0x80,0x80,0x80,0x80,0x80,
	0x80,0x80,0x80,0x80,0x80,0x80,0x80,0x80,0x80,0x80,0x80,0x80,0x80,0x80,0x80,0x80,
	0x80,0x80,0x80,0x80,0x80,0x80,0x80,0x80,0x80,0x80,0x80,0x80,0x80,0x80,0x80,0x80,
	0x80,0x80,0x80,0x80,0x80,0x80,0x80,0x80,0x5c,0xf1,0x5d,0xf2,0x5c,0xf0,0x58,0xf0,
	0x5b,0xf4,0x62,0xf0,0x92,0x4f,0xa7,0x0f,0xa6,0x0e,0xa6,0x0e,0xa6,0x0e,0xa6,0x0f,
	0xa6,0x0e,0xa6,0x0f,0xa6,0x10,0xa6,0x10,0xa6,0x10,0xa6,0x10,0xa6,0x10,0xa7,0x11,
	0xc9,0xdd,0xca,0xde,0xca,0xde,0xca,0xde,0xca,0xde,0xca,0xde,0xca,0xde,0xca,0xde,
	0xca,0xde,0xca,0xde,0xca,0xde,0xca,0xde,0xca,0xde,0xca,0xde,0xca,0xde,0xca,0xde,
	0xca,0xde,0xca,0xde,0xca,0xde,0xca,0xde,0xf0,0x6e,0xf0,0x6e,0xf0,0x6e,0xf0,0x6e,
	0xf0,0x6e,0xf0,0x6e,0xf0,0x6e,0xf0,0x6e,0xf0,0x6e,0xf0,0x6e,0xf0,0x6e,0xf0,0x6e,
	0xf0,0x6e,0xf0,0x6e,0xf0,0x6e,0xf0,0x6e,0xf0,0x6e,0xf0,0x6e,0xf0,0x6e,0xef,0x6f,
	0x11,0x91,0x10,0x92,0x10,0x92,0x10,0x92,0x10,0x92,0x10,0x92,0x10,0x92,0x10,0x92,
	0x10,0x92,0x10,0x92,0x10,0x92,0x10,0x92,0x10,0x92,0x10,0x92,0x10,0x92,0x10,0x92,
	0x10,0x92,0x10,0x92,0x10,0x92,0x10,0x92,0x36,0x22,0x36,0x22,0x36,0x22,0x36,0x22,
	0x35,0x22,0x35,0x22,0x35,0x22,0x35,0x22,0x35,0x22,0x35,0x22,0x35,0x22,0x35,0x22,
	0x35,0x22,0x35,0x22,0x35,0x22,0x35,0x22,0x35,0x22,0x35,0x22,0x35,0x22,0x36,0x23,
	0x5b,0xf2,0x5e,0xf0,0x5a,0xef,0x59,0xf0,0x59,0xf0,0x59,0xf0,0x59,0xf0,0x5a,0xf1,
	0x59,0xf6,0x5a,0xee,0x5a,0xf0,0x5d,0xf1,0x5d,0xf0,0x5b,0xf5,0x94,0x45,0xa8,0x12,
	0xa8,0x10,0xa6,0x10,0xa6,0x0f,0xa6,0x0f,0x81,0x81,0x81,0x81,0x81,0x81,0x81,0x81,
	0x80,0x80,0x80,0x80,0x80,0x80,0x80,0x80,0x80,0x80,0x80,0x80,0x80,0x80,0x80,0x80,
	0x80,0x80,0x80,0x80,0x80,0x80,0x80,0x80,0x80,0x80,0x80,0x80,0x80,0x80,0x80,0x80,
	0x80,0x80,0x80,0x80,0x80,0x80,0x80,0x80,0x80,0x80,0x80,0x80,0x80,0x80,0x80,0x80,
	0x80,0x80,0x80,0x80,0x80,0x80,0x80,0x80,0x80,0x80,0x80,0x80,0x80,0x80,0x80,0x80,
	0x80,0x80,0x80,0x80,0x80,0x80,0x80,0x80,0x5c,0xee,0x63,0xf1,0x5b,0xef,0x58,0xf2,
	0x5e,0xf7,0x76,0xab,0xa6,0x0a,0xab,0x13,0xa6,0x0f,0xa6,0x0f,0xa6,0x0f,0xa6,0x0f,
	0xa6,0x0f,0xa6,0x0f,0xa6,0x10,0xa6,0x10,0xa6,0x10,0xa6,0x10,0xa6,0x10,0xa7,0x11,
	0xc9,0xdd,0xca,0xde,0xca,0xde,0xca,0xde,0xca,0xde,0xca,0xde,0xca,0xde,0xca,0xde,
	0xca,0xde,0xca,0xde,0xca,0xde,0xca,0xde,0xca,0xde,0xca,0xde,0xca,0xde,0xca,0xde,
	0xca,0xde,0xca,0xde,0xca,0xde,0xca,0xde,0xf0,0x6e,0xf0,0x6e,0xf0,0x6e,0xf0,0x6e,
	0xf0,0x6e,0xf0,0x6e,0xf0,0x6e,0xf0,0x6e,0xf0,0x6e,0xf0,0x6e,0xf0,0x6e,0xf0,0x6e,
	0xf0,0x6e,0xf0,0x6e,0xf0,0x6e,0xf0,0x6e,0xf0,0x6e,0xf0,0x6e,0xf0,0x6e,0xef,0x6f,
	0x11,0x91,0x10,0x92,0x10,0x92,0x10,0x92,0x10,0x92,0x10,0x92,0x10,0x92,0x10,0x92,
	0x10,0x92,0x10,0x92,0x10,0x92,0x10,0x92,0x10,0x92,0x10,0x92,0x10,0x92,0x10,0x92,
	0x10,0x92,0x10,0x92,0x10,0x92,0x10,0x92,0x36,0x22,0x36,0x22,0x36,0x22,0x36,0x22,
	0x35,0x22,0x35,0x22,0x35,0x22,0x35,0x22,0x35,0x22,0x35,0x22,0x35,0x22,0x35,0x22,
	0x35,0x22,0x35,0x22,0x35,0x22,0x35,0x22,0x35,0x22,0x35,0x22,0x35,0x22,0x36,0x23,
	0x5e,0xf0,0x5c,0xef,0x5a,0xf0,0x5a,0xf0,0x5a,0xf0,0x5a,0xf0,0x5a,0xf0,0x5b,0xf1,
	0x5b,0xf1,0x59,0xef,0x59,0xef,0x5b,0xf1,0x5a,0xef,0x54,0xec,0x6c,0xba,0x9f,0x1b,
	0xa9,0x0f,0xa5,0x10,0xa7,0x0e,0xa6,0x0f,0x81,0x81,0x81,0x81,0x81,0x81,0x81,0x81,
	0x80,0x80,0x80,0x80,0x80,0x80,0x80,0x80,0x80,0x80,0x80,0x80,0x80,0x80,0x80,0x80,
	0x80,0x80,0x80,0x80,0x80,0x80,0x80,0x80,0x80,0x80,0x80,0x80,0x80,0x80,0x80,0x80,
	0x80,0x80,0x80,0x80,0x80,0x80,0x80,0x80,0x80,0x80,0x80,0x80,0x80,0x80,0x80,0x80,
	0x80,0x80,0x80,0x80,0x80,0x80,0x80,0x80,0x80,0x80,0x80,0x80,0x80,0x80,0x80,0x80,
	0x80,0x80,0x80,0x80,0x80,0x80,0x80,0x80,0x5a,0xe7,0x57,0xeb,0x5b,0xee,0x59,0xf7,
	0x6a,0xc0,0x9f,0x14,0xa1,0x13,0xac,0x0e,0xa6,0x10,0xa6,0x10,0xa6,0x10,0xa6,0x10,
	0xa6,0x0f,0xa6,0x0f,0xa6,0x10,0xa6,0x10,0xa6,0x10,0xa6,0x10,0xa6,0x10,0xa6,0x10,
	0xca,0xde,0xca,0xde,0xca,0xde,0xca,0xde,0xca,0xde,0xca,0xde,0xca,0xde,0xca,0xde,
	0xca,0xde,0xca,0xde,0xca,0xde,0xca,0xde,0xca,0xde,0xca,0xde,0xca,0xde,0xca,0xde,
	0xca,0xde,0xca,0xde,0xca,0xde,0xca,0xde,0xf0,0x6e,0xf0,0x6e,0xf0,0x6e,0xf0,0x6e,
	0xf0,0x6e,0xf0,0x6e,0xf0,0x6e,0xf0,0x6e,0xf0,0x6e,0xf0,0x6e,0xf0,0x6e,0xf0,0x6e,
	0xf0,0x6e,0xf0,0x6e,0xf0,0x6e,0xf0,0x6e,0xf0,0x6e,0xf0,0x6e,0xf0,0x6e,0xef,0x6f,
	0x11,0x91,0x10,0x92,0x10,0x92,0x10,0x92,0x10,0x92,0x10,0x92,0x10,0x92,0x10,0x92,
	0x10,0x92,0x10,0x92,0x10,0x92,0x10,0x92,0x10,0x92,0x10,0x92,0x10,0x92,0x10,0x92,
	0x10,0x92,0x10,0x92,0x10,0x92,0x10,0x92,0x36,0x22,0x36,0x22,0x36,0x22,0x36,0x22,
	0x35,0x22,0x35,0x22,0x35,0x22,0x35,0x22,0x35,0x22,0x35,0x22,0x35,0x22,0x35,0x22,
	0x35,0x22,0x35,0x22,0x35,0x22,0x35,0x22,0x35,0x22,0x35,0x22,0x35,0x22,0x36,0x23,
	0x5a,0xee,0x5a,0xf0,0x5a,0xf0,0x5a,0xf0,0x5a,0xf0,0x5a,0xf0,0x5a,0xf0,0x5a,0xf0,
	0x5a,0xf0,0x5a,0xf0,0x5a,0xf0,0x5a,0xf0,0x56,0xf0,0x58,0xf0,0x5a,0xf4,0x70,0xae,
	0xa9,0x0f,0xa4,0x10,0xa9,0x0e,0xa7,0x10,0x81,0x81,0x81,0x81,0x81,0x81,0x81,0x81,
	0x80,0x80,0x80,0x80,0x80,0x80,0x80,0x80,0x80,0x80,0x80,0x80,0x80,0x80,0x80,0x80,
	0x80,0x80,0x80,0x80,0x80,0x80,0x80,0x80,0x80,0x80,0x80,0x80,0x80,0x80,0x80,0x80,
	0x80,0x80,0x80,0x80,0x80,0x80,0x80,0x80,0x80,0x80,0x80,0x80,0x80,0x80,0x80,0x80,
	0x80,0x80,0x80,0x80,0x80,0x80,0x80,0x80,0x80,0x80,0x80,0x80,0x80,0x80,0x80,0x80,
	0x80,0x80,0x80,0x80,0x80,0x80,0x80,0x80,0x5c,0xee,0x5f,0xee,0x5b,0xf2,0x5e,0xed,
	0x90,0x48,0xa8,0x11,0xa6,0x0b,0xa3,0x0e,0xa6,0x10,0xa6,0x10,0xa6,0x10,0xa6,0x10,
	0xa6,0x0f,0xa6,0x0f,0xa6,0x10,0xa6,0x10,0xa6,0x10,0xa6,0x10,0xa6,0x10,0xa6,0x10,
	0xca,0xde,0xca,0xde,0xca,0xde,0xca,0xde,0xca,0xde,0xca,0xde,0xca,0xde,0xca,0xde,
	0xca,0xde,0xca,0xde,0xca,0xde,0xca,0xde,0xca,0xde,0xca,0xde,0xca,0xde,0xca,0xde,
	0xca,0xde,0xca,0xde,0xca,0xde,0xca,0xde,0xf0,0x6e,0xf0,0x6e,0xf0,0x6e,0xf0,0x6e,
	0xf0,0x6e,0xf0,0x6e,0xf0,0x6e,0xf0,0x6e,0xf0,0x6e,0xf0,0x6e,0xf0,0x6e,0xf0,0x6e,
	0xf0,0x6e,0xf0,0x6e,0xf0,0x6e,0xf0,0x6e,0xf0,0x6e,0xf0,0x6e,0xf0,0x6e,0xef,0x6f,
	0x11,0x91,0x10,0x92,0x10,0x92,0x10,0x92,0x10,0x92,0x10,0x92,0x10,0x92,0x10,0x92,
	0x10,0x92,0x10,0x92,0x10,0x92,0x10,0x92,0x10,0x92,0x10,0x92,0x10,0x92,0x10,0x92,
	0x10,0x92,0x10,0x92,0x10,0x92,0x10,0x92,0x36,0x22,0x36,0x22,0x36,0x22,0x36,0x22,
	0x35,0x22,0x35,0x22,0x35,0x22,0x35,0x22,0x35,0x22,0x35,0x22,0x35,0x22,0x35,0x22,
	0x35,0x22,0x35,0x22,0x35,0x22,0x35,0x22,0x35,0x22,0x35,0x22,0x35,0x22,0x36,0x23,
	0x59,0xef,0x5a,0xf0,0x5a,0xf0,0x5a,0xf0,0x5a,0xf0,0x5a,0xf0,0x5a,0xf0,0x5a,0xf0,
	0x5a,0xf0,0x5a,0xf0,0x5a,0xf0,0x5a,0xf0,0x56,0xf3,0x5b,0xf0,0x55,0xf3,0x53,0xf0,
	0x81,0x56,0xaa,0x0a,0xa4,0x10,0xa9,0x0b,0x81,0x81,0x81,0x81,0x81,0x81,0x81,0x81,
	0x80,0x80,0x80,0x80,0x80,0x80,0x80,0x80,0x80,0x80,0x80,0x80,0x80,0x80,0x80,0x80,
	0x80,0x80,0x80,0x80,0x80,0x80,0x80,0x80,0x80,0x80,0x80,0x80,0x80,0x80,0x80,0x80,
	0x80,0x80,0x80,0x80,0x80,0x80,0x80,0x80,0x80,0x80,0x80,0x80,0x80,0x80,0x80,0x80,
	0x80,0x80,0x80,0x80,0x80,0x80,0x80,0x80,0x80,0x80,0x80,0x80,0x80,0x80,0x80,0x80,
	0x80,0x80,0x80,0x80,0x80,0x80,0x80,0x80,0x5b,0xee,0x5a,0xf5,0x52,0xfa,0x8d,0x4f,
	0xa3,0x0e,0xa7,0x0f,0xa6,0x12,0xa1,0x0c,0xa6,0x10,0xa6,0x10,0xa6,0x10,0xa6,0x10,
	0xa6,0x0f,0xa6,0x0f,0xa6,0x10,0xa6,0x10,0xa6,0x10,0xa6,0x10,0xa6,0x10,0xa6,0x10,
	0xca,0xde,0xca,0xde,0xca,0xde,0xca,0xde,0xca,0xde,0xca,0xde,0xca,0xde,0xca,0xde,
	0xca,0xde,0xca,0xde,0xca,0xde,0xca,0xde,0xca,0xde,0xca,0xde,0xca,0xde,0xca,0xde,
	0xca,0xde,0xca,0xde,0xca,0xde,0xca,0xde,0xf0,0x6e,0xf0,0x6e,0xf0,0x6e,0xf0,0x6e,
	0xf0,0x6e,0xf0,0x6e,0xf0,0x6e,0xf0,0x6e,0xf0,0x6e,0xf0,0x6e,0xf0,0x6e,0xf0,0x6e,
	0xf0,0x6e,0xf0,0x6e,0xf0,0x6e,0xf0,0x6e,0xf0,0x6e,0xf0,0x6e,0xf0,0x6e,0xef,0x6f,
	0x11,0x91,0x10,0x92,0x10,0x92,0x10,0x92,0x10,0x92,0x10,0x92,0x10,0x92,0x10,0x92,
	0x10,0x92,0x10,0x92,0x10,0x92,0x10,0x92,0x10,0x92,0x10,0x92,0x10,0x92,0x10,0x92,
	0x10,0x92,0x10,0x92,0x10,0x92,0x10,0x92,0x36,0x22,0x36,0x22,0x36,0x22,0x36,0x22,
	0x35,0x22,0x35,0x22,0x35,0x22,0x35,0x22,0x35,0x22,0x35,0x22,0x35,0x22,0x35,0x22,
	0x35,0x22,0x35,0x22,0x35,0x22,0x35,0x22,0x35,0x22,0x35,0x22,0x35,0x22,0x36,0x23,
	0x59,0xef,0x5a,0xf0,0x5a,0xf0,0x5a,0xf0,0x5a,0xf0,0x5a,0xf0,0x5a,0xf0,0x5a,0xf0,
	0x5a,0xf0,0x5a,0xf0,0x5a,0xf0,0x5a,0xf0,0x59,0xef,0x5c,0xf3,0x5d,0xea,0x57,0xf5,
	0x5a,0xef,0x8c,0x43,0x9f,0x0e,0xaa,0x1a,0x81,0x81,0x81,0x81,0x81,0x81,0x81,0x81,
	0x80,0x80,0x80,0x80,0x80,0x80,0x80,0x80,0x80,0x80,0x80,0x80,0x80,0x80,0x80,0x80,
	0x80,0x80,0x80,0x80,0x80,0x80,0x80,0x80,0x80,0x80,0x80,0x80,0x80,0x80,0x80,0x80,
	0x80,0x80,0x80,0x80,0x80,0x80,0x80,0x80,0x80,0x80,0x80,0x80,0x80,0x80,0x80,0x80,
	0x80,0x80,0x80,0x80,0x80,0x80,0x80,0x80,0x80,0x80,0x80,0x80,0x80,0x80,0x80,0x80,
	0x80,0x80,0x80,0x80,0x80,0x80,0x80,0x80,0x5b,0xf0,0x5d,0xf0,0x6e,0xb3,0xa5,0x09,
	0xa8,0x0e,0xa6,0x10,0xa6,0x10,0xa6,0x10,0xa6,0x10,0xa6,0x10,0xa6,0x10,0xa6,0x10,
	0xa6,0x0f,0xa6,0x0f,0xa6,0x10,0xa6,0x10,0xa6,0x10,0xa6,0x10,0xa6,0x10,0xa6,0x10,
	0xca,0xde,0xca,0xde,0xca,0xde,0xca,0xde,0xca,0xde,0xca,0xde,0xca,0xde,0xca,0xde,
	0xca,0xde,0xca,0xde,0xca,0xde,0xca,0xde,0xca,0xde,0xca,0xde,0xca,0xde,0xca,0xde,
	0xca,0xde,0xca,0xde,0xca,0xde,0xca,0xde,0xf0,0x6e,0xf0,0x6e,0xf0,0x6e,0xf0,0x6e,
	0xf0,0x6e,0xf0,0x6e,0xf0,0x6e,0xf0,0x6e,0xf0,0x6e,0xf0,0x6e,0xf0,0x6e,0xf0,0x6e,
	0xf0,0x6e,0xf0,0x6e,0xf0,0x6e,0xf0,0x6e,0xf0,0x6e,0xf0,0x6e,0xf0,0x6e,0xef,0x6f,
	0x11,0x91,0x10,0x92,0x10,0x92,0x10,0x92,0x10,0x92,0x10,0x92,0x10,0x92,0x10,0x92,
	0x10,0x92,0x10,0x92,0x10,0x92,0x10,0x92,0x10,0x92,0x10,0x92,0x10,0x92,0x10,0x92,
	0x10,0x92,0x10,0x92,0x10,0x92,0x10,0x92,0x36,0x22,0x36,0x22,0x36,0x22,0x36,0x22,
	0x35,0x22,0x35,0x22,0x35,0x22,0x35,0x22,0x35,0x22,0x35,0x22,0x35,0x22,0x35,0x22,
	0x35,0x22,0x35,0x22,0x35,0x22,0x35,0x22,0x35,0x22,0x35,0x22,0x35,0x22,0x36,0x23,
	0x59,0xef,0x5a,0xf0,0x5a,0xf0,0x5a,0xf0,0x5a,0xf0,0x5a,0xf0,0x5a,0xf0,0x5a,0xf0,
	0x5a,0xf0,0x5a,0xf0,0x5a,0xf0,0x5a,0xf0,0x5a,0xf0,0x5a,0xf0,0x5a,0xf0,0x58,0xf2,
	0x57,0xf1,0x70,0xbe,0xa8,0x1b,0xa4,0x0f,0x81,0x81,0x81,0x81,0x81,0x81,0x81,0x81,
	0x80,0x80,0x80,0x80,0x80,0x80,0x80,0x80,0x80,0x80,0x80,0x80,0x80,0x80,0x80,0x80,
	0x80,0x80,0x80,0x80,0x80,0x80,0x80,0x80,0x80,0x80,0x80,0x80,0x80,0x80,0x80,0x80,
	0x80,0x80,0x80,0x80,0x80,0x80,0x80,0x80,0x80,0x80,0x80,0x80,0x80,0x80,0x80,0x80,
	0x80,0x80,0x80,0x80,0x80,0x80,0x80,0x80,0x80,0x80,0x80,0x80,0x80,0x80,0x80,0x80,
	0x80,0x80,0x80,0x80,0x80,0x80,0x80,0x80,0x59,0xf0,0x59,0xed,0xa4,0x14,0xa5,0x13,
	0xa5,0x11,0xa6,0x10,0xa6,0x10,0xa6,0x10,0xa6,0x10,0xa6,0x10,0xa6,0x10,0xa6,0x10,
	0xa6,0x0f,0xa6,0x0f,0xa6,0x10,0xa6,0x10,0xa6,0x10,0xa6,0x10,0xa6,0x10,0xa6,0x10,
	0xca,0xde,0xca,0xde,0xca,0xde,0xca,0xde,0xca,0xde,0xca,0xde,0xca,0xde,0xca,0xde,
	0xca,0xde,0xca,0xde,0xca,0xde,0xca,0xde,0xca,0xde,0xca,0xde,0xca,0xde,0xca,0xde,
	0xca,0xde,0xca,0xde,0xca,0xde,0xca,0xde,0xf0,0x6e,0xf0,0x6e,0xf0,0x6e,0xf0,0x6e,
	0xf0,0x6e,0xf0,0x6e,0xf0,0x6e,0xf0,0x6e,0xf0,0x6e,0xf0,0x6e,0xf0,0x6e,0xf0,0x6e,
	0xf0,0x6e,0xf0,0x6e,0xf0,0x6e,0xf0,0x6e,0xf0,0x6e,0xf0,0x6e,0xf0,0x6e,0xef,0x6f,
	0x11,0x91,0x10,0x92,0x10,0x92,0x10,0x92,0x10,0x92,0x10,0x92,0x10,0x92,0x10,0x92,
	0x10,0x92,0x10,0x92,0x10,0x92,0x10,0x92,0x10,0x92,0x10,0x92,0x10,0x92,0x10,0x92,
	0x10,0x92,0x10,0x92,0x10,0x92,0x10,0x92,0x36,0x22,0x36,0x22,0x36,0x22,0x36,0x22,
	0x35,0x22,0x35,0x22,0x35,0x22,0x35,0x22,0x35,0x22,0x35,0x22,0x35,0x22,0x35,0x22,
	0x35,0x22,0x35,0x22,0x35,0x22,0x35,0x22,0x35,0x22,0x35,0x22,0x35,0x22,0x36,0x23,
	0x59,0xef,0x5a,0xf0,0x5a,0xf0,0x5a,0xf0,0x5a,0xf0,0x5a,0xf0,0x5a,0xf0,0x5a,0xf0,
	0x5a,0xf0,0x5a,0xf0,0x5a,0xf0,0x5a,0xf0,0x5a,0xf0,0x5a,0xf0,0x5a,0xf0,0x5b,0xee,
	0x5a,0xef,0x5a,0xf2,0x7f,0x7b,0xaa,0x0e,0x81,0x81,0x81,0x81,0x81,0x81,0x81,0x81,
	0x80,0x80,0x80,0x80,0x80,0x80,0x80,0x80,0x80,0x80,0x80,0x80,0x80,0x80,0x80,0x80,
	0x80,0x80,0x80,0x80,0x80,0x80,0x80,0x80,0x80,0x80,0x80,0x80,0x80,0x80,0x80,0x80,
	0x80,0x80,0x80,0x80,0x80,0x80,0x80,0x80,0x80,0x80,0x80,0x80,0x80,0x80,0x80,0x80,
	0x80,0x80,0x80,0x80,0x80,0x80,0x80,0x80,0x80,0x80,0x80,0x80,0x80,0x80,0x80,0x80,
	0x80,0x80,0x80,0x80,0x80,0x80,0x80,0x80,0x59,0xf9,0x91,0x50,0xa3,0x0e,0xac,0x18,
	0xa8,0x12,0xa6,0x10,0xa6,0x10,0xa6,0x10,0xa6,0x10,0xa6,0x10,0xa6,0x10,0xa6,0x10,
	0xa6,0x0f,0xa6,0x0f,0xa6,0x10,0xa6,0x10,0xa6,0x10,0xa6,0x10,0xa6,0x10,0xa6,0x10,
	0xca,0xde,0xca,0xde,0xca,0xde,0xca,0xde,0xca,0xde,0xca,0xde,0xca,0xde,0xca,0xde,
	0xca,0xde,0xca,0xde,0xca,0xde,0xca,0xde,0xca,0xde,0xca,0xde,0xca,0xde,0xca,0xde,
	0xca,0xde,0xca,0xde,0xca,0xde,0xca,0xde,0xf0,0x6e,0xf0,0x6e,0xf0,0x6e,0xf0,0x6e,
	0xf0,0x6e,0xf0,0x6e,0xf0,0x6e,0xf0,0x6e,0xf0,0x6e,0xf0,0x6e,0xf0,0x6e,0xf0,0x6e,
	0xf0,0x6e,0xf0,0x6e,0xf0,0x6e,0xf0,0x6e,0xf0,0x6e,0xf0,0x6e,0xf0,0x6e,0xef,0x6f,
	0x11,0x91,0x10,0x92,0x10,0x92,0x10,0x92,0x10,0x92,0x10,0x92,0x10,0x92,0x10,0x92,
	0x10,0x92,0x10,0x92,0x10,0x92,0x10,0x92,0x10,0x92,0x10,0x92,0x10,0x92,0x10,0x92,
	0x10,0x92,0x10,0x92,0x10,0x92,0x10,0x92,0x36,0x22,0x36,0x22,0x36,0x22,0x36,0x22,
	0x35,0x22,0x35,0x22,0x35,0x22,0x35,0x22,0x35,0x22,0x35,0x22,0x35,0x22,0x35,0x22,
	0x35,0x22,0x35,0x22,0x35,0x22,0x35,0x22,0x35,0x22,0x35,0x22,0x35,0x22,0x36,0x23,
	0x59,0xef,0x5a,0xf0,0x5a,0xf0,0x5a,0xf0,0x5a,0xf0,0x5a,0xf0,0x5a,0xf0,0x5a,0xf0,
	0x5a,0xf0,0x5a,0xf0,0x5a,0xf0,0x5a,0xf0,0x5a,0xf0,0x5a,0xf0,0x5a,0xf0,0x5c,0xef,
	0x5b,0xf0,0x5a,0xf2,0x5e,0xe0,0x99,0x43,0x81,0x81,0x81,0x81,0x81,0x81,0x81,0x81,
	0x80,0x80,0x80,0x80,0x80,0x80,0x80,0x80,0x80,0x80,0x80,0x80,0x80,0x80,0x80,0x80,
	0x80,0x80,0x80,0x80,0x80,0x80,0x80,0x80,0x80,0x80,0x80,0x80,0x80,0x80,0x80,0x80,
	0x80,0x80,0x80,0x80,0x80,0x80,0x80,0x80,0x80,0x80,0x80,0x80,0x80,0x80,0x80,0x80,
	0x80,0x80,0x80,0x80,0x80,0x80,0x80,0x80,0x80,0x80,0x80,0x80,0x80,0x80,0x80,0x80,
	0x80,0x80,0x80,0x80,0x80,0x80,0x80,0x80,0x76,0xb4,0xab,0x0b,0xa5,0x0d,0xa7,0x11,
	0xa6,0x10,0xa6,0x10,0xa6,0x10,0xa6,0x10,0xa6,0x10,0xa6,0x10,0xa6,0x10,0xa6,0x10,
	0xa6,0x0f,0xa6,0x0f,0xa6,0x10,0xa6,0x10,0xa6,0x10,0xa6,0x10,0xa6,0x10,0xa6,0x10,
	0xca,0xde,0xca,0xde,0xca,0xde,0xca,0xde,0xca,0xde,0xca,0xde,0xca,0xde,0xca,0xde,
	0xca,0xde,0xca,0xde,0xca,0xde,0xca,0xde,0xca,0xde,0xca,0xde,0xca,0xde,0xca,0xde,
	0xca,0xde,0xca,0xde,0xca,0xde,0xca,0xde,0xf0,0x6e,0xf0,0x6e,0xf0,0x6e,0xf0,0x6e,
	0xf0,0x6e,0xf0,0x6e,0xf0,0x6e,0xf0,0x6e,0xf0,0x6e,0xf0,0x6e,0xf0,0x6e,0xf0,0x6e,
	0xf0,0x6e,0xf0,0x6e,0xf0,0x6e,0xf0,0x6e,0xf0,0x6e,0xf0,0x6e,0xf0,0x6e,0xef,0x6f,
	0x11,0x91,0x10,0x92,0x10,0x92,0x10,0x92,0x10,0x92,0x10,0x92,0x10,0x92,0x10,0x92,
	0x10,0x92,0x10,0x92,0x10,0x92,0x10,0x92,0x10,0x92,0x10,0x92,0x10,0x92,0x10,0x92,
	0x10,0x92,0x10,0x92,0x10,0x92,0x10,0x92,0x36,0x22,0x36,0x22,0x36,0x22,0x36,0x22,
	0x35,0x22,0x35,0x22,0x35,0x22,0x35,0x22,0x35,0x22,0x35,0x22,0x35,0x22,0x35,0x22,
	0x35,0x22,0x35,0x22,0x35,0x22,0x35,0x22,0x35,0x22,0x35,0x22,0x35,0x22,0x36,0x23,
	0x59,0xef,0x5a,0xf0,0x5a,0xf0,0x5a,0xf0,0x5a,0xf0,0x5a,0xf0,0x5a,0xf0,0x5a,0xf0,
	0x5a,0xf0,0x5a,0xf0,0x5a,0xf0,0x5a,0xf0,0x5a,0xf0,0x5a,0xf0,0x5a,0xf0,0x5a,0xf1,
	0x5a,0xf1,0x58,0xf1,0x5d,0xed,0x73,0xc0,0x81,0x81,0x81,0x81,0x81,0x81,0x81,0x81,
	0x80,0x80,0x80,0x80,0x80,0x80,0x80,0x80,0x80,0x80,0x80,0x80,0x80,0x80,0x80,0x80,
	0x80,0x80,0x80,0x80,0x80,0x80,0x80,0x80,0x80,0x80,0x80,0x80,0x80,0x80,0x80,0x80,
	0x80,0x80,0x80,0x80,0x80,0x80,0x80,0x80,0x80,0x80,0x80,0x80,0x80,0x80,0x80,0x80,
	0x80,0x80,0x80,0x80,0x80,0x80,0x80,0x80,0x80,0x80,0x80,0x80,0x80,0x80,0x80,0x80,
	0x80,0x80,0x80,0x80,0x80,0x80,0x80,0x80,0xab,0x0b,0xa6,0x0b,0xa5,0x0e,0xa5,0x0e,
	0xa6,0x0f,0xa6,0x10,0xa6,0x10,0xa6,0x10,0xa6,0x10,0xa6,0x10,0xa6,0x10,0xa6,0x10,
	0xa6,0x0f,0xa6,0x0f,0xa6,0x10,0xa6,0x10,0xa6,0x10,0xa6,0x10,0xa6,0x10,0xa6,0x10,
	0xca,0xde,0xca,0xde,0xca,0xde,0xca,0xde,0xca,0xde,0xca,0xde,0xca,0xde,0xca,0xde,
	0xca,0xde,0xca,0xde,0xca,0xde,0xca,0xde,0xca,0xde,0xca,0xde,0xca,0xde,0xca,0xde,
	0xca,0xde,0xca,0xde,0xca,0xde,0xca,0xde,0xf0,0x6e,0xf0,0x6e,0xf0,0x6e,0xf0,0x6e,
	0xf0,0x6e,0xf0,0x6e,0xf0,0x6e,0xf0,0x6e,0xf0,0x6e,0xf0,0x6e,0xf0,0x6e,0xf0,0x6e,
	0xf0,0x6e,0xf0,0x6e,0xf0,0x6e,0xf0,0x6e,0xf0,0x6e,0xf0,0x6e,0xf0,0x6e,0xef,0x6f,
	0x11,0x91,0x10,0x92,0x10,0x92,0x10,0x92,0x10,0x92,0x10,0x92,0x10,0x92,0x10,0x92,
	0x10,0x92,0x10,0x92,0x10,0x92,0x10,0x92,0x10,0x92,0x10,0x92,0x10,0x92,0x10,0x92,
	0x10,0x92,0x10,0x92,0x10,0x92,0x10,0x92,0x36,0x22,0x36,0x22,0x36,0x22,0x36,0x22,
	0x35,0x22,0x35,0x22,0x35,0x22,0x35,0x22,0x35,0x22,0x35,0x22,0x35,0x22,0x35,0x22,
	0x35,0x22,0x35,0x22,0x35,0x22,0x35,0x22,0x35,0x22,0x35,0x22,0x35,0x22,0x36,0x23,
	0x59,0xef,0x5a,0xf0,0x5a,0xf0,0x5a,0xf0,0x5a,0xf0,0x5a,0xf0,0x5a,0xf0,0x5a,0xf0,
	0x5a,0xf0,0x5a,0xf0,0x5a,0xf0,0x5a,0xf0,0x5a,0xf0,0x5a,0xf0,0x5a,0xf0,0x5a,0xf1,
	0x59,0xf1,0x58,0xf0,0x5c,0xf1,0x5c,0xee,0x81,0x81,0x81,0x81,0x81,0x81,0x81,0x81,
	0x80,0x80,0x80,0x80,0x80,0x80,0x80,0x80,0x80,0x80,0x80,0x80,0x80,0x80,0x80,0x80,
	0x80,0x80,0x80,0x80,0x80,0x80,0x80,0x80,0x80,0x80,0x80,0x80,0x80,0x80,0x80,0x80,
	0x80,0x80,0x80,0x80,0x80,0x80,0x80,0x80,0x80,0x80,0x80,0x80,0x80,0x80,0x80,0x80,
	0x80,0x80,0x80,0x80,0x80,0x80,0x80,0x80,0x80,0x80,0x80,0x80,0x80,0x80,0x80,0x80,
	0x80,0x80,0x80,0x80,0x80,0x80,0x80,0x80,0xa4,0x0d,0xa6,0x0e,0xa6,0x10,0xa6,0x10,
	0xa6,0x10,0xa6,0x10,0xa6,0x10,0xa6,0x10,0xa6,0x10,0xa6,0x10,0xa6,0x10,0xa6,0x10,
	0xa6,0x0f,0xa6,0x0f,0xa6,0x10,0xa6,0x10,0xa6,0x10,0xa6,0x10,0xa6,0x10,0xa6,0x10,
	0xca,0xde,0xca,0xde,0xca,0xde,0xca,0xde,0xca,0xde,0xca,0xde,0xca,0xde,0xca,0xde,
	0xca,0xde,0xca,0xde,0xca,0xde,0xca,0xde,0xca,0xde,0xca,0xde,0xca,0xde,0xca,0xde,
	0xca,0xde,0xca,0xde,0xca,0xde,0xca,0xde,0xf0,0x6e,0xf0,0x6e,0xf0,0x6e,0xf0,0x6e,
	0xf0,0x6e,0xf0,0x6e,0xf0,0x6e,0xf0,0x6e,0xf0,0x6e,0xf0,0x6e,0xf0,0x6e,0xf0,0x6e,
	0xf0,0x6e,0xf0,0x6e,0xf0,0x6e,0xf0,0x6e,0xf0,0x6e,0xf0,0x6e,0xf0,0x6e,0xef,0x6f,
	0x11,0x91,0x10,0x92,0x10,0x92,0x10,0x92,0x10,0x92,0x10,0x92,0x10,0x92,0x10,0x92,
	0x10,0x92,0x10,0x92,0x10,0x92,0x10,0x92,0x10,0x92,0x10,0x92,0x10,0x92,0x10,0x92,
	0x10,0x92,0x10,0x92,0x10,0x92,0x10,0x92,0x36,0x22,0x36,0x22,0x36,0x22,0x36,0x22,
	0x35,0x22,0x35,0x22,0x35,0x22,0x35,0x22,0x35,0x22,0x35,0x22,0x35,0x22,0x35,0x22,
	0x35,0x22,0x35,0x22,0x35,0x22,0x35,0x22,0x35,0x22,0x35,0x22,0x35,0x22,0x36,0x23,
	0x59,0xef,0x5a,0xf0,0x5a,0xf0,0x5a,0xf0,0x5a,0xf0,0x5a,0xf0,0x5a,0xf0,0x5a,0xf0,
	0x5a,0xf0,0x5a,0xf0,0x5a,0xf0,0x5a,0xf0,0x5a,0xf0,0x5a,0xf0,0x5a,0xf0,0x5a,0xf0,
	0x5a,0xf0,0x5a,0xf0,0x5a,0xf0,0x5a,0xf0,0x81,0x81,0x81,0x81,0x81,0x81,0x81,0x81,
	0x80,0x80,0x80,0x80,0x80,0x80,0x80,0x80,0x80,0x80,0x80,0x80,0x80,0x80,0x80,0x80,
	0x80,0x80,0x80,0x80,0x80,0x80,0x80,0x80,0x80,0x80,0x80,0x80,0x80,0x80,0x80,0x80,
	0x80,0x80,0x80,0x80,0x80,0x80,0x80,0x80,0x80,0x80,0x80,0x80,0x80,0x80,0x80,0x80,
	0x80,0x80,0x80,0x80,0x80,0x80,0x80,0x80,0x80,0x80,0x80,0x80,0x80,0x80,0x80,0x80,
	0x80,0x80,0x80,0x80,0x80,0x80,0x80,0x80,0xa6,0x0e,0xa6,0x10,0xa6,0x10,0xa6,0x10,
	0xa6,0x10,0xa6,0x10,0xa6,0x10,0xa6,0x10,0xa6,0x10,0xa6,0x10,0xa6,0x10,0xa6,0x10,
	0xa6,0x0f,0xa6,0x0f,0xa6,0x10,0xa6,0x10,0xa6,0x10,0xa6,0x10,0xa6,0x10,0xa6,0x10,
	0xca,0xde,0xca,0xde,0xca,0xde,0xca,0xde,0xca,0xde,0xca,0xde,0xca,0xde,0xca,0xde,
	0xca,0xde,0xca,0xde,0xca,0xde,0xca,0xde,0xca,0xde,0xca,0xde,0xca,0xde,0xca,0xde,
	0xca,0xde,0xca,0xde,0xca,0xde,0xca,0xde,0xf0,0x6e,0xf0,0x6e,0xf0,0x6e,0xf0,0x6e,
	0xf0,0x6e,0xf0,0x6e,0xf0,0x6e,0xf0,0x6e,0xf0,0x6e,0xf0,0x6e,0xf0,0x6e,0xf0,0x6e,
	0xf0,0x6e,0xf0,0x6e,0xf0,0x6e,0xf0,0x6e,0xf0,0x6e,0xf0,0x6e,0xf0,0x6e,0xef,0x6f,
	0x11,0x91,0x10,0x92,0x10,0x92,0x10,0x92,0x10,0x92,0x10,0x92,0x10,0x92,0x10,0x92,
	0x10,0x92,0x10,0x92,0x10,0x92,0x10,0x92,0x10,0x92,0x10,0x92,0x10,0x92,0x10,0x92,
	0x10,0x92,0x10,0x92,0x10,0x92,0x10,0x92,0x36,0x22,0x36,0x22,0x36,0x22,0x36,0x22,
	0x35,0x22,0x35,0x22,0x35,0x22,0x35,0x22,0x35,0x22,0x35,0x22,0x35,0x22,0x35,0x22,
	0x35,0x22,0x35,0x22,0x35,0x22,0x35,0x22,0x35,0x22,0x35,0x22,0x35,0x22,0x36,0x23,
	0x59,0xef,0x5a,0xf0,0x5a,0xf0,0x5a,0xf0,0x5a,0xf0,0x5a,0xf0,0x5a,0xf0,0x5a,0xf0,
	0x5a,0xf0,0x5a,0xf0,0x5a,0xf0,0x5a,0xf0,0x5a,0xf0,0x5a,0xf0,0x5a,0xf0,0x5a,0xf0,
	0x5a,0xf0,0x5a,0xf0,0x5a,0xf0,0x5a,0xf0,0x81,0x81,0x81,0x81,0x81,0x81,0x81,0x81,
	0x80,0x80,0x80,0x80,0x80,0x80,0x80,0x80,0x80,0x80,0x80,0x80,0x80,0x80,0x80,0x80,
	0x80,0x80,0x80,0x80,0x80,0x80,0x80,0x80,0x80,0x80,0x80,0x80,0x80,0x80,0x80,0x80,
	0x80,0x80,0x80,0x80,0x80,0x80,0x80,0x80,0x80,0x80,0x80,0x80,0x80,0x80,0x80,0x80,
	0x80,0x80,0x80,0x80,0x80,0x80,0x80,0x80,0x80,0x80,0x80,0x80,0x80,0x80,0x80,0x80,
	0x80,0x80,0x80,0x80,0x80,0x80,0x80,0x80,0xa6,0x10,0xa6,0x10,0xa6,0x10,0xa6,0x10,
	0xa6,0x10,0xa6,0x10,0xa6,0x10,0xa6,0x10,0xa6,0x10,0xa6,0x10,0xa6,0x10,0xa6,0x10,
	0xa6,0x0f,0xa6,0x0f,0xa6,0x10,0xa6,0x10,0xa6,0x10,0xa6,0x10,0xa6,0x10,0xa6,0x10,
	0xca,0xde,0xca,0xde,0xca,0xde,0xca,0xde,0xca,0xde,0xca,0xde,0xca,0xde,0xca,0xde,
	0xca,0xde,0xca,0xde,0xca,0xde,0xca,0xde,0xca,0xde,0xca,0xde,0xca,0xde,0xca,0xde,
	0xca,0xde,0xca,0xde,0xca,0xde,0xca,0xde,0xf0,0x6e,0xf0,0x6e,0xf0,0x6e,0xf0,0x6e,
	0xf0,0x6e,0xf0,0x6e,0xf0,0x6e,0xf0,0x6e,0xf0,0x6e,0xf0,0x6e,0xf0,0x6e,0xf0,0x6e,
	0xf0,0x6e,0xf0,0x6e,0xf0,0x6e,0xf0,0x6e,0xf0,0x6e,0xf0,0x6e,0xf0,0x6e,0xef,0x6f,
	0x11,0x91,0x10,0x92,0x10,0x92,0x10,0x92,0x10,0x92,0x10,0x92,0x10,0x92,0x10,0x92,
	0x10,0x92,0x10,0x92,0x10,0x92,0x10,0x92,0x10,0x92,0x10,0x92,0x10,0x92,0x10,0x92,
	0x10,0x92,0x10,0x92,0x10,0x92,0x10,0x92,0x36,0x22,0x36,0x22,0x36,0x22,0x36,0x22,
	0x35,0x22,0x35,0x22,0x35,0x22,0x35,0x22,0x35,0x22,0x35,0x22,0x35,0x22,0x35,0x22,
	0x35,0x22,0x35,0x22,0x35,0x22,0x35,0x22,0x35,0x22,0x35,0x22,0x35,0x22,0x36,0x23,
	0x59,0xef,0x5a,0xf0,0x5a,0xf0,0x5a,0xf0,0x5a,0xf0,0x5a,0xf0,0x5a,0xf0,0x5a,0xf0,
	0x5a,0xf0,0x5a,0xf0,0x5a,0xf0,0x5a,0xf0,0x5a,0xf0,0x5a,0xf0,0x5a,0xf0,0x5a,0xf0,
	0x5a,0xf0,0x5a,0xf0,0x5a,0xf0,0x5a,0xf0,0x81,0x81,0x81,0x81,0x81,0x81,0x81,0x81,
	0x80,0x80,0x80,0x80,0x80,0x80,0x80,0x80,0x80,0x80,0x80,0x80,0x80,0x80,0x80,0x80,
	0x80,0x80,0x80,0x80,0x80,0x80,0x80,0x80,0x80,0x80,0x80,0x80,0x80,0x80,0x80,0x80,
	0x80,0x80,0x80,0x80,0x80,0x80,0x80,0x80,0x80,0x80,0x80,0x80,0x80,0x80,0x80,0x80,
	0x80,0x80,0x80,0x80,0x80,0x80,0x80,0x80,0x80,0x80,0x80,0x80,0x80,0x80,0x80,0x80,
	0x80,0x80,0x80,0x80,0x80,0x80,0x80,0x80,0xa6,0x10,0xa6,0x10,0xa6,0x10,0xa6,0x10,
	0xa6,0x10,0xa6,0x10,0xa6,0x10,0xa6,0x10,0xa6,0x10,0xa6,0x10,0xa6,0x10,0xa6,0x10,
	0xa6,0x0f,0xa6,0x0f,0xa6,0x10,0xa6,0x10,0xa6,0x10,0xa6,0x10,0xa6,0x10,0xa6,0x10,
	0xca,0xde,0xca,0xde,0xca,0xde,0xca,0xde,0xca,0xde,0xca,0xde,0xca,0xde,0xca,0xde,
	0xca,0xde,0xca,0xde,0xca,0xde,0xca,0xde,0xca,0xde,0xca,0xde,0xca,0xde,0xca,0xde,
	0xca,0xde,0xca,0xde,0xca,0xde,0xca,0xde,0xf0,0x6e,0xf0,0x6e,0xf0,0x6e,0xf0,0x6e,
	0xf0,0x6e,0xf0,0x6e,0xf0,0x6e,0xf0,0x6e,0xf0,0x6e,0xf0,0x6e,0xf0,0x6e,0xf0,0x6e,
	0xf0,0x6e,0xf0,0x6e,0xf0,0x6e,0xf0,0x6e,0xf0,0x6e,0xf0,0x6e,0xf0,0x6e,0xef,0x6f,
	0x11,0x91,0x10,0x92,0x10,0x92,0x10,0x92,0x10,0x92,0x10,0x92,0x10,0x92,0x10,0x92,
	0x10,0x92,0x10,0x92,0x10,0x92,0x10,0x92,0x10,0x92,0x10,0x92,0x10,0x92,0x10,0x92,
	0x10,0x92,0x10,0x92,0x10,0x92,0x10,0x92,0x36,0x22,0x36,0x22,0x36,0x22,0x36,0x22,
	0x35,0x22,0x35,0x22,0x35,0x22,0x35,0x22,0x35,0x22,0x35,0x22,0x35,0x22,0x35,0x22,
	0x35,0x22,0x35,0x22,0x35,0x22,0x35,0x22,0x35,0x22,0x35,0x22,0x35,0x22,0x36,0x23,
	0x59,0xef,0x5a,0xf0,0x5a,0xf0,0x5a,0xf0,0x5a,0xf0,0x5a,0xf0,0x5a,0xf0,0x5a,0xf0,
	0x5a,0xf0,0x5a,0xf0,0x5a,0xf0,0x5a,0xf0,0x5a,0xf0,0x5a,0xf0,0x5a,0xf0,0x5a,0xf0,
	0x5a,0xf0,0x5a,0xf0,0x5a,0xf0,0x5a,0xf0,0x81,0x81,0x81,0x81,0x81,0x81,0x81,0x81,
	0x80,0x80,0x80,0x80,0x80,0x80,0x80,0x80,0x80,0x80,0x80,0x80,0x80,0x80,0x80,0x80,
	0x80,0x80,0x80,0x80,0x80,0x80,0x80,0x80,0x80,0x80,0x80,0x80,0x80,0x80,0x80,0x80,
	0x80,0x80,0x80,0x80,0x80,0x80,0x80,0x80,0x80,0x80,0x80,0x80,0x80,0x80,0x80,0x80,
	0x80,0x80,0x80,0x80,0x80,0x80,0x80,0x80,0x80,0x80,0x80,0x80,0x80,0x80,0x80,0x80,
	0x80,0x80,0x80,0x80,0x80,0x80,0x80,0x80,0xa6,0x10,0xa6,0x10,0xa6,0x10,0xa6,0x10,
	0xa6,0x10,0xa6,0x10,0xa6,0x10,0xa6,0x10,0xa6,0x10,0xa6,0x10,0xa6,0x10,0xa6,0x10,
	0xa6,0x0f,0xa6,0x0f,0xa6,0x10,0xa6,0x10,0xa6,0x10,0xa6,0x10,0xa6,0x10,0xa6,0x10,
	0xca,0xde,0xca,0xde,0xca,0xde,0xca,0xde,0xca,0xde,0xca,0xde,0xca,0xde,0xca,0xde,
	0xca,0xde,0xca,0xde,0xca,0xde,0xca,0xde,0xca,0xde,0xca,0xde,0xca,0xde,0xca,0xde,
	0xca,0xde,0xca,0xde,0xca,0xde,0xca,0xde,0xf0,0x6e,0xf0,0x6e,0xf0,0x6e,0xf0,0x6e,
	0xf0,0x6e,0xf0,0x6e,0xf0,0x6e,0xf0,0x6e,0xf0,0x6e,0xf0,0x6e,0xf0,0x6e,0xf0,0x6e,
	0xf0,0x6e,0xf0,0x6e,0xf0,0x6e,0xf0,0x6e,0xf0,0x6e,0xf0,0x6e,0xf0,0x6e,0xef,0x6f,
	0x11,0x91,0x10,0x92,0x10,0x92,0x10,0x92,0x10,0x92,0x10,0x92,0x10,0x92,0x10,0x92,
	0x10,0x92,0x10,0x92,0x10,0x92,0x10,0x92,0x10,0x92,0x10,0x92,0x10,0x92,0x10,0x92,
	0x10,0x92,0x10,0x92,0x10,0x92,0x10,0x92,0x36,0x22,0x36,0x22,0x36,0x22,0x36,0x22,
	0x35,0x22,0x35,0x22,0x35,0x22,0x35,0x22,0x35,0x22,0x35,0x22,0x35,0x22,0x35,0x22,
	0x35,0x22,0x35,0x22,0x35,0x22,0x35,0x22,0x35,0x22,0x35,0x22,0x35,0x22,0x36,0x23,
	0x59,0xef,0x5a,0xf0,0x5a,0xf0,0x5a,0xf0,0x5a,0xf0,0x5a,0xf0,0x5a,0xf0,0x5a,0xf0,
	0x5a,0xf0,0x5a,0xf0,0x5a,0xf0,0x5a,0xf0,0x5a,0xf0,0x5a,0xf0,0x5a,0xf0,0x5a,0xf0,
	0x5a,0xf0,0x5a,0xf0,0x5a,0xf0,0x5a,0xf0,0x81,0x81,0x81,0x81,0x81,0x81,0x81,0x81,
	0x80,0x80,0x80,0x80,0x80,0x80,0x80,0x80,0x80,0x80,0x80,0x80,0x80,0x80,0x80,0x80,
	0x80,0x80,0x80,0x80,0x80,0x80,0x80,0x80,0x80,0x80,0x80,0x80,0x80,0x80,0x80,0x80,
	0x80,0x80,0x80,0x80,0x80,0x80,0x80,0x80,0x80,0x80,0x80,0x80,0x80,0x80,0x80,0x80,
	0x80,0x80,0x80,0x80,0x80,0x80,0x80,0x80,0x80,0x80,0x80,0x80,0x80,0x80,0x80,0x80,
	0x80,0x80,0x80,0x80,0x80,0x80,0x80,0x80,0xa6,0x10,0xa6,0x10,0xa6,0x10,0xa6,0x10,
	0xa6,0x10,0xa6,0x10,0xa6,0x10,0xa6,0x10,0xa6,0x10,0xa6,0x10,0xa6,0x10,0xa6,0x10,
	0xa6,0x0f,0xa6,0x0f,0xa6,0x10,0xa6,0x10,0xa6,0x10,0xa6,0x10,0xa6,0x10,0xa6,0x10,
	0xca,0xde,0xca,0xde,0xca,0xde,0xca,0xde,0xca,0xde,0xca,0xde,0xca,0xde,0xca,0xde,
	0xca,0xde,0xca,0xde,0xca,0xde,0xca,0xde,0xca,0xde,0xca,0xde,0xca,0xde,0xca,0xde,
	0xca,0xde,0xca,0xde,0xca,0xde,0xca,0xde,0xf0,0x6e,0xf0,0x6e,0xf0,0x6e,0xf0,0x6e,
	0xf0,0x6e,0xf0,0x6e,0xf0,0x6e,0xf0,0x6e,0xf0,0x6e,0xf0,0x6e,0xf0,0x6e,0xf0,0x6e,
	0xf0,0x6e,0xf0,0x6e,0xf0,0x6e,0xf0,0x6e,0xf0,0x6e,0xf0,0x6e,0xf0,0x6e,0xef,0x6f,
	0x11,0x91,0x10,0x92,0x10,0x92,0x10,0x92,0x10,0x92,0x10,0x92,0x10,0x92,0x10,0x92,
	0x10,0x92,0x10,0x92,0x10,0x92,0x10,0x92,0x10,0x92,0x10,0x92,0x10,0x92,0x10,0x92,
	0x10,0x92,0x10,0x92,0x10,0x92,0x10,0x92,0x36,0x22,0x36,0x22,0x36,0x22,0x36,0x22,
	0x35,0x22,0x35,0x22,0x35,0x22,0x35,0x22,0x35,0x22,0x35,0x22,0x35,0x22,0x35,0x22,
	0x35,0x22,0x35,0x22,0x35,0x22,0x35,0x22,0x35,0x22,0x35,0x22,0x35,0x22,0x36,0x23,
	0x59,0xef,0x5a,0xf0,0x5a,0xf0,0x5a,0xf0,0x5a,0xf0,0x5a,0xf0,0x5a,0xf0,0x5a,0xf0,
	0x5a,0xf0,0x5a,0xf0,0x5a,0xf0,0x5a,0xf0,0x5a,0xf0,0x5a,0xf0,0x5a,0xf0,0x5a,0xf0,
	0x5a,0xf0,0x5a,0xf0,0x5a,0xf0,0x5a,0xf0,0x81,0x81,0x81,0x81,0x81,0x81,0x81,0x81,
	0x80,0x80,0x80,0x80,0x80,0x80,0x80,0x80,0x80,0x80,0x80,0x80,0x80,0x80,0x80,0x80,
	0x80,0x80,0x80,0x80,0x80,0x80,0x80,0x80,0x80,0x80,0x80,0x80,0x80,0x80,0x80,0x80,
	0x80,0x80,0x80,0x80,0x80,0x80,0x80,0x80,0x80,0x80,0x80,0x80,0x80,0x80,0x80,0x80,
	0x80,0x80,0x80,0x80,0x80,0x80,0x80,0x80,0x80,0x80,0x80,0x80,0x80,0x80,0x80,0x80,
	0x80,0x80,0x80,0x80,0x80,0x80,0x80,0x80,0xa6,0x10,0xa6,0x10,0xa6,0x10,0xa6,0x10,
	0xa6,0x10,0xa6,0x10,0xa6,0x10,0xa6,0x10,0xa6,0x10,0xa6,0x10,0xa6,0x10,0xa6,0x10,
	0xa6,0x0f,0xa6,0x0f,0xa6,0x10,0xa6,0x10,0xa6,0x10,0xa6,0x10,0xa6,0x10,0xa6,0x10,
	0xca,0xde,0xca,0xde,0xca,0xde,0xca,0xde,0xca,0xde,0xca,0xde,0xca,0xde,0xca,0xde,
	0xca,0xde,0xca,0xde,0xca,0xde,0xca,0xde,0xca,0xde,0xca,0xde,0xca,0xde,0xca,0xde,
	0xca,0xde,0xca,0xde,0xca,0xde,0xca,0xde,0xf0,0x6e,0xf0,0x6e,0xf0,0x6e,0xf0,0x6e,
	0xf0,0x6e,0xf0,0x6e,0xf0,0x6e,0xf0,0x6e,0xf0,0x6e,0xf0,0x6e,0xf0,0x6e,0xf0,0x6e,
	0xf0,0x6e,0xf0,0x6e,0xf0,0x6e,0xf0,0x6e,0xf0,0x6e,0xf0,0x6e,0xf0,0x6e,0xef,0x6f,
	0x11,0x91,0x10,0x92,0x10,0x92,0x10,0x92,0x10,0x92,0x10,0x92,0x10,0x92,0x10,0x92,
	0x10,0x92,0x10,0x92,0x10,0x92,0x10,0x92,0x10,0x92,0x10,0x92,0x10,0x92,0x10,0x92,
	0x10,0x92,0x10,0x92,0x10,0x92,0x10,0x92,0x36,0x22,0x36,0x22,0x36,0x22,0x36,0x22,
	0x35,0x22,0x35,0x22,0x35,0x22,0x35,0x22,0x35,0x22,0x35,0x22,0x35,0x22,0x35,0x22,
	0x35,0x22,0x35,0x22,0x35,0x22,0x35,0x22,0x35,0x22,0x35,0x22,0x35,0x22,0x36,0x23,
	0x59,0xef,0x5a,0xf0,0x5a,0xf0,0x5a,0xf0,0x5a,0xf0,0x5a,0xf0,0x5a,0xf0,0x5a,0xf0,
	0x5a,0xf0,0x5a,0xf0,0x5a,0xf0,0x5a,0xf0,0x5a,0xf0,0x5a,0xf0,0x5a,0xf0,0x5a,0xf0,
	0x5a,0xf0,0x5a,0xf0,0x5a,0xf0,0x5a,0xf0,0x81,0x81,0x81,0x81,0x81,0x81,0x81,0x81,
	0x80,0x80,0x80,0x80,0x80,0x80,0x80,0x80,0x80,0x80,0x80,0x80,0x80,0x80,0x80,0x80,
	0x80,0x80,0x80,0x80,0x80,0x80,0x80,0x80,0x80,0x80,0x80,0x80,0x80,0x80,0x80,0x80,
	0x80,0x80,0x80,0x80,0x80,0x80,0x80,0x80,0x80,0x80,0x80,0x80,0x80,0x80,0x80,0x80,
	0x80,0x80,0x80,0x80,0x80,0x80,0x80,0x80,0x80,0x80,0x80,0x80,0x80,0x80,0x80,0x80,
	0x80,0x80,0x80,0x80,0x80,0x80,0x80,0x80,0xa6,0x10,0xa6,0x10,0xa6,0x10,0xa6,0x10,
	0xa6,0x10,0xa6,0x10,0xa6,0x10,0xa6,0x10,0xa6,0x10,0xa6,0x10,0xa6,0x10,0xa6,0x10,
	0xa6,0x0f,0xa6,0x0f,0xa6,0x10,0xa6,0x10,0xa6,0x10,0xa6,0x10,0xa6,0x10,0xa6,0x10,
	0xca,0xde,0xca,0xde,0xca,0xde,0xca,0xde,0xca,0xde,0xca,0xde,0xca,0xde,0xca,0xde,
	0xca,0xde,0xca,0xde,0xca,0xde,0xca,0xde,0xca,0xde,0xca,0xde,0xca,0xde,0xca,0xde,
	0xca,0xde,0xca,0xde,0xca,0xde,0xca,0xde,0xf0,0x6e,0xf0,0x6e,0xf0,0x6e,0xf0,0x6e,
	0xf0,0x6e,0xf0,0x6e,0xf0,0x6e,0xf0,0x6e,0xf0,0x6e,0xf0,0x6e,0xf0,0x6e,0xf0,0x6e,
	0xf0,0x6e,0xf0,0x6e,0xf0,0x6e,0xf0,0x6e,0xf0,0x6e,0xf0,0x6e,0xf0,0x6e,0xef,0x6f,
	0x11,0x91,0x10,0x92,0x10,0x92,0x10,0x92,0x10,0x92,0x10,0x92,0x10,0x92,0x10,0x92,
	0x10,0x92,0x10,0x92,0x10,0x92,0x10,0x92,0x10,0x92,0x10,0x92,0x10,0x92,0x10,0x92,
	0x10,0x92,0x10,0x92,0x10,0x92,0x10,0x92,0x36,0x22,0x36,0x22,0x36,0x22,0x36,0x22,
	0x35,0x22,0x35,0x22,0x35,0x22,0x35,0x22,0x35,0x22,0x35,0x22,0x35,0x22,0x35,0x22,
	0x35,0x22,0x35,0x22,0x35,0x22,0x35,0x22,0x35,0x22,0x35,0x22,0x35,0x22,0x35,0x22,
	0x5a,0xf0,0x5a,0xf0,0x5a,0xf0,0x5a,0xf0,0x5a,0xf0,0x5a,0xf0,0x5a,0xf0,0x5a,0xf0,
	0x5a,0xf0,0x5a,0xf0,0x5a,0xf0,0x5a,0xf0,0x5a,0xf0,0x5a,0xf0,0x5a,0xf0,0x5a,0xf0,
	0x5a,0xf0,0x5a,0xf0,0x5a,0xf0,0x5a,0xf0,0x81,0x81,0x81,0x81,0x81,0x81,0x81,0x81,
	0x81,0x81,0x80,0x80,0x80,0x80,0x80,0x80,0x80,0x80,0x80,0x80,0x80,0x80,0x80,0x80,
	0x80,0x80,0x80,0x80,0x80,0x80,0x80,0x80,0x80,0x80,0x80,0x80,0x80,0x80,0x80,0x80,
	0x80,0x80,0x80,0x80,0x80,0x80,0x80,0x80,0x80,0x80,0x80,0x80,0x80,0x80,0x80,0x80,
	0x80,0x80,0x80,0x80,0x80,0x80,0x80,0x80,0x80,0x80,0x80,0x80,0x80,0x80,0x80,0x80,
	0x80,0x80,0x80,0x80,0x80,0x80,0x80,0x80,0xa6,0x10,0xa6,0x10,0xa6,0x10,0xa6,0x10,
	0xa6,0x10,0xa6,0x10,0xa6,0x10,0xa6,0x10,0xa6,0x10,0xa6,0x10,0xa6,0x10,0xa6,0x10,
	0xa6,0x0f,0xa6,0x0f,0xa6,0x10,0xa6,0x10,0xa6,0x10,0xa6,0x10,0xa6,0x10,0xa6,0x10,
	0xca,0xde,0xca,0xde,0xca,0xde,0xca,0xde,0xca,0xde,0xca,0xde,0xca,0xde,0xca,0xde,
	0xca,0xde,0xca,0xde,0xca,0xde,0xca,0xde,0xca,0xde,0xca,0xde,0xca,0xde,0xca,0xde,
	0xca,0xde,0xca,0xde,0xca,0xde,0xca,0xde,0xf0,0x6e,0xf0,0x6e,0xf0,0x6e,0xf0,0x6e,
	0xf0,0x6e,0xf0,0x6e,0xf0,0x6e,0xf0,0x6e,0xf0,0x6e,0xf0,0x6e,0xf0,0x6e,0xf0,0x6e,
	0xf0,0x6e,0xf0,0x6e,0xf0,0x6e,0xf0,0x6e,0xf0,0x6e,0xf0,0x6e,0xf0,0x6e,0xef,0x6f,
	0x11,0x91,0x10,0x92,0x10,0x92,0x10,0x92,0x10,0x92,0x10,0x92,0x10,0x92,0x10,0x92,
	0x10,0x92,0x10,0x92,0x10,0x92,0x10,0x92,0x10,0x92,0x10,0x92,0x10,0x92,0x10,0x92,
	0x10,0x92,0x10,0x92,0x10,0x92,0x10,0x92,0x36,0x22,0x36,0x22,0x36,0x22,0x36,0x22,
	0x35,0x22,0x35,0x22,0x35,0x22,0x35,0x22,0x35,0x22,0x35,0x22,0x35,0x22,0x35,0x22,
	0x35,0x22,0x35,0x22,0x35,0x22,0x35,0x22,0x35,0x22,0x35,0x22,0x35,0x22,0x35,0x22,
	0x5a,0xf0,0x5a,0xf0,0x5a,0xf0,0x5a,0xf0,0x5a,0xf0,0x5a,0xf0,0x5a,0xf0,0x5a,0xf0,
	0x5a,0xf0,0x5a,0xf0,0x5a,0xf0,0x5a,0xf0,0x5a,0xf0,0x5a,0xf0,0x5a,0xf0,0x5a,0xf0,
	0x5a,0xf0,0x5a,0xf0,0x5a,0xf0,0x5a,0xf0,0x81,0x81,0x81,0x81,0x81,0x81,0x81,0x81,
	0x81,0x81,0x80,0x80,0x80,0x80,0x80,0x80,0x80,0x80,0x80,0x80,0x80,0x80,0x80,0x80,
	0x80,0x80,0x80,0x80,0x80,0x80,0x80,0x80,0x80,0x80,0x80,0x80,0x80,0x80,0x80,0x80,
	0x80,0x80,0x80,0x80,0x80,0x80,0x80,0x80,0x80,0x80,0x80,0x80,0x80,0x80,0x80,0x80,
	0x80,0x80,0x80,0x80,0x80,0x80,0x80,0x80,0x80,0x80,0x80,0x80,0x80,0x80,0x80,0x80,
	0x80,0x80,0x80,0x80,0x80,0x80,0x80,0x80,0xa6,0x10,0xa6,0x10,0xa6,0x10,0xa6,0x10,
	0xa6,0x10,0xa6,0x10,0xa6,0x10,0xa6,0x10,0xa6,0x10,0xa6,0x10,0xa6,0x10,0xa6,0x10,
	0xa6,0x0f,0xa6,0x0f,0xa6,0x10,0xa6,0x10,0xa6,0x10,0xa6,0x10,0xa6,0x10,0xa6,0x10,
	0xca,0xde,0xca,0xde,0xca,0xde,0xca,0xde,0xca,0xde,0xca,0xde,0xca,0xde,0xca,0xde,
	0xca,0xde,0xca,0xde,0xca,0xde,0xca,0xde,0xca,0xde,0xca,0xde,0xca,0xde,0xca,0xde,
	0xca,0xde,0xca,0xde,0xca,0xde,0xca,0xde,0xf0,0x6e,0xf0,0x6e,0xf0,0x6e,0xf0,0x6e,
	0xf0,0x6e,0xf0,0x6e,0xf0,0x6e,0xf0,0x6e,0xf0,0x6e,0xf0,0x6e,0xf0,0x6e,0xf0,0x6e,
	0xf0,0x6e,0xf0,0x6e,0xf0,0x6e,0xf0,0x6e,0xf0,0x6e,0xf0,0x6e,0xf0,0x6e,0xef,0x6f,
	0x11,0x91,0x10,0x92,0x10,0x92,0x10,0x92,0x10,0x92,0x10,0x92,0x10,0x92,0x10,0x92,
	0x10,0x92,0x10,0x92,0x10,0x92,0x10,0x92,0x10,0x92,0x10,0x92,0x10,0x92,0x10,0x92,
	0x10,0x92,0x10,0x92,0x10,0x92,0x10,0x92,0x36,0x22,0x36,0x22,0x36,0x22,0x36,0x22,
	0x35,0x22,0x35,0x22,0x35,0x22,0x35,0x22,0x35,0x22,0x35,0x22,0x35,0x22,0x35,0x22,
	0x35,0x22,0x35,0x22,0x35,0x22,0x35,0x22,0x35,0x22,0x35,0x22,0x35,0x22,0x35,0x22,
	0x5a,0xf0,0x5a,0xf0,0x5a,0xf0,0x5a,0xf0,0x5a,0xf0,0x5a,0xf0,0x5a,0xf0,0x5a,0xf0,
	0x5a,0xf0,0x5a,0xf0,0x5a,0xf0,0x5a,0xf0,0x5a,0xf0,0x5a,0xf0,0x5a,0xf0,0x5a,0xf0,
	0x5a,0xf0,0x5a,0xf0,0x5a,0xf0,0x5a,0xf0,0x81,0x81,0x81,0x81,0x81,0x81,0x81,0x81,
	0x81,0x81,0x81,0x81,0x80,0x80,0x80,0x80,0x80,0x80,0x80,0x80,0x80,0x80,0x80,0x80,
	0x80,0x80,0x80,0x80,0x80,0x80,0x80,0x80,0x80,0x80,0x80,0x80,0x80,0x80,0x80,0x80,
	0x80,0x80,0x80,0x80,0x80,0x80,0x80,0x80,0x80,0x80,0x80,0x80,0x80,0x80,0x80,0x80,
	0x80,0x80,0x80,0x80,0x80,0x80,0x80,0x80,0x80,0x80,0x80,0x80,0x80,0x80,0x80,0x80,
	0x80,0x80,0x80,0x80,0x80,0x80,0x80,0x80,0xa6,0x10,0xa6,0x10,0xa6,0x10,0xa6,0x10,
	0xa6,0x10,0xa6,0x10,0xa6,0x10,0xa6,0x10,0xa6,0x10,0xa6,0x10,0xa6,0x10,0xa6,0x10,
	0xa6,0x0f,0xa6,0x0f,0xa6,0x10,0xa6,0x10,0xa6,0x10,0xa6,0x10,0xa6,0x10,0xa6,0x10,
	0xca,0xde,0xca,0xde,0xca,0xde,0xca,0xde,0xca,0xde,0xca,0xde,0xca,0xde,0xca,0xde,
	0xca,0xde,0xca,0xde,0xca,0xde,0xca,0xde,0xca,0xde,0xca,0xde,0xca,0xde,0xca,0xde,
	0xca,0xde,0xca,0xde,0xca,0xde,0xca,0xde,0xf0,0x6e,0xf0,0x6e,0xf0,0x6e,0xf0,0x6e,
	0xf0,0x6e,0xf0,0x6e,0xf0,0x6e,0xf0,0x6e,0xf0,0x6e,0xf0,0x6e,0xf0,0x6e,0xf0,0x6e,
	0xf0,0x6e,0xf0,0x6e,0xf0,0x6e,0xf0,0x6e,0xf0,0x6e,0xf0,0x6e,0xf0,0x6e,0xef,0x6f,
	0x11,0x91,0x10,0x92,0x10,0x92,0x10,0x92,0x10,0x92,0x10,0x92,0x10,0x92,0x10,0x92,
	0x10,0x92,0x10,0x92,0x10,0x92,0x10,0x92,0x10,0x92,0x10,0x92,0x10,0x92,0x10,0x92,
	0x10,0x92,0x10,0x92,0x10,0x92,0x10,0x92,0x36,0x22,0x36,0x22,0x36,0x22,0x36,0x22,
	0x35,0x22,0x35,0x22,0x35,0x22,0x35,0x22,0x35,0x22,0x35,0x22,0x35,0x22,0x35,0x22,
	0x35,0x22,0x35,0x22,0x35,0x22,0x35,0x22,0x35,0x22,0x35,0x22,0x35,0x22,0x35,0x22,
	0x5a,0xf0,0x5a,0xf0,0x5a,0xf0,0x5a,0xf0,0x5a,0xf0,0x5a,0xf0,0x5a,0xf0,0x5a,0xf0,
	0x5a,0xf0,0x5a,0xf0,0x5a,0xf0,0x5a,0xf0,0x5a,0xf0,0x5a,0xf0,0x5a,0xf0,0x5a,0xf0,
	0x5a,0xf0,0x5a,0xf0,0x5a,0xf0,0x5a,0xf0,0x81,0x81,0x81,0x81,0x81,0x81,0x81,0x81,
	0x81,0x81,0x81,0x81,0x80,0x80,0x80,0x80,0x80,0x80,0x80,0x80,0x80,0x80,0x80,0x80,
	0x80,0x80,0x80,0x80,0x80,0x80,0x80,0x80,0x80,0x80,0x80,0x80,0x80,0x80,0x80,0x80,
	0x80,0x80,0x80,0x80,0x80,0x80,0x80,0x80,0x80,0x80,0x80,0x80,0x80,0x80,0x80,0x80,
	0x80,0x80,0x80,0x80,0x80,0x80,0x80,0x80,0x80,0x80,0x80,0x80,0x80,0x80,0x80,0x80,
	0x80,0x80,0x80,0x80,0x80,0x80,0x80,0x80,0xa6,0x10,0xa6,0x10,0xa6,0x10,0xa6,0x10,
	0xa6,0x10,0xa6,0x10,0xa6,0x10,0xa6,0x10,0xa6,0x10,0xa6,0x10,0xa6,0x10,0xa6,0x10,
	0xa6,0x0f,0xa6,0x0f,0xa6,0x10,0xa6,0x10,0xa6,0x10,0xa6,0x10,0xa6,0x10,0xa6,0x10,
	0xca,0xde,0xca,0xde,0xca,0xde,0xca,0xde,0xca,0xde,0xca,0xde,0xca,0xde,0xca,0xde,
	0xca,0xde,0xca,0xde,0xca,0xde,0xca,0xde,0xca,0xde,0xca,0xde,0xca,0xde,0xca,0xde,
	0xca,0xde,0xca,0xde,0xca,0xde,0xca,0xde,0xf0,0x6e,0xf0,0x6e,0xf0,0x6e,0xf0,0x6e,
	0xf0,0x6e,0xf0,0x6e,0xf0,0x6e,0xf0,0x6e,0xf0,0x6e,0xf0,0x6e,0xf0,0x6e,0xf0,0x6e,
	0xf0,0x6e,0xf0,0x6e,0xf0,0x6e,0xf0,0x6e,0xf0,0x6e,0xf0,0x6e,0xf0,0x6e,0xef,0x6f,
	0x11,0x91,0x10,0x92,0x10,0x92,0x10,0x92,0x10,0x92,0x10,0x92,0x10,0x92,0x10,0x92,
	0x10,0x92,0x10,0x92,0x10,0x92,0x10,0x92,0x10,0x92,0x10,0x92,0x10,0x92,0x10,0x92,
	0x10,0x92,0x10,0x92,0x10,0x92,0x10,0x92,0x36,0x22,0x36,0x22,0x36,0x22,0x36,0x22,
	0x35,0x22,0x35,0x22,0x35,0x22,0x35,0x22,0x35,0x22,0x35,0x22,0x35,0x22,0x35,0x22,
	0x35,0x22,0x35,0x22,0x35,0x22,0x35,0x22,0x35,0x22,0x35,0x22,0x35,0x22,0x35,0x22,
	0x5a,0xf0,0x5a,0xf0,0x5a,0xf0,0x5a,0xf0,0x5a,0xf0,0x5a,0xf0,0x5a,0xf0,0x5a,0xf0,
	0x5a,0xf0,0x5a,0xf0,0x5a,0xf0,0x5a,0xf0,0x5a,0xf0,0x5a,0xf0,0x5a,0xf0,0x5a,0xf0,
	0x5a,0xf0,0x5a,0xf0,0x5a,0xf0,0x5a,0xf0,0x81,0x81,0x81,0x81,0x81,0x81,0x81,0x81,
	0x81,0x81,0x81,0x81,0x81,0x81,0x81,0x81,0x80,0x80,0x80,0x80,0x80,0x80,0x80,0x80,
	0x80,0x80,0x80,0x80,0x80,0x80,0x80,0x80,0x80,0x80,0x80,0x80,0x80,0x80,0x80,0x80,
	0x80,0x80,0x80,0x80,0x80,0x80,0x80,0x80,0x80,0x80,0x80,0x80,0x80,0x80,0x80,0x80,
	0x80,0x80,0x80,0x80,0x80,0x80,0x80,0x80,0x80,0x80,0x80,0x80,0x80,0x80,0x80,0x80,
	0x80,0x80,0x80,0x80,0x80,0x80,0x80,0x80,0xa6,0x10,0xa6,0x10,0xa6,0x10,0xa6,0x10,
	0xa6,0x10,0xa6,0x10,0xa6,0x10,0xa6,0x10,0xa6,0x10,0xa6,0x10,0xa6,0x10,0xa6,0x10,
	0xa6,0x0f,0xa6,0x0f,0xa6,0x10,0xa6,0x10,0xa6,0x10,0xa6,0x10,0xa6,0x10,0xa6,0x10,
	0xca,0xde,0xca,0xde,0xca,0xde,0xca,0xde,0xca,0xde,0xca,0xde,0xca,0xde,0xca,0xde,
	0xca,0xde,0xca,0xde,0xca,0xde,0xca,0xde,0xca,0xde,0xca,0xde,0xca,0xde,0xca,0xde,
	0xca,0xde,0xca,0xde,0xca,0xde,0xca,0xde,0xf0,0x6e,0xf0,0x6e,0xf0,0x6e,0xf0,0x6e,
	0xf0,0x6e,0xf0,0x6e,0xf0,0x6e,0xf0,0x6e,0xf0,0x6e,0xf0,0x6e,0xf0,0x6e,0xf0,0x6e,
	0xf0,0x6e,0xf0,0x6e,0xf0,0x6e,0xf0,0x6e,0xf0,0x6e,0xf0,0x6e,0xf0,0x6e,0xef,0x6f,
	0x11,0x91,0x10,0x92,0x10,0x92,0x10,0x92,0x10,0x92,0x10,0x92,0x10,0x92,0x10,0x92,
	0x10,0x92,0x10,0x92,0x10,0x92,0x10,0x92,0x10,0x92,0x10,0x92,0x10,0x92,0x10,0x92,
	0x10,0x92,0x10,0x92,0x10,0x92,0x10,0x92,0x36,0x22,0x36,0x22,0x36,0x22,0x36,0x22,
	0x35,0x22,0x35,0x22,0x35,0x22,0x35,0x22,0x35,0x22,0x35,0x22,0x35,0x22,0x35,0x22,
	0x35,0x22,0x35,0x22,0x35,0x22,0x35,0x22,0x35,0x22,0x35,0x22,0x35,0x22,0x35,0x22,
	0x5a,0xf0,0x5a,0xf0,0x5a,0xf0,0x5a,0xf0,0x5a,0xf0,0x5a,0xf0,0x5a,0xf0,0x5a,0xf0,
	0x5a,0xf0,0x5a,0xf0,0x5a,0xf0,0x5a,0xf0,0x5a,0xf0,0x5a,0xf0,0x5a,0xf0,0x5a,0xf0,
	0x5a,0xf0,0x5a,0xf0,0x5a,0xf0,0x5a,0xf0,0x81,0x81,0x81,0x81,0x81,0x81,0x81,0x81,
	0x81,0x81,0x81,0x81,0x81,0x81,0x81,0x81,0x80,0x80,0x80,0x80,0x80,0x80,0x80,0x80,
	0x80,0x80,0x80,0x80,0x80,0x80,0x80,0x80,0x80,0x80,0x80,0x80,0x80,0x80,0x80,0x80,
	0x80,0x80,0x80,0x80,0x80,0x80,0x80,0x80,0x80,0x80,0x80,0x80,0x80,0x80,0x80,0x80,
	0x80,0x80,0x80,0x80,0x80,0x80,0x80,0x80,0x80,0x80,0x80,0x80,0x80,0x80,0x80,0x80,
	0x80,0x80,0x80,0x80,0x80,0x80,0x80,0x80,0xa6,0x10,0xa6,0x10,0xa6,0x10,0xa6,0x10,
	0xa6,0x10,0xa6,0x10,0xa6,0x10,0xa6,0x10,0xa6,0x10,0xa6,0x10,0xa6,0x10,0xa6,0x10,
	0xa6,0x0f,0xa6,0x0f,0xa6,0x10,0xa6,0x10,0xa6,0x10,0xa6,0x10,0xa6,0x10,0xa6,0x10,
	0xca,0xde,0xca,0xde,0xca,0xde,0xca,0xde,0xca,0xde,0xca,0xde,0xca,0xde,0xca,0xde,
	0xca,0xde,0xca,0xde,0xca,0xde,0xca,0xde,0xca,0xde,0xca,0xde,0xca,0xde,0xca,0xde,
	0xca,0xde,0xca,0xde,0xca,0xde,0xca,0xde,0xf0,0x6e,0xf0,0x6e,0xf0,0x6e,0xf0,0x6e,
	0xf0,0x6e,0xf0,0x6e,0xf0,0x6e,0xf0,0x6e,0xf0,0x6e,0xf0,0x6e,0xf0,0x6e,0xf0,0x6e,
	0xf0,0x6e,0xf0,0x6e,0xf0,0x6e,0xf0,0x6e,0xf0,0x6e,0xf0,0x6e,0xf0,0x6e,0xef,0x6f,
	0x11,0x91,0x10,0x92,0x10,0x92,0x10,0x92,0x10,0x92,0x10,0x92,0x10,0x92,0x10,0x92,
	0x10,0x92,0x10,0x92,0x10,0x92,0x10,0x92,0x10,0x92,0x10,0x92,0x10,0x92,0x10,0x92,
	0x10,0x92,0x10,0x92,0x10,0x92,0x10,0x92,0x36,0x22,0x36,0x22,0x36,0x22,0x36,0x22,
	0x35,0x22,0x35,0x22,0x35,0x22,0x35,0x22,0x35,0x22,0x35,0x22,0x35,0x22,0x35,0x22,
	0x35,0x22,0x35,0x22,0x35,0x22,0x35,0x22,0x35,0x22,0x35,0x22,0x35,0x22,0x35,0x22,
	0x5a,0xf0,0x5a,0xf0,0x5a,0xf0,0x5a,0xf0,0x5a,0xf0,0x5a,0xf0,0x5a,0xf0,0x5a,0xf0,
	0x5a,0xf0,0x5a,0xf0,0x5a,0xf0,0x5a,0xf0,0x5a,0xf0,0x5a,0xf0,0x5a,0xf0,0x5a,0xf0,
	0x5a,0xf0,0x5a,0xf0,0x5a,0xf0,0x5a,0xf0,0x81,0x81,0x81,0x81,0x81,0x81,0x81,0x81,
	0x81,0x81,0x81,0x81,0x81,0x81,0x81,0x81,0x80,0x80,0x80,0x80,0x80,0x80,0x80,0x80,
	0x80,0x80,0x80,0x80,0x80,0x80,0x80,0x80,0x80,0x80,0x80,0x80,0x80,0x80,0x80,0x80,
	0x80,0x80,0x80,0x80,0x80,0x80,0x80,0x80,0x80,0x80,0x80,0x80,0x80,0x80,0x80,0x80,
	0x80,0x80,0x80,0x80,0x80,0x80,0x80,0x80,0x80,0x80,0x80,0x80,0x80,0x80,0x80,0x80,
	0x80,0x80,0x80,0x80,0x80,0x80,0x80,0x80,0xa6,0x10,0xa6,0x10,0xa6,0x10,0xa6,0x10,
	0xa6,0x10,0xa6,0x10,0xa6,0x10,0xa6,0x10,0xa6,0x10,0xa6,0x10,0xa6,0x10,0xa6,0x10,
	0xa6,0x0f,0xa6,0x0f,0xa6,0x10,0xa6,0x10,0xa6,0x10,0xa6,0x10,0xa6,0x10,0xa6,0x10,
	0xca,0xde,0xca,0xde,0xca,0xde,0xca,0xde,0xca,0xde,0xca,0xde,0xca,0xde,0xca,0xde,
	0xca,0xde,0xca,0xde,0xca,0xde,0xca,0xde,0xca,0xde,0xca,0xde,0xca,0xde,0xca,0xde,
	0xca,0xde,0xca,0xde,0xca,0xde,0xca,0xde,0xf0,0x6e,0xf0,0x6e,0xf0,0x6e,0xf0,0x6e,
	0xf0,0x6e,0xf0,0x6e,0xf0,0x6e,0xf0,0x6e,0xf0,0x6e,0xf0,0x6e,0xf0,0x6e,0xf0,0x6e,
	0xf0,0x6e,0xf0,0x6e,0xf0,0x6e,0xf0,0x6e,0xf0,0x6e,0xf0,0x6e,0xf0,0x6e,0xef,0x6f,
	0x11,0x91,0x10,0x92,0x10,0x92,0x10,0x92,0x10,0x92,0x10,0x92,0x10,0x92,0x10,0x92,
	0x10,0x92,0x10,0x92,0x10,0x92,0x10,0x92,0x10,0x92,0x10,0x92,0x10,0x92,0x10,0x92,
	0x10,0x92,0x10,0x92,0x10,0x92,0x10,0x92,0x36,0x22,0x36,0x22,0x36,0x22,0x36,0x22,
	0x35,0x22,0x35,0x22,0x35,0x22,0x35,0x22,0x35,0x22,0x35,0x22,0x35,0x22,0x35,0x22,
	0x35,0x22,0x35,0x22,0x35,0x22,0x35,0x22,0x35,0x22,0x35,0x22,0x35,0x22,0x35,0x22,
	0x5a,0xf0,0x5a,0xf0,0x5a,0xf0,0x5a,0xf0,0x5a,0xf0,0x5a,0xf0,0x5a,0xf0,0x5a,0xf0,
	0x5a,0xf0,0x5a,0xf0,0x5a,0xf0,0x5a,0xf0,0x5a,0xf0,0x5a,0xf0,0x5a,0xf0,0x5a,0xf0,
	0x5a,0xf0,0x5a,0xf0,0x5a,0xf0,0x5a,0xf0,0x81,0x81,0x81,0x81,0x81,0x81,0x81,0x81,
	0x81,0x81,0x81,0x81,0x81,0x81,0x81,0x81,0x80,0x80,0x80,0x80,0x80,0x80,0x80,0x80,
	0x80,0x80,0x80,0x80,0x80,0x80,0x80,0x80,0x80,0x80,0x80,0x80,0x80,0x80,0x80,0x80,
	0x80,0x80,0x80,0x80,0x80,0x80,0x80,0x80,0x80,0x80,0x80,0x80,0x80,0x80,0x80,0x80,
	0x80,0x80,0x80,0x80,0x80,0x80,0x80,0x80,0x80,0x80,0x80,0x80,0x80,0x80,0x80,0x80,
	0x80,0x80,0x80,0x80,0x80,0x80,0x80,0x80,0xa6,0x10,0xa6,0x10,0xa6,0x10,0xa6,0x10,
	0xa6,0x10,0xa6,0x10,0xa6,0x10,0xa6,0x10,0xa6,0x10,0xa6,0x10,0xa6,0x10,0xa6,0x10,
	0xa6,0x0f,0xa6,0x0f,0xa6,0x10,0xa6,0x10,0xa6,0x10,0xa6,0x10,0xa6,0x10,0xa6,0x10,
	0xca,0xde,0xca,0xde,0xca,0xde,0xca,0xde,0xca,0xde,0xca,0xde,0xca,0xde,0xca,0xde,
	0xca,0xde,0xca,0xde,0xca,0xde,0xca,0xde,0xca,0xde,0xca,0xde,0xca,0xde,0xca,0xde,
	0xca,0xde,0xca,0xde,0xca,0xde,0xca,0xde,0xf0,0x6e,0xf0,0x6e,0xf0,0x6e,0xf0,0x6e,
	0xf0,0x6e,0xf0,0x6e,0xf0,0x6e,0xf0,0x6e,0xf0,0x6e,0xf0,0x6e,0xf0,0x6e,0xf0,0x6e,
	0xf0,0x6e,0xf0,0x6e,0xf0,0x6e,0xf0,0x6e,0xf0,0x6e,0xf0,0x6e,0xf0,0x6e,0xef,0x6f,
	0x11,0x91,0x10,0x92,0x10,0x92,0x10,0x92,0x10,0x92,0x10,0x92,0x10,0x92,0x10,0x92,
	0x10,0x92,0x10,0x92,0x10,0x92,0x10,0x92,0x10,0x92,0x10,0x92,0x10,0x92,0x10,0x92,
	0x10,0x92,0x10,0x92,0x10,0x92,0x10,0x92,0x36,0x22,0x36,0x22,0x36,0x22,0x36,0x22,
	0x35,0x22,0x35,0x22,0x35,0x22,0x35,0x22,0x35,0x22,0x35,0x22,0x35,0x22,0x35,0x22,
	0x35,0x22,0x35,0x22,0x35,0x22,0x35,0x22,0x35,0x22,0x35,0x22,0x35,0x22,0x35,0x22,
	0x5a,0xf0,0x5a,0xf0,0x5a,0xf0,0x5a,0xf0,0x5a,0xf0,0x5a,0xf0,0x5a,0xf0,0x5a,0xf0,
	0x5a,0xf0,0x5a,0xf0,0x5a,0xf0,0x5a,0xf0,0x5a,0xf0,0x5a,0xf0,0x5a,0xf0,0x5a,0xf0,
	0x5a,0xf0,0x5a,0xf0,0x5a,0xf0,0x5a,0xf0,0x81,0x81,0x81,0x81,0x81,0x81,0x81,0x81,
	0x81,0x81,0x81,0x81,0x81,0x81,0x81,0x81,0x80,0x80,0x80,0x80,0x80,0x80,0x80,0x80,
	0x80,0x80,0x80,0x80,0x80,0x80,0x80,0x80,0x80,0x80,0x80,0x80,0x80,0x80,0x80,0x80,
	0x80,0x80,0x80,0x80,0x80,0x80,0x80,0x80,0x80,0x80,0x80,0x80,0x80,0x80,0x80,0x80,
	0x80,0x80,0x80,0x80,0x80,0x80,0x80,0x80,0x80,0x80,0x80,0x80,0x80,0x80,0x80,0x80,
	0x80,0x80,0x80,0x80,0x80,0x80,0x80,0x80,0xa6,0x10,0xa6,0x10,0xa6,0x10,0xa6,0x10,
	0xa6,0x10,0xa6,0x10,0xa6,0x10,0xa6,0x10,0xa6,0x10,0xa6,0x10,0xa6,0x10,0xa6,0x10,
	0xa6,0x0f,0xa6,0x0f,0xa6,0x10,0xa6,0x10,0xa6,0x10,0xa6,0x10,0xa6,0x10,0xa6,0x10,
	0xca,0xde,0xca,0xde,0xca,0xde,0xca,0xde,0xca,0xde,0xca,0xde,0xca,0xde,0xca,0xde,
	0xca,0xde,0xca,0xde,0xca,0xde,0xca,0xde,0xca,0xde,0xca,0xde,0xca,0xde,0xca,0xde,
	0xca,0xde,0xca,0xde,0xca,0xde,0xca,0xde,0xf0,0x6e,0xf0,0x6e,0xf0,0x6e,0xf0,0x6e,
	0xf0,0x6e,0xf0,0x6e,0xf0,0x6e,0xf0,0x6e,0xf0,0x6e,0xf0,0x6e,0xf0,0x6e,0xf0,0x6e,
	0xf0,0x6e,0xf0,0x6e,0xf0,0x6e,0xf0,0x6e,0xf0,0x6e,0xf0,0x6e,0xf0,0x6e,0xef,0x6f,
	0x11,0x91,0x10,0x92,0x10,0x92,0x10,0x92,0x10,0x92,0x10,0x92,0x10,0x92,0x10,0x92,
	0x10,0x92,0x10,0x92,0x10,0x92,0x10,0x92,0x10,0x92,0x10,0x92,0x10,0x92,0x10,0x92,
	0x10,0x92,0x10,0x92,0x10,0x92,0x10,0x92,0x36,0x22,0x36,0x22,0x36,0x22,0x36,0x22,
	0x35,0x22,0x35,0x22,0x35,0x22,0x35,0x22,0x35,0x22,0x35,0x22,0x35,0x22,0x35,0x22,
	0x35,0x22,0x35,0x22,0x35,0x22,0x35,0x22,0x35,0x22,0x35,0x22,0x35,0x22,0x35,0x22,
	0x5a,0xf0,0x5a,0xf0,0x5a,0xf0,0x5a,0xf0,0x5a,0xf0,0x5a,0xf0,0x5a,0xf0,0x5a,0xf0,
	0x5a,0xf0,0x5a,0xf0,0x5a,0xf0,0x5a,0xf0,0x5a,0xf0,0x5a,0xf0,0x5a,0xf0,0x5a,0xf0,
	0x5a,0xf0,0x5a,0xf0,0x5a,0xf0,0x5a,0xf0,0x81,0x81,0x81,0x81,0x81,0x81,0x81,0x81,
	0x81,0x81,0x81,0x81,0x81,0x81,0x81,0x81,0x80,0x80,0x80,0x80,0x80,0x80,0x80,0x80,
	0x80,0x80,0x80,0x80,0x80,0x80,0x80,0x80,0x80,0x80,0x80,0x80,0x80,0x80,0x80,0x80,
	0x80,0x80,0x80,0x80,0x80,0x80,0x80,0x80,0x80,0x80,0x80,0x80,0x80,0x80,0x80,0x80,
	0x80,0x80,0x80,0x80,0x80,0x80,0x80,0x80,0x80,0x80,0x80,0x80,0x80,0x80,0x80,0x80,
	0x80,0x80,0x80,0x80,0x80,0x80,0x80,0x80,0xa6,0x10,0xa6,0x10,0xa6,0x10,0xa6,0x10,
	0xa6,0x10,0xa6,0x10,0xa6,0x10,0xa6,0x10,0xa6,0x10,0xa6,0x10,0xa6,0x10,0xa6,0x10,
	0xa6,0x0f,0xa6,0x0f,0xa6,0x10,0xa6,0x10,0xa6,0x10,0xa6,0x10,0xa6,0x10,0xa6,0x10,
	0xca,0xde,0xca,0xde,0xca,0xde,0xca,0xde,0xca,0xde,0xca,0xde,0xca,0xde,0xca,0xde,
	0xca,0xde,0xca,0xde,0xca,0xde,0xca,0xde,0xca,0xde,0xca,0xde,0xca,0xde,0xca,0xde,
	0xca,0xde,0xca,0xde,0xca,0xde,0xca,0xde,0xf0,0x6e,0xf0,0x6e,0xf0,0x6e,0xf0,0x6e,
	0xf0,0x6e,0xf0,0x6e,0xf0,0x6e,0xf0,0x6e,0xf0,0x6e,0xf0,0x6e,0xf0,0x6e,0xf0,0x6e,
	0xf0,0x6e,0xf0,0x6e,0xf0,0x6e,0xf0,0x6e,0xf0,0x6e,0xf0,0x6e,0xf0,0x6e,0xef,0x6f,
	0x11,0x91,0x10,0x92,0x10,0x92,0x10,0x92,0x10,0x92,0x10,0x92,0x10,0x92,0x10,0x92,
	0x10,0x92,0x10,0x92,0x10,0x92,0x10,0x92,0x10,0x92,0x10,0x92,0x10,0x92,0x10,0x92,
	0x10,0x92,0x10,0x92,0x10,0x92,0x10,0x92,0x36,0x22,0x36,0x22,0x36,0x22,0x36,0x22,
	0x35,0x22,0x35,0x22,0x35,0x22,0x35,0x22,0x35,0x22,0x35,0x22,0x35,0x22,0x35,0x22,
	0x35,0x22,0x35,0x22,0x35,0x22,0x35,0x22,0x35,0x22,0x35,0x22,0x35,0x22,0x35,0x22,
	0x5a,0xf0,0x5a,0xf0,0x5a,0xf0,0x5a,0xf0,0x5a,0xf0,0x5a,0xf0,0x5a,0xf0,0x5a,0xf0,
	0x5a,0xf0,0x5a,0xf0,0x5a,0xf0,0x5a,0xf0,0x5a,0xf0,0x5a,0xf0,0x5a,0xf0,0x5a,0xf0,
	0x5a,0xf0,0x5a,0xf0,0x5a,0xf0,0x5a,0xf0,0x81,0x81,0x81,0x81,0x81,0x81,0x81,0x81,
	0x81,0x81,0x81,0x81,0x81,0x81,0x81,0x81,0x80,0x80,0x80,0x80,0x80,0x80,0x80,0x80,
	0x80,0x80,0x80,0x80,0x80,0x80,0x80,0x80,0x80,0x80,0x80,0x80,0x80,0x80,0x80,0x80,
	0x80,0x80,0x80,0x80,0x80,0x80,0x80,0x80,0x80,0x80,0x80,0x80,0x80,0x80,0x80,0x80,
	0x80,0x80,0x80,0x80,0x80,0x80,0x80,0x80,0x80,0x80,0x80,0x80,0x80,0x80,0x80,0x80,
	0x80,0x80,0x80,0x80,0x80,0x80,0x80,0x80,0xa6,0x10,0xa6,0x10,0xa6,0x10,0xa6,0x10,
	0xa6,0x10,0xa6,0x10,0xa6,0x10,0xa6,0x10,0xa6,0x10,0xa6,0x10,0xa6,0x10,0xa6,0x10,
	0xa6,0x0f,0xa6,0x0f,0xa6,0x10,0xa6,0x10,0xa6,0x10,0xa6,0x10,0xa6,0x10,0xa6,0x10,
	0xca,0xde,0xca,0xde,0xca,0xde,0xca,0xde,0xca,0xde,0xca,0xde,0xca,0xde,0xca,0xde,
	0xca,0xde,0xca,0xde,0xca,0xde,0xca,0xde,0xca,0xde,0xca,0xde,0xca,0xde,0xca,0xde,
	0xca,0xde,0xca,0xde,0xca,0xde,0xca,0xde,0xf0,0x6e,0xf0,0x6e,0xf0,0x6e,0xf0,0x6e,
	0xf0,0x6e,0xf0,0x6e,0xf0,0x6e,0xf0,0x6e,0xf0,0x6e,0xf0,0x6e,0xf0,0x6e,0xf0,0x6e,
	0xf0,0x6e,0xf0,0x6e,0xf0,0x6e,0xf0,0x6e,0xf0,0x6e,0xf0,0x6e,0xf0,0x6e,0xef,0x6f,
	0x11,0x91,0x10,0x92,0x10,0x92,0x10,0x92,0x10,0x92,0x10,0x92,0x10,0x92,0x10,0x92,
	0x10,0x92,0x10,0x92,0x10,0x92,0x10,0x92,0x10,0x92,0x10,0x92,0x10,0x92,0x10,0x92,
	0x10,0x92,0x10,0x92,0x10,0x92,0x10,0x92,0x36,0x22,0x36,0x22,0x36,0x22,0x36,0x22,
	0x35,0x22,0x35,0x22,0x35,0x22,0x35,0x22,0x35,0x22,0x35,0x22,0x35,0x22,0x35,0x22,
	0x35,0x22,0x35,0x22,0x35,0x22,0x35,0x22,0x35,0x22,0x35,0x22,0x35,0x22,0x35,0x22,
	0x5a,0xf0,0x5a,0xf0,0x5a,0xf0,0x5a,0xf0,0x5a,0xf0,0x5a,0xf0,0x5a,0xf0,0x5a,0xf0,
	0x5a,0xf0,0x5a,0xf0,0x5a,0xf0,0x5a,0xf0,0x5a,0xf0,0x5a,0xf0,0x5a,0xf0,0x5a,0xf0,
	0x5a,0xf0,0x5a,0xf0,0x5a,0xf0,0x5a,0xf0,0x81,0x81,0x81,0x81,0x81,0x81,0x81,0x81,
	0x81,0x81,0x81,0x81,0x81,0x81,0x81,0x81,0x80,0x80,0x80,0x80,0x80,0x80,0x80,0x80,
	0x80,0x80,0x80,0x80,0x80,0x80,0x80,0x80,0x80,0x80,0x80,0x80,0x80,0x80,0x80,0x80,
	0x80,0x80,0x80,0x80,0x80,0x80,0x80,0x80,0x80,0x80,0x80,0x80,0x80,0x80,0x80,0x80,
	0x80,0x80,0x80,0x80,0x80,0x80,0x80,0x80,0x80,0x80,0x80,0x80,0x80,0x80,0x80,0x80,
	0x80,0x80,0x80,0x80,0x80,0x80,0x80,0x80,0xa6,0x10,0xa6,0x10,0xa6,0x10,0xa6,0x10,
	0xa6,0x10,0xa6,0x10,0xa6,0x10,0xa6,0x10,0xa6,0x10,0xa6,0x10,0xa6,0x10,0xa6,0x10,
	0xa6,0x0f,0xa6,0x0f,0xa6,0x10,0xa6,0x10,0xa6,0x10,0xa6,0x10,0xa6,0x10,0xa6,0x10,
	0xca,0xde,0xca,0xde,0xca,0xde,0xca,0xde,0xca,0xde,0xca,0xde,0xca,0xde,0xca,0xde,
	0xca,0xde,0xca,0xde,0xca,0xde,0xca,0xde,0xca,0xde,0xca,0xde,0xca,0xde,0xca,0xde,
	0xca,0xde,0xca,0xde,0xca,0xde,0xca,0xde,0xf0,0x6e,0xf0,0x6e,0xf0,0x6e,0xf0,0x6e,
	0xf0,0x6e,0xf0,0x6e,0xf0,0x6e,0xf0,0x6e,0xf0,0x6e,0xf0,0x6e,0xf0,0x6e,0xf0,0x6e,
	0xf0,0x6e,0xf0,0x6e,0xf0,0x6e,0xf0,0x6e,0xf0,0x6e,0xf0,0x6e,0xf0,0x6e,0xef,0x6f,
	0x11,0x91,0x10,0x92,0x10,0x92,0x10,0x92,0x10,0x92,0x10,0x92,0x10,0x92,0x10,0x92,
	0x10,0x92,0x10,0x92,0x10,0x92,0x10,0x92,0x10,0x92,0x10,0x92,0x10,0x92,0x10,0x92,
	0x10,0x92,0x10,0x92,0x10,0x92,0x10,0x92,0x36,0x22,0x36,0x22,0x36,0x22,0x36,0x22,
	0x35,0x22,0x35,0x22,0x35,0x22,0x35,0x22,0x35,0x22,0x35,0x22,0x35,0x22,0x35,0x22,
	0x35,0x22,0x35,0x22,0x35,0x22,0x35,0x22,0x35,0x22,0x35,0x22,0x35,0x22,0x35,0x22,
	0x5a,0xf0,0x5a,0xf0,0x5a,0xf0,0x5a,0xf0,0x5a,0xf0,0x5a,0xf0,0x5a,0xf0,0x5a,0xef,
	0x5b,0xee,0x5b,0xed,0x5b,0xed,0x5b,0xed,0x5b,0xed,0x5b,0xed,0x5b,0xed,0x5b,0xed,
	0x5b,0xed,0x5b,0xed,0x5b,0xed,0x5b,0xed,0x81,0x81,0x81,0x81,0x81,0x81,0x81,0x81,
	0x81,0x81,0x81,0x81,0x81,0x81,0x81,0x81,0x80,0x80,0x80,0x80,0x80,0x80,0x80,0x80,
	0x80,0x80,0x80,0x80,0x80,0x80,0x80,0x80,0x80,0x80,0x80,0x80,0x80,0x80,0x80,0x80,
	0x80,0x80,0x80,0x80,0x80,0x80,0x80,0x80,0x80,0x80,0x80,0x80,0x80,0x80,0x80,0x80,
	0x80,0x80,0x80,0x80,0x80,0x80,0x80,0x80,0x80,0x80,0x80,0x80,0x80,0x80,0x80,0x80,
	0x80,0x80,0x80,0x80,0x80,0x80,0x80,0x80,0xa6,0x10,0xa6,0x10,0xa6,0x10,0xa6,0x10,
	0xa6,0x10,0xa6,0x10,0xa6,0x10,0xa6,0x10,0xa6,0x10,0xa6,0x10,0xa6,0x10,0xa6,0x10,
	0xa6,0x0f,0xa6,0x0f,0xa6,0x10,0xa6,0x10,0xa6,0x10,0xa6,0x10,0xa6,0x10,0xa6,0x10,
	0xca,0xde,0xca,0xde,0xca,0xde,0xca,0xde,0xca,0xde,0xca,0xde,0xca,0xde,0xca,0xde,
	0xca,0xde,0xca,0xde,0xca,0xde,0xca,0xde,0xca,0xde,0xca,0xde,0xca,0xde,0xca,0xde,
	0xca,0xde,0xca,0xde,0xca,0xde,0xca,0xde,0xf0,0x6e,0xf0,0x6e,0xf0,0x6e,0xf0,0x6e,
	0xf0,0x6e,0xf0,0x6e,0xf0,0x6e,0xf0,0x6e,0xf0,0x6e,0xf0,0x6e,0xf0,0x6e,0xf0,0x6e,
	0xf0,0x6e,0xf0,0x6e,0xf0,0x6e,0xf0,0x6e,0xf0,0x6e,0xf0,0x6e,0xf0,0x6e,0xef,0x6f,
	0x11,0x91,0x10,0x92,0x10,0x92,0x10,0x92,0x10,0x92,0x10,0x92,0x10,0x92,0x10,0x92,
	0x10,0x92,0x10,0x92,0x10,0x92,0x10,0x92,0x10,0x92,0x10,0x92,0x10,0x92,0x10,0x92,
	0x10,0x92,0x10,0x92,0x10,0x92,0x10,0x92,0x36,0x22,0x36,0x22,0x36,0x22,0x36,0x22,
	0x35,0x22,0x35,0x22,0x35,0x22,0x35,0x22,0x35,0x22,0x35,0x22,0x35,0x22,0x35,0x22,
	0x35,0x22,0x35,0x22,0x35,0x22,0x35,0x22,0x35,0x22,0x35,0x22,0x35,0x22,0x35,0x22,
	0x5a,0xf0,0x5a,0xf0,0x5a,0xf0,0x5a,0xf0,0x5a,0xf0,0x5a,0xf0,0x5a,0xf0,0x59,0xf1,
	0x58,0xf1,0x57,0xf2,0x57,0xf2,0x57,0xf2,0x57,0xf2,0x57,0xf2,0x57,0xf2,0x57,0xf2,
	0x57,0xf2,0x57,0xf2,0x57,0xf2,0x57,0xf2,0x81,0x81,0x81,0x81,0x81,0x81,0x81,0x81,
	0x81,0x81,0x81,0x81,0x81,0x81,0x81,0x81,0x80,0x80,0x80,0x80,0x80,0x80,0x80,0x80,
	0x80,0x80,0x80,0x80,0x80,0x80,0x80,0x80,0x80,0x80,0x80,0x80,0x80,0x80,0x80,0x80,
	0x80,0x80,0x80,0x80,0x80,0x80,0x80,0x80,0x80,0x80,0x80,0x80,0x80,0x80,0x80,0x80,
	0x80,0x80,0x80,0x80,0x80,0x80,0x80,0x80,0x80,0x80,0x80,0x80,0x80,0x80,0x80,0x80,
	0x80,0x80,0x80,0x80,0x80,0x80,0x80,0x80,0xa6,0x10,0xa6,0x10,0xa6,0x10,0xa6,0x10,
	0xa6,0x10,0xa6,0x10,0xa6,0x10,0xa6,0x10,0xa6,0x10,0xa6,0x10,0xa6,0x10,0xa6,0x10,
	0xa6,0x0f,0xa6,0x0f,0xa6,0x10,0xa6,0x10,0xa6,0x10,0xa6,0x10,0xa6,0x10,0xa6,0x10,
	0xca,0xde,0xca,0xde,0xca,0xde,0xca,0xde,0xca,0xde,0xca,0xde,0xca,0xde,0xca,0xde,
	0xca,0xde,0xca,0xde,0xca,0xde,0xca,0xde,0xca,0xde,0xca,0xde,0xca,0xde,0xca,0xde,
	0xca,0xde,0xca,0xde,0xca,0xde,0xca,0xde,0xf0,0x6e,0xf0,0x6e,0xf0,0x6e,0xf0,0x6e,
	0xf0,0x6e,0xf0,0x6e,0xf0,0x6e,0xf0,0x6e,0xf0,0x6e,0xf0,0x6e,0xf0,0x6e,0xf0,0x6e,
	0xf0,0x6e,0xf0,0x6e,0xf0,0x6e,0xf0,0x6e,0xf0,0x6e,0xf0,0x6e,0xf0,0x6e,0xef,0x6f,
	0x11,0x91,0x10,0x92,0x10,0x92,0x10,0x92,0x10,0x92,0x10,0x92,0x10,0x92,0x10,0x92,
	0x10,0x92,0x10,0x92,0x10,0x92,0x10,0x92,0x10,0x92,0x10,0x92,0x10,0x92,0x10,0x92,
	0x10,0x92,0x10,0x92,0x10,0x92,0x10,0x92,0x36,0x22,0x36,0x22,0x36,0x22,0x36,0x22,
	0x35,0x22,0x35,0x22,0x35,0x22,0x35,0x22,0x35,0x22,0x35,0x22,0x35,0x22,0x35,0x22,
	0x35,0x22,0x35,0x22,0x35,0x22,0x35,0x22,0x35,0x22,0x35,0x22,0x35,0x22,0x35,0x22,
	0x5a,0xf0,0x5a,0xf0,0x5a,0xf0,0x5a,0xf0,0x5a,0xf0,0x5a,0xf0,0x5a,0xf0,0x5b,0xee,
	0x5c,0xeb,0x5d,0xe9,0x5d,0xe9,0x5d,0xe9,0x5d,0xe9,0x5d,0xe9,0x5d,0xe9,0x5d,0xe9,
	0x5d,0xe9,0x5d,0xe9,0x5d,0xe9,0x5d,0xe9,0x81,0x81,0x81,0x81,0x81,0x81,0x81,0x81,
	0x81,0x81,0x81,0x81,0x81,0x81,0x81,0x81,0x80,0x80,0x80,0x80,0x80,0x80,0x80,0x80,
	0x80,0x80,0x80,0x80,0x80,0x80,0x80,0x80,0x80,0x80,0x80,0x80,0x80,0x80,0x80,0x80,
	0x80,0x80,0x80,0x80,0x80,0x80,0x80,0x80,0x80,0x80,0x80,0x80,0x80,0x80,0x80,0x80,
	0x80,0x80,0x80,0x80,0x80,0x80,0x80,0x80,0x80,0x80,0x80,0x80,0x80,0x80,0x80,0x80,
	0x80,0x80,0x80,0x80,0x80,0x80,0x80,0x80,0xa6,0x10,0xa6,0x10,0xa6,0x10,0xa6,0x10,
	0xa6,0x10,0xa6,0x10,0xa6,0x10,0xa6,0x10,0xa6,0x10,0xa6,0x10,0xa6,0x10,0xa6,0x10,
	0xa6,0x0f,0xa6,0x0f,0xa6,0x10,0xa6,0x10,0xa6,0x10,0xa6,0x10,0xa6,0x10,0xa6,0x10,
	0xca,0xde,0xca,0xde,0xca,0xde,0xca,0xde,0xca,0xde,0xca,0xde,0xca,0xde,0xca,0xde,
	0xca,0xde,0xca,0xde,0xca,0xde,0xca,0xde,0xca,0xde,0xca,0xde,0xca,0xde,0xca,0xde,
	0xca,0xde,0xca,0xde,0xca,0xde,0xca,0xde,0xf0,0x6e,0xf0,0x6e,0xf0,0x6e,0xf0,0x6e,
	0xf0,0x6e,0xf0,0x6e,0xf0,0x6e,0xf0,0x6e,0xf0,0x6e,0xf0,0x6e,0xf0,0x6e,0xf0,0x6e,
	0xf0,0x6e,0xf0,0x6e,0xf0,0x6e,0xf0,0x6e,0xf0,0x6e,0xf0,0x6e,0xf0,0x6e,0xef,0x6f,
	0x11,0x91,0x10,0x92,0x10,0x92,0x10,0x92,0x10,0x92,0x10,0x92,0x10,0x92,0x10,0x92,
	0x10,0x92,0x10,0x92,0x10,0x92,0x10,0x92,0x10,0x92,0x10,0x92,0x10,0x92,0x10,0x92,
	0x10,0x92,0x10,0x92,0x10,0x92,0x10,0x92,0x36,0x22,0x36,0x22,0x36,0x22,0x36,0x22,
	0x35,0x22,0x35,0x22,0x35,0x22,0x35,0x22,0x35,0x22,0x35,0x22,0x35,0x22,0x35,0x22,
	0x35,0x22,0x35,0x22,0x35,0x22,0x35,0x22,0x35,0x22,0x35,0x22,0x35,0x22,0x35,0x22,
	0x5a,0xf0,0x5a,0xf0,0x5a,0xf0,0x5a,0xf0,0x5a,0xf0,0x5a,0xf0,0x5a,0xf0,0x5c,0xee,
	0x77,0x8c,0x79,0x8a,0x79,0x8a,0x79,0x8a,0x79,0x8a,0x79,0x8a,0x79,0x8a,0x79,0x8a,
	0x79,0x8a,0x79,0x8a,0x79,0x8a,0x79,0x8a,0x81,0x81,0x81,0x81,0x81,0x81,0x81,0x81,
	0x81,0x81,0x81,0x81,0x81,0x81,0x81,0x81,0x80,0x80,0x80,0x80,0x80,0x80,0x80,0x80,
	0x80,0x80,0x80,0x80,0x80,0x80,0x80,0x80,0x80,0x80,0x80,0x80,0x80,0x80,0x80,0x80,
	0x80,0x80,0x80,0x80,0x80,0x80,0x80,0x80,0x80,0x80,0x80,0x80,0x80,0x80,0x80,0x80,
	0x80,0x80,0x80,0x80,0x80,0x80,0x80,0x80,0x80,0x80,0x80,0x80,0x80,0x80,0x80,0x80,
	0x80,0x80,0x80,0x80,0x80,0x80,0x80,0x80,0xa6,0x10,0xa6,0x10,0xa6,0x10,0xa6,0x10,
	0xa6,0x10,0xa6,0x10,0xa6,0x10,0xa6,0x10,0xa6,0x10,0xa6,0x10,0xa6,0x10,0xa6,0x10,
	0xa6,0x0f,0xa6,0x0f,0xa6,0x10,0xa6,0x10,0xa6,0x10,0xa6,0x10,0xa6,0x10,0xa6,0x10,
	0xca,0xde,0xca,0xde,0xca,0xde,0xca,0xde,0xca,0xde,0xca,0xde,0xca,0xde,0xca,0xde,
	0xca,0xde,0xca,0xde,0xca,0xde,0xca,0xde,0xca,0xde,0xca,0xde,0xca,0xde,0xca,0xde,
	0xca,0xde,0xca,0xde,0xca,0xde,0xca,0xde,0xf0,0x6e,0xf0,0x6e,0xf0,0x6e,0xf0,0x6e,
	0xf0,0x6e,0xf0,0x6e,0xf0,0x6e,0xf0,0x6e,0xf0,0x6e,0xf0,0x6e,0xf0,0x6e,0xf0,0x6e,
	0xf0,0x6e,0xf0,0x6e,0xf0,0x6e,0xf0,0x6e,0xf0,0x6e,0xf0,0x6e,0xf0,0x6e,0xef,0x6f,
	0x11,0x91,0x10,0x92,0x10,0x92,0x10,0x92,0x10,0x92,0x10,0x92,0x10,0x92,0x10,0x92,
	0x10,0x92,0x10,0x92,0x10,0x92,0x10,0x92,0x10,0x92,0x10,0x92,0x10,0x92,0x10,0x92,
	0x10,0x92,0x10,0x92,0x10,0x92,0x10,0x92,0x36,0x22,0x36,0x22,0x36,0x22,0x36,0x22,
	0x35,0x22,0x35,0x22,0x35,0x22,0x35,0x22,0x35,0x22,0x35,0x22,0x35,0x22,0x35,0x22,
	0x35,0x22,0x35,0x22,0x35,0x22,0x35,0x22,0x35,0x22,0x35,0x22,0x35,0x22,0x35,0x22,
	0x5a,0xf0,0x5a,0xf0,0x5a,0xf0,0x5a,0xf0,0x5a,0xf0,0x5a,0xf0,0x5a,0xf0,0x5c,0xee,
	0x7f,0x80,0x81,0x7e,0x81,0x7e,0x81,0x7e,0x81,0x7e,0x81,0x7e,0x81,0x7e,0x81,0x7e,
	0x81,0x7e,0x81,0x7e,0x81,0x7e,0x81,0x7e,0x81,0x81,0x81,0x81,0x81,0x81,0x81,0x81,
	0x81,0x81,0x81,0x81,0x81,0x81,0x81,0x81,0x80,0x80,0x80,0x80,0x80,0x80,0x80,0x80,
	0x80,0x80,0x80,0x80,0x80,0x80,0x80,0x80,0x80,0x80,0x80,0x80,0x80,0x80,0x80,0x80,
	0x80,0x80,0x80,0x80,0x80,0x80,0x80,0x80,0x80,0x80,0x80,0x80,0x80,0x80,0x80,0x80,
	0x80,0x80,0x80,0x80,0x80,0x80,0x80,0x80,0x80,0x80,0x80,0x80,0x80,0x80,0x80,0x80,
	0x80,0x80,0x80,0x80,0x80,0x80,0x80,0x80,0xa6,0x10,0xa6,0x10,0xa6,0x10,0xa6,0x10,
	0xa6,0x10,0xa6,0x10,0xa6,0x10,0xa6,0x10,0xa6,0x10,0xa6,0x10,0xa6,0x10,0xa6,0x10,
	0xa6,0x0f,0xa6,0x0f,0xa6,0x10,0xa6,0x10,0xa6,0x10,0xa6,0x10,0xa6,0x10,0xa6,0x10,
	0xca,0xde,0xca,0xde,0xca,0xde,0xca,0xde,0xca,0xde,0xca,0xde,0xca,0xde,0xca,0xde,
	0xca,0xde,0xca,0xde,0xca,0xde,0xca,0xde,0xca,0xde,0xca,0xde,0xca,0xde,0xca,0xde,
	0xca,0xde,0xca,0xde,0xca,0xde,0xca,0xde,0xf0,0x6e,0xf0,0x6e,0xf0,0x6e,0xf0,0x6e,
	0xf0,0x6e,0xf0,0x6e,0xf0,0x6e,0xf0,0x6e,0xf0,0x6e,0xf0,0x6e,0xf0,0x6e,0xf0,0x6e,
	0xf0,0x6e,0xf0,0x6e,0xf0,0x6e,0xf0,0x6e,0xf0,0x6e,0xf0,0x6e,0xf0,0x6e,0xef,0x6f,
	0x11,0x91,0x10,0x92,0x10,0x92,0x10,0x92,0x10,0x92,0x10,0x92,0x10,0x92,0x10,0x92,
	0x10,0x92,0x10,0x92,0x10,0x92,0x10,0x92,0x10,0x92,0x10,0x92,0x10,0x92,0x10,0x92,
	0x10,0x92,0x10,0x92,0x10,0x92,0x10,0x92,0x36,0x22,0x36,0x22,0x36,0x22,0x36,0x22,
	0x35,0x22,0x35,0x22,0x35,0x22,0x35,0x22,0x35,0x22,0x35,0x22,0x35,0x22,0x35,0x22,
	0x35,0x22,0x35,0x22,0x35,0x22,0x35,0x22,0x35,0x22,0x35,0x22,0x35,0x22,0x35,0x22,
	0x5a,0xf0,0x5a,0xf0,0x5a,0xf0,0x5a,0xf0,0x5a,0xf0,0x5a,0xf0,0x5a,0xf0,0x5c,0xee,
	0x7d,0x82,0x7f,0x80,0x7f,0x80,0x7f,0x80,0x7f,0x80,0x7f,0x80,0x7f,0x80,0x7f,0x80,
	0x7f,0x80,0x7f,0x80,0x7f,0x80,0x7f,0x80,0x81,0x81,0x81,0x81,0x81,0x81,0x81,0x81,
	0x81,0x81,0x81,0x81,0x81,0x81,0x81,0x81,0x81,0x81,0x80,0x80,0x80,0x80,0x80,0x80,
	0x80,0x80,0x80,0x80,0x80,0x80,0x80,0x80,0x80,0x80,0x80,0x80,0x80,0x80,0x80,0x80,
	0x80,0x80,0x80,0x80,0x80,0x80,0x80,0x80,0x80,0x80,0x80,0x80,0x80,0x80,0x80,0x80,
	0x80,0x80,0x80,0x80,0x80,0x80,0x80,0x80,0x80,0x80,0x80,0x80,0x80,0x80,0x80,0x80,
	0x80,0x80,0x80,0x80,0x80,0x80,0x80,0x80,0xa6,0x10,0xa6,0x10,0xa6,0x10,0xa6,0x10,
	0xa6,0x10,0xa6,0x10,0xa6,0x10,0xa6,0x10,0xa6,0x10,0xa6,0x10,0xa6,0x10,0xa6,0x10,
	0xa6,0x0f,0xa6,0x0f,0xa6,0x10,0xa6,0x10,0xa6,0x10,0xa6,0x10,0xa6,0x10,0xa6,0x10,
	0xca,0xde,0xca,0xde,0xca,0xde,0xca,0xde,0xca,0xde,0xca,0xde,0xca,0xde,0xca,0xde,
	0xca,0xde,0xca,0xde,0xca,0xde,0xca,0xde,0xca,0xde,0xca,0xde,0xca,0xde,0xca,0xde,
	0xca,0xde,0xca,0xde,0xca,0xde,0xca,0xde,0xf0,0x6e,0xf0,0x6e,0xf0,0x6e,0xf0,0x6e,
	0xf0,0x6e,0xf0,0x6e,0xf0,0x6e,0xf0,0x6e,0xf0,0x6e,0xf0,0x6e,0xf0,0x6e,0xf0,0x6e,
	0xf0,0x6e,0xf0,0x6e,0xf0,0x6e,0xf0,0x6e,0xf0,0x6e,0xf0,0x6e,0xf0,0x6e,0xef,0x6f,
	0x11,0x91,0x10,0x92,0x10,0x92,0x10,0x92,0x10,0x92,0x10,0x92,0x10,0x92,0x10,0x92,
	0x10,0x92,0x10,0x92,0x10,0x92,0x10,0x92,0x10,0x92,0x10,0x92,0x10,0x92,0x10,0x92,
	0x10,0x92,0x10,0x92,0x10,0x92,0x10,0x92,0x36,0x22,0x36,0x22,0x36,0x22,0x36,0x22,
	0x35,0x22,0x35,0x22,0x35,0x22,0x35,0x22,0x35,0x22,0x35,0x22,0x35,0x22,0x35,0x22,
	0x35,0x22,0x35,0x22,0x35,0x22,0x35,0x22,0x35,0x22,0x35,0x22,0x35,0x22,0x35,0x22,
	0x5a,0xf0,0x5a,0xf0,0x5a,0xf0,0x5a,0xf0,0x5a,0xf0,0x5a,0xf0,0x5a,0xf0,0x5c,0xee,
	0x7d,0x82,0x7f,0x80,0x7f,0x80,0x7f,0x80,0x7f,0x80,0x7f,0x80,0x7f,0x80,0x7f,0x80,
	0x7f,0x80,0x7f,0x80,0x7f,0x80,0x7f,0x80,0x81,0x81,0x81,0x81,0x81,0x81,0x81,0x81,
	0x81,0x81,0x81,0x81,0x81,0x81,0x81,0x81,0x81,0x81,0x80,0x80,0x80,0x80,0x80,0x80,
	0x80,0x80,0x80,0x80,0x80,0x80,0x80,0x80,0x80,0x80,0x80,0x80,0x80,0x80,0x80,0x80,
	0x80,0x80,0x80,0x80,0x80,0x80,0x80,0x80,0x80,0x80,0x80,0x80,0x80,0x80,0x80,0x80,
	0x80,0x80,0x80,0x80,0x80,0x80,0x80,0x80,0x80,0x80,0x80,0x80,0x80,0x80,0x80,0x80,
	0x80,0x80,0x80,0x80,0x80,0x80,0x80,0x80,0xa6,0x10,0xa6,0x10,0xa6,0x10,0xa6,0x10,
	0xa6,0x10,0xa6,0x10,0xa6,0x10,0xa6,0x10,0xa6,0x10,0xa6,0x10,0xa6,0x10,0xa6,0x10,
	0xa6,0x0f,0xa6,0x0f,0xa6,0x10,0xa6,0x10,0xa6,0x10,0xa6,0x10,0xa6,0x10,0xa6,0x10,
	0xca,0xde,0xca,0xde,0xca,0xde,0xca,0xde,0xca,0xde,0xca,0xde,0xca,0xde,0xca,0xde,
	0xca,0xde,0xca,0xde,0xca,0xde,0xca,0xde,0xca,0xde,0xca,0xde,0xca,0xde,0xca,0xde,
	0xca,0xde,0xca,0xde,0xca,0xde,0xca,0xde,0xf0,0x6e,0xf0,0x6e,0xf0,0x6e,0xf0,0x6e,
	0xf0,0x6e,0xf0,0x6e,0xf0,0x6e,0xf0,0x6e,0xf0,0x6e,0xf0,0x6e,0xf0,0x6e,0xf0,0x6e,
	0xf0,0x6e,0xf0,0x6e,0xf0,0x6e,0xf0,0x6e,0xf0,0x6e,0xf0,0x6e,0xf0,0x6e,0xef,0x6f,
	0x11,0x91,0x10,0x92,0x10,0x92,0x10,0x92,0x10,0x92,0x10,0x92,0x10,0x92,0x10,0x92,
	0x10,0x92,0x10,0x92,0x10,0x92,0x10,0x92,0x10,0x92,0x10,0x92,0x10,0x92,0x10,0x92,
	0x10,0x92,0x10,0x92,0x10,0x92,0x10,0x92,0x36,0x22,0x36,0x22,0x36,0x22,0x36,0x22,
	0x35,0x22,0x35,0x22,0x35,0x22,0x35,0x22,0x35,0x22,0x35,0x22,0x35,0x22,0x35,0x22,
	0x35,0x22,0x35,0x22,0x35,0x22,0x35,0x22,0x35,0x22,0x35,0x22,0x35,0x22,0x35,0x22,
	0x5a,0xf0,0x5a,0xf0,0x5a,0xf0,0x5a,0xf0,0x5a,0xf0,0x5a,0xf0,0x5a,0xf0,0x5c,0xee,
	0x7d,0x82,0x7f,0x80,0x7f,0x80,0x7f,0x80,0x7f,0x80,0x7f,0x80,0x7f,0x80,0x7f,0x80,
	0x7f,0x80,0x7f,0x80,0x7f,0x80,0x7f,0x80,0x81,0x81,0x81,0x81,0x81,0x81,0x81,0x81,
	0x81,0x81,0x81,0x81,0x81,0x81,0x81,0x81,0x81,0x81,0x80,0x80,0x80,0x80,0x80,0x80,
	0x80,0x80,0x80,0x80,0x80,0x80,0x80,0x80,0x80,0x80,0x80,0x80,0x80,0x80,0x80,0x80,
	0x80,0x80,0x80,0x80,0x80,0x80,0x80,0x80,0x80,0x80,0x80,0x80,0x80,0x80,0x80,0x80,
	0x80,0x80,0x80,0x80,0x80,0x80,0x80,0x80,0x80,0x80,0x80,0x80,0x80,0x80,0x80,0x80,
	0x80,0x80,0x80,0x80,0x80,0x80,0x80,0x80,0xa6,0x10,0xa6,0x10,0xa6,0x10,0xa6,0x10,
	0xa6,0x10,0xa6,0x10,0xa6,0x10,0xa6,0x10,0xa6,0x10,0xa6,0x10,0xa6,0x10,0xa6,0x10,
	0xa6,0x0f,0xa6,0x0f,0xa6,0x10,0xa6,0x10,0xa6,0x10,0xa6,0x10,0xa6,0x10,0xa6,0x10,
	0xca,0xde,0xca,0xde,0xca,0xde,0xca,0xde,0xca,0xde,0xca,0xde,0xca,0xde,0xca,0xde,
	0xca,0xde,0xca,0xde,0xca,0xde,0xca,0xde,0xca,0xde,0xca,0xde,0xca,0xde,0xca,0xde,
	0xca,0xde,0xca,0xde,0xca,0xde,0xca,0xde,0xf0,0x6e,0xf0,0x6e,0xf0,0x6e,0xf0,0x6e,
	0xf0,0x6e,0xf0,0x6e,0xf0,0x6e,0xf0,0x6e,0xf0,0x6e,0xf0,0x6e,0xf0,0x6e,0xf0,0x6e,
	0xf0,0x6e,0xf0,0x6e,0xf0,0x6e,0xf0,0x6e,0xf0,0x6e,0xf0,0x6e,0xf0,0x6e,0xef,0x6f,
	0x11,0x91,0x10,0x92,0x10,0x92,0x10,0x92,0x10,0x92,0x10,0x92,0x10,0x92,0x10,0x92,
	0x10,0x92,0x10,0x92,0x10,0x92,0x10,0x92,0x10,0x92,0x10,0x92,0x10,0x92,0x10,0x92,
	0x10,0x92,0x10,0x92,0x10,0x92,0x10,0x92,0x36,0x22,0x36,0x22,0x36,0x22,0x36,0x22,
	0x35,0x22,0x35,0x22,0x35,0x22,0x35,0x22,0x35,0x22,0x35,0x22,0x35,0x22,0x35,0x22,
	0x35,0x22,0x35,0x22,0x35,0x22,0x35,0x22,0x35,0x22,0x35,0x22,0x35,0x22,0x35,0x22,
	0x5a,0xf0,0x5a,0xf0,0x5a,0xf0,0x5a,0xf0,0x5a,0xf0,0x5a,0xf0,0x5a,0xf0,0x5c,0xee,
	0x7d,0x82,0x7f,0x80,0x7f,0x80,0x7f,0x80,0x7f,0x80,0x7f,0x80,0x7f,0x80,0x7f,0x80,
	0x7f,0x80,0x7f,0x80,0x7f,0x80,0x7f,0x80,0x81,0x81,0x81,0x81,0x81,0x81,0x81,0x81,
	0x81,0x81,0x81,0x81,0x81,0x81,0x81,0x81,0x81,0x81,0x81,0x81,0x81,0x81,0x81,0x81,
	0x80,0x80,0x80,0x80,0x80,0x80,0x80,0x80,0x80,0x80,0x80,0x80,0x80,0x80,0x80,0x80,
	0x80,0x80,0x80,0x80,0x80,0x80,0x80,0x80,0x80,0x80,0x80,0x80,0x80,0x80,0x80,0x80,
	0x80,0x80,0x80,0x80,0x80,0x80,0x80,0x80,0x80,0x80,0x80,0x80,0x80,0x80,0x80,0x80,
	0x80,0x80,0x80,0x80,0x80,0x80,0x80,0x80,0xa6,0x10,0xa6,0x10,0xa6,0x10,0xa6,0x10,
	0xa6,0x10,0xa6,0x10,0xa6,0x10,0xa6,0x10,0xa6,0x10,0xa6,0x10,0xa6,0x10,0xa6,0x10,
	0xa6,0x0f,0xa6,0x0f,0xa6,0x10,0xa6,0x10,0xa6,0x10,0xa6,0x10,0xa6,0x10,0xa6,0x10,
	0xca,0xde,0xca,0xde,0xca,0xde,0xca,0xde,0xca,0xde,0xca,0xde,0xca,0xde,0xca,0xde,
	0xca,0xde,0xca,0xde,0xca,0xde,0xca,0xde,0xca,0xde,0xca,0xde,0xca,0xde,0xca,0xde,
	0xca,0xde,0xca,0xde,0xca,0xde,0xca,0xde,0xf0,0x6e,0xf0,0x6e,0xf0,0x6e,0xf0,0x6e,
	0xf0,0x6e,0xf0,0x6e,0xf0,0x6e,0xf0,0x6e,0xf0,0x6e,0xf0,0x6e,0xf0,0x6e,0xf0,0x6e,
	0xf0,0x6e,0xf0,0x6e,0xf0,0x6e,0xf0,0x6e,0xf0,0x6e,0xf0,0x6e,0xf0,0x6e,0xef,0x6f,
	0x11,0x91,0x10,0x92,0x10,0x92,0x10,0x92,0x10,0x92,0x10,0x92,0x10,0x92,0x10,0x92,
	0x10,0x92,0x10,0x92,0x10,0x92,0x10,0x92,0x10,0x92,0x10,0x92,0x10,0x92,0x10,0x92,
	0x10,0x92,0x10,0x92,0x10,0x92,0x10,0x92,0x36,0x22,0x36,0x22,0x36,0x22,0x36,0x22,
	0x35,0x22,0x35,0x22,0x35,0x22,0x35,0x22,0x35,0x22,0x35,0x22,0x35,0x22,0x35,0x22,
	0x35,0x22,0x35,0x22,0x35,0x22,0x35,0x22,0x35,0x22,0x35,0x22,0x35,0x22,0x35,0x22,
	0x5a,0xf0,0x5a,0xf0,0x5a,0xf0,0x5a,0xf0,0x5a,0xf0,0x5a,0xf0,0x5a,0xf0,0x5c,0xee,
	0x7d,0x82,0x7f,0x80,0x7f,0x80,0x7f,0x80,0x7f,0x80,0x7f,0x80,0x7f,0x80,0x7f,0x80,
	0x7f,0x80,0x7f,0x80,0x7f,0x80,0x7f,0x80,0x81,0x81,0x81,0x81,0x81,0x81,0x81,0x81,
	0x81,0x81,0x81,0x81,0x81,0x81,0x81,0x81,0x81,0x81,0x81,0x81,0x81,0x81,0x81,0x81,
	0x80,0x80,0x80,0x80,0x80,0x80,0x80,0x80,0x80,0x80,0x80,0x80,0x80,0x80,0x80,0x80,
	0x80,0x80,0x80,0x80,0x80,0x80,0x80,0x80,0x80,0x80,0x80,0x80,0x80,0x80,0x80,0x80,
	0x80,0x80,0x80,0x80,0x80,0x80,0x80,0x80,0x80,0x80,0x80,0x80,0x80,0x80,0x80,0x80,
	0x80,0x80,0x80,0x80,0x80,0x80,0x80,0x80,0xa6,0x10,0xa6,0x10,0xa6,0x10,0xa6,0x10,
	0xa6,0x10,0xa6,0x10,0xa6,0x10,0xa6,0x10,0xa6,0x10,0xa6,0x10,0xa6,0x10,0xa6,0x10,
	0xa6,0x0f,0xa6,0x0f,0xa6,0x10,0xa6,0x10,0xa6,0x10,0xa6,0x10,0xa6,0x10,0xa6,0x10,
	0xca,0xde,0xca,0xde,0xca,0xde,0xca,0xde,0xca,0xde,0xca,0xde,0xca,0xde,0xca,0xde,
	0xca,0xde,0xca,0xde,0xca,0xde,0xca,0xde,0xca,0xde,0xca,0xde,0xca,0xde,0xca,0xde,
	0xca,0xde,0xca,0xde,0xca,0xde,0xca,0xde,0xf0,0x6e,0xf0,0x6e,0xf0,0x6e,0xf0,0x6e,
	0xf0,0x6e,0xf0,0x6e,0xf0,0x6e,0xf0,0x6e,0xf0,0x6e,0xf0,0x6e,0xf0,0x6e,0xf0,0x6e,
	0xf0,0x6e,0xf0,0x6e,0xf0,0x6e,0xf0,0x6e,0xf0,0x6e,0xf0,0x6e,0xf0,0x6e,0xef,0x6f,
	0x11,0x91,0x10,0x92,0x10,0x92,0x10,0x92,0x10,0x92,0x10,0x92,0x10,0x92,0x10,0x92,
	0x10,0x92,0x10,0x92,0x10,0x92,0x10,0x92,0x10,0x92,0x10,0x92,0x10,0x92,0x10,0x92,
	0x10,0x92,0x10,0x92,0x10,0x92,0x10,0x92,0x36,0x22,0x36,0x22,0x36,0x22,0x36,0x22,
	0x35,0x22,0x35,0x22,0x35,0x22,0x35,0x22,0x35,0x22,0x35,0x22,0x35,0x22,0x35,0x22,
	0x35,0x22,0x35,0x22,0x35,0x22,0x35,0x22,0x35,0x22,0x35,0x22,0x35,0x22,0x35,0x22,
	0x5a,0xf0,0x5a,0xf0,0x5a,0xf0,0x5a,0xf0,0x5a,0xf0,0x5a,0xf0,0x5a,0xf0,0x5c,0xee,
	0x7d,0x82,0x7f,0x80,0x7f,0x80,0x7f,0x80,0x7f,0x80,0x7f,0x80,0x7f,0x80,0x7f,0x80,
	0x7f,0x80,0x7f,0x80,0x7f,0x80,0x7f,0x80,0x81,0x81,0x81,0x81,0x81,0x81,0x81,0x81,
	0x81,0x81,0x81,0x81,0x81,0x81,0x81,0x81,0x81,0x81,0x81,0x81,0x81,0x81,0x81,0x81,
	0x80,0x80,0x80,0x80,0x80,0x80,0x80,0x80,0x80,0x80,0x80,0x80,0x80,0x80,0x80,0x80,
	0x80,0x80,0x80,0x80,0x80,0x80,0x80,0x80,0x80,0x80,0x80,0x80,0x80,0x80,0x80,0x80,
	0x80,0x80,0x80,0x80,0x80,0x80,0x80,0x80,0x80,0x80,0x80,0x80,0x80,0x80,0x80,0x80,
	0x80,0x80,0x80,0x80,0x80,0x80,0x80,0x80,0xa6,0x10,0xa6,0x10,0xa6,0x10,0xa6,0x10,
	0xa6,0x10,0xa6,0x10,0xa6,0x10,0xa6,0x10,0xa6,0x10,0xa6,0x10,0xa6,0x10,0xa6,0x10,
	0xa6,0x0f,0xa6,0x0f,0xa6,0x10,0xa6,0x10,0xa6,0x10,0xa6,0x10,0xa6,0x10,0xa6,0x10,
	0xca,0xde,0xca,0xde,0xca,0xde,0xca,0xde,0xca,0xde,0xca,0xde,0xca,0xde,0xca,0xde,
	0xca,0xde,0xca,0xde,0xca,0xde,0xca,0xde,0xca,0xde,0xca,0xde,0xca,0xde,0xca,0xde,
	0xca,0xde,0xca,0xde,0xca,0xde,0xca,0xde,0xf0,0x6e,0xf0,0x6e,0xf0,0x6e,0xf0,0x6e,
	0xf0,0x6e,0xf0,0x6e,0xf0,0x6e,0xf0,0x6e,0xf0,0x6e,0xf0,0x6e,0xf0,0x6e,0xf0,0x6e,
	0xf0,0x6e,0xf0,0x6e,0xf0,0x6e,0xf0,0x6e,0xf0,0x6e,0xf0,0x6e,0xf0,0x6e,0xef,0x6f,
	0x11,0x91,0x10,0x92,0x10,0x92,0x10,0x92,0x10,0x92,0x10,0x92,0x10,0x92,0x10,0x92,
	0x10,0x92,0x10,0x92,0x10,0x92,0x10,0x92,0x10,0x92,0x10,0x92,0x10,0x92,0x10,0x92,
	0x10,0x92,0x10,0x92,0x10,0x92,0x10,0x92,0x36,0x22,0x36,0x22,0x36,0x22,0x36,0x22,
	0x35,0x22,0x35,0x22,0x35,0x22,0x35,0x22,0x35,0x22,0x35,0x22,0x35,0x22,0x35,0x22,
	0x35,0x22,0x35,0x22,0x35,0x22,0x35,0x22,0x35,0x22,0x35,0x22,0x35,0x22,0x35,0x22,
	0x5a,0xf0,0x5a,0xf0,0x5a,0xf0,0x5a,0xf0,0x5a,0xf0,0x5a,0xf0,0x5a,0xf0,0x5c,0xee,
	0x7d,0x82,0x7f,0x80,0x7f,0x80,0x7f,0x80,0x7f,0x80,0x7f,0x80,0x7f,0x80,0x7f,0x80,
	0x7f,0x80,0x7f,0x80,0x7f,0x80,0x7f,0x80,0x81,0x81,0x81,0x81,0x81,0x81,0x81,0x81,
	0x81,0x81,0x81,0x81,0x81,0x81,0x81,0x81,0x81,0x81,0x81,0x81,0x81,0x81,0x81,0x81,
	0x80,0x80,0x80,0x80,0x80,0x80,0x80,0x80,0x80,0x80,0x80,0x80,0x80,0x80,0x80,0x80,
	0x80,0x80,0x80,0x80,0x80,0x80,0x80,0x80,0x80,0x80,0x80,0x80,0x80,0x80,0x80,0x80,
	0x80,0x80,0x80,0x80,0x80,0x80,0x80,0x80,0x80,0x80,0x80,0x80,0x80,0x80,0x80,0x80,
	0x80,0x80,0x80,0x80,0x80,0x80,0x80,0x80,0xa6,0x10,0xa6,0x10,0xa6,0x10,0xa6,0x10,
	0xa6,0x10,0xa6,0x10,0xa6,0x10,0xa6,0x10,0xa6,0x10,0xa6,0x10,0xa6,0x10,0xa6,0x10,
	0xa6,0x0f,0xa6,0x0f,0xa6,0x10,0xa6,0x10,0xa6,0x10,0xa6,0x10,0xa6,0x10,0xa6,0x10,
	0xca,0xde,0xca,0xde,0xca,0xde,0xca,0xde,0xca,0xde,0xca,0xde,0xca,0xde,0xca,0xde,
	0xca,0xde,0xca,0xde,0xca,0xde,0xca,0xde,0xca,0xde,0xca,0xde,0xca,0xde,0xca,0xde,
	0xca,0xde,0xca,0xde,0xca,0xde,0xca,0xde,0xf0,0x6e,0xf0,0x6e,0xf0,0x6e,0xf0,0x6e,
	0xf0,0x6e,0xf0,0x6e,0xf0,0x6e,0xf0,0x6e,0xf0,0x6e,0xf0,0x6e,0xf0,0x6e,0xf0,0x6e,
	0xf0,0x6e,0xf0,0x6e,0xf0,0x6e,0xf0,0x6e,0xf0,0x6e,0xf0,0x6e,0xf0,0x6e,0xef,0x6f,
	0x11,0x91,0x10,0x92,0x10,0x92,0x10,0x92,0x10,0x92,0x10,0x92,0x10,0x92,0x10,0x92,
	0x10,0x92,0x10,0x92,0x10,0x92,0x10,0x92,0x10,0x92,0x10,0x92,0x10,0x92,0x10,0x92,
	0x10,0x92,0x10,0x92,0x10,0x92,0x10,0x92,0x36,0x22,0x36,0x22,0x36,0x22,0x36,0x22,
	0x35,0x22,0x35,0x22,0x35,0x22,0x35,0x22,0x35,0x22,0x35,0x22,0x35,0x22,0x35,0x22,
	0x35,0x22,0x35,0x22,0x35,0x22,0x35,0x22,0x35,0x22,0x35,0x22,0x35,0x22,0x35,0x22,
	0x5a,0xf0,0x5a,0xf0,0x5a,0xf0,0x5a,0xf0,0x5a,0xf0,0x5a,0xf0,0x5a,0xf0,0x5c,0xee,
	0x7d,0x82,0x7f,0x80,0x7f,0x80,0x7f,0x80,0x7f,0x80,0x7f,0x80,0x7f,0x80,0x7f,0x80,
	0x7f,0x80,0x7f,0x80,0x7f,0x80,0x7f,0x80,0x81,0x81,0x81,0x81,0x81,0x81,0x81,0x81,
	0x81,0x81,0x81,0x81,0x81,0x81,0x81,0x81,0x81,0x81,0x81,0x81,0x81,0x81,0x80,0x80,
	0x80,0x80,0x80,0x80,0x80,0x80,0x80,0x80,0x80,0x80,0x80,0x80,0x80,0x80,0x80,0x80,
	0x80,0x80,0x80,0x80,0x80,0x80,0x80,0x80,0x80,0x80,0x80,0x80,0x80,0x80,0x80,0x80,
	0x80,0x80,0x80,0x80,0x80,0x80,0x80,0x80,0x80,0x80,0x80,0x80,0x80,0x80,0x80,0x80,
	0x80,0x80,0x80,0x80,0x80,0x80,0x80,0x80,0xa6,0x10,0xa6,0x10,0xa6,0x10,0xa6,0x10,
	0xa6,0x10,0xa6,0x10,0xa6,0x10,0xa6,0x10,0xa6,0x10,0xa6,0x10,0xa6,0x10,0xa6,0x10,
	0xa6,0x0f,0xa6,0x0f,0xa6,0x10,0xa6,0x10,0xa6,0x10,0xa6,0x10,0xa6,0x10,0xa6,0x10,
	0xca,0xde,0xca,0xde,0xca,0xde,0xca,0xde,0xca,0xde,0xca,0xde,0xca,0xde,0xca,0xde,
	0xca,0xde,0xca,0xde,0xca,0xde,0xca,0xde,0xca,0xde,0xca,0xde,0xca,0xde,0xca,0xde,
	0xca,0xde,0xca,0xde,0xca,0xde,0xca,0xde,0xf0,0x6e,0xf0,0x6e,0xf0,0x6e,0xf0,0x6e,
	0xf0,0x6e,0xf0,0x6e,0xf0,0x6e,0xf0,0x6e,0xf0,0x6e,0xf0,0x6e,0xf0,0x6e,0xf0,0x6e,
	0xf0,0x6e,0xf0,0x6e,0xf0,0x6e,0xf0,0x6e,0xf0,0x6e,0xf0,0x6e,0xf0,0x6e,0xef,0x6f,
	0x11,0x91,0x10,0x92,0x10,0x92,0x10,0x92,0x10,0x92,0x10,0x92,0x10,0x92,0x10,0x92,
	0x10,0x92,0x10,0x92,0x10,0x92,0x10,0x92,0x10,0x92,0x10,0x92,0x10,0x92,0x10,0x92,
	0x10,0x92,0x10,0x92,0x10,0x92,0x10,0x92,0x36,0x22,0x36,0x22,0x36,0x22,0x36,0x22,
	0x35,0x22,0x35,0x22,0x35,0x22,0x35,0x22,0x35,0x22,0x35,0x22,0x35,0x22,0x35,0x22,
	0x35,0x22,0x35,0x22,0x35,0x22,0x35,0x22,0x35,0x22,0x35,0x22,0x35,0x22,0x35,0x22,
	0x5a,0xf0,0x5a,0xf0,0x5a,0xf0,0x5a,0xf0,0x5a,0xf0,0x5a,0xf0,0x5a,0xf0,0x5c,0xee,
	0x7d,0x82,0x7f,0x80,0x7f,0x80,0x7f,0x80,0x7f,0x80,0x7f,0x80,0x7f,0x80,0x7f,0x80,
	0x7f,0x80,0x7f,0x80,0x7f,0x80,0x7f,0x80,0x81,0x81,0x81,0x81,0x81,0x81,0x81,0x81,
	0x81,0x81,0x81,0x81,0x81,0x81,0x81,0x81,0x81,0x81,0x81,0x81,0x80,0x80,0x80,0x80,
	0x80,0x80,0x80,0x80,0x80,0x80,0x80,0x80,0x80,0x80,0x80,0x80,0x80,0x80,0x80,0x80,
	0x80,0x80,0x80,0x80,0x80,0x80,0x80,0x80,0x80,0x80,0x80,0x80,0x80,0x80,0x80,0x80,
	0x80,0x80,0x80,0x80,0x80,0x80,0x80,0x80,0x80,0x80,0x80,0x80,0x80,0x80,0x80,0x80,
	0x80,0x80,0x80,0x80,0x80,0x80,0x80,0x80,0xa6,0x10,0xa6,0x10,0xa6,0x10,0xa6,0x10,
	0xa6,0x10,0xa6,0x10,0xa6,0x10,0xa6,0x10,0xa6,0x10,0xa6,0x10,0xa6,0x10,0xa6,0x10,
	0xa6,0x0f,0xa6,0x0f,0xa6,0x10,0xa6,0x10,0xa6,0x10,0xa6,0x10,0xa6,0x10,0xa6,0x10,
	0xca,0xde,0xca,0xde,0xca,0xde,0xca,0xde,0xca,0xde,0xca,0xde,0xca,0xde,0xca,0xde,
	0xca,0xde,0xca,0xde,0xca,0xde,0xca,0xde,0xca,0xde,0xca,0xde,0xca,0xde,0xca,0xde,
	0xca,0xde,0xca,0xde,0xca,0xde,0xca,0xde,0xf0,0x6e,0xf0,0x6e,0xf0,0x6e,0xf0,0x6e,
	0xf0,0x6e,0xf0,0x6e,0xf0,0x6e,0xf0,0x6e,0xf0,0x6e,0xf0,0x6e,0xf0,0x6e,0xf0,0x6e,
	0xf0,0x6e,0xf0,0x6e,0xf0,0x6e,0xf0,0x6e,0xf0,0x6e,0xf0,0x6e,0xf0,0x6e,0xef,0x6f,
	0x11,0x91,0x10,0x92,0x10,0x92,0x10,0x92,0x10,0x92,0x10,0x92,0x10,0x92,0x10,0x92,
	0x10,0x92,0x10,0x92,0x10,0x92,0x10,0x92,0x10,0x92,0x10,0x92,0x10,0x92,0x10,0x92,
	0x10,0x92,0x10,0x92,0x10,0x92,0x10,0x92,0x36,0x22,0x36,0x22,0x36,0x22,0x36,0x22,
	0x35,0x22,0x35,0x22,0x35,0x22,0x35,0x22,0x35,0x22,0x35,0x22,0x35,0x22,0x35,0x22,
	0x35,0x22,0x35,0x22,0x35,0x22,0x35,0x22,0x35,0x22,0x35,0x22,0x35,0x22,0x35,0x22,
	0x5a,0xf0,0x5a,0xf0,0x5a,0xf0,0x5a,0xf0,0x5a,0xf0,0x5a,0xf0,0x5a,0xf0,0x5c,0xee,
	0x7d,0x82,0x7f,0x80,0x7f,0x80,0x7f,0x80,0x7f,0x80,0x7f,0x80,0x7f,0x80,0x7f,0x80,
	0x7f,0x80,0x7f,0x80,0x7f,0x80,0x7f,0x80,0x81,0x81,0x81,0x81,0x81,0x81,0x81,0x81,
	0x81,0x81,0x81,0x81,0x81,0x81,0x81,0x81,0x81,0x81,0x80,0x80,0x80,0x80,0x80,0x80,
	0x80,0x80,0x80,0x80,0x80,0x80,0x80,0x80,0x80,0x80,0x80,0x80,0x80,0x80,0x80,0x80,
	0x80,0x80,0x80,0x80,0x80,0x80,0x80,0x80,0x80,0x80,0x80,0x80,0x80,0x80,0x80,0x80,
	0x80,0x80,0x80,0x80,0x80,0x80,0x80,0x80,0x80,0x80,0x80,0x80,0x80,0x80,0x80,0x80,
	0x80,0x80,0x80,0x80,0x80,0x80,0x80,0x80,0xa6,0x10,0xa6,0x10,0xa6,0x10,0xa6,0x10,
	0xa6,0x10,0xa6,0x10,0xa6,0x10,0xa6,0x10,0xa6,0x10,0xa6,0x10,0xa6,0x10,0xa6,0x10,
	0xa6,0x0f,0xa6,0x0f,0xa6,0x10,0xa6,0x10,0xa6,0x10,0xa6,0x10,0xa6,0x10,0xa6,0x10,
	0xca,0xde,0xca,0xde,0xca,0xde,0xca,0xde,0xca,0xde,0xca,0xde,0xca,0xde,0xca,0xde,
	0xca,0xde,0xca,0xde,0xca,0xde,0xca,0xde,0xca,0xde,0xca,0xde,0xca,0xde,0xca,0xde,
	0xca,0xde,0xca,0xde,0xca,0xde,0xca,0xde,0xf0,0x6e,0xf0,0x6e,0xf0,0x6e,0xf0,0x6e,
	0xf0,0x6e,0xf0,0x6e,0xf0,0x6e,0xf0,0x6e,0xf0,0x6e,0xf0,0x6e,0xf0,0x6e,0xf0,0x6e,
	0xf0,0x6e,0xf0,0x6e,0xf0,0x6e,0xf0,0x6e,0xf0,0x6e,0xf0,0x6e,0xf0,0x6e,0xef,0x6f,
	0x11,0x91,0x10,0x92,0x10,0x92,0x10,0x92,0x10,0x92,0x10,0x92,0x10,0x92,0x10,0x92,
	0x10,0x92,0x10,0x92,0x10,0x92,0x10,0x92,0x10,0x92,0x10,0x92,0x10,0x92,0x10,0x92,
	0x10,0x92,0x10,0x92,0x10,0x92,0x10,0x92,0x36,0x22,0x36,0x22,0x36,0x22,0x36,0x22,
	0x35,0x22,0x35,0x22,0x35,0x22,0x35,0x22,0x35,0x22,0x35,0x22,0x35,0x22,0x35,0x22,
	0x35,0x22,0x35,0x22,0x35,0x22,0x35,0x22,0x35,0x22,0x35,0x22,0x35,0x22,0x35,0x22,
	0x5a,0xf0,0x5a,0xf0,0x5a,0xf0,0x5a,0xf0,0x5a,0xf0,0x5a,0xf0,0x5a,0xf0,0x5c,0xee,
	0x7d,0x82,0x7f,0x80,0x7f,0x80,0x7f,0x80,0x7f,0x80,0x7f,0x80,0x7f,0x80,0x7f,0x80,
	0x7f,0x80,0x7f,0x80,0x7f,0x80,0x7f,0x80,0x81,0x81,0x81,0x81,0x81,0x81,0x81,0x81,
	0x81,0x81,0x81,0x81,0x81,0x81,0x81,0x81,0x80,0x80,0x80,0x80,0x80,0x80,0x80,0x80,
	0x80,0x80,0x80,0x80,0x80,0x80,0x80,0x80,0x80,0x80,0x80,0x80,0x80,0x80,0x80,0x80,
	0x80,0x80,0x80,0x80,0x80,0x80,0x80,0x80,0x80,0x80,0x80,0x80,0x80,0x80,0x80,0x80,
	0x80,0x80,0x80,0x80,0x80,0x80,0x80,0x80,0x80,0x80,0x80,0x80,0x80,0x80,0x80,0x80,
	0x80,0x80,0x80,0x80,0x80,0x80,0x80,0x80,0xa6,0x10,0xa6,0x10,0xa6,0x10,0xa6,0x10,
	0xa6,0x10,0xa6,0x10,0xa6,0x10,0xa6,0x10,0xa6,0x10,0xa6,0x10,0xa6,0x10,0xa6,0x10,
	0xa6,0x0f,0xa6,0x0f,0xa6,0x10,0xa6,0x10,0xa6,0x10,0xa6,0x10,0xa6,0x10,0xa6,0x10,
	0xca,0xde,0xca,0xde,0xca,0xde,0xca,0xde,0xca,0xde,0xca,0xde,0xca,0xde,0xca,0xde,
	0xca,0xde,0xca,0xde,0xca,0xde,0xca,0xde,0xca,0xde,0xca,0xde,0xca,0xde,0xca,0xde,
	0xca,0xde,0xca,0xde,0xca,0xde,0xca,0xde,0xf0,0x6e,0xf0,0x6e,0xf0,0x6e,0xf0,0x6e,
	0xf0,0x6e,0xf0,0x6e,0xf0,0x6e,0xf0,0x6e,0xf0,0x6e,0xf0,0x6e,0xf0,0x6e,0xf0,0x6e,
	0xf0,0x6e,0xf0,0x6e,0xf0,0x6e,0xf0,0x6e,0xf0,0x6e,0xf0,0x6e,0xf0,0x6e,0xef,0x6f,
	0x11,0x91,0x10,0x92,0x10,0x92,0x10,0x92,0x10,0x92,0x10,0x92,0x10,0x92,0x10,0x92,
	0x10,0x92,0x10,0x92,0x10,0x92,0x10,0x92,0x10,0x92,0x10,0x92,0x10,0x92,0x10,0x92,
	0x10,0x92,0x10,0x92,0x10,0x92,0x10,0x92,0x36,0x22,0x36,0x22,0x36,0x22,0x36,0x22,
	0x35,0x22,0x35,0x22,0x35,0x22,0x35,0x22,0x35,0x22,0x35,0x22,0x35,0x22,0x35,0x22,
	0x35,0x22,0x35,0x22,0x35,0x22,0x35,0x22,0x35,0x22,0x35,0x22,0x35,0x22,0x35,0x22,
	0x5a,0xf0,0x5a,0xf0,0x5a,0xf0,0x5a,0xf0,0x5a,0xf0,0x5a,0xf0,0x5a,0xf0,0x5c,0xee,
	0x7d,0x82,0x7f,0x80,0x7f,0x80,0x7f,0x80,0x7f,0x80,0x7f,0x80,0x7f,0x80,0x7f,0x80,
	0x7f,0x80,0x7f,0x80,0x7f,0x80,0x7f,0x80,0x80,0x81,0x80,0x81,0x81,0x81,0x81,0x81,
	0x81,0x81,0x81,0x81,0x81,0x81,0x80,0x80,0x80,0x80,0x80,0x80,0x80,0x80,0x80,0x80,
	0x80,0x80,0x80,0x80,0x80,0x80,0x80,0x80,0x80,0x80,0x80,0x80,0x80,0x80,0x80,0x80,
	0x80,0x80,0x80,0x80,0x80,0x80,0x80,0x80,0x80,0x80,0x80,0x80,0x80,0x80,0x80,0x80,
	0x80,0x80,0x80,0x80,0x80,0x80,0x80,0x80,0x80,0x80,0x80,0x80,0x80,0x80,0x80,0x80,
	0x80,0x80,0x80,0x80,0x80,0x80,0x80,0x80,0xa6,0x10,0xa6,0x10,0xa6,0x10,0xa6,0x10,
	0xa6,0x10,0xa6,0x10,0xa6,0x10,0xa6,0x10,0xa6,0x10,0xa6,0x10,0xa6,0x10,0xa6,0x10,
	0xa6,0x0f,0xa6,0x0f,0xa6,0x10,0xa6,0x10,0xa6,0x10,0xa6,0x10,0xa6,0x10,0xa6,0x10,
	0xca,0xde,0xca,0xde,0xca,0xde,0xca,0xde,0xca,0xde,0xca,0xde,0xca,0xde,0xca,0xde,
	0xca,0xde,0xca,0xde,0xca,0xde,0xca,0xde,0xca,0xde,0xca,0xde,0xca,0xde,0xca,0xde,
	0xca,0xde,0xca,0xde,0xca,0xde,0xca,0xde,0xf0,0x6e,0xf0,0x6e,0xf0,0x6e,0xf0,0x6e,
	0xf0,0x6e,0xf0,0x6e,0xf0,0x6e,0xf0,0x6e,0xf0,0x6e,0xf0,0x6e,0xf0,0x6e,0xf0,0x6e,
	0xf0,0x6e,0xf0,0x6e,0xf0,0x6e,0xf0,0x6e,0xf0,0x6e,0xf0,0x6e,0xf0,0x6e,0xef,0x6f,
	0x11,0x91,0x10,0x92,0x10,0x92,0x10,0x92,0x10,0x92,0x10,0x92,0x10,0x92,0x10,0x92,
	0x10,0x92,0x10,0x92,0x10,0x92,0x10,0x92,0x10,0x92,0x10,0x92,0x10,0x92,0x10,0x92,
	0x10,0x92,0x10,0x92,0x10,0x92,0x10,0x92,0x36,0x22,0x36,0x22,0x36,0x22,0x36,0x22,
	0x35,0x22,0x35,0x22,0x35,0x22,0x35,0x22,0x35,0x22,0x35,0x22,0x35,0x22,0x35,0x22,
	0x35,0x22,0x35,0x22,0x35,0x22,0x35,0x22,0x35,0x22,0x35,0x22,0x35,0x22,0x35,0x22,
	0x5a,0xf0,0x5a,0xf0,0x5a,0xf0,0x5a,0xf0,0x5a,0xf0,0x5a,0xf0,0x5a,0xf0,0x5c,0xee,
	0x7d,0x82,0x7f,0x80,0x7f,0x80,0x7f,0x80,0x7f,0x80,0x7f,0x80,0x7f,0x80,0x7f,0x80,
	0x7f,0x80,0x7f,0x80,0x7f,0x80,0x7f,0x80,0x80,0x80,0x80,0x81,0x80,0x81,0x81,0x81,
	0x81,0x81,0x81,0x81,0x80,0x80,0x80,0x80,0x80,0x80,0x80,0x80,0x80,0x80,0x80,0x80,
	0x80,0x80,0x80,0x80,0x80,0x80,0x80,0x80,0x80,0x80,0x80,0x80,0x80,0x80,0x80,0x80,
	0x80,0x80,0x80,0x80,0x80,0x80,0x80,0x80,0x80,0x80,0x80,0x80,0x80,0x80,0x80,0x80,
	0x80,0x80,0x80,0x80,0x80,0x80,0x80,0x80,0x80,0x80,0x80,0x80,0x80,0x80,0x80,0x80,
	0x80,0x80,0x80,0x80,0x80,0x80,0x80,0x80,0xa6,0x10,0xa6,0x10,0xa6,0x10,0xa6,0x10,
	0xa6,0x10,0xa6,0x10,0xa6,0x10,0xa6,0x10,0xa6,0x10,0xa6,0x10,0xa6,0x10,0xa6,0x10,
	0xa6,0x0f,0xa6,0x0f,0xa6,0x10,0xa6,0x10,0xa6,0x10,0xa6,0x10,0xa6,0x10,0xa6,0x10,
	0xca,0xde,0xca,0xde,0xca,0xde,0xca,0xde,0xca,0xde,0xca,0xde,0xca,0xde,0xca,0xde,
	0xca,0xde,0xca,0xde,0xca,0xde,0xca,0xde,0xca,0xde,0xca,0xde,0xca,0xde,0xca,0xde,
	0xca,0xde,0xca,0xde,0xca,0xde,0xca,0xde,0xf0,0x6e,0xf0,0x6e,0xf0,0x6e,0xf0,0x6e,
	0xf0,0x6e,0xf0,0x6e,0xf0,0x6e,0xf0,0x6e,0xf0,0x6e,0xf0,0x6e,0xf0,0x6e,0xf0,0x6e,
	0xf0,0x6e,0xf0,0x6e,0xf0,0x6e,0xf0,0x6e,0xf0,0x6e,0xf0,0x6e,0xf0,0x6e,0xef,0x6f,
	0x11,0x91,0x10,0x92,0x10,0x92,0x10,0x92,0x10,0x92,0x10,0x92,0x10,0x92,0x10,0x92,
	0x10,0x92,0x10,0x92,0x10,0x92,0x10,0x92,0x10,0x92,0x10,0x92,0x10,0x92,0x10,0x92,
	0x10,0x92,0x10,0x92,0x10,0x92,0x10,0x92,0x36,0x22,0x36,0x22,0x36,0x22,0x36,0x22,
	0x35,0x22,0x35,0x22,0x35,0x22,0x35,0x22,0x35,0x22,0x35,0x22,0x35,0x22,0x35,0x22,
	0x35,0x22,0x35,0x22,0x35,0x22,0x35,0x22,0x35,0x22,0x35,0x22,0x35,0x22,0x35,0x22,
	0x5a,0xf0,0x5a,0xf0,0x5a,0xf0,0x5a,0xf0,0x5a,0xf0,0x5a,0xf0,0x5a,0xf0,0x5c,0xee,
	0x7d,0x82,0x7f,0x80,0x7f,0x80,0x7f,0x80,0x7f,0x80,0x7f,0x80,0x7f,0x80,0x7f,0x80,
	0x7f,0x80,0x7f,0x80,0x7f,0x80,0x7f,0x80,0x80,0x80,0x80,0x80,0x80,0x81,0x81,0x81,
	0x80,0x81,0x80,0x80,0x80,0x80,0x80,0x80,0x80,0x80,0x80,0x80,0x80,0x80,0x80,0x80,
	0x80,0x80,0x80,0x80,0x80,0x80,0x80,0x80,0x80,0x80,0x80,0x80,0x80,0x80,0x80,0x80,
	0x80,0x80,0x80,0x80,0x80,0x80,0x80,0x80,0x80,0x80,0x80,0x80,0x80,0x80,0x80,0x80,
	0x80,0x80,0x80,0x80,0x80,0x80,0x80,0x80,0x80,0x80,0x80,0x80,0x80,0x80,0x80,0x80,
	0x80,0x80,0x80,0x80,0x80,0x80,0x80,0x80,0xa6,0x10,0xa6,0x10,0xa6,0x10,0xa6,0x10,
	0xa6,0x10,0xa6,0x10,0xa6,0x10,0xa6,0x10,0xa6,0x10,0xa6,0x10,0xa6,0x10,0xa6,0x10,
	0xa6,0x0f,0xa6,0x0f,0xa6,0x10,0xa6,0x10,0xa6,0x10,0xa6,0x10,0xa6,0x10,0xa6,0x10,
	0xca,0xde,0xca,0xde,0xca,0xde,0xca,0xde,0xca,0xde,0xca,0xde,0xca,0xde,0xca,0xde,
	0xca,0xde,0xca,0xde,0xca,0xde,0xca,0xde,0xca,0xde,0xca,0xde,0xca,0xde,0xca,0xde,
	0xca,0xde,0xca,0xde,0xca,0xde,0xca,0xde,0xf0,0x6e,0xf0,0x6e,0xf0,0x6e,0xf0,0x6e,
	0xf0,0x6e,0xf0,0x6e,0xf0,0x6e,0xf0,0x6e,0xf0,0x6e,0xf0,0x6e,0xf0,0x6e,0xf0,0x6e,
	0xf0,0x6e,0xf0,0x6e,0xf0,0x6e,0xf0,0x6e,0xf0,0x6e,0xf0,0x6e,0xf0,0x6e,0xef,0x6f,
	0x11,0x91,0x10,0x92,0x10,0x92,0x10,0x92,0x10,0x92,0x10,0x92,0x10,0x92,0x10,0x92,
	0x10,0x92,0x10,0x92,0x10,0x92,0x10,0x92,0x10,0x92,0x10,0x92,0x10,0x92,0x10,0x92,
	0x10,0x92,0x10,0x92,0x10,0x92,0x10,0x92,0x36,0x22,0x36,0x22,0x36,0x22,0x36,0x22,
	0x35,0x22,0x35,0x22,0x35,0x22,0x35,0x22,0x35,0x22,0x35,0x22,0x35,0x22,0x35,0x22,
	0x35,0x22,0x35,0x22,0x35,0x22,0x35,0x22,0x35,0x22,0x35,0x22,0x35,0x22,0x35,0x22,
	0x5a,0xf0,0x5a,0xf0,0x5a,0xf0,0x5a,0xf0,0x5a,0xf0,0x5a,0xf0,0x5a,0xf0,0x5c,0xee,
	0x7d,0x82,0x7f,0x80,0x7f,0x80,0x7f,0x80,0x7f,0x80,0x7f,0x80,0x7f,0x80,0x7f,0x80,
	0x7f,0x80,0x7f,0x80,0x7f,0x80,0x7f,0x80,0x7f,0x80,0x80,0x80,0x80,0x80,0x80,0x81,
	0x80,0x80,0x80,0x80,0x80,0x80,0x80,0x80,0x80,0x80,0x80,0x80,0x80,0x80,0x80,0x80,
	0x80,0x80,0x80,0x80,0x80,0x80,0x80,0x80,0x80,0x80,0x80,0x80,0x80,0x80,0x80,0x80,
	0x80,0x80,0x80,0x80,0x80,0x80,0x80,0x80,0x80,0x80,0x80,0x80,0x80,0x80,0x80,0x80,
	0x80,0x80,0x80,0x80,0x80,0x80,0x80,0x80,0x80,0x80,0x80,0x80,0x80,0x80,0x80,0x80,
	0x80,0x80,0x80,0x80,0x80,0x80,0x80,0x80,0xa6,0x10,0xa6,0x10,0xa6,0x10,0xa6,0x10,
	0xa6,0x10,0xa6,0x10,0xa6,0x10,0xa6,0x10,0xa6,0x10,0xa6,0x10,0xa6,0x10,0xa6,0x10,
	0xa6,0x0f,0xa6,0x0f,0xa6,0x10,0xa6,0x10,0xa6,0x10,0xa6,0x10,0xa6,0x10,0xa6,0x10,
	0xca,0xde,0xca,0xde,0xca,0xde,0xca,0xde,0xca,0xde,0xca,0xde,0xca,0xde,0xca,0xde,
	0xca,0xde,0xca,0xde,0xca,0xde,0xca,0xde,0xca,0xde,0xca,0xde,0xca,0xde,0xca,0xde,
	0xca,0xde,0xca,0xde,0xca,0xde,0xca,0xde,0xf0,0x6e,0xf0,0x6e,0xf0,0x6e,0xf0,0x6e,
	0xf0,0x6e,0xf0,0x6e,0xf0,0x6e,0xf0,0x6e,0xf0,0x6e,0xf0,0x6e,0xf0,0x6e,0xf0,0x6e,
	0xf0,0x6e,0xf0,0x6e,0xf0,0x6e,0xf0,0x6e,0xf0,0x6e,0xf0,0x6e,0xf0,0x6e,0xee,0x70,
	0x12,0x90,0x10,0x92,0x10,0x92,0x10,0x92,0x10,0x92,0x10,0x92,0x10,0x92,0x10,0x92,
	0x10,0x92,0x10,0x92,0x10,0x92,0x10,0x92,0x10,0x92,0x10,0x92,0x10,0x92,0x10,0x92,
	0x10,0x92,0x10,0x92,0x10,0x92,0x10,0x92,0x36,0x22,0x36,0x22,0x36,0x22,0x36,0x22,
	0x35,0x22,0x35,0x22,0x35,0x22,0x35,0x22,0x35,0x22,0x35,0x22,0x35,0x22,0x35,0x22,
	0x35,0x22,0x35,0x22,0x35,0x22,0x35,0x22,0x35,0x22,0x35,0x22,0x35,0x22,0x35,0x22,
	0x5a,0xf0,0x5a,0xf0,0x5a,0xf0,0x5a,0xf0,0x5a,0xf0,0x5a,0xf0,0x5a,0xf0,0x5c,0xee,
	0x7d,0x82,0x7f,0x80,0x7f,0x80,0x7f,0x80,0x7f,0x80,0x7f,0x80,0x7f,0x80,0x7f,0x80,
	0x7f,0x80,0x7f,0x80,0x7f,0x80,0x7f,0x80,0x7f,0x80,0x80,0x80,0x80,0x80,0x80,0x81,
	0x80,0x80,0x80,0x80,0x80,0x80,0x80,0x80,0x80,0x80,0x80,0x80,0x80,0x80,0x80,0x80,
	0x80,0x80,0x80,0x80,0x80,0x80,0x80,0x80,0x80,0x80,0x80,0x80,0x80,0x80,0x80,0x80,
	0x80,0x80,0x80,0x80,0x80,0x80,0x80,0x80,0x80,0x80,0x80,0x80,0x80,0x80,0x80,0x80,
	0x80,0x80,0x80,0x80,0x80,0x80,0x80,0x80,0x80,0x80,0x80,0x80,0x80,0x80,0x80,0x80,
	0x80,0x80,0x80,0x80,0x80,0x80,0x80,0x80,0xa6,0x10,0xa6,0x10,0xa6,0x10,0xa6,0x10,
	0xa6,0x10,0xa6,0x10,0xa6,0x10,0xa6,0x10,0xa6,0x10,0xa6,0x10,0xa6,0x10,0xa6,0x10,
	0xa6,0x0f,0xa6,0x0f,0xa6,0x10,0xa6,0x10,0xa6,0x10,0xa6,0x10,0xa6,0x10,0xa6,0x10,
	0xca,0xde,0xca,0xde,0xca,0xde,0xca,0xde,0xca,0xde,0xca,0xde,0xca,0xde,0xca,0xde,
	0xca,0xde,0xca,0xde,0xca,0xde,0xca,0xde,0xca,0xde,0xca,0xde,0xca,0xde,0xca,0xde,
	0xca,0xde,0xca,0xde,0xca,0xde,0xca,0xde,0xf0,0x6e,0xf0,0x6e,0xf0,0x6e,0xf0,0x6e,
	0xf0,0x6e,0xf0,0x6e,0xf0,0x6e,0xf0,0x6e,0xf0,0x6e,0xf0,0x6e,0xf0,0x6e,0xf0,0x6e,
	0xf0,0x6e,0xf0,0x6e,0xf0,0x6e,0xf0,0x6e,0xf0,0x6e,0xf0,0x6e,0xf0,0x6e,0xee,0x70,
	0x12,0x90,0x10,0x92,0x10,0x92,0x10,0x92,0x10,0x92,0x10,0x92,0x10,0x92,0x10,0x92,
	0x10,0x92,0x10,0x92,0x10,0x92,0x10,0x92,0x10,0x92,0x10,0x92,0x10,0x92,0x10,0x92,
	0x10,0x92,0x10,0x92,0x10,0x92,0x10,0x92,0x36,0x22,0x36,0x22,0x36,0x22,0x36,0x22,
	0x35,0x22,0x35,0x22,0x35,0x22,0x35,0x22,0x35,0x22,0x35,0x22,0x35,0x22,0x35,0x22,
	0x35,0x22,0x35,0x22,0x35,0x22,0x35,0x22,0x35,0x22,0x35,0x22,0x35,0x22,0x35,0x22,
	0x5a,0xf0,0x5a,0xf0,0x5a,0xf0,0x5a,0xf0,0x5a,0xf0,0x5a,0xf0,0x5a,0xf0,0x5c,0xee,
	0x7d,0x82,0x7f,0x80,0x7f,0x80,0x7f,0x80,0x7f,0x80,0x7f,0x80,0x7f,0x80,0x7f,0x80,
	0x7f,0x80,0x7f,0x80,0x7f,0x80,0x7f,0x80,0x7f,0x80,0x80,0x80,0x80,0x80,0x80,0x81,
	0x80,0x80,0x80,0x80,0x80,0x80,0x80,0x80,0x80,0x80,0x80,0x80,0x80,0x80,0x80,0x80,
	0x80,0x80,0x80,0x80,0x80,0x80,0x80,0x80,0x80,0x80,0x80,0x80,0x80,0x80,0x80,0x80,
	0x80,0x80,0x80,0x80,0x80,0x80,0x80,0x80,0x80,0x80,0x80,0x80,0x80,0x80,0x80,0x80,
	0x80,0x80,0x80,0x80,0x80,0x80,0x80,0x80,0x80,0x80,0x80,0x80,0x80,0x80,0x80,0x80,
	0x80,0x80,0x80,0x80,0x80,0x80,0x80,0x80,0xa6,0x10,0xa6,0x10,0xa6,0x10,0xa6,0x10,
	0xa6,0x10,0xa6,0x10,0xa6,0x10,0xa6,0x10,0xa6,0x10,0xa6,0x10,0xa6,0x10,0xa6,0x10,
	0xa6,0x0f,0xa6,0x0f,0xa6,0x10,0xa6,0x10,0xa6,0x10,0xa6,0x10,0xa6,0x10,0xa6,0x10,
	0xca,0xde,0xca,0xde,0xca,0xde,0xca,0xde,0xca,0xde,0xca,0xde,0xca,0xde,0xca,0xde,
	0xca,0xde,0xca,0xde,0xca,0xde,0xca,0xde,0xca,0xde,0xca,0xde,0xca,0xde,0xca,0xde,
	0xca,0xde,0xca,0xde,0xca,0xde,0xca,0xde,0xf0,0x6e,0xf0,0x6e,0xf0,0x6e,0xf0,0x6e,
	0xf0,0x6e,0xf0,0x6e,0xf0,0x6e,0xf0,0x6e,0xf0,0x6e,0xf0,0x6e,0xf0,0x6e,0xf0,0x6e,
	0xf0,0x6e,0xf0,0x6e,0xf0,0x6e,0xf0,0x6e,0xf0,0x6e,0xf0,0x6e,0xf0,0x6e,0xee,0x70,
	0x12,0x90,0x10,0x92,0x10,0x92,0x10,0x92,0x10,0x92,0x10,0x92,0x10,0x92,0x10,0x92,
	0x10,0x92,0x10,0x92,0x10,0x92,0x10,0x92,0x10,0x92,0x10,0x92,0x10,0x92,0x10,0x92,
	0x10,0x92,0x10,0x92,0x10,0x92,0x10,0x92,0x36,0x22,0x36,0x22,0x36,0x22,0x36,0x22,
	0x35,0x22,0x35,0x22,0x35,0x22,0x35,0x22,0x35,0x22,0x35,0x22,0x35,0x22,0x35,0x22,
	0x35,0x22,0x35,0x22,0x35,0x22,0x35,0x22,0x35,0x22,0x35,0x22,0x35,0x22,0x35,0x22,
	0x5a,0xf0,0x5a,0xf0,0x5a,0xf0,0x5a,0xf0,0x5a,0xf0,0x5a,0xf0,0x5a,0xf0,0x5c,0xee,
	0x7d,0x82,0x7f,0x80,0x7f,0x80,0x7f,0x80,0x7f,0x80,0x7f,0x80,0x7f,0x80,0x7f,0x80,
	0x7f,0x80,0x7f,0x80,0x7f,0x80,0x7f,0x80,0x7f,0x80,0x80,0x80,0x80,0x80,0x80,0x81,
	0x80,0x80,0x80,0x80,0x80,0x80,0x80,0x80,0x80,0x80,0x80,0x80,0x80,0x80,0x80,0x80,
	0x80,0x80,0x80,0x80,0x80,0x80,0x80,0x80,0x80,0x80,0x80,0x80,0x80,0x80,0x80,0x80,
	0x80,0x80,0x80,0x80,0x80,0x80,0x80,0x80,0x80,0x80,0x80,0x80,0x80,0x80,0x80,0x80,
	0x80,0x80,0x80,0x80,0x80,0x80,0x80,0x80,0x80,0x80,0x80,0x80,0x80,0x80,0x80,0x80,
	0x80,0x80,0x80,0x80,0x80,0x80,0x80,0x80,0xa6,0x10,0xa6,0x10,0xa6,0x10,0xa6,0x10,
	0xa6,0x10,0xa6,0x10,0xa6,0x10,0xa6,0x10,0xa6,0x10,0xa6,0x10,0xa6,0x10,0xa6,0x10,
	0xa6,0x0f,0xa6,0x0f,0xa6,0x10,0xa6,0x10,0xa6,0x10,0xa6,0x10,0xa6,0x10,0xa6,0x10,
	0xca,0xde,0xca,0xde,0xca,0xde,0xca,0xde,0xca,0xde,0xca,0xde,0xca,0xde,0xca,0xde,
	0xca,0xde,0xca,0xde,0xca,0xde,0xca,0xde,0xca,0xde,0xca,0xde,0xca,0xde,0xca,0xde,
	0xca,0xde,0xca,0xde,0xca,0xde,0xca,0xde,0xf0,0x6e,0xf0,0x6e,0xf0,0x6e,0xf0,0x6e,
	0xf0,0x6e,0xf0,0x6e,0xf0,0x6e,0xf0,0x6e,0xf0,0x6e,0xf0,0x6e,0xf0,0x6e,0xf0,0x6e,
	0xf0,0x6e,0xf0,0x6e,0xf0,0x6e,0xf0,0x6e,0xf0,0x6e,0xf0,0x6e,0xf0,0x6e,0xee,0x70,
	0x12,0x90,0x10,0x92,0x10,0x92,0x10,0x92,0x10,0x92,0x10,0x92,0x10,0x92,0x10,0x92,
	0x10,0x92,0x10,0x92,0x10,0x92,0x10,0x92,0x10,0x92,0x10,0x92,0x10,0x92,0x10,0x92,
	0x10,0x92,0x10,0x92,0x10,0x92,0x10,0x92,0x36,0x22,0x36,0x22,0x36,0x22,0x36,0x22,
	0x35,0x22,0x35,0x22,0x35,0x22,0x35,0x22,0x35,0x22,0x35,0x22,0x35,0x22,0x35,0x22,
	0x35,0x22,0x35,0x22,0x35,0x22,0x35,0x22,0x35,0x22,0x35,0x22,0x35,0x22,0x35,0x22,
	0x5a,0xf0,0x5a,0xf0,0x5a,0xf0,0x5a,0xf0,0x5a,0xf0,0x5a,0xf0,0x5a,0xf0,0x5c,0xee,
	0x7d,0x82,0x7f,0x80,0x7f,0x80,0x7f,0x80,0x7f,0x80,0x7f,0x80,0x7f,0x80,0x7f,0x80,
	0x7f,0x80,0x7f,0x80,0x7f,0x80,0x7f,0x80,0x7f,0x80,0x80,0x80,0x80,0x80,0x80,0x81,
	0x80,0x80,0x80,0x80,0x80,0x80,0x80,0x80,0x80,0x80,0x80,0x80,0x80,0x80,0x80,0x80,
	0x80,0x80,0x80,0x80,0x80,0x80,0x80,0x80,0x80,0x80,0x80,0x80,0x80,0x80,0x80,0x80,
	0x80,0x80,0x80,0x80,0x80,0x80,0x80,0x80,0x80,0x80,0x80,0x80,0x80,0x80,0x80,0x80,
	0x80,0x80,0x80,0x80,0x80,0x80,0x80,0x80,0x80,0x80,0x80,0x80,0x80,0x80,0x80,0x80,
	0x80,0x80,0x80,0x80,0x80,0x80,0x80,0x80,0xa6,0x10,0xa6,0x10,0xa6,0x10,0xa6,0x10,
	0xa6,0x10,0xa6,0x10,0xa6,0x10,0xa6,0x10,0xa6,0x10,0xa6,0x10,0xa6,0x10,0xa6,0x10,
	0xa6,0x0f,0xa6,0x0f,0xa6,0x10,0xa6,0x10,0xa6,0x10,0xa6,0x10,0xa6,0x10,0xa6,0x10,
	0xca,0xde,0xca,0xde,0xca,0xde,0xca,0xde,0xca,0xde,0xca,0xde,0xca,0xde,0xca,0xde,
	0xca,0xde,0xca,0xde,0xca,0xde,0xca,0xde,0xca,0xde,0xca,0xde,0xca,0xde,0xca,0xde,
	0xca,0xde,0xca,0xde,0xca,0xde,0xca,0xde,0xf0,0x6e,0xf0,0x6e,0xf0,0x6e,0xf0,0x6e,
	0xf0,0x6e,0xf0,0x6e,0xf0,0x6e,0xf0,0x6e,0xf0,0x6e,0xf0,0x6e,0xf0,0x6e,0xf0,0x6e,
	0xf0,0x6e,0xf0,0x6e,0xf0,0x6e,0xf0,0x6e,0xf0,0x6e,0xf0,0x6e,0xf0,0x6e,0xee,0x70,
	0x12,0x90,0x10,0x92,0x10,0x92,0x10,0x92,0x10,0x92,0x10,0x92,0x10,0x92,0x10,0x92,
	0x10,0x92,0x10,0x92,0x10,0x92,0x10,0x92,0x10,0x92,0x10,0x92,0x10,0x92,0x10,0x92,
	0x10,0x92,0x10,0x92,0x10,0x92,0x10,0x92,0x36,0x22,0x36,0x22,0x36,0x22,0x36,0x22,
	0x35,0x22,0x35,0x22,0x35,0x22,0x35,0x22,0x35,0x22,0x35,0x22,0x35,0x22,0x35,0x22,
	0x35,0x22,0x35,0x22,0x35,0x22,0x35,0x22,0x35,0x22,0x35,0x22,0x35,0x22,0x35,0x22,
	0x5a,0xf0,0x5a,0xf0,0x5a,0xf0,0x5a,0xf0,0x5a,0xf0,0x5a,0xf0,0x5a,0xf0,0x5c,0xee,
	0x7d,0x82,0x7f,0x80,0x7f,0x80,0x7f,0x80,0x7f,0x80,0x7f,0x80,0x7f,0x80,0x7f,0x80,
	0x7f,0x80,0x7f,0x80,0x7f,0x80,0x7f,0x80,0x7f,0x80,0x80,0x80,0x80,0x80,0x80,0x81,
	0x80,0x80,0x80,0x80,0x80,0x80,0x80,0x80,0x80,0x80,0x80,0x80,0x80,0x80,0x80,0x80,
	0x80,0x80,0x80,0x80,0x80,0x80,0x80,0x80,0x80,0x80,0x80,0x80,0x80,0x80,0x80,0x80,
	0x80,0x80,0x80,0x80,0x80,0x80,0x80,0x80,0x80,0x80,0x80,0x80,0x80,0x80,0x80,0x80,
	0x80,0x80,0x80,0x80,0x80,0x80,0x80,0x80,0x80,0x80,0x80,0x80,0x80,0x80,0x80,0x80,
	0x80,0x80,0x80,0x80,0x80,0x80,0x80,0x80,0xa6,0x10,0xa6,0x10,0xa6,0x10,0xa6,0x10,
	0xa6,0x10,0xa6,0x10,0xa6,0x10,0xa6,0x10,0xa6,0x10,0xa6,0x10,0xa6,0x10,0xa6,0x10,
	0xa6,0x0f,0xa6,0x0f,0xa6,0x10,0xa6,0x10,0xa6,0x10,0xa6,0x10,0xa6,0x10,0xa6,0x10,
	0xca,0xde,0xca,0xde,0xca,0xde,0xca,0xde,0xca,0xde,0xca,0xde,0xca,0xde,0xca,0xde,
	0xca,0xde,0xca,0xde,0xca,0xde,0xca,0xde,0xca,0xde,0xca,0xde,0xca,0xde,0xca,0xde,
	0xca,0xde,0xca,0xde,0xca,0xde,0xca,0xde,0xf0,0x6e,0xf0,0x6e,0xf0,0x6e,0xf0,0x6e,
	0xf0,0x6e,0xf0,0x6e,0xf0,0x6e,0xf0,0x6e,0xf0,0x6e,0xf0,0x6e,0xf0,0x6e,0xf0,0x6e,
	0xf0,0x6e,0xf0,0x6e,0xf0,0x6e,0xf0,0x6e,0xf0,0x6e,0xf0,0x6e,0xf0,0x6e,0xee,0x70,
	0x12,0x90,0x10,0x92,0x10,0x92,0x10,0x92,0x10,0x92,0x10,0x92,0x10,0x92,0x10,0x92,
	0x10,0x92,0x10,0x92,0x10,0x92,0x10,0x92,0x10,0x92,0x10,0x92,0x10,0x92,0x10,0x92,
	0x10,0x92,0x10,0x92,0x10,0x92,0x10,0x92,0x36,0x22,0x36,0x22,0x36,0x22,0x36,0x22,
	0x35,0x22,0x35,0x22,0x35,0x22,0x35,0x22,0x35,0x22,0x35,0x22,0x35,0x22,0x35,0x22,
	0x35,0x22,0x35,0x22,0x35,0x22,0x35,0x22,0x35,0x22,0x35,0x22,0x35,0x22,0x35,0x22,
	0x5a,0xf0,0x5a,0xf0,0x5a,0xf0,0x5a,0xf0,0x5a,0xf0,0x5a,0xf0,0x5a,0xf0,0x5c,0xee,
	0x7d,0x82,0x7f,0x80,0x7f,0x80,0x7f,0x80,0x7f,0x80,0x7f,0x80,0x7f,0x80,0x7f,0x80,
	0x7f,0x80,0x7f,0x80,0x7f,0x80,0x7f,0x80,0x7f,0x80,0x80,0x80,0x80,0x80,0x80,0x81,
	0x80,0x80,0x80,0x80,0x80,0x80,0x80,0x80,0x80,0x80,0x80,0x80,0x80,0x80,0x80,0x80,
	0x80,0x80,0x80,0x80,0x80,0x80,0x80,0x80,0x80,0x80,0x80,0x80,0x80,0x80,0x80,0x80,
	0x80,0x80,0x80,0x80,0x80,0x80,0x80,0x80,0x80,0x80,0x80,0x80,0x80,0x80,0x80,0x80,
	0x80,0x80,0x80,0x80,0x80,0x80,0x80,0x80,0x80,0x80,0x80,0x80,0x80,0x80,0x80,0x80,
	0x80,0x80,0x80,0x80,0x80,0x80,0x80,0x80,0xa6,0x10,0xa6,0x10,0xa6,0x10,0xa6,0x10,
	0xa6,0x10,0xa6,0x10,0xa6,0x10,0xa6,0x10,0xa6,0x10,0xa6,0x10,0xa6,0x10,0xa6,0x10,
	0xa6,0x0f,0xa6,0x0f,0xa6,0x10,0xa6,0x10,0xa6,0x10,0xa6,0x10,0xa6,0x10,0xa6,0x10,
	0xca,0xde,0xca,0xde,0xca,0xde,0xca,0xde,0xca,0xde,0xca,0xde,0xca,0xde,0xca,0xde,
	0xca,0xde,0xca,0xde,0xca,0xde,0xca,0xde,0xca,0xde,0xca,0xde,0xca,0xde,0xca,0xde,
	0xca,0xde,0xca,0xde,0xca,0xde,0xca,0xde,0xf0,0x6e,0xf0,0x6e,0xf0,0x6e,0xf0,0x6e,
	0xf0,0x6e,0xf0,0x6e,0xf0,0x6e,0xf0,0x6e,0xf0,0x6e,0xf0,0x6e,0xf0,0x6e,0xf0,0x6e,
	0xf0,0x6e,0xf0,0x6e,0xf0,0x6e,0xf0,0x6e,0xf0,0x6e,0xf0,0x6e,0xf0,0x6e,0xee,0x70,
	0x12,0x90,0x10,0x92,0x10,0x92,0x10,0x92,0x10,0x92,0x10,0x92,0x10,0x92,0x10,0x92,
	0x10,0x92,0x10,0x92,0x10,0x92,0x10,0x92,0x10,0x92,0x10,0x92,0x10,0x92,0x10,0x92,
	0x10,0x92,0x10,0x92,0x10,0x92,0x10,0x92,0x36,0x22,0x36,0x22,0x36,0x22,0x36,0x22,
	0x35,0x22,0x35,0x22,0x35,0x22,0x35,0x22,0x35,0x22,0x35,0x22,0x35,0x22,0x35,0x22,
	0x35,0x22,0x35,0x22,0x35,0x22,0x35,0x22,0x35,0x22,0x35,0x22,0x35,0x22,0x35,0x22,
	0x5a,0xf0,0x5a,0xf0,0x5a,0xf0,0x5a,0xf0,0x5a,0xf0,0x5a,0xf0,0x5a,0xf0,0x5c,0xee,
	0x7d,0x82,0x7f,0x80,0x7f,0x80,0x7f,0x80,0x7f,0x80,0x7f,0x80,0x7f,0x80,0x7f,0x80,
	0x7f,0x80,0x7f,0x80,0x7f,0x80,0x7f,0x80,0x7f,0x80,0x80,0x80,0x80,0x80,0x80,0x81,
	0x80,0x80,0x80,0x80,0x80,0x80,0x80,0x80,0x80,0x80,0x80,0x80,0x80,0x80,0x80,0x80,
	0x80,0x80,0x80,0x80,0x80,0x80,0x80,0x80,0x80,0x80,0x80,0x80,0x80,0x80,0x80,0x80,
	0x80,0x80,0x80,0x80,0x80,0x80,0x80,0x80,0x80,0x80,0x80,0x80,0x80,0x80,0x80,0x80,
	0x80,0x80,0x80,0x80,0x80,0x80,0x80,0x80,0x80,0x80,0x80,0x80,0x80,0x80,0x80,0x80,
	0x80,0x80,0x80,0x80,0x80,0x80,0x80,0x80,0xa6,0x10,0xa6,0x10,0xa6,0x10,0xa6,0x10,
	0xa6,0x10,0xa6,0x10,0xa6,0x10,0xa6,0x10,0xa6,0x10,0xa6,0x10,0xa6,0x10,0xa6,0x10,
	0xa6,0x0f,0xa6,0x0f,0xa6,0x10,0xa6,0x10,0xa6,0x10,0xa6,0x10,0xa6,0x10,0xa6,0x10,
	0xca,0xde,0xca,0xde,0xca,0xde,0xca,0xde,0xca,0xde,0xca,0xde,0xca,0xde,0xca,0xde,
	0xca,0xde,0xca,0xde,0xca,0xde,0xca,0xde,0xca,0xde,0xca,0xde,0xca,0xde,0xca,0xde,
	0xca,0xde,0xca,0xde,0xca,0xde,0xca,0xde,0xf0,0x6e,0xf0,0x6e,0xf0,0x6e,0xf0,0x6e,
	0xf0,0x6e,0xf0,0x6e,0xf0,0x6e,0xf0,0x6e,0xf0,0x6e,0xf0,0x6e,0xf0,0x6e,0xf0,0x6e,
	0xf0,0x6e,0xf0,0x6e,0xf0,0x6e,0xf0,0x6e,0xf0,0x6e,0xf0,0x6e,0xf0,0x6e,0xee,0x70,
	0x12,0x90,0x10,0x92,0x10,0x92,0x10,0x92,0x10,0x92,0x10,0x92,0x10,0x92,0x10,0x92,
	0x10,0x92,0x10,0x92,0x10,0x92,0x10,0x92,0x10,0x92,0x10,0x92,0x10,0x92,0x10,0x92,
	0x10,0x92,0x10,0x92,0x10,0x92,0x10,0x92,0x36,0x22,0x36,0x22,0x36,0x22,0x36,0x22,
	0x35,0x22,0x35,0x22,0x35,0x22,0x35,0x22,0x35,0x22,0x35,0x22,0x35,0x22,0x35,0x22,
	0x35,0x22,0x35,0x22,0x35,0x22,0x35,0x22,0x35,0x22,0x35,0x22,0x35,0x22,0x35,0x22,
	0x5a,0xf0,0x5a,0xf0,0x5a,0xf0,0x5a,0xf0,0x5a,0xf0,0x5a,0xf0,0x5a,0xf0,0x5c,0xee,
	0x7f,0x80,0x81,0x7e,0x81,0x7e,0x81,0x7e,0x81,0x7e,0x81,0x7e,0x81,0x7e,0x81,0x7e,
	0x81,0x7e,0x81,0x7e,0x81,0x7e,0x81,0x7e,0x7f,0x80,0x80,0x80,0x80,0x80,0x80,0x81,
	0x80,0x80,0x80,0x80,0x80,0x80,0x80,0x80,0x80,0x80,0x80,0x80,0x80,0x80,0x80,0x80,
	0x80,0x80,0x80,0x80,0x80,0x80,0x80,0x80,0x80,0x80,0x80,0x80,0x80,0x80,0x80,0x80,
	0x80,0x80,0x80,0x80,0x80,0x80,0x80,0x80,0x80,0x80,0x80,0x80,0x80,0x80,0x80,0x80,
	0x80,0x80,0x80,0x80,0x80,0x80,0x80,0x80,0x80,0x80,0x80,0x80,0x80,0x80,0x80,0x80,
	0x80,0x80,0x80,0x80,0x80,0x80,0x80,0x80,0xa6,0x10,0xa6,0x10,0xa6,0x10,0xa6,0x10,
	0xa6,0x10,0xa6,0x10,0xa6,0x10,0xa6,0x10,0xa6,0x10,0xa6,0x10,0xa6,0x10,0xa6,0x10,
	0xa6,0x0f,0xa6,0x0f,0xa6,0x10,0xa6,0x10,0xa6,0x10,0xa6,0x10,0xa6,0x10,0xa6,0x10,
	0xca,0xde,0xca,0xde,0xca,0xde,0xca,0xde,0xca,0xde,0xca,0xde,0xca,0xde,0xca,0xde,
	0xca,0xde,0xca,0xde,0xca,0xde,0xca,0xde,0xca,0xde,0xca,0xde,0xca,0xde,0xca,0xde,
	0xca,0xde,0xca,0xde,0xca,0xde,0xca,0xde,0xf0,0x6e,0xf0,0x6e,0xf0,0x6e,0xf0,0x6e,
	0xf0,0x6e,0xf0,0x6e,0xf0,0x6e,0xf0,0x6e,0xf0,0x6e,0xf0,0x6e,0xf0,0x6e,0xf0,0x6e,
	0xf0,0x6e,0xf0,0x6e,0xf0,0x6e,0xf0,0x6e,0xf0,0x6e,0xf0,0x6e,0xf0,0x6e,0xee,0x70,
	0x12,0x90,0x10,0x92,0x10,0x92,0x10,0x92,0x10,0x92,0x10,0x92,0x10,0x92,0x10,0x92,
	0x10,0x92,0x10,0x92,0x10,0x92,0x10,0x92,0x10,0x92,0x10,0x92,0x10,0x92,0x10,0x92,
	0x10,0x92,0x10,0x92,0x10,0x92,0x10,0x92,0x36,0x22,0x36,0x22,0x36,0x22,0x36,0x22,
	0x35,0x22,0x35,0x22,0x35,0x22,0x35,0x22,0x35,0x22,0x35,0x22,0x35,0x22,0x35,0x22,
	0x35,0x22,0x35,0x22,0x35,0x22,0x35,0x22,0x35,0x22,0x35,0x22,0x35,0x22,0x35,0x22,
	0x5a,0xf0,0x5a,0xf0,0x5a,0xf0,0x5a,0xf0,0x5a,0xf0,0x5a,0xf0,0x5a,0xf0,0x5c,0xee,
	0x78,0x8a,0x7a,0x88,0x7a,0x88,0x7a,0x88,0x7a,0x88,0x7a,0x88,0x7a,0x88,0x7a,0x88,
	0x7a,0x88,0x7a,0x88,0x7a,0x88,0x7a,0x88,0x80,0x80,0x80,0x80,0x80,0x81,0x80,0x81,
	0x80,0x81,0x80,0x80,0x80,0x80,0x80,0x80,0x80,0x80,0x80,0x80,0x80,0x80,0x80,0x80,
	0x80,0x80,0x80,0x80,0x80,0x80,0x80,0x80,0x80,0x80,0x80,0x80,0x80,0x80,0x80,0x80,
	0x80,0x80,0x80,0x80,0x80,0x80,0x80,0x80,0x80,0x80,0x80,0x80,0x80,0x80,0x80,0x80,
	0x80,0x80,0x80,0x80,0x80,0x80,0x80,0x80,0x80,0x80,0x80,0x80,0x80,0x80,0x80,0x80,
	0x80,0x80,0x80,0x80,0x80,0x80,0x80,0x80,0xa6,0x10,0xa6,0x10,0xa6,0x10,0xa6,0x10,
	0xa6,0x10,0xa6,0x10,0xa6,0x10,0xa6,0x10,0xa6,0x10,0xa6,0x10,0xa6,0x10,0xa6,0x10,
	0xa6,0x0f,0xa6,0x0f,0xa6,0x10,0xa6,0x10,0xa6,0x10,0xa6,0x10,0xa6,0x10,0xa6,0x10,
	0xca,0xde,0xca,0xde,0xca,0xde,0xca,0xde,0xca,0xde,0xca,0xde,0xca,0xde,0xca,0xde,
	0xca,0xde,0xca,0xde,0xca,0xde,0xca,0xde,0xca,0xde,0xca,0xde,0xca,0xde,0xca,0xde,
	0xca,0xde,0xca,0xde,0xca,0xde,0xca,0xde,0xf0,0x6e,0xf0,0x6e,0xf0,0x6e,0xf0,0x6e,
	0xf0,0x6e,0xf0,0x6e,0xf0,0x6e,0xf0,0x6e,0xf0,0x6e,0xf0,0x6e,0xf0,0x6e,0xf0,0x6e,
	0xf0,0x6e,0xf0,0x6e,0xf0,0x6e,0xf0,0x6e,0xf0,0x6e,0xf0,0x6e,0xf0,0x6e,0xee,0x70,
	0x12,0x90,0x10,0x92,0x10,0x92,0x10,0x92,0x10,0x92,0x10,0x92,0x10,0x92,0x10,0x92,
	0x10,0x92,0x10,0x92,0x10,0x92,0x10,0x92,0x10,0x92,0x10,0x92,0x10,0x92,0x10,0x92,
	0x10,0x92,0x10,0x92,0x10,0x92,0x10,0x92,0x36,0x22,0x36,0x22,0x36,0x22,0x36,0x22,
	0x35,0x22,0x35,0x22,0x35,0x22,0x35,0x22,0x35,0x22,0x35,0x22,0x35,0x22,0x35,0x22,
	0x35,0x22,0x35,0x22,0x35,0x22,0x35,0x22,0x35,0x22,0x35,0x22,0x35,0x22,0x35,0x22,
	0x5a,0xf0,0x5a,0xf0,0x5a,0xf0,0x5a,0xf0,0x5a,0xf0,0x5a,0xf0,0x5a,0xf0,0x5c,0xee,
	0x5d,0xe8,0x5f,0xe6,0x5f,0xe6,0x5f,0xe6,0x5f,0xe6,0x5f,0xe6,0x5f,0xe6,0x5f,0xe6,
	0x5f,0xe6,0x5f,0xe6,0x5f,0xe6,0x5f,0xe6,0x80,0x80,0x80,0x81,0x80,0x81,0x80,0x81,
	0x80,0x81,0x80,0x81,0x80,0x80,0x80,0x80,0x80,0x80,0x80,0x80,0x80,0x80,0x80,0x80,
	0x80,0x80,0x80,0x80,0x80,0x80,0x80,0x80,0x80,0x80,0x80,0x80,0x80,0x80,0x80,0x80,
	0x80,0x80,0x80,0x80,0x80,0x80,0x80,0x80,0x80,0x80,0x80,0x80,0x80,0x80,0x80,0x80,
	0x80,0x80,0x80,0x80,0x80,0x80,0x80,0x80,0x80,0x80,0x80,0x80,0x80,0x80,0x80,0x80,
	0x80,0x80,0x80,0x80,0x80,0x80,0x80,0x80,0xa6,0x10,0xa6,0x10,0xa6,0x10,0xa6,0x10,
	0xa6,0x10,0xa6,0x10,0xa6,0x10,0xa6,0x10,0xa6,0x10,0xa6,0x10,0xa6,0x10,0xa6,0x10,
	0xa6,0x0f,0xa6,0x0f,0xa6,0x10,0xa6,0x10,0xa6,0x10,0xa6,0x10,0xa6,0x10,0xa6,0x10,
	0xca,0xde,0xca,0xde,0xca,0xde,0xca,0xde,0xca,0xde,0xca,0xde,0xca,0xde,0xca,0xde,
	0xca,0xde,0xca,0xde,0xca,0xde,0xca,0xde,0xca,0xde,0xca,0xde,0xca,0xde,0xca,0xde,
	0xca,0xde,0xca,0xde,0xca,0xde,0xca,0xde,0xf0,0x6e,0xf0,0x6e,0xf0,0x6e,0xf0,0x6e,
	0xf0,0x6e,0xf0,0x6e,0xf0,0x6e,0xf0,0x6e,0xf0,0x6e,0xf0,0x6e,0xf0,0x6e,0xf0,0x6e,
	0xf0,0x6e,0xf0,0x6e,0xf0,0x6e,0xf0,0x6e,0xf0,0x6e,0xf0,0x6e,0xf0,0x6e,0xee,0x70,
	0x12,0x90,0x10,0x92,0x10,0x92,0x10,0x92,0x10,0x92,0x10,0x92,0x10,0x92,0x10,0x92,
	0x10,0x92,0x10,0x92,0x10,0x92,0x10,0x92,0x10,0x92,0x10,0x92,0x10,0x92,0x10,0x92,
	0x10,0x92,0x10,0x92,0x10,0x92,0x10,0x92,0x36,0x22,0x36,0x22,0x36,0x22,0x36,0x22,
	0x35,0x22,0x35,0x22,0x35,0x22,0x35,0x22,0x35,0x22,0x35,0x22,0x35,0x22,0x35,0x22,
	0x35,0x22,0x35,0x22,0x35,0x22,0x35,0x22,0x35,0x22,0x35,0x22,0x35,0x22,0x35,0x22,
	0x5a,0xf0,0x5a,0xf0,0x5a,0xf0,0x5a,0xf0,0x5a,0xf0,0x5a,0xf0,0x5a,0xf0,0x5b,0xf1,
	0x5b,0xf2,0x5c,0xf3,0x5c,0xf3,0x5c,0xf3,0x5c,0xf3,0x5c,0xf3,0x5c,0xf3,0x5c,0xf3,
	0x5c,0xf3,0x5c,0xf3,0x5c,0xf3,0x5c,0xf3,0x80,0x81,0x80,0x81,0x80,0x81,0x80,0x81,
	0x80,0x81,0x80,0x81,0x80,0x81,0x80,0x80,0x80,0x80,0x80,0x80,0x80,0x80,0x80,0x80,
	0x80,0x80,0x80,0x80,0x80,0x80,0x80,0x80,0x80,0x80,0x80,0x80,0x80,0x80,0x80,0x80,
	0x80,0x80,0x80,0x80,0x80,0x80,0x80,0x80,0x80,0x80,0x80,0x80,0x80,0x80,0x80,0x80,
	0x80,0x80,0x80,0x80,0x80,0x80,0x80,0x80,0x80,0x80,0x80,0x80,0x80,0x80,0x80,0x80,
	0x80,0x80,0x80,0x80,0x80,0x80,0x80,0x80,0xa6,0x10,0xa6,0x10,0xa6,0x10,0xa6,0x10,
	0xa6,0x10,0xa6,0x10,0xa6,0x10,0xa6,0x10,0xa6,0x10,0xa6,0x10,0xa6,0x10,0xa6,0x10,
	0xa6,0x0f,0xa6,0x0f,0xa6,0x10,0xa6,0x10,0xa6,0x10,0xa6,0x10,0xa6,0x10,0xa6,0x10,
	0xca,0xde,0xca,0xde,0xca,0xde,0xca,0xde,0xca,0xde,0xca,0xde,0xca,0xde,0xca,0xde,
	0xca,0xde,0xca,0xde,0xca,0xde,0xca,0xde,0xca,0xde,0xca,0xde,0xca,0xde,0xca,0xde,
	0xca,0xde,0xca,0xde,0xca,0xde,0xca,0xde,0xf0,0x6e,0xf0,0x6e,0xf0,0x6e,0xf0,0x6e,
	0xf0,0x6e,0xf0,0x6e,0xf0,0x6e,0xf0,0x6e,0xf0,0x6e,0xf0,0x6e,0xf0,0x6e,0xf0,0x6e,
	0xf0,0x6e,0xf0,0x6e,0xf0,0x6e,0xf0,0x6e,0xf0,0x6e,0xf0,0x6e,0xf0,0x6e,0xee,0x70,
	0x12,0x90,0x10,0x92,0x10,0x92,0x10,0x92,0x10,0x92,0x10,0x92,0x10,0x92,0x10,0x92,
	0x10,0x92,0x10,0x92,0x10,0x92,0x10,0x92,0x10,0x92,0x10,0x92,0x10,0x92,0x10,0x92,
	0x10,0x92,0x10,0x92,0x10,0x92,0x10,0x92,0x36,0x22,0x36,0x22,0x36,0x22,0x36,0x22,
	0x35,0x22,0x35,0x22,0x35,0x22,0x35,0x22,0x35,0x22,0x35,0x22,0x35,0x22,0x35,0x22,
	0x35,0x22,0x35,0x22,0x35,0x22,0x35,0x22,0x35,0x22,0x35,0x22,0x35,0x22,0x35,0x22,
	0x5a,0xf0,0x5a,0xf0,0x5a,0xf0,0x5a,0xf0,0x5a,0xf0,0x5a,0xf0,0x5a,0xf0,0x5b,0xf0,
	0x5b,0xef,0x5c,0xef,0x5c,0xef,0x5c,0xef,0x5c,0xef,0x5c,0xef,0x5c,0xef,0x5c,0xef,
	0x5c,0xef,0x5c,0xef,0x5c,0xef,0x5c,0xef,0x80,0x81,0x80,0x81,0x80,0x81,0x80,0x81,
	0x80,0x81,0x80,0x81,0x80,0x81,0x80,0x81,0x80,0x80,0x80,0x80,0x80,0x80,0x80,0x80,
	0x80,0x80,0x80,0x80,0x80,0x80,0x80,0x80,0x80,0x80,0x80,0x80,0x80,0x80,0x80,0x80,
	0x80,0x80,0x80,0x80,0x80,0x80,0x80,0x80,0x80,0x80,0x80,0x80,0x80,0x80,0x80,0x80,
	0x80,0x80,0x80,0x80,0x80,0x80,0x80,0x80,0x80,0x80,0x80,0x80,0x80,0x80,0x80,0x80,
	0x80,0x80,0x80,0x80,0x80,0x80,0x80,0x80,0xa6,0x10,0xa6,0x10,0xa6,0x10,0xa6,0x10,
	0xa6,0x10,0xa6,0x10,0xa6,0x10,0xa6,0x10,0xa6,0x10,0xa6,0x10,0xa6,0x10,0xa6,0x10,
	0xa6,0x0f,0xa6,0x0f,0xa6,0x10,0xa6,0x10,0xa6,0x10,0xa6,0x10,0xa6,0x10,0xa6,0x10,
	0xca,0xde,0xca,0xde,0xca,0xde,0xca,0xde,0xca,0xde,0xca,0xde,0xca,0xde,0xca,0xde,
	0xca,0xde,0xca,0xde,0xca,0xde,0xca,0xde,0xca,0xde,0xca,0xde,0xca,0xde,0xca,0xde,
	0xca,0xde,0xca,0xde,0xca,0xde,0xca,0xde,0xf0,0x6e,0xf0,0x6e,0xf0,0x6e,0xf0,0x6e,
	0xf0,0x6e,0xf0,0x6e,0xf0,0x6e,0xf0,0x6e,0xf0,0x6e,0xf0,0x6e,0xf0,0x6e,0xf0,0x6e,
	0xf0,0x6e,0xf0,0x6e,0xf0,0x6e,0xf0,0x6e,0xf0,0x6e,0xf0,0x6e,0xf0,0x6e,0xee,0x70,
	0x12,0x90,0x10,0x92,0x10,0x92,0x10,0x92,0x10,0x92,0x10,0x92,0x10,0x92,0x10,0x92,
	0x10,0x92,0x10,0x92,0x10,0x92,0x10,0x92,0x10,0x92,0x10,0x92,0x10,0x92,0x10,0x92,
	0x10,0x92,0x10,0x92,0x10,0x92,0x10,0x92,0x36,0x22,0x36,0x22,0x36,0x22,0x36,0x22,
	0x35,0x22,0x35,0x22,0x35,0x22,0x35,0x22,0x35,0x22,0x35,0x22,0x35,0x22,0x35,0x22,
	0x35,0x22,0x35,0x22,0x35,0x22,0x35,0x22,0x35,0x22,0x35,0x22,0x35,0x22,0x35,0x22,
	0x5a,0xf0,0x5a,0xf0,0x5a,0xf0,0x5a,0xf0,0x5a,0xf0,0x5a,0xf0,0x5a,0xf0,0x5a,0xf0,
	0x5b,0xf0,0x5b,0xf0,0x5b,0xf0,0x5b,0xf0,0x5b,0xf0,0x5b,0xf0,0x5b,0xf0,0x5b,0xf0,
	0x5b,0xf0,0x5b,0xf0,0x5b,0xf0,0x5b,0xf0,0x80,0x81,0x80,0x81,0x80,0x81,0x80,0x81,
	0x80,0x81,0x80,0x81,0x80,0x81,0x80,0x80,0x80,0x80,0x80,0x80,0x80,0x80,0x80,0x80,
	0x80,0x80,0x80,0x80,0x80,0x80,0x80,0x80,0x80,0x80,0x80,0x80,0x80,0x80,0x80,0x80,
	0x80,0x80,0x80,0x80,0x80,0x80,0x80,0x80,0x80,0x80,0x80,0x80,0x80,0x80,0x80,0x80,
	0x80,0x80,0x80,0x80,0x80,0x80,0x80,0x80,0x80,0x80,0x80,0x80,0x80,0x80,0x80,0x80,
	0x80,0x80,0x80,0x80,0x80,0x80,0x80,0x80,0xa6,0x10,0xa6,0x10,0xa6,0x10,0xa6,0x10,
	0xa6,0x10,0xa6,0x10,0xa6,0x10,0xa6,0x10,0xa6,0x10,0xa6,0x10,0xa6,0x10,0xa6,0x10,
	0xa6,0x0f,0xa6,0x0f,0xa6,0x10,0xa6,0x10,0xa6,0x10,0xa6,0x10,0xa6,0x10,0xa6,0x10,
	0xca,0xde,0xca,0xde,0xca,0xde,0xca,0xde,0xca,0xde,0xca,0xde,0xca,0xde,0xca,0xde,
	0xca,0xde,0xca,0xde,0xca,0xde,0xca,0xde,0xca,0xde,0xca,0xde,0xca,0xde,0xca,0xde,
	0xca,0xde,0xca,0xde,0xca,0xde,0xca,0xde,0xf0,0x6e,0xf0,0x6e,0xf0,0x6e,0xf0,0x6e,
	0xf0,0x6e,0xf0,0x6e,0xf0,0x6e,0xf0,0x6e,0xf0,0x6e,0xf0,0x6e,0xf0,0x6e,0xf0,0x6e,
	0xf0,0x6e,0xf0,0x6e,0xf0,0x6e,0xf0,0x6e,0xf0,0x6e,0xf0,0x6e,0xf0,0x6e,0xee,0x70,
	0x12,0x90,0x10,0x92,0x10,0x92,0x10,0x92,0x10,0x92,0x10,0x92,0x10,0x92,0x10,0x92,
	0x10,0x92,0x10,0x92,0x10,0x92,0x10,0x92,0x10,0x92,0x10,0x92,0x10,0x92,0x10,0x92,
	0x10,0x92,0x10,0x92,0x10,0x92,0x10,0x92,0x36,0x22,0x36,0x22,0x36,0x22,0x36,0x22,
	0x35,0x22,0x35,0x22,0x35,0x22,0x35,0x22,0x35,0x22,0x35,0x22,0x35,0x22,0x35,0x22,
	0x35,0x22,0x35,0x22,0x35,0x22,0x35,0x22,0x35,0x22,0x35,0x22,0x35,0x22,0x35,0x22,
	0x5a,0xf0,0x5a,0xf0,0x5a,0xf0,0x5a,0xf0,0x5a,0xf0,0x5a,0xf0,0x5a,0xf0,0x5a,0xf0,
	0x5b,0xf0,0x5b,0xf0,0x5b,0xf0,0x5b,0xf0,0x5b,0xf0,0x5b,0xf0,0x5b,0xf0,0x5b,0xf0,
	0x5b,0xf0,0x5b,0xf0,0x5b,0xf0,0x5b,0xf0,0x80,0x81,0x80,0x81,0x80,0x81,0x80,0x81,
	0x80,0x81,0x80,0x81,0x80,0x80,0x80,0x80,0x80,0x80,0x80,0x80,0x80,0x80,0x80,0x80,
	0x80,0x80,0x80,0x80,0x80,0x80,0x80,0x80,0x80,0x80,0x80,0x80,0x80,0x80,0x80,0x80,
	0x80,0x80,0x80,0x80,0x80,0x80,0x80,0x80,0x80,0x80,0x80,0x80,0x80,0x80,0x80,0x80,
	0x80,0x80,0x80,0x80,0x80,0x80,0x80,0x80,0x80,0x80,0x80,0x80,0x80,0x80,0x80,0x80,
	0x80,0x80,0x80,0x80,0x80,0x80,0x80,0x80,0xa6,0x10,0xa6,0x10,0xa6,0x10,0xa6,0x10,
	0xa6,0x10,0xa6,0x10,0xa6,0x10,0xa6,0x10,0xa6,0x10,0xa6,0x10,0xa6,0x10,0xa6,0x10,
	0xa6,0x0f,0xa6,0x0f,0xa6,0x10,0xa6,0x10,0xa6,0x10,0xa6,0x10,0xa6,0x10,0xa6,0x10,
	0xca,0xde,0xca,0xde,0xca,0xde,0xca,0xde,0xca,0xde,0xca,0xde,0xca,0xde,0xca,0xde,
	0xca,0xde,0xca,0xde,0xca,0xde,0xca,0xde,0xca,0xde,0xca,0xde,0xca,0xde,0xca,0xde,
	0xca,0xde,0xca,0xde,0xca,0xde,0xca,0xde,0xf0,0x6e,0xf0,0x6e,0xf0,0x6e,0xf0,0x6e,
	0xf0,0x6e,0xf0,0x6e,0xf0,0x6e,0xf0,0x6e,0xf0,0x6e,0xf0,0x6e,0xf0,0x6e,0xf0,0x6e,
	0xf0,0x6e,0xf0,0x6e,0xf0,0x6e,0xf0,0x6e,0xf0,0x6e,0xf0,0x6e,0xf0,0x6e,0xee,0x70,
	0x12,0x90,0x10,0x92,0x10,0x92,0x10,0x92,0x10,0x92,0x10,0x92,0x10,0x92,0x10,0x92,
	0x10,0x92,0x10,0x92,0x10,0x92,0x10,0x92,0x10,0x92,0x10,0x92,0x10,0x92,0x10,0x92,
	0x10,0x92,0x10,0x92,0x10,0x92,0x10,0x92,0x36,0x22,0x36,0x22,0x36,0x22,0x36,0x22,
	0x35,0x22,0x35,0x22,0x35,0x22,0x35,0x22,0x35,0x22,0x35,0x22,0x35,0x22,0x35,0x22,
	0x35,0x22,0x35,0x22,0x35,0x22,0x35,0x22,0x35,0x22,0x35,0x22,0x35,0x22,0x35,0x22,
	0x5a,0xf0,0x5a,0xf0,0x5a,0xf0,0x5a,0xf0,0x5a,0xf0,0x5a,0xf0,0x5a,0xf0,0x5a,0xf0,
	0x5b,0xf0,0x5b,0xf0,0x5b,0xf0,0x5b,0xf0,0x5b,0xf0,0x5b,0xf0,0x5b,0xf0,0x5b,0xf0,
	0x5b,0xf0,0x5b,0xf0,0x5b,0xf0,0x5b,0xf0,0x80,0x81,0x80,0x81,0x80,0x81,0x80,0x81,
	0x80,0x81,0x80,0x80,0x80,0x80,0x80,0x80,0x80,0x80,0x80,0x80,0x80,0x80,0x80,0x80,
	0x80,0x80,0x80,0x80,0x80,0x80,0x80,0x80,0x80,0x80,0x80,0x80,0x80,0x80,0x80,0x80,
	0x80,0x80,0x80,0x80,0x80,0x80,0x80,0x80,0x80,0x80,0x80,0x80,0x80,0x80,0x80,0x80,
	0x80,0x80,0x80,0x80,0x80,0x80,0x80,0x80,0x80,0x80,0x80,0x80,0x80,0x80,0x80,0x80,
	0x80,0x80,0x80,0x80,0x80,0x80,0x80,0x80,0xa6,0x10,0xa6,0x10,0xa6,0x10,0xa6,0x10,
	0xa6,0x10,0xa6,0x10,0xa6,0x10,0xa6,0x10,0xa6,0x10,0xa6,0x10,0xa6,0x10,0xa6,0x10,
	0xa6,0x0f,0xa6,0x0f,0xa6,0x10,0xa6,0x10,0xa6,0x10,0xa6,0x10,0xa6,0x10,0xa7,0x11,
	0xc9,0xdd,0xca,0xde,0xca,0xde,0xca,0xde,0xca,0xde,0xca,0xde,0xca,0xde,0xca,0xde,
	0xca,0xde,0xca,0xde,0xca,0xde,0xca,0xde,0xca,0xde,0xca,0xde,0xca,0xde,0xca,0xde,
	0xca,0xde,0xca,0xde,0xca,0xde,0xca,0xde,0xf0,0x6e,0xf0,0x6e,0xf0,0x6e,0xf0,0x6e,
	0xf0,0x6e,0xf0,0x6e,0xf0,0x6e,0xf0,0x6e,0xf0,0x6e,0xf0,0x6e,0xf0,0x6e,0xf0,0x6e,
	0xf0,0x6e,0xf0,0x6e,0xf0,0x6e,0xf0,0x6e,0xf0,0x6e,0xf0,0x6e,0xf0,0x6e,0xee,0x70,
	0x12,0x90,0x10,0x92,0x10,0x92,0x10,0x92,0x10,0x92,0x10,0x92,0x10,0x92,0x10,0x92,
	0x10,0x92,0x10,0x92,0x10,0x92,0x10,0x92,0x10,0x92,0x10,0x92,0x10,0x92,0x10,0x92,
	0x10,0x92,0x10,0x92,0x10,0x92,0x10,0x92,0x36,0x22,0x36,0x22,0x36,0x22,0x36,0x22,
	0x35,0x22,0x35,0x22,0x35,0x22,0x35,0x22,0x35,0x22,0x35,0x22,0x35,0x22,0x35,0x22,
	0x35,0x22,0x35,0x22,0x35,0x22,0x35,0x22,0x35,0x22,0x35,0x22,0x35,0x22,0x35,0x22,
	0x5a,0xf0,0x5a,0xf0,0x5a,0xf0,0x5a,0xf0,0x5a,0xf0,0x5a,0xf0,0x5a,0xf0,0x5a,0xf0,
	0x5b,0xf0,0x5b,0xf0,0x5b,0xf0,0x5b,0xf0,0x5b,0xf0,0x5b,0xf0,0x5b,0xf0,0x5b,0xf0,
	0x5b,0xf0,0x5b,0xf0,0x5b,0xf0,0x5b,0xf0,0x80,0x81,0x80,0x81,0x80,0x81,0x80,0x81,
	0x80,0x80,0x80,0x80,0x80,0x80,0x80,0x80,0x80,0x80,0x80,0x80,0x80,0x80,0x80,0x80,
	0x80,0x80,0x80,0x80,0x80,0x80,0x80,0x80,0x80,0x80,0x80,0x80,0x80,0x80,0x80,0x80,
	0x80,0x80,0x80,0x80,0x80,0x80,0x80,0x80,0x80,0x80,0x80,0x80,0x80,0x80,0x80,0x80,
	0x80,0x80,0x80,0x80,0x80,0x80,0x80,0x80,0x80,0x80,0x80,0x80,0x80,0x80,0x80,0x80,
	0x80,0x80,0x80,0x80,0x80,0x80,0x80,0x80,0xa6,0x10,0xa6,0x10,0xa6,0x10,0xa6,0x10,
	0xa6,0x10,0xa6,0x10,0xa6,0x10,0xa6,0x10,0xa6,0x10,0xa6,0x10,0xa6,0x10,0xa6,0x10,
	0xa6,0x0f,0xa6,0x0f,0xa6,0x10,0xa6,0x10,0xa6,0x10,0xa6,0x10,0xa6,0x10,0xa7,0x11,
	0xc9,0xdd,0xca,0xde,0xca,0xde,0xca,0xde,0xca,0xde,0xca,0xde,0xca,0xde,0xca,0xde,
	0xca,0xde,0xca,0xde,0xca,0xde,0xca,0xde,0xca,0xde,0xca,0xde,0xca,0xde,0xca,0xde,
	0xca,0xde,0xca,0xde,0xca,0xde,0xca,0xde,0xf0,0x6e,0xf0,0x6e,0xf0,0x6e,0xf0,0x6e,
	0xf0,0x6e,0xf0,0x6e,0xf0,0x6e,0xf0,0x6e,0xf0,0x6e,0xf0,0x6e,0xf0,0x6e,0xf0,0x6e,
	0xf0,0x6e,0xf0,0x6e,0xf0,0x6e,0xf0,0x6e,0xf0,0x6e,0xf0,0x6e,0xf0,0x6e,0xee,0x70,
	0x12,0x90,0x10,0x92,0x10,0x92,0x10,0x92,0x10,0x92,0x10,0x92,0x10,0x92,0x10,0x92,
	0x10,0x92,0x10,0x92,0x10,0x92,0x10,0x92,0x10,0x92,0x10,0x92,0x10,0x92,0x10,0x92,
	0x10,0x92,0x10,0x92,0x10,0x92,0x10,0x92,0x36,0x22,0x36,0x22,0x36,0x22,0x36,0x22,
	0x35,0x22,0x35,0x22,0x35,0x22,0x35,0x22,0x35,0x22,0x35,0x22,0x35,0x22,0x35,0x22,
	0x35,0x22,0x35,0x22,0x35,0x22,0x35,0x22,0x35,0x22,0x35,0x22,0x35,0x22,0x36,0x23,
	0x59,0xef,0x5a,0xf0,0x5a,0xf0,0x5a,0xf0,0x5a,0xf0,0x5a,0xf0,0x5a,0xf0,0x5a,0xf0,
	0x5a,0xf0,0x5a,0xf0,0x5a,0xf0,0x5a,0xf0,0x5a,0xf0,0x5a,0xf0,0x5a,0xf0,0x5a,0xf0,
	0x5b,0xf0,0x5b,0xf0,0x5b,0xf0,0x5b,0xf0,0x80,0x81,0x80,0x81,0x80,0x81,0x80,0x81,
	0x80,0x80,0x80,0x80,0x80,0x80,0x80,0x80,0x80,0x80,0x80,0x80,0x80,0x80,0x80,0x80,
	0x80,0x80,0x80,0x80,0x80,0x80,0x80,0x80,0x80,0x80,0x80,0x80,0x80,0x80,0x80,0x80,
	0x80,0x80,0x80,0x80,0x80,0x80,0x80,0x80,0x80,0x80,0x80,0x80,0x80,0x80,0x80,0x80,
	0x80,0x80,0x80,0x80,0x80,0x80,0x80,0x80,0x80,0x80,0x80,0x80,0x80,0x80,0x80,0x80,
	0x80,0x80,0x80,0x80,0x80,0x80,0x80,0x80,0xa6,0x10,0xa6,0x10,0xa6,0x10,0xa6,0x10,
	0xa6,0x10,0xa6,0x10,0xa6,0x10,0xa6,0x10,0xa6,0x10,0xa6,0x10,0xa6,0x10,0xa6,0x10,
	0xa6,0x0f,0xa6,0x0f,0xa6,0x10,0xa6,0x10,0xa6,0x10,0xa6,0x10,0xa6,0x10,0xa8,0x12,
	0xc8,0xdc,0xca,0xde,0xca,0xde,0xca,0xde,0xca,0xde,0xca,0xde,0xca,0xde,0xca,0xde,
	0xca,0xde,0xca,0xde,0xca,0xde,0xca,0xde,0xca,0xde,0xca,0xde,0xca,0xde,0xca,0xde,
	0xca,0xde,0xca,0xde,0xca,0xde,0xca,0xde,0xf0,0x6e,0xf0,0x6e,0xf0,0x6e,0xf0,0x6e,
	0xf0,0x6e,0xf0,0x6e,0xf0,0x6e,0xf0,0x6e,0xf0,0x6e,0xf0,0x6e,0xf0,0x6e,0xf0,0x6e,
	0xf0,0x6e,0xf0,0x6e,0xf0,0x6e,0xf0,0x6e,0xf0,0x6e,0xf0,0x6e,0xf0,0x6e,0xee,0x70,
	0x12,0x90,0x10,0x92,0x10,0x92,0x10,0x92,0x10,0x92,0x10,0x92,0x10,0x92,0x10,0x92,
	0x10,0x92,0x10,0x92,0x10,0x92,0x10,0x92,0x10,0x92,0x10,0x92,0x10,0x92,0x10,0x92,
	0x10,0x92,0x10,0x92,0x10,0x92,0x10,0x92,0x36,0x22,0x36,0x22,0x36,0x22,0x36,0x22,
	0x35,0x22,0x35,0x22,0x35,0x22,0x35,0x22,0x35,0x22,0x35,0x22,0x35,0x22,0x35,0x22,
	0x35,0x22,0x35,0x22,0x35,0x22,0x35,0x22,0x35,0x22,0x35,0x22,0x35,0x22,0x36,0x23,
	0x59,0xef,0x5a,0xf0,0x5a,0xf0,0x5a,0xf0,0x5a,0xf0,0x5a,0xf0,0x5a,0xf0,0x5a,0xf0,
	0x5a,0xf0,0x5a,0xf0,0x5a,0xf0,0x5a,0xf0,0x5a,0xf0,0x5a,0xf0,0x5a,0xf0,0x5a,0xf0,
	0x5b,0xf0,0x5b,0xf0,0x5b,0xf0,0x5b,0xf0,0x80,0x81,0x80,0x81,0x80,0x81,0x80,0x81,
	0x80,0x80,0x80,0x80,0x80,0x80,0x80,0x80,0x80,0x80,0x80,0x80,0x80,0x80,0x80,0x80,
	0x80,0x80,0x80,0x80,0x80,0x80,0x80,0x80,0x80,0x80,0x80,0x80,0x80,0x80,0x80,0x80,
	0x80,0x80,0x80,0x80,0x80,0x80,0x80,0x80,0x80,0x80,0x80,0x80,0x80,0x80,0x80,0x80,
	0x80,0x80,0x80,0x80,0x80,0x80,0x80,0x80,0x80,0x80,0x80,0x80,0x80,0x80,0x80,0x80,
	0x80,0x80,0x80,0x80,0x80,0x80,0x80,0x80,0xa6,0x10,0xa6,0x10,0xa6,0x10,0xa6,0x10,
	0xa6,0x10,0xa6,0x10,0xa6,0x10,0xa6,0x10,0xa6,0x10,0xa6,0x10,0xa6,0x10,0xa6,0x10,
	0xa6,0x0f,0xa6,0x0f,0xa6,0x10,0xa6,0x10,0xa6,0x10,0xa6,0x10,0xa6,0x10,0xa8,0x12,
	0xc8,0xdc,0xca,0xde,0xca,0xde,0xca,0xde,0xca,0xde,0xca,0xde,0xca,0xde,0xca,0xde,
	0xca,0xde,0xca,0xde,0xca,0xde,0xca,0xde,0xca,0xde,0xca,0xde,0xca,0xde,0xca,0xde,
	0xca,0xde,0xca,0xde,0xca,0xde,0xca,0xde,0xf0,0x6e,0xf0,0x6e,0xf0,0x6e,0xf0,0x6e,
	0xf0,0x6e,0xf0,0x6e,0xf0,0x6e,0xf0,0x6e,0xf0,0x6e,0xf0,0x6e,0xf0,0x6e,0xf0,0x6e,
	0xf0,0x6e,0xf0,0x6e,0xf0,0x6e,0xf0,0x6e,0xf0,0x6e,0xf0,0x6e,0xf0,0x6e,0xee,0x70,
	0x12,0x90,0x10,0x92,0x10,0x92,0x10,0x92,0x10,0x92,0x10,0x92,0x10,0x92,0x10,0x92,
	0x10,0x92,0x10,0x92,0x10,0x92,0x10,0x92,0x10,0x92,0x10,0x92,0x10,0x92,0x10,0x92,
	0x10,0x92,0x10,0x92,0x10,0x92,0x10,0x92,0x36,0x22,0x36,0x22,0x36,0x22,0x36,0x22,
	0x35,0x22,0x35,0x22,0x35,0x22,0x35,0x22,0x35,0x22,0x35,0x22,0x35,0x22,0x35,0x22,
	0x35,0x22,0x35,0x22,0x35,0x22,0x35,0x22,0x35,0x22,0x35,0x22,0x35,0x22,0x36,0x23,
	0x59,0xef,0x5a,0xf0,0x5a,0xf0,0x5a,0xf0,0x5a,0xf0,0x5a,0xf0,0x5a,0xf0,0x5a,0xf0,
	0x5a,0xf0,0x5a,0xf0,0x5a,0xf0,0x5a,0xf0,0x5a,0xf0,0x5a,0xf0,0x5a,0xf0,0x5a,0xf0,
	0x5b,0xf0,0x5b,0xf0,0x5b,0xf0,0x5b,0xf0,0x80,0x81,0x80,0x81,0x80,0x81,0x80,0x81,
	0x80,0x80,0x80,0x80,0x80,0x80,0x80,0x80,0x80,0x80,0x80,0x80,0x80,0x80,0x80,0x80,
	0x80,0x80,0x80,0x80,0x80,0x80,0x80,0x80,0x80,0x80,0x80,0x80,0x80,0x80,0x80,0x80,
	0x80,0x80,0x80,0x80,0x80,0x80,0x80,0x80,0x80,0x80,0x80,0x80,0x80,0x80,0x80,0x80,
	0x80,0x80,0x80,0x80,0x80,0x80,0x80,0x80,0x80,0x80,0x80,0x80,0x80,0x80,0x80,0x80,
	0x80,0x80,0x80,0x80,0x80,0x80,0x80,0x80,0xa6,0x10,0xa6,0x10,0xa6,0x10,0xa6,0x10,
	0xa6,0x10,0xa6,0x10,0xa6,0x10,0xa6,0x10,0xa6,0x10,0xa6,0x10,0xa6,0x10,0xa6,0x10,
	0xa6,0x0f,0xa6,0x0f,0xa6,0x10,0xa6,0x10,0xa6,0x10,0xa6,0x10,0xa6,0x10,0xa8,0x12,
	0xc8,0xdc,0xca,0xde,0xca,0xde,0xca,0xde,0xca,0xde,0xca,0xde,0xca,0xde,0xca,0xde,
	0xca,0xde,0xca,0xde,0xca,0xde,0xca,0xde,0xca,0xde,0xca,0xde,0xca,0xde,0xca,0xde,
	0xca,0xde,0xca,0xde,0xca,0xde,0xca,0xde,0xf0,0x6e,0xf0,0x6e,0xf0,0x6e,0xf0,0x6e,
	0xf0,0x6e,0xf0,0x6e,0xf0,0x6e,0xf0,0x6e,0xf0,0x6e,0xf0,0x6e,0xf0,0x6e,0xf0,0x6e,
	0xf0,0x6e,0xf0,0x6e,0xf0,0x6e,0xf0,0x6e,0xf0,0x6e,0xf0,0x6e,0xf0,0x6e,0xee,0x70,
	0x12,0x90,0x10,0x92,0x10,0x92,0x10,0x92,0x10,0x92,0x10,0x92,0x10,0x92,0x10,0x92,
	0x10,0x92,0x10,0x92,0x10,0x92,0x10,0x92,0x10,0x92,0x10,0x92,0x10,0x92,0x10,0x92,
	0x10,0x92,0x10,0x92,0x10,0x92,0x10,0x92,0x36,0x22,0x36,0x22,0x36,0x22,0x36,0x22,
	0x35,0x22,0x35,0x22,0x35,0x22,0x35,0x22,0x35,0x22,0x35,0x22,0x35,0x22,0x35,0x22,
	0x35,0x22,0x35,0x22,0x35,0x22,0x35,0x22,0x35,0x22,0x35,0x22,0x35,0x22,0x36,0x23,
	0x59,0xef,0x5a,0xf0,0x5a,0xf0,0x5a,0xf0,0x5a,0xf0,0x5a,0xf0,0x5a,0xf0,0x5a,0xf0,
	0x5a,0xf0,0x5a,0xf0,0x5a,0xf0,0x5a,0xf0,0x5a,0xf0,0x5a,0xf0,0x5a,0xf0,0x5a,0xf0,
	0x5b,0xf0,0x5b,0xf0,0x5b,0xf0,0x5b,0xf0,0x80,0x81,0x80,0x81,0x80,0x81,0x80,0x81,
	0x80,0x80,0x80,0x80,0x80,0x80,0x80,0x80,0x80,0x80,0x80,0x80,0x80,0x80,0x80,0x80,
	0x80,0x80,0x80,0x80,0x80,0x80,0x80,0x80,0x80,0x80,0x80,0x80,0x80,0x80,0x80,0x80,
	0x80,0x80,0x80,0x80,0x80,0x80,0x80,0x80,0x80,0x80,0x80,0x80,0x80,0x80,0x80,0x80,
	0x80,0x80,0x80,0x80,0x80,0x80,0x80,0x80,0x80,0x80,0x80,0x80,0x80,0x80,0x80,0x80,
	0x80,0x80,0x80,0x80,0x80,0x80,0x80,0x80,0xa6,0x10,0xa6,0x10,0xa6,0x10,0xa6,0x10,
	0xa6,0x10,0xa6,0x10,0xa6,0x10,0xa6,0x10,0xa6,0x10,0xa6,0x10,0xa6,0x10,0xa6,0x10,
	0xa6,0x0f,0xa6,0x0f,0xa6,0x10,0xa6,0x10,0xa6,0x10,0xa6,0x10,0xa6,0x10,0xa8,0x12,
	0xc8,0xdc,0xca,0xde,0xca,0xde,0xca,0xde,0xca,0xde,0xca,0xde,0xca,0xde,0xca,0xde,
	0xca,0xde,0xca,0xde,0xca,0xde,0xca,0xde,0xca,0xde,0xca,0xde,0xca,0xde,0xca,0xde,
	0xca,0xde,0xca,0xde,0xca,0xde,0xca,0xde,0xf0,0x6e,0xf0,0x6e,0xf0,0x6e,0xf0,0x6e,
	0xf0,0x6e,0xf0,0x6e,0xf0,0x6e,0xf0,0x6e,0xf0,0x6e,0xf0,0x6e,0xf0,0x6e,0xf0,0x6e,
	0xf0,0x6e,0xf0,0x6e,0xf0,0x6e,0xf0,0x6e,0xf0,0x6e,0xf0,0x6e,0xf0,0x6e,0xee,0x70,
	0x12,0x90,0x10,0x92,0x10,0x92,0x10,0x92,0x10,0x92,0x10,0x92,0x10,0x92,0x10,0x92,
	0x10,0x92,0x10,0x92,0x10,0x92,0x10,0x92,0x10,0x92,0x10,0x92,0x10,0x92,0x10,0x92,
	0x10,0x92,0x10,0x92,0x10,0x92,0x10,0x92,0x36,0x22,0x36,0x22,0x36,0x22,0x36,0x22,
	0x35,0x22,0x35,0x22,0x35,0x22,0x35,0x22,0x35,0x22,0x35,0x22,0x35,0x22,0x35,0x22,
	0x35,0x22,0x35,0x22,0x35,0x22,0x35,0x22,0x35,0x22,0x35,0x22,0x35,0x22,0x36,0x23,
	0x59,0xef,0x5a,0xf0,0x5a,0xf0,0x5a,0xf0,0x5a,0xf0,0x5a,0xf0,0x5a,0xf0,0x5a,0xf0,
	0x5a,0xf0,0x5a,0xf0,0x5a,0xf0,0x5a,0xf0,0x5a,0xf0,0x5a,0xf0,0x5a,0xf0,0x5a,0xf0,
	0x5b,0xf0,0x5b,0xf0,0x5b,0xf0,0x5b,0xf0,0x80,0x81,0x80,0x81,0x80,0x81,0x80,0x81,
	0x80,0x80,0x80,0x80,0x80,0x80,0x80,0x80,0x80,0x80,0x80,0x80,0x80,0x80,0x80,0x80,
	0x80,0x80,0x80,0x80,0x80,0x80,0x80,0x80,0x80,0x80,0x80,0x80,0x80,0x80,0x80,0x80,
	0x80,0x80,0x80,0x80,0x80,0x80,0x80,0x80,0x80,0x80,0x80,0x80,0x80,0x80,0x80,0x80,
	0x80,0x80,0x80,0x80,0x80,0x80,0x80,0x80,0x80,0x80,0x80,0x80,0x80,0x80,0x80,0x80,
	0x80,0x80,0x80,0x80,0x80,0x80,0x80,0x80,0xa6,0x10,0xa6,0x10,0xa6,0x10,0xa6,0x10,
	0xa6,0x10,0xa6,0x10,0xa6,0x10,0xa6,0x10,0xa6,0x10,0xa6,0x10,0xa6,0x10,0xa6,0x10,
	0xa6,0x0f,0xa6,0x0f,0xa6,0x10,0xa6,0x10,0xa6,0x10,0xa6,0x10,0xa6,0x10,0xa8,0x12,
	0xc8,0xdc,0xca,0xde,0xca,0xde,0xca,0xde,0xca,0xde,0xca,0xde,0xca,0xde,0xca,0xde,
	0xca,0xde,0xca,0xde,0xca,0xde,0xca,0xde,0xca,0xde,0xca,0xde,0xca,0xde,0xca,0xde,
	0xca,0xde,0xca,0xde,0xca,0xde,0xca,0xde,0xf0,0x6e,0xf0,0x6e,0xf0,0x6e,0xf0,0x6e,
	0xf0,0x6e,0xf0,0x6e,0xf0,0x6e,0xf0,0x6e,0xf0,0x6e,0xf0,0x6e,0xf0,0x6e,0xf0,0x6e,
	0xf0,0x6e,0xf0,0x6e,0xf0,0x6e,0xf0,0x6e,0xf0,0x6e,0xf0,0x6e,0xf0,0x6e,0xee,0x70,
	0x12,0x90,0x10,0x92,0x10,0x92,0x10,0x92,0x10,0x92,0x10,0x92,0x10,0x92,0x10,0x92,
	0x10,0x92,0x10,0x92,0x10,0x92,0x10,0x92,0x10,0x92,0x10,0x92,0x10,0x92,0x10,0x92,
	0x10,0x92,0x10,0x92,0x10,0x92,0x10,0x92,0x36,0x22,0x36,0x22,0x36,0x22,0x36,0x22,
	0x35,0x22,0x35,0x22,0x35,0x22,0x35,0x22,0x35,0x22,0x35,0x22,0x35,0x22,0x35,0x22,
	0x35,0x22,0x35,0x22,0x35,0x22,0x35,0x22,0x35,0x22,0x35,0x22,0x35,0x22,0x36,0x23,
	0x59,0xef,0x5a,0xf0,0x5a,0xf0,0x5a,0xf0,0x5a,0xf0,0x5a,0xf0,0x5a,0xf0,0x5a,0xf0,
	0x5a,0xf0,0x5a,0xf0,0x5a,0xf0,0x5a,0xf0,0x5a,0xf0,0x5a,0xf0,0x5a,0xf0,0x5a,0xf0,
	0x5b,0xf0,0x5b,0xf0,0x5b,0xf0,0x5b,0xf0,0x80,0x81,0x80,0x81,0x80,0x81,0x80,0x81,
	0x80,0x80,0x80,0x80,0x80,0x80,0x80,0x80,0x80,0x80,0x80,0x80,0x80,0x80,0x80,0x80,
	0x80,0x80,0x80,0x80,0x80,0x80,0x80,0x80,0x80,0x80,0x80,0x80,0x80,0x80,0x80,0x80,
	0x80,0x80,0x80,0x80,0x80,0x80,0x80,0x80,0x80,0x80,0x80,0x80,0x80,0x80,0x80,0x80,
	0x80,0x80,0x80,0x80,0x80,0x80,0x80,0x80,0x80,0x80,0x80,0x80,0x80,0x80,0x80,0x80,
	0x80,0x80,0x80,0x80,0x80,0x80,0x80,0x80,0xa6,0x10,0xa6,0x10,0xa6,0x10,0xa6,0x10,
	0xa6,0x10,0xa6,0x10,0xa6,0x10,0xa6,0x10,0xa6,0x10,0xa6,0x10,0xa6,0x10,0xa6,0x10,
	0xa6,0x0f,0xa6,0x0f,0xa6,0x10,0xa6,0x10,0xa6,0x10,0xa6,0x10,0xa6,0x10,0xa8,0x12,
	0xc8,0xdc,0xca,0xde,0xca,0xde,0xca,0xde,0xca,0xde,0xca,0xde,0xca,0xde,0xca,0xde,
	0xca,0xde,0xca,0xde,0xca,0xde,0xca,0xde,0xca,0xde,0xca,0xde,0xca,0xde,0xca,0xde,
	0xca,0xde,0xca,0xde,0xca,0xde,0xca,0xde,0xf0,0x6e,0xf0,0x6e,0xf0,0x6e,0xf0,0x6e,
	0xf0,0x6e,0xf0,0x6e,0xf0,0x6e,0xf0,0x6e,0xf0,0x6e,0xf0,0x6e,0xf0,0x6e,0xf0,0x6e,
	0xf0,0x6e,0xf0,0x6e,0xf0,0x6e,0xf0,0x6e,0xf0,0x6e,0xf0,0x6e,0xf0,0x6e,0xee,0x70,
	0x12,0x90,0x10,0x92,0x10,0x92,0x10,0x92,0x10,0x92,0x10,0x92,0x10,0x92,0x10,0x92,
	0x10,0x92,0x10,0x92,0x10,0x92,0x10,0x92,0x10,0x92,0x10,0x92,0x10,0x92,0x10,0x92,
	0x10,0x92,0x10,0x92,0x10,0x92,0x10,0x92,0x36,0x22,0x36,0x22,0x36,0x22,0x36,0x22,
	0x35,0x22,0x35,0x22,0x35,0x22,0x35,0x22,0x35,0x22,0x35,0x22,0x35,0x22,0x35,0x22,
	0x35,0x22,0x35,0x22,0x35,0x22,0x35,0x22,0x35,0x22,0x35,0x22,0x35,0x22,0x36,0x23,
	0x59,0xef,0x5a,0xf0,0x5a,0xf0,0x5a,0xf0,0x5a,0xf0,0x5a,0xf0,0x5a,0xf0,0x5a,0xf0,
	0x5a,0xf0,0x5a,0xf0,0x5a,0xf0,0x5a,0xf0,0x5a,0xf0,0x5a,0xf0,0x5a,0xf0,0x5a,0xf0,
	0x5b,0xf0,0x5b,0xf0,0x5b,0xf0,0x5b,0xf0,0x80,0x81,0x80,0x81,0x80,0x81,0x80,0x81,
	0x80,0x80,0x80,0x80,0x80,0x80,0x80,0x80,0x80,0x80,0x80,0x80,0x80,0x80,0x80,0x80,
	0x80,0x80,0x80,0x80,0x80,0x80,0x80,0x80,0x80,0x80,0x80,0x80,0x80,0x80,0x80,0x80,
	0x82,0x7f,0x82,0x7f,0x82,0x7f,0x82,0x7f,0x81,0x80,0x81,0x80,0x81,0x80,0x81,0x80,
	0x81,0x80,0x81,0x80,0x81,0x80,0x81,0x80,0x81,0x80,0x81,0x80,0x81,0x80,0x81,0x80,
	0x81,0x80,0x82,0x80,0x82,0x80,0x82,0x80,0xa8,0x0f,0xa8,0x0f,0xa8,0x0f,0xa8,0x0e,
	0xa7,0x0e,0xa7,0x0e,0xa7,0x0e,0xa7,0x0e,0xa8,0x0e,0xa8,0x0e,0xa8,0x0e,0xa8,0x0e,
	0xa7,0x0e,0xa7,0x0e,0xa7,0x0f,0xa7,0x0f,0xa7,0x0f,0xa7,0x0f,0xa7,0x0f,0xa9,0x11,
	0xc9,0xdd,0xcb,0xde,0xcb,0xdf,0xcb,0xdf,0xcb,0xde,0xcb,0xdf,0xcb,0xdf,0xcb,0xdf,
	0xcc,0xe0,0xcc,0xe0,0xcc,0xdf,0xcc,0xdf,0xcc,0xe0,0xcc,0xe0,0xcc,0xe0,0xcc,0xe0,
	0xcc,0xe0,0xcc,0xe0,0xcc,0xdf,0xcc,0xde,0xf2,0x6f,0xf2,0x6f,0xf2,0x6f,0xf2,0x6f,
	0xf2,0x6f,0xf2,0x6f,0xf1,0x6f,0xf1,0x6f,0xf2,0x6f,0xf2,0x6f,0xf2,0x6f,0xf2,0x6f,
	0xf2,0x70,0xf2,0x70,0xf2,0x6f,0xf2,0x6f,0xf2,0x6f,0xf1,0x6e,0xf1,0x6e,0xef,0x70,
	0x11,0x91,0x0f,0x93,0x0f,0x93,0x0f,0x93,0x0f,0x93,0x0f,0x93,0x0f,0x93,0x0f,0x93,
	0x0f,0x93,0x0f,0x93,0x0f,0x93,0x0f,0x93,0x0f,0x92,0x0f,0x93,0x0f,0x93,0x0f,0x93,
	0x0f,0x93,0x0f,0x93,0x0f,0x93,0x0f,0x93,0x35,0x21,0x35,0x21,0x35,0x21,0x35,0x21,
	0x34,0x21,0x34,0x21,0x34,0x21,0x34,0x21,0x34,0x21,0x34,0x21,0x34,0x21,0x34,0x22,
	0x34,0x22,0x34,0x22,0x34,0x22,0x34,0x21,0x34,0x21,0x34,0x21,0x34,0x21,0x35,0x22,
	0x58,0xf0,0x59,0xf1,0x59,0xf1,0x59,0xf1,0x59,0xf1,0x59,0xf1,0x59,0xf1,0x59,0xf1,
	0x58,0xf1,0x58,0xf1,0x58,0xf1,0x58,0xf1,0x59,0xf2,0x59,0xf2,0x59,0xf2,0x59,0xf2,
	0x5a,0xf2,0x5a,0xf2,0x5a,0xf1,0x5a,0xf0,0x7f,0x81,0x7f,0x81,0x7f,0x80,0x7f,0x7f,
	0x7e,0x7f,0x7e,0x7f,0x7e,0x7f,0x7e,0x7f,0x7f,0x7e,0x7f,0x7e,0x7f,0x7f,0x7f,0x80,
	0x7f,0x7f,0x7f,0x7f,0x7f,0x7f,0x7f,0x7f,0x7f,0x7f,0x7f,0x7f,0x7f,0x7f,0x7f,0x7f,
	0x81,0x80,0x81,0x80,0x81,0x80,0x81,0x80,0x80,0x81,0x80,0x81,0x80,0x81,0x80,0x81,
	0x80,0x81,0x80,0x81,0x80,0x81,0x80,0x81,0x7e,0x80,0x7e,0x80,0x7e,0x80,0x7f,0x80,
	0x80,0x80,0x80,0x80,0x80,0x80,0x80,0x80,0xa5,0x11,0xa5,0x11,0xa5,0x11,0xa5,0x11,
	0xa5,0x0f,0xa5,0x0e,0xa5,0x0e,0xa5,0x0e,0xa6,0x10,0xa6,0x10,0xa6,0x10,0xa6,0x10,
	0xa7,0x0f,0xa7,0x0f,0xa7,0x10,0xa7,0x11,0xa9,0x10,0xa9,0x11,0xa9,0x11,0xaa,0x13,
	0xcb,0xdb,0xcc,0xdd,0xcc,0xdd,0xcc,0xdd,0xcb,0xdd,0xcb,0xdd,0xcb,0xdd,0xcb,0xdf,
	0xc9,0xe0,0xc9,0xdf,0xc9,0xdd,0xc9,0xdb,0xcd,0xe1,0xcd,0xdf,0xcd,0xdc,0xcd,0xdc,
	0xcc,0xdf,0xcc,0xde,0xcc,0xdc,0xcc,0xdb,0xf0,0x6f,0xf0,0x6f,0xf0,0x6f,0xf0,0x6e,
	0xef,0x6e,0xef,0x6d,0xef,0x6d,0xef,0x6d,0xf2,0x6e,0xf2,0x6e,0xf1,0x6e,0xf0,0x6e,
	0xf0,0x6e,0xf0,0x6e,0xf0,0x6e,0xf0,0x6e,0xf0,0x6d,0xf0,0x6d,0xf0,0x6d,0xef,0x6d,
	0x0f,0x90,0x0d,0x91,0x0d,0x91,0x0c,0x91,0x10,0x94,0x0f,0x94,0x0e,0x94,0x0f,0x93,
	0x0f,0x93,0x10,0x92,0x0f,0x92,0x0e,0x92,0x10,0x90,0x10,0x91,0x10,0x93,0x0f,0x94,
	0x0d,0x92,0x0c,0x91,0x0c,0x91,0x0c,0x91,0x34,0x21,0x34,0x21,0x34,0x21,0x35,0x21,
	0x35,0x21,0x37,0x21,0x37,0x21,0x37,0x21,0x33,0x21,0x33,0x21,0x33,0x21,0x34,0x21,
	0x34,0x22,0x35,0x23,0x35,0x22,0x35,0x22,0x32,0x22,0x34,0x21,0x36,0x20,0x39,0x21,
	0x57,0xee,0x58,0xf0,0x58,0xf3,0x58,0xf4,0x58,0xf4,0x58,0xf3,0x58,0xf2,0x58,0xf1,
	0x5a,0xf0,0x5a,0xef,0x5a,0xef,0x5a,0xef,0x5a,0xf2,0x5a,0xf1,0x5a,0xf0,0x5a,0xf0,
	0x5b,0xf0,0x5b,0xf0,0x5b,0xf0,0x5b,0xf0,0x81,0x83,0x81,0x82,0x81,0x82,0x80,0x81,
	0x80,0x80,0x7f,0x7f,0x7f,0x7f,0x7f,0x7f,0x7f,0x7d,0x7f,0x80,0x7f,0x82,0x7f,0x82,
	0x80,0x82,0x80,0x81,0x80,0x81,0x80,0x81,0x80,0x81,0x80,0x81,0x80,0x81,0x80,0x81,
	0x7f,0x88,0x7f,0x88,0x7f,0x88,0x7f,0x88,0x7b,0x86,0x7b,0x86,0x7b,0x86,0x7b,0x86,
	0x7c,0x87,0x7c,0x87,0x7c,0x87,0x7c,0x87,0x78,0x82,0x78,0x82,0x78,0x82,0x7a,0x82,
	0x7a,0x83,0x7c,0x83,0x7c,0x83,0x7c,0x83,0x9b,0x1a,0x9b,0x1a,0x9b,0x1a,0x9c,0x1a,
	0x9c,0x1a,0x9d,0x1a,0x9d,0x1a,0x9d,0x1a,0x9b,0x18,0x9b,0x18,0x9b,0x18,0x9b,0x18,
	0x9b,0x19,0x9b,0x19,0x9b,0x17,0x9b,0x17,0x9e,0x19,0x9e,0x19,0x9e,0x17,0x9f,0x18,
	0xbf,0xd7,0xc0,0xd8,0xc0,0xd6,0xc0,0xd6,0xc1,0xd8,0xc1,0xd8,0xc1,0xd6,0xc1,0xd7,
	0xc2,0xd7,0xc2,0xd6,0xc2,0xd3,0xc2,0xd1,0xc1,0xd7,0xc1,0xd5,0xc1,0xd2,0xc1,0xd2,
	0xc2,0xd6,0xc2,0xd6,0xc2,0xd2,0xc2,0xd0,0xe2,0x6c,0xe2,0x6c,0xe2,0x6c,0xe2,0x6b,
	0xe3,0x6b,0xe4,0x6a,0xe5,0x6a,0xe6,0x6a,0xe5,0x69,0xe6,0x69,0xe7,0x69,0xe7,0x6a,
	0xe5,0x69,0xe5,0x69,0xe6,0x69,0xe7,0x68,0xe9,0x68,0xeb,0x67,0xec,0x67,0xeb,0x67,
	0x17,0x8a,0x17,0x8b,0x18,0x8b,0x19,0x8b,0x18,0x8c,0x19,0x8c,0x1a,0x8c,0x1a,0x8b,
	0x17,0x8b,0x17,0x8a,0x18,0x8a,0x18,0x8a,0x1b,0x87,0x1b,0x89,0x1b,0x8b,0x1b,0x8d,
	0x1b,0x8d,0x1b,0x8d,0x1b,0x8d,0x1b,0x8d,0x41,0x24,0x41,0x24,0x40,0x24,0x40,0x24,
	0x40,0x23,0x40,0x23,0x40,0x23,0x40,0x23,0x40,0x22,0x40,0x22,0x40,0x22,0x40,0x22,
	0x41,0x22,0x41,0x23,0x41,0x24,0x41,0x25,0x3d,0x26,0x3f,0x26,0x41,0x28,0x44,0x29,
	0x62,0xe2,0x63,0xe4,0x63,0xe7,0x63,0xe9,0x63,0xea,0x63,0xea,0x63,0xec,0x63,0xeb,
	0x62,0xe9,0x62,0xe8,0x62,0xe8,0x62,0xe8,0x61,0xe8,0x61,0xe9,0x61,0xea,0x61,0xeb,
	0x60,0xeb,0x60,0xec,0x60,0xed,0x60,0xee,0x87,0x86,0x87,0x87,0x87,0x88,0x86,0x87,
	0x85,0x85,0x84,0x83,0x84,0x83,0x84,0x83,0x83,0x85,0x83,0x87,0x83,0x8b,0x83,0x8b,
	0x82,0x8a,0x82,0x88,0x82,0x88,0x82,0x88,0x83,0x88,0x83,0x88,0x83,0x88,0x83,0x88,
	0x5a,0xe3,0x5a,0xe3,0x5a,0xe3,0x5a,0xe3,0x53,0xda,0x53,0xda,0x53,0xda,0x51,0xd8,
	0x49,0xd0,0x47,0xce,0x47,0xce,0x47,0xce,0x40,0xc2,0x40,0xc2,0x40,0xc2,0x3e,0xc0,
	0x38,0xb8,0x36,0xb6,0x36,0xb6,0x36,0xb6,0x2d,0xa4,0x2d,0xa4,0x2d,0xa4,0x2b,0xa2,
	0x27,0x9b,0x25,0x99,0x25,0x99,0x25,0x99,0x1c,0x90,0x1c,0x90,0x1c,0x90,0x1c,0x8f,
	0x1c,0x88,0x1c,0x85,0x1c,0x81,0x1c,0x7e,0x22,0x79,0x22,0x76,0x22,0x72,0x23,0x70,
	0x28,0x74,0x29,0x72,0x29,0x6f,0x29,0x6c,0x2d,0x67,0x2d,0x64,0x2d,0x60,0x2e,0x5d,
	0x30,0x5c,0x31,0x5a,0x31,0x57,0x31,0x55,0x37,0x4b,0x37,0x49,0x37,0x45,0x39,0x41,
	0x39,0x3f,0x3b,0x3b,0x3b,0x38,0x3b,0x36,0x48,0x29,0x48,0x29,0x48,0x29,0x49,0x28,
	0x4a,0x28,0x4e,0x27,0x52,0x27,0x55,0x27,0x5a,0x23,0x5c,0x23,0x61,0x23,0x65,0x23,
	0x67,0x23,0x69,0x23,0x6c,0x22,0x6f,0x22,0x73,0x21,0x76,0x21,0x79,0x20,0x7a,0x20,
	0x74,0x1f,0x76,0x1f,0x79,0x1f,0x7c,0x1f,0x80,0x1e,0x83,0x1e,0x87,0x1e,0x8a,0x1d,
	0x90,0x1d,0x94,0x1c,0x98,0x1c,0x9a,0x1c,0xa0,0x19,0xa0,0x1b,0xa0,0x1d,0xa1,0x20,
	0xa5,0x24,0xa6,0x25,0xa6,0x25,0xa6,0x25,0xb2,0x2b,0xb1,0x2b,0xb1,0x2b,0xb3,0x2d,
	0xba,0x35,0xbc,0x37,0xbc,0x37,0xbc,0x37,0xc2,0x43,0xc2,0x43,0xc2,0x43,0xc3,0x44,
	0xcd,0x4a,0xce,0x4d,0xce,0x51,0xce,0x54,0xd5,0x56,0xd7,0x59,0xd9,0x5d,0xdc,0x61,
	0xe2,0x72,0xe3,0x75,0xe3,0x77,0xe3,0x79,0xe3,0x7b,0xe3,0x7e,0xe3,0x82,0xe2,0x86,
	0xe0,0x8e,0xdf,0x8f,0xdf,0x8f,0xdf,0x8f,0xdb,0x99,0xdb,0x9c,0xdb,0xa1,0xda,0xa3,
	0xd8,0xa4,0xd7,0xa6,0xd7,0xab,0xd7,0xae,0xd2,0xaa,0xd2,0xad,0xd2,0xb2,0xd1,0xb7,
	0xd0,0xb9,0xcf,0xbb,0xcf,0xbb,0xcf,0xbb,0xca,0xc4,0xca,0xc6,0xca,0xca,0xc8,0xce,
	0xc7,0xd5,0xc5,0xd7,0xc5,0xd7,0xc5,0xd7,0xb7,0xd7,0xb7,0xd7,0xb7,0xd7,0xb7,0xd7,
	0x56,0xec,0x56,0xec,0x56,0xec,0x56,0xec,0x4d,0xdf,0x4d,0xdf,0x4d,0xdf,0x4b,0xdd,
	0x44,0xd6,0x42,0xd4,0x42,0xd4,0x42,0xd4,0x39,0xc4,0x39,0xc4,0x39,0xc4,0x37,0xc2,
	0x32,0xbb,0x30,0xb9,0x30,0xb9,0x30,0xb9,0x21,0xae,0x21,0xae,0x21,0xae,0x1f,0xac,
	0x1e,0xa8,0x1c,0xa6,0x1c,0xa6,0x1c,0xa6,0x0f,0x99,0x0f,0x99,0x0f,0x99,0x0f,0x98,
	0x0f,0x92,0x0f,0x8e,0x0f,0x88,0x0f,0x84,0x16,0x82,0x16,0x7e,0x16,0x78,0x17,0x74,
	0x1a,0x70,0x1b,0x6c,0x1b,0x66,0x1b,0x62,0x20,0x60,0x20,0x5c,0x20,0x56,0x21,0x52,
	0x25,0x4f,0x26,0x4d,0x26,0x4a,0x26,0x48,0x27,0x3d,0x27,0x3b,0x27,0x37,0x29,0x34,
	0x2b,0x31,0x2d,0x2e,0x2d,0x2b,0x2d,0x29,0x37,0x23,0x37,0x23,0x37,0x23,0x38,0x22,
	0x3a,0x22,0x3f,0x21,0x46,0x21,0x4a,0x21,0x49,0x1b,0x4e,0x1b,0x54,0x1b,0x59,0x1b,
	0x5c,0x1b,0x5f,0x1a,0x62,0x1a,0x66,0x19,0x6b,0x19,0x6f,0x18,0x72,0x17,0x75,0x16,
	0x79,0x16,0x7e,0x15,0x84,0x15,0x88,0x15,0x87,0x12,0x8b,0x12,0x91,0x12,0x94,0x11,
	0x97,0x11,0x9a,0x10,0xa0,0x10,0xa4,0x10,0xab,0x0d,0xab,0x0f,0xab,0x11,0xac,0x14,
	0xb4,0x1c,0xb5,0x1d,0xb5,0x1d,0xb5,0x1d,0xbf,0x2f,0xbf,0x2f,0xbf,0x2f,0xc1,0x31,
	0xc5,0x38,0xc7,0x3a,0xc7,0x3a,0xc7,0x3a,0xd1,0x45,0xd1,0x45,0xd1,0x45,0xd2,0x46,
	0xdb,0x49,0xdc,0x4d,0xdc,0x53,0xdc,0x57,0xe2,0x5b,0xe4,0x5e,0xe6,0x64,0xe9,0x67,
	0xef,0x66,0xf0,0x67,0xf0,0x69,0xf0,0x6b,0xf0,0x6f,0xf0,0x72,0xf0,0x78,0xef,0x7d,
	0xeb,0x84,0xea,0x85,0xea,0x85,0xea,0x85,0xe4,0x8b,0xe4,0x90,0xe4,0x97,0xe2,0x9a,
	0xe0,0x9c,0xde,0x9f,0xde,0xa6,0xde,0xab,0xda,0xac,0xda,0xb1,0xda,0xb8,0xd9,0xbd,
	0xd8,0xbf,0xd7,0xbf,0xd7,0xbf,0xd7,0xbf,0xd0,0xcd,0xd0,0xcf,0xd0,0xd3,0xce,0xd7,
	0xcb,0xdd,0xc9,0xdf,0xc9,0xdf,0xc9,0xdf,0xbc,0xdf,0xbc,0xdf,0xbc,0xdf,0xbc,0xdf,
	0x5a,0xf0,0x58,0xee,0x54,0xea,0x52,0xe8,0x51,0xe3,0x4f,0xe1,0x4b,0xdd,0x48,0xda,
	0x45,0xd7,0x42,0xd3,0x40,0xd0,0x3e,0xcd,0x3d,0xc8,0x3b,0xc6,0x37,0xc2,0x34,0xbf,
	0x32,0xbc,0x2e,0xb9,0x2c,0xb7,0x29,0xb4,0x27,0xb2,0x25,0xb0,0x22,0xac,0x21,0xa8,
	0x1f,0xa6,0x1e,0xa2,0x1a,0x9f,0x18,0x9d,0x15,0x9a,0x13,0x98,0x10,0x95,0x0f,0x92,
	0x13,0x90,0x14,0x8c,0x14,0x86,0x14,0x82,0x18,0x80,0x18,0x7c,0x18,0x76,0x19,0x72,
	0x1c,0x70,0x1d,0x6c,0x1d,0x66,0x1d,0x62,0x22,0x62,0x22,0x5e,0x22,0x58,0x23,0x53,
	0x25,0x50,0x26,0x4d,0x26,0x4a,0x26,0x48,0x2d,0x43,0x2d,0x41,0x2d,0x3d,0x2d,0x3b,
	0x2e,0x38,0x30,0x34,0x31,0x30,0x32,0x2c,0x33,0x23,0x35,0x23,0x39,0x23,0x3d,0x22,
	0x3f,0x22,0x43,0x21,0x47,0x21,0x49,0x21,0x4c,0x1e,0x51,0x1e,0x57,0x1e,0x5c,0x1e,
	0x5e,0x1d,0x60,0x1d,0x63,0x1c,0x67,0x1c,0x6c,0x1b,0x6f,0x1a,0x72,0x1a,0x75,0x19,
	0x7a,0x17,0x7f,0x16,0x84,0x15,0x87,0x14,0x87,0x14,0x8b,0x14,0x91,0x14,0x95,0x13,
	0x98,0x13,0x9c,0x11,0xa1,0x10,0xa6,0x0f,0xa6,0x12,0xa7,0x14,0xaa,0x16,0xad,0x19,
	0xb1,0x1c,0xb4,0x20,0xb7,0x23,0xb9,0x25,0xb9,0x2b,0xbb,0x2d,0xbe,0x31,0xc1,0x34,
	0xc4,0x37,0xc7,0x3a,0xc9,0x3c,0xcb,0x3f,0xcd,0x41,0xcf,0x43,0xd3,0x47,0xd5,0x4a,
	0xd7,0x4b,0xd8,0x4f,0xdb,0x55,0xdd,0x59,0xe0,0x5c,0xe2,0x5d,0xe4,0x60,0xe7,0x64,
	0xea,0x66,0xec,0x69,0xef,0x6b,0xf1,0x6d,0xee,0x71,0xee,0x74,0xee,0x7a,0xed,0x7e,
	0xe9,0x81,0xe7,0x85,0xe6,0x8a,0xe5,0x8d,0xe2,0x91,0xe2,0x95,0xe1,0x99,0xe0,0x9c,
	0xe0,0x9d,0xde,0xa0,0xdd,0xa4,0xdd,0xa8,0xda,0xad,0xda,0xb0,0xda,0xb4,0xd8,0xb9,
	0xd7,0xbb,0xd3,0xc0,0xd2,0xc2,0xd1,0xc5,0xd0,0xcd,0xd0,0xcf,0xd0,0xd3,0xcf,0xd7,
	0xcc,0xdb,0xc8,0xde,0xc6,0xe0,0xc3,0xe1,0xc0,0xdf,0xbe,0xdf,0xba,0xdf,0xb8,0xdf,
	0x5a,0xf0,0x58,0xee,0x54,0xea,0x52,0xe8,0x51,0xe3,0x4f,0xe1,0x4b,0xdd,0x48,0xda,
	0x46,0xd7,0x43,0xd4,0x41,0xd1,0x3f,0xce,0x3d,0xc8,0x3b,0xc6,0x37,0xc2,0x34,0xbf,
	0x32,0xbd,0x2f,0xba,0x2c,0xb8,0x2a,0xb5,0x27,0xb2,0x25,0xb0,0x22,0xac,0x21,0xa8,
	0x1f,0xa6,0x1e,0xa2,0x1a,0x9f,0x18,0x9d,0x15,0x9a,0x13,0x98,0x10,0x95,0x0f,0x92,
	0x13,0x90,0x14,0x8c,0x14,0x86,0x14,0x82,0x18,0x80,0x18,0x7c,0x18,0x76,0x19,0x72,
	0x1c,0x70,0x1d,0x6c,0x1d,0x66,0x1d,0x62,0x22,0x62,0x22,0x5e,0x22,0x58,0x23,0x53,
	0x25,0x50,0x26,0x4d,0x26,0x4a,0x26,0x48,0x2d,0x43,0x2d,0x41,0x2d,0x3d,0x2d,0x3a,
	0x2e,0x38,0x30,0x34,0x31,0x30,0x32,0x2d,0x33,0x23,0x35,0x23,0x39,0x23,0x3d,0x22,
	0x3f,0x22,0x43,0x21,0x47,0x21,0x49,0x21,0x4c,0x1e,0x51,0x1e,0x57,0x1e,0x5c,0x1d,
	0x61,0x1d,0x63,0x1c,0x66,0x1c,0x6a,0x1b,0x6e,0x1a,0x71,0x1a,0x74,0x19,0x77,0x18,
	0x7a,0x18,0x7f,0x16,0x82,0x15,0x85,0x14,0x87,0x14,0x8b,0x14,0x91,0x14,0x95,0x13,
	0x98,0x13,0x9c,0x11,0xa0,0x10,0xa4,0x10,0xa6,0x12,0xa7,0x14,0xaa,0x16,0xad,0x19,
	0xb0,0x1b,0xb3,0x1f,0xb5,0x22,0xb8,0x25,0xb9,0x2b,0xbb,0x2d,0xbe,0x31,0xc1,0x34,
	0xc3,0x36,0xc6,0x39,0xc8,0x3c,0xca,0x3e,0xcd,0x41,0xcf,0x43,0xd3,0x47,0xd5,0x4a,
	0xd7,0x4b,0xd8,0x4f,0xdb,0x55,0xdd,0x59,0xe0,0x5c,0xe2,0x5d,0xe4,0x60,0xe7,0x64,
	0xea,0x66,0xec,0x69,0xef,0x6b,0xf1,0x6d,0xee,0x71,0xee,0x74,0xee,0x7a,0xed,0x7e,
	0xea,0x80,0xe8,0x84,0xe6,0x89,0xe5,0x8c,0xe2,0x91,0xe2,0x94,0xe2,0x98,0xe1,0x9b,
	0xe1,0x9d,0xdf,0xa0,0xde,0xa4,0xdd,0xa8,0xda,0xad,0xda,0xb0,0xda,0xb4,0xd8,0xb8,
	0xd7,0xbb,0xd4,0xbf,0xd3,0xc1,0xd1,0xc4,0xd0,0xcd,0xd0,0xd0,0xd0,0xd3,0xcf,0xd7,
	0xcd,0xda,0xc9,0xdd,0xc7,0xde,0xc4,0xe0,0xc0,0xdf,0xbe,0xdf,0xba,0xdf,0xb8,0xdf,
	0x5a,0xf0,0x58,0xee,0x54,0xea,0x52,0xe8,0x51,0xe3,0x4f,0xe1,0x4b,0xdd,0x48,0xda,
	0x47,0xd8,0x44,0xd4,0x42,0xd2,0x40,0xcf,0x3d,0xc8,0x3b,0xc6,0x37,0xc2,0x35,0xbf,
	0x32,0xbe,0x2f,0xbb,0x2d,0xb8,0x2a,0xb6,0x27,0xb2,0x25,0xb0,0x22,0xac,0x21,0xa8,
	0x1f,0xa6,0x1e,0xa2,0x1a,0x9f,0x18,0x9d,0x15,0x9a,0x13,0x98,0x10,0x95,0x0f,0x92,
	0x13,0x90,0x14,0x8c,0x14,0x86,0x14,0x82,0x18,0x80,0x18,0x7c,0x18,0x76,0x19,0x72,
	0x1c,0x70,0x1d,0x6c,0x1d,0x66,0x1d,0x62,0x22,0x62,0x22,0x5e,0x22,0x58,0x23,0x53,
	0x25,0x50,0x26,0x4d,0x26,0x4a,0x26,0x48,0x2d,0x43,0x2d,0x41,0x2d,0x3d,0x2d,0x3a,
	0x2e,0x36,0x30,0x31,0x31,0x2e,0x32,0x2b,0x33,0x23,0x35,0x23,0x39,0x23,0x3d,0x22,
	0x3f,0x22,0x43,0x21,0x47,0x21,0x49,0x21,0x4c,0x1e,0x51,0x1e,0x57,0x1e,0x5b,0x1d,
	0x5e,0x1d,0x60,0x1b,0x63,0x1b,0x67,0x1a,0x6c,0x1a,0x70,0x19,0x73,0x19,0x76,0x18,
	0x7a,0x17,0x7d,0x16,0x80,0x15,0x83,0x15,0x87,0x14,0x8b,0x14,0x91,0x14,0x95,0x14,
	0x98,0x13,0x9b,0x12,0x9f,0x11,0xa2,0x10,0xa6,0x12,0xa7,0x14,0xaa,0x16,0xad,0x19,
	0xaf,0x1b,0xb2,0x1e,0xb4,0x21,0xb7,0x24,0xb9,0x2b,0xbb,0x2d,0xbe,0x31,0xc1,0x34,
	0xc2,0x35,0xc5,0x38,0xc7,0x3b,0xc9,0x3d,0xcd,0x41,0xcf,0x43,0xd3,0x47,0xd5,0x4a,
	0xd7,0x4b,0xd8,0x4f,0xdb,0x55,0xdd,0x59,0xe0,0x5c,0xe2,0x5d,0xe4,0x60,0xe7,0x64,
	0xea,0x66,0xec,0x69,0xef,0x6b,0xf1,0x6d,0xee,0x71,0xee,0x74,0xee,0x7a,0xed,0x7e,
	0xea,0x80,0xe8,0x83,0xe7,0x88,0xe6,0x8b,0xe3,0x90,0xe2,0x93,0xe2,0x96,0xe2,0x9b,
	0xe1,0x9d,0xe0,0xa2,0xdf,0xa5,0xde,0xa8,0xda,0xad,0xda,0xb0,0xda,0xb4,0xd8,0xb8,
	0xd7,0xba,0xd4,0xbe,0xd3,0xc0,0xd2,0xc3,0xd0,0xcd,0xd0,0xd0,0xd0,0xd3,0xcf,0xd7,
	0xce,0xd9,0xca,0xdc,0xc8,0xdd,0xc5,0xde,0xc0,0xdf,0xbe,0xdf,0xba,0xdf,0xb8,0xdf,
	0x5a,0xf0,0x58,0xee,0x54,0xea,0x52,0xe8,0x51,0xe3,0x4f,0xe1,0x4b,0xdd,0x49,0xdb,
	0x47,0xd8,0x45,0xd5,0x43,0xd2,0x41,0xd0,0x3d,0xc8,0x3b,0xc6,0x37,0xc2,0x35,0xc0,
	0x33,0xbe,0x30,0xbc,0x2e,0xb9,0x2b,0xb7,0x27,0xb2,0x25,0xb0,0x22,0xac,0x21,0xa8,
	0x1f,0xa6,0x1e,0xa2,0x1a,0x9f,0x18,0x9d,0x15,0x9a,0x13,0x98,0x10,0x95,0x0f,0x92,
	0x13,0x90,0x14,0x8c,0x14,0x86,0x14,0x82,0x18,0x80,0x18,0x7c,0x18,0x76,0x19,0x72,
	0x1c,0x70,0x1d,0x6c,0x1d,0x66,0x1d,0x62,0x22,0x62,0x22,0x5e,0x22,0x58,0x23,0x53,
	0x25,0x50,0x26,0x4d,0x26,0x4a,0x26,0x48,0x2d,0x43,0x2d,0x41,0x2d,0x3d,0x2d,0x3a,
	0x2e,0x36,0x30,0x31,0x31,0x2e,0x32,0x2b,0x33,0x23,0x35,0x23,0x39,0x23,0x3d,0x22,
	0x3f,0x22,0x43,0x21,0x47,0x21,0x49,0x21,0x4c,0x1e,0x51,0x1e,0x57,0x1e,0x5b,0x1d,
	0x5d,0x1d,0x5f,0x1b,0x63,0x1b,0x67,0x1a,0x6c,0x19,0x71,0x19,0x74,0x18,0x77,0x18,
	0x7a,0x17,0x7d,0x17,0x80,0x16,0x82,0x15,0x88,0x14,0x8c,0x14,0x91,0x14,0x95,0x14,
	0x98,0x13,0x9b,0x12,0x9e,0x11,0xa1,0x11,0xa6,0x12,0xa7,0x14,0xaa,0x16,0xad,0x19,
	0xae,0x1a,0xb1,0x1e,0xb3,0x21,0xb6,0x24,0xb9,0x2b,0xbb,0x2d,0xbe,0x31,0xc0,0x33,
	0xc2,0x35,0xc4,0x38,0xc6,0x3a,0xc9,0x3c,0xcd,0x41,0xcf,0x43,0xd3,0x47,0xd5,0x4a,
	0xd7,0x4b,0xd8,0x4f,0xdb,0x55,0xdd,0x59,0xe0,0x5c,0xe2,0x5d,0xe4,0x60,0xe7,0x64,
	0xea,0x66,0xec,0x69,0xef,0x6b,0xf1,0x6d,0xee,0x71,0xee,0x74,0xee,0x7a,0xed,0x7e,
	0xeb,0x80,0xe9,0x83,0xe7,0x88,0xe6,0x8b,0xe3,0x90,0xe3,0x93,0xe2,0x95,0xe2,0x9a,
	0xe1,0x9e,0xe0,0xa2,0xdf,0xa5,0xde,0xa8,0xda,0xad,0xda,0xb0,0xda,0xb4,0xd9,0xb8,
	0xd7,0xba,0xd5,0xbe,0xd3,0xc0,0xd2,0xc3,0xd0,0xcd,0xd0,0xcf,0xd0,0xd3,0xd0,0xd5,
	0xce,0xd8,0xcb,0xdc,0xc9,0xdd,0xc6,0xde,0xc0,0xdf,0xbe,0xdf,0xba,0xdf,0xb8,0xdf,
	0x5a,0xf0,0x58,0xee,0x54,0xea,0x52,0xe8,0x51,0xe3,0x4f,0xe1,0x4b,0xdd,0x49,0xdb,
	0x47,0xd8,0x45,0xd5,0x43,0xd2,0x41,0xd0,0x3d,0xc8,0x3b,0xc6,0x37,0xc2,0x35,0xc0,
	0x33,0xbe,0x30,0xbc,0x2e,0xb9,0x2b,0xb7,0x27,0xb2,0x25,0xb0,0x22,0xac,0x21,0xa8,
	0x1f,0xa6,0x1e,0xa2,0x1a,0x9f,0x18,0x9d,0x15,0x9a,0x13,0x98,0x10,0x95,0x10,0x92,
	0x12,0x90,0x14,0x8c,0x14,0x86,0x14,0x82,0x18,0x80,0x18,0x7c,0x18,0x76,0x19,0x72,
	0x1c,0x70,0x1d,0x6c,0x1d,0x66,0x1d,0x62,0x22,0x62,0x22,0x5e,0x22,0x58,0x23,0x53,
	0x25,0x50,0x26,0x4d,0x26,0x4a,0x26,0x48,0x2d,0x43,0x2d,0x41,0x2d,0x3d,0x2d,0x39,
	0x2e,0x35,0x30,0x31,0x31,0x2e,0x32,0x2b,0x33,0x23,0x35,0x23,0x39,0x23,0x3c,0x22,
	0x40,0x22,0x43,0x21,0x47,0x21,0x49,0x21,0x4c,0x1e,0x51,0x1e,0x57,0x1e,0x5b,0x1d,
	0x5d,0x1d,0x5f,0x1b,0x62,0x1b,0x67,0x1a,0x6c,0x19,0x70,0x19,0x74,0x18,0x78,0x18,
	0x79,0x17,0x7e,0x17,0x80,0x16,0x83,0x15,0x89,0x14,0x8c,0x14,0x92,0x14,0x96,0x14,
	0x98,0x13,0x9c,0x12,0x9d,0x11,0xa0,0x11,0xa7,0x12,0xa8,0x14,0xab,0x16,0xac,0x19,
	0xae,0x1a,0xb1,0x1e,0xb3,0x21,0xb6,0x24,0xb9,0x2b,0xbb,0x2d,0xbe,0x31,0xc0,0x33,
	0xc2,0x35,0xc4,0x38,0xc6,0x3a,0xc9,0x3c,0xcd,0x41,0xcf,0x43,0xd3,0x47,0xd5,0x4a,
	0xd7,0x4b,0xd8,0x4f,0xdb,0x55,0xdd,0x59,0xe0,0x5c,0xe2,0x5d,0xe4,0x60,0xe7,0x64,
	0xea,0x66,0xec,0x69,0xef,0x6b,0xf1,0x6d,0xee,0x71,0xee,0x74,0xee,0x7a,0xed,0x7f,
	0xeb,0x80,0xe9,0x83,0xe7,0x87,0xe6,0x8b,0xe3,0x90,0xe3,0x92,0xe2,0x95,0xe1,0x9b,
	0xe1,0x9e,0xdf,0xa2,0xde,0xa5,0xdd,0xa8,0xd9,0xad,0xd9,0xb0,0xd9,0xb4,0xd8,0xb8,
	0xd7,0xbb,0xd5,0xbf,0xd3,0xc1,0xd2,0xc4,0xd0,0xcc,0xd0,0xce,0xd0,0xd2,0xcf,0xd5,
	0xce,0xd8,0xca,0xdb,0xc8,0xdc,0xc5,0xdd,0xbf,0xe0,0xbd,0xe0,0xb9,0xe0,0xb7,0xe0,
	0x5a,0xf0,0x58,0xee,0x54,0xea,0x52,0xe8,0x51,0xe3,0x4f,0xe1,0x4b,0xdd,0x49,0xdb,
	0x47,0xd8,0x45,0xd5,0x43,0xd2,0x41,0xd0,0x3d,0xc8,0x3b,0xc6,0x37,0xc2,0x35,0xc0,
	0x33,0xbe,0x30,0xbc,0x2e,0xb9,0x2b,0xb7,0x27,0xb2,0x25,0xb0,0x22,0xac,0x21,0xa8,
	0x1f,0xa6,0x1e,0xa2,0x1a,0x9f,0x18,0x9d,0x15,0x9a,0x13,0x98,0x10,0x95,0x10,0x92,
	0x12,0x90,0x14,0x8c,0x14,0x86,0x14,0x82,0x18,0x80,0x18,0x7c,0x18,0x76,0x19,0x72,
	0x1c,0x70,0x1d,0x6c,0x1d,0x66,0x1d,0x62,0x22,0x62,0x22,0x5e,0x22,0x58,0x23,0x53,
	0x25,0x50,0x26,0x4d,0x26,0x4a,0x26,0x48,0x2d,0x43,0x2d,0x41,0x2d,0x3d,0x2d,0x3a,
	0x2e,0x35,0x30,0x31,0x31,0x2e,0x32,0x2b,0x33,0x23,0x35,0x23,0x39,0x23,0x3c,0x22,
	0x40,0x22,0x43,0x21,0x47,0x21,0x49,0x21,0x4c,0x1e,0x51,0x1e,0x57,0x1e,0x5b,0x1d,
	0x5e,0x1d,0x60,0x1b,0x63,0x1b,0x67,0x1a,0x6c,0x19,0x70,0x19,0x73,0x18,0x77,0x18,
	0x79,0x17,0x7e,0x17,0x81,0x16,0x84,0x15,0x8a,0x14,0x8d,0x14,0x92,0x14,0x96,0x14,
	0x98,0x13,0x9c,0x12,0x9e,0x11,0xa1,0x11,0xa7,0x12,0xa8,0x14,0xab,0x16,0xad,0x19,
	0xae,0x1a,0xb1,0x1e,0xb3,0x21,0xb6,0x24,0xb9,0x2b,0xbb,0x2d,0xbe,0x31,0xc0,0x33,
	0xc2,0x35,0xc4,0x38,0xc6,0x3a,0xc9,0x3c,0xcd,0x41,0xcf,0x43,0xd3,0x47,0xd5,0x4a,
	0xd7,0x4b,0xd8,0x4f,0xdb,0x55,0xdd,0x59,0xe0,0x5c,0xe2,0x5d,0xe4,0x60,0xe7,0x64,
	0xea,0x66,0xec,0x69,0xef,0x6b,0xf1,0x6d,0xee,0x71,0xee,0x74,0xee,0x7a,0xed,0x7f,
	0xeb,0x81,0xe9,0x84,0xe7,0x88,0xe6,0x8b,0xe3,0x90,0xe3,0x93,0xe2,0x96,0xe1,0x9c,
	0xe1,0x9e,0xdf,0xa2,0xde,0xa5,0xdd,0xa8,0xd9,0xad,0xd9,0xb0,0xd9,0xb4,0xd8,0xb9,
	0xd7,0xbb,0xd5,0xc0,0xd3,0xc2,0xd2,0xc5,0xd0,0xcb,0xd0,0xcd,0xd0,0xd1,0xcf,0xd4,
	0xce,0xd8,0xca,0xdc,0xc8,0xdd,0xc5,0xde,0xbf,0xe0,0xbd,0xe0,0xb9,0xe0,0xb7,0xe0,
	0x5a,0xf0,0x58,0xee,0x54,0xea,0x52,0xe8,0x51,0xe3,0x4f,0xe1,0x4b,0xdd,0x49,0xdb,
	0x47,0xd8,0x45,0xd5,0x43,0xd2,0x41,0xd0,0x3d,0xc8,0x3b,0xc6,0x37,0xc2,0x35,0xc0,
	0x33,0xbe,0x30,0xbc,0x2e,0xb9,0x2b,0xb7,0x27,0xb2,0x25,0xb0,0x22,0xac,0x21,0xa8,
	0x1f,0xa6,0x1e,0xa2,0x1a,0x9f,0x18,0x9d,0x15,0x9a,0x13,0x98,0x10,0x95,0x10,0x92,
	0x12,0x90,0x14,0x8c,0x14,0x86,0x14,0x82,0x18,0x80,0x18,0x7c,0x18,0x76,0x19,0x72,
	0x1c,0x70,0x1d,0x6c,0x1d,0x66,0x1d,0x62,0x22,0x62,0x22,0x5e,0x22,0x58,0x23,0x53,
	0x25,0x50,0x26,0x4d,0x26,0x4a,0x26,0x48,0x2d,0x43,0x2d,0x41,0x2d,0x3d,0x2d,0x3a,
	0x2e,0x35,0x30,0x31,0x31,0x2e,0x32,0x2b,0x33,0x23,0x35,0x23,0x39,0x23,0x3c,0x22,
	0x40,0x22,0x43,0x21,0x47,0x21,0x49,0x21,0x4c,0x1e,0x51,0x1e,0x57,0x1e,0x5b,0x1d,
	0x5e,0x1d,0x60,0x1b,0x63,0x1b,0x67,0x1a,0x6c,0x19,0x70,0x19,0x73,0x18,0x77,0x18,
	0x79,0x17,0x7e,0x17,0x81,0x16,0x84,0x15,0x8a,0x14,0x8d,0x14,0x92,0x14,0x96,0x14,
	0x98,0x13,0x9c,0x12,0x9e,0x11,0xa1,0x11,0xa7,0x12,0xa8,0x14,0xab,0x16,0xad,0x19,
	0xae,0x1a,0xb1,0x1e,0xb3,0x21,0xb6,0x24,0xb9,0x2b,0xbb,0x2d,0xbe,0x31,0xc0,0x33,
	0xc2,0x35,0xc4,0x38,0xc6,0x3a,0xc9,0x3c,0xcd,0x41,0xcf,0x43,0xd3,0x47,0xd5,0x4a,
	0xd7,0x4b,0xd8,0x4f,0xdb,0x55,0xdd,0x59,0xe0,0x5c,0xe2,0x5d,0xe4,0x60,0xe7,0x64,
	0xea,0x66,0xec,0x69,0xef,0x6b,0xf1,0x6d,0xee,0x71,0xee,0x74,0xee,0x7a,0xed,0x7f,
	0xeb,0x81,0xe9,0x84,0xe7,0x88,0xe6,0x8b,0xe3,0x90,0xe3,0x93,0xe2,0x96,0xe1,0x9c,
	0xe1,0x9e,0xdf,0xa2,0xde,0xa5,0xdd,0xa8,0xd9,0xad,0xd9,0xb0,0xd9,0xb4,0xd8,0xb9,
	0xd7,0xbb,0xd5,0xc0,0xd3,0xc2,0xd2,0xc5,0xd0,0xcb,0xd0,0xcd,0xd0,0xd1,0xcf,0xd4,
	0xce,0xd8,0xca,0xdc,0xc8,0xdd,0xc5,0xde,0xbf,0xe0,0xbd,0xe0,0xb9,0xe0,0xb7,0xe0,
	0x5a,0xf0,0x58,0xee,0x54,0xea,0x52,0xe8,0x51,0xe3,0x4f,0xe1,0x4b,0xdd,0x49,0xdb,
	0x47,0xd8,0x45,0xd5,0x43,0xd2,0x41,0xd0,0x3d,0xc8,0x3b,0xc6,0x37,0xc2,0x35,0xc0,
	0x33,0xbe,0x30,0xbc,0x2e,0xb9,0x2b,0xb7,0x27,0xb2,0x25,0xb0,0x22,0xac,0x21,0xa8,
	0x1f,0xa6,0x1e,0xa2,0x1a,0x9f,0x18,0x9d,0x15,0x9a,0x13,0x98,0x10,0x95,0x10,0x92,
	0x12,0x90,0x14,0x8c,0x14,0x86,0x14,0x82,0x18,0x80,0x18,0x7c,0x18,0x76,0x19,0x72,
	0x1c,0x70,0x1d,0x6c,0x1d,0x66,0x1d,0x62,0x22,0x62,0x22,0x5e,0x22,0x58,0x23,0x53,
	0x25,0x50,0x26,0x4d,0x26,0x4a,0x26,0x48,0x2d,0x43,0x2d,0x41,0x2d,0x3d,0x2d,0x3a,
	0x2e,0x35,0x30,0x31,0x31,0x2e,0x32,0x2b,0x33,0x23,0x35,0x23,0x39,0x23,0x3c,0x22,
	0x40,0x22,0x43,0x21,0x47,0x21,0x49,0x21,0x4c,0x1e,0x51,0x1e,0x57,0x1e,0x5b,0x1d,
	0x5e,0x1d,0x60,0x1b,0x63,0x1b,0x67,0x1a,0x6c,0x19,0x70,0x19,0x73,0x18,0x77,0x18,
	0x79,0x17,0x7e,0x17,0x81,0x16,0x84,0x15,0x8a,0x14,0x8d,0x14,0x92,0x14,0x96,0x14,
	0x98,0x13,0x9c,0x12,0x9e,0x11,0xa1,0x11,0xa7,0x12,0xa8,0x14,0xab,0x16,0xad,0x19,
	0xae,0x1a,0xb1,0x1e,0xb3,0x21,0xb6,0x24,0xb9,0x2b,0xbb,0x2d,0xbe,0x31,0xc0,0x33,
	0xc2,0x35,0xc4,0x38,0xc6,0x3a,0xc9,0x3c,0xcd,0x41,0xcf,0x43,0xd3,0x47,0xd5,0x4a,
	0xd7,0x4b,0xd8,0x4f,0xdb,0x55,0xdd,0x59,0xe0,0x5c,0xe2,0x5d,0xe4,0x60,0xe7,0x64,
	0xea,0x66,0xec,0x69,0xef,0x6b,0xf1,0x6d,0xee,0x71,0xee,0x74,0xee,0x7a,0xed,0x7f,
	0xeb,0x81,0xe9,0x84,0xe7,0x88,0xe6,0x8b,0xe3,0x90,0xe3,0x93,0xe2,0x96,0xe1,0x9c,
	0xe1,0x9e,0xdf,0xa2,0xde,0xa5,0xdd,0xa8,0xd9,0xad,0xd9,0xb0,0xd9,0xb4,0xd8,0xb9,
	0xd7,0xbb,0xd5,0xc0,0xd3,0xc2,0xd2,0xc5,0xd0,0xcb,0xd0,0xcd,0xd0,0xd1,0xcf,0xd4,
	0xce,0xd8,0xca,0xdc,0xc8,0xdd,0xc5,0xde,0xbf,0xe0,0xbd,0xe0,0xb9,0xe0,0xb7,0xe0,
	0x5a,0xf0,0x58,0xee,0x54,0xea,0x52,0xe8,0x51,0xe3,0x4f,0xe1,0x4b,0xdd,0x49,0xdb,
	0x47,0xd8,0x45,0xd5,0x43,0xd2,0x41,0xd0,0x3d,0xc8,0x3b,0xc6,0x37,0xc2,0x35,0xc0,
	0x33,0xbe,0x30,0xbc,0x2e,0xb9,0x2b,0xb7,0x27,0xb2,0x25,0xb0,0x22,0xac,0x21,0xa8,
	0x1f,0xa6,0x1e,0xa2,0x1a,0x9f,0x18,0x9d,0x15,0x9a,0x13,0x98,0x10,0x95,0x10,0x92,
	0x12,0x90,0x14,0x8c,0x14,0x86,0x14,0x82,0x18,0x80,0x18,0x7c,0x18,0x76,0x19,0x72,
	0x1c,0x70,0x1d,0x6c,0x1d,0x66,0x1d,0x62,0x22,0x62,0x22,0x5e,0x22,0x58,0x23,0x53,
	0x25,0x50,0x26,0x4d,0x26,0x4a,0x26,0x48,0x2d,0x43,0x2d,0x41,0x2d,0x3d,0x2d,0x39,
	0x2e,0x36,0x30,0x31,0x31,0x2e,0x32,0x2b,0x33,0x23,0x35,0x23,0x39,0x23,0x3c,0x22,
	0x40,0x22,0x43,0x21,0x47,0x21,0x49,0x21,0x4c,0x1e,0x51,0x1e,0x57,0x1e,0x5b,0x1d,
	0x5e,0x1d,0x60,0x1b,0x63,0x1b,0x67,0x1a,0x6c,0x19,0x70,0x19,0x73,0x18,0x77,0x18,
	0x79,0x17,0x7e,0x17,0x81,0x16,0x84,0x15,0x8a,0x14,0x8d,0x14,0x92,0x14,0x96,0x14,
	0x98,0x13,0x9c,0x12,0x9e,0x11,0xa1,0x11,0xa7,0x12,0xa8,0x14,0xab,0x16,0xad,0x19,
	0xae,0x1a,0xb1,0x1e,0xb3,0x21,0xb6,0x24,0xb9,0x2b,0xbb,0x2d,0xbe,0x31,0xc0,0x33,
	0xc2,0x35,0xc4,0x38,0xc6,0x3a,0xc9,0x3c,0xcd,0x41,0xcf,0x43,0xd3,0x47,0xd5,0x4a,
	0xd7,0x4b,0xd8,0x4f,0xdb,0x55,0xdd,0x59,0xe0,0x5c,0xe2,0x5d,0xe4,0x60,0xe7,0x64,
	0xea,0x66,0xec,0x69,0xef,0x6b,0xf1,0x6d,0xee,0x71,0xee,0x74,0xee,0x7a,0xed,0x7f,
	0xeb,0x81,0xe9,0x84,0xe7,0x88,0xe6,0x8b,0xe3,0x90,0xe3,0x93,0xe2,0x96,0xe1,0x9c,
	0xe1,0x9e,0xdf,0xa2,0xde,0xa5,0xdd,0xa8,0xd9,0xad,0xd9,0xb0,0xd9,0xb4,0xd8,0xb9,
	0xd7,0xbb,0xd5,0xc0,0xd3,0xc2,0xd2,0xc5,0xd0,0xcb,0xd0,0xcd,0xd0,0xd1,0xcf,0xd4,
	0xce,0xd8,0xca,0xdc,0xc8,0xdd,0xc5,0xde,0xbf,0xe0,0xbd,0xe0,0xb9,0xe0,0xb7,0xe0,
	0x5a,0xf0,0x58,0xee,0x54,0xea,0x52,0xe8,0x51,0xe3,0x4f,0xe1,0x4b,0xdd,0x49,0xdb,
	0x47,0xd8,0x45,0xd5,0x43,0xd2,0x41,0xd0,0x3d,0xc8,0x3b,0xc6,0x37,0xc2,0x35,0xc0,
	0x33,0xbe,0x30,0xbc,0x2e,0xb9,0x2b,0xb7,0x27,0xb2,0x25,0xb0,0x22,0xac,0x21,0xa8,
	0x1f,0xa6,0x1e,0xa2,0x1a,0x9f,0x18,0x9d,0x15,0x9a,0x13,0x98,0x10,0x95,0x10,0x92,
	0x12,0x90,0x14,0x8c,0x14,0x86,0x14,0x82,0x18,0x80,0x18,0x7c,0x18,0x76,0x19,0x72,
	0x1c,0x70,0x1d,0x6c,0x1d,0x66,0x1d,0x62,0x22,0x62,0x22,0x5e,0x22,0x58,0x23,0x53,
	0x25,0x50,0x26,0x4d,0x26,0x4a,0x26,0x48,0x2d,0x43,0x2d,0x41,0x2d,0x3d,0x2d,0x39,
	0x2e,0x36,0x30,0x31,0x31,0x2e,0x32,0x2b,0x33,0x23,0x35,0x23,0x39,0x23,0x3c,0x22,
	0x40,0x22,0x43,0x21,0x47,0x21,0x49,0x21,0x4c,0x1e,0x51,0x1e,0x57,0x1e,0x5b,0x1d,
	0x5e,0x1d,0x60,0x1b,0x63,0x1b,0x67,0x1a,0x6c,0x19,0x70,0x19,0x73,0x18,0x77,0x18,
	0x79,0x17,0x7e,0x17,0x81,0x16,0x84,0x15,0x8a,0x14,0x8d,0x14,0x92,0x14,0x96,0x14,
	0x98,0x13,0x9c,0x12,0x9e,0x11,0xa1,0x11,0xa7,0x12,0xa8,0x14,0xab,0x16,0xad,0x19,
	0xae,0x1a,0xb1,0x1e,0xb3,0x21,0xb6,0x24,0xb9,0x2b,0xbb,0x2d,0xbe,0x31,0xc0,0x33,
	0xc2,0x35,0xc4,0x38,0xc6,0x3a,0xc9,0x3c,0xcd,0x41,0xcf,0x43,0xd3,0x47,0xd5,0x4a,
	0xd7,0x4b,0xd8,0x4f,0xdb,0x55,0xdd,0x59,0xe0,0x5c,0xe2,0x5d,0xe4,0x60,0xe7,0x64,
	0xea,0x66,0xec,0x69,0xef,0x6b,0xf1,0x6d,0xee,0x71,0xee,0x74,0xee,0x7a,0xed,0x7f,
	0xeb,0x81,0xe9,0x84,0xe7,0x88,0xe6,0x8b,0xe3,0x90,0xe3,0x93,0xe2,0x96,0xe1,0x9c,
	0xe1,0x9e,0xdf,0xa2,0xde,0xa5,0xdd,0xa8,0xd9,0xad,0xd9,0xb0,0xd9,0xb4,0xd8,0xb9,
	0xd7,0xbb,0xd5,0xc0,0xd3,0xc2,0xd2,0xc5,0xd0,0xcb,0xd0,0xcd,0xd0,0xd1,0xcf,0xd4,
	0xce,0xd8,0xca,0xdc,0xc8,0xdd,0xc5,0xde,0xbf,0xe0,0xbd,0xe0,0xb9,0xe0,0xb7,0xe0,
	0x5a,0xf0,0x58,0xee,0x54,0xea,0x52,0xe8,0x51,0xe3,0x4f,0xe1,0x4b,0xdd,0x49,0xdb,
	0x47,0xd8,0x45,0xd5,0x43,0xd2,0x41,0xd0,0x3d,0xc8,0x3b,0xc6,0x37,0xc2,0x35,0xc0,
	0x33,0xbe,0x30,0xbc,0x2e,0xb9,0x2b,0xb7,0x27,0xb2,0x25,0xb0,0x22,0xac,0x21,0xa8,
	0x1f,0xa6,0x1e,0xa2,0x1a,0x9f,0x18,0x9d,0x15,0x9a,0x13,0x98,0x10,0x95,0x10,0x92,
	0x12,0x90,0x14,0x8c,0x14,0x86,0x14,0x82,0x18,0x80,0x18,0x7c,0x18,0x76,0x19,0x72,
	0x1c,0x70,0x1d,0x6c,0x1d,0x66,0x1d,0x62,0x22,0x62,0x22,0x5e,0x22,0x58,0x23,0x53,
	0x25,0x50,0x26,0x4d,0x26,0x4a,0x26,0x48,0x2d,0x43,0x2d,0x41,0x2d,0x3d,0x2d,0x39,
	0x2e,0x36,0x30,0x31,0x31,0x2e,0x32,0x2b,0x33,0x23,0x35,0x23,0x39,0x23,0x3c,0x22,
	0x40,0x22,0x43,0x21,0x47,0x21,0x49,0x21,0x4c,0x1e,0x51,0x1e,0x57,0x1e,0x5b,0x1d,
	0x5e,0x1d,0x60,0x1b,0x63,0x1b,0x67,0x1a,0x6c,0x19,0x70,0x19,0x73,0x18,0x77,0x18,
	0x79,0x17,0x7e,0x17,0x81,0x16,0x84,0x15,0x8a,0x14,0x8d,0x14,0x92,0x14,0x96,0x14,
	0x98,0x13,0x9c,0x12,0x9e,0x11,0xa1,0x11,0xa7,0x12,0xa8,0x14,0xab,0x16,0xad,0x19,
	0xae,0x1a,0xb1,0x1e,0xb3,0x21,0xb6,0x24,0xb9,0x2b,0xbb,0x2d,0xbe,0x31,0xc0,0x33,
	0xc2,0x35,0xc4,0x38,0xc6,0x3a,0xc9,0x3c,0xcd,0x41,0xcf,0x43,0xd3,0x47,0xd5,0x4a,
	0xd7,0x4b,0xd8,0x4f,0xdb,0x55,0xdd,0x59,0xe0,0x5c,0xe2,0x5d,0xe4,0x60,0xe7,0x64,
	0xea,0x66,0xec,0x69,0xef,0x6b,0xf1,0x6d,0xee,0x71,0xee,0x74,0xee,0x7a,0xed,0x7f,
	0xeb,0x81,0xe9,0x84,0xe7,0x88,0xe6,0x8b,0xe3,0x90,0xe3,0x93,0xe2,0x96,0xe1,0x9c,
	0xe1,0x9e,0xdf,0xa2,0xde,0xa5,0xdd,0xa8,0xd9,0xad,0xd9,0xb0,0xd9,0xb4,0xd8,0xb9,
	0xd7,0xbb,0xd5,0xc0,0xd3,0xc2,0xd2,0xc5,0xd0,0xcb,0xd0,0xcd,0xd0,0xd1,0xcf,0xd4,
	0xce,0xd8,0xca,0xdc,0xc8,0xdd,0xc5,0xde,0xbf,0xe0,0xbd,0xe0,0xb9,0xe0,0xb7,0xe0,
	0x58,0xf2,0x56,0xf0,0x52,0xec,0x50,0xea,0x4f,0xe5,0x4d,0xe3,0x49,0xdf,0x47,0xdd,
	0x45,0xda,0x43,0xd7,0x41,0xd4,0x3f,0xd2,0x3b,0xca,0x39,0xc8,0x35,0xc4,0x33,0xc2,
	0x31,0xc0,0x2e,0xbe,0x2c,0xbb,0x29,0xb9,0x25,0xb0,0x23,0xae,0x20,0xaa,0x1f,0xa6,
	0x1d,0xa4,0x1c,0xa0,0x18,0x9d,0x16,0x9f,0x13,0x9c,0x11,0x9a,0x0e,0x97,0x0e,0x94,
	0x11,0x91,0x13,0x8d,0x13,0x87,0x13,0x83,0x17,0x81,0x17,0x7d,0x17,0x77,0x18,0x73,
	0x1b,0x6f,0x1c,0x6b,0x1c,0x65,0x1c,0x61,0x21,0x61,0x21,0x5d,0x21,0x57,0x22,0x52,
	0x23,0x4e,0x24,0x4b,0x24,0x48,0x24,0x46,0x2b,0x41,0x2b,0x3f,0x2b,0x3b,0x2b,0x37,
	0x2c,0x34,0x2e,0x2f,0x2f,0x2c,0x30,0x29,0x31,0x21,0x33,0x21,0x37,0x21,0x3a,0x20,
	0x3f,0x21,0x42,0x20,0x46,0x20,0x48,0x20,0x4b,0x1d,0x50,0x1d,0x56,0x1d,0x5a,0x1c,
	0x5c,0x1b,0x5e,0x19,0x61,0x19,0x65,0x18,0x6a,0x17,0x6e,0x17,0x71,0x16,0x75,0x16,
	0x7b,0x15,0x80,0x15,0x83,0x14,0x86,0x13,0x8c,0x12,0x8f,0x12,0x94,0x12,0x98,0x12,
	0x9a,0x11,0x9e,0x10,0xa0,0x0f,0xa3,0x0f,0xa9,0x10,0xaa,0x12,0xad,0x14,0xaf,0x17,
	0xaf,0x19,0xb2,0x1d,0xb4,0x20,0xb7,0x23,0xba,0x2c,0xbc,0x2e,0xbf,0x31,0xc1,0x33,
	0xc3,0x36,0xc5,0x39,0xc7,0x3b,0xca,0x3d,0xce,0x42,0xd0,0x44,0xd4,0x48,0xd6,0x4a,
	0xd8,0x4c,0xd9,0x50,0xdc,0x56,0xde,0x5a,0xe1,0x5d,0xe3,0x5e,0xe5,0x61,0xe8,0x65,
	0xeb,0x65,0xed,0x68,0xf0,0x6a,0xf2,0x6c,0xef,0x70,0xef,0x73,0xef,0x79,0xee,0x7e,
	0xed,0x7f,0xeb,0x82,0xe9,0x86,0xe8,0x89,0xe5,0x8e,0xe5,0x95,0xe4,0x98,0xe3,0x9e,
	0xe3,0xa0,0xe1,0xa4,0xe0,0xa7,0xdf,0xaa,0xdb,0xaf,0xdb,0xb2,0xdb,0xb6,0xda,0xbb,
	0xd9,0xbd,0xd7,0xc2,0xd5,0xc4,0xd4,0xc7,0xd2,0xcd,0xd2,0xcf,0xd2,0xd3,0xd1,0xd6,
	0xd0,0xda,0xcc,0xde,0xca,0xdf,0xc7,0xe0,0xc1,0xe2,0xbf,0xe2,0xbb,0xe2,0xb9,0xe2,
	0x59,0xf2,0x57,0xf0,0x54,0xed,0x53,0xeb,0x4d,0xe5,0x4d,0xe5,0x4d,0xe5,0x4b,0xe3,
	0x46,0xda,0x44,0xd8,0x44,0xd8,0x44,0xd8,0x38,0xc8,0x38,0xc8,0x38,0xc8,0x36,0xc6,
	0x33,0xbf,0x31,0xbd,0x31,0xbd,0x31,0xbd,0x24,0xa9,0x24,0xa9,0x24,0xa9,0x23,0xa9,
	0x20,0xa6,0x17,0x9b,0x1c,0x99,0x14,0x9d,0x0c,0xa0,0x0c,0x9f,0x10,0x9a,0x0e,0x94,
	0x0d,0x8d,0x0c,0x8b,0x0c,0x8b,0x0c,0x8b,0x12,0x7b,0x12,0x7b,0x12,0x7b,0x14,0x79,
	0x15,0x65,0x17,0x63,0x17,0x63,0x17,0x63,0x17,0x56,0x17,0x56,0x17,0x56,0x19,0x54,
	0x1c,0x49,0x1e,0x47,0x1e,0x47,0x1e,0x47,0x27,0x37,0x27,0x37,0x27,0x37,0x28,0x35,
	0x29,0x2b,0x2a,0x29,0x2a,0x29,0x2a,0x29,0x2f,0x1f,0x2f,0x1f,0x2f,0x1f,0x31,0x1f,
	0x3c,0x1e,0x3e,0x1e,0x3e,0x1e,0x3e,0x1e,0x4b,0x1b,0x4b,0x1b,0x4b,0x1b,0x4d,0x1a,
	0x5a,0x19,0x5c,0x18,0x5c,0x18,0x5c,0x18,0x69,0x18,0x69,0x18,0x69,0x18,0x6b,0x16,
	0x82,0x12,0x84,0x10,0x84,0x10,0x84,0x10,0x94,0x10,0x94,0x10,0x94,0x10,0x96,0x10,
	0x9f,0x10,0xa1,0x10,0xa1,0x10,0xa1,0x10,0xb1,0x10,0xb1,0x10,0xb1,0x10,0xb3,0x12,
	0xb5,0x17,0xb7,0x19,0xb7,0x19,0xb7,0x19,0xc5,0x2d,0xc5,0x2d,0xc5,0x2e,0xc7,0x30,
	0xc9,0x38,0xcb,0x3a,0xcb,0x3a,0xcb,0x3a,0xd7,0x43,0xd7,0x43,0xd7,0x43,0xd9,0x46,
	0xdf,0x51,0xe1,0x53,0xe1,0x53,0xe1,0x53,0xea,0x63,0xea,0x63,0xea,0x63,0xec,0x63,
	0xf3,0x66,0xf5,0x66,0xf5,0x66,0xf5,0x66,0xf5,0x73,0xf5,0x73,0xf5,0x73,0xf3,0x75,
	0xed,0x7d,0xf2,0x80,0xf1,0x86,0xe9,0x89,0xe8,0x8f,0xe6,0x93,0xe7,0x9a,0xdf,0xa2,
	0xdd,0xa8,0xde,0xaa,0xde,0xaa,0xde,0xaa,0xdd,0xb6,0xdd,0xb6,0xdd,0xb6,0xdb,0xb8,
	0xd9,0xc0,0xd7,0xc2,0xd7,0xc2,0xd7,0xc2,0xd1,0xd5,0xd1,0xd5,0xd1,0xd5,0xd0,0xd7,
	0xcf,0xdd,0xce,0xdf,0xce,0xdf,0xce,0xdf,0xbe,0xe0,0xbe,0xe0,0xbe,0xe0,0xbe,0xe0,
	0x6e,0xb7,0x6c,0xb5,0x6a,0xb3,0x69,0xb1,0x6a,0xb2,0x6a,0xb2,0x6a,0xb2,0x68,0xb0,
	0x62,0xab,0x60,0xa9,0x60,0xa9,0x60,0xa9,0x5c,0xa3,0x5c,0xa3,0x5c,0xa3,0x5a,0xa2,
	0x59,0xa2,0x57,0xa1,0x57,0xa1,0x57,0xa1,0x3d,0xd1,0x3d,0xd1,0x3d,0xd1,0x3d,0xcf,
	0x3c,0xca,0x3c,0xca,0x3f,0xc1,0x59,0x59,0x5d,0x54,0x60,0x4d,0x5b,0x53,0x56,0x4f,
	0x56,0x4d,0x58,0x4c,0x58,0x4c,0x58,0x4c,0x5c,0x46,0x5c,0x46,0x5c,0x46,0x5e,0x48,
	0x73,0xa2,0x75,0xa4,0x75,0xa4,0x75,0xa4,0x75,0x9b,0x75,0x9b,0x75,0x9b,0x77,0x99,
	0x77,0x97,0x79,0x95,0x79,0x95,0x79,0x95,0x7b,0x8f,0x7b,0x8f,0x7b,0x8f,0x7c,0x8d,
	0x7d,0x87,0x7e,0x85,0x7e,0x85,0x7e,0x85,0x97,0x48,0x97,0x48,0x97,0x48,0x99,0x48,
	0x9b,0x48,0x9d,0x48,0x9d,0x48,0x9d,0x48,0xa0,0x45,0xa0,0x45,0xa0,0x45,0xa2,0x44,
	0xa4,0x44,0xa6,0x43,0xa6,0x43,0xa6,0x43,0xaf,0x43,0xaf,0x43,0xaf,0x43,0xad,0x45,
	0x4c,0x51,0x4a,0x53,0x4a,0x53,0x4a,0x53,0x50,0x53,0x50,0x53,0x50,0x53,0x51,0x53,
	0x52,0x53,0x53,0x53,0x53,0x53,0x53,0x53,0x59,0x53,0x59,0x53,0x59,0x53,0x5b,0x55,
	0x5f,0x57,0x61,0x59,0x61,0x59,0x61,0x59,0x7b,0x28,0x7b,0x28,0x7b,0x28,0x7d,0x29,
	0x7d,0x2a,0x7f,0x2b,0x7f,0x2b,0x7f,0x2b,0x83,0x35,0x83,0x35,0x83,0x35,0x85,0x37,
	0x87,0x39,0x89,0x3b,0x89,0x3b,0x89,0x3b,0x8b,0x41,0x8b,0x41,0x8b,0x41,0x8d,0x43,
	0xa2,0xaa,0xa4,0xac,0xa4,0xac,0xa4,0xac,0xa4,0xb5,0xa4,0xb5,0xa4,0xb5,0xa4,0xb6,
	0xa4,0xb6,0xa4,0xb2,0x9f,0xbb,0x98,0xbf,0x9b,0xcd,0xb6,0x80,0xc7,0x54,0xc4,0x56,
	0xc2,0x58,0xc3,0x5a,0xc3,0x5a,0xc3,0x5a,0xac,0x9a,0xac,0x9a,0xac,0x9a,0xab,0x9c,
	0xa9,0x9c,0xa8,0x9e,0xa8,0x9e,0xa8,0x9e,0xa9,0xa6,0xa9,0xa6,0xa9,0xa6,0xa8,0xa8,
	0xa7,0xaa,0xa6,0xac,0xa6,0xac,0xa6,0xac,0xa0,0xb2,0xa0,0xb2,0xa0,0xb2,0xa0,0xb2,
	0x81,0x7d,0x80,0x7c,0x7e,0x79,0x7d,0x78,0x81,0x7c,0x81,0x7c,0x81,0x7c,0x83,0x7b,
	0x83,0x7b,0x85,0x7a,0x85,0x7a,0x85,0x7a,0x84,0x7a,0x84,0x7a,0x84,0x7a,0x84,0x7b,
	0x83,0x7b,0x83,0x7c,0x83,0x7c,0x83,0x7c,0x5e,0xf1,0x5e,0xf1,0x5e,0xf1,0x5c,0xf3,
	0x5b,0xf7,0x59,0xf3,0x5b,0xf7,0x75,0xa8,0xae,0x10,0xb0,0x0a,0xa4,0x13,0xaf,0x0a,
	0xaf,0x07,0xad,0x08,0xad,0x08,0xad,0x08,0xae,0x08,0xae,0x08,0xae,0x08,0xb0,0x0a,
	0xd1,0xe3,0xd3,0xe5,0xd3,0xe5,0xd3,0xe5,0xd3,0xe3,0xd3,0xe3,0xd3,0xe3,0xd3,0xe3,
	0xd4,0xe3,0xd4,0xe3,0xd4,0xe3,0xd4,0xe3,0xd2,0xe3,0xd2,0xe3,0xd2,0xe3,0xd3,0xe5,
	0xd4,0xe5,0xd5,0xe7,0xd5,0xe7,0xd5,0xe7,0xfa,0x76,0xfa,0x76,0xfa,0x76,0xfa,0x76,
	0xfa,0x76,0xfa,0x76,0xfa,0x76,0xfa,0x76,0xf7,0x73,0xf7,0x73,0xf7,0x73,0xf7,0x74,
	0xf7,0x74,0xf7,0x75,0xf7,0x75,0xf7,0x75,0xf9,0x75,0xf9,0x75,0xf9,0x75,0xf7,0x77,
	0x0e,0x96,0x0c,0x98,0x0c,0x98,0x0c,0x98,0x0c,0x98,0x0c,0x98,0x0c,0x98,0x0b,0x98,
	0x0a,0x98,0x09,0x98,0x09,0x98,0x09,0x98,0x09,0x98,0x09,0x98,0x09,0x98,0x08,0x98,
	0x08,0x98,0x07,0x98,0x07,0x98,0x07,0x98,0x2b,0x26,0x2b,0x26,0x2b,0x26,0x2b,0x25,
	0x2c,0x24,0x2c,0x23,0x2c,0x23,0x2c,0x23,0x2d,0x1f,0x2d,0x1f,0x2d,0x1f,0x2d,0x1f,
	0x2d,0x1f,0x2d,0x1f,0x2d,0x1f,0x2d,0x1f,0x2b,0x1f,0x2b,0x1f,0x2b,0x1f,0x2d,0x21,
	0x4e,0xf2,0x50,0xf4,0x50,0xf4,0x50,0xf4,0x50,0xf6,0x50,0xf6,0x50,0xf6,0x51,0xf7,
	0x51,0xf7,0x4e,0xf6,0x4c,0xf3,0x4f,0xfe,0x65,0xb1,0xa1,0x17,0xa2,0x11,0xa2,0x0b,
	0xa2,0x09,0xa2,0x0a,0xa2,0x0a,0xa2,0x0a,0x7b,0x7e,0x7b,0x7e,0x7b,0x7e,0x7b,0x7e,
	0x7a,0x7f,0x7a,0x7f,0x7a,0x7f,0x7a,0x7f,0x7e,0x7d,0x7e,0x7d,0x7e,0x7d,0x7d,0x7d,
	0x7c,0x7d,0x7b,0x7d,0x7b,0x7d,0x7b,0x7d,0x7b,0x7c,0x7b,0x7c,0x7b,0x7c,0x7b,0x7c,
	0x83,0x83,0x82,0x82,0x81,0x80,0x80,0x7f,0x81,0x80,0x81,0x80,0x81,0x80,0x82,0x81,
	0x83,0x81,0x84,0x82,0x84,0x82,0x84,0x82,0x7f,0x81,0x7f,0x81,0x7f,0x81,0x7f,0x80,
	0x80,0x80,0x80,0x7f,0x80,0x7f,0x80,0x7f,0x5a,0xf0,0x5a,0xf0,0x5a,0xf0,0x5c,0xef,
	0x5e,0xef,0x58,0xee,0x5c,0xf1,0x54,0xf6,0x6e,0xaa,0xa2,0x12,0xa2,0x11,0xa6,0x14,
	0xa8,0x13,0xa8,0x11,0xa8,0x11,0xa8,0x11,0xa7,0x10,0xa7,0x10,0xa7,0x10,0xa9,0x12,
	0xc7,0xdc,0xc9,0xde,0xc9,0xde,0xc9,0xde,0xc9,0xe0,0xc9,0xe0,0xc9,0xe0,0xc9,0xe0,
	0xc8,0xdf,0xc8,0xdf,0xc8,0xdf,0xc8,0xdf,0xca,0xde,0xca,0xde,0xca,0xde,0xcb,0xdd,
	0xcc,0xdc,0xcd,0xdb,0xcd,0xdb,0xcd,0xdb,0xef,0x6e,0xef,0x6e,0xef,0x6e,0xef,0x6e,
	0xf0,0x6e,0xf0,0x6e,0xf0,0x6e,0xf0,0x6e,0xee,0x6b,0xee,0x6b,0xee,0x6b,0xee,0x6d,
	0xef,0x6d,0xef,0x6f,0xef,0x6f,0xef,0x6f,0xed,0x6f,0xed,0x6f,0xed,0x6f,0xeb,0x71,
	0x11,0x91,0x0f,0x93,0x0f,0x93,0x0f,0x93,0x10,0x93,0x10,0x93,0x10,0x93,0x0f,0x93,
	0x0f,0x93,0x0e,0x93,0x0e,0x93,0x0e,0x93,0x0f,0x93,0x0f,0x93,0x0f,0x93,0x0f,0x92,
	0x10,0x90,0x10,0x8f,0x10,0x8f,0x10,0x8f,0x34,0x25,0x34,0x25,0x34,0x25,0x34,0x24,
	0x33,0x24,0x33,0x23,0x33,0x23,0x33,0x23,0x38,0x20,0x38,0x20,0x38,0x20,0x37,0x20,
	0x35,0x21,0x34,0x21,0x34,0x21,0x34,0x21,0x36,0x22,0x36,0x22,0x36,0x22,0x38,0x24,
	0x5c,0xef,0x5e,0xf1,0x5e,0xf1,0x5e,0xf1,0x5e,0xef,0x5e,0xef,0x5e,0xef,0x5d,0xf1,
	0x5b,0xf3,0x58,0xf4,0x5f,0xf9,0x6b,0xb3,0xa8,0x12,0x9f,0x0f,0xa8,0x12,0xa6,0x11,
	0xa6,0x0f,0xa6,0x0e,0xa6,0x0e,0xa6,0x0e,0x80,0x7d,0x80,0x7d,0x80,0x7d,0x80,0x7f,
	0x81,0x80,0x81,0x82,0x81,0x82,0x81,0x82,0x82,0x80,0x82,0x80,0x82,0x80,0x81,0x7f,
	0x80,0x7d,0x7f,0x7c,0x7f,0x7c,0x7f,0x7c,0x7e,0x80,0x7e,0x80,0x7e,0x80,0x7e,0x80,
	0x82,0x82,0x81,0x80,0x80,0x7f,0x81,0x80,0x81,0x80,0x81,0x80,0x81,0x80,0x81,0x80,
	0x81,0x80,0x81,0x80,0x81,0x80,0x81,0x80,0x80,0x81,0x80,0x81,0x80,0x81,0x80,0x81,
	0x80,0x80,0x80,0x80,0x80,0x80,0x80,0x80,0x5a,0xf0,0x5a,0xf0,0x5a,0xf0,0x5a,0xf0,
	0x5a,0xf0,0x5a,0xf0,0x5a,0xf0,0x5a,0xf0,0x54,0xf6,0x6e,0xaa,0xa2,0x12,0xa4,0x0f,
	0xa5,0x0c,0xa4,0x0e,0x9f,0x14,0xa8,0x05,0xa7,0x10,0xa7,0x10,0xa7,0x10,0xa9,0x12,
	0xc7,0xdc,0xc9,0xde,0xc9,0xde,0xc9,0xde,0xc9,0xde,0xc9,0xde,0xc9,0xde,0xc9,0xde,
	0xc9,0xde,0xc9,0xde,0xc9,0xde,0xc9,0xde,0xc9,0xde,0xc9,0xde,0xc9,0xde,0xc9,0xde,
	0xc9,0xde,0xc9,0xde,0xc9,0xde,0xc9,0xde,0xef,0x6e,0xef,0x6e,0xef,0x6e,0xef,0x6e,
	0xef,0x6e,0xef,0x6e,0xef,0x6e,0xef,0x6e,0xef,0x6e,0xef,0x6e,0xef,0x6e,0xef,0x6e,
	0xef,0x6e,0xef,0x6e,0xef,0x6e,0xef,0x6e,0xef,0x6e,0xef,0x6e,0xef,0x6e,0xed,0x70,
	0x11,0x91,0x0f,0x93,0x0f,0x93,0x10,0x93,0x10,0x93,0x10,0x93,0x10,0x93,0x0f,0x93,
	0x0f,0x93,0x0e,0x93,0x0e,0x93,0x0f,0x93,0x0f,0x93,0x0f,0x93,0x0f,0x93,0x0f,0x93,
	0x0f,0x93,0x0f,0x93,0x0f,0x93,0x0f,0x93,0x34,0x22,0x34,0x22,0x34,0x22,0x34,0x22,
	0x34,0x22,0x34,0x22,0x34,0x22,0x34,0x22,0x34,0x22,0x34,0x22,0x34,0x22,0x34,0x22,
	0x34,0x21,0x34,0x21,0x34,0x21,0x35,0x22,0x36,0x22,0x36,0x22,0x36,0x22,0x38,0x24,
	0x59,0xef,0x5b,0xf1,0x5b,0xf1,0x5b,0xf0,0x5c,0xf2,0x5c,0xef,0x5b,0xed,0x58,0xeb,
	0x56,0xee,0x5c,0xf6,0x6d,0xb3,0xa7,0x14,0xa5,0x11,0xa5,0x11,0xa5,0x11,0xa5,0x11,
	0xa5,0x11,0xa5,0x11,0xa5,0x11,0xa5,0x11,0x80,0x80,0x80,0x80,0x80,0x80,0x80,0x80,
	0x80,0x80,0x80,0x80,0x80,0x80,0x80,0x80,0x80,0x80,0x80,0x80,0x80,0x80,0x80,0x80,
	0x80,0x80,0x80,0x80,0x80,0x80,0x80,0x80,0x80,0x80,0x80,0x80,0x80,0x80,0x80,0x80,
	0x81,0x80,0x80,0x7f,0x81,0x80,0x81,0x80,0x81,0x80,0x81,0x80,0x81,0x80,0x81,0x80,
	0x81,0x80,0x81,0x80,0x81,0x80,0x81,0x80,0x80,0x81,0x80,0x81,0x80,0x81,0x80,0x81,
	0x80,0x80,0x80,0x80,0x80,0x80,0x80,0x80,0x5a,0xf0,0x5a,0xf0,0x5a,0xf0,0x5a,0xf0,
	0x5a,0xf0,0x5a,0xf0,0x5a,0xf0,0x5a,0xf0,0x5a,0xf0,0x54,0xf6,0x6e,0xaa,0xa0,0x14,
	0xa1,0x08,0xa0,0x0e,0xa7,0x13,0xa5,0x15,0xa7,0x10,0xa7,0x10,0xa7,0x10,0xa9,0x12,
	0xc7,0xdc,0xc9,0xde,0xc9,0xde,0xc9,0xde,0xc9,0xde,0xc9,0xde,0xc9,0xde,0xc9,0xde,
	0xc9,0xde,0xc9,0xde,0xc9,0xde,0xc9,0xde,0xc9,0xde,0xc9,0xde,0xc9,0xde,0xc9,0xde,
	0xc9,0xde,0xc9,0xde,0xc9,0xde,0xc9,0xde,0xef,0x6e,0xef,0x6e,0xef,0x6e,0xef,0x6e,
	0xef,0x6e,0xef,0x6e,0xef,0x6e,0xef,0x6e,0xef,0x6e,0xef,0x6e,0xef,0x6e,0xef,0x6e,
	0xef,0x6e,0xef,0x6e,0xef,0x6e,0xef,0x6e,0xef,0x6e,0xef,0x6e,0xef,0x6e,0xed,0x70,
	0x11,0x91,0x0f,0x93,0x10,0x93,0x10,0x93,0x10,0x93,0x10,0x93,0x10,0x93,0x0f,0x93,
	0x0f,0x93,0x0e,0x93,0x0f,0x93,0x0f,0x93,0x0f,0x93,0x0f,0x93,0x0f,0x93,0x0f,0x93,
	0x0f,0x93,0x0f,0x93,0x0f,0x93,0x0f,0x93,0x34,0x22,0x34,0x22,0x34,0x22,0x34,0x22,
	0x34,0x22,0x34,0x22,0x34,0x22,0x34,0x22,0x34,0x22,0x34,0x22,0x34,0x22,0x34,0x22,
	0x34,0x21,0x34,0x21,0x35,0x21,0x36,0x22,0x36,0x22,0x36,0x22,0x36,0x22,0x38,0x24,
	0x59,0xef,0x5b,0xf1,0x5b,0xf0,0x5b,0xef,0x5a,0xf1,0x5a,0xe8,0x5c,0xed,0x5b,0xef,
	0x5e,0xf4,0x6e,0xb3,0xa3,0x14,0xa5,0x11,0xa5,0x11,0xa5,0x11,0xa5,0x11,0xa5,0x11,
	0xa5,0x11,0xa5,0x11,0xa5,0x11,0xa5,0x11,0x80,0x80,0x80,0x80,0x80,0x80,0x80,0x80,
	0x80,0x80,0x80,0x80,0x80,0x80,0x80,0x80,0x80,0x80,0x80,0x80,0x80,0x80,0x80,0x80,
	0x80,0x80,0x80,0x80,0x80,0x80,0x80,0x80,0x80,0x80,0x80,0x80,0x80,0x80,0x80,0x80,
	0x80,0x7f,0x81,0x80,0x81,0x80,0x81,0x80,0x81,0x80,0x81,0x80,0x81,0x80,0x81,0x80,
	0x81,0x80,0x81,0x80,0x81,0x80,0x81,0x80,0x80,0x81,0x80,0x81,0x80,0x81,0x80,0x81,
	0x80,0x80,0x80,0x80,0x80,0x80,0x80,0x80,0x5a,0xf0,0x5a,0xf0,0x5a,0xf0,0x5a,0xf0,
	0x5a,0xf0,0x5a,0xf0,0x5a,0xf0,0x5a,0xf0,0x5a,0xf0,0x5a,0xf0,0x54,0xf6,0x70,0xa8,
	0xa2,0x13,0xa7,0x10,0xa5,0x10,0xab,0x12,0xa7,0x10,0xa7,0x10,0xa7,0x10,0xa9,0x12,
	0xc7,0xdc,0xc9,0xde,0xc9,0xde,0xc9,0xde,0xc9,0xde,0xc9,0xde,0xc9,0xde,0xc9,0xde,
	0xc9,0xde,0xc9,0xde,0xc9,0xde,0xc9,0xde,0xc9,0xde,0xc9,0xde,0xc9,0xde,0xc9,0xde,
	0xc9,0xde,0xc9,0xde,0xc9,0xde,0xc9,0xde,0xef,0x6e,0xef,0x6e,0xef,0x6e,0xef,0x6e,
	0xef,0x6e,0xef,0x6e,0xef,0x6e,0xef,0x6e,0xef,0x6e,0xef,0x6e,0xef,0x6e,0xef,0x6e,
	0xef,0x6e,0xef,0x6e,0xef,0x6e,0xef,0x6e,0xef,0x6e,0xef,0x6e,0xef,0x6e,0xed,0x70,
	0x11,0x91,0x10,0x93,0x10,0x93,0x10,0x93,0x10,0x93,0x10,0x93,0x10,0x93,0x0f,0x93,
	0x0f,0x93,0x0f,0x93,0x0f,0x93,0x0f,0x93,0x0f,0x93,0x0f,0x93,0x0f,0x93,0x0f,0x93,
	0x0f,0x93,0x0f,0x93,0x0f,0x93,0x0f,0x93,0x34,0x22,0x34,0x22,0x34,0x22,0x34,0x22,
	0x34,0x22,0x34,0x22,0x34,0x22,0x34,0x22,0x34,0x22,0x34,0x22,0x34,0x22,0x34,0x22,
	0x34,0x21,0x34,0x21,0x36,0x22,0x36,0x22,0x36,0x22,0x36,0x22,0x36,0x22,0x38,0x24,
	0x59,0xef,0x5b,0xf1,0x5b,0xef,0x5b,0xef,0x55,0xf3,0x59,0xf0,0x5e,0xeb,0x5f,0xf4,
	0x6f,0xb5,0xa3,0x14,0x9f,0x11,0xa5,0x14,0xa5,0x11,0xa5,0x11,0xa5,0x11,0xa5,0x11,
	0xa5,0x11,0xa5,0x11,0xa5,0x11,0xa5,0x11,0x80,0x80,0x80,0x80,0x80,0x80,0x80,0x80,
	0x80,0x80,0x80,0x80,0x80,0x80,0x80,0x80,0x80,0x80,0x80,0x80,0x80,0x80,0x80,0x80,
	0x80,0x80,0x80,0x80,0x80,0x80,0x80,0x80,0x80,0x80,0x80,0x80,0x80,0x80,0x80,0x80,
	0x81,0x80,0x81,0x80,0x81,0x80,0x81,0x80,0x81,0x80,0x81,0x80,0x81,0x80,0x81,0x80,
	0x81,0x80,0x81,0x80,0x81,0x80,0x81,0x80,0x80,0x81,0x80,0x81,0x80,0x81,0x80,0x81,
	0x80,0x80,0x80,0x80,0x80,0x80,0x80,0x80,0x5a,0xf0,0x5a,0xf0,0x5a,0xf0,0x5a,0xf0,
	0x5a,0xf0,0x5a,0xf0,0x5a,0xf0,0x5a,0xf0,0x5a,0xf0,0x5a,0xf0,0x59,0xf1,0x58,0xf2,
	0x6b,0xad,0xa8,0x14,0xa8,0x0c,0xa6,0x0f,0xa7,0x12,0xa9,0x11,0xa9,0x0f,0xa7,0x12,
	0xc7,0xdc,0xc9,0xde,0xc9,0xde,0xc9,0xde,0xc9,0xde,0xc9,0xde,0xc9,0xde,0xc9,0xde,
	0xc9,0xde,0xc9,0xde,0xc9,0xde,0xc9,0xde,0xc9,0xde,0xc9,0xde,0xc9,0xde,0xc9,0xde,
	0xc9,0xde,0xc9,0xde,0xc9,0xde,0xc9,0xde,0xef,0x6e,0xef,0x6e,0xef,0x6e,0xef,0x6e,
	0xef,0x6e,0xef,0x6e,0xef,0x6e,0xef,0x6e,0xef,0x6e,0xef,0x6e,0xef,0x6e,0xef,0x6e,
	0xef,0x6e,0xef,0x6e,0xef,0x6e,0xef,0x6e,0xef,0x6e,0xef,0x6e,0xef,0x6e,0xee,0x70,
	0x12,0x91,0x10,0x93,0x10,0x93,0x10,0x93,0x10,0x93,0x10,0x93,0x10,0x93,0x10,0x93,
	0x0f,0x93,0x0f,0x93,0x0f,0x93,0x0f,0x93,0x0f,0x93,0x0f,0x93,0x0f,0x93,0x0f,0x93,
	0x0f,0x93,0x0f,0x93,0x0f,0x93,0x0f,0x93,0x34,0x22,0x34,0x22,0x34,0x22,0x34,0x22,
	0x34,0x22,0x34,0x22,0x34,0x22,0x34,0x22,0x34,0x22,0x34,0x22,0x34,0x22,0x34,0x22,
	0x34,0x21,0x35,0x22,0x36,0x22,0x36,0x22,0x36,0x22,0x36,0x22,0x36,0x22,0x38,0x24,
	0x59,0xee,0x5b,0xf1,0x5c,0xef,0x59,0xee,0x55,0xf1,0x57,0xf5,0x60,0xf6,0x68,0xaf,
	0xa3,0x18,0xa5,0x11,0xa5,0x12,0xa5,0x0c,0xa5,0x11,0xa5,0x11,0xa5,0x11,0xa5,0x11,
	0xa5,0x11,0xa5,0x11,0xa5,0x11,0xa5,0x11,0x80,0x80,0x80,0x80,0x80,0x80,0x80,0x80,
	0x80,0x80,0x80,0x80,0x80,0x80,0x80,0x80,0x80,0x80,0x80,0x80,0x80,0x80,0x80,0x80,
	0x80,0x80,0x80,0x80,0x80,0x80,0x80,0x80,0x80,0x80,0x80,0x80,0x80,0x80,0x80,0x80,
	0x80,0x80,0x80,0x80,0x80,0x80,0x80,0x80,0x80,0x80,0x80,0x80,0x80,0x80,0x80,0x80,
	0x80,0x80,0x80,0x80,0x80,0x80,0x80,0x80,0x80,0x80,0x80,0x80,0x80,0x80,0x80,0x80,
	0x80,0x80,0x80,0x80,0x80,0x80,0x80,0x80,0x5a,0xf0,0x5a,0xf0,0x5a,0xf0,0x5a,0xf0,
	0x5a,0xf0,0x5a,0xf0,0x5a,0xf0,0x5a,0xf0,0x5a,0xf0,0x5a,0xf0,0x5b,0xef,0x57,0xf3,
	0x57,0xf3,0x71,0xa7,0xa8,0x14,0xa6,0x0f,0xa7,0x0e,0xa6,0x11,0xa9,0x0e,0xa8,0x10,
	0xc7,0xdc,0xc9,0xde,0xc9,0xde,0xc9,0xde,0xc9,0xde,0xc9,0xde,0xc9,0xde,0xc9,0xde,
	0xca,0xde,0xca,0xde,0xca,0xde,0xca,0xde,0xca,0xde,0xca,0xde,0xca,0xde,0xca,0xde,
	0xca,0xde,0xca,0xde,0xca,0xde,0xca,0xde,0xf0,0x6e,0xf0,0x6e,0xf0,0x6e,0xf0,0x6e,
	0xf0,0x6e,0xf0,0x6e,0xf0,0x6e,0xf0,0x6e,0xf0,0x6e,0xf0,0x6e,0xf0,0x6e,0xf0,0x6e,
	0xf0,0x6e,0xf0,0x6e,0xf0,0x6e,0xf0,0x6e,0xf0,0x6e,0xf0,0x6e,0xf0,0x6e,0xee,0x6f,
	0x11,0x91,0x10,0x92,0x10,0x92,0x10,0x92,0x10,0x92,0x10,0x92,0x10,0x92,0x10,0x92,
	0x10,0x92,0x10,0x92,0x10,0x92,0x10,0x92,0x10,0x92,0x10,0x92,0x10,0x92,0x10,0x92,
	0x10,0x93,0x10,0x93,0x10,0x93,0x10,0x93,0x35,0x22,0x35,0x22,0x35,0x22,0x35,0x22,
	0x35,0x22,0x35,0x22,0x35,0x22,0x35,0x22,0x35,0x22,0x35,0x22,0x35,0x22,0x35,0x22,
	0x34,0x21,0x35,0x22,0x36,0x22,0x36,0x22,0x36,0x22,0x36,0x22,0x36,0x22,0x38,0x24,
	0x59,0xed,0x5b,0xf0,0x5a,0xef,0x56,0xed,0x5d,0xeb,0x5c,0xfd,0x71,0xaa,0x9e,0x18,
	0xaa,0x0c,0xa6,0x10,0xa6,0x12,0xa5,0x0e,0xa6,0x10,0xa6,0x10,0xa6,0x10,0xa6,0x10,
	0xa6,0x11,0xa6,0x11,0xa6,0x11,0xa6,0x11,0x80,0x80,0x80,0x80,0x80,0x80,0x80,0x80,
	0x80,0x80,0x80,0x80,0x80,0x80,0x80,0x80,0x80,0x80,0x80,0x80,0x80,0x80,0x80,0x80,
	0x80,0x80,0x80,0x80,0x80,0x80,0x80,0x80,0x80,0x80,0x80,0x80,0x80,0x80,0x80,0x80,
	0x80,0x80,0x80,0x80,0x80,0x80,0x80,0x80,0x80,0x80,0x80,0x80,0x80,0x80,0x80,0x80,
	0x80,0x80,0x80,0x80,0x80,0x80,0x80,0x80,0x80,0x80,0x80,0x80,0x80,0x80,0x80,0x80,
	0x80,0x80,0x80,0x80,0x80,0x80,0x80,0x80,0x5a,0xf0,0x5a,0xf0,0x5a,0xf0,0x5a,0xf0,
	0x5a,0xf0,0x5a,0xf0,0x5a,0xf0,0x5a,0xf0,0x5a,0xf0,0x5a,0xf0,0x5a,0xf0,0x5b,0xef,
	0x59,0xf1,0x54,0xf6,0x6f,0xa9,0xaa,0x12,0xa7,0x04,0x9e,0x10,0xa3,0x0f,0xad,0x0d,
	0xc7,0xdc,0xc9,0xde,0xc9,0xde,0xc9,0xde,0xc9,0xde,0xc9,0xde,0xc9,0xde,0xc9,0xde,
	0xca,0xde,0xca,0xde,0xca,0xde,0xca,0xde,0xca,0xde,0xca,0xde,0xca,0xde,0xca,0xde,
	0xca,0xde,0xca,0xde,0xca,0xde,0xca,0xde,0xf0,0x6e,0xf0,0x6e,0xf0,0x6e,0xf0,0x6e,
	0xf0,0x6e,0xf0,0x6e,0xf0,0x6e,0xf0,0x6e,0xf0,0x6e,0xf0,0x6e,0xf0,0x6e,0xf0,0x6e,
	0xf0,0x6e,0xf0,0x6e,0xf0,0x6e,0xf0,0x6e,0xf0,0x6e,0xf0,0x6e,0xf0,0x6e,0xef,0x6f,
	0x11,0x91,0x10,0x92,0x10,0x92,0x10,0x92,0x10,0x92,0x10,0x92,0x10,0x92,0x10,0x92,
	0x10,0x92,0x10,0x92,0x10,0x92,0x10,0x92,0x10,0x92,0x10,0x92,0x10,0x92,0x10,0x92,
	0x10,0x93,0x10,0x93,0x10,0x93,0x10,0x93,0x35,0x22,0x35,0x22,0x35,0x22,0x35,0x22,
	0x35,0x22,0x35,0x22,0x35,0x22,0x35,0x22,0x35,0x22,0x35,0x22,0x35,0x22,0x35,0x22,
	0x34,0x21,0x35,0x22,0x36,0x22,0x36,0x22,0x36,0x22,0x36,0x22,0x36,0x22,0x38,0x24,
	0x5b,0xed,0x5a,0xef,0x54,0xf1,0x60,0xee,0x57,0xff,0x71,0xb1,0xa0,0x13,0xa8,0x11,
	0xa8,0x10,0xa6,0x10,0xa6,0x10,0xa6,0x10,0xa6,0x10,0xa6,0x10,0xa6,0x10,0xa6,0x10,
	0xa6,0x11,0xa6,0x11,0xa6,0x11,0xa6,0x11,0x80,0x80,0x80,0x80,0x80,0x80,0x80,0x80,
	0x80,0x80,0x80,0x80,0x80,0x80,0x80,0x80,0x80,0x80,0x80,0x80,0x80,0x80,0x80,0x80,
	0x80,0x80,0x80,0x80,0x80,0x80,0x80,0x80,0x80,0x80,0x80,0x80,0x80,0x80,0x80,0x80,
	0x80,0x80,0x80,0x80,0x80,0x80,0x80,0x80,0x80,0x80,0x80,0x80,0x80,0x80,0x80,0x80,
	0x80,0x80,0x80,0x80,0x80,0x80,0x80,0x80,0x80,0x80,0x80,0x80,0x80,0x80,0x80,0x80,
	0x80,0x80,0x80,0x80,0x80,0x80,0x80,0x80,0x5a,0xf0,0x5a,0xf0,0x5a,0xf0,0x5a,0xf0,
	0x5a,0xf0,0x5a,0xf0,0x5a,0xf0,0x5a,0xf0,0x5a,0xf0,0x5a,0xf0,0x5a,0xf0,0x5a,0xf0,
	0x5a,0xf0,0x5a,0xf0,0x54,0xf6,0x6f,0xa9,0x96,0x4c,0xac,0x0a,0x9e,0x08,0xaa,0x0e,
	0xc7,0xdc,0xc9,0xde,0xc9,0xde,0xc9,0xde,0xc9,0xde,0xc9,0xde,0xc9,0xde,0xc9,0xde,
	0xca,0xde,0xca,0xde,0xca,0xde,0xca,0xde,0xca,0xde,0xca,0xde,0xca,0xde,0xca,0xde,
	0xca,0xde,0xca,0xde,0xca,0xde,0xca,0xde,0xf0,0x6e,0xf0,0x6e,0xf0,0x6e,0xf0,0x6e,
	0xf0,0x6e,0xf0,0x6e,0xf0,0x6e,0xf0,0x6e,0xf0,0x6e,0xf0,0x6e,0xf0,0x6e,0xf0,0x6e,
	0xf0,0x6e,0xf0,0x6e,0xf0,0x6e,0xf0,0x6e,0xf0,0x6e,0xf0,0x6e,0xf0,0x6e,0xef,0x6f,
	0x11,0x91,0x10,0x92,0x10,0x92,0x10,0x92,0x10,0x92,0x10,0x92,0x10,0x92,0x10,0x92,
	0x10,0x92,0x10,0x92,0x10,0x92,0x10,0x92,0x10,0x92,0x10,0x92,0x10,0x92,0x10,0x92,
	0x10,0x93,0x10,0x93,0x10,0x93,0x10,0x93,0x35,0x22,0x35,0x22,0x35,0x22,0x35,0x22,
	0x35,0x22,0x35,0x22,0x35,0x22,0x35,0x22,0x35,0x22,0x35,0x22,0x35,0x22,0x35,0x22,
	0x34,0x21,0x35,0x22,0x36,0x22,0x36,0x22,0x36,0x22,0x36,0x22,0x36,0x22,0x38,0x24,
	0x57,0xef,0x54,0xf1,0x57,0xec,0x57,0xee,0x7f,0x83,0xa4,0x14,0xa7,0x10,0xa5,0x12,
	0xa5,0x12,0xa6,0x10,0xa6,0x10,0xa6,0x10,0xa6,0x10,0xa6,0x10,0xa6,0x10,0xa6,0x10,
	0xa6,0x11,0xa6,0x11,0xa6,0x11,0xa6,0x11,0x80,0x80,0x80,0x80,0x80,0x80,0x80,0x80,
	0x80,0x80,0x80,0x80,0x80,0x80,0x80,0x80,0x80,0x80,0x80,0x80,0x80,0x80,0x80,0x80,
	0x80,0x80,0x80,0x80,0x80,0x80,0x80,0x80,0x80,0x80,0x80,0x80,0x80,0x80,0x80,0x80,
	0x80,0x80,0x80,0x80,0x80,0x80,0x80,0x80,0x80,0x80,0x80,0x80,0x80,0x80,0x80,0x80,
	0x80,0x80,0x80,0x80,0x80,0x80,0x80,0x80,0x80,0x80,0x80,0x80,0x80,0x80,0x80,0x80,
	0x80,0x80,0x80,0x80,0x80,0x80,0x80,0x80,0x5a,0xf0,0x5a,0xf0,0x5a,0xf0,0x5a,0xf0,
	0x5a,0xf0,0x5a,0xf0,0x5a,0xf0,0x5a,0xf0,0x5a,0xf0,0x5a,0xf0,0x5a,0xf0,0x5a,0xf0,
	0x5a,0xf0,0x5a,0xf0,0x5a,0xf0,0x54,0xf6,0x63,0xef,0x96,0x4a,0xa7,0x16,0xa9,0x0e,
	0xc7,0xdc,0xc9,0xde,0xc9,0xde,0xc9,0xde,0xc9,0xde,0xc9,0xde,0xc9,0xde,0xc9,0xde,
	0xca,0xde,0xca,0xde,0xca,0xde,0xca,0xde,0xca,0xde,0xca,0xde,0xca,0xde,0xca,0xde,
	0xca,0xde,0xca,0xde,0xca,0xde,0xca,0xde,0xf0,0x6e,0xf0,0x6e,0xf0,0x6e,0xf0,0x6e,
	0xf0,0x6e,0xf0,0x6e,0xf0,0x6e,0xf0,0x6e,0xf0,0x6e,0xf0,0x6e,0xf0,0x6e,0xf0,0x6e,
	0xf0,0x6e,0xf0,0x6e,0xf0,0x6e,0xf0,0x6e,0xf0,0x6e,0xf0,0x6e,0xf0,0x6e,0xef,0x6f,
	0x11,0x91,0x10,0x92,0x10,0x92,0x10,0x92,0x10,0x92,0x10,0x92,0x10,0x92,0x10,0x92,
	0x10,0x92,0x10,0x92,0x10,0x92,0x10,0x92,0x10,0x92,0x10,0x92,0x10,0x92,0x10,0x92,
	0x10,0x93,0x10,0x93,0x10,0x93,0x10,0x93,0x35,0x22,0x35,0x22,0x35,0x22,0x35,0x22,
	0x35,0x22,0x35,0x22,0x35,0x22,0x35,0x22,0x35,0x22,0x35,0x22,0x35,0x22,0x35,0x22,
	0x34,0x21,0x35,0x22,0x36,0x22,0x36,0x22,0x36,0x22,0x36,0x22,0x36,0x22,0x38,0x24,
	0x5a,0xe3,0x51,0xfd,0x66,0xe0,0x8d,0x57,0xaa,0x07,0xaa,0x13,0xad,0x0c,0xa6,0x0c,
	0xa5,0x0e,0xa6,0x10,0xa6,0x10,0xa6,0x10,0xa6,0x10,0xa6,0x10,0xa6,0x10,0xa6,0x10,
	0xa6,0x11,0xa6,0x11,0xa6,0x11,0xa6,0x11,0x80,0x80,0x80,0x80,0x80,0x80,0x80,0x80,
	0x80,0x80,0x80,0x80,0x80,0x80,0x80,0x80,0x80,0x80,0x80,0x80,0x80,0x80,0x80,0x80,
	0x80,0x80,0x80,0x80,0x80,0x80,0x80,0x80,0x80,0x80,0x80,0x80,0x80,0x80,0x80,0x80,
	0x80,0x80,0x80,0x80,0x80,0x80,0x80,0x80,0x80,0x80,0x80,0x80,0x80,0x80,0x80,0x80,
	0x80,0x80,0x80,0x80,0x80,0x80,0x80,0x80,0x80,0x80,0x80,0x80,0x80,0x80,0x80,0x80,
	0x80,0x80,0x80,0x80,0x80,0x80,0x80,0x80,0x5a,0xf0,0x5a,0xf0,0x5a,0xf0,0x5a,0xf0,
	0x5a,0xf0,0x5a,0xf0,0x5a,0xf0,0x5a,0xf0,0x5a,0xf0,0x5a,0xf0,0x5a,0xf0,0x5a,0xf0,
	0x5a,0xf0,0x5a,0xf0,0x5a,0xf0,0x5a,0xf0,0x55,0xf3,0x5a,0xf1,0x74,0xb0,0xa2,0x14,
	0xc9,0xde,0xc4,0xdb,0xc8,0xdf,0xca,0xda,0xc9,0xde,0xc9,0xde,0xc9,0xde,0xc9,0xde,
	0xca,0xde,0xca,0xde,0xca,0xde,0xca,0xde,0xca,0xde,0xca,0xde,0xca,0xde,0xca,0xde,
	0xca,0xde,0xca,0xde,0xca,0xde,0xca,0xde,0xf0,0x6e,0xf0,0x6e,0xf0,0x6e,0xf0,0x6e,
	0xf0,0x6e,0xf0,0x6e,0xf0,0x6e,0xf0,0x6e,0xf0,0x6e,0xf0,0x6e,0xf0,0x6e,0xf0,0x6e,
	0xf0,0x6e,0xf0,0x6e,0xf0,0x6e,0xf0,0x6e,0xf0,0x6e,0xf0,0x6e,0xf0,0x6e,0xef,0x6f,
	0x11,0x91,0x10,0x92,0x10,0x92,0x10,0x92,0x10,0x92,0x10,0x92,0x10,0x92,0x10,0x92,
	0x10,0x92,0x10,0x92,0x10,0x92,0x10,0x92,0x10,0x92,0x10,0x92,0x10,0x92,0x10,0x92,
	0x10,0x93,0x10,0x93,0x10,0x93,0x10,0x93,0x35,0x22,0x35,0x22,0x35,0x22,0x35,0x22,
	0x35,0x22,0x35,0x22,0x35,0x22,0x35,0x22,0x35,0x22,0x35,0x22,0x35,0x22,0x35,0x22,
	0x34,0x21,0x35,0x22,0x36,0x22,0x36,0x22,0x3a,0x1f,0x3c,0x26,0x39,0x26,0x35,0x22,
	0x57,0xf7,0x73,0xa5,0xa4,0x1e,0xa7,0x07,0xa8,0x10,0xa8,0x10,0xa8,0x10,0xa7,0x10,
	0xa7,0x10,0xa6,0x10,0xa6,0x10,0xa6,0x10,0xa6,0x10,0xa6,0x10,0xa6,0x10,0xa6,0x10,
	0xa6,0x11,0xa6,0x11,0xa6,0x11,0xa6,0x11,0x80,0x80,0x80,0x80,0x80,0x80,0x80,0x80,
	0x80,0x80,0x80,0x80,0x80,0x80,0x80,0x80,0x80,0x80,0x80,0x80,0x80,0x80,0x80,0x80,
	0x80,0x80,0x80,0x80,0x80,0x80,0x80,0x80,0x80,0x80,0x80,0x80,0x80,0x80,0x80,0x80,
	0x80,0x80,0x80,0x80,0x80,0x80,0x80,0x80,0x80,0x80,0x80,0x80,0x80,0x80,0x80,0x80,
	0x80,0x80,0x80,0x80,0x80,0x80,0x80,0x80,0x80,0x80,0x80,0x80,0x80,0x80,0x80,0x80,
	0x80,0x80,0x80,0x80,0x80,0x80,0x80,0x80,0x5a,0xf0,0x5a,0xf0,0x5a,0xf0,0x5a,0xf0,
	0x5a,0xf0,0x5a,0xf0,0x5a,0xf0,0x5a,0xf0,0x5a,0xf0,0x5a,0xf0,0x5a,0xf0,0x5a,0xf0,
	0x5a,0xf0,0x5a,0xf0,0x5a,0xf0,0x5a,0xf0,0x59,0xf5,0x54,0xf1,0x58,0xfa,0x71,0xb1,
	0xa4,0xad,0xd0,0xe9,0xcf,0xe0,0xc5,0xdc,0xc9,0xde,0xc9,0xde,0xc9,0xde,0xc9,0xde,
	0xca,0xde,0xca,0xde,0xca,0xde,0xca,0xde,0xca,0xde,0xca,0xde,0xca,0xde,0xca,0xde,
	0xca,0xde,0xca,0xde,0xca,0xde,0xca,0xde,0xf0,0x6e,0xf0,0x6e,0xf0,0x6e,0xf0,0x6e,
	0xf0,0x6e,0xf0,0x6e,0xf0,0x6e,0xf0,0x6e,0xf0,0x6e,0xf0,0x6e,0xf0,0x6e,0xf0,0x6e,
	0xf0,0x6e,0xf0,0x6e,0xf0,0x6e,0xf0,0x6e,0xf0,0x6e,0xf0,0x6e,0xf0,0x6e,0xef,0x6f,
	0x11,0x91,0x10,0x92,0x10,0x92,0x10,0x92,0x10,0x92,0x10,0x92,0x10,0x92,0x10,0x92,
	0x10,0x92,0x10,0x92,0x10,0x92,0x10,0x92,0x10,0x92,0x10,0x92,0x10,0x92,0x10,0x92,
	0x10,0x93,0x10,0x93,0x10,0x93,0x10,0x93,0x35,0x22,0x35,0x22,0x35,0x22,0x35,0x22,
	0x35,0x22,0x35,0x22,0x35,0x22,0x35,0x22,0x35,0x22,0x35,0x22,0x35,0x22,0x35,0x22,
	0x34,0x21,0x35,0x22,0x36,0x22,0x36,0x22,0x30,0x26,0x2d,0x22,0x31,0x21,0x3c,0x27,
	0x7f,0x7c,0xa9,0x13,0xa1,0x0e,0xa4,0x0c,0xa8,0x10,0xa8,0x10,0xa8,0x10,0xa7,0x10,
	0xa7,0x10,0xa6,0x10,0xa6,0x10,0xa6,0x10,0xa6,0x10,0xa6,0x10,0xa6,0x10,0xa6,0x10,
	0xa6,0x11,0xa6,0x11,0xa6,0x11,0xa6,0x11,0x80,0x80,0x80,0x80,0x80,0x80,0x80,0x80,
	0x80,0x80,0x80,0x80,0x80,0x80,0x80,0x80,0x80,0x80,0x80,0x80,0x80,0x80,0x80,0x80,
	0x80,0x80,0x80,0x80,0x80,0x80,0x80,0x80,0x80,0x80,0x80,0x80,0x80,0x80,0x80,0x80,
	0x80,0x80,0x80,0x80,0x80,0x80,0x80,0x80,0x80,0x80,0x80,0x80,0x80,0x80,0x80,0x80,
	0x80,0x80,0x80,0x80,0x80,0x80,0x80,0x80,0x80,0x80,0x80,0x80,0x80,0x80,0x80,0x80,
	0x80,0x80,0x80,0x80,0x80,0x80,0x80,0x80,0x5a,0xf0,0x5a,0xf0,0x5a,0xf0,0x5a,0xf0,
	0x5a,0xf0,0x5a,0xf0,0x5a,0xf0,0x5a,0xf0,0x5a,0xf0,0x5a,0xf0,0x5a,0xf0,0x5a,0xf0,
	0x5a,0xf0,0x5a,0xf0,0x5a,0xf0,0x5a,0xf0,0x5a,0xee,0x58,0xf3,0x52,0xf3,0x53,0xf6,
	0x3f,0x1d,0x7e,0x85,0xc7,0xdd,0xcd,0xe2,0xc9,0xde,0xc9,0xde,0xc9,0xde,0xc9,0xde,
	0xca,0xde,0xca,0xde,0xca,0xde,0xca,0xde,0xca,0xde,0xca,0xde,0xca,0xde,0xca,0xde,
	0xca,0xde,0xca,0xde,0xca,0xde,0xca,0xde,0xf0,0x6e,0xf0,0x6e,0xf0,0x6e,0xf0,0x6e,
	0xf0,0x6e,0xf0,0x6e,0xf0,0x6e,0xf0,0x6e,0xf0,0x6e,0xf0,0x6e,0xf0,0x6e,0xf0,0x6e,
	0xf0,0x6e,0xf0,0x6e,0xf0,0x6e,0xf0,0x6e,0xf0,0x6e,0xf0,0x6e,0xf0,0x6e,0xef,0x6f,
	0x11,0x91,0x10,0x92,0x10,0x92,0x10,0x92,0x10,0x92,0x10,0x92,0x10,0x92,0x10,0x92,
	0x10,0x92,0x10,0x92,0x10,0x92,0x10,0x92,0x10,0x92,0x10,0x92,0x10,0x92,0x10,0x92,
	0x10,0x93,0x10,0x93,0x10,0x93,0x10,0x93,0x35,0x22,0x35,0x22,0x35,0x22,0x35,0x22,
	0x35,0x22,0x35,0x22,0x35,0x22,0x35,0x22,0x35,0x22,0x35,0x22,0x35,0x22,0x35,0x22,
	0x34,0x21,0x35,0x22,0x36,0x22,0x36,0x22,0x35,0x22,0x33,0x19,0x61,0x53,0xa0,0xa6,
	0xb2,0x05,0xa8,0x0c,0xa6,0x0d,0xa7,0x13,0xa8,0x10,0xa8,0x10,0xa8,0x10,0xa7,0x10,
	0xa7,0x10,0xa6,0x10,0xa6,0x10,0xa6,0x10,0xa6,0x10,0xa6,0x10,0xa6,0x10,0xa6,0x10,
	0xa6,0x11,0xa6,0x11,0xa6,0x11,0xa6,0x11,0x80,0x80,0x80,0x80,0x80,0x80,0x80,0x80,
	0x80,0x80,0x80,0x80,0x80,0x80,0x80,0x80,0x80,0x80,0x80,0x80,0x80,0x80,0x80,0x80,
	0x80,0x80,0x80,0x80,0x80,0x80,0x80,0x80,0x80,0x80,0x80,0x80,0x80,0x80,0x80,0x80,
	0x80,0x80,0x80,0x80,0x80,0x80,0x80,0x80,0x80,0x80,0x80,0x80,0x80,0x80,0x80,0x80,
	0x80,0x80,0x80,0x80,0x80,0x80,0x80,0x80,0x80,0x80,0x80,0x80,0x80,0x80,0x80,0x80,
	0x80,0x80,0x80,0x80,0x80,0x80,0x80,0x80,0x5a,0xf0,0x5a,0xf0,0x5a,0xf0,0x5a,0xf0,
	0x5a,0xf0,0x5a,0xf0,0x5a,0xf0,0x5a,0xf0,0x5a,0xf0,0x5a,0xf0,0x5a,0xf0,0x5a,0xf0,
	0x5a,0xf0,0x5a,0xf0,0x5a,0xf0,0x5a,0xf0,0x57,0xea,0x5d,0xf1,0x5e,0xf4,0x5c,0xea,
	0x3b,0x21,0x33,0x18,0x5a,0x5a,0xa7,0xab,0xc9,0xde,0xc9,0xde,0xc9,0xde,0xc9,0xde,
	0xca,0xde,0xca,0xde,0xca,0xde,0xca,0xde,0xca,0xde,0xca,0xde,0xca,0xde,0xca,0xde,
	0xca,0xde,0xca,0xde,0xca,0xde,0xca,0xde,0xf0,0x6e,0xf0,0x6e,0xf0,0x6e,0xf0,0x6e,
	0xf0,0x6e,0xf0,0x6e,0xf0,0x6e,0xf0,0x6e,0xf0,0x6e,0xf0,0x6e,0xf0,0x6e,0xf0,0x6e,
	0xf0,0x6e,0xf0,0x6e,0xf0,0x6e,0xf0,0x6e,0xf0,0x6e,0xf0,0x6e,0xf0,0x6e,0xef,0x6f,
	0x11,0x91,0x10,0x92,0x10,0x92,0x10,0x92,0x10,0x92,0x10,0x92,0x10,0x92,0x10,0x92,
	0x10,0x92,0x10,0x92,0x10,0x92,0x10,0x92,0x10,0x92,0x10,0x92,0x10,0x92,0x10,0x92,
	0x10,0x93,0x10,0x93,0x10,0x93,0x10,0x93,0x35,0x22,0x35,0x22,0x35,0x22,0x35,0x22,
	0x35,0x22,0x35,0x22,0x35,0x22,0x35,0x22,0x35,0x22,0x35,0x22,0x35,0x22,0x35,0x22,
	0x34,0x21,0x35,0x22,0x36,0x22,0x36,0x22,0x34,0x21,0x83,0x86,0xc6,0xdb,0xce,0xe5,
	0xa9,0x0e,0xa6,0x17,0xa9,0x12,0xa4,0x14,0xa8,0x10,0xa8,0x10,0xa8,0x10,0xa7,0x10,
	0xa7,0x10,0xa6,0x10,0xa6,0x10,0xa6,0x10,0xa6,0x10,0xa6,0x10,0xa6,0x10,0xa6,0x10,
	0xa6,0x11,0xa6,0x11,0xa6,0x11,0xa6,0x11,0x80,0x80,0x80,0x80,0x80,0x80,0x80,0x80,
	0x80,0x80,0x80,0x80,0x80,0x80,0x80,0x80,0x80,0x80,0x80,0x80,0x80,0x80,0x80,0x80,
	0x80,0x80,0x80,0x80,0x80,0x80,0x80,0x80,0x80,0x80,0x80,0x80,0x80,0x80,0x80,0x80,
};
#define EXPECTED_Y(x, y) ref_luma[(y)*FRAME_WIDTH + (x)]
#define EXPECTED_C(x, y) ref_chroma[(y)*FRAME_WIDTH + (x)]
#endif
