/* ipb128_h — minimal IPB (1 bidirectional B). SPDX: BSD-3-Clause */
#ifndef IPB128_H
#define IPB128_H
#define FRAME_WIDTH 128u
#define FRAME_HEIGHT 128u
#define FRAME_LOG2_CTB 6u
#define FRAME_CTB_WIDTH 2u
#define FRAME_CTB_HEIGHT 2u
#define FRAME_LOG2_MIN_CB 3u
#define FRAME_LOG2_MIN_TB 2u
#define FRAME_LOG2_MAX_TB 5u
#define FRAME_MAX_TRAFO_INTRA 0u
#define FRAME_MAX_TRAFO_INTER 0u
#define FRAME_CHROMA_FORMAT_IDC 1u
#define FRAME_STRONG_INTRA_SMOOTH 1u
#define FRAME_BIT_DEPTH_LUMA_MINUS8 0u
#define FRAME_DIFF_CU_QP_DELTA_DEPTH 1u
#define FRAME_CU_QP_DELTA_ENABLED 1u
#define FRAME_TRANSFORM_SKIP 0u
#define FRAME_SIGN_DATA_HIDING 1u
#define FRAME_CONSTRAINED_INTRA_PRED 0u
#define FRAME_SLICE_TYPE 2u
#define FRAME_PPS_CB_QP_OFFSET 0
#define FRAME_PPS_CR_QP_OFFSET 0
#define FRAME_SLICE_CB_QP_OFFSET 0
#define FRAME_SLICE_CR_QP_OFFSET 0
#define FRAME_CONFIG2 0x25888u
#define FRAME_DATA_BYTE_OFFSET 4u
#define FRAME_DATA_LEN 2573u
#define FRAME_SLICE_QP 23
#define FRAME_EXPECT_Y 0u
#define FRAME_EXPECT_C 0u
#define EXPECTED_Y(x,y) 0
#define EXPECTED_C(x,y) 0
#define IPB_TEST 1
struct ipb_frame { unsigned off, dbo, bfnum, stype, poc, l0_poc, l1_poc; int qp; };
static const struct ipb_frame ipb_frames[3] = {
	{0u,4u,2573u,2u,0u,0u,0u,23},
	{2577u,6u,779u,1u,2u,0u,0u,26},
	{3362u,7u,615u,0u,1u,0u,2u,28},
};
static const unsigned char clip_blob[3984] = {
	0x28,0x01,0xac,0xf8,0x10,0xa3,0xb0,0xc3,0x1b,0x37,0x47,0xcc,0xbb,0xbc,0xef,0xf7,
	0x17,0x21,0x1c,0xa5,0xf6,0xa6,0x77,0x79,0xc0,0x01,0x46,0x1e,0xed,0xff,0x78,0xc8,
	0xf0,0x30,0xda,0xd0,0xef,0xfb,0x5f,0x13,0xef,0x0b,0x2a,0xed,0xd7,0xb4,0xf3,0xd6,
	0x7e,0x71,0x7e,0x00,0xb1,0xf7,0xc2,0xc5,0xe2,0x10,0x73,0x7e,0xb4,0x97,0xad,0x3f,
	0x26,0x0c,0xe8,0x26,0x13,0xcf,0x3c,0x82,0x28,0x95,0x95,0x10,0xd5,0xda,0x50,0x6d,
	0xab,0x34,0x8f,0x41,0x7e,0x31,0x49,0x4d,0xa5,0x69,0xd6,0x70,0xd9,0xb7,0x3c,0x18,
	0x5a,0xb4,0x17,0x05,0x67,0xa9,0x19,0xe1,0x4f,0x84,0xff,0xf2,0x92,0x70,0x96,0xb8,
	0x87,0xfd,0x8b,0x62,0x19,0x2d,0x9b,0xd0,0xff,0xe2,0x16,0x47,0x9b,0x98,0xdc,0x6e,
	0x63,0x4c,0x40,0xce,0x68,0xe6,0x75,0x45,0xd0,0x75,0x20,0x40,0x8a,0xc9,0x20,0x98,
	0x95,0x98,0x2b,0x39,0x47,0x44,0x55,0x26,0x62,0xf3,0xe4,0x00,0xbc,0xc1,0xa1,0xa9,
	0x2e,0x2b,0x3c,0xc8,0x01,0x63,0xf1,0x8f,0xad,0x60,0x70,0x85,0xea,0xe9,0x2b,0x44,
	0xc3,0xfe,0xb0,0xda,0x02,0x31,0xbd,0x4f,0x07,0x2a,0x25,0xf8,0xbe,0x8a,0x2a,0xdb,
	0x5b,0x6e,0xb0,0x3d,0x6e,0xf9,0x97,0x82,0x87,0x99,0x4a,0x6b,0x3f,0x89,0x50,0x23,
	0x8c,0x4b,0xaf,0xf5,0x78,0x5d,0x3a,0x21,0x0c,0x85,0x8a,0x3e,0xd6,0x3d,0x8b,0x15,
	0xe2,0x31,0xcd,0x56,0x94,0x7d,0x18,0xb8,0xb8,0x0b,0x6d,0x66,0x4d,0x39,0xb6,0xb6,
	0x98,0x28,0x51,0xc1,0xbb,0x67,0xfd,0xb8,0x71,0x28,0x6b,0x6b,0xff,0x61,0xa4,0xc8,
	0x78,0x72,0x50,0xdf,0x28,0xfc,0x19,0xe5,0xee,0x0b,0x9d,0xaa,0x19,0xa7,0xfe,0x1d,
	0x69,0x33,0xf7,0x63,0x30,0xca,0xeb,0x76,0x9b,0x31,0xff,0xaa,0x7e,0x82,0xdc,0x07,
	0x50,0xb6,0x10,0xd2,0xdb,0x41,0x89,0xa9,0xb0,0xd4,0x54,0x47,0x89,0xc9,0xa9,0xaf,
	0xf4,0x8d,0xc1,0x34,0xfc,0x81,0x88,0xe3,0xb9,0xef,0xb9,0xd0,0xac,0xd5,0x1a,0xee,
	0x69,0x11,0x98,0x44,0x0b,0x87,0x99,0xe5,0x6f,0x22,0x7b,0x9a,0xa1,0xd6,0x12,0x94,
	0x0f,0xed,0x75,0x44,0x3d,0xb3,0x78,0xec,0x93,0x1f,0xf9,0xf6,0xe8,0x2d,0x0d,0x5b,
	0x6b,0x3e,0xf4,0x89,0xe7,0xff,0xa6,0x83,0x24,0x59,0x78,0xf0,0xca,0x33,0xc6,0x08,
	0xb6,0x00,0xb4,0xc5,0xca,0xe0,0xcd,0x94,0x92,0x7b,0x98,0x36,0xef,0x3c,0xb8,0xec,
	0x61,0x6b,0xcd,0xc7,0x66,0x36,0xfd,0xe7,0x35,0x2e,0x80,0x38,0x2a,0x77,0x37,0x63,
	0x9f,0x3e,0x32,0x44,0x53,0x1e,0xb6,0x45,0xca,0xab,0x8e,0xf1,0x29,0x0f,0x0f,0x6e,
	0x36,0xcb,0x2c,0x7f,0x94,0xac,0x17,0xbc,0x89,0x0c,0x24,0x24,0x5e,0x05,0xfd,0xba,
	0x01,0xc7,0x39,0xb2,0x14,0x52,0x04,0x4f,0x5e,0x0b,0x45,0x18,0xdc,0x97,0x50,0x8e,
	0x8a,0x63,0x73,0x40,0xb1,0x70,0xce,0x4f,0xc8,0x0f,0xa7,0x41,0x77,0xd2,0xfb,0x26,
	0x1d,0x13,0x7c,0x9b,0x1e,0x79,0xd3,0xb8,0x16,0x64,0xd5,0xe0,0xf4,0x79,0x89,0x4d,
	0x55,0xcf,0x29,0x54,0x25,0xc7,0x19,0x70,0xf1,0x65,0x19,0xb5,0xaf,0x36,0x46,0x5c,
	0x28,0x0f,0x6b,0xd2,0x24,0xc9,0x08,0xea,0x5a,0x4d,0xf4,0x91,0x02,0x75,0xbd,0xf8,
	0x89,0x83,0x56,0xf0,0x1e,0xbf,0x25,0x81,0xf5,0x42,0x4c,0x48,0x4d,0x91,0x55,0x1e,
	0x5f,0x16,0x11,0xb0,0xa2,0x3a,0xcc,0xc1,0x61,0x98,0xdb,0xdd,0x9c,0x21,0x2e,0x7d,
	0xfa,0x36,0x86,0xe6,0xeb,0xa5,0x24,0xc6,0xaa,0x79,0x6a,0x70,0x29,0xcd,0xe6,0xf1,
	0x26,0xa6,0x81,0x41,0xea,0xe4,0x60,0xa2,0x82,0xe3,0xe2,0xfc,0x24,0x03,0xec,0xfd,
	0x72,0x25,0x61,0xb7,0xa7,0xf6,0x6a,0xec,0x7e,0x75,0x7c,0xd3,0xfa,0xa2,0x24,0x6c,
	0x04,0x81,0x70,0xba,0xaa,0x5f,0x34,0x91,0x68,0xae,0xe7,0x70,0x7c,0x29,0x52,0x80,
	0xab,0x94,0x7e,0x78,0x41,0x0b,0x56,0x45,0xaa,0x46,0xc9,0x68,0xd2,0x92,0xff,0x42,
	0xd4,0x03,0xcb,0x5c,0x63,0xa2,0x92,0xe7,0x4b,0x08,0x5a,0x79,0x70,0xe4,0x1d,0x39,
	0xc8,0x0c,0x07,0xf2,0xe7,0x98,0xce,0x13,0xdd,0x1a,0xe0,0x44,0x03,0x11,0x88,0xa8,
	0xa2,0x7d,0x0f,0xc8,0x7e,0x70,0x86,0xac,0x96,0xc5,0x84,0xd5,0xb6,0x7d,0x9f,0xe9,
	0x58,0x54,0x1c,0xb5,0x63,0x15,0x80,0x3d,0xc3,0x39,0x6f,0x74,0xf8,0x0a,0x29,0x01,
	0xfe,0xec,0x04,0x98,0xa8,0xcb,0x1b,0xee,0xa0,0xe1,0x17,0xb7,0xbd,0x6a,0x25,0xcd,
	0x56,0x23,0x1d,0xf8,0x11,0x80,0x16,0x09,0x98,0x31,0x02,0x06,0x55,0x97,0x66,0x54,
	0xbe,0xd3,0x78,0xe0,0xed,0xe6,0xdf,0x0c,0x88,0x56,0x7d,0xe2,0x26,0xf6,0x35,0xf5,
	0x57,0x45,0x15,0x0d,0x35,0x22,0x1a,0x3d,0xd1,0x5c,0x8b,0xb7,0x85,0x05,0x4c,0xf0,
	0x49,0xfe,0x49,0x69,0xb1,0xd3,0x16,0x35,0x68,0x1e,0xf4,0x50,0x04,0x05,0x75,0xce,
	0x70,0x3a,0x63,0x6c,0x03,0x23,0x6d,0x37,0x03,0x93,0xaf,0x17,0x3e,0xe4,0xe8,0xaa,
	0x09,0x09,0xc3,0x22,0x22,0x27,0x1c,0xc3,0x01,0xee,0xf8,0x70,0x02,0x92,0x64,0x08,
	0xc7,0x10,0x61,0x57,0x90,0x70,0x67,0x0a,0x4e,0x85,0xdf,0x27,0x3e,0x10,0xfd,0xb7,
	0x9d,0xf7,0x26,0xc5,0x74,0xe2,0x6b,0x73,0x85,0xa9,0xf6,0x8b,0x7b,0xf8,0xe9,0xdf,
	0x93,0x44,0x01,0xbd,0x60,0x88,0x38,0x6f,0x04,0x53,0x49,0x64,0x2b,0x16,0x75,0xa8,
	0xa1,0x03,0xb1,0xf9,0x3e,0x34,0x16,0xca,0x5a,0xf3,0x26,0x58,0x07,0x3e,0xd7,0x7a,
	0x8d,0xa1,0x05,0x87,0x5d,0x93,0x94,0x65,0x9a,0x96,0xda,0x68,0x50,0xb7,0xef,0x7c,
	0x3e,0xdd,0x84,0x62,0x8f,0xdf,0xc7,0x90,0x02,0xdd,0x73,0x8a,0xa6,0xe5,0x2e,0x23,
	0x2c,0x46,0xea,0x07,0x7f,0xac,0xb9,0x9d,0x3f,0xc8,0xcd,0x76,0xb7,0xd4,0x3a,0x89,
	0xad,0x90,0x4b,0xb3,0xac,0x56,0xc2,0xc6,0xd4,0xfe,0xd2,0xcb,0xef,0x81,0x63,0x6c,
	0xb6,0x38,0x7a,0x03,0xe8,0x21,0x79,0x18,0x83,0xcd,0xef,0x43,0x7f,0xe7,0x60,0x00,
	0x0a,0xb6,0x06,0xf1,0x33,0xcf,0xfa,0x8b,0xa7,0xd9,0xeb,0xe2,0x33,0x38,0x6f,0xc7,
	0x77,0x8f,0x6b,0x93,0x6d,0x0e,0xaf,0xb1,0xed,0x23,0xcc,0xb0,0x97,0xd9,0x3d,0x2a,
	0xd8,0x1f,0x39,0xd1,0xe7,0x06,0x24,0x2e,0x89,0xac,0xf2,0x04,0xee,0x8e,0xfc,0x33,
	0x30,0x17,0xc4,0x9c,0x50,0x31,0x7f,0x13,0xb0,0x68,0x7d,0xca,0x2a,0xfe,0xd8,0xf7,
	0x72,0x83,0x29,0x72,0xeb,0x09,0x74,0xde,0x18,0x8b,0xbd,0xbe,0xc9,0xe0,0x5b,0xa3,
	0x36,0x1b,0x9d,0x08,0xaf,0x78,0xa4,0xff,0xdc,0x58,0xe7,0xd6,0x41,0xc0,0x42,0x70,
	0x0d,0x61,0xb0,0x86,0x76,0x80,0x2a,0x14,0xcb,0xa3,0x35,0x9c,0xe2,0xbe,0xaa,0x60,
	0x66,0xa6,0x2b,0xd3,0x5e,0x8c,0x4b,0x04,0x3b,0x7f,0x42,0xb1,0x5e,0x88,0x30,0x2c,
	0x5a,0xd8,0xe3,0xc5,0x98,0xb6,0x77,0x4f,0x7f,0x74,0x36,0x5d,0x67,0xeb,0xe9,0xac,
	0x29,0xcf,0x41,0x14,0x84,0x77,0x98,0x9e,0x3f,0xf6,0x6e,0x0a,0xa6,0xcf,0xc6,0x56,
	0x25,0x82,0xff,0x52,0x0f,0xd3,0x3d,0x53,0x59,0xa8,0x98,0xf0,0x99,0x5f,0xb4,0x83,
	0xe6,0x89,0xc8,0x83,0x02,0x2d,0xce,0x60,0x3f,0xef,0xe3,0x7b,0x02,0x49,0x22,0x81,
	0x35,0x5e,0x3d,0xf0,0xbf,0x75,0xd2,0x58,0xb5,0x5e,0x35,0x37,0x06,0x90,0xf1,0x9b,
	0xf6,0xdf,0x7c,0x60,0x58,0x25,0x2d,0xb3,0x44,0xe9,0xde,0x6f,0x1d,0x01,0x73,0xa6,
	0x9d,0xca,0xf7,0x1f,0xf7,0x5a,0x3e,0x8a,0xd2,0x1b,0xbf,0x00,0xae,0xfb,0x99,0x7c,
	0xf7,0xa0,0xee,0x57,0x03,0x78,0x8d,0xb6,0xcc,0x5b,0xd2,0xf8,0x6f,0xd6,0xef,0x57,
	0x31,0xac,0x1f,0x71,0x5d,0xec,0xbd,0x69,0xa5,0x1e,0x1c,0x9b,0x11,0x41,0xca,0x7d,
	0xe3,0xbd,0xe8,0x9c,0x90,0x6b,0xbf,0x05,0xa6,0xf3,0x14,0x39,0x8d,0x37,0x4a,0x88,
	0x0a,0x03,0x49,0x4b,0x43,0x28,0x56,0x7c,0xc2,0x97,0xc8,0xd0,0xf2,0xb7,0x92,0xa2,
	0xa8,0xbf,0xe0,0x7f,0xb8,0x88,0x2b,0x84,0x7e,0x1a,0xaa,0x1b,0x90,0x34,0x21,0x89,
	0xe6,0xd0,0xf3,0x33,0xb6,0x4f,0x02,0xd6,0x01,0x83,0x8b,0xfb,0xcb,0x5e,0x63,0x88,
	0x60,0x79,0x15,0x77,0xec,0x5f,0x48,0x0d,0x36,0xc4,0x55,0xf7,0x0e,0x94,0xb2,0x1b,
	0xeb,0xcb,0xc8,0x09,0x51,0xa5,0xbb,0x97,0x78,0xa1,0x3b,0x7c,0x08,0x67,0xe8,0x6e,
	0xe8,0x71,0x94,0x2f,0xc5,0x63,0xc0,0xed,0x2d,0x3a,0x99,0xa5,0x68,0x18,0xe1,0x5a,
	0x1f,0xfa,0xde,0xd6,0x10,0x3c,0x68,0xc6,0x16,0xed,0xf2,0xca,0x6c,0xce,0x15,0x99,
	0x67,0x88,0xdf,0x68,0xd6,0xdc,0xbc,0x5a,0x7d,0xff,0xa5,0x4a,0x00,0xac,0x3f,0x68,
	0x82,0xa5,0x1f,0xf5,0x8b,0x85,0x6f,0xce,0x2a,0x88,0x22,0x8b,0xac,0x8b,0xec,0xde,
	0xc4,0xac,0xf3,0x60,0x4d,0x4f,0xcc,0x51,0x6e,0x36,0x71,0x3d,0x7b,0x78,0xb8,0x38,
	0x6e,0xc8,0x7e,0xff,0xd5,0x7e,0x86,0x65,0x32,0xe2,0xce,0x9c,0x82,0xc6,0x45,0x19,
	0xad,0x1b,0xdb,0xc2,0x2f,0x81,0x53,0xac,0xe9,0xe9,0x93,0x08,0xfc,0x9f,0x24,0x33,
	0x25,0xc8,0x63,0x3f,0xfa,0xd3,0x91,0x14,0x51,0x79,0x2e,0x93,0xd1,0xc2,0x3b,0x9f,
	0xa4,0xbf,0x7a,0x69,0xf7,0x6a,0x50,0x13,0x19,0xd4,0x5f,0x7e,0x61,0xae,0x04,0x59,
	0xc2,0x16,0x65,0xb5,0x5a,0x2b,0xda,0xd8,0xf1,0xb5,0x9f,0x0f,0xdb,0x65,0x85,0xab,
	0xc1,0x8e,0xd1,0x87,0x87,0x84,0x0e,0x65,0xb4,0xaa,0x4a,0xeb,0x5b,0xd2,0x89,0x9c,
	0x53,0xe5,0xc3,0x26,0x76,0x11,0x5a,0x10,0x55,0xc8,0x18,0xf0,0x00,0x32,0xe7,0xb0,
	0x9d,0xd6,0x9e,0xf0,0x37,0x6b,0x4d,0x0d,0x37,0xd5,0x81,0xbe,0x76,0xaf,0xe8,0x92,
	0x1e,0x76,0x80,0x88,0x4a,0xdd,0xef,0xb3,0x67,0x84,0xeb,0xa4,0x73,0x30,0x38,0x2e,
	0x76,0xf9,0x88,0xa9,0x18,0xe8,0xe3,0x0a,0xba,0x5b,0xe6,0xec,0x06,0x5a,0xb1,0x91,
	0xb1,0x58,0x2d,0x18,0x3c,0x17,0x1e,0x53,0xa1,0x0e,0x54,0x6d,0xe7,0x29,0xa7,0xa1,
	0x4d,0x1d,0x24,0x0d,0x78,0xe7,0x59,0xf1,0xe8,0x66,0x8f,0x7e,0x44,0x04,0xae,0xf4,
	0x20,0x31,0xfd,0x9b,0xd4,0x36,0xdb,0x39,0x82,0xd0,0xdb,0x88,0xca,0xbb,0xe0,0xb8,
	0x23,0xa5,0x9c,0x8b,0x86,0x07,0x2d,0x3b,0x83,0xf7,0x62,0x92,0x0f,0x20,0x39,0xeb,
	0x7c,0x5f,0x71,0x14,0x56,0x53,0xaf,0xe1,0xfd,0x20,0x84,0xcd,0x6a,0x6a,0x2f,0x5e,
	0xd0,0x00,0xa8,0xcb,0xbf,0xf1,0x72,0x2b,0x39,0xf5,0x62,0x4a,0x43,0xae,0x87,0xf4,
	0xcb,0xfb,0xfa,0xb8,0xaa,0x9d,0x77,0xc3,0x74,0x1f,0x61,0xff,0x3f,0xef,0xe3,0x3c,
	0x9a,0x52,0xd1,0xf3,0xb2,0xcd,0x6a,0xc5,0xdd,0x3e,0xa3,0x8f,0x42,0x7b,0x00,0x89,
	0xd1,0x38,0x32,0xd7,0x65,0x66,0xe5,0x85,0x7c,0x3f,0x77,0x9c,0xa1,0xf9,0xed,0x14,
	0x78,0xeb,0x45,0x33,0x27,0xc9,0xd0,0x3c,0xef,0xde,0xfb,0xff,0x48,0x53,0x77,0x10,
	0xb1,0x11,0x8b,0xfc,0xc9,0x98,0x46,0xa4,0xfc,0xaf,0x96,0x36,0x15,0x0e,0x43,0xc9,
	0x83,0x54,0x09,0x24,0x04,0x28,0x7d,0x62,0x63,0x4d,0xcf,0xcb,0x32,0x7f,0xda,0x1b,
	0xad,0x52,0x26,0x60,0xe9,0x56,0xea,0x8a,0x88,0xcc,0x53,0xd8,0x90,0x29,0xb7,0x4b,
	0xf1,0x2b,0xf4,0x8b,0x8e,0x8b,0xff,0xcc,0xcf,0xfd,0x0e,0xf6,0x13,0xd9,0x4e,0x07,
	0x9d,0x8a,0x7f,0x4e,0x98,0x14,0xd6,0xb1,0x6f,0x42,0x1e,0x8c,0xf9,0x6f,0x7e,0x4a,
	0xa4,0xf0,0xb8,0xce,0x30,0x71,0x68,0xca,0x5a,0xa4,0x57,0xa7,0x20,0xdb,0x82,0x7e,
	0x49,0x28,0x86,0x29,0x21,0xcc,0x3d,0xe2,0x89,0x61,0x58,0xc0,0x19,0x6b,0xcd,0x05,
	0xf7,0x0b,0x6c,0x5f,0xb1,0xc9,0xd5,0x2e,0xaa,0xcc,0x2b,0x10,0x1b,0x75,0xa0,0x5b,
	0xec,0x49,0x1b,0xc6,0x45,0x50,0xd2,0xa3,0xed,0x1d,0x48,0xa3,0xe3,0x48,0x64,0xd3,
	0xa1,0x54,0xfb,0x87,0x30,0xa5,0xae,0x78,0x8e,0xff,0x13,0x9f,0x5d,0xd8,0xe2,0x27,
	0xb4,0x89,0x22,0xfc,0xd8,0xd3,0x06,0xf3,0x9e,0x6f,0xf9,0x12,0x8c,0xba,0xf0,0xbe,
	0x77,0x96,0x0b,0xea,0x05,0xac,0xf5,0x7b,0x7e,0xd4,0xc3,0x96,0x3c,0xc1,0x64,0xa1,
	0x74,0xe2,0x58,0xf1,0x4e,0xdb,0x74,0xa0,0xfc,0xa4,0xa0,0x03,0xca,0x62,0x07,0x8b,
	0x59,0xe1,0xe9,0x1d,0xe0,0x20,0x54,0x1a,0x9f,0x5a,0xa2,0xa4,0x28,0x9e,0x21,0x41,
	0xe2,0x17,0x1b,0x03,0x69,0x74,0xf7,0x27,0xa6,0xa5,0x8f,0x0b,0x77,0xdf,0x41,0x25,
	0x7c,0x14,0x26,0x5c,0x1d,0x9b,0x21,0xb2,0x42,0x1a,0x81,0x78,0x73,0xad,0x19,0xd4,
	0xd3,0xcb,0x64,0x70,0x22,0x89,0xfe,0xef,0x9e,0x92,0x64,0xbc,0x7c,0x56,0x9b,0xe6,
	0x9e,0x73,0x19,0xfb,0xcf,0x46,0x1b,0xbd,0xe2,0x3a,0x61,0x1c,0x79,0xe3,0x13,0xd3,
	0x64,0xf4,0x11,0xa0,0x80,0x3b,0x74,0xb2,0x8f,0x0c,0xd3,0x91,0x76,0x47,0x81,0x01,
	0x2a,0x53,0x4a,0xe6,0xeb,0x1c,0x54,0xa6,0x72,0xe5,0x2f,0x31,0x9e,0x01,0x29,0x44,
	0x76,0x7c,0x45,0x42,0x58,0x09,0xe7,0x4f,0x6c,0x31,0xf6,0x34,0xb6,0xfd,0xea,0xc7,
	0xfa,0xae,0xbb,0x3b,0xcc,0xc0,0x71,0x5c,0xa9,0x7e,0x5a,0x79,0xe3,0x31,0xb4,0x7e,
	0x70,0xe1,0xb7,0xeb,0x9e,0x7c,0xef,0x17,0x38,0xf0,0x5f,0x54,0x6a,0x78,0x55,0xfe,
	0x1b,0x35,0x4a,0x3d,0xae,0xae,0x82,0x75,0xb8,0x76,0x79,0x07,0xe0,0xee,0xbc,0x5e,
	0x2b,0x25,0x42,0xd6,0xdb,0x8f,0x57,0x45,0x62,0x0c,0x37,0x4d,0xba,0xe4,0xc6,0x47,
	0x3e,0xac,0xed,0xae,0x91,0x6d,0x6e,0x44,0xdd,0x91,0x2e,0x49,0xc1,0xe5,0x25,0xa9,
	0x60,0x7a,0x3b,0x67,0x5a,0x40,0xa0,0x04,0xe1,0x41,0xf3,0x63,0x7a,0x54,0x16,0x81,
	0xe1,0x24,0x8a,0x70,0xce,0xdc,0xd8,0x21,0xda,0x49,0x0a,0xee,0xb4,0x44,0x5c,0xbe,
	0xc4,0x7e,0x74,0xef,0xdb,0x8e,0x85,0x2b,0xc2,0x17,0x1b,0xfc,0x72,0x17,0x99,0xa3,
	0x26,0x5b,0xa7,0x1b,0x11,0xf1,0xd5,0x79,0xc8,0x5d,0xa0,0xd1,0x76,0x20,0x67,0x3f,
	0xdc,0x61,0x82,0x20,0x21,0x4d,0xf7,0x94,0x16,0xd3,0x43,0xd6,0xb0,0x40,0x54,0xa8,
	0x35,0x7f,0x56,0x8c,0x67,0xf8,0x7c,0x22,0xab,0xbd,0x90,0xb1,0x60,0x28,0x00,0xe9,
	0xf3,0x2c,0x51,0x84,0x37,0xf3,0xfe,0x6b,0xcd,0xe0,0xdf,0x0e,0x75,0x1d,0x7d,0xba,
	0x91,0xf6,0xbb,0x85,0x6c,0x61,0xb2,0xa5,0xf7,0xea,0x46,0x45,0x8b,0xd1,0x7f,0xbd,
	0x4e,0x6f,0x18,0x71,0x10,0xb4,0x36,0x1e,0x54,0x21,0x1d,0x4f,0x5e,0x20,0x52,0x47,
	0xc1,0x4a,0xaa,0x52,0xae,0xf9,0x78,0xa5,0xe9,0x3a,0x30,0xb8,0x4d,0x27,0x92,0xc5,
	0xb3,0x54,0xae,0x8d,0xf7,0x16,0x07,0xe0,0xed,0xb7,0xc1,0x9f,0x67,0xd5,0x18,0x8d,
	0x40,0x0c,0xfa,0x42,0x2d,0xa8,0x8f,0xf8,0x07,0x15,0x00,0x8d,0xce,0x45,0x39,0x51,
	0x19,0xcd,0xc5,0x30,0xe7,0x5a,0x10,0x85,0x85,0xa8,0xe7,0x75,0xf1,0x0c,0x1c,0x0c,
	0xc1,0x3f,0x98,0x52,0xf8,0x2a,0xf1,0xdf,0x80,0x60,0xb8,0xed,0x12,0xed,0x87,0xd9,
	0xd2,0xa9,0x29,0x05,0x83,0xea,0x6a,0xfe,0xb0,0xa0,0xbd,0xab,0xed,0x1e,0xd3,0xda,
	0x89,0x02,0x63,0x40,0x47,0x6c,0x91,0x20,0xf2,0xae,0x15,0xd8,0x33,0x91,0x6f,0xbe,
	0xb8,0x17,0x25,0xaf,0x16,0xc2,0x4c,0xd0,0x77,0xc2,0x7f,0x57,0xbf,0x80,0x41,0xf4,
	0xb7,0x78,0x34,0x0b,0x1a,0x4d,0x88,0xcc,0x29,0x86,0x20,0x7b,0x35,0x2b,0xdd,0xae,
	0x4b,0xf0,0x23,0x26,0x05,0x1e,0x32,0xa1,0x72,0xd7,0x40,0x41,0x43,0xb3,0xfc,0x80,
	0x73,0x1f,0xc4,0xa4,0x54,0xeb,0x1d,0xcb,0xe5,0x8d,0x6b,0xed,0xb6,0xe6,0x69,0xf4,
	0x61,0x55,0xa5,0xa4,0x4c,0x2b,0xf8,0xf4,0x89,0x39,0x8d,0xff,0xff,0xff,0x5b,0x3a,
	0x85,0x5c,0xc6,0xac,0xf8,0x3e,0x2f,0xff,0x4b,0x75,0xe8,0x4c,0x0b,0xd9,0x1b,0x38,
	0x49,0x80,0x60,0x49,0x95,0x87,0x53,0xfb,0x17,0xe6,0xf7,0x89,0x88,0xfe,0xca,0x3f,
	0xca,0x01,0xc4,0xfb,0xb3,0xe5,0x2c,0xb1,0xed,0xdc,0x07,0x74,0xd1,0x9e,0x90,0xfe,
	0xb8,0xe9,0x64,0xb4,0x81,0x12,0x80,0x09,0x60,0x74,0x8c,0x4b,0x27,0xbd,0x42,0x61,
	0x94,0xc7,0xc2,0x40,0xd0,0x7f,0xc9,0xc7,0x52,0xec,0xa6,0x13,0xf5,0x06,0xa6,0x07,
	0x34,0x99,0x05,0xf9,0x12,0x76,0xe8,0x61,0x51,0xc4,0x69,0x22,0x46,0xcd,0x3e,0x6f,
	0xf7,0x71,0x04,0x47,0xea,0x0e,0x7b,0xcf,0x80,0x3b,0xa0,0x0f,0x68,0xeb,0x8c,0x6a,
	0x4f,0x02,0x01,0xd0,0x11,0x54,0xe8,0xfc,0x04,0x22,0x06,0x3c,0xf7,0x0b,0x7f,0xfc,
	0x60,0x4e,0x88,0x74,0x1c,0xe9,0x29,0xe7,0x32,0xf7,0xf7,0x9e,0x76,0x63,0x66,0xd8,
	0xfc,0x53,0x65,0x5c,0x7e,0x94,0xa6,0x7a,0xaa,0xb6,0x68,0xfd,0xaf,0xe1,0xfd,0xa1,
	0xca,0x49,0xd8,0x5a,0x9c,0xcf,0x44,0x9a,0x1d,0xd1,0xa6,0x9a,0xed,0xbc,0xa1,0x60,
	0xa1,0x77,0x80,0xec,0x73,0x84,0xec,0x65,0xb9,0xc2,0x14,0xd2,0x3a,0xf4,0x78,0xa1,
	0x15,0xdb,0x0e,0x98,0xca,0xeb,0x5f,0x5c,0x52,0x4c,0xe6,0x13,0x2b,0x82,0x0a,0x78,
	0x79,0xa3,0x74,0xb7,0xca,0xd5,0x13,0x27,0xe1,0x37,0xae,0xa2,0x06,0x98,0x8c,0xad,
	0x90,0x20,0xd6,0xc5,0xf7,0x32,0x5c,0x15,0x67,0x10,0xcd,0xf3,0xdc,0xcc,0xe1,0xb6,
	0xc2,0xd5,0x38,0x7b,0x43,0x16,0xaa,0xf1,0x87,0x3a,0x50,0x2f,0xc8,0x48,0xc7,0x3c,
	0x19,0x48,0xf9,0x90,0x22,0xe0,0x4c,0x4f,0xaf,0x88,0x30,0x07,0x5b,0xba,0xb3,0xcf,
	0x89,0xf5,0x48,0x94,0x6a,0x0c,0x00,0x35,0x5b,0x6d,0x45,0xa8,0x62,0x2b,0xbf,0xb3,
	0x0b,0x12,0xf2,0x18,0x61,0x85,0x74,0xef,0x76,0xbc,0x94,0xfe,0xba,0x1c,0x2a,0x86,
	0xc6,0xbf,0x0a,0x20,0x20,0x35,0x1d,0x90,0xf8,0x25,0x7f,0xdf,0x89,0x89,0x22,0x73,
	0xfd,0xcf,0xbf,0x59,0x4f,0x93,0x0b,0xd2,0x9b,0x89,0xca,0x5e,0x60,0xf5,0x9c,0x58,
	0x24,0x6b,0xd9,0x7b,0x93,0x9f,0xc8,0xf6,0x36,0xa2,0x66,0xef,0x01,0x52,0x7e,0x84,
	0xd9,0xfa,0x93,0x00,0x16,0x11,0x84,0xb0,0xc3,0xec,0x58,0x13,0x11,0x99,0x57,0x39,
	0x06,0xee,0x26,0x04,0x0c,0x03,0x10,0xbe,0xfc,0xa8,0xaa,0xa2,0x7a,0x79,0x34,0xda,
	0x6f,0xfc,0xc1,0x6e,0x7c,0x02,0xa9,0x4e,0x9e,0x53,0x0e,0x32,0x04,0xe5,0xb8,0x14,
	0xee,0x54,0x9d,0x14,0x21,0xf0,0x7b,0xd7,0x12,0xfc,0x62,0xf3,0x1b,0xfe,0x43,0x17,
	0xbc,0xef,0xda,0xb2,0x0d,0xf9,0xb7,0x1a,0x67,0x35,0xa1,0xcf,0x37,0x43,0xa5,0x76,
	0xe9,0x0e,0x80,0xe6,0xfd,0x57,0x48,0x51,0x6a,0x04,0xd4,0xaf,0xfc,0xf4,0x5a,0xa1,
	0x6b,0xe7,0x0b,0xbf,0xdf,0x60,0x41,0xad,0xde,0x28,0xc3,0xf9,0x59,0xde,0x93,0x24,
	0x82,0xf3,0xbd,0x0d,0x37,0x21,0x79,0x35,0xb3,0x9e,0x1b,0x10,0xd4,0xdb,0xad,0x30,
	0xbe,0x39,0x61,0x98,0x97,0xb4,0x5b,0xb8,0xd8,0xe9,0x2c,0xf7,0x8f,0x71,0xe3,0x77,
	0x56,0x2e,0x1c,0x54,0xb4,0x43,0x57,0xac,0x6d,0xf6,0x9f,0xae,0xac,0xc6,0xa4,0x7b,
	0x81,0xc9,0x6a,0xab,0x20,0x23,0x51,0x58,0x8a,0x28,0x9f,0x13,0x52,0x1f,0x6b,0xd3,
	0x80,0x5b,0x0b,0xaa,0x0a,0x90,0x5b,0x6b,0x28,0x0c,0xcc,0xc1,0xe2,0x88,0x69,0xbc,
	0x5b,0x9d,0x10,0xe3,0x38,0xfd,0xdd,0xf1,0xde,0x7b,0x18,0x6c,0xc4,0x7a,0xf6,0xd7,
	0x6e,0x07,0x64,0x9b,0x7f,0xb0,0xa8,0xb6,0x1e,0x5f,0x11,0xc8,0x00,0x0f,0x90,0xfc,
	0x5b,0xad,0xcf,0xaf,0x05,0x3e,0x51,0xfd,0x95,0x31,0x93,0x75,0x7f,0x1e,0x80,0x07,
	0x86,0x43,0xcf,0x51,0xd0,0x19,0x42,0x40,0x46,0x80,0xce,0xea,0x5d,0xda,0x8e,0xd9,
	0x26,0xf9,0xd3,0xf6,0xe1,0xaa,0x14,0xe3,0x72,0x2e,0x0c,0x5c,0x23,0x9e,0xf2,0xc7,
	0xfc,0x54,0xbd,0x77,0x7d,0x50,0xac,0x0b,0x16,0xee,0x6b,0x49,0xe6,0xd0,0xe5,0xbd,
	0x84,0xfe,0x6e,0x56,0x52,0x43,0x8a,0x92,0xad,0x26,0x0d,0x55,0x62,0xa3,0xf6,0x6a,
	0x1c,0xe5,0x30,0x5d,0x7c,0x83,0xa7,0x33,0x56,0xc5,0xa8,0x83,0x8d,0x75,0xd8,0x6f,
	0xc8,0x1f,0x4d,0x98,0x3d,0x62,0x68,0xf7,0x57,0x3d,0xe5,0x07,0x6f,0xa2,0xa8,0xec,
	0x50,0x80,0x1a,0x03,0xd7,0xb8,0x41,0x1e,0x18,0xf7,0x56,0xaf,0xff,0xc6,0xf9,0x6d,
	0x48,0xfd,0xe6,0x05,0xc5,0x0d,0xd4,0xb4,0x55,0x97,0xb7,0x28,0x31,0x15,0xbd,0x00,
	0xd3,0xe6,0xcb,0xaa,0xaa,0x16,0x36,0xfa,0x18,0x25,0x99,0x11,0x9d,0x75,0xab,0x60,
	0xd3,0xdc,0xcb,0xba,0x27,0x17,0x15,0x8c,0x9a,0xfe,0xe7,0x43,0xcd,0x25,0xa9,0x40,
	0x12,0x4f,0xdd,0xa9,0xa8,0xff,0x4d,0x39,0x63,0x55,0x0d,0x29,0x72,0x0e,0x17,0x43,
	0xef,0x01,0x67,0x58,0x7d,0x57,0x0e,0xd6,0xc8,0xdc,0x8d,0xc5,0xc1,0xd4,0x86,0x10,
	0x8c,0xf6,0x05,0xc8,0x4c,0xed,0x2e,0x06,0x4a,0xa8,0xd2,0x8a,0xec,0xe0,0x24,0x89,
	0x2a,0x16,0x83,0xd8,0xb6,0xa7,0xda,0x75,0x6a,0xa6,0x1b,0x8d,0xb5,0x42,0x0c,0x6a,
	0x12,0x89,0x59,0x5a,0x3c,0x8c,0xf3,0x6b,0xd8,0xc1,0xcd,0x30,0xad,0x00,0x2a,0x0b,
	0x3c,0x83,0x98,0xea,0x6a,0x84,0x62,0x41,0xa0,0xfb,0x88,0x9e,0x3e,0x0b,0xd0,0x54,
	0x2e,0x61,0x10,0x11,0x1f,0x54,0x67,0x2a,0x3c,0x76,0xc1,0x73,0xb2,0x1d,0x8f,0x05,
	0xfe,0x37,0xa5,0xe6,0x3b,0xbb,0xad,0xa4,0xd0,0x22,0xdd,0x9f,0xb3,0x91,0x43,0x54,
	0xa6,0xeb,0xad,0x85,0xe6,0x5f,0x89,0xe2,0x87,0x57,0x7b,0xc7,0x68,0x12,0x27,0x4b,
	0x7b,0x6a,0x00,0x01,0xe0,0x24,0xbc,0x64,0xc0,0xfc,0xe9,0xbb,0x46,0x9e,0xcf,0xe8,
	0xc4,0x1d,0xfe,0xdb,0x74,0x09,0x05,0x9f,0xf8,0x28,0x27,0xf9,0x80,0x00,0x07,0x0b,
	0x38,0xa6,0x2c,0x5f,0x5b,0xa1,0x8c,0xe0,0x72,0x21,0x46,0x23,0x2c,0x85,0x15,0x21,
	0xe6,0x57,0xe9,0x01,0x61,0x68,0x6c,0x2f,0xfb,0x62,0x1a,0xd8,0xcc,0xf0,0x7f,0xe1,
	0x63,0x25,0xb8,0x0f,0xd6,0x5f,0x19,0x2b,0xfb,0xe5,0x5c,0xdb,0x96,0x37,0x6f,0x13,
	0xec,0x7d,0x99,0x47,0x65,0x7f,0x51,0x5c,0x41,0x19,0x4d,0x1b,0x36,0x49,0x68,0x04,
	0x43,0x77,0x27,0x32,0x80,0x08,0xb2,0xa0,0x66,0x9e,0x2b,0xea,0xbd,0xc7,0x60,0x95,
	0xd2,0x0f,0x9c,0xcf,0x3c,0xce,0xbc,0x10,0x7f,0xc1,0xd9,0xc9,0x0f,0x14,0xd4,0xa9,
	0x7f,0xe3,0xef,0xb5,0xbe,0xc1,0xab,0x40,0xb5,0xa3,0x42,0xa4,0x63,0x21,0x4c,0x2d,
	0x95,0xdb,0xf9,0x2d,0x02,0x2c,0x2f,0x79,0x66,0x04,0x28,0xb7,0x66,0x3d,0x58,0x67,
	0xf9,0x77,0x15,0x08,0x22,0x95,0x31,0xbf,0x48,0xb2,0x79,0xe0,0x5c,0x51,0xcf,0xf8,
	0x3a,0xa4,0x31,0x31,0x14,0x28,0x88,0x48,0x41,0x40,0xc0,0x3e,0x3d,0xf8,0xae,0xde,
	0xeb,0xf0,0x46,0x8b,0xed,0x8e,0xb9,0xcd,0xbf,0xd4,0xfe,0x43,0xaf,0x6d,0x90,0x23,
	0x9e,0xa7,0xc0,0xef,0x75,0x0b,0xb6,0x46,0x27,0x47,0x21,0xb4,0x1e,0x71,0xb7,0x71,
	0xa1,0x72,0xcb,0x15,0xa2,0x15,0xe5,0x07,0xf1,0xb9,0xd0,0x0a,0x50,0x67,0x13,0x9b,
	0xff,0x58,0x56,0x6f,0xbe,0xff,0xc4,0x1a,0x92,0x1a,0xc2,0xb1,0x86,0xd6,0xfd,0x63,
	0x5d,0x91,0xe1,0x3d,0x35,0xbf,0xe8,0xb6,0x03,0xe0,0xbb,0x2b,0xf4,0x77,0xfa,0x80,
	0xb9,0x66,0x8c,0xa4,0xaa,0x73,0x59,0x41,0x85,0x2c,0x20,0x4e,0xd2,0xc2,0x54,0x69,
	0x1f,0xe0,0x45,0xee,0x27,0xa1,0xff,0xe7,0x54,0x73,0x8f,0xb6,0xc1,0x53,0x54,0xd9,
	0x8f,0xd3,0xa0,0x6d,0xe6,0x1f,0xf2,0x93,0x71,0xf1,0x83,0x65,0x4b,0xa8,0xff,0xb8,
	0x82,0x99,0xff,0xd3,0x81,0x64,0x38,0xe3,0xeb,0x8a,0xd6,0xf2,0x7c,0x3f,0xa9,0xeb,
	0x43,0xae,0xe7,0xbb,0xb2,0x7a,0x82,0x6b,0x64,0x1c,0xd7,0x6b,0xff,0xe2,0xe0,0x16,
	0x24,0xc0,0xf4,0xe6,0xfb,0x7f,0x8c,0x16,0xe8,0x2b,0x63,0xf5,0x0d,0x54,0x00,0x18,
	0xed,0xdf,0xf6,0x46,0x9c,0x18,0xff,0xfc,0xf0,0x4c,0x02,0x5f,0x83,0xe3,0x70,0x98,
	0x49,0x8e,0xc5,0xea,0x8e,0x95,0xe0,0x99,0xf6,0xa5,0xf7,0x62,0x11,0x6e,0x2e,0x80,
	0x78,0x76,0xfe,0x9c,0xf7,0x99,0xdf,0x4f,0xb3,0x95,0x84,0xef,0x08,0xd1,0x32,0xe6,
	0x19,0x82,0x85,0x08,0x71,0xc2,0xbe,0x51,0x99,0xcd,0xac,0xbd,0xc4,0x86,0x3c,0x66,
	0x12,0xde,0x06,0x2e,0x02,0x33,0x7e,0xd7,0x20,0xef,0xd7,0xb7,0x16,0xcd,0xef,0xbf,
	0x58,0x71,0x5d,0x76,0x7b,0x15,0xa0,0x87,0x71,0x64,0xe7,0x6b,0xad,0x2b,0x91,0x6b,
	0x0a,0xd9,0x67,0x9c,0xfe,0xb8,0xa8,0x70,0x79,0x17,0x0e,0xf6,0xb0,0x93,0xcf,0xd2,
	0x4e,0xf1,0xb7,0x9d,0xa3,0x6f,0xf9,0x4e,0x97,0x69,0x90,0x28,0x79,0x5b,0xd3,0x8a,
	0xa5,0x83,0x0b,0xc9,0x6b,0x22,0x31,0xcc,0x35,0x8c,0xa5,0x65,0x6c,0x33,0x0e,0xec,
	0x9b,0x8d,0xd8,0x70,0xfb,0xa8,0x22,0xe6,0x6c,0xbb,0x0b,0x1d,0xe3,0x4f,0x64,0x35,
	0x50,0xa5,0x62,0x2c,0xa3,0x58,0x2e,0x30,0x80,0xa1,0x64,0x01,0xad,0x64,0xa2,0x38,
	0x44,0xaa,0x7f,0x22,0x12,0x60,0xaa,0x2a,0xe4,0xcb,0x6a,0x7d,0xfc,0x5e,0xcf,0x78,
	0x84,0x06,0xd2,0x24,0x59,0x57,0x56,0xaf,0x7a,0xe3,0x53,0xcc,0x41,0x67,0x20,0x25,
	0xe7,0x16,0x50,0x3e,0x98,0x71,0x8f,0x98,0xc6,0xe0,0x42,0x2f,0xc8,0x2f,0x4a,0xbc,
	0xc9,0xb6,0xe2,0x25,0x10,0x5a,0x40,0xb7,0x2f,0xf2,0xcc,0xaf,0xb2,0x19,0x00,0xb2,
	0xea,0xd7,0xb8,0x1a,0x4e,0x82,0x95,0x5e,0x27,0x8d,0xa4,0xc4,0x29,0x99,0x77,0x80,
};
static const unsigned char ipb_golden_y[49152] = {
	0x4f,0x4e,0x47,0x4e,0x4d,0x4c,0x4c,0x4c,0x4c,0x4e,0x4f,0x50,0x50,0x50,0x50,0x50,
	0x50,0x50,0x50,0x50,0x50,0x51,0x91,0x98,0x96,0x94,0x92,0x92,0x92,0x92,0x92,0x92,
	0x92,0x92,0x92,0x92,0x92,0x92,0x92,0x92,0x92,0x92,0x92,0x92,0xd4,0xd2,0xcd,0xce,
	0xcf,0xd0,0xd0,0xd1,0xd1,0xd1,0xd1,0xd1,0xd1,0xd1,0xd1,0xd1,0xd1,0xd1,0xd1,0xd1,
	0x2a,0x29,0x28,0x29,0x29,0x2a,0x2a,0x2a,0x2a,0x2a,0x2a,0x2a,0x2a,0x2a,0x2a,0x2a,
	0x2b,0x2b,0x29,0x2e,0x2e,0x29,0x67,0x66,0x69,0x69,0x69,0x6b,0x6f,0x69,0x6d,0x67,
	0x67,0x67,0x67,0x67,0x69,0x69,0x6f,0x68,0x69,0x6a,0x6a,0x6a,0xaa,0xaa,0xaa,0xaa,
	0xaa,0xaa,0xaa,0xaa,0xaa,0xaa,0xaa,0xaa,0xaa,0xaa,0xaa,0xaa,0xaa,0xaa,0xaa,0xaa,
	0x4f,0x4b,0x47,0x45,0x46,0x48,0x48,0x49,0x4b,0x4d,0x4e,0x4f,0x4f,0x4f,0x4f,0x4f,
	0x4f,0x4f,0x4f,0x4f,0x4f,0x56,0x8b,0x8e,0x90,0x91,0x93,0x93,0x93,0x93,0x93,0x93,
	0x93,0x93,0x93,0x93,0x93,0x93,0x93,0x93,0x93,0x93,0x93,0x93,0xcf,0xcf,0xd4,0xd4,
	0xd3,0xd1,0xd1,0xd0,0xd0,0xd0,0xd0,0xd0,0xd0,0xd0,0xd0,0xd0,0xd0,0xd0,0xd0,0xd0,
	0x2b,0x27,0x28,0x28,0x29,0x2a,0x2a,0x2b,0x2b,0x2b,0x2b,0x2b,0x2b,0x2b,0x2b,0x2b,
	0x2a,0x28,0x28,0x29,0x2a,0x2d,0x64,0x66,0x69,0x67,0x6a,0x67,0x68,0x66,0x6b,0x6b,
	0x6b,0x6b,0x6b,0x6b,0x6b,0x6a,0x68,0x6b,0x69,0x6a,0x6a,0x6a,0xaa,0xaa,0xaa,0xaa,
	0xaa,0xaa,0xaa,0xaa,0xaa,0xaa,0xaa,0xaa,0xaa,0xaa,0xaa,0xaa,0xaa,0xaa,0xaa,0xaa,
	0x47,0x47,0x20,0x20,0x1f,0x1e,0x1d,0x1d,0x1e,0x1f,0x20,0x20,0x20,0x20,0x20,0x20,
	0x20,0x20,0x20,0x20,0x1e,0x21,0x32,0x30,0x30,0x30,0x30,0x30,0x30,0x30,0x30,0x30,
	0x30,0x30,0x30,0x30,0x30,0x30,0x30,0x30,0x30,0x30,0x30,0x30,0x43,0x3f,0x42,0x41,
	0x40,0x42,0x43,0x43,0x43,0x43,0x43,0x43,0x43,0x43,0x43,0x43,0x43,0x43,0x43,0x43,
	0x14,0x15,0x16,0x15,0x16,0x17,0x18,0x18,0x18,0x18,0x18,0x18,0x18,0x18,0x18,0x17,
	0x16,0x15,0x16,0x13,0x18,0x16,0x29,0x23,0x29,0x27,0x26,0x21,0x26,0x28,0x24,0x24,
	0x24,0x24,0x24,0x24,0x28,0x28,0x67,0x6b,0x69,0x6a,0x6a,0x6a,0xaa,0xaa,0xaa,0xaa,
	0xaa,0xaa,0xaa,0xaa,0xaa,0xaa,0xaa,0xaa,0xaa,0xaa,0xaa,0xaa,0xaa,0xaa,0xaa,0xaa,
	0x4e,0x45,0x20,0x1d,0x1d,0x1e,0x1e,0x1e,0x1e,0x1e,0x1e,0x1e,0x1e,0x1e,0x1e,0x1e,
	0x1e,0x1e,0x1e,0x1e,0x1f,0x1f,0x2f,0x32,0x32,0x31,0x31,0x31,0x31,0x31,0x31,0x31,
	0x31,0x31,0x31,0x31,0x31,0x31,0x31,0x31,0x31,0x31,0x31,0x31,0x42,0x43,0x41,0x42,
	0x42,0x41,0x41,0x41,0x41,0x41,0x41,0x41,0x41,0x41,0x41,0x41,0x41,0x41,0x41,0x41,
	0x16,0x15,0x14,0x10,0x11,0x13,0x13,0x14,0x14,0x14,0x14,0x14,0x14,0x14,0x14,0x15,
	0x17,0x17,0x16,0x16,0x16,0x16,0x24,0x24,0x26,0x26,0x2a,0x25,0x24,0x25,0x23,0x24,
	0x24,0x24,0x24,0x24,0x26,0x29,0x67,0x6b,0x69,0x6a,0x6a,0x6a,0xaa,0xaa,0xaa,0xaa,
	0xaa,0xaa,0xaa,0xaa,0xaa,0xaa,0xaa,0xaa,0xaa,0xaa,0xaa,0xaa,0xaa,0xaa,0xaa,0xaa,
	0x4d,0x46,0x1f,0x1d,0x1e,0x20,0x1f,0x22,0x29,0x28,0x1e,0x20,0x21,0x23,0x22,0x1f,
	0x21,0x1f,0x22,0x1c,0x1f,0x20,0x2f,0x32,0x32,0x31,0x31,0x31,0x2c,0x30,0x30,0x33,
	0x32,0x2b,0x2f,0x31,0x2d,0x2f,0x33,0x33,0x31,0x30,0x2f,0x35,0x43,0x40,0x41,0x41,
	0x41,0x41,0x41,0x41,0x41,0x42,0x40,0x45,0x3f,0x3d,0x44,0x40,0x3f,0x40,0x3d,0x40,
	0x15,0x15,0x17,0x16,0x14,0x15,0x14,0x15,0x15,0x15,0x15,0x15,0x17,0x18,0x11,0x11,
	0x16,0x18,0x0f,0x14,0x15,0x16,0x24,0x26,0x26,0x25,0x24,0x25,0x24,0x20,0x24,0x26,
	0x23,0x21,0x26,0x23,0x26,0x28,0x68,0x6b,0x69,0x6a,0x6a,0x6a,0xaa,0xaa,0xaa,0xaa,
	0xaa,0xaa,0xaa,0xaa,0xaa,0xaa,0xaa,0xaa,0xaa,0xaa,0xaa,0xaa,0xaa,0xaa,0xaa,0xaa,
	0x4c,0x48,0x1e,0x1e,0x20,0x25,0x1e,0x1f,0x2a,0x2e,0x22,0x21,0x1e,0x1e,0x1e,0x1f,
	0x1f,0x1e,0x22,0x21,0x1f,0x21,0x2f,0x32,0x32,0x31,0x31,0x31,0x2d,0x31,0x2f,0x33,
	0x31,0x2e,0x30,0x2d,0x2d,0x30,0x32,0x35,0x31,0x34,0x2f,0x32,0x40,0x40,0x40,0x40,
	0x40,0x41,0x41,0x41,0x3e,0x43,0x3f,0x44,0x46,0x41,0x3f,0x3d,0x3a,0x43,0x42,0x43,
	0x1a,0x13,0x15,0x14,0x14,0x15,0x15,0x15,0x15,0x15,0x15,0x15,0x16,0x1b,0x15,0x18,
	0x14,0x1a,0x17,0x15,0x17,0x1f,0x25,0x27,0x22,0x22,0x28,0x27,0x25,0x29,0x28,0x27,
	0x27,0x26,0x28,0x26,0x29,0x26,0x69,0x6a,0x69,0x6a,0x6a,0x6a,0xaa,0xaa,0xaa,0xaa,
	0xaa,0xaa,0xaa,0xaa,0xaa,0xaa,0xaa,0xaa,0xaa,0xaa,0xaa,0xaa,0xaa,0xaa,0xaa,0xaa,
	0x4c,0x48,0x1d,0x1e,0x1e,0x20,0x93,0x8c,0x91,0x90,0x2c,0x30,0x2e,0x34,0x93,0x94,
	0x93,0x92,0x25,0x24,0x1f,0x22,0x30,0x32,0x32,0x31,0x31,0x31,0x2b,0x34,0x8b,0x91,
	0x8e,0x92,0x30,0x2e,0x2d,0x31,0x90,0x93,0x90,0x94,0x32,0x2f,0x41,0x40,0x3f,0x40,
	0x40,0x41,0x41,0x41,0x40,0x3f,0x8c,0x8f,0x92,0x8d,0x44,0x3c,0x3b,0x41,0x91,0x90,
	0x91,0x8c,0x16,0x15,0x16,0x16,0x16,0x16,0x16,0x16,0x16,0x16,0x15,0x19,0x91,0x8e,
	0x8b,0x8f,0x1a,0x17,0x17,0x1b,0x8f,0x93,0x90,0x90,0x25,0x28,0x23,0x23,0x90,0x8b,
	0x8f,0x91,0x25,0x23,0x27,0x26,0x6a,0x6a,0x69,0x6a,0x6a,0x6a,0xaa,0xaa,0xaa,0xaa,
	0xaa,0xaa,0xaa,0xaa,0xaa,0xaa,0xaa,0xaa,0xaa,0xaa,0xaa,0xaa,0xaa,0xaa,0xaa,0xaa,
	0x4c,0x4a,0x1e,0x1f,0x20,0x90,0x95,0x20,0x2a,0x8c,0x90,0x2f,0x34,0x8e,0x94,0x24,
	0x25,0x8f,0x93,0x23,0x1f,0x23,0x30,0x32,0x32,0x31,0x31,0x31,0x2e,0x8e,0x92,0x2d,
	0x2e,0x94,0x92,0x30,0x30,0x8c,0x98,0x2f,0x31,0x91,0x94,0x2e,0x41,0x3f,0x3f,0x3f,
	0x40,0x41,0x41,0x41,0x42,0x8e,0x8f,0x45,0x3f,0x92,0x91,0x40,0x3d,0x8d,0x8f,0x40,
	0x14,0x94,0x92,0x18,0x17,0x17,0x16,0x16,0x16,0x16,0x16,0x16,0x1c,0x8d,0x91,0x1a,
	0x17,0x8e,0x8f,0x17,0x18,0x90,0x92,0x25,0x24,0x8f,0x93,0x2b,0x27,0x93,0x90,0x2c,
	0x29,0x90,0x92,0x27,0x29,0x25,0x6a,0x6a,0x69,0x6a,0x6a,0x6a,0xaa,0xaa,0xaa,0xaa,
	0xaa,0xaa,0xaa,0xaa,0xaa,0xaa,0xaa,0xaa,0xaa,0xaa,0xaa,0xaa,0xaa,0xaa,0xaa,0xaa,
	0x4d,0x4d,0x21,0x22,0x90,0x94,0x2a,0x2a,0x2a,0x2f,0x8f,0x93,0x93,0x93,0x36,0x34,
	0x3b,0x37,0x8c,0x8f,0x22,0x24,0x30,0x91,0x8e,0x2d,0x32,0x2b,0x8f,0x93,0x31,0x2d,
	0x2d,0x31,0x91,0x92,0x91,0x8f,0x32,0x31,0x2f,0x30,0x95,0x95,0x41,0x43,0x43,0x91,
	0x91,0x3e,0x3f,0x3f,0x91,0x96,0x3e,0x44,0x3e,0x3e,0x93,0x90,0x90,0x94,0x40,0x41,
	0x13,0x15,0x90,0x91,0x18,0x17,0x17,0x16,0x28,0x2f,0x2f,0x2f,0x94,0x97,0x30,0x30,
	0x17,0x17,0x8b,0x8b,0x92,0x95,0x27,0x25,0x26,0x29,0x94,0x92,0x90,0x97,0x28,0x28,
	0x22,0x26,0x93,0x8e,0x29,0x24,0x6a,0x6b,0x69,0x6a,0x6a,0x6a,0xaa,0xaa,0xaa,0xaa,
	0xaa,0xaa,0xaa,0xaa,0xaa,0xaa,0xaa,0xaa,0xaa,0xaa,0xaa,0xaa,0xaa,0xaa,0xaa,0xaa,
	0x50,0x51,0x24,0x24,0x92,0x91,0x27,0x26,0x2d,0x2d,0x92,0x91,0x91,0x95,0x35,0x36,
	0x36,0x3d,0x8d,0x8f,0x1c,0x1f,0x34,0x8e,0x91,0x33,0x2b,0x2c,0x8f,0x90,0x2d,0x32,
	0x2f,0x2e,0x92,0x8f,0x8e,0x91,0x2f,0x30,0x2e,0x35,0x91,0x92,0x41,0x3d,0x43,0x8a,
	0x92,0x44,0x38,0x40,0x92,0x91,0x3c,0x3f,0x3f,0x3d,0x91,0x8f,0x90,0x93,0x40,0x42,
	0x17,0x19,0x98,0x8f,0x17,0x16,0x16,0x16,0x2f,0x37,0x34,0x32,0x8f,0x93,0x30,0x34,
	0x18,0x19,0x90,0x8f,0x93,0x92,0x26,0x21,0x22,0x27,0x94,0x94,0x90,0x91,0x22,0x24,
	0x25,0x26,0x97,0x94,0x25,0x25,0x6a,0x6b,0x69,0x6a,0x6a,0x6a,0xaa,0xaa,0xaa,0xaa,
	0xaa,0xaa,0xaa,0xaa,0xaa,0xaa,0xaa,0xaa,0xaa,0xaa,0xaa,0xaa,0xaa,0xaa,0xaa,0xaa,
	0x50,0x50,0x23,0x22,0x96,0x93,0x26,0x8f,0x91,0x31,0x8e,0x91,0x91,0x8f,0x34,0x91,
	0x8f,0x38,0x8f,0x91,0x3c,0x3b,0x2a,0x2f,0x30,0x31,0x31,0x31,0x96,0x91,0x2f,0x8e,
	0x90,0x31,0x8c,0x91,0x91,0x8e,0x33,0x90,0x92,0x30,0x8e,0x94,0x3c,0x40,0x41,0x3c,
	0x40,0x41,0x41,0x41,0x96,0x91,0x3e,0x8f,0x93,0x3d,0x8f,0x92,0x93,0x90,0x3d,0x8f,
	0x8f,0x16,0x8e,0x95,0x17,0x16,0x16,0x16,0x2f,0x33,0x2f,0x30,0x92,0x90,0x2c,0x92,
	0x91,0x18,0x92,0x94,0x97,0x8f,0x26,0x91,0x93,0x26,0x93,0x91,0x90,0x93,0x24,0x90,
	0x92,0x28,0x93,0x96,0x24,0x26,0x6a,0x6b,0x69,0x6a,0x6a,0x6a,0xaa,0xaa,0xaa,0xaa,
	0xaa,0xaa,0xaa,0xaa,0xaa,0xaa,0xaa,0xaa,0xaa,0xaa,0xaa,0xaa,0xaa,0xaa,0xaa,0xaa,
	0x50,0x4f,0x21,0x1f,0x91,0x93,0x2a,0x96,0x92,0x2f,0x8e,0x91,0x91,0x91,0x33,0x94,
	0x92,0x3a,0x92,0x92,0x3c,0x3c,0x2c,0x32,0x2a,0x32,0x2c,0x2f,0x98,0x8f,0x2f,0x8e,
	0x94,0x31,0x90,0x92,0x93,0x91,0x33,0x93,0x91,0x2f,0x93,0x95,0x42,0x41,0x3e,0x3d,
	0x3e,0x41,0x3f,0x3b,0x93,0x90,0x3f,0x8f,0x91,0x42,0x8d,0x90,0x8f,0x8e,0x43,0x8e,
	0x90,0x13,0x90,0x92,0x16,0x16,0x16,0x16,0x2e,0x32,0x30,0x32,0x90,0x94,0x32,0x90,
	0x94,0x18,0x92,0x92,0x91,0x8c,0x23,0x93,0x95,0x25,0x93,0x90,0x91,0x96,0x24,0x90,
	0x96,0x25,0x94,0x90,0x23,0x29,0x6a,0x6c,0x6a,0x6a,0x6a,0x6a,0xaa,0xaa,0xaa,0xaa,
	0xaa,0xaa,0xaa,0xaa,0xaa,0xaa,0xaa,0xaa,0xaa,0xaa,0xaa,0xaa,0xaa,0xaa,0xaa,0xaa,
	0x50,0x50,0x22,0x20,0x8e,0x95,0x2b,0x2b,0x2e,0x30,0x94,0x92,0x92,0x98,0x38,0x38,
	0x36,0x37,0x96,0x94,0x40,0x40,0x3c,0x42,0x3f,0x3b,0x2a,0x2d,0x8f,0x90,0x31,0x2e,
	0x32,0x33,0x95,0x91,0x90,0x93,0x30,0x30,0x31,0x2f,0x8f,0x93,0x40,0x41,0x3c,0x40,
	0x43,0x3e,0x40,0x40,0x8e,0x90,0x40,0x41,0x40,0x3f,0x93,0x92,0x92,0x93,0x3f,0x3e,
	0x15,0x18,0x93,0x93,0x13,0x15,0x16,0x1b,0x36,0x32,0x2c,0x2f,0x93,0x93,0x32,0x33,
	0x1b,0x19,0x92,0x8f,0x92,0x92,0x26,0x24,0x29,0x2a,0x90,0x91,0x96,0x96,0x25,0x23,
	0x28,0x27,0x96,0x94,0x24,0x28,0x6a,0x6c,0x6a,0x6a,0x6a,0x6a,0xaa,0xaa,0xaa,0xaa,
	0xaa,0xaa,0xaa,0xaa,0xaa,0xaa,0xaa,0xaa,0xaa,0xaa,0xaa,0xaa,0xaa,0xaa,0xaa,0xaa,
	0x51,0x51,0x23,0x22,0x8e,0x96,0x28,0x25,0x2e,0x2c,0x8e,0x8e,0x8e,0x8f,0x30,0x37,
	0x37,0x3b,0x94,0x95,0x3e,0x40,0x3f,0x8c,0x8f,0x3d,0x33,0x2f,0x97,0x8e,0x31,0x2e,
	0x32,0x2f,0x91,0x92,0x91,0x90,0x30,0x35,0x31,0x2d,0x8f,0x90,0x43,0x3f,0x40,0x8a,
	0x89,0x42,0x41,0x43,0x92,0x8f,0x41,0x43,0x43,0x40,0x8f,0x92,0x90,0x8c,0x3c,0x3e,
	0x18,0x14,0x90,0x8d,0x16,0x14,0x16,0x18,0x32,0x2d,0x33,0x30,0x93,0x95,0x33,0x30,
	0x16,0x15,0x90,0x8e,0x8f,0x93,0x27,0x27,0x27,0x28,0x94,0x90,0x91,0x92,0x24,0x24,
	0x24,0x27,0x91,0x91,0x27,0x27,0x6a,0x6c,0x6a,0x6a,0x6a,0x6a,0xaa,0xaa,0xaa,0xaa,
	0xaa,0xaa,0xaa,0xaa,0xaa,0xaa,0xaa,0xaa,0xaa,0xaa,0xaa,0xaa,0xaa,0xaa,0xaa,0xaa,
	0x51,0x51,0x24,0x22,0x29,0x90,0x8d,0x2c,0x2f,0x8e,0x91,0x32,0x32,0x90,0x8f,0x32,
	0x3b,0x94,0x90,0x3a,0x3c,0x3d,0x3c,0x91,0x95,0x3c,0x3b,0x36,0x3b,0x91,0x94,0x33,
	0x2e,0x8c,0x8f,0x32,0x33,0x91,0x8e,0x31,0x32,0x90,0x92,0x35,0x44,0x40,0x43,0x94,
	0x90,0x44,0x42,0x41,0x40,0x92,0x94,0x42,0x47,0x92,0x94,0x3e,0x3d,0x93,0x91,0x43,
	0x16,0x96,0x8f,0x15,0x15,0x13,0x16,0x90,0x8d,0x31,0x30,0x2f,0x2e,0x93,0x96,0x2e,
	0x2f,0x92,0x97,0x30,0x30,0x95,0x8d,0x25,0x2b,0x96,0x8f,0x26,0x2b,0x8f,0x91,0x28,
	0x2c,0x8e,0x8f,0x23,0x28,0x28,0x6a,0x6b,0x69,0x6a,0x6a,0x6a,0xaa,0xaa,0xaa,0xaa,
	0xaa,0xaa,0xaa,0xaa,0xaa,0xaa,0xaa,0xaa,0xaa,0xaa,0xaa,0xaa,0xaa,0xaa,0xaa,0xaa,
	0x51,0x52,0x24,0x23,0x25,0x29,0x8f,0x93,0x94,0x90,0x31,0x2e,0x2d,0x30,0x90,0x92,
	0x90,0x95,0x3e,0x39,0x3e,0x39,0x3f,0x3d,0x3e,0x3c,0x3a,0x3e,0x39,0x3b,0x91,0x96,
	0x94,0x91,0x32,0x2f,0x2f,0x31,0x8f,0x8f,0x95,0x97,0x32,0x2c,0x41,0x42,0x3e,0x42,
	0x41,0x40,0x42,0x3d,0x3b,0x43,0x8d,0x92,0x92,0x90,0x3e,0x40,0x42,0x42,0x94,0x92,
	0x8d,0x91,0x18,0x12,0x12,0x1a,0x16,0x90,0x91,0x2f,0x38,0x31,0x2e,0x33,0x91,0x90,
	0x96,0x8f,0x2f,0x33,0x32,0x30,0x95,0x94,0x93,0x96,0x29,0x26,0x24,0x23,0x92,0x92,
	0x92,0x94,0x24,0x25,0x28,0x29,0x6b,0x6b,0x69,0x6a,0x6a,0x6a,0xaa,0xaa,0xaa,0xaa,
	0xaa,0xaa,0xaa,0xaa,0xaa,0xaa,0xaa,0xaa,0xaa,0xaa,0xaa,0xaa,0xaa,0xaa,0xaa,0xaa,
	0x51,0x51,0x23,0x22,0x23,0x25,0x26,0x29,0x2b,0x2a,0x2f,0x2f,0x34,0x33,0x35,0x34,
	0x36,0x38,0x39,0x3b,0x3c,0x3d,0x3e,0x3e,0x3e,0x3d,0x3c,0x3c,0x3b,0x3a,0x3a,0x39,
	0x36,0x34,0x33,0x32,0x31,0x30,0x2f,0x2f,0x2f,0x2f,0x2f,0x2f,0x41,0x40,0x40,0x41,
	0x42,0x40,0x40,0x3d,0x3e,0x3e,0x3f,0x3f,0x3f,0x3f,0x3f,0x40,0x40,0x40,0x40,0x40,
	0x16,0x16,0x16,0x16,0x16,0x16,0x16,0x16,0x16,0x16,0x16,0x16,0x13,0x17,0x2b,0x32,
	0x32,0x32,0x32,0x32,0x30,0x30,0x28,0x26,0x26,0x26,0x26,0x26,0x26,0x26,0x26,0x25,
	0x25,0x25,0x25,0x25,0x28,0x29,0x6a,0x6b,0x69,0x6a,0x6a,0x6a,0xaa,0xaa,0xaa,0xaa,
	0xaa,0xaa,0xaa,0xaa,0xaa,0xaa,0xaa,0xaa,0xaa,0xaa,0xaa,0xaa,0xaa,0xaa,0xaa,0xaa,
	0x50,0x50,0x22,0x20,0x23,0x25,0x26,0x29,0x2a,0x2b,0x2f,0x2f,0x35,0x34,0x37,0x37,
	0x37,0x39,0x3a,0x3b,0x3c,0x3d,0x3e,0x3e,0x3d,0x3b,0x3b,0x3b,0x3b,0x3a,0x3a,0x39,
	0x36,0x35,0x34,0x33,0x31,0x30,0x2f,0x2f,0x2f,0x2f,0x2f,0x2f,0x42,0x3f,0x41,0x41,
	0x41,0x40,0x40,0x3e,0x3e,0x3f,0x3f,0x3f,0x3f,0x3f,0x40,0x40,0x40,0x40,0x40,0x40,
	0x16,0x16,0x16,0x16,0x16,0x16,0x16,0x16,0x16,0x16,0x16,0x16,0x16,0x18,0x31,0x32,
	0x31,0x30,0x2f,0x2e,0x2f,0x31,0x25,0x22,0x22,0x24,0x24,0x25,0x25,0x25,0x25,0x25,
	0x25,0x25,0x25,0x26,0x26,0x26,0x69,0x6b,0x69,0x6a,0x6a,0x6a,0xaa,0xaa,0xaa,0xaa,
	0xaa,0xaa,0xaa,0xaa,0xaa,0xaa,0xaa,0xaa,0xaa,0xaa,0xaa,0xaa,0xaa,0xaa,0xaa,0xaa,
	0x50,0x50,0x21,0x20,0x22,0x24,0x26,0x27,0x29,0x29,0x2f,0x2f,0x35,0x33,0x36,0x37,
	0x39,0x3a,0x3b,0x3c,0x3e,0x3f,0x40,0x40,0x3f,0x3e,0x3d,0x3d,0x3b,0x3b,0x3a,0x39,
	0x37,0x35,0x34,0x33,0x32,0x31,0x30,0x30,0x30,0x30,0x30,0x30,0x41,0x3f,0x42,0x41,
	0x41,0x40,0x40,0x3e,0x3f,0x3f,0x3f,0x3f,0x3f,0x40,0x40,0x40,0x40,0x40,0x40,0x40,
	0x16,0x16,0x16,0x16,0x16,0x16,0x16,0x16,0x16,0x16,0x16,0x16,0x18,0x18,0x31,0x2c,
	0x2d,0x2e,0x2e,0x2f,0x2e,0x31,0x25,0x25,0x25,0x25,0x24,0x25,0x25,0x25,0x25,0x26,
	0x26,0x26,0x26,0x26,0x25,0x25,0x68,0x6b,0x69,0x6a,0x6a,0x6a,0xaa,0xaa,0xaa,0xaa,
	0xaa,0xaa,0xaa,0xaa,0xaa,0xaa,0xaa,0xaa,0xaa,0xaa,0xaa,0xaa,0xaa,0xaa,0xaa,0xaa,
	0x50,0x4f,0x21,0x1f,0x22,0x25,0x27,0x29,0x29,0x2a,0x2d,0x2c,0x30,0x30,0x35,0x38,
	0x3a,0x3b,0x3b,0x3c,0x3d,0x3e,0x3e,0x3e,0x3e,0x3d,0x3d,0x3c,0x3c,0x3b,0x3b,0x3a,
	0x38,0x37,0x36,0x35,0x33,0x32,0x31,0x31,0x31,0x31,0x31,0x31,0x40,0x41,0x41,0x41,
	0x40,0x40,0x40,0x3f,0x3f,0x3f,0x3f,0x3f,0x40,0x40,0x40,0x40,0x40,0x40,0x40,0x40,
	0x16,0x16,0x16,0x16,0x16,0x16,0x16,0x16,0x16,0x16,0x16,0x16,0x16,0x15,0x34,0x31,
	0x31,0x31,0x31,0x31,0x2c,0x30,0x26,0x2a,0x28,0x27,0x26,0x26,0x26,0x26,0x26,0x26,
	0x26,0x26,0x26,0x26,0x24,0x24,0x68,0x6b,0x69,0x6a,0x6a,0x6a,0xaa,0xaa,0xaa,0xaa,
	0xaa,0xaa,0xaa,0xaa,0xaa,0xaa,0xaa,0xaa,0xaa,0xaa,0xaa,0xaa,0xaa,0xaa,0xaa,0xaa,
	0x50,0x4f,0x21,0x1f,0x1f,0x1f,0x1f,0x1f,0x20,0x24,0x2d,0x2f,0x33,0x30,0x33,0x34,
	0x39,0x3a,0x3b,0x3c,0x3e,0x3f,0x40,0x3f,0x3e,0x3d,0x3d,0x3d,0x3c,0x3c,0x3b,0x3a,
	0x39,0x37,0x36,0x35,0x34,0x33,0x32,0x31,0x31,0x31,0x31,0x31,0x41,0x3d,0x3f,0x43,
	0x41,0x40,0x40,0x40,0x40,0x40,0x40,0x40,0x40,0x40,0x40,0x40,0x40,0x40,0x40,0x40,
	0x16,0x16,0x16,0x16,0x16,0x16,0x16,0x16,0x16,0x16,0x16,0x16,0x15,0x12,0x2a,0x31,
	0x31,0x31,0x31,0x31,0x32,0x2d,0x2e,0x2f,0x2f,0x30,0x30,0x31,0x26,0x2f,0x25,0x26,
	0x27,0x25,0x27,0x20,0x22,0x25,0x68,0x6a,0x68,0x6a,0x6a,0x6a,0xaa,0xaa,0xaa,0xaa,
	0xaa,0xaa,0xaa,0xaa,0xaa,0xaa,0xaa,0xaa,0xaa,0xaa,0xaa,0xaa,0xaa,0xaa,0xaa,0xaa,
	0x50,0x4f,0x21,0x1f,0x1f,0x1f,0x1f,0x1e,0x1d,0x21,0x2c,0x2d,0x31,0x2e,0x31,0x33,
	0x37,0x3a,0x3b,0x3d,0x3e,0x3f,0x41,0x41,0x3f,0x3e,0x3c,0x3c,0x3b,0x3a,0x3a,0x39,
	0x38,0x37,0x36,0x35,0x33,0x32,0x31,0x31,0x31,0x31,0x31,0x31,0x3f,0x3a,0x3f,0x44,
	0x41,0x40,0x40,0x40,0x40,0x40,0x40,0x40,0x40,0x40,0x40,0x40,0x40,0x40,0x40,0x40,
	0x16,0x16,0x16,0x16,0x16,0x16,0x16,0x16,0x16,0x16,0x16,0x16,0x1a,0x17,0x2e,0x30,
	0x30,0x30,0x30,0x30,0x2f,0x31,0x31,0x31,0x30,0x31,0x31,0x32,0x25,0x27,0x29,0x2a,
	0x27,0x25,0x27,0x24,0x25,0x26,0x68,0x69,0x68,0x6a,0x6a,0x6a,0xaa,0xaa,0xaa,0xaa,
	0xaa,0xaa,0xaa,0xaa,0xaa,0xaa,0xaa,0xaa,0xaa,0xaa,0xaa,0xaa,0xaa,0xaa,0xaa,0xaa,
	0x50,0x4f,0x21,0x1f,0x1f,0x1f,0x1f,0x1f,0x1f,0x20,0x22,0x1e,0x21,0x24,0x30,0x37,
	0x3b,0x3a,0x3a,0x3b,0x3d,0x3e,0x3f,0x3f,0x3e,0x3c,0x3c,0x3b,0x3a,0x39,0x39,0x38,
	0x38,0x36,0x35,0x35,0x34,0x33,0x32,0x31,0x31,0x31,0x31,0x31,0x35,0x33,0x3f,0x40,
	0x40,0x40,0x40,0x40,0x40,0x40,0x40,0x40,0x40,0x40,0x40,0x40,0x40,0x40,0x40,0x40,
	0x16,0x16,0x16,0x16,0x16,0x16,0x16,0x16,0x16,0x16,0x16,0x16,0x18,0x13,0x19,0x15,
	0x15,0x15,0x15,0x15,0x2d,0x31,0x30,0x2f,0x2e,0x2f,0x30,0x2f,0x22,0x29,0x8f,0x91,
	0x90,0x90,0x25,0x25,0x26,0x27,0x68,0x68,0x67,0x6a,0x6a,0x6a,0xaa,0xaa,0xaa,0xaa,
	0xaa,0xaa,0xaa,0xaa,0xaa,0xaa,0xaa,0xaa,0xaa,0xaa,0xaa,0xaa,0xaa,0xaa,0xaa,0xaa,
	0x50,0x4f,0x21,0x1f,0x1f,0x1f,0x1f,0x1f,0x1c,0x1e,0x22,0x1f,0x22,0x24,0x2f,0x36,
	0x3c,0x3b,0x3b,0x3b,0x3b,0x3b,0x3b,0x3b,0x3d,0x3d,0x3d,0x3c,0x3b,0x3a,0x3a,0x39,
	0x39,0x37,0x37,0x35,0x34,0x33,0x33,0x32,0x31,0x31,0x31,0x31,0x2e,0x2e,0x3d,0x3b,
	0x3e,0x40,0x41,0x41,0x40,0x3f,0x40,0x40,0x40,0x40,0x40,0x40,0x40,0x40,0x40,0x40,
	0x16,0x16,0x16,0x16,0x16,0x16,0x16,0x16,0x16,0x16,0x16,0x16,0x16,0x15,0x15,0x13,
	0x13,0x13,0x13,0x13,0x2e,0x31,0x2f,0x2d,0x2b,0x2e,0x2f,0x2f,0x25,0x8f,0x91,0x2b,
	0x2a,0x92,0x94,0x26,0x27,0x27,0x68,0x68,0x67,0x6a,0x6a,0x6a,0xaa,0xaa,0xaa,0xaa,
	0xaa,0xaa,0xaa,0xaa,0xaa,0xaa,0xaa,0xaa,0xaa,0xaa,0xaa,0xaa,0xaa,0xaa,0xaa,0xaa,
	0x51,0x50,0x22,0x20,0x20,0x20,0x20,0x1f,0x20,0x20,0x20,0x20,0x20,0x20,0x20,0x20,
	0x20,0x22,0x3c,0x3b,0x3e,0x40,0x3c,0x3f,0x3d,0x3d,0x3d,0x3c,0x39,0x38,0x38,0x39,
	0x39,0x38,0x37,0x36,0x35,0x34,0x33,0x32,0x32,0x31,0x31,0x31,0x2f,0x2f,0x31,0x33,
	0x36,0x3c,0x3f,0x40,0x3f,0x3f,0x40,0x40,0x41,0x40,0x40,0x40,0x40,0x40,0x40,0x40,
	0x16,0x16,0x16,0x16,0x16,0x16,0x16,0x16,0x16,0x16,0x16,0x16,0x16,0x16,0x16,0x16,
	0x16,0x16,0x16,0x16,0x30,0x30,0x2e,0x2c,0x2c,0x2f,0x2e,0x2f,0x94,0x93,0x28,0x23,
	0x28,0x25,0x94,0x8f,0x27,0x28,0x69,0x69,0x67,0x6a,0x6a,0x6a,0xaa,0xaa,0xaa,0xaa,
	0xaa,0xaa,0xaa,0xaa,0xaa,0xaa,0xaa,0xaa,0xaa,0xaa,0xaa,0xaa,0xaa,0xaa,0xaa,0xaa,
	0x51,0x50,0x22,0x20,0x20,0x20,0x20,0x20,0x20,0x20,0x20,0x20,0x20,0x20,0x20,0x20,
	0x20,0x26,0x37,0x3b,0x3d,0x3c,0x41,0x41,0x3e,0x3e,0x3d,0x3a,0x38,0x36,0x38,0x39,
	0x39,0x37,0x37,0x36,0x36,0x35,0x35,0x33,0x32,0x31,0x31,0x31,0x31,0x31,0x31,0x30,
	0x31,0x32,0x3a,0x3e,0x3e,0x3e,0x40,0x41,0x41,0x41,0x40,0x40,0x40,0x40,0x40,0x40,
	0x16,0x16,0x16,0x16,0x16,0x16,0x16,0x16,0x16,0x16,0x16,0x16,0x16,0x16,0x16,0x16,
	0x16,0x16,0x16,0x16,0x30,0x31,0x2f,0x2e,0x2f,0x30,0x30,0x31,0x94,0x91,0x26,0x29,
	0x2b,0x28,0x97,0x95,0x28,0x29,0x69,0x6b,0x68,0x6a,0x6a,0x6a,0xaa,0xaa,0xaa,0xaa,
	0xaa,0xaa,0xaa,0xaa,0xaa,0xaa,0xaa,0xaa,0xaa,0xaa,0xaa,0xaa,0xaa,0xaa,0xaa,0xaa,
	0x51,0x50,0x22,0x20,0x20,0x20,0x20,0x20,0x20,0x20,0x20,0x20,0x20,0x20,0x20,0x20,
	0x22,0x24,0x20,0x20,0x22,0x23,0x3c,0x40,0x3e,0x3f,0x3d,0x3c,0x38,0x38,0x39,0x3a,
	0x39,0x37,0x37,0x36,0x36,0x35,0x35,0x33,0x32,0x31,0x31,0x31,0x31,0x31,0x31,0x30,
	0x31,0x31,0x33,0x33,0x37,0x3b,0x3f,0x41,0x41,0x41,0x41,0x41,0x40,0x40,0x40,0x40,
	0x16,0x16,0x16,0x16,0x16,0x16,0x16,0x16,0x16,0x16,0x16,0x16,0x16,0x16,0x16,0x16,
	0x16,0x16,0x16,0x16,0x30,0x31,0x30,0x2f,0x2e,0x30,0x31,0x31,0x93,0x93,0x31,0x8e,
	0x91,0x2f,0x92,0x96,0x28,0x29,0x68,0x6b,0x68,0x6a,0x6a,0x6a,0xaa,0xaa,0xaa,0xaa,
	0xaa,0xaa,0xaa,0xaa,0xaa,0xaa,0xaa,0xaa,0xaa,0xaa,0xaa,0xaa,0xaa,0xaa,0xaa,0xaa,
	0x51,0x50,0x22,0x20,0x20,0x20,0x20,0x20,0x20,0x20,0x20,0x20,0x20,0x20,0x20,0x20,
	0x24,0x26,0x1d,0x1e,0x1f,0x20,0x3b,0x3e,0x39,0x3b,0x3d,0x3c,0x3a,0x39,0x39,0x3a,
	0x39,0x37,0x37,0x36,0x36,0x35,0x35,0x33,0x32,0x31,0x31,0x31,0x31,0x31,0x31,0x30,
	0x31,0x31,0x33,0x32,0x30,0x31,0x39,0x3e,0x40,0x41,0x41,0x41,0x41,0x41,0x40,0x40,
	0x16,0x16,0x16,0x16,0x16,0x16,0x16,0x16,0x16,0x16,0x16,0x16,0x16,0x16,0x16,0x16,
	0x16,0x16,0x16,0x16,0x31,0x32,0x2f,0x30,0x30,0x31,0x31,0x32,0x96,0x92,0x34,0x96,
	0x90,0x31,0x92,0x8f,0x28,0x2a,0x66,0x6c,0x69,0x6a,0x6a,0x6a,0xaa,0xaa,0xaa,0xaa,
	0xaa,0xaa,0xaa,0xaa,0xaa,0xaa,0xaa,0xaa,0xaa,0xaa,0xaa,0xaa,0xaa,0xaa,0xaa,0xaa,
	0x51,0x50,0x22,0x20,0x20,0x20,0x20,0x20,0x20,0x20,0x20,0x20,0x20,0x20,0x20,0x1f,
	0x1d,0x1f,0x20,0x20,0x21,0x20,0x32,0x34,0x33,0x36,0x3b,0x3c,0x3b,0x38,0x38,0x38,
	0x37,0x37,0x37,0x36,0x36,0x35,0x35,0x33,0x32,0x31,0x31,0x31,0x31,0x31,0x31,0x30,
	0x31,0x31,0x33,0x32,0x30,0x2f,0x31,0x35,0x3a,0x3e,0x40,0x41,0x41,0x41,0x41,0x41,
	0x16,0x16,0x16,0x16,0x16,0x16,0x16,0x16,0x16,0x16,0x16,0x16,0x16,0x16,0x16,0x16,
	0x16,0x16,0x16,0x16,0x18,0x18,0x1f,0x21,0x29,0x29,0x2e,0x30,0x90,0x92,0x31,0x31,
	0x30,0x2f,0x8f,0x93,0x27,0x28,0x67,0x6c,0x69,0x6a,0x6a,0x6a,0xaa,0xaa,0xaa,0xaa,
	0xaa,0xaa,0xaa,0xaa,0xaa,0xaa,0xaa,0xaa,0xaa,0xaa,0xaa,0xaa,0xaa,0xaa,0xaa,0xaa,
	0x51,0x50,0x22,0x20,0x20,0x20,0x20,0x20,0x20,0x20,0x20,0x20,0x20,0x20,0x20,0x1f,
	0x1f,0x1f,0x21,0x20,0x1e,0x1f,0x2f,0x32,0x2f,0x33,0x38,0x39,0x39,0x37,0x37,0x37,
	0x37,0x37,0x37,0x36,0x36,0x35,0x35,0x33,0x32,0x31,0x31,0x31,0x31,0x31,0x31,0x30,
	0x31,0x31,0x33,0x32,0x30,0x2f,0x31,0x32,0x34,0x36,0x3a,0x3e,0x40,0x41,0x41,0x41,
	0x16,0x16,0x16,0x16,0x16,0x16,0x16,0x16,0x16,0x16,0x16,0x16,0x16,0x16,0x16,0x16,
	0x16,0x16,0x16,0x16,0x18,0x18,0x24,0x27,0x28,0x25,0x2e,0x30,0x8d,0x94,0x2f,0x2c,
	0x2d,0x31,0x8f,0x95,0x26,0x27,0x69,0x6c,0x69,0x6a,0x6a,0x6a,0xaa,0xaa,0xaa,0xaa,
	0xaa,0xaa,0xaa,0xaa,0xaa,0xaa,0xaa,0xaa,0xaa,0xaa,0xaa,0xaa,0xaa,0xaa,0xaa,0xaa,
	0x51,0x50,0x22,0x20,0x20,0x20,0x20,0x20,0x20,0x20,0x20,0x20,0x20,0x20,0x20,0x1f,
	0x1f,0x1f,0x22,0x22,0x21,0x1f,0x2e,0x2f,0x2f,0x31,0x33,0x33,0x33,0x34,0x37,0x39,
	0x39,0x37,0x37,0x36,0x36,0x35,0x35,0x33,0x32,0x31,0x31,0x31,0x31,0x31,0x31,0x30,
	0x31,0x31,0x33,0x32,0x30,0x2f,0x31,0x32,0x32,0x32,0x34,0x36,0x3b,0x3f,0x40,0x41,
	0x16,0x16,0x16,0x16,0x16,0x16,0x16,0x16,0x16,0x16,0x16,0x16,0x16,0x16,0x16,0x16,
	0x16,0x16,0x16,0x16,0x17,0x16,0x25,0x28,0x27,0x23,0x2f,0x31,0x2a,0x93,0x93,0x30,
	0x32,0x93,0x94,0x28,0x25,0x26,0x6a,0x6c,0x69,0x6a,0x6a,0x6a,0xaa,0xaa,0xaa,0xaa,
	0xaa,0xaa,0xaa,0xaa,0xaa,0xaa,0xaa,0xaa,0xaa,0xaa,0xaa,0xaa,0xaa,0xaa,0xaa,0xaa,
	0x51,0x50,0x22,0x20,0x20,0x20,0x20,0x20,0x20,0x20,0x20,0x20,0x20,0x20,0x20,0x1f,
	0x20,0x23,0x22,0x22,0x22,0x1f,0x31,0x31,0x31,0x31,0x31,0x30,0x30,0x31,0x36,0x3a,
	0x39,0x37,0x37,0x36,0x36,0x35,0x35,0x33,0x31,0x31,0x31,0x31,0x31,0x31,0x31,0x30,
	0x31,0x32,0x34,0x33,0x31,0x30,0x32,0x33,0x33,0x33,0x33,0x33,0x35,0x38,0x3b,0x3e,
	0x16,0x16,0x16,0x16,0x16,0x16,0x16,0x16,0x17,0x17,0x17,0x17,0x16,0x16,0x16,0x16,
	0x16,0x16,0x16,0x16,0x16,0x14,0x24,0x28,0x28,0x22,0x2f,0x31,0x2e,0x31,0x91,0x95,
	0x90,0x8f,0x2a,0x23,0x27,0x27,0x6b,0x6c,0x69,0x6a,0x6a,0x6a,0xaa,0xaa,0xaa,0xaa,
	0xaa,0xaa,0xaa,0xaa,0xaa,0xaa,0xaa,0xaa,0xaa,0xaa,0xaa,0xaa,0xaa,0xaa,0xaa,0xaa,
	0x51,0x50,0x22,0x20,0x20,0x20,0x20,0x20,0x20,0x20,0x20,0x20,0x20,0x20,0x20,0x20,
	0x21,0x23,0x21,0x22,0x21,0x1f,0x33,0x31,0x31,0x31,0x2f,0x2e,0x2e,0x30,0x30,0x31,
	0x32,0x32,0x32,0x32,0x32,0x31,0x31,0x31,0x32,0x31,0x31,0x31,0x31,0x31,0x31,0x30,
	0x31,0x31,0x32,0x32,0x31,0x32,0x33,0x33,0x34,0x33,0x33,0x33,0x34,0x34,0x37,0x3a,
	0x33,0x34,0x18,0x15,0x17,0x15,0x16,0x17,0x16,0x16,0x16,0x16,0x16,0x16,0x16,0x16,
	0x16,0x16,0x16,0x16,0x16,0x13,0x24,0x28,0x29,0x27,0x2f,0x31,0x30,0x2e,0x2e,0x2e,
	0x2d,0x2c,0x28,0x25,0x26,0x28,0x6a,0x6b,0x69,0x6a,0x6a,0x6a,0xaa,0xaa,0xaa,0xaa,
	0xaa,0xaa,0xaa,0xaa,0xaa,0xaa,0xaa,0xaa,0xaa,0xaa,0xaa,0xaa,0xaa,0xaa,0xaa,0xaa,
	0x51,0x50,0x22,0x20,0x20,0x20,0x20,0x20,0x20,0x20,0x20,0x20,0x20,0x20,0x20,0x20,
	0x20,0x20,0x20,0x20,0x20,0x1f,0x32,0x31,0x31,0x31,0x30,0x2f,0x2f,0x2f,0x2f,0x30,
	0x34,0x35,0x35,0x35,0x35,0x35,0x35,0x34,0x32,0x31,0x31,0x31,0x31,0x31,0x31,0x30,
	0x2f,0x2e,0x2e,0x2f,0x30,0x30,0x31,0x32,0x32,0x33,0x33,0x33,0x33,0x33,0x33,0x33,
	0x36,0x33,0x1f,0x18,0x18,0x18,0x12,0x16,0x16,0x16,0x16,0x16,0x16,0x16,0x16,0x16,
	0x16,0x16,0x16,0x16,0x16,0x15,0x25,0x28,0x29,0x29,0x2d,0x2f,0x2f,0x30,0x30,0x30,
	0x30,0x2e,0x28,0x24,0x25,0x26,0x69,0x69,0x69,0x6a,0x6a,0x6a,0xaa,0xaa,0xaa,0xaa,
	0xaa,0xaa,0xaa,0xaa,0xaa,0xaa,0xaa,0xaa,0xaa,0xaa,0xaa,0xaa,0xaa,0xaa,0xaa,0xaa,
	0x51,0x50,0x22,0x20,0x20,0x20,0x20,0x20,0x20,0x20,0x20,0x20,0x20,0x20,0x20,0x20,
	0x20,0x20,0x20,0x20,0x20,0x1f,0x32,0x31,0x31,0x31,0x30,0x2f,0x2f,0x2f,0x2f,0x2f,
	0x30,0x30,0x30,0x30,0x30,0x30,0x30,0x30,0x31,0x31,0x31,0x31,0x31,0x31,0x31,0x30,
	0x30,0x30,0x30,0x31,0x31,0x32,0x32,0x33,0x33,0x33,0x33,0x33,0x33,0x33,0x33,0x33,
	0x33,0x34,0x35,0x33,0x32,0x2f,0x17,0x17,0x17,0x17,0x17,0x17,0x16,0x16,0x16,0x16,
	0x16,0x16,0x16,0x16,0x15,0x16,0x25,0x28,0x28,0x27,0x29,0x2a,0x28,0x26,0x25,0x24,
	0x25,0x27,0x28,0x28,0x27,0x26,0x68,0x69,0x6a,0x6a,0x6a,0x6a,0xaa,0xaa,0xaa,0xaa,
	0xaa,0xaa,0xaa,0xaa,0xaa,0xaa,0xaa,0xaa,0xaa,0xaa,0xaa,0xaa,0xaa,0xaa,0xaa,0xaa,
	0x51,0x50,0x22,0x20,0x20,0x20,0x20,0x20,0x20,0x20,0x20,0x20,0x20,0x20,0x20,0x20,
	0x20,0x20,0x20,0x20,0x20,0x1f,0x32,0x31,0x31,0x31,0x30,0x2f,0x2f,0x2f,0x2f,0x2f,
	0x30,0x30,0x30,0x30,0x30,0x30,0x30,0x30,0x31,0x31,0x31,0x31,0x31,0x31,0x31,0x30,
	0x30,0x2f,0x30,0x30,0x31,0x32,0x32,0x32,0x33,0x33,0x33,0x33,0x34,0x34,0x35,0x35,
	0x32,0x32,0x36,0x34,0x31,0x2e,0x16,0x16,0x16,0x16,0x16,0x16,0x16,0x16,0x16,0x16,
	0x16,0x16,0x16,0x16,0x15,0x17,0x25,0x28,0x26,0x25,0x25,0x25,0x25,0x26,0x26,0x25,
	0x24,0x24,0x27,0x2b,0x29,0x25,0x68,0x68,0x6a,0x6a,0x6a,0x6a,0xaa,0xaa,0xaa,0xaa,
	0xaa,0xaa,0xaa,0xaa,0xaa,0xaa,0xaa,0xaa,0xaa,0xaa,0xaa,0xaa,0xaa,0xaa,0xaa,0xaa,
	0x50,0x4d,0x1c,0x1d,0x1e,0x20,0x20,0x21,0x21,0x21,0x21,0x21,0x21,0x21,0x21,0x21,
	0x21,0x21,0x21,0x21,0x1d,0x1f,0x32,0x34,0x34,0x34,0x33,0x33,0x33,0x33,0x33,0x32,
	0x31,0x30,0x30,0x30,0x30,0x30,0x30,0x30,0x30,0x30,0x30,0x30,0x2d,0x30,0x32,0x2d,
	0x30,0x30,0x30,0x31,0x31,0x32,0x32,0x32,0x33,0x32,0x33,0x34,0x35,0x35,0x36,0x35,
	0x35,0x35,0x32,0x32,0x30,0x31,0x29,0x2a,0x2b,0x29,0x1b,0x14,0x13,0x17,0x11,0x18,
	0x18,0x17,0x17,0x17,0x17,0x16,0x29,0x29,0x28,0x27,0x27,0x27,0x27,0x27,0x27,0x26,
	0x26,0x26,0x27,0x29,0x27,0x2a,0x69,0x68,0x6a,0x6a,0x6a,0x6a,0xaa,0xaa,0xaa,0xaa,
	0xaa,0xaa,0xaa,0xaa,0xaa,0xaa,0xaa,0xaa,0xaa,0xaa,0xaa,0xaa,0xaa,0xaa,0xaa,0xaa,
	0x51,0x4e,0x21,0x21,0x21,0x20,0x20,0x20,0x20,0x20,0x20,0x20,0x20,0x20,0x20,0x20,
	0x20,0x20,0x20,0x20,0x20,0x21,0x32,0x2f,0x2f,0x2f,0x2f,0x2f,0x2f,0x2f,0x2f,0x2f,
	0x30,0x30,0x30,0x30,0x30,0x30,0x30,0x30,0x30,0x30,0x30,0x30,0x2d,0x2f,0x2d,0x31,
	0x30,0x31,0x31,0x32,0x32,0x33,0x33,0x33,0x33,0x32,0x33,0x34,0x35,0x36,0x37,0x36,
	0x36,0x38,0x33,0x36,0x33,0x32,0x2f,0x2e,0x27,0x25,0x19,0x18,0x18,0x15,0x15,0x1c,
	0x19,0x17,0x15,0x14,0x12,0x15,0x28,0x29,0x29,0x29,0x29,0x29,0x29,0x29,0x29,0x29,
	0x29,0x29,0x29,0x29,0x27,0x2a,0x6a,0x6e,0x6a,0x6a,0x6a,0x6a,0xaa,0xaa,0xaa,0xaa,
	0xaa,0xaa,0xaa,0xaa,0xaa,0xaa,0xaa,0xaa,0xaa,0xaa,0xaa,0xaa,0xaa,0xaa,0xaa,0xaa,
	0x51,0x53,0x4b,0x53,0x52,0x51,0x50,0x50,0x50,0x50,0x50,0x50,0x50,0x50,0x50,0x50,
	0x50,0x50,0x50,0x50,0x53,0x56,0x89,0x90,0x90,0x90,0x90,0x90,0x90,0x90,0x90,0x90,
	0x91,0x91,0x91,0x91,0x91,0x91,0x91,0x91,0x91,0x91,0x91,0x91,0xd6,0xcf,0x94,0x95,
	0x99,0x99,0x99,0x9a,0x9b,0x9b,0x9c,0x9d,0x9e,0xa0,0xa1,0xa2,0xa3,0xa5,0xa6,0xa7,
	0xa9,0xaa,0x9f,0x9d,0x92,0x8d,0x8b,0x88,0x7a,0x79,0x6e,0x6f,0x61,0x5f,0x29,0x28,
	0x28,0x29,0x29,0x28,0x2e,0x27,0x69,0x6a,0x6a,0x6a,0x6a,0x6a,0x6a,0x6a,0x6a,0x6a,
	0x6a,0x6a,0x6a,0x6a,0x67,0x6b,0x6d,0x68,0x6a,0x6a,0x6a,0x6a,0xaa,0xaa,0xaa,0xaa,
	0xaa,0xaa,0xaa,0xaa,0xaa,0xaa,0xaa,0xaa,0xaa,0xaa,0xaa,0xaa,0xaa,0xaa,0xaa,0xaa,
	0x53,0x4f,0x52,0x4c,0x4d,0x4e,0x4e,0x4f,0x4f,0x4f,0x4f,0x4f,0x4f,0x4f,0x4f,0x4f,
	0x4f,0x4f,0x4f,0x4f,0x54,0x50,0x8d,0x8e,0x8e,0x8e,0x8e,0x8e,0x8e,0x8e,0x8e,0x8f,
	0x91,0x92,0x92,0x92,0x92,0x92,0x92,0x92,0x92,0x92,0x92,0x92,0xd2,0xd5,0x91,0x93,
	0x99,0x99,0x9a,0x9a,0x9b,0x9c,0x9c,0x9d,0x9f,0xa0,0xa1,0xa3,0xa4,0xa6,0xa7,0xa8,
	0xaa,0xa9,0xa2,0x9f,0x93,0x8f,0x8a,0x88,0x7a,0x77,0x69,0x6b,0x60,0x60,0x27,0x28,
	0x29,0x29,0x2a,0x2a,0x2d,0x25,0x6a,0x6a,0x6a,0x6a,0x6a,0x6a,0x6a,0x6a,0x6a,0x6a,
	0x6a,0x6a,0x6a,0x6a,0x6b,0x6f,0x69,0x67,0x6a,0x6a,0x6a,0x6a,0xaa,0xaa,0xaa,0xaa,
	0xaa,0xaa,0xaa,0xaa,0xaa,0xaa,0xaa,0xaa,0xaa,0xaa,0xaa,0xaa,0xaa,0xaa,0xaa,0xaa,
	0x52,0x51,0x51,0x50,0x50,0x50,0x50,0x51,0x51,0x51,0x51,0x51,0x51,0x51,0x51,0x51,
	0x51,0x51,0x52,0x50,0x50,0x50,0x91,0x90,0x91,0x91,0x91,0x91,0x91,0x91,0x91,0x91,
	0x91,0x91,0x91,0x91,0x91,0x91,0x91,0x91,0x91,0x91,0x91,0x92,0xd1,0xd2,0xd2,0xd2,
	0xd0,0xce,0x99,0x9a,0x98,0x9d,0x9b,0x9e,0xa0,0xa0,0xa1,0xa3,0xa4,0xa6,0xa7,0xa7,
	0xa9,0xa9,0x9d,0x9c,0x91,0x90,0x86,0x86,0x7a,0x78,0x6d,0x6d,0x60,0x60,0x55,0x53,
	0x4a,0x49,0x2f,0x2b,0x2d,0x29,0x6a,0x6a,0x6a,0x6a,0x6a,0x6a,0x6a,0x6a,0x6a,0x6a,
	0x6a,0x6a,0x6a,0x6a,0x6a,0x6b,0x6a,0x6a,0x6a,0x6a,0x6a,0x6a,0xaa,0xaa,0xaa,0xaa,
	0xaa,0xaa,0xaa,0xaa,0xaa,0xaa,0xaa,0xaa,0xaa,0xaa,0xaa,0xaa,0xaa,0xaa,0xaa,0xaa,
	0x52,0x51,0x51,0x51,0x51,0x51,0x51,0x51,0x51,0x51,0x51,0x51,0x51,0x51,0x51,0x51,
	0x51,0x51,0x52,0x50,0x50,0x50,0x91,0x90,0x91,0x91,0x91,0x91,0x91,0x91,0x91,0x91,
	0x91,0x91,0x91,0x91,0x91,0x91,0x91,0x91,0x91,0x91,0x91,0x92,0xd1,0xd2,0xd2,0xd2,
	0xd3,0xcd,0xa1,0x9a,0x9f,0x9a,0x9e,0xa1,0xa0,0xa0,0xa2,0xa3,0xa5,0xa6,0xa7,0xa7,
	0xa9,0xa9,0x9d,0x9c,0x91,0x90,0x86,0x86,0x7a,0x78,0x6d,0x6d,0x60,0x60,0x55,0x53,
	0x48,0x47,0x2d,0x2d,0x2c,0x2e,0x6a,0x6a,0x6a,0x6a,0x6a,0x6a,0x6a,0x6a,0x6a,0x6a,
	0x6a,0x6a,0x6a,0x6a,0x6a,0x6a,0x6a,0x6b,0x6a,0x6a,0x6a,0x6a,0xaa,0xaa,0xaa,0xaa,
	0xaa,0xaa,0xaa,0xaa,0xaa,0xaa,0xaa,0xaa,0xaa,0xaa,0xaa,0xaa,0xaa,0xaa,0xaa,0xaa,
	0x52,0x51,0x51,0x51,0x51,0x51,0x51,0x51,0x51,0x51,0x51,0x51,0x51,0x51,0x51,0x51,
	0x51,0x51,0x52,0x50,0x50,0x50,0x91,0x90,0x91,0x91,0x91,0x91,0x91,0x91,0x91,0x91,
	0x91,0x91,0x91,0x91,0x91,0x91,0x91,0x91,0x91,0x91,0x91,0x92,0xd1,0xd2,0xd2,0xd2,
	0xcf,0xcf,0xd2,0xd5,0xd2,0xd0,0xa0,0x9d,0xa0,0xa0,0xa2,0xa3,0xa5,0xa6,0xa7,0xa7,
	0xa9,0xa9,0x9d,0x9c,0x91,0x90,0x86,0x86,0x7a,0x78,0x6d,0x6d,0x60,0x60,0x55,0x53,
	0x47,0x47,0x3d,0x3c,0x2c,0x32,0x6a,0x6a,0x6a,0x6a,0x6a,0x6a,0x6a,0x6a,0x6a,0x6a,
	0x6a,0x6a,0x6a,0x6a,0x6a,0x6a,0x6a,0x6b,0x6a,0x6a,0x6a,0x6a,0xaa,0xaa,0xaa,0xaa,
	0xaa,0xaa,0xaa,0xaa,0xaa,0xaa,0xaa,0xaa,0xaa,0xaa,0xaa,0xaa,0xaa,0xaa,0xaa,0xaa,
	0x52,0x51,0x51,0x51,0x51,0x51,0x51,0x51,0x51,0x51,0x51,0x51,0x51,0x51,0x51,0x51,
	0x51,0x51,0x52,0x50,0x50,0x50,0x91,0x90,0x91,0x91,0x91,0x91,0x91,0x91,0x91,0x91,
	0x91,0x91,0x91,0x91,0x91,0x91,0x91,0x91,0x91,0x91,0x91,0x92,0xd1,0xd2,0xd2,0xd2,
	0xd3,0xd0,0xcf,0xd1,0xd6,0xcf,0x9c,0x9e,0xa0,0xa1,0xa2,0xa4,0xa5,0xa7,0xa7,0xa7,
	0xa9,0xa9,0x9d,0x9c,0x91,0x90,0x86,0x86,0x7a,0x78,0x6d,0x6d,0x60,0x60,0x55,0x53,
	0x48,0x48,0x43,0x39,0x2b,0x36,0x6a,0x6a,0x6a,0x6a,0x6a,0x6a,0x6a,0x6a,0x6a,0x6a,
	0x6a,0x6a,0x6a,0x6a,0x6a,0x6a,0x6a,0x6b,0x6a,0x6a,0x6a,0x6a,0xaa,0xaa,0xaa,0xaa,
	0xaa,0xaa,0xaa,0xaa,0xaa,0xaa,0xaa,0xaa,0xaa,0xaa,0xaa,0xaa,0xaa,0xaa,0xaa,0xaa,
	0x52,0x51,0x51,0x51,0x51,0x51,0x51,0x51,0x51,0x51,0x51,0x51,0x51,0x51,0x51,0x51,
	0x51,0x51,0x52,0x50,0x50,0x50,0x91,0x90,0x91,0x91,0x91,0x91,0x91,0x91,0x91,0x91,
	0x91,0x91,0x91,0x91,0x91,0x91,0x91,0x91,0x91,0x91,0x91,0x92,0xd1,0xd2,0xd2,0xd2,
	0xd2,0xd2,0xd2,0xd2,0xd2,0xd2,0xd2,0xd2,0xd1,0xd2,0xa2,0xa4,0xa2,0xa3,0xa9,0xaa,
	0xaa,0xa9,0x9d,0x9c,0x91,0x90,0x86,0x86,0x7a,0x78,0x6d,0x6d,0x60,0x60,0x55,0x53,
	0x48,0x49,0x41,0x3a,0x33,0x30,0x2a,0x2c,0x32,0x32,0x6a,0x69,0x6b,0x6b,0x69,0x6c,
	0x6b,0x6a,0x6a,0x6a,0x6a,0x6a,0x6a,0x6b,0x6a,0x6a,0x6a,0x6a,0xaa,0xaa,0xaa,0xaa,
	0xaa,0xaa,0xaa,0xaa,0xaa,0xaa,0xaa,0xaa,0xaa,0xaa,0xaa,0xaa,0xaa,0xaa,0xaa,0xaa,
	0x52,0x51,0x51,0x51,0x51,0x51,0x51,0x51,0x51,0x51,0x51,0x51,0x51,0x51,0x51,0x51,
	0x51,0x51,0x52,0x50,0x50,0x50,0x91,0x90,0x91,0x91,0x91,0x91,0x91,0x91,0x91,0x91,
	0x91,0x91,0x91,0x91,0x91,0x91,0x91,0x91,0x91,0x91,0x91,0x92,0xd1,0xd2,0xd2,0xd2,
	0xd2,0xd2,0xd2,0xd2,0xd2,0xd2,0xd2,0xd2,0xd6,0xd0,0xa7,0xa4,0xa7,0xa8,0xa6,0xaa,
	0xaa,0xa9,0x9d,0x9c,0x91,0x90,0x86,0x86,0x7a,0x78,0x6d,0x6d,0x60,0x60,0x55,0x53,
	0x49,0x4a,0x3f,0x3c,0x31,0x30,0x29,0x2b,0x30,0x33,0x66,0x6c,0x6c,0x69,0x6b,0x69,
	0x6a,0x6a,0x6a,0x6a,0x6a,0x6a,0x6a,0x6b,0x6a,0x6a,0x6a,0x6a,0xaa,0xaa,0xaa,0xaa,
	0xaa,0xaa,0xaa,0xaa,0xaa,0xaa,0xaa,0xaa,0xaa,0xaa,0xaa,0xaa,0xaa,0xaa,0xaa,0xaa,
	0x52,0x51,0x51,0x51,0x51,0x51,0x51,0x51,0x51,0x51,0x51,0x51,0x51,0x51,0x51,0x51,
	0x51,0x51,0x52,0x50,0x50,0x50,0x91,0x90,0x91,0x91,0x91,0x91,0x91,0x91,0x91,0x91,
	0x91,0x91,0x91,0x91,0x91,0x91,0x91,0x91,0x91,0x91,0x91,0x92,0xd1,0xd2,0xd2,0xd2,
	0xd2,0xd2,0xd2,0xd2,0xd2,0xd2,0xd2,0xd2,0xd1,0xd0,0xcf,0xcf,0xd0,0xcf,0xae,0xaa,
	0xaa,0xa9,0x9d,0x9c,0x91,0x90,0x86,0x86,0x7a,0x78,0x6d,0x6d,0x60,0x60,0x55,0x53,
	0x49,0x4a,0x3d,0x3c,0x32,0x32,0x2b,0x30,0x35,0x32,0x3b,0x38,0x3c,0x3d,0x63,0x6d,
	0x6b,0x6a,0x6a,0x6a,0x6a,0x6a,0x6a,0x6b,0x6a,0x6a,0x6a,0x6a,0xaa,0xaa,0xaa,0xaa,
	0xaa,0xaa,0xaa,0xaa,0xaa,0xaa,0xaa,0xaa,0xaa,0xaa,0xaa,0xaa,0xaa,0xaa,0xaa,0xaa,
	0x52,0x51,0x51,0x51,0x51,0x51,0x51,0x51,0x51,0x51,0x51,0x51,0x51,0x51,0x51,0x51,
	0x51,0x51,0x52,0x50,0x50,0x50,0x91,0x90,0x91,0x91,0x91,0x91,0x91,0x91,0x91,0x91,
	0x91,0x91,0x91,0x91,0x91,0x91,0x91,0x91,0x91,0x91,0x91,0x92,0xd1,0xd2,0xd2,0xd2,
	0xd2,0xd2,0xd2,0xd2,0xd2,0xd2,0xd2,0xd2,0xd2,0xce,0xd1,0xd5,0xd2,0xcf,0xa3,0xaa,
	0xaa,0xa9,0x9d,0x9c,0x91,0x90,0x86,0x86,0x7a,0x78,0x6d,0x6d,0x60,0x60,0x55,0x53,
	0x49,0x4a,0x3d,0x3d,0x31,0x31,0x2a,0x2e,0x38,0x30,0x34,0x34,0x3d,0x3d,0x6b,0x67,
	0x69,0x6a,0x6a,0x6a,0x6a,0x6a,0x6a,0x6b,0x6a,0x6a,0x6a,0x6a,0xaa,0xaa,0xaa,0xaa,
	0xaa,0xaa,0xaa,0xaa,0xaa,0xaa,0xaa,0xaa,0xaa,0xaa,0xaa,0xaa,0xaa,0xaa,0xaa,0xaa,
	0x52,0x51,0x51,0x51,0x51,0x51,0x51,0x51,0x51,0x51,0x51,0x51,0x51,0x51,0x51,0x51,
	0x51,0x51,0x52,0x50,0x50,0x50,0x91,0x90,0x91,0x91,0x91,0x91,0x91,0x91,0x91,0x91,
	0x91,0x91,0x91,0x91,0x91,0x91,0x91,0x91,0x91,0x91,0x91,0x92,0xd1,0xd2,0xd2,0xd2,
	0xd2,0xd2,0xd2,0xd2,0xd2,0xd2,0xd2,0xd2,0xd2,0xd2,0xd2,0xd2,0xd2,0xd2,0xd2,0xd2,
	0x29,0x28,0x9c,0x9b,0x8e,0x8a,0x86,0x85,0x79,0x78,0x6d,0x6d,0x60,0x60,0x55,0x53,
	0x49,0x49,0x3d,0x3e,0x31,0x30,0x2a,0x2d,0x32,0x32,0x37,0x37,0x3e,0x3f,0x43,0x44,
	0x4b,0x4e,0x69,0x6a,0x67,0x64,0x68,0x68,0x6a,0x6a,0x6a,0x6a,0xaa,0xaa,0xaa,0xaa,
	0xaa,0xaa,0xaa,0xaa,0xaa,0xaa,0xaa,0xaa,0xaa,0xaa,0xaa,0xaa,0xaa,0xaa,0xaa,0xaa,
	0x52,0x51,0x51,0x51,0x51,0x51,0x51,0x51,0x51,0x51,0x51,0x51,0x51,0x51,0x51,0x51,
	0x51,0x51,0x52,0x50,0x50,0x50,0x91,0x90,0x91,0x91,0x91,0x91,0x91,0x91,0x91,0x91,
	0x91,0x91,0x91,0x91,0x91,0x91,0x91,0x91,0x91,0x91,0x91,0x92,0xd1,0xd2,0xd2,0xd2,
	0xd2,0xd2,0xd2,0xd2,0xd2,0xd2,0xd2,0xd2,0xd2,0xd2,0xd2,0xd2,0xd2,0xd2,0xd2,0xd2,
	0x28,0x27,0x9f,0x9e,0x8f,0x8b,0x81,0x84,0x79,0x78,0x6d,0x6d,0x60,0x60,0x55,0x53,
	0x49,0x48,0x3e,0x3e,0x32,0x30,0x2b,0x2c,0x32,0x32,0x37,0x37,0x3e,0x3f,0x43,0x44,
	0x4b,0x4f,0x6b,0x67,0x6b,0x69,0x6e,0x6a,0x6a,0x6a,0x6a,0x6a,0xaa,0xaa,0xaa,0xaa,
	0xaa,0xaa,0xaa,0xaa,0xaa,0xaa,0xaa,0xaa,0xaa,0xaa,0xaa,0xaa,0xaa,0xaa,0xaa,0xaa,
	0x52,0x51,0x51,0x51,0x51,0x51,0x51,0x51,0x51,0x51,0x51,0x51,0x51,0x51,0x51,0x51,
	0x51,0x51,0x52,0x50,0x50,0x50,0x91,0x90,0x91,0x91,0x91,0x91,0x91,0x91,0x91,0x91,
	0x91,0x91,0x91,0x91,0x91,0x91,0x91,0x91,0x91,0x91,0x91,0x92,0xd1,0xd2,0xd2,0xd2,
	0xd2,0xd2,0xd2,0xd2,0xd2,0xd2,0xd2,0xd2,0xd2,0xd2,0xd2,0xd2,0xd2,0xd2,0xd2,0xd2,
	0x2c,0x29,0x28,0x2a,0x2a,0x2c,0x80,0x89,0x7b,0x78,0x6d,0x6d,0x60,0x60,0x55,0x53,
	0x49,0x48,0x3e,0x3e,0x32,0x30,0x2b,0x2c,0x32,0x32,0x37,0x37,0x3e,0x3f,0x43,0x44,
	0x49,0x4b,0x57,0x52,0x58,0x57,0x66,0x6b,0x6a,0x6a,0x6a,0x6a,0xaa,0xaa,0xaa,0xaa,
	0xaa,0xaa,0xaa,0xaa,0xaa,0xaa,0xaa,0xaa,0xaa,0xaa,0xaa,0xaa,0xaa,0xaa,0xaa,0xaa,
	0x52,0x51,0x51,0x51,0x51,0x51,0x51,0x51,0x51,0x51,0x51,0x51,0x51,0x51,0x51,0x51,
	0x51,0x51,0x52,0x50,0x50,0x50,0x91,0x90,0x91,0x91,0x91,0x91,0x91,0x91,0x91,0x91,
	0x91,0x91,0x91,0x91,0x91,0x91,0x91,0x91,0x91,0x91,0x91,0x92,0xd1,0xd2,0xd2,0xd2,
	0xd2,0xd2,0xd2,0xd2,0xd2,0xd2,0xd2,0xd2,0xd2,0xd2,0xd2,0xd2,0xd2,0xd2,0xd2,0xd2,
	0x2b,0x27,0x2a,0x30,0x26,0x29,0x86,0x83,0x78,0x78,0x6d,0x6d,0x60,0x60,0x55,0x53,
	0x49,0x48,0x3e,0x3e,0x32,0x30,0x2b,0x2c,0x32,0x32,0x37,0x37,0x3e,0x3f,0x43,0x44,
	0x47,0x4a,0x4e,0x50,0x59,0x58,0x68,0x6c,0x6b,0x6a,0x6a,0x6a,0xaa,0xaa,0xaa,0xaa,
	0xaa,0xaa,0xaa,0xaa,0xaa,0xaa,0xaa,0xaa,0xaa,0xaa,0xaa,0xaa,0xaa,0xaa,0xaa,0xaa,
	0x52,0x51,0x51,0x51,0x51,0x51,0x51,0x51,0x51,0x51,0x51,0x51,0x51,0x51,0x51,0x51,
	0x51,0x51,0x52,0x50,0x50,0x50,0x91,0x90,0x91,0x91,0x91,0x91,0x91,0x91,0x91,0x91,
	0x91,0x91,0x91,0x91,0x91,0x91,0x91,0x91,0x91,0x91,0x91,0x92,0xd1,0xd2,0xd2,0xd2,
	0xd2,0xd2,0xd2,0xd2,0xd2,0xd2,0xd2,0xd2,0xd2,0xd2,0xd2,0xd2,0xd2,0xd2,0xd2,0xd2,
	0x2a,0x28,0x2a,0x2d,0x2c,0x2c,0x2b,0x2b,0x2d,0x28,0x6e,0x70,0x61,0x5c,0x52,0x52,
	0x48,0x48,0x3e,0x3e,0x32,0x30,0x2b,0x2c,0x32,0x32,0x37,0x37,0x3e,0x3f,0x43,0x44,
	0x47,0x4a,0x4e,0x50,0x56,0x58,0x5d,0x5f,0x63,0x67,0x6a,0x69,0xa8,0xac,0xab,0xab,
	0xaa,0xaa,0xaa,0xaa,0xaa,0xaa,0xaa,0xaa,0xaa,0xaa,0xaa,0xaa,0xaa,0xaa,0xaa,0xaa,
	0x52,0x51,0x51,0x51,0x51,0x51,0x51,0x51,0x51,0x51,0x51,0x51,0x51,0x51,0x51,0x51,
	0x51,0x51,0x52,0x50,0x50,0x50,0x91,0x90,0x91,0x91,0x91,0x91,0x91,0x91,0x91,0x91,
	0x91,0x91,0x91,0x91,0x91,0x91,0x91,0x91,0x91,0x91,0x91,0x92,0xd1,0xd2,0xd2,0xd2,
	0xd2,0xd2,0xd2,0xd2,0xd2,0xd2,0xd2,0xd2,0xd2,0xd2,0xd2,0xd2,0xd2,0xd2,0xd2,0xd2,
	0x2a,0x28,0x2a,0x2a,0x2a,0x2a,0x29,0x2a,0x29,0x2a,0x6b,0x6e,0x60,0x5d,0x59,0x54,
	0x49,0x48,0x3e,0x3e,0x32,0x30,0x2b,0x2c,0x32,0x32,0x37,0x37,0x3e,0x3f,0x43,0x44,
	0x47,0x4a,0x4e,0x50,0x55,0x57,0x59,0x5b,0x61,0x64,0x6a,0x69,0xad,0xab,0xac,0xa9,
	0xaa,0xaa,0xaa,0xaa,0xaa,0xaa,0xaa,0xaa,0xaa,0xaa,0xaa,0xaa,0xaa,0xaa,0xaa,0xaa,
	0x52,0x51,0x51,0x51,0x51,0x51,0x51,0x51,0x51,0x51,0x51,0x51,0x51,0x51,0x51,0x51,
	0x51,0x51,0x52,0x50,0x50,0x50,0x91,0x90,0x91,0x91,0x91,0x91,0x91,0x91,0x91,0x91,
	0x91,0x91,0x91,0x91,0x91,0x91,0x91,0x91,0x91,0x91,0x91,0x92,0xd1,0xd2,0xd2,0xd2,
	0xd2,0xd2,0xd2,0xd2,0xd2,0xd2,0xd2,0xd2,0xd2,0xd2,0xd2,0xd2,0xd2,0xd2,0xd2,0xd2,
	0x29,0x29,0x2a,0x27,0x28,0x28,0x29,0x29,0x28,0x28,0x30,0x27,0x2d,0x2f,0x50,0x55,
	0x4a,0x48,0x3e,0x3e,0x32,0x30,0x2b,0x2c,0x32,0x32,0x37,0x37,0x3e,0x3f,0x43,0x44,
	0x47,0x4a,0x4e,0x50,0x54,0x56,0x59,0x5c,0x61,0x61,0x6a,0x68,0x68,0x6b,0xa4,0xa8,
	0xaa,0xaa,0xaa,0xaa,0xaa,0xaa,0xaa,0xaa,0xaa,0xaa,0xaa,0xaa,0xaa,0xaa,0xaa,0xaa,
	0x52,0x51,0x51,0x51,0x51,0x51,0x51,0x51,0x51,0x51,0x51,0x51,0x51,0x51,0x51,0x51,
	0x51,0x51,0x52,0x50,0x50,0x50,0x91,0x90,0x91,0x91,0x91,0x91,0x91,0x91,0x91,0x91,
	0x91,0x91,0x91,0x91,0x91,0x91,0x91,0x91,0x91,0x91,0x91,0x92,0xd1,0xd2,0xd2,0xd2,
	0xd2,0xd2,0xd2,0xd2,0xd2,0xd2,0xd2,0xd2,0xd2,0xd2,0xd2,0xd2,0xd2,0xd2,0xd2,0xd2,
	0x29,0x29,0x2a,0x27,0x28,0x29,0x29,0x29,0x28,0x28,0x29,0x29,0x25,0x27,0x58,0x55,
	0x4a,0x48,0x3e,0x3e,0x33,0x31,0x2c,0x2d,0x32,0x32,0x37,0x37,0x3e,0x3f,0x43,0x44,
	0x48,0x4a,0x4f,0x50,0x55,0x56,0x5a,0x5d,0x61,0x60,0x6a,0x68,0x66,0x68,0xad,0xa8,
	0xaa,0xaa,0xaa,0xaa,0xaa,0xaa,0xaa,0xaa,0xaa,0xaa,0xaa,0xaa,0xaa,0xaa,0xaa,0xaa,
	0x52,0x51,0x51,0x51,0x51,0x51,0x51,0x51,0x51,0x51,0x51,0x51,0x51,0x51,0x51,0x51,
	0x51,0x51,0x52,0x50,0x50,0x50,0x91,0x90,0x91,0x91,0x91,0x91,0x91,0x91,0x91,0x91,
	0x91,0x91,0x91,0x91,0x91,0x91,0x91,0x91,0x91,0x91,0x91,0x92,0xd1,0xd2,0xd2,0xd2,
	0xd2,0xd2,0xd2,0xd2,0xd2,0xd2,0xd2,0xd2,0xd2,0xd2,0xd2,0xd2,0xd2,0xd2,0xd2,0xd2,
	0x29,0x29,0x29,0x28,0x28,0x29,0x29,0x2a,0x29,0x29,0x29,0x29,0x29,0x29,0x29,0x29,
	0x2b,0x2a,0x3a,0x3c,0x34,0x31,0x2e,0x2e,0x31,0x32,0x37,0x37,0x3e,0x3f,0x43,0x44,
	0x49,0x4b,0x51,0x51,0x57,0x57,0x5b,0x5d,0x61,0x60,0x69,0x68,0x68,0x68,0x68,0x68,
	0x64,0x67,0xa7,0xa6,0xaa,0xab,0xb1,0xa6,0xaa,0xaa,0xaa,0xaa,0xaa,0xaa,0xaa,0xaa,
	0x52,0x51,0x51,0x51,0x51,0x51,0x51,0x51,0x51,0x51,0x51,0x51,0x51,0x51,0x51,0x51,
	0x51,0x51,0x52,0x50,0x50,0x50,0x91,0x90,0x91,0x91,0x91,0x91,0x91,0x91,0x91,0x91,
	0x91,0x91,0x91,0x91,0x91,0x91,0x91,0x91,0x91,0x91,0x91,0x92,0xd1,0xd2,0xd2,0xd2,
	0xd2,0xd2,0xd2,0xd2,0xd2,0xd2,0xd2,0xd2,0xd2,0xd2,0xd2,0xd2,0xd2,0xd2,0xd2,0xd2,
	0x29,0x29,0x29,0x29,0x29,0x29,0x29,0x29,0x29,0x29,0x29,0x29,0x29,0x29,0x29,0x29,
	0x2b,0x2d,0x3c,0x3b,0x33,0x30,0x2e,0x2d,0x30,0x32,0x36,0x37,0x3d,0x3f,0x43,0x44,
	0x4a,0x4b,0x52,0x51,0x58,0x57,0x5c,0x5e,0x60,0x60,0x69,0x68,0x68,0x68,0x68,0x68,
	0x66,0x63,0xa9,0xa6,0xa7,0xab,0xa9,0xa9,0xaa,0xaa,0xaa,0xaa,0xaa,0xaa,0xaa,0xaa,
	0x52,0x51,0x51,0x51,0x51,0x51,0x51,0x51,0x51,0x51,0x51,0x51,0x51,0x51,0x51,0x51,
	0x51,0x51,0x52,0x50,0x50,0x50,0x91,0x90,0x91,0x91,0x91,0x91,0x91,0x91,0x91,0x91,
	0x91,0x91,0x91,0x91,0x91,0x91,0x91,0x91,0x91,0x91,0x91,0x92,0xd1,0xd2,0xd2,0xd2,
	0xd2,0xd2,0xd2,0xd2,0xd2,0xd2,0xd2,0xd2,0xd2,0xd2,0xd2,0xd2,0xd2,0xd2,0xd2,0xd2,
	0x29,0x29,0x29,0x29,0x29,0x29,0x29,0x29,0x29,0x29,0x29,0x29,0x29,0x29,0x29,0x29,
	0x2c,0x2b,0x29,0x29,0x2b,0x2b,0x2a,0x2d,0x30,0x32,0x36,0x37,0x3d,0x3f,0x42,0x44,
	0x49,0x4a,0x51,0x51,0x57,0x57,0x5b,0x5d,0x60,0x60,0x68,0x68,0x68,0x68,0x68,0x68,
	0x66,0x64,0x62,0x61,0x60,0x65,0xa8,0xaa,0xaa,0xaa,0xaa,0xaa,0xaa,0xaa,0xaa,0xaa,
	0x52,0x51,0x51,0x51,0x51,0x51,0x51,0x51,0x51,0x51,0x51,0x51,0x51,0x51,0x51,0x51,
	0x51,0x51,0x52,0x50,0x50,0x50,0x91,0x90,0x91,0x91,0x91,0x91,0x91,0x91,0x91,0x91,
	0x91,0x91,0x91,0x91,0x91,0x91,0x91,0x91,0x91,0x91,0x91,0x92,0xd1,0xd2,0xd2,0xd2,
	0xd2,0xd2,0xd2,0xd2,0xd2,0xd2,0xd2,0xd2,0xd2,0xd2,0xd2,0xd2,0xd2,0xd2,0xd2,0xd2,
	0x29,0x29,0x29,0x29,0x29,0x29,0x29,0x29,0x29,0x29,0x29,0x29,0x29,0x29,0x29,0x29,
	0x2a,0x2a,0x21,0x2b,0x2b,0x2a,0x2b,0x2c,0x30,0x32,0x36,0x37,0x3c,0x3f,0x42,0x44,
	0x49,0x4a,0x51,0x51,0x57,0x57,0x5b,0x5d,0x60,0x60,0x68,0x69,0x69,0x68,0x68,0x68,
	0x69,0x63,0x64,0x65,0x5d,0x63,0xa9,0xad,0xaa,0xaa,0xaa,0xaa,0xaa,0xaa,0xaa,0xaa,
	0x52,0x51,0x51,0x51,0x51,0x51,0x51,0x51,0x51,0x51,0x51,0x51,0x51,0x51,0x51,0x51,
	0x51,0x51,0x52,0x50,0x50,0x50,0x91,0x90,0x91,0x91,0x91,0x91,0x91,0x91,0x91,0x91,
	0x91,0x91,0x91,0x91,0x91,0x91,0x91,0x91,0x91,0x91,0x91,0x92,0xd1,0xd2,0xd2,0xd2,
	0xd2,0xd2,0xd2,0xd2,0xd2,0xd2,0xd2,0xd2,0xd2,0xd2,0xd2,0xd2,0xd2,0xd2,0xd2,0xd2,
	0x29,0x29,0x29,0x29,0x29,0x29,0x29,0x29,0x29,0x29,0x29,0x29,0x29,0x29,0x29,0x29,
	0x29,0x29,0x29,0x29,0x29,0x29,0x68,0x68,0x68,0x6a,0x39,0x38,0x3f,0x40,0x43,0x45,
	0x49,0x4a,0x51,0x50,0x57,0x56,0x5b,0x5d,0x60,0x60,0x68,0x69,0x69,0x68,0x68,0x68,
	0x67,0x63,0x62,0x61,0x60,0x5f,0x5f,0x5e,0x5a,0x5c,0xaa,0xa9,0xa5,0xaa,0xae,0xaa,
	0x52,0x51,0x51,0x51,0x51,0x51,0x51,0x51,0x51,0x51,0x51,0x51,0x51,0x51,0x51,0x51,
	0x51,0x51,0x52,0x50,0x50,0x50,0x91,0x90,0x91,0x91,0x91,0x91,0x91,0x91,0x91,0x91,
	0x91,0x91,0x91,0x91,0x91,0x91,0x91,0x91,0x91,0x91,0x91,0x92,0xd1,0xd2,0xd2,0xd2,
	0xd2,0xd2,0xd2,0xd2,0xd2,0xd2,0xd2,0xd2,0xd2,0xd2,0xd2,0xd2,0xd2,0xd2,0xd2,0xd2,
	0x29,0x29,0x29,0x29,0x29,0x29,0x29,0x29,0x29,0x29,0x29,0x29,0x29,0x29,0x29,0x29,
	0x29,0x29,0x29,0x29,0x2a,0x2c,0x6c,0x67,0x6e,0x67,0x3a,0x36,0x40,0x44,0x3f,0x44,
	0x49,0x4a,0x51,0x50,0x57,0x56,0x5b,0x5d,0x60,0x60,0x68,0x69,0x69,0x68,0x68,0x68,
	0x67,0x64,0x63,0x62,0x60,0x5f,0x5e,0x5d,0x5e,0x59,0xac,0xad,0xa9,0xac,0xa7,0xa6,
	0x52,0x51,0x51,0x51,0x51,0x51,0x51,0x51,0x51,0x51,0x51,0x51,0x51,0x51,0x51,0x51,
	0x51,0x51,0x52,0x50,0x50,0x50,0x91,0x90,0x91,0x91,0x91,0x91,0x91,0x91,0x91,0x91,
	0x91,0x91,0x91,0x91,0x91,0x91,0x91,0x91,0x91,0x91,0x91,0x92,0xd1,0xd2,0xd2,0xd2,
	0xd2,0xd2,0xd2,0xd2,0xd2,0xd2,0xd2,0xd2,0xd2,0xd2,0xd2,0xd2,0xd2,0xd2,0xd2,0xd2,
	0x29,0x29,0x29,0x29,0x29,0x29,0x29,0x29,0x29,0x29,0x29,0x29,0x29,0x29,0x29,0x29,
	0x29,0x29,0x2a,0x29,0x26,0x28,0x69,0x6c,0x6e,0x68,0x65,0x6a,0x69,0x68,0x48,0x48,
	0x49,0x4a,0x50,0x50,0x56,0x56,0x5b,0x5d,0x60,0x60,0x68,0x69,0x69,0x68,0x68,0x68,
	0x67,0x65,0x63,0x62,0x60,0x5e,0x5c,0x5b,0x5e,0x5e,0x5a,0x58,0x56,0x55,0xa7,0xac,
	0x52,0x51,0x51,0x51,0x51,0x51,0x51,0x51,0x51,0x51,0x51,0x51,0x51,0x51,0x51,0x51,
	0x51,0x51,0x52,0x50,0x50,0x50,0x91,0x90,0x91,0x91,0x91,0x91,0x91,0x91,0x91,0x91,
	0x91,0x91,0x91,0x91,0x91,0x91,0x91,0x91,0x91,0x91,0x91,0x92,0xd1,0xd2,0xd2,0xd2,
	0xd2,0xd2,0xd2,0xd2,0xd2,0xd2,0xd2,0xd2,0xd2,0xd2,0xd2,0xd2,0xd2,0xd2,0xd2,0xd2,
	0x29,0x29,0x29,0x29,0x29,0x29,0x29,0x29,0x29,0x29,0x29,0x29,0x29,0x29,0x29,0x29,
	0x29,0x29,0x2a,0x29,0x2b,0x23,0x69,0x68,0x67,0x66,0x69,0x6b,0x69,0x6b,0x3f,0x41,
	0x49,0x4a,0x50,0x50,0x56,0x56,0x5b,0x5d,0x60,0x61,0x68,0x69,0x69,0x68,0x68,0x68,
	0x67,0x65,0x63,0x63,0x60,0x5e,0x5c,0x5b,0x5b,0x5c,0x56,0x5c,0x57,0x53,0xa9,0xa8,
	0x52,0x51,0x51,0x51,0x51,0x51,0x51,0x51,0x51,0x51,0x51,0x51,0x51,0x51,0x51,0x51,
	0x51,0x51,0x52,0x50,0x50,0x50,0x91,0x90,0x91,0x91,0x91,0x91,0x91,0x91,0x91,0x91,
	0x91,0x91,0x91,0x91,0x91,0x91,0x91,0x91,0x91,0x91,0x91,0x92,0xd1,0xd2,0xd2,0xd2,
	0xd2,0xd2,0xd2,0xd2,0xd2,0xd2,0xd2,0xd2,0xd2,0xd2,0xd2,0xd2,0xd2,0xd2,0xd2,0xd2,
	0x29,0x29,0x29,0x29,0x29,0x29,0x29,0x29,0x29,0x29,0x29,0x29,0x29,0x29,0x29,0x28,
	0x29,0x29,0x2a,0x2a,0x29,0x29,0x6a,0x6b,0x6a,0x6a,0x6a,0x6a,0x6a,0x6a,0x6a,0x6a,
	0x6a,0x6b,0x53,0x4b,0x56,0x57,0x5b,0x5d,0x60,0x62,0x67,0x69,0x69,0x68,0x68,0x67,
	0x66,0x64,0x64,0x63,0x60,0x5f,0x5d,0x5c,0x5c,0x5a,0x59,0x58,0x57,0x56,0x55,0x54,
	0x52,0x51,0x51,0x51,0x51,0x51,0x51,0x51,0x51,0x51,0x51,0x51,0x51,0x51,0x51,0x51,
	0x51,0x51,0x52,0x50,0x50,0x50,0x91,0x90,0x91,0x91,0x91,0x91,0x91,0x91,0x91,0x91,
	0x91,0x91,0x91,0x91,0x91,0x91,0x91,0x91,0x91,0x91,0x91,0x92,0xd1,0xd2,0xd2,0xd2,
	0xd2,0xd2,0xd2,0xd2,0xd2,0xd2,0xd2,0xd2,0xd2,0xd2,0xd2,0xd2,0xd2,0xd2,0xd2,0xd2,
	0x29,0x29,0x29,0x29,0x29,0x29,0x29,0x29,0x29,0x29,0x29,0x29,0x29,0x29,0x29,0x28,
	0x29,0x29,0x2b,0x2a,0x29,0x29,0x6a,0x6b,0x6a,0x6a,0x6a,0x6a,0x6a,0x6a,0x6a,0x6a,
	0x66,0x6a,0x53,0x51,0x5a,0x5b,0x5b,0x5c,0x61,0x64,0x67,0x69,0x69,0x68,0x68,0x67,
	0x66,0x64,0x63,0x63,0x60,0x5f,0x5d,0x5c,0x5c,0x5a,0x59,0x58,0x57,0x56,0x55,0x54,
	0x52,0x51,0x51,0x51,0x51,0x51,0x51,0x51,0x51,0x51,0x51,0x51,0x51,0x51,0x51,0x51,
	0x51,0x51,0x52,0x50,0x50,0x50,0x91,0x90,0x91,0x91,0x91,0x91,0x91,0x91,0x91,0x91,
	0x91,0x91,0x91,0x91,0x91,0x91,0x91,0x91,0x91,0x91,0x91,0x92,0xd1,0xd2,0xd2,0xd2,
	0xd2,0xd2,0xd2,0xd2,0xd2,0xd2,0xd2,0xd2,0xd2,0xd2,0xd2,0xd2,0xd2,0xd2,0xd2,0xd2,
	0x29,0x29,0x29,0x29,0x29,0x29,0x29,0x29,0x29,0x29,0x29,0x29,0x29,0x29,0x29,0x28,
	0x29,0x29,0x2b,0x2a,0x29,0x29,0x6a,0x6b,0x6a,0x6a,0x6a,0x6a,0x6a,0x6a,0x6a,0x6a,
	0x69,0x70,0x6a,0x6f,0x69,0x65,0x5f,0x5a,0x61,0x64,0x67,0x69,0x69,0x68,0x68,0x67,
	0x66,0x64,0x63,0x63,0x60,0x5f,0x5d,0x5c,0x5c,0x5a,0x59,0x58,0x57,0x56,0x55,0x54,
	0x52,0x51,0x51,0x51,0x51,0x51,0x51,0x51,0x51,0x51,0x51,0x51,0x51,0x51,0x51,0x51,
	0x51,0x51,0x52,0x50,0x50,0x50,0x91,0x90,0x91,0x91,0x91,0x91,0x91,0x91,0x91,0x91,
	0x91,0x91,0x91,0x91,0x91,0x91,0x91,0x91,0x91,0x91,0x91,0x92,0xd1,0xd2,0xd2,0xd2,
	0xd2,0xd2,0xd2,0xd2,0xd2,0xd2,0xd2,0xd2,0xd2,0xd2,0xd2,0xd2,0xd2,0xd2,0xd2,0xd2,
	0x29,0x29,0x29,0x29,0x29,0x29,0x29,0x29,0x29,0x29,0x29,0x29,0x29,0x29,0x29,0x28,
	0x29,0x29,0x2b,0x2a,0x29,0x29,0x6a,0x6b,0x6a,0x6a,0x6a,0x6a,0x6a,0x6a,0x6a,0x6a,
	0x69,0x6a,0x69,0x6a,0x6a,0x66,0x5f,0x5b,0x63,0x66,0x68,0x6a,0x69,0x68,0x68,0x67,
	0x66,0x64,0x63,0x63,0x60,0x5f,0x5d,0x5c,0x5c,0x5a,0x59,0x58,0x57,0x56,0x55,0x54,
	0x52,0x51,0x51,0x51,0x51,0x51,0x51,0x51,0x51,0x51,0x51,0x51,0x51,0x51,0x51,0x51,
	0x51,0x51,0x52,0x50,0x50,0x50,0x91,0x90,0x91,0x91,0x91,0x91,0x91,0x91,0x91,0x91,
	0x91,0x91,0x91,0x91,0x91,0x91,0x91,0x91,0x91,0x91,0x91,0x92,0xd1,0xd2,0xd2,0xd2,
	0xd2,0xd2,0xd2,0xd2,0xd2,0xd2,0xd2,0xd2,0xd2,0xd2,0xd2,0xd2,0xd2,0xd2,0xd2,0xd2,
	0x29,0x29,0x29,0x29,0x29,0x29,0x29,0x29,0x29,0x29,0x29,0x29,0x29,0x29,0x29,0x28,
	0x29,0x29,0x2b,0x2a,0x29,0x29,0x6a,0x6b,0x6a,0x6a,0x6a,0x6a,0x6a,0x6a,0x6a,0x6a,
	0x6a,0x6a,0x6a,0x6a,0x6a,0x6a,0x6a,0x6a,0x6a,0x6a,0x6a,0x6a,0x6b,0x67,0x68,0x68,
	0x65,0x64,0x63,0x63,0x60,0x5f,0x5d,0x5c,0x5c,0x5a,0x59,0x58,0x57,0x56,0x55,0x54,
	0x52,0x51,0x51,0x51,0x51,0x51,0x51,0x51,0x51,0x51,0x51,0x51,0x51,0x51,0x51,0x51,
	0x51,0x51,0x52,0x50,0x50,0x50,0x91,0x90,0x91,0x91,0x91,0x91,0x91,0x91,0x91,0x91,
	0x91,0x91,0x91,0x91,0x91,0x91,0x91,0x91,0x91,0x91,0x91,0x92,0xd1,0xd2,0xd2,0xd2,
	0xd2,0xd2,0xd2,0xd2,0xd2,0xd2,0xd2,0xd2,0xd2,0xd2,0xd2,0xd2,0xd2,0xd2,0xd2,0xd2,
	0x29,0x29,0x29,0x29,0x29,0x29,0x29,0x29,0x29,0x29,0x29,0x29,0x29,0x29,0x29,0x28,
	0x29,0x29,0x2b,0x2a,0x29,0x29,0x6a,0x6b,0x6a,0x6a,0x6a,0x6a,0x6a,0x6a,0x6a,0x6a,
	0x6a,0x6a,0x6a,0x6a,0x6a,0x6a,0x6a,0x6a,0x6a,0x6a,0x6a,0x6a,0x65,0x68,0x66,0x68,
	0x65,0x64,0x63,0x63,0x60,0x5f,0x5d,0x5c,0x5c,0x5a,0x59,0x58,0x57,0x56,0x55,0x54,
	0x52,0x51,0x51,0x51,0x51,0x51,0x51,0x51,0x51,0x51,0x51,0x51,0x51,0x51,0x51,0x51,
	0x51,0x51,0x52,0x50,0x50,0x50,0x91,0x90,0x91,0x91,0x91,0x91,0x91,0x91,0x91,0x91,
	0x91,0x91,0x91,0x91,0x91,0x91,0x91,0x91,0x91,0x91,0x91,0x92,0xd1,0xd2,0xd2,0xd2,
	0xd2,0xd2,0xd2,0xd2,0xd2,0xd2,0xd2,0xd2,0xd2,0xd2,0xd2,0xd2,0xd2,0xd2,0xd2,0xd2,
	0x29,0x29,0x29,0x29,0x29,0x29,0x29,0x29,0x29,0x29,0x29,0x29,0x29,0x29,0x29,0x28,
	0x29,0x29,0x2b,0x2a,0x29,0x29,0x6a,0x6b,0x6a,0x6a,0x6a,0x6a,0x6a,0x6a,0x6a,0x6a,
	0x6a,0x6a,0x6a,0x6a,0x6a,0x6a,0x6a,0x6a,0x6a,0x6a,0x6a,0x6a,0xaa,0xa7,0x6d,0x69,
	0x65,0x64,0x63,0x63,0x60,0x5f,0x5d,0x5c,0x5c,0x5a,0x59,0x58,0x57,0x56,0x55,0x54,
	0x52,0x51,0x51,0x51,0x51,0x51,0x51,0x51,0x51,0x51,0x51,0x51,0x51,0x51,0x51,0x51,
	0x51,0x51,0x52,0x50,0x50,0x50,0x91,0x90,0x91,0x91,0x91,0x91,0x91,0x91,0x91,0x91,
	0x91,0x91,0x91,0x91,0x91,0x91,0x91,0x91,0x91,0x91,0x91,0x92,0xd1,0xd2,0xd2,0xd2,
	0xd2,0xd2,0xd2,0xd2,0xd2,0xd2,0xd2,0xd2,0xd2,0xd2,0xd2,0xd2,0xd2,0xd2,0xd2,0xd2,
	0x29,0x29,0x29,0x29,0x29,0x29,0x29,0x29,0x29,0x29,0x29,0x29,0x29,0x29,0x29,0x28,
	0x29,0x29,0x2b,0x2a,0x29,0x29,0x6a,0x6b,0x6a,0x6a,0x6a,0x6a,0x6a,0x6a,0x6a,0x6a,
	0x6a,0x6a,0x6a,0x6a,0x6a,0x6a,0x6a,0x6a,0x6a,0x6a,0x6a,0x6a,0xac,0xa9,0x63,0x69,
	0x65,0x64,0x63,0x63,0x60,0x5f,0x5d,0x5c,0x5c,0x5a,0x59,0x58,0x57,0x56,0x55,0x54,
	0x52,0x51,0x51,0x51,0x51,0x51,0x51,0x51,0x51,0x51,0x51,0x51,0x51,0x51,0x51,0x51,
	0x51,0x51,0x52,0x50,0x50,0x50,0x91,0x90,0x91,0x91,0x91,0x91,0x91,0x91,0x91,0x91,
	0x91,0x91,0x91,0x91,0x91,0x91,0x91,0x91,0x91,0x91,0x91,0x92,0xd1,0xd2,0xd2,0xd2,
	0xd2,0xd2,0xd2,0xd2,0xd2,0xd2,0xd2,0xd2,0xd2,0xd2,0xd2,0xd2,0xd2,0xd2,0xd2,0xd2,
	0x29,0x29,0x29,0x29,0x29,0x29,0x29,0x29,0x29,0x29,0x29,0x29,0x29,0x29,0x29,0x28,
	0x29,0x29,0x2b,0x2a,0x29,0x29,0x6a,0x6b,0x6a,0x6a,0x6a,0x6a,0x6a,0x6a,0x6a,0x6a,
	0x6a,0x6a,0x6a,0x6a,0x6a,0x6a,0x6a,0x6a,0x6a,0x6a,0x6a,0x6b,0xaa,0xab,0xab,0xab,
	0xac,0xa6,0x64,0x63,0x5e,0x5e,0x56,0x5f,0x5b,0x5a,0x59,0x58,0x57,0x56,0x55,0x54,
	0x52,0x51,0x51,0x51,0x51,0x51,0x51,0x51,0x51,0x51,0x51,0x51,0x51,0x51,0x51,0x51,
	0x51,0x51,0x52,0x50,0x50,0x50,0x91,0x90,0x91,0x91,0x91,0x91,0x91,0x91,0x91,0x91,
	0x91,0x91,0x91,0x91,0x91,0x91,0x91,0x91,0x91,0x91,0x91,0x92,0xd1,0xd2,0xd2,0xd2,
	0xd2,0xd2,0xd2,0xd2,0xd2,0xd2,0xd2,0xd2,0xd2,0xd2,0xd2,0xd2,0xd2,0xd2,0xd2,0xd2,
	0x29,0x29,0x29,0x29,0x29,0x29,0x29,0x29,0x29,0x29,0x29,0x29,0x29,0x29,0x29,0x28,
	0x29,0x29,0x2b,0x2a,0x29,0x29,0x6a,0x6b,0x6a,0x6a,0x6a,0x6a,0x6a,0x6a,0x6a,0x6a,
	0x6a,0x6a,0x6a,0x6a,0x6a,0x6a,0x6a,0x6a,0x6a,0x6a,0x6a,0x6b,0xaa,0xab,0xab,0xab,
	0xaa,0xab,0x63,0x64,0x5e,0x60,0x5d,0x5c,0x5b,0x5a,0x59,0x58,0x57,0x56,0x55,0x54,
	0x52,0x51,0x51,0x51,0x51,0x51,0x51,0x51,0x51,0x51,0x51,0x51,0x51,0x51,0x51,0x51,
	0x51,0x51,0x52,0x50,0x50,0x50,0x91,0x90,0x91,0x91,0x91,0x91,0x91,0x91,0x91,0x91,
	0x91,0x91,0x91,0x91,0x91,0x91,0x91,0x91,0x91,0x91,0x91,0x92,0xd1,0xd2,0xd2,0xd2,
	0xd2,0xd2,0xd2,0xd2,0xd2,0xd2,0xd2,0xd2,0xd2,0xd2,0xd2,0xd2,0xd2,0xd2,0xd2,0xd2,
	0x29,0x29,0x29,0x29,0x29,0x29,0x29,0x29,0x29,0x29,0x29,0x29,0x29,0x29,0x29,0x28,
	0x29,0x29,0x2b,0x2a,0x29,0x29,0x6a,0x6b,0x6a,0x6a,0x6a,0x6a,0x6a,0x6a,0x6a,0x6a,
	0x6a,0x6a,0x6a,0x6a,0x6a,0x6a,0x6a,0x6a,0x6a,0x6a,0x6a,0x6b,0xaa,0xab,0xab,0xab,
	0xab,0xab,0xab,0xab,0xa5,0xa9,0x5f,0x5a,0x5b,0x5a,0x59,0x58,0x57,0x56,0x55,0x54,
	0x52,0x51,0x51,0x51,0x51,0x51,0x51,0x51,0x51,0x51,0x51,0x51,0x51,0x51,0x51,0x51,
	0x51,0x51,0x52,0x50,0x50,0x50,0x91,0x90,0x91,0x91,0x91,0x91,0x91,0x91,0x91,0x91,
	0x91,0x91,0x91,0x91,0x91,0x91,0x91,0x91,0x91,0x91,0x91,0x92,0xd1,0xd2,0xd2,0xd2,
	0xd2,0xd2,0xd2,0xd2,0xd2,0xd2,0xd2,0xd2,0xd2,0xd2,0xd2,0xd2,0xd2,0xd2,0xd2,0xd2,
	0x29,0x29,0x29,0x29,0x29,0x29,0x29,0x29,0x29,0x29,0x29,0x29,0x29,0x29,0x29,0x28,
	0x29,0x29,0x2b,0x2a,0x29,0x29,0x6a,0x6b,0x6a,0x6a,0x6a,0x6a,0x6a,0x6a,0x6a,0x6a,
	0x6a,0x6a,0x6a,0x6a,0x6a,0x6a,0x6a,0x6a,0x6a,0x6a,0x6a,0x6b,0xaa,0xab,0xab,0xab,
	0xa9,0xad,0xab,0xaa,0xa9,0xac,0x5f,0x59,0x5b,0x5a,0x59,0x58,0x57,0x56,0x55,0x54,
	0x52,0x51,0x51,0x51,0x51,0x51,0x51,0x51,0x51,0x51,0x51,0x51,0x51,0x51,0x51,0x51,
	0x51,0x51,0x52,0x50,0x50,0x50,0x91,0x90,0x91,0x91,0x91,0x91,0x91,0x91,0x91,0x91,
	0x91,0x91,0x91,0x91,0x91,0x91,0x91,0x91,0x91,0x91,0x91,0x92,0xd1,0xd2,0xd2,0xd2,
	0xd2,0xd2,0xd2,0xd2,0xd2,0xd2,0xd2,0xd2,0xd2,0xd2,0xd2,0xd2,0xd2,0xd2,0xd2,0xd2,
	0x29,0x29,0x29,0x29,0x29,0x29,0x29,0x29,0x29,0x29,0x29,0x29,0x29,0x29,0x29,0x28,
	0x29,0x29,0x2b,0x2a,0x29,0x29,0x6a,0x6b,0x6a,0x6a,0x6a,0x6a,0x6a,0x6a,0x6a,0x6a,
	0x6a,0x6a,0x6a,0x6a,0x6a,0x6a,0x6a,0x6a,0x6a,0x6a,0x6a,0x6b,0xaa,0xab,0xab,0xab,
	0xab,0xab,0xab,0xab,0xab,0xab,0xab,0xab,0xae,0xa9,0x5a,0x5b,0x58,0x58,0x4e,0x57,
	0x52,0x51,0x51,0x51,0x51,0x51,0x51,0x51,0x51,0x51,0x51,0x51,0x51,0x51,0x51,0x51,
	0x51,0x51,0x52,0x50,0x50,0x50,0x91,0x90,0x91,0x91,0x91,0x91,0x91,0x91,0x91,0x91,
	0x91,0x91,0x91,0x91,0x91,0x91,0x91,0x91,0x91,0x91,0x91,0x92,0xd1,0xd2,0xd2,0xd2,
	0xd2,0xd2,0xd2,0xd2,0xd2,0xd2,0xd2,0xd2,0xd2,0xd2,0xd2,0xd2,0xd2,0xd2,0xd2,0xd2,
	0x29,0x29,0x29,0x29,0x29,0x29,0x29,0x29,0x29,0x29,0x29,0x29,0x29,0x29,0x29,0x28,
	0x29,0x29,0x2b,0x2a,0x29,0x29,0x6a,0x6b,0x6a,0x6a,0x6a,0x6a,0x6a,0x6a,0x6a,0x6a,
	0x6a,0x6a,0x6a,0x6a,0x6a,0x6a,0x6a,0x6a,0x6a,0x6a,0x6a,0x6b,0xaa,0xab,0xab,0xab,
	0xab,0xab,0xab,0xab,0xab,0xab,0xab,0xab,0xa9,0xaf,0x5a,0x58,0x5a,0x5a,0x55,0x55,
	0x52,0x51,0x51,0x51,0x51,0x51,0x51,0x51,0x51,0x51,0x51,0x51,0x51,0x51,0x51,0x51,
	0x51,0x51,0x52,0x50,0x50,0x50,0x91,0x90,0x91,0x91,0x91,0x91,0x91,0x91,0x91,0x91,
	0x91,0x91,0x91,0x91,0x91,0x91,0x91,0x91,0x91,0x91,0x91,0x92,0xd1,0xd2,0xd2,0xd2,
	0xd2,0xd2,0xd2,0xd2,0xd2,0xd2,0xd2,0xd2,0xd2,0xd2,0xd2,0xd2,0xd2,0xd2,0xd2,0xd2,
	0x29,0x29,0x29,0x29,0x29,0x29,0x29,0x29,0x29,0x29,0x29,0x29,0x29,0x29,0x29,0x28,
	0x29,0x29,0x2b,0x2a,0x29,0x29,0x6a,0x6b,0x6a,0x6a,0x6a,0x6a,0x6a,0x6a,0x6a,0x6a,
	0x6a,0x6a,0x6a,0x6a,0x6a,0x6a,0x6a,0x6a,0x6a,0x6a,0x6a,0x6b,0xaa,0xab,0xab,0xab,
	0xab,0xab,0xab,0xab,0xab,0xab,0xab,0xab,0xa8,0xa8,0xab,0xae,0xa9,0xa7,0x58,0x53,
	0x52,0x51,0x51,0x51,0x51,0x51,0x51,0x51,0x51,0x51,0x51,0x51,0x51,0x51,0x51,0x51,
	0x51,0x51,0x52,0x50,0x50,0x50,0x91,0x90,0x91,0x91,0x91,0x91,0x91,0x91,0x91,0x91,
	0x91,0x91,0x91,0x91,0x91,0x91,0x91,0x91,0x91,0x91,0x91,0x92,0xd1,0xd2,0xd2,0xd2,
	0xd2,0xd2,0xd2,0xd2,0xd2,0xd2,0xd2,0xd2,0xd2,0xd2,0xd2,0xd2,0xd2,0xd2,0xd2,0xd2,
	0x29,0x29,0x29,0x29,0x29,0x29,0x29,0x29,0x29,0x29,0x29,0x29,0x29,0x29,0x29,0x28,
	0x29,0x29,0x2b,0x2a,0x29,0x29,0x6a,0x6b,0x6a,0x6a,0x6a,0x6a,0x6a,0x6a,0x6a,0x6a,
	0x6a,0x6a,0x6a,0x6a,0x6a,0x6a,0x6a,0x6a,0x6a,0x6a,0x6a,0x6b,0xaa,0xab,0xab,0xab,
	0xab,0xab,0xab,0xab,0xab,0xab,0xab,0xab,0xa9,0xa8,0xac,0xa7,0xae,0xaa,0x58,0x53,
	0x52,0x51,0x51,0x51,0x51,0x51,0x51,0x51,0x51,0x51,0x51,0x51,0x51,0x51,0x51,0x51,
	0x51,0x51,0x52,0x50,0x50,0x50,0x91,0x90,0x91,0x91,0x91,0x91,0x91,0x91,0x91,0x91,
	0x91,0x91,0x91,0x91,0x91,0x91,0x91,0x91,0x91,0x91,0x91,0x92,0xd1,0xd2,0xd2,0xd2,
	0xd2,0xd2,0xd2,0xd2,0xd2,0xd2,0xd2,0xd2,0xd2,0xd2,0xd2,0xd2,0xd2,0xd2,0xd2,0xd2,
	0x29,0x29,0x29,0x29,0x29,0x29,0x29,0x29,0x29,0x29,0x29,0x29,0x29,0x29,0x29,0x29,
	0x42,0x48,0x88,0x77,0x55,0x6d,0x7c,0x8a,0x8b,0x8a,0x94,0x90,0x8a,0x9b,0x6b,0x82,
	0x6a,0x6a,0x6a,0x6a,0x6a,0x6a,0x6a,0x6a,0x6a,0x6a,0x6a,0x6b,0xaa,0xab,0xab,0xab,
	0xaa,0xaa,0xaa,0xaa,0xaa,0xaa,0xaa,0xaa,0xaa,0xaa,0xaa,0xaa,0xaa,0xaa,0xaa,0xaa,
	0x52,0x51,0x51,0x51,0x51,0x51,0x51,0x51,0x51,0x51,0x51,0x51,0x51,0x51,0x51,0x51,
	0x51,0x51,0x52,0x50,0x50,0x50,0x91,0x90,0x91,0x91,0x91,0x91,0x91,0x91,0x91,0x91,
	0x91,0x91,0x91,0x91,0x91,0x91,0x91,0x91,0x91,0x91,0x91,0x92,0xd1,0xd2,0xd2,0xd2,
	0xd2,0xd2,0xd2,0xd2,0xd2,0xd2,0xd2,0xd2,0xd2,0xd2,0xd2,0xd2,0xd2,0xd2,0xd2,0xd2,
	0x29,0x29,0x29,0x29,0x29,0x29,0x29,0x29,0x29,0x29,0x29,0x29,0x29,0x29,0x29,0x29,
	0x77,0x4d,0x55,0x6f,0x63,0x67,0x80,0x78,0x6c,0x78,0x9c,0x88,0x7e,0x70,0x7b,0x6a,
	0x6a,0x6a,0x6a,0x6a,0x6a,0x6a,0x6a,0x6a,0x6a,0x6a,0x6a,0x6b,0xaa,0xab,0xab,0xab,
	0xaa,0xaa,0xaa,0xaa,0xaa,0xaa,0xaa,0xaa,0xaa,0xaa,0xaa,0xaa,0xaa,0xaa,0xaa,0xaa,
	0x52,0x51,0x51,0x51,0x51,0x51,0x51,0x51,0x51,0x51,0x51,0x51,0x51,0x51,0x51,0x51,
	0x51,0x51,0x52,0x50,0x50,0x50,0x91,0x90,0x91,0x91,0x91,0x91,0x91,0x91,0x91,0x91,
	0x91,0x91,0x91,0x91,0x91,0x91,0x91,0x91,0x91,0x91,0x91,0x92,0xd1,0xd2,0xd2,0xd2,
	0xd2,0xd2,0xd2,0xd2,0xd2,0xd2,0xd2,0xd2,0xd2,0xd2,0xd2,0xd2,0xd2,0xd2,0xd2,0xd2,
	0x29,0x29,0x29,0x29,0x29,0x29,0x29,0x29,0x29,0x29,0x29,0x29,0x29,0x29,0x29,0x29,
	0x59,0x52,0x9a,0x72,0x6e,0x3f,0x9a,0x8a,0x74,0x71,0x89,0x91,0x6d,0x73,0x6f,0x81,
	0x6a,0x6a,0x6a,0x6a,0x6a,0x6a,0x6a,0x6a,0x6a,0x6a,0x6a,0x6b,0xaa,0xab,0xab,0xab,
	0xaa,0xaa,0xaa,0xaa,0xaa,0xaa,0xaa,0xaa,0xaa,0xaa,0xaa,0xaa,0xaa,0xaa,0xaa,0xaa,
	0x52,0x51,0x51,0x51,0x51,0x51,0x51,0x51,0x51,0x51,0x51,0x51,0x51,0x51,0x51,0x51,
	0x51,0x51,0x52,0x50,0x50,0x50,0x91,0x90,0x91,0x91,0x91,0x91,0x91,0x91,0x91,0x91,
	0x91,0x91,0x91,0x91,0x91,0x91,0x91,0x91,0x91,0x91,0x91,0x92,0xd1,0xd2,0xd2,0xd2,
	0xd2,0xd2,0xd2,0xd2,0xd2,0xd2,0xd2,0xd2,0xd2,0xd2,0xd2,0xd2,0xd2,0xd2,0xd2,0xd2,
	0x29,0x29,0x29,0x29,0x29,0x29,0x29,0x29,0x29,0x29,0x29,0x29,0x29,0x29,0x29,0x29,
	0x4d,0x64,0x3c,0x3a,0x92,0x60,0x6c,0x87,0x7f,0x85,0x70,0x82,0x73,0x97,0x6f,0x81,
	0x6a,0x6a,0x6a,0x6a,0x6a,0x6a,0x6a,0x6a,0x6a,0x6a,0x6a,0x6b,0xaa,0xab,0xab,0xab,
	0xaa,0xaa,0xaa,0xaa,0xaa,0xaa,0xaa,0xaa,0xaa,0xaa,0xaa,0xaa,0xaa,0xaa,0xaa,0xaa,
	0x52,0x51,0x51,0x51,0x51,0x51,0x51,0x51,0x51,0x51,0x51,0x51,0x51,0x51,0x51,0x51,
	0x51,0x51,0x52,0x50,0x50,0x50,0x91,0x90,0x91,0x91,0x91,0x91,0x91,0x91,0x91,0x91,
	0x91,0x91,0x91,0x91,0x91,0x91,0x91,0x91,0x91,0x91,0x91,0x92,0xd1,0xd2,0xd2,0xd2,
	0xd2,0xd2,0xd2,0xd2,0xd2,0xd2,0xd2,0xd2,0xd2,0xd2,0xd2,0xd2,0xd2,0xd2,0xd2,0xd2,
	0x29,0x29,0x29,0x29,0x29,0x29,0x29,0x29,0x29,0x29,0x29,0x29,0x29,0x29,0x29,0x29,
	0x5f,0x45,0x49,0x85,0x42,0x36,0x8d,0x97,0x7b,0x79,0x87,0x97,0x99,0x7e,0x93,0x9d,
	0x6a,0x6a,0x6a,0x6a,0x6a,0x6a,0x6a,0x6a,0x6a,0x6a,0x6a,0x6b,0xaa,0xab,0xab,0xab,
	0xaa,0xaa,0xaa,0xaa,0xaa,0xaa,0xaa,0xaa,0xaa,0xaa,0xaa,0xaa,0xaa,0xaa,0xaa,0xaa,
	0x52,0x51,0x51,0x51,0x51,0x51,0x51,0x51,0x51,0x51,0x51,0x51,0x51,0x51,0x51,0x51,
	0x51,0x51,0x52,0x50,0x50,0x50,0x91,0x90,0x91,0x91,0x91,0x91,0x91,0x91,0x91,0x91,
	0x91,0x91,0x91,0x91,0x91,0x91,0x91,0x91,0x91,0x91,0x91,0x92,0xd1,0xd2,0xd2,0xd2,
	0xd2,0xd2,0xd2,0xd2,0xd2,0xd2,0xd2,0xd2,0xd2,0xd2,0xd2,0xd2,0xd2,0xd2,0xd2,0xd2,
	0x29,0x29,0x29,0x29,0x29,0x29,0x29,0x29,0x29,0x29,0x29,0x29,0x29,0x29,0x29,0x29,
	0x8d,0x62,0x5b,0x5a,0x30,0x71,0x77,0x83,0x72,0x86,0x7a,0x9a,0x7a,0x8b,0x94,0x6f,
	0x6a,0x6a,0x6a,0x6a,0x6a,0x6a,0x6a,0x6a,0x6a,0x6a,0x6a,0x6b,0xaa,0xab,0xab,0xab,
	0xaa,0xaa,0xaa,0xaa,0xaa,0xaa,0xaa,0xaa,0xaa,0xaa,0xaa,0xaa,0xaa,0xaa,0xaa,0xaa,
	0x52,0x51,0x51,0x51,0x51,0x51,0x51,0x51,0x51,0x51,0x51,0x51,0x51,0x51,0x51,0x51,
	0x51,0x51,0x52,0x50,0x50,0x50,0x91,0x90,0x91,0x91,0x91,0x91,0x91,0x91,0x91,0x91,
	0x91,0x91,0x91,0x91,0x91,0x91,0x91,0x91,0x91,0x91,0x91,0x92,0xd1,0xd2,0xd2,0xd2,
	0xd2,0xd2,0xd2,0xd2,0xd2,0xd2,0xd2,0xd2,0xd2,0xd2,0xd2,0xd2,0xd2,0xd2,0xd2,0xd2,
	0x29,0x29,0x29,0x29,0x29,0x29,0x29,0x29,0x29,0x29,0x29,0x29,0x29,0x29,0x29,0x29,
	0x66,0x3c,0x65,0x66,0x60,0x80,0x87,0x6f,0x94,0x82,0x97,0x9d,0x6b,0x94,0x96,0x99,
	0x6a,0x6a,0x6a,0x6a,0x6a,0x6a,0x6a,0x6a,0x6a,0x6a,0x6a,0x6b,0xaa,0xab,0xab,0xab,
	0xaa,0xaa,0xaa,0xaa,0xaa,0xaa,0xaa,0xaa,0xaa,0xaa,0xaa,0xaa,0xaa,0xaa,0xaa,0xaa,
	0x52,0x51,0x51,0x51,0x51,0x51,0x51,0x51,0x51,0x51,0x51,0x51,0x51,0x51,0x51,0x51,
	0x51,0x51,0x52,0x50,0x50,0x50,0x91,0x90,0x91,0x91,0x91,0x91,0x90,0x90,0x90,0x90,
	0x90,0x90,0x90,0x90,0x91,0x91,0x91,0x91,0x91,0x91,0x91,0x92,0xd1,0xd2,0xd2,0xd2,
	0xd2,0xd2,0xd2,0xd2,0xd2,0xd2,0xd2,0xd2,0xd2,0xd2,0xd2,0xd2,0xd2,0xd2,0xd2,0xd2,
	0x29,0x29,0x29,0x29,0x29,0x29,0x29,0x29,0x29,0x29,0x29,0x29,0x29,0x29,0x29,0x29,
	0x6b,0x3e,0x69,0x6a,0x59,0x73,0x77,0x74,0x8e,0x93,0x72,0x93,0x78,0x8e,0x8b,0x83,
	0x6a,0x6a,0x6a,0x6a,0x6a,0x6a,0x6a,0x6a,0x6a,0x6a,0x6a,0x6b,0xaa,0xab,0xab,0xab,
	0xaa,0xaa,0xaa,0xaa,0xaa,0xaa,0xaa,0xaa,0xaa,0xaa,0xaa,0xaa,0xaa,0xaa,0xaa,0xaa,
	0x52,0x51,0x51,0x51,0x51,0x51,0x51,0x51,0x51,0x51,0x51,0x51,0x51,0x51,0x51,0x51,
	0x51,0x51,0x52,0x50,0x50,0x50,0x91,0x90,0x90,0x90,0x92,0x91,0x80,0x7f,0x81,0x81,
	0x81,0x80,0x80,0x80,0x91,0x91,0x91,0x91,0x91,0x91,0x91,0x92,0xd1,0xd2,0xd2,0xd2,
	0xd2,0xd2,0xd2,0xd2,0xd2,0xd2,0xd2,0xd2,0xd2,0xd2,0xd2,0xd2,0xd2,0xd2,0xd2,0xd2,
	0x29,0x29,0x29,0x29,0x29,0x29,0x29,0x29,0x29,0x29,0x29,0x29,0x29,0x29,0x29,0x29,
	0x4d,0x41,0x41,0x45,0x6a,0x67,0x8f,0x75,0x97,0x7b,0x8a,0x80,0x8a,0x7b,0x9f,0x76,
	0x6a,0x6a,0x6a,0x6a,0x6a,0x6a,0x6a,0x6a,0x6a,0x6a,0x6a,0x6b,0xaa,0xab,0xab,0xab,
	0xaa,0xaa,0xaa,0xaa,0xaa,0xaa,0xaa,0xaa,0xaa,0xaa,0xaa,0xaa,0xaa,0xaa,0xaa,0xaa,
	0x52,0x51,0x51,0x51,0x51,0x51,0x51,0x51,0x51,0x51,0x51,0x51,0x51,0x51,0x51,0x51,
	0x51,0x51,0x52,0x50,0x50,0x50,0x91,0x90,0x90,0x90,0x92,0x91,0x7f,0x7e,0x80,0x80,
	0x7f,0x7e,0x7e,0x7d,0x91,0x91,0x91,0x91,0x91,0x91,0x91,0x92,0xd1,0xd2,0xd2,0xd2,
	0xd2,0xd2,0xd2,0xd2,0xd2,0xd2,0xd2,0xd2,0xd2,0xd2,0xd2,0xd2,0xd2,0xd2,0xd2,0xd2,
	0x29,0x29,0x29,0x29,0x29,0x29,0x29,0x29,0x29,0x29,0x29,0x29,0x29,0x29,0x29,0x29,
	0x50,0x5b,0x4b,0x7d,0x66,0x5b,0x7b,0x88,0x85,0x91,0x86,0x8f,0x99,0x68,0x7a,0x73,
	0x6a,0x6a,0x6a,0x6a,0x6a,0x6a,0x6a,0x6a,0x6a,0x6a,0x6a,0x6b,0xaa,0xab,0xab,0xab,
	0xaa,0xaa,0xaa,0xaa,0xaa,0xaa,0xaa,0xaa,0xaa,0xaa,0xaa,0xaa,0xaa,0xaa,0xaa,0xaa,
	0x52,0x51,0x51,0x51,0x51,0x51,0x51,0x51,0x51,0x51,0x51,0x51,0x51,0x51,0x51,0x51,
	0x51,0x51,0x52,0x50,0x50,0x50,0x91,0x90,0x90,0x90,0x92,0x91,0x7f,0x7e,0x80,0x80,
	0x7f,0x7e,0x7d,0x7d,0x91,0x91,0x91,0x91,0x91,0x91,0x91,0x92,0xd1,0xd2,0xd2,0xd2,
	0xd2,0xd2,0xd2,0xd2,0xd2,0xd2,0xd2,0xd2,0xd2,0xd2,0xd2,0xd2,0xd2,0xd2,0xd2,0xd2,
	0x29,0x29,0x29,0x29,0x29,0x29,0x29,0x29,0x29,0x29,0x29,0x29,0x29,0x29,0x29,0x29,
	0x54,0x5d,0x87,0x4d,0x8d,0x3c,0x92,0x77,0x79,0x96,0x89,0x81,0x87,0x82,0x90,0x7f,
	0x6a,0x6a,0x6a,0x6a,0x6a,0x6a,0x6a,0x6a,0x6a,0x6a,0x6a,0x6b,0xaa,0xab,0xab,0xab,
	0xaa,0xaa,0xaa,0xaa,0xaa,0xaa,0xaa,0xaa,0xaa,0xaa,0xaa,0xaa,0xaa,0xaa,0xaa,0xaa,
	0x52,0x51,0x51,0x51,0x51,0x51,0x51,0x51,0x51,0x51,0x51,0x51,0x51,0x51,0x51,0x51,
	0x51,0x51,0x52,0x50,0x50,0x50,0x91,0x90,0x90,0x90,0x92,0x91,0x7f,0x7e,0x80,0x80,
	0x7f,0x7d,0x7d,0x7c,0x91,0x91,0x91,0x91,0x91,0x91,0x91,0x92,0xd1,0xd2,0xd2,0xd2,
	0xd2,0xd2,0xd2,0xd2,0xd2,0xd2,0xd2,0xd2,0xd2,0xd2,0xd2,0xd2,0xd2,0xd2,0xd2,0xd2,
	0x29,0x29,0x29,0x29,0x29,0x29,0x29,0x29,0x29,0x29,0x29,0x29,0x29,0x29,0x29,0x29,
	0x81,0x2c,0x7c,0x51,0x9c,0x8f,0x9a,0x84,0x90,0x94,0x89,0x93,0x87,0x76,0x79,0x76,
	0x6a,0x6a,0x6a,0x6a,0x6a,0x6a,0x6a,0x6a,0x6a,0x6a,0x6a,0x6b,0xaa,0xab,0xab,0xab,
	0xaa,0xaa,0xaa,0xaa,0xaa,0xaa,0xaa,0xaa,0xaa,0xaa,0xaa,0xaa,0xaa,0xaa,0xaa,0xaa,
	0x52,0x51,0x51,0x51,0x51,0x51,0x51,0x51,0x51,0x51,0x51,0x51,0x51,0x51,0x51,0x51,
	0x51,0x51,0x52,0x50,0x50,0x50,0x91,0x90,0x90,0x90,0x92,0x91,0x7f,0x7e,0x80,0x80,
	0x7f,0x7d,0x7d,0x7c,0x91,0x91,0x91,0x91,0x91,0x91,0x91,0x92,0xd1,0xd2,0xd2,0xd2,
	0xd2,0xd2,0xd2,0xd2,0xd2,0xd2,0xd2,0xd2,0xd2,0xd2,0xd2,0xd2,0xd2,0xd2,0xd2,0xd2,
	0x29,0x29,0x29,0x29,0x29,0x29,0x29,0x29,0x29,0x29,0x29,0x29,0x29,0x29,0x29,0x29,
	0x9f,0x94,0x5c,0x5a,0x64,0x54,0x6d,0x92,0x86,0x97,0x74,0x86,0x77,0x7f,0x7f,0x91,
	0x6a,0x6a,0x6a,0x6a,0x6a,0x6a,0x6a,0x6a,0x6a,0x6a,0x6a,0x6b,0xaa,0xab,0xab,0xab,
	0xaa,0xaa,0xaa,0xaa,0xaa,0xaa,0xaa,0xaa,0xaa,0xaa,0xaa,0xaa,0xaa,0xaa,0xaa,0xaa,
	0x52,0x51,0x51,0x51,0x51,0x51,0x51,0x51,0x51,0x51,0x51,0x51,0x51,0x51,0x51,0x51,
	0x51,0x51,0x52,0x50,0x50,0x50,0x91,0x90,0x90,0x90,0x92,0x91,0x7f,0x7e,0x80,0x80,
	0x7f,0x7d,0x7d,0x7c,0x91,0x91,0x91,0x91,0x91,0x91,0x91,0x92,0xd1,0xd2,0xd2,0xd2,
	0xd2,0xd2,0xd2,0xd2,0xd2,0xd2,0xd2,0xd2,0xd2,0xd2,0xd2,0xd2,0xd2,0xd2,0xd2,0xd2,
	0x29,0x29,0x29,0x29,0x29,0x29,0x29,0x29,0x29,0x29,0x29,0x29,0x29,0x29,0x29,0x29,
	0x4a,0x84,0x55,0x69,0x3f,0x4b,0x82,0x93,0x7d,0x70,0x79,0x8e,0x9c,0x83,0x88,0x99,
	0x6a,0x6a,0x6a,0x6a,0x6a,0x6a,0x6a,0x6a,0x6a,0x6a,0x6a,0x6b,0xaa,0xab,0xab,0xab,
	0xaa,0xaa,0xaa,0xaa,0xaa,0xaa,0xaa,0xaa,0xaa,0xaa,0xaa,0xaa,0xaa,0xaa,0xaa,0xaa,
	0x52,0x51,0x51,0x51,0x51,0x51,0x51,0x51,0x51,0x51,0x51,0x51,0x51,0x51,0x51,0x51,
	0x51,0x51,0x52,0x50,0x50,0x50,0x91,0x90,0x91,0x90,0x92,0x91,0x7f,0x7e,0x80,0x80,
	0x7f,0x7d,0x7d,0x7c,0x91,0x91,0x91,0x91,0x91,0x91,0x91,0x92,0xd1,0xd2,0xd2,0xd2,
	0xd2,0xd2,0xd2,0xd2,0xd2,0xd2,0xd2,0xd2,0xd2,0xd2,0xd2,0xd2,0xd2,0xd2,0xd2,0xd2,
	0x29,0x29,0x29,0x29,0x29,0x29,0x29,0x29,0x29,0x29,0x29,0x29,0x29,0x29,0x29,0x29,
	0x42,0x7e,0x6e,0x46,0x95,0x4e,0x6f,0x93,0x97,0x79,0x8b,0x71,0x7f,0x6e,0x9e,0x8e,
	0x6a,0x6a,0x6a,0x6a,0x6a,0x6a,0x6a,0x6a,0x6a,0x6a,0x6a,0x6b,0xaa,0xab,0xab,0xab,
	0xaa,0xaa,0xaa,0xaa,0xaa,0xaa,0xaa,0xaa,0xaa,0xaa,0xaa,0xaa,0xaa,0xaa,0xaa,0xaa,
	0x52,0x51,0x51,0x51,0x51,0x51,0x51,0x51,0x51,0x51,0x51,0x51,0x51,0x51,0x51,0x51,
	0x51,0x51,0x52,0x50,0x50,0x50,0x91,0x90,0x91,0x90,0x92,0x91,0x7f,0x7e,0x80,0x7f,
	0x7f,0x7d,0x7d,0x7c,0x91,0x91,0x91,0x91,0x91,0x91,0x91,0x92,0xd1,0xd2,0xd2,0xd2,
	0xd2,0xd2,0xd2,0xd2,0xd2,0xd2,0xd2,0xd2,0xd2,0xd2,0xd2,0xd2,0xd2,0xd2,0xd2,0xd2,
	0x29,0x29,0x29,0x29,0x29,0x29,0x29,0x29,0x29,0x29,0x29,0x29,0x29,0x29,0x29,0x29,
	0x34,0x58,0x44,0x96,0x8e,0x2f,0x75,0x92,0x9a,0x70,0x7f,0x88,0x8a,0x71,0x9c,0x6c,
	0x6a,0x6a,0x6a,0x6a,0x6a,0x6a,0x6a,0x6a,0x6a,0x6a,0x6a,0x6b,0xaa,0xab,0xab,0xab,
	0xaa,0xaa,0xaa,0xaa,0xaa,0xaa,0xaa,0xaa,0xaa,0xaa,0xaa,0xaa,0xaa,0xaa,0xaa,0xaa,
	0x52,0x51,0x51,0x51,0x51,0x51,0x51,0x51,0x51,0x51,0x51,0x51,0x51,0x51,0x51,0x51,
	0x51,0x51,0x52,0x50,0x50,0x50,0x91,0x90,0x91,0x91,0x93,0x91,0x7f,0x7d,0x7f,0x7f,
	0x7e,0x7d,0x7d,0x7c,0x91,0x91,0x91,0x91,0x91,0x91,0x91,0x92,0xd1,0xd2,0xd2,0xd2,
	0xd2,0xd2,0xd2,0xd2,0xd2,0xd2,0xd2,0xd2,0xd2,0xd2,0xd2,0xd2,0xd2,0xd2,0xd2,0xd2,
	0x29,0x29,0x29,0x29,0x29,0x29,0x29,0x29,0x29,0x29,0x29,0x29,0x29,0x29,0x29,0x28,
	0x28,0x28,0x27,0x29,0x29,0x2b,0x68,0x6a,0x6a,0x6a,0x6a,0x6a,0x6a,0x6a,0x6a,0x6a,
	0x99,0x93,0x6e,0x7f,0x82,0x7c,0x91,0x76,0x8d,0x8c,0x90,0x94,0xa7,0xaa,0xa5,0xa8,
	0xaa,0xaa,0xaa,0xaa,0xaa,0xaa,0xaa,0xaa,0xaa,0xaa,0xaa,0xaa,0xaa,0xaa,0xaa,0xaa,
	0x52,0x51,0x51,0x51,0x51,0x51,0x51,0x51,0x51,0x51,0x51,0x51,0x51,0x51,0x51,0x51,
	0x51,0x51,0x52,0x50,0x50,0x50,0x91,0x90,0x92,0x91,0x93,0x91,0x7f,0x7d,0x7f,0x7f,
	0x7e,0x7d,0x7d,0x7c,0x91,0x91,0x91,0x91,0x91,0x91,0x91,0x92,0xd1,0xd2,0xd2,0xd2,
	0xd2,0xd2,0xd2,0xd2,0xd2,0xd2,0xd2,0xd2,0xd2,0xd2,0xd2,0xd2,0xd2,0xd2,0xd2,0xd2,
	0x29,0x29,0x29,0x29,0x29,0x29,0x29,0x29,0x29,0x29,0x29,0x29,0x29,0x29,0x29,0x28,
	0x28,0x28,0x27,0x29,0x29,0x2b,0x68,0x6a,0x6a,0x6a,0x6a,0x6a,0x6a,0x6a,0x6a,0x6a,
	0x76,0x89,0x81,0x96,0x84,0x95,0x79,0x6c,0x78,0x6a,0x8a,0x7e,0xa9,0xa0,0xa7,0xa4,
	0xa9,0xaa,0xaa,0xaa,0xaa,0xaa,0xaa,0xaa,0xaa,0xaa,0xaa,0xaa,0xaa,0xaa,0xaa,0xaa,
	0x52,0x51,0x51,0x51,0x51,0x51,0x51,0x51,0x51,0x51,0x51,0x51,0x51,0x51,0x51,0x51,
	0x51,0x51,0x52,0x50,0x50,0x50,0x91,0x90,0x92,0x91,0x93,0x91,0x7f,0x7d,0x7f,0x7e,
	0x7e,0x7d,0x7d,0x7c,0x91,0x91,0x91,0x91,0x91,0x91,0x91,0x92,0xd1,0xd2,0xd2,0xd2,
	0xd2,0xd2,0xd2,0xd2,0xd2,0xd2,0xd2,0xd2,0xd2,0xd2,0xd2,0xd2,0xd2,0xd2,0xd2,0xd2,
	0x29,0x29,0x29,0x29,0x29,0x29,0x29,0x29,0x29,0x29,0x29,0x29,0x29,0x29,0x29,0x28,
	0x28,0x28,0x27,0x29,0x29,0x2b,0x68,0x6a,0x6a,0x6a,0x6a,0x6a,0x6a,0x6a,0x6a,0x6a,
	0x85,0x99,0x71,0x92,0x77,0x99,0x6e,0x92,0x80,0x9b,0x85,0x99,0xa2,0xa4,0x9e,0xa5,
	0xa9,0xaa,0xaa,0xaa,0xaa,0xaa,0xaa,0xaa,0xaa,0xaa,0xaa,0xaa,0xaa,0xaa,0xaa,0xaa,
	0x52,0x51,0x51,0x51,0x51,0x51,0x51,0x51,0x51,0x51,0x51,0x51,0x51,0x51,0x51,0x51,
	0x51,0x51,0x52,0x50,0x50,0x50,0x91,0x90,0x92,0x91,0x93,0x91,0x7f,0x7d,0x7f,0x7e,
	0x7e,0x7d,0x7d,0x7c,0x91,0x91,0x91,0x91,0x91,0x91,0x91,0x92,0xd1,0xd2,0xd2,0xd2,
	0xd2,0xd2,0xd2,0xd2,0xd2,0xd2,0xd2,0xd2,0xd2,0xd2,0xd2,0xd2,0xd2,0xd2,0xd2,0xd2,
	0x29,0x29,0x29,0x29,0x29,0x29,0x29,0x29,0x29,0x29,0x29,0x29,0x29,0x29,0x29,0x28,
	0x28,0x28,0x27,0x29,0x29,0x2b,0x68,0x6a,0x6a,0x6a,0x6a,0x6a,0x6a,0x6a,0x6a,0x6a,
	0x7b,0x71,0x90,0x73,0x86,0x85,0x77,0x85,0x6e,0x95,0x81,0x8d,0xa3,0x9e,0xa1,0xa2,
	0xa9,0xaa,0xaa,0xaa,0xaa,0xaa,0xaa,0xaa,0xaa,0xaa,0xaa,0xaa,0xaa,0xaa,0xaa,0xaa,
	0x52,0x51,0x51,0x51,0x51,0x51,0x51,0x51,0x51,0x51,0x51,0x51,0x51,0x51,0x51,0x51,
	0x51,0x51,0x52,0x50,0x50,0x50,0x91,0x90,0x92,0x91,0x93,0x91,0x7f,0x7d,0x7f,0x7e,
	0x7e,0x7d,0x7d,0x7c,0x91,0x91,0x91,0x91,0x91,0x91,0x91,0x92,0xd1,0xd2,0xd2,0xd2,
	0xd2,0xd2,0xd2,0xd2,0xd2,0xd2,0xd2,0xd2,0xd2,0xd2,0xd2,0xd2,0xd2,0xd2,0xd2,0xd2,
	0x29,0x29,0x29,0x29,0x29,0x29,0x29,0x29,0x29,0x29,0x29,0x29,0x29,0x29,0x29,0x28,
	0x28,0x28,0x27,0x29,0x29,0x2b,0x68,0x6a,0x6a,0x6a,0x6a,0x6a,0x6a,0x6a,0x6a,0x6a,
	0x93,0x6e,0x85,0x76,0x8d,0x84,0x6f,0x7d,0x94,0x83,0x97,0x8f,0x9c,0xa0,0xa2,0xa6,
	0xa9,0xaa,0xaa,0xaa,0xaa,0xaa,0xaa,0xaa,0xaa,0xaa,0xaa,0xaa,0xaa,0xaa,0xaa,0xaa,
	0x52,0x51,0x51,0x51,0x51,0x51,0x51,0x51,0x51,0x51,0x51,0x51,0x51,0x51,0x51,0x51,
	0x51,0x51,0x52,0x50,0x50,0x50,0x91,0x90,0x92,0x91,0x93,0x91,0x7f,0x7d,0x7f,0x7e,
	0x7e,0x7d,0x7d,0x7c,0x91,0x91,0x91,0x91,0x91,0x91,0x91,0x92,0xd1,0xd2,0xd2,0xd2,
	0xd2,0xd2,0xd2,0xd2,0xd2,0xd2,0xd2,0xd2,0xd2,0xd2,0xd2,0xd2,0xd2,0xd2,0xd2,0xd2,
	0x29,0x29,0x29,0x29,0x29,0x29,0x29,0x29,0x29,0x29,0x29,0x29,0x29,0x29,0x29,0x28,
	0x28,0x28,0x27,0x29,0x29,0x2b,0x68,0x6a,0x6a,0x6a,0x6a,0x6a,0x6a,0x6a,0x6a,0x6a,
	0x6a,0x79,0x77,0x76,0x96,0x91,0x93,0x85,0x93,0x6a,0x89,0x74,0xa5,0xa6,0xa3,0xa1,
	0xa9,0xaa,0xaa,0xaa,0xaa,0xaa,0xaa,0xaa,0xaa,0xaa,0xaa,0xaa,0xaa,0xaa,0xaa,0xaa,
	0x52,0x51,0x51,0x51,0x51,0x51,0x51,0x51,0x51,0x51,0x51,0x51,0x51,0x51,0x51,0x51,
	0x51,0x51,0x52,0x50,0x50,0x50,0x91,0x90,0x92,0x91,0x93,0x91,0x7f,0x7d,0x7f,0x7e,
	0x7e,0x7d,0x7d,0x7c,0x91,0x91,0x91,0x91,0x91,0x91,0x91,0x92,0xd1,0xd2,0xd2,0xd2,
	0xd2,0xd2,0xd2,0xd2,0xd2,0xd2,0xd2,0xd2,0xd2,0xd2,0xd2,0xd2,0xd2,0xd2,0xd2,0xd2,
	0x29,0x29,0x29,0x29,0x29,0x29,0x29,0x29,0x29,0x29,0x29,0x29,0x29,0x29,0x29,0x28,
	0x28,0x28,0x28,0x29,0x29,0x2b,0x68,0x6a,0x6a,0x6a,0x6a,0x6a,0x6a,0x6a,0x6a,0x6a,
	0x7e,0x6f,0x6b,0x85,0x7d,0x7b,0x9b,0x70,0x81,0x7c,0x7d,0x84,0x9f,0xa0,0xa4,0xa8,
	0xa9,0xaa,0xaa,0xaa,0xaa,0xaa,0xaa,0xaa,0xaa,0xaa,0xaa,0xaa,0xaa,0xaa,0xaa,0xaa,
	0x52,0x51,0x51,0x51,0x51,0x51,0x51,0x51,0x51,0x51,0x51,0x51,0x51,0x51,0x51,0x51,
	0x51,0x51,0x52,0x50,0x50,0x50,0x91,0x90,0x92,0x91,0x92,0x91,0x80,0x7e,0x80,0x7f,
	0x7f,0x7e,0x7e,0x7d,0x91,0x91,0x91,0x91,0x91,0x91,0x91,0x92,0xd1,0xd2,0xd2,0xd2,
	0xd2,0xd2,0xd2,0xd2,0xd2,0xd2,0xd2,0xd2,0xd2,0xd2,0xd2,0xd2,0xd2,0xd2,0xd2,0xd2,
	0x29,0x29,0x29,0x29,0x29,0x29,0x29,0x29,0x29,0x29,0x29,0x29,0x29,0x29,0x29,0x28,
	0x28,0x28,0x28,0x29,0x29,0x2b,0x68,0x6a,0x6a,0x6a,0x6a,0x6a,0x6a,0x6a,0x6a,0x6a,
	0x7f,0x92,0x80,0x70,0x9c,0x78,0x8e,0x85,0x99,0x7c,0x70,0x88,0xa4,0xa5,0xa4,0xa5,
	0xa9,0xaa,0xaa,0xaa,0xaa,0xaa,0xaa,0xaa,0xaa,0xaa,0xaa,0xaa,0xaa,0xaa,0xaa,0xaa,
	0x52,0x51,0x51,0x51,0x51,0x51,0x51,0x51,0x51,0x51,0x51,0x51,0x51,0x51,0x51,0x51,
	0x51,0x51,0x52,0x50,0x50,0x50,0x91,0x90,0x91,0x91,0x92,0x91,0x90,0x90,0x90,0x90,
	0x90,0x90,0x90,0x90,0x91,0x91,0x91,0x91,0x91,0x91,0x91,0x92,0xd1,0xd2,0xd2,0xd2,
	0xd2,0xd2,0xd2,0xd2,0xd2,0xd2,0xd2,0xd2,0xd2,0xd2,0xd2,0xd2,0xd2,0xd2,0xd2,0xd2,
	0x29,0x29,0x29,0x29,0x29,0x29,0x29,0x29,0x29,0x29,0x29,0x29,0x29,0x29,0x29,0x29,
	0x29,0x29,0x28,0x29,0x29,0x2b,0x68,0x6a,0x6a,0x6a,0x6a,0x6a,0x6a,0x6a,0x6a,0x6a,
	0x84,0x86,0x79,0x6f,0x82,0x79,0x71,0x76,0x7a,0x89,0x7f,0x81,0xa5,0xa4,0xa4,0xa5,
	0xa9,0xaa,0xaa,0xaa,0xaa,0xaa,0xaa,0xaa,0xaa,0xaa,0xaa,0xaa,0xaa,0xaa,0xaa,0xaa,
	0x52,0x51,0x51,0x51,0x51,0x51,0x51,0x51,0x51,0x51,0x51,0x51,0x51,0x51,0x51,0x51,
	0x51,0x51,0x52,0x50,0x50,0x50,0x91,0x90,0x91,0x91,0x92,0x91,0x91,0x91,0x91,0x91,
	0x91,0x91,0x91,0x91,0x91,0x91,0x91,0x91,0x91,0x91,0x91,0x92,0xd1,0xd2,0xd2,0xd2,
	0xd2,0xd2,0xd2,0xd2,0xd2,0xd2,0xd2,0xd2,0xd2,0xd2,0xd2,0xd2,0xd2,0xd2,0xd2,0xd2,
	0x29,0x29,0x29,0x29,0x29,0x29,0x29,0x29,0x29,0x29,0x29,0x29,0x29,0x29,0x29,0x29,
	0x29,0x29,0x29,0x29,0x29,0x2b,0x68,0x6a,0x6a,0x6a,0x6a,0x6a,0x6a,0x6a,0x6a,0x6a,
	0x85,0x70,0x74,0x78,0x7b,0x83,0x9b,0x87,0x76,0x75,0x90,0x71,0xa4,0xa4,0xa4,0xa5,
	0xa9,0xaa,0xaa,0xaa,0xaa,0xaa,0xaa,0xaa,0xaa,0xaa,0xaa,0xaa,0xaa,0xaa,0xaa,0xaa,
	0x52,0x51,0x51,0x51,0x51,0x51,0x51,0x51,0x51,0x51,0x51,0x51,0x51,0x51,0x51,0x51,
	0x51,0x51,0x52,0x50,0x50,0x50,0x91,0x90,0x91,0x91,0x91,0x91,0x91,0x91,0x91,0x91,
	0x91,0x91,0x91,0x91,0x91,0x91,0x91,0x91,0x91,0x91,0x91,0x92,0xd1,0xd2,0xd2,0xd2,
	0xd2,0xd2,0xd2,0xd2,0xd2,0xd2,0xd2,0xd2,0xd2,0xd2,0xd2,0xd2,0xd2,0xd2,0xd2,0xd2,
	0x29,0x29,0x29,0x29,0x29,0x29,0x29,0x29,0x29,0x29,0x29,0x29,0x29,0x29,0x29,0x29,
	0x29,0x29,0x29,0x29,0x29,0x2b,0x68,0x6a,0x6a,0x6a,0x6a,0x6a,0x6a,0x6a,0x6a,0x6a,
	0x8b,0x84,0x9e,0x87,0x81,0x90,0x94,0x99,0x7d,0x74,0x91,0x7b,0xa4,0xa4,0xa4,0xa5,
	0xa9,0xaa,0xaa,0xaa,0xaa,0xaa,0xaa,0xaa,0xaa,0xaa,0xaa,0xaa,0xaa,0xaa,0xaa,0xaa,
	0x52,0x51,0x51,0x51,0x51,0x51,0x51,0x51,0x51,0x51,0x51,0x51,0x51,0x51,0x51,0x51,
	0x51,0x51,0x52,0x50,0x50,0x50,0x91,0x90,0x91,0x91,0x91,0x91,0x91,0x91,0x91,0x91,
	0x91,0x91,0x91,0x91,0x91,0x91,0x91,0x91,0x91,0x91,0x91,0x92,0xd1,0xd2,0xd2,0xd2,
	0xd2,0xd2,0xd2,0xd2,0xd2,0xd2,0xd2,0xd2,0xd2,0xd2,0xd2,0xd2,0xd2,0xd2,0xd2,0xd2,
	0x29,0x29,0x29,0x29,0x29,0x29,0x29,0x29,0x29,0x29,0x29,0x29,0x29,0x29,0x29,0x29,
	0x29,0x29,0x29,0x29,0x29,0x2b,0x68,0x6a,0x6a,0x6a,0x6a,0x6a,0x6a,0x6a,0x6a,0x6a,
	0x74,0x92,0x87,0x91,0x94,0x8a,0x7e,0x89,0x97,0x70,0x70,0x82,0xa4,0xa4,0xa4,0xa5,
	0xa9,0xaa,0xaa,0xaa,0xaa,0xaa,0xaa,0xaa,0xaa,0xaa,0xaa,0xaa,0xaa,0xaa,0xaa,0xaa,
	0x52,0x51,0x51,0x51,0x51,0x51,0x51,0x51,0x51,0x51,0x51,0x51,0x51,0x51,0x51,0x51,
	0x51,0x51,0x52,0x50,0x50,0x50,0x91,0x90,0x91,0x91,0x91,0x91,0x91,0x91,0x91,0x91,
	0x91,0x91,0x91,0x91,0x91,0x91,0x91,0x91,0x91,0x91,0x91,0x92,0xd1,0xd2,0xd2,0xd2,
	0xd2,0xd2,0xd2,0xd2,0xd2,0xd2,0xd2,0xd2,0xd2,0xd2,0xd2,0xd2,0xd2,0xd2,0xd2,0xd2,
	0x29,0x29,0x29,0x29,0x29,0x29,0x29,0x29,0x29,0x29,0x29,0x29,0x29,0x29,0x29,0x29,
	0x29,0x29,0x29,0x29,0x29,0x2b,0x68,0x6a,0x6a,0x6a,0x6a,0x6a,0x6a,0x6a,0x6a,0x6a,
	0x7a,0x7c,0x76,0x89,0x88,0x73,0x6c,0x6f,0x73,0x76,0x86,0x78,0xa0,0xa5,0x9e,0xa4,
	0xaa,0xaa,0xaa,0xaa,0xaa,0xaa,0xaa,0xaa,0xaa,0xaa,0xaa,0xaa,0xaa,0xaa,0xaa,0xaa,
	0x52,0x51,0x51,0x51,0x51,0x51,0x51,0x51,0x51,0x51,0x51,0x51,0x51,0x51,0x51,0x51,
	0x51,0x51,0x52,0x50,0x50,0x50,0x91,0x90,0x91,0x91,0x91,0x91,0x91,0x91,0x91,0x91,
	0x91,0x91,0x91,0x91,0x91,0x91,0x91,0x91,0x91,0x91,0x91,0x92,0xd1,0xd2,0xd2,0xd2,
	0xd2,0xd2,0xd2,0xd2,0xd2,0xd2,0xd2,0xd2,0xd2,0xd2,0xd2,0xd2,0xd2,0xd2,0xd2,0xd2,
	0x29,0x29,0x29,0x29,0x29,0x29,0x29,0x29,0x29,0x29,0x29,0x29,0x29,0x29,0x29,0x29,
	0x29,0x29,0x29,0x29,0x29,0x2b,0x68,0x6a,0x6a,0x6a,0x6a,0x6a,0x6a,0x6a,0x6a,0x6a,
	0x70,0x73,0x85,0x93,0x6c,0x92,0x85,0x8b,0x94,0x82,0x89,0x96,0xa0,0x9f,0xa9,0xae,
	0xaa,0xaa,0xaa,0xaa,0xaa,0xaa,0xaa,0xaa,0xaa,0xaa,0xaa,0xaa,0xaa,0xaa,0xaa,0xaa,
	0x52,0x51,0x51,0x51,0x51,0x51,0x51,0x51,0x51,0x51,0x51,0x51,0x51,0x51,0x51,0x51,
	0x51,0x51,0x52,0x50,0x50,0x50,0x91,0x90,0x91,0x91,0x91,0x91,0x91,0x91,0x91,0x91,
	0x91,0x91,0x91,0x91,0x91,0x91,0x91,0x91,0x91,0x91,0x91,0x92,0xd1,0xd2,0xd2,0xd2,
	0xd2,0xd2,0xd2,0xd2,0xd2,0xd2,0xd2,0xd2,0xd2,0xd2,0xd2,0xd2,0xd2,0xd2,0xd2,0xd2,
	0x29,0x29,0x29,0x29,0x29,0x29,0x29,0x29,0x29,0x29,0x29,0x29,0x29,0x29,0x29,0x29,
	0x29,0x29,0x29,0x29,0x29,0x2b,0x68,0x6a,0x6a,0x6a,0x6a,0x6a,0x6a,0x6a,0x6a,0x6a,
	0x8b,0x93,0x96,0x70,0x83,0x6d,0x74,0x77,0x79,0x80,0x78,0x7a,0x9f,0x98,0xa4,0xa5,
	0xaa,0xaa,0xaa,0xaa,0xaa,0xaa,0xaa,0xaa,0xaa,0xaa,0xaa,0xaa,0xaa,0xaa,0xaa,0xaa,
	0x52,0x51,0x51,0x51,0x51,0x51,0x51,0x51,0x51,0x51,0x51,0x51,0x51,0x51,0x51,0x51,
	0x51,0x51,0x52,0x50,0x50,0x50,0x91,0x90,0x91,0x91,0x91,0x91,0x91,0x91,0x91,0x91,
	0x91,0x91,0x91,0x91,0x91,0x91,0x91,0x91,0x91,0x91,0x91,0x92,0xd1,0xd2,0xd2,0xd2,
	0xd2,0xd2,0xd2,0xd2,0xd2,0xd2,0xd2,0xd2,0xd2,0xd2,0xd2,0xd2,0xd2,0xd2,0xd2,0xd2,
	0x29,0x29,0x29,0x29,0x29,0x29,0x29,0x29,0x29,0x29,0x29,0x29,0x29,0x29,0x29,0x29,
	0x29,0x29,0x29,0x29,0x29,0x2b,0x68,0x6a,0x6a,0x6a,0x6a,0x6a,0x6a,0x6a,0x6a,0x6a,
	0x7f,0x80,0x8d,0x6d,0x8e,0x72,0x7a,0x76,0x9b,0x9f,0x70,0x7d,0xa5,0xa9,0xa3,0xa4,
	0xaa,0xaa,0xaa,0xaa,0xaa,0xaa,0xaa,0xaa,0xaa,0xaa,0xaa,0xaa,0xaa,0xaa,0xaa,0xaa,
	0x52,0x51,0x51,0x51,0x51,0x51,0x51,0x51,0x51,0x51,0x51,0x51,0x51,0x51,0x51,0x51,
	0x51,0x51,0x52,0x50,0x50,0x50,0x91,0x90,0x91,0x91,0x91,0x91,0x91,0x91,0x91,0x91,
	0x91,0x91,0x91,0x91,0x91,0x91,0x91,0x91,0x91,0x91,0x91,0x92,0xd1,0xd2,0xd2,0xd2,
	0xd2,0xd2,0xd2,0xd2,0xd2,0xd2,0xd2,0xd2,0xd2,0xd2,0xd2,0xd2,0xd2,0xd2,0xd2,0xd2,
	0x29,0x29,0x29,0x29,0x29,0x29,0x29,0x29,0x29,0x29,0x29,0x29,0x29,0x29,0x29,0x29,
	0x29,0x29,0x29,0x29,0x29,0x2b,0x68,0x6a,0x6a,0x6a,0x6a,0x6a,0x6a,0x6a,0x6a,0x6a,
	0x6a,0x6a,0x6a,0x6a,0x6a,0x6a,0x6a,0x6a,0x6a,0x6a,0x6a,0x6a,0xa7,0xa9,0xa7,0xa7,
	0xa9,0xaa,0xaa,0xaa,0xaa,0xaa,0xaa,0xaa,0xaa,0xaa,0xaa,0xaa,0xaa,0xaa,0xaa,0xaa,
	0x52,0x51,0x51,0x51,0x51,0x51,0x51,0x51,0x51,0x51,0x51,0x51,0x51,0x51,0x51,0x51,
	0x51,0x51,0x52,0x50,0x50,0x50,0x91,0x90,0x91,0x91,0x91,0x91,0x91,0x91,0x91,0x91,
	0x91,0x91,0x91,0x91,0x91,0x91,0x91,0x91,0x91,0x91,0x91,0x92,0xd1,0xd2,0xd2,0xd2,
	0xd2,0xd2,0xd2,0xd2,0xd2,0xd2,0xd2,0xd2,0xd2,0xd2,0xd2,0xd2,0xd2,0xd2,0xd2,0xd2,
	0x29,0x29,0x29,0x29,0x29,0x29,0x29,0x29,0x29,0x29,0x29,0x29,0x29,0x29,0x29,0x29,
	0x29,0x29,0x29,0x29,0x29,0x2b,0x68,0x6a,0x6a,0x6a,0x6a,0x6a,0x6a,0x6a,0x6a,0x6a,
	0x6a,0x6a,0x6a,0x6a,0x6a,0x6a,0x6a,0x6a,0x6a,0x6a,0x6a,0x6a,0xa9,0xa9,0xaa,0xaa,
	0xa9,0xaa,0xaa,0xaa,0xaa,0xaa,0xaa,0xaa,0xaa,0xaa,0xaa,0xaa,0xaa,0xaa,0xaa,0xaa,
	0x52,0x51,0x51,0x51,0x51,0x51,0x51,0x51,0x51,0x51,0x51,0x51,0x51,0x51,0x51,0x51,
	0x51,0x51,0x52,0x50,0x50,0x50,0x91,0x90,0x91,0x91,0x91,0x91,0x91,0x91,0x91,0x91,
	0x91,0x91,0x91,0x91,0x91,0x91,0x91,0x91,0x91,0x91,0x91,0x92,0xd1,0xd2,0xd2,0xd2,
	0xd2,0xd2,0xd2,0xd2,0xd2,0xd2,0xd2,0xd2,0xd2,0xd2,0xd2,0xd2,0xd2,0xd2,0xd2,0xd2,
	0x29,0x29,0x29,0x29,0x29,0x29,0x29,0x29,0x29,0x29,0x29,0x29,0x29,0x29,0x29,0x29,
	0x29,0x29,0x29,0x29,0x29,0x2b,0x68,0x6a,0x6a,0x6a,0x6a,0x6a,0x6a,0x6a,0x6a,0x6a,
	0x6a,0x6a,0x6a,0x6a,0x6a,0x6a,0x6a,0x6a,0x6a,0x6a,0x6a,0x6a,0xab,0xa9,0xac,0xab,
	0xaa,0xaa,0xaa,0xaa,0xaa,0xaa,0xaa,0xaa,0xaa,0xaa,0xaa,0xaa,0xaa,0xaa,0xaa,0xaa,
	0x52,0x51,0x51,0x51,0x51,0x51,0x51,0x51,0x51,0x51,0x51,0x51,0x51,0x51,0x51,0x51,
	0x51,0x51,0x52,0x50,0x50,0x50,0x91,0x90,0x91,0x91,0x91,0x91,0x91,0x91,0x91,0x91,
	0x91,0x91,0x91,0x91,0x91,0x91,0x91,0x91,0x91,0x91,0x91,0x92,0xd1,0xd2,0xd2,0xd2,
	0xd2,0xd2,0xd2,0xd2,0xd2,0xd2,0xd2,0xd2,0xd2,0xd2,0xd2,0xd2,0xd2,0xd2,0xd2,0xd2,
	0x29,0x29,0x29,0x29,0x29,0x29,0x29,0x29,0x29,0x29,0x29,0x29,0x29,0x29,0x29,0x29,
	0x29,0x29,0x29,0x29,0x29,0x2b,0x68,0x6a,0x6a,0x6a,0x6a,0x6a,0x6a,0x6a,0x6a,0x6a,
	0x6a,0x6a,0x6a,0x6a,0x6a,0x6a,0x6a,0x6a,0x6a,0x6a,0x6a,0x6a,0xab,0xa9,0xad,0xab,
	0xab,0xaa,0xaa,0xaa,0xaa,0xaa,0xaa,0xaa,0xaa,0xaa,0xaa,0xaa,0xaa,0xaa,0xaa,0xaa,
	0x52,0x51,0x51,0x51,0x51,0x51,0x51,0x51,0x51,0x51,0x51,0x51,0x51,0x51,0x51,0x51,
	0x51,0x51,0x52,0x50,0x50,0x50,0x91,0x90,0x91,0x91,0x91,0x91,0x91,0x91,0x91,0x91,
	0x91,0x91,0x91,0x91,0x91,0x91,0x91,0x91,0x91,0x91,0x91,0x92,0xd1,0xd2,0xd2,0xd2,
	0xd2,0xd2,0xd2,0xd2,0xd2,0xd2,0xd2,0xd2,0xd2,0xd2,0xd2,0xd2,0xd2,0xd2,0xd2,0xd2,
	0x29,0x29,0x29,0x29,0x29,0x29,0x29,0x29,0x29,0x29,0x29,0x29,0x29,0x29,0x29,0x29,
	0x29,0x29,0x29,0x29,0x29,0x2b,0x68,0x6a,0x6a,0x6a,0x6a,0x6a,0x6a,0x6a,0x6a,0x6a,
	0x6a,0x6a,0x6a,0x6a,0x6a,0x6a,0x6a,0x6a,0x6a,0x6a,0x6a,0x6a,0xab,0xa9,0xad,0xab,
	0xab,0xaa,0xaa,0xaa,0xaa,0xaa,0xaa,0xaa,0xaa,0xaa,0xaa,0xaa,0xaa,0xaa,0xaa,0xaa,
	0x52,0x51,0x51,0x51,0x51,0x51,0x51,0x51,0x51,0x51,0x51,0x51,0x51,0x51,0x51,0x51,
	0x51,0x51,0x52,0x50,0x50,0x50,0x91,0x90,0x91,0x91,0x91,0x91,0x91,0x91,0x91,0x91,
	0x91,0x91,0x91,0x91,0x91,0x91,0x91,0x91,0x91,0x91,0x91,0x92,0xd1,0xd2,0xd2,0xd2,
	0xd2,0xd2,0xd2,0xd2,0xd2,0xd2,0xd2,0xd2,0xd2,0xd2,0xd2,0xd2,0xd2,0xd2,0xd2,0xd2,
	0x29,0x29,0x29,0x29,0x29,0x29,0x29,0x29,0x29,0x29,0x29,0x29,0x29,0x29,0x29,0x29,
	0x29,0x29,0x29,0x29,0x29,0x2b,0x68,0x6a,0x6a,0x6a,0x6a,0x6a,0x6a,0x6a,0x6a,0x6a,
	0x6a,0x6a,0x6a,0x6a,0x6a,0x6a,0x6a,0x6a,0x6a,0x6a,0x6a,0x6a,0xab,0xa9,0xad,0xab,
	0xab,0xaa,0xaa,0xaa,0xaa,0xaa,0xaa,0xaa,0xaa,0xaa,0xaa,0xaa,0xaa,0xaa,0xaa,0xaa,
	0x52,0x51,0x51,0x51,0x51,0x51,0x51,0x51,0x51,0x51,0x51,0x51,0x51,0x51,0x51,0x51,
	0x51,0x51,0x52,0x50,0x50,0x50,0x91,0x90,0x91,0x91,0x91,0x91,0x91,0x91,0x91,0x91,
	0x91,0x91,0x91,0x91,0x91,0x91,0x91,0x91,0x91,0x91,0x91,0x92,0xd1,0xd2,0xd2,0xd2,
	0xd2,0xd2,0xd2,0xd2,0xd2,0xd2,0xd2,0xd2,0xd2,0xd2,0xd2,0xd2,0xd2,0xd2,0xd2,0xd2,
	0x29,0x29,0x29,0x29,0x29,0x29,0x29,0x29,0x29,0x29,0x29,0x29,0x29,0x29,0x29,0x29,
	0x29,0x29,0x29,0x29,0x29,0x2b,0x68,0x6a,0x6a,0x6a,0x6a,0x6a,0x6a,0x6a,0x6a,0x6a,
	0x6a,0x6a,0x6a,0x6a,0x6a,0x6a,0x6a,0x6a,0x6a,0x6a,0x6a,0x6a,0xab,0xa9,0xad,0xab,
	0xab,0xaa,0xaa,0xaa,0xaa,0xaa,0xaa,0xaa,0xaa,0xaa,0xaa,0xaa,0xaa,0xaa,0xaa,0xaa,
	0x52,0x51,0x51,0x51,0x51,0x51,0x51,0x51,0x51,0x51,0x51,0x51,0x51,0x51,0x51,0x51,
	0x51,0x51,0x52,0x50,0x50,0x50,0x91,0x90,0x91,0x91,0x91,0x91,0x91,0x91,0x91,0x91,
	0x91,0x91,0x91,0x91,0x91,0x91,0x91,0x91,0x91,0x91,0x91,0x92,0xd1,0xd2,0xd2,0xd2,
	0xd2,0xd2,0xd2,0xd2,0xd2,0xd2,0xd2,0xd2,0xd2,0xd2,0xd2,0xd2,0xd2,0xd2,0xd2,0xd2,
	0x29,0x29,0x29,0x29,0x29,0x29,0x29,0x29,0x29,0x29,0x29,0x29,0x29,0x29,0x29,0x29,
	0x29,0x29,0x29,0x29,0x29,0x2b,0x68,0x6a,0x6a,0x6a,0x6a,0x6a,0x6a,0x6a,0x6a,0x6a,
	0x6a,0x6a,0x6a,0x6a,0x6a,0x6a,0x6a,0x6a,0x6a,0x6a,0x6a,0x6a,0xab,0xa9,0xad,0xab,
	0xab,0xaa,0xaa,0xaa,0xaa,0xaa,0xaa,0xaa,0xaa,0xaa,0xaa,0xaa,0xaa,0xaa,0xaa,0xaa,
	0x52,0x51,0x51,0x51,0x51,0x51,0x51,0x51,0x51,0x51,0x51,0x51,0x51,0x51,0x51,0x51,
	0x51,0x51,0x52,0x50,0x50,0x50,0x91,0x90,0x91,0x91,0x91,0x91,0x91,0x91,0x91,0x91,
	0x91,0x91,0x91,0x91,0x91,0x91,0x91,0x91,0x91,0x91,0x91,0x92,0xd1,0xd2,0xd2,0xd2,
	0xd2,0xd2,0xd2,0xd2,0xd2,0xd2,0xd2,0xd2,0xd2,0xd2,0xd2,0xd2,0xd2,0xd2,0xd2,0xd2,
	0x29,0x29,0x29,0x29,0x29,0x29,0x29,0x29,0x29,0x29,0x29,0x29,0x29,0x29,0x29,0x29,
	0x29,0x29,0x29,0x29,0x29,0x2b,0x68,0x6a,0x6a,0x6a,0x6a,0x6a,0x6a,0x6a,0x6a,0x6a,
	0x6a,0x6a,0x6a,0x6a,0x6a,0x6a,0x6a,0x6a,0x6a,0x6a,0x6a,0x6a,0xab,0xa9,0xad,0xab,
	0xab,0xaa,0xaa,0xaa,0xaa,0xaa,0xaa,0xaa,0xaa,0xaa,0xaa,0xaa,0xaa,0xaa,0xaa,0xaa,
	0x52,0x51,0x51,0x51,0x51,0x51,0x51,0x51,0x51,0x51,0x51,0x51,0x51,0x51,0x51,0x51,
	0x51,0x51,0x52,0x50,0x50,0x50,0x91,0x90,0x91,0x91,0x91,0x91,0x91,0x91,0x91,0x91,
	0x91,0x91,0x91,0x91,0x91,0x91,0x91,0x91,0x91,0x91,0x91,0x92,0xd1,0xd2,0xd2,0xd2,
	0xd2,0xd2,0xd2,0xd2,0xd2,0xd2,0xd2,0xd2,0xd2,0xd2,0xd2,0xd2,0xd2,0xd2,0xd2,0xd2,
	0x29,0x29,0x29,0x29,0x29,0x29,0x29,0x29,0x29,0x29,0x29,0x29,0x29,0x29,0x29,0x29,
	0x29,0x29,0x29,0x29,0x29,0x2b,0x68,0x6a,0x6a,0x6a,0x6a,0x6a,0x6a,0x6a,0x6a,0x6a,
	0x6a,0x6a,0x6a,0x6a,0x6a,0x6a,0x6a,0x6a,0x6a,0x6a,0x6a,0x6a,0xab,0xa9,0xad,0xab,
	0xab,0xaa,0xaa,0xaa,0xaa,0xaa,0xaa,0xaa,0xaa,0xaa,0xaa,0xaa,0xaa,0xaa,0xaa,0xaa,
	0x52,0x51,0x51,0x51,0x51,0x51,0x51,0x51,0x51,0x51,0x51,0x51,0x51,0x51,0x51,0x51,
	0x51,0x51,0x52,0x50,0x50,0x50,0x91,0x90,0x91,0x91,0x91,0x91,0x91,0x91,0x91,0x91,
	0x91,0x91,0x91,0x91,0x91,0x91,0x91,0x91,0x91,0x91,0x91,0x92,0xd1,0xd2,0xd2,0xd2,
	0xd2,0xd2,0xd2,0xd2,0xd2,0xd2,0xd2,0xd2,0xd2,0xd2,0xd2,0xd2,0xd2,0xd2,0xd2,0xd2,
	0x29,0x29,0x29,0x29,0x29,0x29,0x29,0x29,0x29,0x29,0x29,0x29,0x29,0x29,0x29,0x29,
	0x29,0x29,0x29,0x29,0x29,0x2b,0x68,0x6a,0x6a,0x6a,0x6a,0x6a,0x6a,0x6a,0x6a,0x6a,
	0x6a,0x6a,0x6a,0x6a,0x6a,0x6a,0x6a,0x6a,0x6a,0x6a,0x6a,0x6a,0xab,0xa9,0xad,0xab,
	0xab,0xaa,0xaa,0xaa,0xaa,0xaa,0xaa,0xaa,0xaa,0xaa,0xaa,0xaa,0xaa,0xaa,0xaa,0xaa,
	0x52,0x51,0x51,0x51,0x51,0x51,0x51,0x51,0x51,0x51,0x51,0x51,0x51,0x51,0x51,0x51,
	0x51,0x51,0x52,0x50,0x50,0x50,0x91,0x90,0x91,0x91,0x91,0x91,0x91,0x91,0x91,0x91,
	0x91,0x91,0x91,0x91,0x91,0x91,0x91,0x91,0x91,0x91,0x91,0x92,0xd1,0xd2,0xd2,0xd2,
	0xd2,0xd2,0xd2,0xd2,0xd2,0xd2,0xd2,0xd2,0xd2,0xd2,0xd2,0xd2,0xd2,0xd2,0xd2,0xd2,
	0x29,0x29,0x29,0x29,0x29,0x29,0x29,0x29,0x29,0x29,0x29,0x29,0x29,0x29,0x29,0x29,
	0x29,0x29,0x29,0x29,0x29,0x2b,0x68,0x6a,0x6a,0x6a,0x6a,0x6a,0x6a,0x6a,0x6a,0x6a,
	0x6a,0x6a,0x6a,0x6a,0x6a,0x6a,0x6a,0x6a,0x6a,0x6a,0x6a,0x6a,0xab,0xa9,0xad,0xab,
	0xab,0xaa,0xaa,0xaa,0xaa,0xaa,0xaa,0xaa,0xaa,0xaa,0xaa,0xaa,0xaa,0xaa,0xaa,0xaa,
	0x52,0x51,0x51,0x51,0x51,0x51,0x51,0x51,0x51,0x51,0x51,0x51,0x51,0x51,0x51,0x51,
	0x51,0x51,0x52,0x50,0x50,0x50,0x91,0x90,0x91,0x91,0x91,0x91,0x91,0x91,0x91,0x91,
	0x91,0x91,0x91,0x91,0x91,0x91,0x91,0x91,0x91,0x91,0x91,0x92,0xd1,0xd2,0xd2,0xd2,
	0xd2,0xd2,0xd2,0xd2,0xd2,0xd2,0xd2,0xd2,0xd2,0xd2,0xd2,0xd2,0xd2,0xd2,0xd2,0xd2,
	0x29,0x29,0x29,0x29,0x29,0x29,0x29,0x29,0x29,0x29,0x29,0x29,0x29,0x29,0x29,0x29,
	0x29,0x29,0x29,0x29,0x29,0x2b,0x68,0x6a,0x6a,0x6a,0x6a,0x6a,0x6a,0x6a,0x6a,0x6a,
	0x6a,0x6a,0x6a,0x6a,0x6a,0x6a,0x6a,0x6a,0x6a,0x6a,0x6a,0x6a,0xab,0xa9,0xad,0xab,
	0xab,0xaa,0xaa,0xaa,0xaa,0xaa,0xaa,0xaa,0xaa,0xaa,0xaa,0xaa,0xaa,0xaa,0xaa,0xaa,
	0x52,0x51,0x51,0x51,0x51,0x51,0x51,0x51,0x51,0x51,0x51,0x51,0x51,0x51,0x51,0x51,
	0x51,0x51,0x52,0x50,0x50,0x50,0x91,0x90,0x91,0x91,0x91,0x91,0x91,0x91,0x91,0x91,
	0x91,0x91,0x91,0x91,0x91,0x91,0x91,0x91,0x91,0x91,0x91,0x92,0xd1,0xd2,0xd2,0xd2,
	0xd2,0xd2,0xd2,0xd2,0xd2,0xd2,0xd2,0xd2,0xd2,0xd2,0xd2,0xd2,0xd2,0xd2,0xd2,0xd2,
	0x29,0x29,0x29,0x29,0x29,0x29,0x29,0x29,0x29,0x29,0x29,0x29,0x29,0x29,0x29,0x29,
	0x29,0x29,0x29,0x29,0x29,0x2b,0x68,0x6a,0x6a,0x6a,0x6a,0x6a,0x6a,0x6a,0x6a,0x6a,
	0x6a,0x6a,0x6a,0x6a,0x6a,0x6a,0x6a,0x6a,0x6a,0x6a,0x6a,0x6a,0xab,0xa9,0xad,0xab,
	0xab,0xaa,0xaa,0xaa,0xaa,0xaa,0xaa,0xaa,0xaa,0xaa,0xaa,0xaa,0xaa,0xaa,0xaa,0xaa,
	0x52,0x51,0x51,0x51,0x51,0x51,0x51,0x51,0x51,0x51,0x51,0x51,0x51,0x51,0x51,0x51,
	0x51,0x51,0x52,0x50,0x50,0x50,0x91,0x90,0x91,0x91,0x91,0x91,0x91,0x91,0x91,0x91,
	0x91,0x91,0x91,0x91,0x91,0x91,0x91,0x91,0x91,0x91,0x91,0x92,0xd1,0xd2,0xd2,0xd2,
	0xd2,0xd2,0xd2,0xd2,0xd2,0xd2,0xd2,0xd2,0xd2,0xd2,0xd2,0xd2,0xd2,0xd2,0xd2,0xd2,
	0x29,0x29,0x29,0x29,0x29,0x29,0x29,0x29,0x29,0x29,0x29,0x29,0x29,0x29,0x29,0x29,
	0x29,0x29,0x29,0x29,0x29,0x2b,0x68,0x6a,0x6a,0x6a,0x6a,0x6a,0x6a,0x6a,0x6a,0x6a,
	0x6a,0x6a,0x6a,0x6a,0x6a,0x6a,0x6a,0x6a,0x6a,0x6a,0x6a,0x6a,0xab,0xa9,0xad,0xab,
	0xab,0xaa,0xaa,0xaa,0xaa,0xaa,0xaa,0xaa,0xaa,0xaa,0xaa,0xaa,0xaa,0xaa,0xaa,0xaa,
	0x52,0x51,0x51,0x51,0x51,0x51,0x51,0x51,0x51,0x51,0x51,0x51,0x51,0x51,0x51,0x51,
	0x51,0x51,0x52,0x50,0x50,0x50,0x91,0x90,0x91,0x91,0x91,0x91,0x91,0x91,0x91,0x91,
	0x91,0x91,0x91,0x91,0x91,0x91,0x91,0x91,0x91,0x91,0x91,0x92,0xd1,0xd2,0xd2,0xd2,
	0xd2,0xd2,0xd2,0xd2,0xd2,0xd2,0xd2,0xd2,0xd2,0xd2,0xd2,0xd2,0xd2,0xd2,0xd2,0xd2,
	0x29,0x29,0x29,0x29,0x29,0x29,0x29,0x29,0x29,0x29,0x29,0x29,0x29,0x29,0x29,0x29,
	0x29,0x29,0x29,0x29,0x29,0x2b,0x68,0x6a,0x6a,0x6a,0x6a,0x6a,0x6a,0x6a,0x6a,0x6a,
	0x6a,0x6a,0x6a,0x6a,0x6a,0x6a,0x6a,0x6a,0x6a,0x6a,0x6a,0x6a,0xab,0xa9,0xad,0xab,
	0xab,0xaa,0xaa,0xaa,0xaa,0xaa,0xaa,0xaa,0xaa,0xaa,0xaa,0xaa,0xaa,0xaa,0xaa,0xaa,
	0x51,0x50,0x4a,0x52,0x51,0x50,0x50,0x50,0x53,0x54,0x52,0x51,0x50,0x50,0x52,0x52,
	0x51,0x50,0x50,0x50,0x50,0x51,0x91,0x98,0x96,0x94,0x92,0x92,0x92,0x92,0x92,0x92,
	0x92,0x92,0x92,0x92,0x92,0x92,0x92,0x92,0x92,0x92,0x92,0x92,0xd4,0xd2,0xcd,0xce,
	0xcf,0xd0,0xd0,0xd1,0xd1,0xd1,0xd1,0xd1,0xd1,0xd1,0xd1,0xd1,0xd1,0xd1,0xd1,0xd1,
	0x2a,0x29,0x28,0x29,0x29,0x2a,0x2a,0x2a,0x2a,0x2a,0x2a,0x2a,0x2a,0x2a,0x2a,0x2b,
	0x2b,0x2a,0x26,0x22,0x27,0x2a,0x68,0x6f,0x69,0x69,0x69,0x6b,0x6f,0x69,0x6d,0x67,
	0x67,0x67,0x67,0x67,0x69,0x69,0x6f,0x68,0x69,0x6a,0x6a,0x6a,0xaa,0xaa,0xaa,0xaa,
	0xaa,0xaa,0xaa,0xaa,0xaa,0xaa,0xaa,0xaa,0xaa,0xaa,0xaa,0xaa,0xaa,0xaa,0xaa,0xaa,
	0x51,0x4e,0x4a,0x48,0x4a,0x4c,0x4b,0x4d,0x4f,0x51,0x50,0x50,0x50,0x50,0x51,0x50,
	0x50,0x4f,0x4f,0x4f,0x4f,0x56,0x8b,0x8e,0x90,0x91,0x93,0x93,0x93,0x93,0x93,0x93,
	0x93,0x93,0x93,0x93,0x93,0x93,0x93,0x93,0x93,0x93,0x93,0x93,0xcf,0xcf,0xd4,0xd4,
	0xd3,0xd1,0xd1,0xd0,0xd0,0xd0,0xd0,0xd0,0xd0,0xd0,0xd0,0xd0,0xd0,0xd0,0xd0,0xd0,
	0x2b,0x27,0x28,0x28,0x29,0x2a,0x2a,0x2b,0x2b,0x2b,0x2b,0x2b,0x2b,0x2b,0x2b,0x2b,
	0x2c,0x2f,0x2a,0x2a,0x23,0x2c,0x65,0x61,0x69,0x67,0x6a,0x67,0x68,0x66,0x6b,0x6b,
	0x6b,0x6b,0x6b,0x6b,0x6b,0x6a,0x68,0x6b,0x69,0x6a,0x6a,0x6a,0xaa,0xaa,0xaa,0xaa,
	0xaa,0xaa,0xaa,0xaa,0xaa,0xaa,0xaa,0xaa,0xaa,0xaa,0xaa,0xaa,0xaa,0xaa,0xaa,0xaa,
	0x4b,0x4b,0x23,0x23,0x22,0x21,0x20,0x1f,0x1d,0x1e,0x21,0x22,0x22,0x22,0x21,0x21,
	0x20,0x20,0x20,0x20,0x1e,0x21,0x32,0x30,0x30,0x30,0x30,0x30,0x30,0x30,0x30,0x30,
	0x30,0x30,0x30,0x30,0x30,0x30,0x30,0x30,0x30,0x30,0x30,0x30,0x43,0x3f,0x42,0x41,
	0x40,0x42,0x43,0x43,0x43,0x43,0x43,0x43,0x43,0x43,0x43,0x43,0x43,0x43,0x43,0x43,
	0x14,0x15,0x16,0x15,0x16,0x17,0x18,0x18,0x18,0x18,0x18,0x18,0x18,0x18,0x18,0x18,
	0x17,0x18,0x18,0x15,0x1b,0x12,0x28,0x2c,0x29,0x27,0x26,0x21,0x26,0x28,0x24,0x24,
	0x24,0x24,0x24,0x24,0x28,0x28,0x67,0x6b,0x69,0x6a,0x6a,0x6a,0xaa,0xaa,0xaa,0xaa,
	0xaa,0xaa,0xaa,0xaa,0xaa,0xaa,0xaa,0xaa,0xaa,0xaa,0xaa,0xaa,0xaa,0xaa,0xaa,0xaa,
	0x54,0x4a,0x23,0x1f,0x1e,0x20,0x20,0x20,0x19,0x1a,0x1d,0x1f,0x21,0x20,0x1f,0x1e,
	0x1d,0x1e,0x1e,0x1e,0x1f,0x1f,0x2f,0x32,0x32,0x31,0x31,0x31,0x31,0x31,0x31,0x31,
	0x31,0x31,0x31,0x31,0x31,0x31,0x31,0x31,0x31,0x31,0x31,0x31,0x42,0x43,0x41,0x42,
	0x42,0x41,0x41,0x41,0x41,0x41,0x41,0x41,0x41,0x41,0x41,0x41,0x41,0x41,0x41,0x41,
	0x16,0x15,0x14,0x10,0x11,0x13,0x13,0x14,0x14,0x14,0x14,0x14,0x14,0x14,0x14,0x16,
	0x17,0x16,0x1b,0x14,0x14,0x15,0x26,0x23,0x26,0x26,0x2a,0x25,0x24,0x25,0x23,0x24,
	0x24,0x24,0x24,0x24,0x26,0x29,0x67,0x6b,0x69,0x6a,0x6a,0x6a,0xaa,0xaa,0xaa,0xaa,
	0xaa,0xaa,0xaa,0xaa,0xaa,0xaa,0xaa,0xaa,0xaa,0xaa,0xaa,0xaa,0xaa,0xaa,0xaa,0xaa,
	0x56,0x4d,0x23,0x1e,0x1e,0x20,0x21,0x25,0x21,0x22,0x1b,0x20,0x22,0x23,0x21,0x1d,
	0x21,0x1f,0x22,0x1c,0x1f,0x20,0x2f,0x32,0x32,0x31,0x31,0x31,0x2c,0x30,0x30,0x33,
	0x32,0x2b,0x2f,0x31,0x2d,0x2f,0x33,0x33,0x31,0x30,0x2f,0x35,0x43,0x40,0x41,0x41,
	0x41,0x41,0x41,0x41,0x41,0x42,0x40,0x45,0x3f,0x3d,0x44,0x40,0x3f,0x40,0x3d,0x40,
	0x15,0x15,0x17,0x16,0x14,0x15,0x14,0x15,0x15,0x15,0x15,0x15,0x17,0x18,0x11,0x11,
	0x19,0x13,0x1a,0x16,0x17,0x18,0x22,0x26,0x26,0x25,0x24,0x25,0x24,0x20,0x24,0x26,
	0x23,0x21,0x26,0x23,0x26,0x28,0x68,0x6b,0x69,0x6a,0x6a,0x6a,0xaa,0xaa,0xaa,0xaa,
	0xaa,0xaa,0xaa,0xaa,0xaa,0xaa,0xaa,0xaa,0xaa,0xaa,0xaa,0xaa,0xaa,0xaa,0xaa,0xaa,
	0x57,0x50,0x22,0x1e,0x1f,0x24,0x1f,0x22,0x24,0x28,0x1e,0x1e,0x1b,0x1b,0x1a,0x1b,
	0x1f,0x1e,0x22,0x21,0x1f,0x21,0x2f,0x32,0x32,0x31,0x31,0x31,0x2d,0x31,0x2f,0x33,
	0x31,0x2e,0x30,0x2d,0x2d,0x30,0x32,0x35,0x31,0x34,0x2f,0x32,0x40,0x40,0x40,0x40,
	0x40,0x41,0x41,0x41,0x3e,0x43,0x3f,0x44,0x46,0x41,0x3f,0x3d,0x3a,0x43,0x42,0x43,
	0x1a,0x13,0x15,0x14,0x14,0x15,0x15,0x15,0x15,0x15,0x15,0x15,0x16,0x1b,0x15,0x18,
	0x16,0x17,0x1b,0x16,0x18,0x1d,0x25,0x24,0x22,0x22,0x28,0x27,0x25,0x29,0x28,0x27,
	0x27,0x26,0x28,0x26,0x29,0x26,0x69,0x6a,0x69,0x6a,0x6a,0x6a,0xaa,0xaa,0xaa,0xaa,
	0xaa,0xaa,0xaa,0xaa,0xaa,0xaa,0xaa,0xaa,0xaa,0xaa,0xaa,0xaa,0xaa,0xaa,0xaa,0xaa,
	0x59,0x51,0x21,0x1e,0x1c,0x1f,0x94,0x8f,0x8e,0x8c,0x27,0x2a,0x27,0x2d,0x8d,0x8f,
	0x93,0x92,0x25,0x24,0x1f,0x22,0x30,0x32,0x32,0x31,0x31,0x31,0x2b,0x34,0x8b,0x91,
	0x8e,0x92,0x30,0x2e,0x2d,0x31,0x90,0x93,0x90,0x94,0x32,0x2f,0x41,0x40,0x3f,0x40,
	0x40,0x41,0x41,0x41,0x40,0x3f,0x8c,0x8f,0x92,0x8d,0x44,0x3c,0x3b,0x41,0x91,0x90,
	0x91,0x8c,0x16,0x15,0x16,0x16,0x16,0x16,0x16,0x16,0x16,0x16,0x15,0x19,0x91,0x8e,
	0x89,0x94,0x0f,0x0e,0x20,0x80,0x8e,0x8b,0x90,0x90,0x25,0x28,0x23,0x23,0x90,0x8b,
	0x8f,0x91,0x25,0x23,0x27,0x26,0x6a,0x6a,0x69,0x6a,0x6a,0x6a,0xaa,0xaa,0xaa,0xaa,
	0xaa,0xaa,0xaa,0xaa,0xaa,0xaa,0xaa,0xaa,0xaa,0xaa,0xaa,0xaa,0xaa,0xaa,0xaa,0xaa,
	0x58,0x53,0x22,0x1f,0x1d,0x8e,0x96,0x23,0x2a,0x8a,0x8a,0x27,0x2b,0x85,0x8d,0x1e,
	0x25,0x8f,0x93,0x23,0x1f,0x23,0x30,0x32,0x32,0x31,0x31,0x31,0x2e,0x8e,0x92,0x2d,
	0x2e,0x94,0x92,0x30,0x30,0x8c,0x98,0x2f,0x31,0x91,0x94,0x2e,0x41,0x3f,0x3f,0x3f,
	0x40,0x41,0x41,0x41,0x42,0x8e,0x8f,0x45,0x3f,0x92,0x91,0x40,0x3d,0x8d,0x8f,0x40,
	0x14,0x94,0x92,0x18,0x17,0x17,0x16,0x16,0x17,0x17,0x17,0x17,0x1c,0x8d,0x91,0x1a,
	0x15,0x89,0x87,0x14,0x85,0x8d,0x34,0x2a,0x24,0x8f,0x93,0x2b,0x27,0x93,0x90,0x2c,
	0x29,0x90,0x92,0x27,0x29,0x25,0x6a,0x6a,0x69,0x6a,0x6a,0x6a,0xaa,0xaa,0xaa,0xaa,
	0xaa,0xaa,0xaa,0xaa,0xaa,0xaa,0xaa,0xaa,0xaa,0xaa,0xaa,0xaa,0xaa,0xaa,0xaa,0xaa,
	0x53,0x52,0x23,0x20,0x8c,0x8e,0x21,0x20,0x20,0x26,0x94,0x91,0x90,0x94,0x28,0x24,
	0x27,0x25,0x95,0x92,0x28,0x23,0x2b,0x9a,0x8f,0x2e,0x34,0x2d,0x90,0x94,0x31,0x2c,
	0x2d,0x31,0x91,0x92,0x91,0x8f,0x32,0x31,0x2f,0x30,0x95,0x95,0x41,0x43,0x43,0x91,
	0x91,0x3e,0x3f,0x3f,0x91,0x96,0x3e,0x44,0x3e,0x3e,0x93,0x90,0x90,0x94,0x40,0x41,
	0x13,0x15,0x90,0x91,0x18,0x17,0x17,0x17,0x20,0x27,0x26,0x29,0x93,0x99,0x31,0x2f,
	0x29,0x2e,0x96,0x94,0x95,0x8f,0x28,0x26,0x26,0x8e,0x91,0x2a,0x91,0x98,0x2b,0x2a,
	0x22,0x26,0x93,0x8e,0x29,0x24,0x6a,0x6b,0x69,0x6a,0x6a,0x6a,0xaa,0xaa,0xaa,0xaa,
	0xaa,0xaa,0xaa,0xaa,0xaa,0xaa,0xaa,0xaa,0xaa,0xaa,0xaa,0xaa,0xaa,0xaa,0xaa,0xaa,
	0x55,0x55,0x26,0x24,0x8f,0x8b,0x1f,0x1d,0x25,0x24,0x93,0x92,0x91,0x93,0x28,0x29,
	0x25,0x24,0x91,0x94,0x1b,0x1b,0x34,0x8f,0x90,0x34,0x2d,0x30,0x92,0x92,0x2d,0x31,
	0x2f,0x2e,0x92,0x8f,0x8e,0x91,0x2f,0x30,0x2e,0x35,0x91,0x92,0x41,0x3d,0x43,0x8a,
	0x92,0x44,0x38,0x40,0x92,0x91,0x3c,0x3f,0x3f,0x3d,0x91,0x8f,0x90,0x93,0x40,0x42,
	0x17,0x19,0x98,0x8f,0x17,0x16,0x16,0x17,0x28,0x30,0x2c,0x2d,0x8e,0x95,0x31,0x33,
	0x2f,0x26,0x90,0x94,0x98,0x95,0x1f,0x2e,0x26,0x89,0x91,0x2d,0x8f,0x8d,0x22,0x2e,
	0x25,0x26,0x97,0x94,0x25,0x25,0x6a,0x6b,0x69,0x6a,0x6a,0x6a,0xaa,0xaa,0xaa,0xaa,
	0xaa,0xaa,0xaa,0xaa,0xaa,0xaa,0xaa,0xaa,0xaa,0xaa,0xaa,0xaa,0xaa,0xaa,0xaa,0xaa,
	0x55,0x54,0x25,0x22,0x94,0x8e,0x20,0x88,0x8e,0x23,0x92,0x92,0x91,0x91,0x23,0x8b,
	0x93,0x24,0x8c,0x8f,0x24,0x27,0x2e,0x2b,0x35,0x34,0x31,0x2f,0x94,0x92,0x33,0x94,
	0x90,0x31,0x8c,0x91,0x91,0x8e,0x33,0x90,0x92,0x30,0x8e,0x94,0x3c,0x40,0x41,0x3c,
	0x40,0x41,0x41,0x41,0x96,0x91,0x3e,0x8f,0x93,0x3d,0x8f,0x92,0x93,0x90,0x3d,0x8f,
	0x8f,0x16,0x8e,0x95,0x17,0x16,0x16,0x17,0x28,0x2c,0x27,0x2b,0x91,0x92,0x2d,0x91,
	0x97,0x2d,0x97,0x8d,0x22,0x94,0x87,0x8a,0x8e,0x8a,0x34,0x23,0x93,0x9b,0x22,0x99,
	0x92,0x28,0x93,0x96,0x24,0x26,0x6a,0x6b,0x69,0x6a,0x6a,0x6a,0xaa,0xaa,0xaa,0xaa,
	0xaa,0xaa,0xaa,0xaa,0xaa,0xaa,0xaa,0xaa,0xaa,0xaa,0xaa,0xaa,0xaa,0xaa,0xaa,0xaa,
	0x55,0x53,0x23,0x20,0x90,0x90,0x25,0x90,0x90,0x23,0x93,0x92,0x91,0x96,0x26,0x90,
	0x90,0x25,0x8b,0x90,0x1f,0x24,0x30,0x2f,0x2e,0x34,0x2b,0x2c,0x96,0x90,0x33,0x95,
	0x94,0x31,0x90,0x92,0x93,0x91,0x33,0x93,0x91,0x2f,0x93,0x95,0x42,0x41,0x3e,0x3d,
	0x3e,0x41,0x3f,0x3b,0x93,0x90,0x3f,0x8f,0x91,0x42,0x8d,0x90,0x8f,0x8e,0x43,0x8e,
	0x90,0x13,0x90,0x92,0x16,0x16,0x16,0x17,0x27,0x2b,0x28,0x2d,0x8f,0x96,0x33,0x8f,
	0x93,0x29,0x95,0x9f,0x8e,0x94,0x24,0x36,0x33,0x90,0x95,0x2b,0x8f,0x8e,0x1a,0x8f,
	0x96,0x25,0x94,0x90,0x23,0x29,0x6a,0x6c,0x6a,0x6a,0x6a,0x6a,0xaa,0xaa,0xaa,0xaa,
	0xaa,0xaa,0xaa,0xaa,0xaa,0xaa,0xaa,0xaa,0xaa,0xaa,0xaa,0xaa,0xaa,0xaa,0xaa,0xaa,
	0x54,0x54,0x25,0x21,0x8e,0x93,0x28,0x28,0x27,0x31,0x93,0x95,0x95,0x98,0x3a,0x32,
	0x38,0x2f,0x94,0x92,0x23,0x23,0x33,0x3b,0x38,0x36,0x2a,0x30,0x93,0x93,0x31,0x2c,
	0x32,0x33,0x95,0x91,0x90,0x93,0x30,0x30,0x31,0x2f,0x8f,0x93,0x40,0x41,0x3c,0x40,
	0x43,0x3e,0x40,0x40,0x8e,0x90,0x40,0x41,0x40,0x3f,0x93,0x92,0x92,0x93,0x3f,0x3e,
	0x15,0x18,0x93,0x93,0x13,0x15,0x16,0x1b,0x30,0x2b,0x24,0x2a,0x92,0x95,0x33,0x32,
	0x29,0x2b,0x91,0x8e,0x95,0x92,0x23,0x1f,0x28,0x90,0x8e,0x30,0x94,0x90,0x27,0x23,
	0x28,0x27,0x96,0x94,0x24,0x28,0x6a,0x6c,0x6a,0x6a,0x6a,0x6a,0xaa,0xaa,0xaa,0xaa,
	0xaa,0xaa,0xaa,0xaa,0xaa,0xaa,0xaa,0xaa,0xaa,0xaa,0xaa,0xaa,0xaa,0xaa,0xaa,0xaa,
	0x55,0x55,0x26,0x24,0x8f,0x96,0x27,0x24,0x27,0x30,0x8e,0x90,0x91,0x91,0x36,0x34,
	0x34,0x35,0x90,0x90,0x29,0x2d,0x35,0x8f,0x84,0x35,0x2f,0x2e,0x98,0x8f,0x30,0x2b,
	0x32,0x2f,0x91,0x92,0x91,0x90,0x30,0x35,0x31,0x2d,0x8f,0x90,0x43,0x3f,0x40,0x8a,
	0x89,0x42,0x41,0x43,0x92,0x8f,0x41,0x43,0x43,0x40,0x8f,0x92,0x90,0x8c,0x3c,0x3e,
	0x18,0x14,0x90,0x8d,0x16,0x14,0x16,0x18,0x2c,0x26,0x2b,0x2b,0x92,0x97,0x34,0x2f,
	0x30,0x26,0x91,0x97,0x8b,0x96,0x27,0x29,0x2c,0x94,0x8c,0x2b,0x90,0x96,0x25,0x29,
	0x24,0x27,0x91,0x91,0x27,0x27,0x6a,0x6c,0x6a,0x6a,0x6a,0x6a,0xaa,0xaa,0xaa,0xaa,
	0xaa,0xaa,0xaa,0xaa,0xaa,0xaa,0xaa,0xaa,0xaa,0xaa,0xaa,0xaa,0xaa,0xaa,0xaa,0xaa,
	0x55,0x54,0x27,0x24,0x2b,0x91,0x8d,0x2c,0x2d,0x8c,0x95,0x34,0x35,0x97,0x91,0x35,
	0x37,0x90,0x92,0x3f,0x3a,0x3b,0x28,0x86,0x8c,0x33,0x31,0x2d,0x33,0x8c,0x93,0x34,
	0x2e,0x8c,0x8f,0x32,0x33,0x91,0x8e,0x31,0x32,0x90,0x92,0x35,0x44,0x40,0x43,0x94,
	0x90,0x44,0x42,0x41,0x40,0x92,0x94,0x42,0x47,0x92,0x94,0x3e,0x3d,0x93,0x91,0x43,
	0x16,0x96,0x8f,0x15,0x15,0x13,0x16,0x90,0x87,0x2a,0x28,0x2a,0x2d,0x95,0x97,0x2d,
	0x2c,0x8f,0x8e,0x32,0x83,0x91,0x32,0x35,0x25,0x94,0x90,0x1e,0x28,0x96,0x88,0x24,
	0x2c,0x8e,0x8f,0x23,0x28,0x28,0x6a,0x6b,0x69,0x6a,0x6a,0x6a,0xaa,0xaa,0xaa,0xaa,
	0xaa,0xaa,0xaa,0xaa,0xaa,0xaa,0xaa,0xaa,0xaa,0xaa,0xaa,0xaa,0xaa,0xaa,0xaa,0xaa,
	0x56,0x56,0x27,0x26,0x27,0x2a,0x90,0x94,0x94,0x8e,0x31,0x33,0x34,0x33,0x93,0x99,
	0x8f,0x8e,0x3c,0x3d,0x42,0x42,0x2e,0x33,0x31,0x30,0x2f,0x34,0x31,0x36,0x8e,0x94,
	0x94,0x91,0x32,0x2f,0x2f,0x31,0x8f,0x8f,0x95,0x97,0x32,0x2c,0x41,0x42,0x3e,0x42,
	0x41,0x40,0x42,0x3d,0x3b,0x43,0x8d,0x92,0x92,0x90,0x3e,0x40,0x42,0x42,0x94,0x92,
	0x8d,0x91,0x18,0x12,0x12,0x1a,0x16,0x90,0x8b,0x28,0x30,0x2c,0x2d,0x35,0x92,0x8f,
	0x90,0x91,0x34,0x2e,0x35,0x7e,0x91,0x92,0x91,0x9c,0x2e,0x25,0x20,0x25,0x98,0x96,
	0x92,0x94,0x24,0x25,0x28,0x29,0x6b,0x6b,0x69,0x6a,0x6a,0x6a,0xaa,0xaa,0xaa,0xaa,
	0xaa,0xaa,0xaa,0xaa,0xaa,0xaa,0xaa,0xaa,0xaa,0xaa,0xaa,0xaa,0xaa,0xaa,0xaa,0xaa,
	0x55,0x55,0x27,0x25,0x26,0x28,0x29,0x2b,0x2d,0x2b,0x30,0x30,0x34,0x33,0x35,0x35,
	0x35,0x38,0x39,0x3b,0x3c,0x3d,0x3e,0x3d,0x3c,0x39,0x38,0x37,0x35,0x33,0x33,0x32,
	0x32,0x32,0x31,0x30,0x2f,0x2f,0x2f,0x2f,0x2f,0x2f,0x2d,0x30,0x3e,0x41,0x3e,0x40,
	0x40,0x3f,0x40,0x3d,0x3e,0x3e,0x3f,0x3f,0x3f,0x3f,0x3f,0x40,0x40,0x40,0x40,0x40,
	0x16,0x16,0x16,0x16,0x16,0x16,0x16,0x16,0x16,0x16,0x16,0x16,0x13,0x17,0x2b,0x32,
	0x2c,0x2c,0x2c,0x2d,0x2d,0x2e,0x2d,0x2c,0x28,0x26,0x25,0x25,0x25,0x25,0x25,0x25,
	0x25,0x25,0x25,0x25,0x28,0x29,0x6a,0x6b,0x69,0x6a,0x6a,0x6a,0xaa,0xaa,0xaa,0xaa,
	0xaa,0xaa,0xaa,0xaa,0xaa,0xaa,0xaa,0xaa,0xaa,0xaa,0xaa,0xaa,0xaa,0xaa,0xaa,0xaa,
	0x55,0x54,0x26,0x23,0x25,0x27,0x27,0x2b,0x2c,0x2d,0x31,0x31,0x36,0x34,0x37,0x37,
	0x37,0x39,0x3a,0x3b,0x3c,0x3d,0x3e,0x3d,0x3b,0x38,0x37,0x36,0x35,0x34,0x33,0x33,
	0x33,0x33,0x31,0x30,0x2f,0x2f,0x2f,0x2f,0x30,0x30,0x2e,0x31,0x3e,0x41,0x3e,0x3f,
	0x40,0x40,0x40,0x3e,0x3e,0x3f,0x3f,0x3f,0x3f,0x3f,0x40,0x40,0x40,0x40,0x40,0x40,
	0x16,0x16,0x16,0x16,0x16,0x16,0x16,0x16,0x16,0x16,0x16,0x16,0x16,0x18,0x31,0x32,
	0x32,0x31,0x31,0x31,0x31,0x31,0x2f,0x2e,0x26,0x24,0x25,0x24,0x24,0x25,0x25,0x25,
	0x25,0x25,0x25,0x26,0x26,0x26,0x69,0x6b,0x69,0x6a,0x6a,0x6a,0xaa,0xaa,0xaa,0xaa,
	0xaa,0xaa,0xaa,0xaa,0xaa,0xaa,0xaa,0xaa,0xaa,0xaa,0xaa,0xaa,0xaa,0xaa,0xaa,0xaa,
	0x54,0x54,0x24,0x22,0x24,0x25,0x27,0x29,0x2b,0x2b,0x31,0x31,0x37,0x34,0x36,0x37,
	0x39,0x3a,0x3b,0x3c,0x3e,0x3f,0x40,0x3f,0x3e,0x3b,0x3a,0x39,0x36,0x35,0x34,0x33,
	0x33,0x33,0x32,0x31,0x30,0x30,0x30,0x30,0x31,0x31,0x2e,0x31,0x3e,0x41,0x3e,0x3f,
	0x40,0x40,0x40,0x3e,0x3f,0x3f,0x3f,0x3f,0x3f,0x40,0x40,0x40,0x40,0x40,0x40,0x40,
	0x16,0x16,0x16,0x16,0x16,0x16,0x16,0x16,0x16,0x16,0x16,0x16,0x18,0x18,0x31,0x2c,
	0x2f,0x30,0x30,0x2f,0x30,0x30,0x2f,0x2f,0x27,0x24,0x26,0x26,0x26,0x26,0x26,0x26,
	0x26,0x26,0x26,0x26,0x25,0x25,0x68,0x6b,0x69,0x6a,0x6a,0x6a,0xaa,0xaa,0xaa,0xaa,
	0xaa,0xaa,0xaa,0xaa,0xaa,0xaa,0xaa,0xaa,0xaa,0xaa,0xaa,0xaa,0xaa,0xaa,0xaa,0xaa,
	0x51,0x51,0x23,0x22,0x25,0x29,0x2b,0x2d,0x2c,0x2d,0x2f,0x2e,0x31,0x31,0x36,0x39,
	0x3a,0x3b,0x3b,0x3c,0x3d,0x3e,0x3e,0x3e,0x3d,0x3b,0x3b,0x39,0x38,0x36,0x35,0x35,
	0x35,0x35,0x33,0x32,0x31,0x31,0x31,0x31,0x31,0x31,0x2e,0x31,0x3e,0x41,0x3e,0x3f,
	0x3f,0x3f,0x40,0x3f,0x3f,0x3f,0x3f,0x3f,0x40,0x40,0x40,0x40,0x40,0x40,0x40,0x40,
	0x16,0x16,0x16,0x16,0x16,0x16,0x16,0x16,0x16,0x16,0x16,0x16,0x16,0x15,0x34,0x31,
	0x30,0x30,0x30,0x30,0x30,0x31,0x30,0x2f,0x29,0x26,0x28,0x29,0x29,0x28,0x26,0x26,
	0x26,0x26,0x26,0x26,0x24,0x24,0x68,0x6b,0x69,0x6a,0x6a,0x6a,0xaa,0xaa,0xaa,0xaa,
	0xaa,0xaa,0xaa,0xaa,0xaa,0xaa,0xaa,0xaa,0xaa,0xaa,0xaa,0xaa,0xaa,0xaa,0xaa,0xaa,
	0x4e,0x4e,0x23,0x23,0x25,0x27,0x27,0x27,0x26,0x28,0x30,0x31,0x35,0x32,0x35,0x37,
	0x38,0x3a,0x3b,0x3c,0x3e,0x3f,0x40,0x3f,0x3d,0x3c,0x3c,0x3b,0x39,0x38,0x36,0x36,
	0x35,0x35,0x34,0x33,0x32,0x31,0x31,0x31,0x31,0x31,0x2e,0x31,0x3e,0x41,0x3e,0x3f,
	0x40,0x40,0x40,0x40,0x40,0x40,0x40,0x40,0x40,0x40,0x40,0x40,0x40,0x40,0x40,0x40,
	0x16,0x16,0x16,0x16,0x16,0x16,0x16,0x16,0x16,0x16,0x16,0x16,0x15,0x12,0x2a,0x31,
	0x2e,0x2e,0x2f,0x30,0x31,0x32,0x32,0x31,0x31,0x32,0x34,0x2b,0x34,0x28,0x27,0x26,
	0x27,0x25,0x27,0x20,0x22,0x25,0x68,0x6a,0x68,0x6a,0x6a,0x6a,0xaa,0xaa,0xaa,0xaa,
	0xaa,0xaa,0xaa,0xaa,0xaa,0xaa,0xaa,0xaa,0xaa,0xaa,0xaa,0xaa,0xaa,0xaa,0xaa,0xaa,
	0x4d,0x4e,0x22,0x24,0x27,0x29,0x2a,0x29,0x26,0x29,0x32,0x32,0x35,0x31,0x34,0x35,
	0x38,0x3a,0x3b,0x3d,0x3e,0x3f,0x41,0x40,0x40,0x3e,0x3b,0x3b,0x39,0x37,0x36,0x36,
	0x35,0x35,0x33,0x32,0x31,0x31,0x31,0x31,0x31,0x31,0x2e,0x31,0x3e,0x41,0x3e,0x3f,
	0x40,0x40,0x40,0x40,0x40,0x40,0x40,0x40,0x40,0x40,0x40,0x40,0x40,0x40,0x40,0x40,
	0x16,0x16,0x16,0x16,0x16,0x16,0x16,0x16,0x16,0x16,0x16,0x16,0x1a,0x17,0x2e,0x30,
	0x2d,0x2d,0x2d,0x2d,0x2f,0x2f,0x2f,0x2f,0x30,0x32,0x36,0x2c,0x2e,0x2d,0x2b,0x26,
	0x27,0x25,0x27,0x24,0x25,0x26,0x68,0x69,0x68,0x6a,0x6a,0x6a,0xaa,0xaa,0xaa,0xaa,
	0xaa,0xaa,0xaa,0xaa,0xaa,0xaa,0xaa,0xaa,0xaa,0xaa,0xaa,0xaa,0xaa,0xaa,0xaa,0xaa,
	0x4f,0x4f,0x22,0x22,0x24,0x26,0x28,0x2a,0x2b,0x2c,0x2d,0x28,0x2a,0x2b,0x36,0x3c,
	0x3c,0x3a,0x3a,0x3b,0x3d,0x3e,0x3f,0x3f,0x3f,0x3d,0x3c,0x3a,0x38,0x36,0x36,0x35,
	0x34,0x35,0x34,0x33,0x32,0x31,0x31,0x31,0x31,0x31,0x2e,0x30,0x3d,0x41,0x3e,0x3f,
	0x3f,0x3f,0x40,0x40,0x40,0x40,0x40,0x40,0x40,0x40,0x40,0x40,0x40,0x40,0x40,0x40,
	0x16,0x16,0x16,0x16,0x16,0x16,0x16,0x16,0x16,0x16,0x16,0x16,0x18,0x13,0x19,0x15,
	0x15,0x17,0x1a,0x1e,0x21,0x25,0x28,0x2a,0x2e,0x31,0x34,0x2a,0x31,0x94,0x93,0x8f,
	0x90,0x90,0x25,0x25,0x26,0x27,0x68,0x68,0x67,0x6a,0x6a,0x6a,0xaa,0xaa,0xaa,0xaa,
	0xaa,0xaa,0xaa,0xaa,0xaa,0xaa,0xaa,0xaa,0xaa,0xaa,0xaa,0xaa,0xaa,0xaa,0xaa,0xaa,
	0x52,0x50,0x22,0x20,0x20,0x22,0x24,0x27,0x27,0x2b,0x31,0x2e,0x30,0x31,0x3a,0x3f,
	0x3c,0x3a,0x3b,0x3b,0x3c,0x3c,0x3c,0x3d,0x3e,0x3d,0x3d,0x3c,0x3b,0x39,0x38,0x37,
	0x36,0x36,0x34,0x33,0x33,0x32,0x31,0x31,0x31,0x31,0x2f,0x30,0x3d,0x41,0x3f,0x3f,
	0x3f,0x40,0x40,0x40,0x40,0x40,0x40,0x40,0x40,0x40,0x40,0x40,0x40,0x40,0x40,0x40,
	0x16,0x16,0x16,0x16,0x16,0x16,0x16,0x16,0x16,0x16,0x16,0x16,0x16,0x15,0x15,0x13,
	0x12,0x14,0x19,0x1d,0x23,0x28,0x2b,0x2d,0x2f,0x32,0x35,0x2e,0x98,0x97,0x2d,0x29,
	0x2a,0x92,0x94,0x26,0x27,0x28,0x69,0x69,0x67,0x6a,0x6a,0x6a,0xaa,0xaa,0xaa,0xaa,
	0xaa,0xaa,0xaa,0xaa,0xaa,0xaa,0xaa,0xaa,0xaa,0xaa,0xaa,0xaa,0xaa,0xaa,0xaa,0xaa,
	0x53,0x51,0x22,0x1f,0x1e,0x1f,0x21,0x23,0x27,0x2b,0x2e,0x30,0x31,0x31,0x31,0x31,
	0x39,0x3b,0x3b,0x3c,0x3d,0x3e,0x3f,0x3e,0x3d,0x3e,0x3d,0x3c,0x3b,0x3b,0x3a,0x39,
	0x38,0x36,0x35,0x34,0x33,0x32,0x32,0x31,0x31,0x31,0x2f,0x30,0x38,0x3f,0x3f,0x3f,
	0x3e,0x40,0x41,0x41,0x40,0x40,0x40,0x40,0x40,0x40,0x40,0x40,0x40,0x40,0x40,0x40,
	0x16,0x16,0x16,0x16,0x16,0x16,0x16,0x16,0x16,0x16,0x16,0x16,0x16,0x16,0x16,0x16,
	0x16,0x16,0x16,0x16,0x30,0x30,0x2e,0x2c,0x33,0x2e,0x31,0x2c,0x32,0x28,0x24,0x2b,
	0x2c,0x8f,0x93,0x29,0x27,0x27,0x6b,0x73,0x67,0x6a,0x6a,0x6a,0xaa,0xaa,0xaa,0xaa,
	0xaa,0xaa,0xaa,0xaa,0xaa,0xaa,0xaa,0xaa,0xaa,0xaa,0xaa,0xaa,0xaa,0xaa,0xaa,0xaa,
	0x52,0x50,0x22,0x1f,0x1f,0x1f,0x1f,0x21,0x23,0x25,0x29,0x2c,0x2f,0x31,0x33,0x34,
	0x37,0x3a,0x3b,0x3d,0x3e,0x3f,0x41,0x41,0x3f,0x3e,0x3c,0x3c,0x3b,0x3a,0x3a,0x39,
	0x37,0x36,0x36,0x35,0x35,0x33,0x32,0x31,0x31,0x31,0x31,0x2e,0x31,0x3d,0x41,0x40,
	0x3f,0x40,0x40,0x40,0x40,0x40,0x40,0x40,0x40,0x40,0x40,0x40,0x40,0x40,0x40,0x40,
	0x16,0x16,0x16,0x16,0x16,0x16,0x16,0x16,0x16,0x16,0x16,0x16,0x16,0x16,0x16,0x16,
	0x16,0x16,0x16,0x16,0x30,0x31,0x2f,0x2e,0x2c,0x28,0x2d,0x31,0x32,0x33,0x22,0x25,
	0x8d,0x8a,0x27,0x24,0x25,0x20,0x62,0x6c,0x68,0x6a,0x6a,0x6a,0xaa,0xaa,0xaa,0xaa,
	0xaa,0xaa,0xaa,0xaa,0xaa,0xaa,0xaa,0xaa,0xaa,0xaa,0xaa,0xaa,0xaa,0xaa,0xaa,0xaa,
	0x50,0x4f,0x22,0x20,0x20,0x20,0x20,0x1f,0x1f,0x20,0x23,0x26,0x2a,0x2e,0x31,0x34,
	0x3a,0x3a,0x3a,0x3b,0x3d,0x3e,0x3f,0x3f,0x3e,0x3c,0x3c,0x3b,0x3a,0x39,0x39,0x38,
	0x37,0x36,0x36,0x35,0x35,0x33,0x32,0x31,0x31,0x31,0x31,0x30,0x2f,0x36,0x3f,0x40,
	0x40,0x40,0x40,0x40,0x40,0x40,0x40,0x40,0x40,0x40,0x40,0x40,0x40,0x40,0x40,0x40,
	0x16,0x16,0x16,0x16,0x16,0x16,0x16,0x16,0x16,0x16,0x16,0x16,0x16,0x16,0x16,0x16,
	0x16,0x16,0x16,0x16,0x30,0x31,0x30,0x2f,0x33,0x2c,0x34,0x34,0x2f,0x32,0x33,0x8c,
	0x95,0x31,0x25,0x22,0x26,0x24,0x69,0x69,0x68,0x6a,0x6a,0x6a,0xaa,0xaa,0xaa,0xaa,
	0xaa,0xaa,0xaa,0xaa,0xaa,0xaa,0xaa,0xaa,0xaa,0xaa,0xaa,0xaa,0xaa,0xaa,0xaa,0xaa,
	0x50,0x50,0x22,0x21,0x21,0x21,0x20,0x1f,0x1f,0x1f,0x20,0x22,0x25,0x27,0x2a,0x2c,
	0x3b,0x3b,0x3b,0x3b,0x3b,0x3b,0x3b,0x3b,0x3d,0x3d,0x3d,0x3c,0x3b,0x3a,0x3a,0x39,
	0x37,0x36,0x36,0x35,0x35,0x33,0x32,0x31,0x31,0x31,0x31,0x31,0x2e,0x31,0x3c,0x3f,
	0x3f,0x40,0x41,0x41,0x40,0x3f,0x40,0x40,0x40,0x40,0x40,0x40,0x40,0x40,0x40,0x40,
	0x16,0x16,0x16,0x16,0x16,0x16,0x16,0x16,0x16,0x16,0x16,0x16,0x16,0x16,0x16,0x16,
	0x16,0x16,0x16,0x16,0x31,0x32,0x2f,0x30,0x30,0x2d,0x36,0x34,0x30,0x3e,0x82,0x94,
	0x37,0x31,0x2b,0x2c,0x28,0x29,0x66,0x6f,0x69,0x6a,0x6a,0x6a,0xaa,0xaa,0xaa,0xaa,
	0xaa,0xaa,0xaa,0xaa,0xaa,0xaa,0xaa,0xaa,0xaa,0xaa,0xaa,0xaa,0xaa,0xaa,0xaa,0xaa,
	0x52,0x51,0x23,0x21,0x21,0x20,0x20,0x20,0x1f,0x1f,0x20,0x20,0x21,0x22,0x22,0x22,
	0x20,0x22,0x3c,0x3b,0x3e,0x40,0x3c,0x3f,0x3d,0x3d,0x3d,0x3c,0x39,0x38,0x38,0x38,
	0x38,0x36,0x36,0x35,0x35,0x33,0x32,0x31,0x31,0x31,0x31,0x31,0x30,0x2f,0x35,0x3d,
	0x36,0x3a,0x3e,0x40,0x3f,0x3f,0x40,0x40,0x41,0x40,0x40,0x40,0x40,0x40,0x40,0x40,
	0x16,0x16,0x16,0x16,0x16,0x16,0x16,0x16,0x16,0x16,0x16,0x16,0x16,0x16,0x16,0x16,
	0x16,0x16,0x16,0x16,0x18,0x18,0x1f,0x21,0x25,0x26,0x2f,0x35,0x34,0x95,0x8a,0x33,
	0x2b,0x34,0x26,0x28,0x22,0x29,0x66,0x6c,0x69,0x6a,0x6a,0x6a,0xaa,0xaa,0xaa,0xaa,
	0xaa,0xaa,0xaa,0xaa,0xaa,0xaa,0xaa,0xaa,0xaa,0xaa,0xaa,0xaa,0xaa,0xaa,0xaa,0xaa,
	0x53,0x51,0x23,0x20,0x20,0x1f,0x20,0x20,0x20,0x20,0x20,0x20,0x20,0x1f,0x1e,0x1d,
	0x20,0x26,0x37,0x3b,0x3d,0x3c,0x41,0x41,0x3e,0x3e,0x3d,0x3a,0x38,0x36,0x38,0x38,
	0x38,0x36,0x36,0x35,0x35,0x33,0x32,0x31,0x31,0x31,0x31,0x31,0x31,0x2f,0x30,0x3a,
	0x33,0x31,0x38,0x3c,0x3d,0x3e,0x40,0x41,0x41,0x41,0x40,0x40,0x40,0x40,0x40,0x40,
	0x16,0x16,0x16,0x16,0x16,0x16,0x16,0x16,0x16,0x16,0x16,0x16,0x16,0x16,0x16,0x16,
	0x16,0x16,0x16,0x16,0x18,0x18,0x24,0x27,0x25,0x28,0x33,0x31,0x98,0x8d,0x32,0x35,
	0x36,0x24,0x29,0x2d,0x28,0x25,0x6b,0x6b,0x69,0x6a,0x6a,0x6a,0xaa,0xaa,0xaa,0xaa,
	0xaa,0xaa,0xaa,0xaa,0xaa,0xaa,0xaa,0xaa,0xaa,0xaa,0xaa,0xaa,0xaa,0xaa,0xaa,0xaa,
	0x52,0x50,0x22,0x20,0x1f,0x1f,0x1f,0x20,0x20,0x20,0x20,0x20,0x20,0x1f,0x1f,0x1d,
	0x22,0x24,0x20,0x20,0x22,0x23,0x3c,0x40,0x3e,0x3f,0x3d,0x3c,0x38,0x38,0x39,0x39,
	0x38,0x36,0x36,0x35,0x35,0x33,0x32,0x31,0x30,0x30,0x30,0x30,0x31,0x30,0x2f,0x33,
	0x33,0x31,0x32,0x32,0x35,0x39,0x3e,0x41,0x41,0x41,0x41,0x41,0x40,0x40,0x40,0x40,
	0x16,0x16,0x16,0x16,0x16,0x16,0x16,0x16,0x16,0x16,0x16,0x16,0x16,0x16,0x16,0x16,
	0x16,0x16,0x16,0x16,0x17,0x16,0x25,0x28,0x27,0x28,0x26,0x37,0x90,0x94,0x3a,0x37,
	0x36,0x8f,0x95,0x25,0x1d,0x1e,0x69,0x67,0x69,0x6a,0x6a,0x6a,0xaa,0xaa,0xaa,0xaa,
	0xaa,0xaa,0xaa,0xaa,0xaa,0xaa,0xaa,0xaa,0xaa,0xaa,0xaa,0xaa,0xaa,0xaa,0xaa,0xaa,
	0x51,0x50,0x22,0x20,0x1f,0x1f,0x20,0x20,0x20,0x20,0x20,0x20,0x20,0x20,0x20,0x1f,
	0x24,0x26,0x1d,0x1e,0x1f,0x20,0x3b,0x3e,0x38,0x3a,0x3c,0x3b,0x39,0x38,0x38,0x38,
	0x37,0x35,0x35,0x34,0x34,0x33,0x30,0x30,0x30,0x30,0x30,0x30,0x30,0x30,0x2f,0x30,
	0x31,0x31,0x33,0x32,0x31,0x31,0x37,0x3b,0x3e,0x40,0x40,0x40,0x42,0x42,0x41,0x41,
	0x16,0x16,0x16,0x16,0x16,0x16,0x16,0x16,0x16,0x16,0x16,0x16,0x16,0x16,0x16,0x15,
	0x16,0x16,0x16,0x16,0x16,0x14,0x24,0x28,0x22,0x2c,0x30,0x2e,0x86,0x91,0x88,0x89,
	0x92,0x9b,0x83,0x26,0x26,0x25,0x67,0x65,0x69,0x6a,0x6a,0x6a,0xaa,0xaa,0xaa,0xaa,
	0xaa,0xaa,0xaa,0xaa,0xaa,0xaa,0xaa,0xaa,0xaa,0xaa,0xaa,0xaa,0xaa,0xaa,0xaa,0xaa,
	0x50,0x4f,0x21,0x1f,0x20,0x20,0x20,0x20,0x20,0x20,0x20,0x20,0x20,0x20,0x20,0x20,
	0x21,0x23,0x21,0x22,0x21,0x1f,0x33,0x31,0x32,0x32,0x30,0x2f,0x2f,0x31,0x31,0x33,
	0x37,0x37,0x36,0x35,0x34,0x32,0x31,0x31,0x31,0x31,0x31,0x31,0x31,0x31,0x30,0x30,
	0x30,0x31,0x32,0x32,0x30,0x31,0x33,0x35,0x36,0x38,0x3c,0x3f,0x40,0x41,0x43,0x45,
	0x16,0x17,0x13,0x19,0x1b,0x19,0x1d,0x16,0x16,0x17,0x17,0x17,0x16,0x16,0x16,0x15,
	0x15,0x16,0x16,0x16,0x16,0x13,0x24,0x28,0x29,0x27,0x2f,0x31,0x30,0x2e,0x2e,0x2e,
	0x46,0x3e,0x22,0x26,0x27,0x28,0x6a,0x6b,0x69,0x6a,0x6a,0x6a,0xaa,0xaa,0xaa,0xaa,
	0xaa,0xaa,0xaa,0xaa,0xaa,0xaa,0xaa,0xaa,0xaa,0xaa,0xaa,0xaa,0xaa,0xaa,0xaa,0xaa,
	0x51,0x50,0x22,0x20,0x20,0x20,0x20,0x20,0x20,0x20,0x20,0x20,0x20,0x20,0x20,0x20,
	0x20,0x20,0x20,0x20,0x20,0x1f,0x32,0x31,0x31,0x31,0x30,0x2f,0x2f,0x2f,0x2f,0x31,
	0x37,0x39,0x38,0x37,0x36,0x35,0x34,0x33,0x33,0x33,0x33,0x33,0x33,0x33,0x32,0x32,
	0x30,0x2e,0x2e,0x2f,0x30,0x30,0x31,0x32,0x34,0x36,0x39,0x3b,0x3d,0x3e,0x3e,0x3e,
	0x10,0x11,0x14,0x1a,0x1c,0x1a,0x16,0x11,0x15,0x16,0x16,0x16,0x16,0x16,0x16,0x16,
	0x15,0x16,0x16,0x16,0x16,0x15,0x25,0x28,0x29,0x29,0x2d,0x2f,0x2f,0x30,0x30,0x30,
	0x29,0x28,0x29,0x24,0x25,0x26,0x69,0x69,0x69,0x6a,0x6a,0x6a,0xaa,0xaa,0xaa,0xaa,
	0xaa,0xaa,0xaa,0xaa,0xaa,0xaa,0xaa,0xaa,0xaa,0xaa,0xaa,0xaa,0xaa,0xaa,0xaa,0xaa,
	0x51,0x50,0x22,0x20,0x20,0x20,0x20,0x20,0x20,0x20,0x20,0x20,0x20,0x20,0x20,0x20,
	0x20,0x20,0x20,0x20,0x20,0x1f,0x32,0x31,0x31,0x31,0x30,0x2f,0x2f,0x2f,0x2f,0x30,
	0x32,0x33,0x33,0x32,0x31,0x31,0x30,0x30,0x30,0x30,0x30,0x30,0x30,0x30,0x30,0x30,
	0x30,0x30,0x30,0x31,0x31,0x32,0x32,0x34,0x34,0x35,0x35,0x36,0x37,0x3a,0x3c,0x3d,
	0x18,0x15,0x12,0x13,0x16,0x18,0x18,0x17,0x17,0x16,0x16,0x16,0x16,0x16,0x15,0x16,
	0x16,0x16,0x16,0x16,0x15,0x16,0x25,0x28,0x28,0x27,0x29,0x2a,0x28,0x26,0x25,0x24,
	0x29,0x2a,0x28,0x27,0x26,0x26,0x68,0x69,0x6a,0x6a,0x6a,0x6a,0xaa,0xaa,0xaa,0xaa,
	0xaa,0xaa,0xaa,0xaa,0xaa,0xaa,0xaa,0xaa,0xaa,0xaa,0xaa,0xaa,0xaa,0xaa,0xaa,0xaa,
	0x51,0x50,0x22,0x20,0x20,0x20,0x20,0x20,0x20,0x20,0x20,0x20,0x20,0x20,0x20,0x20,
	0x20,0x20,0x20,0x20,0x20,0x1f,0x32,0x31,0x31,0x31,0x30,0x2f,0x2f,0x2f,0x2f,0x30,
	0x31,0x32,0x32,0x32,0x31,0x31,0x31,0x31,0x31,0x31,0x31,0x31,0x31,0x31,0x31,0x31,
	0x30,0x2f,0x30,0x30,0x31,0x32,0x32,0x33,0x34,0x34,0x32,0x32,0x34,0x36,0x3b,0x3d,
	0x16,0x18,0x10,0x12,0x17,0x15,0x16,0x16,0x15,0x16,0x16,0x16,0x16,0x16,0x15,0x16,
	0x17,0x16,0x16,0x16,0x15,0x17,0x25,0x28,0x26,0x25,0x25,0x25,0x25,0x26,0x26,0x25,
	0x22,0x23,0x26,0x2a,0x28,0x24,0x68,0x69,0x6a,0x6a,0x6a,0x6a,0xaa,0xaa,0xaa,0xaa,
	0xaa,0xaa,0xaa,0xaa,0xaa,0xaa,0xaa,0xaa,0xaa,0xaa,0xaa,0xaa,0xaa,0xaa,0xaa,0xaa,
	0x50,0x4d,0x1c,0x1d,0x1e,0x20,0x20,0x21,0x21,0x21,0x21,0x21,0x21,0x21,0x21,0x21,
	0x21,0x21,0x21,0x21,0x1d,0x1f,0x32,0x34,0x34,0x34,0x33,0x33,0x33,0x33,0x33,0x32,
	0x32,0x31,0x31,0x31,0x32,0x32,0x32,0x32,0x32,0x32,0x32,0x32,0x32,0x32,0x32,0x31,
	0x31,0x31,0x31,0x31,0x31,0x32,0x32,0x33,0x33,0x32,0x31,0x31,0x33,0x35,0x39,0x39,
	0x33,0x38,0x1a,0x13,0x16,0x15,0x14,0x16,0x11,0x18,0x18,0x17,0x17,0x17,0x17,0x17,
	0x17,0x17,0x17,0x17,0x17,0x16,0x29,0x29,0x28,0x27,0x27,0x27,0x27,0x27,0x27,0x26,
	0x28,0x28,0x2a,0x2d,0x2a,0x2c,0x69,0x67,0x6a,0x6a,0x6a,0x6a,0xaa,0xaa,0xaa,0xaa,
	0xaa,0xaa,0xaa,0xaa,0xaa,0xaa,0xaa,0xaa,0xaa,0xaa,0xaa,0xaa,0xaa,0xaa,0xaa,0xaa,
	0x51,0x4e,0x21,0x21,0x21,0x20,0x20,0x20,0x20,0x20,0x20,0x20,0x20,0x20,0x20,0x20,
	0x20,0x20,0x20,0x20,0x20,0x21,0x32,0x2f,0x2f,0x2f,0x2f,0x2f,0x2f,0x2f,0x2f,0x2f,
	0x30,0x30,0x31,0x31,0x32,0x33,0x33,0x33,0x33,0x33,0x33,0x33,0x33,0x33,0x32,0x32,
	0x32,0x31,0x31,0x32,0x32,0x33,0x33,0x33,0x33,0x32,0x32,0x33,0x34,0x36,0x38,0x37,
	0x38,0x3a,0x1f,0x16,0x1d,0x15,0x13,0x1b,0x15,0x1c,0x19,0x17,0x15,0x14,0x12,0x16,
	0x18,0x17,0x15,0x14,0x12,0x15,0x28,0x29,0x29,0x29,0x29,0x29,0x29,0x29,0x29,0x29,
	0x21,0x21,0x22,0x22,0x20,0x23,0x69,0x6d,0x6a,0x6a,0x6a,0x6a,0xaa,0xaa,0xaa,0xaa,
	0xaa,0xaa,0xaa,0xaa,0xaa,0xaa,0xaa,0xaa,0xaa,0xaa,0xaa,0xaa,0xaa,0xaa,0xaa,0xaa,
	0x51,0x53,0x4b,0x53,0x52,0x51,0x50,0x50,0x50,0x50,0x50,0x50,0x50,0x50,0x50,0x50,
	0x50,0x50,0x50,0x50,0x53,0x56,0x89,0x90,0x90,0x90,0x90,0x90,0x90,0x90,0x90,0x90,
	0x90,0x90,0x91,0x92,0x93,0x94,0x95,0x95,0x95,0x95,0x95,0x95,0x95,0x96,0x96,0x97,
	0x98,0x98,0x99,0x9a,0x9b,0x9b,0x9c,0x9d,0x9e,0xa0,0xa2,0xa4,0xa4,0xa6,0xa6,0xa6,
	0x9d,0x9f,0x97,0x91,0x88,0x82,0x39,0x2d,0x29,0x28,0x28,0x29,0x29,0x28,0x2e,0x28,
	0x27,0x29,0x29,0x28,0x2e,0x27,0x69,0x6a,0x6a,0x6a,0x6a,0x6a,0x6a,0x6a,0x6a,0x6a,
	0x5d,0x5d,0x5d,0x5d,0x5a,0x5d,0x6d,0x6a,0x6a,0x6a,0x6a,0x6a,0xaa,0xaa,0xaa,0xaa,
	0xaa,0xaa,0xaa,0xaa,0xaa,0xaa,0xaa,0xaa,0xaa,0xaa,0xaa,0xaa,0xaa,0xaa,0xaa,0xaa,
	0x53,0x4f,0x52,0x4c,0x4d,0x4e,0x4e,0x4f,0x4f,0x4f,0x4f,0x4f,0x4f,0x4f,0x4f,0x4f,
	0x4f,0x4f,0x4f,0x4f,0x54,0x50,0x8d,0x8e,0x8e,0x8e,0x8e,0x8e,0x8e,0x8e,0x8e,0x8f,
	0x90,0x91,0x92,0x93,0x94,0x95,0x96,0x97,0x97,0x97,0x97,0x97,0x97,0x97,0x98,0x98,
	0x98,0x99,0x99,0x9a,0x9b,0x9c,0x9c,0x9d,0x9e,0xa0,0xa3,0xa7,0xa7,0xa8,0xa6,0xa5,
	0xa0,0x9c,0x9b,0x8f,0x87,0x8a,0x30,0x29,0x27,0x28,0x29,0x29,0x2a,0x2a,0x2d,0x26,
	0x28,0x29,0x2a,0x2a,0x2d,0x25,0x6a,0x6a,0x6a,0x6a,0x6a,0x6a,0x6a,0x6a,0x6a,0x6a,
	0x6e,0x6e,0x6e,0x6e,0x6e,0x73,0x6a,0x66,0x6a,0x6a,0x6a,0x6a,0xaa,0xaa,0xaa,0xaa,
	0xaa,0xaa,0xaa,0xaa,0xaa,0xaa,0xaa,0xaa,0xaa,0xaa,0xaa,0xaa,0xaa,0xaa,0xaa,0xaa,
	0x52,0x51,0x51,0x50,0x50,0x50,0x50,0x51,0x51,0x51,0x51,0x51,0x51,0x51,0x51,0x51,
	0x51,0x51,0x52,0x50,0x50,0x50,0x91,0x90,0x91,0x91,0x91,0x91,0x91,0x91,0x91,0x91,
	0x91,0x91,0x91,0x91,0x91,0x91,0x91,0x90,0x91,0x96,0x91,0x90,0x9a,0x91,0x98,0x96,
	0x99,0x99,0x9a,0x9b,0x9c,0x9e,0x9f,0xa0,0xa1,0xa1,0xa2,0xa5,0xa5,0xa7,0xa7,0xa7,
	0xa4,0xa4,0x98,0x97,0x8c,0x8b,0x81,0x81,0x75,0x6f,0x30,0x2a,0x2a,0x25,0x2c,0x27,
	0x20,0x28,0x24,0x25,0x29,0x28,0x69,0x6b,0x6a,0x6a,0x6a,0x6a,0x6a,0x6a,0x6a,0x6a,
	0x69,0x69,0x69,0x69,0x69,0x6b,0x6a,0x69,0x6a,0x6a,0x6a,0x6a,0xaa,0xaa,0xaa,0xaa,
	0xaa,0xaa,0xaa,0xaa,0xaa,0xaa,0xaa,0xaa,0xaa,0xaa,0xaa,0xaa,0xaa,0xaa,0xaa,0xaa,
	0x52,0x51,0x51,0x51,0x51,0x51,0x51,0x51,0x51,0x51,0x51,0x51,0x51,0x51,0x51,0x51,
	0x51,0x51,0x52,0x50,0x50,0x50,0x91,0x90,0x91,0x91,0x91,0x91,0x91,0x91,0x91,0x91,
	0x91,0x91,0x91,0x91,0x91,0x91,0x91,0x90,0x90,0x8e,0x92,0x8c,0x9b,0x99,0x98,0x9b,
	0x99,0x9a,0x9a,0x9b,0x9d,0x9e,0x9f,0xa1,0xa2,0xa1,0xa2,0xa5,0xa5,0xa7,0xa7,0xa7,
	0xa4,0xa4,0x98,0x97,0x8c,0x8b,0x81,0x81,0x75,0x6b,0x3b,0x31,0x30,0x31,0x2d,0x2f,
	0x26,0x29,0x25,0x26,0x2a,0x28,0x69,0x6b,0x6a,0x6a,0x6a,0x6a,0x6a,0x6a,0x6a,0x6a,
	0x6a,0x6a,0x6a,0x6a,0x6a,0x6a,0x6a,0x6b,0x6a,0x6a,0x6a,0x6a,0xaa,0xaa,0xaa,0xaa,
	0xaa,0xaa,0xaa,0xaa,0xaa,0xaa,0xaa,0xaa,0xaa,0xaa,0xaa,0xaa,0xaa,0xaa,0xaa,0xaa,
	0x52,0x51,0x51,0x51,0x51,0x51,0x51,0x51,0x51,0x51,0x51,0x51,0x51,0x51,0x51,0x51,
	0x51,0x51,0x52,0x50,0x50,0x50,0x91,0x90,0x91,0x91,0x91,0x91,0x91,0x91,0x91,0x91,
	0x91,0x91,0x91,0x91,0x91,0x91,0x91,0x92,0x94,0x90,0x93,0x94,0xcf,0xcf,0x9c,0x95,
	0x96,0x9b,0x99,0x9c,0x9e,0x9e,0x9f,0xa1,0xa2,0xa1,0xa2,0xa5,0xa5,0xa7,0xa7,0xa7,
	0xa4,0xa4,0x98,0x97,0x8c,0x8b,0x81,0x81,0x71,0x70,0x67,0x64,0x5e,0x55,0x2d,0x26,
	0x24,0x2c,0x28,0x28,0x2a,0x29,0x68,0x6a,0x6a,0x6a,0x6a,0x6a,0x6a,0x6a,0x6a,0x6a,
	0x6a,0x6a,0x6a,0x6a,0x6a,0x6a,0x6a,0x6b,0x6a,0x6a,0x6a,0x6a,0xaa,0xaa,0xaa,0xaa,
	0xaa,0xaa,0xaa,0xaa,0xaa,0xaa,0xaa,0xaa,0xaa,0xaa,0xaa,0xaa,0xaa,0xaa,0xaa,0xaa,
	0x52,0x51,0x51,0x51,0x51,0x51,0x51,0x51,0x51,0x51,0x51,0x51,0x51,0x51,0x51,0x51,
	0x51,0x51,0x52,0x50,0x50,0x50,0x91,0x90,0x91,0x91,0x91,0x91,0x91,0x91,0x91,0x91,
	0x91,0x91,0x91,0x91,0x91,0x91,0x91,0x92,0x93,0x92,0x91,0x8e,0xd3,0xd1,0x9d,0x9d,
	0x9d,0x98,0x9c,0x9f,0x9e,0x9e,0xa0,0xa1,0xa2,0xa1,0xa2,0xa5,0xa5,0xa7,0xa7,0xa7,
	0xa4,0xa4,0x98,0x97,0x8c,0x8b,0x81,0x81,0x6d,0x6d,0x6e,0x6d,0x63,0x5a,0x30,0x29,
	0x29,0x30,0x2b,0x2a,0x2c,0x29,0x68,0x6a,0x6a,0x6a,0x6a,0x6a,0x6a,0x6a,0x6a,0x6a,
	0x6a,0x6a,0x6a,0x6a,0x6a,0x6a,0x6a,0x6b,0x6a,0x6a,0x6a,0x6a,0xaa,0xaa,0xaa,0xaa,
	0xaa,0xaa,0xaa,0xaa,0xaa,0xaa,0xaa,0xaa,0xaa,0xaa,0xaa,0xaa,0xaa,0xaa,0xaa,0xaa,
	0x52,0x51,0x51,0x51,0x51,0x51,0x51,0x51,0x51,0x51,0x51,0x51,0x51,0x51,0x51,0x51,
	0x51,0x51,0x52,0x50,0x50,0x50,0x91,0x90,0x91,0x91,0x91,0x91,0x91,0x91,0x91,0x91,
	0x91,0x91,0x91,0x91,0x91,0x91,0x91,0x91,0x8e,0x8b,0x92,0x93,0xcd,0xd4,0xcb,0xce,
	0xd0,0xce,0x9e,0x9b,0x9e,0x9e,0xa0,0xa1,0xa2,0xa1,0xa2,0xa5,0xa5,0xa7,0xa7,0xa7,
	0xa5,0xa4,0x98,0x97,0x8c,0x8b,0x81,0x81,0x78,0x75,0x69,0x65,0x5c,0x5e,0x4e,0x50,
	0x41,0x33,0x2e,0x2c,0x2d,0x29,0x68,0x69,0x6a,0x6a,0x6a,0x6a,0x6a,0x6a,0x6a,0x6b,
	0x6a,0x6a,0x6a,0x6a,0x6a,0x6a,0x6a,0x6b,0x6a,0x6a,0x6a,0x6a,0xaa,0xaa,0xaa,0xaa,
	0xaa,0xaa,0xaa,0xaa,0xaa,0xaa,0xaa,0xaa,0xaa,0xaa,0xaa,0xaa,0xaa,0xaa,0xaa,0xaa,
	0x52,0x51,0x51,0x51,0x51,0x51,0x51,0x51,0x51,0x51,0x51,0x51,0x51,0x51,0x51,0x51,
	0x51,0x51,0x52,0x50,0x50,0x50,0x91,0x90,0x91,0x91,0x91,0x91,0x91,0x91,0x91,0x91,
	0x91,0x91,0x91,0x91,0x91,0x91,0x91,0x91,0x93,0x90,0x90,0x93,0xd1,0xd4,0xd1,0xcd,
	0xd4,0xcd,0x9a,0x9c,0x9e,0x9f,0xa0,0xa2,0xa2,0xa1,0xa2,0xa5,0xa5,0xa7,0xa7,0xa7,
	0xa5,0xa4,0x98,0x97,0x8c,0x8b,0x81,0x81,0x73,0x73,0x68,0x67,0x5b,0x5b,0x52,0x53,
	0x46,0x37,0x31,0x2e,0x2e,0x2a,0x67,0x69,0x6a,0x6a,0x6a,0x6a,0x6a,0x6a,0x6a,0x6b,
	0x6a,0x6a,0x6a,0x6a,0x6a,0x6a,0x6a,0x6b,0x6a,0x6a,0x6a,0x6a,0xaa,0xaa,0xaa,0xaa,
	0xaa,0xaa,0xaa,0xaa,0xaa,0xaa,0xaa,0xaa,0xaa,0xaa,0xaa,0xaa,0xaa,0xaa,0xaa,0xaa,
	0x52,0x51,0x51,0x51,0x51,0x51,0x51,0x51,0x51,0x51,0x51,0x51,0x51,0x51,0x51,0x51,
	0x51,0x51,0x52,0x50,0x50,0x50,0x91,0x90,0x91,0x91,0x91,0x91,0x91,0x91,0x91,0x91,
	0x91,0x91,0x91,0x91,0x91,0x91,0x91,0x91,0x91,0x93,0x8d,0x8b,0xd3,0xd3,0xcf,0xd4,
	0xd0,0xd0,0xd0,0xd0,0xcf,0xd0,0xa0,0xa2,0xa2,0xa1,0xa2,0xa5,0xa5,0xa7,0xa7,0xa7,
	0xa5,0xa4,0x98,0x97,0x8c,0x8b,0x81,0x81,0x74,0x73,0x6b,0x69,0x57,0x57,0x4d,0x4f,
	0x47,0x3a,0x33,0x30,0x2f,0x2a,0x67,0x68,0x6a,0x69,0x6b,0x6b,0x69,0x6c,0x6b,0x6a,
	0x6a,0x69,0x6a,0x6a,0x6a,0x6a,0x6a,0x6b,0x6a,0x6a,0x6a,0x6a,0xaa,0xaa,0xaa,0xaa,
	0xaa,0xaa,0xaa,0xaa,0xaa,0xaa,0xaa,0xaa,0xaa,0xaa,0xaa,0xaa,0xaa,0xaa,0xaa,0xaa,
	0x52,0x51,0x51,0x51,0x51,0x51,0x51,0x51,0x51,0x51,0x51,0x51,0x51,0x51,0x51,0x51,
	0x51,0x51,0x52,0x50,0x50,0x50,0x91,0x90,0x91,0x91,0x91,0x91,0x91,0x91,0x91,0x91,
	0x91,0x91,0x91,0x91,0x91,0x91,0x91,0x91,0x93,0x8f,0x8f,0x8e,0xd5,0xd9,0xd2,0xd2,
	0xd0,0xd0,0xd0,0xd0,0xd4,0xce,0xa5,0xa2,0xa2,0xa1,0xa2,0xa5,0xa5,0xa7,0xa7,0xa7,
	0xa5,0xa4,0x98,0x97,0x8c,0x8b,0x81,0x81,0x74,0x71,0x6d,0x68,0x56,0x5b,0x51,0x56,
	0x4a,0x3d,0x36,0x32,0x2f,0x2b,0x67,0x68,0x66,0x6c,0x6c,0x69,0x6b,0x69,0x6a,0x6b,
	0x6c,0x6c,0x6b,0x6a,0x6a,0x6a,0x6a,0x6b,0x6a,0x6a,0x6a,0x6a,0xaa,0xaa,0xaa,0xaa,
	0xaa,0xaa,0xaa,0xaa,0xaa,0xaa,0xaa,0xaa,0xaa,0xaa,0xaa,0xaa,0xaa,0xaa,0xaa,0xaa,
	0x52,0x51,0x51,0x51,0x51,0x51,0x51,0x51,0x51,0x51,0x51,0x51,0x51,0x51,0x51,0x51,
	0x51,0x51,0x52,0x50,0x50,0x50,0x91,0x90,0x91,0x91,0x91,0x91,0x91,0x91,0x91,0x91,
	0x91,0x91,0x91,0x91,0x91,0x91,0x91,0x91,0x92,0x90,0x90,0x91,0xd2,0xd3,0xd3,0xd1,
	0xd2,0xd2,0xd2,0xd2,0xd2,0xd2,0xd2,0xd2,0xd1,0xd2,0xa2,0xa4,0xa2,0xa3,0xa9,0xaa,
	0xa5,0xa4,0x98,0x97,0x8c,0x8b,0x81,0x81,0x75,0x72,0x69,0x68,0x5b,0x5b,0x50,0x4e,
	0x47,0x45,0x3c,0x33,0x2e,0x2c,0x2b,0x2e,0x34,0x34,0x6d,0x6c,0x6d,0x6c,0x6b,0x6f,
	0x6c,0x6c,0x6b,0x6b,0x6b,0x6b,0x6b,0x6b,0x6a,0x69,0x69,0x69,0xa9,0xa9,0xa9,0xa9,
	0xaa,0xaa,0xaa,0xaa,0xaa,0xaa,0xaa,0xaa,0xaa,0xaa,0xaa,0xaa,0xaa,0xaa,0xaa,0xaa,
	0x52,0x51,0x51,0x51,0x51,0x51,0x51,0x51,0x51,0x51,0x51,0x51,0x51,0x51,0x51,0x51,
	0x51,0x51,0x52,0x50,0x50,0x50,0x91,0x90,0x91,0x91,0x91,0x91,0x91,0x91,0x91,0x91,
	0x91,0x91,0x91,0x91,0x91,0x91,0x91,0x91,0x91,0x91,0x91,0x92,0xd1,0xd2,0xd2,0xd2,
	0xd2,0xd2,0xd2,0xd2,0xd2,0xd2,0xd2,0xd2,0xd6,0xd0,0xa7,0xa4,0xa7,0xa8,0xa6,0xaa,
	0xa5,0xa4,0x98,0x97,0x8c,0x8b,0x81,0x81,0x75,0x73,0x68,0x68,0x5b,0x5b,0x50,0x4e,
	0x46,0x48,0x3c,0x37,0x2c,0x2d,0x2a,0x2d,0x32,0x35,0x69,0x6f,0x6e,0x6a,0x6d,0x6c,
	0x6b,0x6b,0x6b,0x6b,0x6a,0x6a,0x6a,0x6b,0x6a,0x69,0x69,0x69,0xa9,0xa9,0xa9,0xa9,
	0xaa,0xaa,0xaa,0xaa,0xaa,0xaa,0xaa,0xaa,0xaa,0xaa,0xaa,0xaa,0xaa,0xaa,0xaa,0xaa,
	0x52,0x51,0x51,0x51,0x51,0x51,0x51,0x51,0x51,0x51,0x51,0x51,0x51,0x51,0x51,0x51,
	0x51,0x51,0x52,0x50,0x50,0x50,0x91,0x90,0x91,0x91,0x91,0x91,0x91,0x91,0x91,0x91,
	0x91,0x91,0x91,0x91,0x91,0x91,0x91,0x91,0x91,0x91,0x91,0x92,0xd1,0xd2,0xd2,0xd2,
	0xd2,0xd2,0xd2,0xd2,0xd2,0xd2,0xd2,0xd2,0xd1,0xd0,0xcf,0xcf,0xd0,0xcf,0xae,0xaa,
	0xa6,0xa5,0x99,0x98,0x8d,0x8c,0x82,0x82,0x76,0x74,0x69,0x69,0x5c,0x5c,0x51,0x4f,
	0x46,0x48,0x3a,0x37,0x2d,0x2f,0x2c,0x32,0x37,0x34,0x3e,0x3b,0x3e,0x3e,0x65,0x70,
	0x6c,0x6b,0x6b,0x6b,0x6b,0x6a,0x6a,0x6b,0x6a,0x69,0x69,0x69,0xa9,0xa9,0xa9,0xa9,
	0xaa,0xaa,0xaa,0xaa,0xaa,0xaa,0xaa,0xaa,0xaa,0xaa,0xaa,0xaa,0xaa,0xaa,0xaa,0xaa,
	0x52,0x51,0x51,0x51,0x51,0x51,0x51,0x51,0x51,0x51,0x51,0x51,0x51,0x51,0x51,0x51,
	0x51,0x51,0x52,0x50,0x50,0x50,0x91,0x90,0x91,0x91,0x91,0x91,0x91,0x91,0x91,0x91,
	0x91,0x91,0x91,0x91,0x91,0x91,0x91,0x91,0x91,0x91,0x91,0x92,0xd1,0xd2,0xd2,0xd2,
	0xd2,0xd2,0xd2,0xd2,0xd2,0xd2,0xd2,0xd2,0xd2,0xce,0xd1,0xd5,0xd2,0xcf,0xa3,0xaa,
	0xa6,0xa5,0x99,0x98,0x8d,0x8c,0x82,0x82,0x76,0x74,0x69,0x69,0x5c,0x5c,0x51,0x4f,
	0x46,0x48,0x3a,0x38,0x2c,0x2e,0x2b,0x30,0x3a,0x32,0x37,0x37,0x3f,0x3e,0x6d,0x6a,
	0x6a,0x6b,0x6b,0x6b,0x6b,0x6a,0x6a,0x6b,0x6a,0x6a,0x69,0x69,0xa9,0xa9,0xa9,0xa9,
	0xaa,0xaa,0xaa,0xaa,0xaa,0xaa,0xaa,0xaa,0xaa,0xaa,0xaa,0xaa,0xaa,0xaa,0xaa,0xaa,
	0x52,0x51,0x51,0x51,0x51,0x51,0x51,0x51,0x51,0x51,0x51,0x51,0x51,0x51,0x51,0x51,
	0x51,0x51,0x52,0x50,0x50,0x50,0x91,0x90,0x91,0x91,0x91,0x91,0x91,0x91,0x91,0x91,
	0x91,0x91,0x91,0x91,0x91,0x91,0x91,0x91,0x91,0x91,0x91,0x92,0xd1,0xd2,0xd2,0xd2,
	0xd2,0xd2,0xd2,0xd2,0xd2,0xd2,0xd2,0xd2,0xd2,0xd2,0xd2,0xd2,0xd2,0xd2,0xd2,0xd2,
	0x25,0x24,0x98,0x97,0x8a,0x86,0x82,0x81,0x75,0x74,0x69,0x69,0x5c,0x5c,0x51,0x4f,
	0x46,0x47,0x3a,0x39,0x2c,0x2d,0x2b,0x2f,0x34,0x34,0x3a,0x3a,0x40,0x40,0x45,0x47,
	0x4c,0x4f,0x6a,0x6b,0x68,0x65,0x68,0x68,0x6a,0x6a,0x6a,0x69,0xa9,0xa9,0xa9,0xa9,
	0xaa,0xaa,0xaa,0xaa,0xaa,0xaa,0xaa,0xaa,0xaa,0xaa,0xaa,0xaa,0xaa,0xaa,0xaa,0xaa,
	0x52,0x51,0x51,0x51,0x51,0x51,0x51,0x51,0x51,0x51,0x51,0x51,0x51,0x51,0x51,0x51,
	0x51,0x51,0x52,0x50,0x50,0x50,0x91,0x90,0x91,0x91,0x91,0x91,0x91,0x91,0x91,0x91,
	0x91,0x91,0x91,0x91,0x91,0x91,0x91,0x91,0x91,0x91,0x91,0x92,0xd1,0xd2,0xd2,0xd2,
	0xd2,0xd2,0xd2,0xd2,0xd2,0xd2,0xd2,0xd2,0xd2,0xd2,0xd2,0xd2,0xd2,0xd2,0xd2,0xd2,
	0x25,0x24,0x9c,0x9b,0x8c,0x88,0x7e,0x81,0x76,0x75,0x6a,0x6a,0x5d,0x5d,0x52,0x50,
	0x46,0x46,0x3b,0x39,0x2d,0x2d,0x2c,0x2e,0x34,0x34,0x3a,0x3a,0x40,0x40,0x45,0x47,
	0x4c,0x50,0x6c,0x68,0x6c,0x6a,0x6f,0x6a,0x6a,0x6a,0x6a,0x6a,0xa9,0xa9,0xa9,0xa9,
	0xaa,0xaa,0xaa,0xaa,0xaa,0xaa,0xaa,0xaa,0xaa,0xaa,0xaa,0xaa,0xaa,0xaa,0xaa,0xaa,
	0x52,0x51,0x51,0x51,0x51,0x51,0x51,0x51,0x51,0x51,0x51,0x51,0x51,0x51,0x51,0x51,
	0x51,0x51,0x52,0x50,0x50,0x50,0x91,0x90,0x91,0x91,0x91,0x91,0x91,0x91,0x91,0x91,
	0x91,0x91,0x91,0x91,0x91,0x91,0x91,0x91,0x91,0x91,0x91,0x92,0xd1,0xd2,0xd2,0xd2,
	0xd2,0xd2,0xd2,0xd2,0xd2,0xd2,0xd2,0xd2,0xd2,0xd2,0xd2,0xd2,0xd2,0xd2,0xd2,0xd2,
	0x29,0x26,0x25,0x27,0x27,0x29,0x7d,0x86,0x78,0x75,0x6a,0x6a,0x5d,0x5d,0x52,0x50,
	0x46,0x46,0x3b,0x39,0x2d,0x2d,0x2c,0x2e,0x34,0x34,0x3a,0x3a,0x40,0x40,0x45,0x47,
	0x4b,0x4d,0x58,0x53,0x59,0x58,0x67,0x6c,0x6a,0x6a,0x6a,0x6a,0xaa,0xa9,0xa9,0xa9,
	0xaa,0xaa,0xaa,0xaa,0xaa,0xaa,0xaa,0xaa,0xaa,0xaa,0xaa,0xaa,0xaa,0xaa,0xaa,0xaa,
	0x52,0x51,0x51,0x51,0x51,0x51,0x51,0x51,0x51,0x51,0x51,0x51,0x51,0x51,0x51,0x51,
	0x51,0x51,0x52,0x50,0x50,0x50,0x91,0x90,0x91,0x91,0x91,0x91,0x91,0x91,0x91,0x91,
	0x91,0x91,0x91,0x91,0x91,0x91,0x91,0x91,0x91,0x91,0x91,0x92,0xd1,0xd2,0xd2,0xd2,
	0xd2,0xd2,0xd2,0xd2,0xd2,0xd2,0xd2,0xd2,0xd2,0xd2,0xd2,0xd2,0xd2,0xd2,0xd2,0xd2,
	0x28,0x24,0x27,0x2d,0x23,0x26,0x83,0x80,0x75,0x75,0x6a,0x6a,0x5d,0x5d,0x52,0x50,
	0x46,0x46,0x3b,0x39,0x2d,0x2d,0x2c,0x2e,0x34,0x34,0x3a,0x3a,0x40,0x40,0x45,0x47,
	0x49,0x4c,0x50,0x52,0x5a,0x59,0x69,0x6d,0x6c,0x6a,0x6a,0x6a,0xaa,0xaa,0xaa,0xaa,
	0xaa,0xaa,0xaa,0xaa,0xaa,0xaa,0xaa,0xaa,0xaa,0xaa,0xaa,0xaa,0xaa,0xaa,0xaa,0xaa,
	0x52,0x51,0x51,0x51,0x51,0x51,0x51,0x51,0x51,0x51,0x51,0x51,0x51,0x51,0x51,0x51,
	0x51,0x51,0x52,0x50,0x50,0x50,0x91,0x90,0x91,0x91,0x91,0x91,0x91,0x91,0x91,0x91,
	0x91,0x91,0x91,0x91,0x91,0x91,0x91,0x91,0x91,0x91,0x91,0x92,0xd1,0xd2,0xd2,0xd2,
	0xd2,0xd2,0xd2,0xd2,0xd2,0xd2,0xd2,0xd2,0xd2,0xd2,0xd2,0xd2,0xd2,0xd2,0xd2,0xd2,
	0x28,0x26,0x28,0x2b,0x2a,0x2a,0x29,0x29,0x2b,0x26,0x6c,0x6e,0x5f,0x5a,0x50,0x50,
	0x45,0x46,0x3b,0x39,0x2d,0x2d,0x2c,0x2e,0x34,0x34,0x3a,0x3a,0x40,0x40,0x45,0x47,
	0x49,0x4c,0x50,0x52,0x58,0x59,0x5e,0x60,0x64,0x68,0x6a,0x69,0xa8,0xac,0xab,0xab,
	0xaa,0xaa,0xaa,0xaa,0xaa,0xaa,0xaa,0xaa,0xaa,0xaa,0xaa,0xaa,0xaa,0xaa,0xaa,0xaa,
	0x52,0x51,0x51,0x51,0x51,0x51,0x51,0x51,0x51,0x51,0x51,0x51,0x51,0x51,0x51,0x51,
	0x51,0x51,0x52,0x50,0x50,0x50,0x91,0x90,0x91,0x91,0x91,0x91,0x91,0x91,0x91,0x91,
	0x91,0x91,0x91,0x91,0x91,0x91,0x91,0x91,0x91,0x91,0x91,0x92,0xd1,0xd2,0xd2,0xd2,
	0xd2,0xd2,0xd2,0xd2,0xd2,0xd2,0xd2,0xd2,0xd2,0xd2,0xd2,0xd2,0xd2,0xd2,0xd2,0xd2,
	0x28,0x26,0x28,0x28,0x28,0x28,0x27,0x28,0x27,0x28,0x69,0x6c,0x5e,0x5b,0x57,0x52,
	0x46,0x46,0x3b,0x39,0x2d,0x2d,0x2c,0x2e,0x34,0x34,0x3a,0x3a,0x40,0x40,0x45,0x47,
	0x49,0x4c,0x50,0x52,0x57,0x59,0x5a,0x5c,0x62,0x65,0x6b,0x69,0xad,0xab,0xac,0xa9,
	0xaa,0xaa,0xaa,0xaa,0xaa,0xaa,0xaa,0xaa,0xaa,0xaa,0xaa,0xaa,0xaa,0xaa,0xaa,0xaa,
	0x52,0x51,0x51,0x51,0x51,0x51,0x51,0x51,0x51,0x51,0x51,0x51,0x51,0x51,0x51,0x51,
	0x51,0x51,0x52,0x50,0x50,0x50,0x91,0x90,0x91,0x91,0x91,0x91,0x91,0x91,0x91,0x91,
	0x91,0x91,0x91,0x91,0x91,0x91,0x91,0x91,0x91,0x91,0x91,0x92,0xd1,0xd2,0xd2,0xd2,
	0xd2,0xd2,0xd2,0xd2,0xd2,0xd2,0xd2,0xd2,0xd2,0xd2,0xd2,0xd2,0xd2,0xd2,0xd2,0xd2,
	0x28,0x28,0x29,0x26,0x27,0x27,0x28,0x28,0x27,0x27,0x2f,0x26,0x2c,0x2e,0x4f,0x54,
	0x47,0x46,0x3b,0x39,0x2d,0x2d,0x2c,0x2e,0x34,0x34,0x3a,0x3a,0x40,0x40,0x45,0x47,
	0x49,0x4c,0x50,0x52,0x56,0x58,0x5b,0x5d,0x62,0x62,0x6b,0x69,0x68,0x6b,0xa4,0xa8,
	0xaa,0xaa,0xaa,0xaa,0xaa,0xaa,0xaa,0xaa,0xaa,0xaa,0xaa,0xaa,0xaa,0xaa,0xaa,0xaa,
	0x52,0x51,0x51,0x51,0x51,0x51,0x51,0x51,0x51,0x51,0x51,0x51,0x51,0x51,0x51,0x51,
	0x51,0x51,0x52,0x50,0x50,0x50,0x91,0x90,0x91,0x91,0x91,0x91,0x91,0x91,0x91,0x91,
	0x91,0x91,0x91,0x91,0x91,0x91,0x91,0x91,0x91,0x91,0x91,0x92,0xd1,0xd2,0xd2,0xd2,
	0xd2,0xd2,0xd2,0xd2,0xd2,0xd2,0xd2,0xd2,0xd2,0xd2,0xd2,0xd2,0xd2,0xd2,0xd2,0xd2,
	0x28,0x28,0x29,0x26,0x27,0x28,0x28,0x28,0x27,0x27,0x28,0x28,0x24,0x26,0x57,0x54,
	0x47,0x46,0x3b,0x39,0x2e,0x2e,0x2d,0x2f,0x34,0x34,0x3a,0x3a,0x40,0x40,0x45,0x48,
	0x4a,0x4d,0x51,0x52,0x57,0x58,0x5c,0x5f,0x62,0x61,0x6b,0x69,0x67,0x69,0xad,0xa8,
	0xaa,0xaa,0xaa,0xaa,0xaa,0xaa,0xaa,0xaa,0xaa,0xaa,0xaa,0xaa,0xaa,0xaa,0xaa,0xaa,
	0x52,0x51,0x51,0x51,0x51,0x51,0x51,0x51,0x51,0x51,0x51,0x51,0x51,0x51,0x51,0x51,
	0x51,0x51,0x52,0x50,0x50,0x50,0x91,0x90,0x91,0x91,0x91,0x91,0x91,0x91,0x91,0x91,
	0x91,0x91,0x91,0x91,0x91,0x91,0x91,0x91,0x91,0x91,0x91,0x92,0xd1,0xd2,0xd2,0xd2,
	0xd2,0xd2,0xd2,0xd2,0xd2,0xd2,0xd2,0xd2,0xd2,0xd2,0xd2,0xd2,0xd2,0xd2,0xd2,0xd2,
	0x28,0x28,0x28,0x27,0x27,0x28,0x28,0x29,0x28,0x28,0x28,0x28,0x28,0x28,0x28,0x28,
	0x28,0x28,0x37,0x37,0x2f,0x2e,0x2f,0x30,0x33,0x34,0x3a,0x3a,0x40,0x40,0x45,0x48,
	0x4b,0x4e,0x54,0x54,0x59,0x59,0x5d,0x5f,0x63,0x61,0x6a,0x69,0x69,0x69,0x69,0x69,
	0x64,0x67,0xa7,0xa6,0xaa,0xab,0xb1,0xa6,0xaa,0xaa,0xaa,0xaa,0xaa,0xaa,0xaa,0xaa,
	0x52,0x51,0x51,0x51,0x51,0x51,0x51,0x51,0x51,0x51,0x51,0x51,0x51,0x51,0x51,0x51,
	0x51,0x51,0x52,0x50,0x50,0x50,0x91,0x90,0x91,0x91,0x91,0x91,0x91,0x91,0x91,0x91,
	0x91,0x91,0x91,0x91,0x91,0x91,0x91,0x91,0x91,0x91,0x91,0x92,0xd1,0xd2,0xd2,0xd2,
	0xd2,0xd2,0xd2,0xd2,0xd2,0xd2,0xd2,0xd2,0xd2,0xd2,0xd2,0xd2,0xd2,0xd2,0xd2,0xd2,
	0x29,0x29,0x29,0x29,0x29,0x29,0x29,0x29,0x29,0x29,0x29,0x29,0x29,0x29,0x29,0x29,
	0x28,0x2b,0x39,0x36,0x2e,0x2d,0x2f,0x2f,0x32,0x34,0x39,0x3a,0x3f,0x40,0x45,0x48,
	0x4c,0x4e,0x55,0x54,0x5b,0x59,0x5e,0x60,0x62,0x61,0x6a,0x69,0x69,0x69,0x69,0x69,
	0x66,0x63,0xa9,0xa6,0xa7,0xab,0xa9,0xa9,0xaa,0xaa,0xaa,0xaa,0xaa,0xaa,0xaa,0xaa,
	0x52,0x51,0x51,0x51,0x51,0x51,0x51,0x51,0x51,0x51,0x51,0x51,0x51,0x51,0x51,0x51,
	0x51,0x51,0x52,0x50,0x50,0x50,0x91,0x90,0x91,0x91,0x91,0x91,0x91,0x91,0x91,0x91,
	0x91,0x91,0x91,0x91,0x91,0x91,0x91,0x91,0x91,0x91,0x91,0x92,0xd1,0xd2,0xd2,0xd2,
	0xd2,0xd2,0xd2,0xd2,0xd2,0xd2,0xd2,0xd2,0xd2,0xd2,0xd2,0xd2,0xd2,0xd2,0xd2,0xd2,
	0x29,0x29,0x29,0x29,0x29,0x29,0x29,0x29,0x29,0x29,0x29,0x29,0x29,0x29,0x29,0x29,
	0x29,0x29,0x26,0x24,0x26,0x28,0x2b,0x2f,0x32,0x34,0x39,0x3a,0x3f,0x40,0x44,0x48,
	0x4b,0x4d,0x54,0x54,0x5a,0x59,0x5d,0x5f,0x62,0x61,0x69,0x69,0x69,0x69,0x69,0x69,
	0x66,0x64,0x62,0x61,0x60,0x65,0xa8,0xaa,0xaa,0xaa,0xaa,0xaa,0xaa,0xaa,0xaa,0xaa,
	0x52,0x51,0x51,0x51,0x51,0x51,0x51,0x51,0x51,0x51,0x51,0x51,0x51,0x51,0x51,0x51,
	0x51,0x51,0x52,0x50,0x50,0x50,0x91,0x90,0x91,0x91,0x91,0x91,0x91,0x91,0x91,0x91,
	0x91,0x91,0x91,0x91,0x91,0x91,0x91,0x91,0x91,0x91,0x91,0x92,0xd1,0xd2,0xd2,0xd2,
	0xd2,0xd2,0xd2,0xd2,0xd2,0xd2,0xd2,0xd2,0xd2,0xd2,0xd2,0xd2,0xd2,0xd2,0xd2,0xd2,
	0x29,0x29,0x29,0x29,0x29,0x29,0x29,0x29,0x29,0x29,0x29,0x29,0x29,0x29,0x29,0x29,
	0x27,0x28,0x1e,0x26,0x26,0x27,0x2c,0x2e,0x32,0x34,0x39,0x3a,0x3e,0x40,0x44,0x48,
	0x4a,0x4c,0x53,0x53,0x59,0x58,0x5c,0x5e,0x61,0x61,0x69,0x69,0x69,0x69,0x69,0x69,
	0x69,0x63,0x64,0x65,0x5d,0x63,0xa9,0xad,0xaa,0xaa,0xaa,0xaa,0xaa,0xaa,0xaa,0xaa,
	0x52,0x51,0x51,0x51,0x51,0x51,0x51,0x51,0x51,0x51,0x51,0x51,0x51,0x51,0x51,0x51,
	0x51,0x51,0x52,0x50,0x50,0x50,0x91,0x90,0x91,0x91,0x91,0x91,0x91,0x91,0x91,0x91,
	0x91,0x91,0x91,0x91,0x91,0x91,0x91,0x91,0x91,0x91,0x91,0x92,0xd1,0xd2,0xd2,0xd2,
	0xd2,0xd2,0xd2,0xd2,0xd2,0xd2,0xd2,0xd2,0xd2,0xd2,0xd2,0xd2,0xd2,0xd2,0xd2,0xd2,
	0x29,0x29,0x29,0x29,0x29,0x29,0x29,0x29,0x29,0x29,0x29,0x29,0x29,0x29,0x29,0x29,
	0x28,0x29,0x29,0x29,0x29,0x29,0x68,0x68,0x68,0x6a,0x39,0x38,0x3f,0x40,0x43,0x45,
	0x4a,0x4b,0x52,0x51,0x58,0x57,0x5c,0x5e,0x61,0x61,0x68,0x69,0x69,0x68,0x68,0x68,
	0x67,0x63,0x62,0x61,0x60,0x5f,0x5f,0x5e,0x5a,0x5c,0xaa,0xa9,0xa5,0xaa,0xae,0xaa,
	0x52,0x51,0x51,0x51,0x51,0x51,0x51,0x51,0x51,0x51,0x51,0x51,0x51,0x51,0x51,0x51,
	0x51,0x51,0x52,0x50,0x50,0x50,0x91,0x90,0x91,0x91,0x91,0x91,0x91,0x91,0x91,0x91,
	0x91,0x91,0x91,0x91,0x91,0x91,0x91,0x91,0x91,0x91,0x91,0x92,0xd1,0xd2,0xd2,0xd2,
	0xd2,0xd2,0xd2,0xd2,0xd2,0xd2,0xd2,0xd2,0xd2,0xd2,0xd2,0xd2,0xd2,0xd2,0xd2,0xd2,
	0x29,0x29,0x29,0x29,0x29,0x29,0x29,0x29,0x29,0x29,0x29,0x29,0x29,0x29,0x29,0x29,
	0x28,0x29,0x29,0x29,0x2a,0x2c,0x6c,0x67,0x6e,0x67,0x3a,0x36,0x40,0x44,0x3f,0x44,
	0x49,0x4a,0x51,0x50,0x57,0x56,0x5b,0x5d,0x61,0x61,0x68,0x69,0x69,0x68,0x68,0x68,
	0x67,0x64,0x63,0x62,0x60,0x5f,0x5e,0x5d,0x5e,0x59,0xac,0xad,0xa9,0xac,0xa7,0xa6,
	0x52,0x51,0x51,0x51,0x51,0x51,0x51,0x51,0x51,0x51,0x51,0x51,0x51,0x51,0x51,0x51,
	0x51,0x51,0x52,0x50,0x50,0x50,0x91,0x90,0x91,0x91,0x91,0x91,0x91,0x91,0x91,0x91,
	0x91,0x91,0x91,0x91,0x91,0x91,0x91,0x91,0x91,0x91,0x91,0x92,0xd1,0xd2,0xd2,0xd2,
	0xd2,0xd2,0xd2,0xd2,0xd2,0xd2,0xd2,0xd2,0xd2,0xd2,0xd2,0xd2,0xd2,0xd2,0xd2,0xd2,
	0x29,0x29,0x29,0x29,0x29,0x29,0x29,0x29,0x29,0x29,0x29,0x29,0x29,0x29,0x29,0x29,
	0x28,0x29,0x2a,0x29,0x26,0x28,0x69,0x6c,0x6e,0x68,0x65,0x6a,0x69,0x68,0x48,0x48,
	0x49,0x4a,0x50,0x50,0x56,0x56,0x5b,0x5d,0x60,0x61,0x68,0x69,0x69,0x68,0x68,0x68,
	0x67,0x65,0x63,0x62,0x60,0x5e,0x5c,0x5b,0x5e,0x5e,0x5a,0x58,0x56,0x55,0xa7,0xac,
	0x52,0x51,0x51,0x51,0x51,0x51,0x51,0x51,0x51,0x51,0x51,0x51,0x51,0x51,0x51,0x51,
	0x51,0x51,0x52,0x50,0x50,0x50,0x91,0x90,0x91,0x91,0x91,0x91,0x91,0x91,0x91,0x91,
	0x91,0x91,0x91,0x91,0x91,0x91,0x91,0x91,0x91,0x91,0x91,0x92,0xd1,0xd2,0xd2,0xd2,
	0xd2,0xd2,0xd2,0xd2,0xd2,0xd2,0xd2,0xd2,0xd2,0xd2,0xd2,0xd2,0xd2,0xd2,0xd2,0xd2,
	0x29,0x29,0x29,0x29,0x29,0x29,0x29,0x29,0x29,0x29,0x29,0x29,0x29,0x29,0x29,0x29,
	0x28,0x29,0x2a,0x29,0x2b,0x23,0x69,0x68,0x67,0x66,0x69,0x6b,0x69,0x6b,0x3f,0x41,
	0x49,0x4a,0x50,0x50,0x56,0x56,0x5b,0x5d,0x60,0x61,0x68,0x69,0x69,0x68,0x68,0x68,
	0x67,0x65,0x63,0x63,0x60,0x5e,0x5c,0x5b,0x5b,0x5c,0x56,0x5c,0x57,0x53,0xa9,0xa8,
	0x52,0x51,0x51,0x51,0x51,0x51,0x51,0x51,0x51,0x51,0x51,0x51,0x51,0x51,0x51,0x51,
	0x51,0x51,0x52,0x50,0x50,0x50,0x91,0x90,0x91,0x91,0x91,0x91,0x91,0x91,0x91,0x91,
	0x91,0x91,0x91,0x91,0x91,0x91,0x91,0x91,0x91,0x91,0x91,0x92,0xd1,0xd2,0xd2,0xd2,
	0xd2,0xd2,0xd2,0xd2,0xd2,0xd2,0xd2,0xd2,0xd2,0xd2,0xd2,0xd2,0xd2,0xd2,0xd2,0xd2,
	0x29,0x29,0x29,0x29,0x29,0x29,0x29,0x29,0x29,0x29,0x29,0x29,0x29,0x29,0x29,0x29,
	0x28,0x29,0x2a,0x2a,0x29,0x29,0x6a,0x6b,0x6a,0x6a,0x6a,0x6a,0x6a,0x6a,0x6a,0x6a,
	0x6a,0x6b,0x53,0x4b,0x56,0x57,0x5b,0x5d,0x60,0x62,0x67,0x69,0x69,0x68,0x68,0x67,
	0x66,0x64,0x64,0x63,0x60,0x5f,0x5d,0x5c,0x5c,0x5a,0x59,0x58,0x57,0x56,0x55,0x54,
	0x52,0x51,0x51,0x51,0x51,0x51,0x51,0x51,0x51,0x51,0x51,0x51,0x51,0x51,0x51,0x51,
	0x51,0x51,0x52,0x50,0x50,0x50,0x91,0x90,0x91,0x91,0x91,0x91,0x91,0x91,0x91,0x91,
	0x91,0x91,0x91,0x91,0x91,0x91,0x91,0x91,0x91,0x91,0x91,0x92,0xd1,0xd2,0xd2,0xd2,
	0xd2,0xd2,0xd2,0xd2,0xd2,0xd2,0xd2,0xd2,0xd2,0xd2,0xd2,0xd2,0xd2,0xd2,0xd2,0xd2,
	0x29,0x29,0x29,0x29,0x29,0x29,0x29,0x29,0x29,0x29,0x29,0x29,0x29,0x29,0x29,0x29,
	0x28,0x29,0x2b,0x2a,0x29,0x29,0x6a,0x6b,0x6a,0x6a,0x6a,0x6a,0x6a,0x6a,0x6a,0x6a,
	0x66,0x6a,0x53,0x51,0x5a,0x5b,0x5b,0x5c,0x61,0x64,0x67,0x69,0x69,0x68,0x68,0x67,
	0x66,0x64,0x63,0x63,0x60,0x5f,0x5d,0x5c,0x5c,0x5a,0x59,0x58,0x57,0x56,0x55,0x54,
	0x52,0x51,0x51,0x51,0x51,0x51,0x51,0x51,0x51,0x51,0x51,0x51,0x51,0x51,0x51,0x51,
	0x51,0x51,0x52,0x50,0x50,0x50,0x91,0x90,0x91,0x91,0x91,0x91,0x91,0x91,0x91,0x91,
	0x91,0x91,0x91,0x91,0x91,0x91,0x91,0x91,0x91,0x91,0x91,0x92,0xd1,0xd2,0xd2,0xd2,
	0xd2,0xd2,0xd2,0xd2,0xd2,0xd2,0xd2,0xd2,0xd2,0xd2,0xd2,0xd2,0xd2,0xd2,0xd2,0xd2,
	0x29,0x29,0x29,0x29,0x29,0x29,0x29,0x29,0x29,0x29,0x29,0x29,0x29,0x29,0x29,0x29,
	0x28,0x29,0x2b,0x2a,0x29,0x29,0x6a,0x6b,0x6a,0x6a,0x6a,0x6a,0x6a,0x6a,0x6a,0x6a,
	0x69,0x70,0x6a,0x6f,0x69,0x65,0x5f,0x5a,0x61,0x64,0x67,0x69,0x69,0x68,0x68,0x67,
	0x66,0x64,0x63,0x63,0x60,0x5f,0x5d,0x5c,0x5c,0x5a,0x59,0x58,0x57,0x56,0x55,0x54,
	0x52,0x51,0x51,0x51,0x51,0x51,0x51,0x51,0x51,0x51,0x51,0x51,0x51,0x51,0x51,0x51,
	0x51,0x51,0x52,0x50,0x50,0x50,0x91,0x90,0x91,0x91,0x91,0x91,0x91,0x91,0x91,0x91,
	0x91,0x91,0x91,0x91,0x91,0x91,0x91,0x91,0x91,0x91,0x91,0x92,0xd1,0xd2,0xd2,0xd2,
	0xd2,0xd2,0xd2,0xd2,0xd2,0xd2,0xd2,0xd2,0xd2,0xd2,0xd2,0xd2,0xd2,0xd2,0xd2,0xd2,
	0x29,0x29,0x29,0x29,0x29,0x29,0x29,0x29,0x29,0x29,0x29,0x29,0x29,0x29,0x29,0x29,
	0x28,0x29,0x2b,0x2a,0x29,0x29,0x6a,0x6b,0x6a,0x6a,0x6a,0x6a,0x6a,0x6a,0x6a,0x6a,
	0x69,0x6a,0x69,0x6a,0x6a,0x66,0x5f,0x5b,0x63,0x66,0x68,0x6a,0x69,0x68,0x68,0x67,
	0x66,0x64,0x63,0x63,0x60,0x5f,0x5d,0x5c,0x5c,0x5a,0x59,0x58,0x57,0x56,0x55,0x54,
	0x52,0x51,0x51,0x51,0x51,0x51,0x51,0x51,0x51,0x51,0x51,0x51,0x51,0x51,0x51,0x51,
	0x51,0x51,0x52,0x50,0x50,0x50,0x91,0x90,0x91,0x91,0x91,0x91,0x91,0x91,0x91,0x91,
	0x91,0x91,0x91,0x91,0x91,0x91,0x91,0x91,0x91,0x91,0x91,0x92,0xd1,0xd2,0xd2,0xd2,
	0xd2,0xd2,0xd2,0xd2,0xd2,0xd2,0xd2,0xd2,0xd2,0xd2,0xd2,0xd2,0xd2,0xd2,0xd2,0xd2,
	0x29,0x29,0x29,0x29,0x29,0x29,0x29,0x29,0x29,0x29,0x29,0x29,0x29,0x29,0x29,0x29,
	0x28,0x29,0x2b,0x2a,0x29,0x29,0x6a,0x6b,0x6a,0x6a,0x6a,0x6a,0x6a,0x6a,0x6a,0x6a,
	0x6a,0x6a,0x6a,0x6a,0x6a,0x6a,0x6a,0x6a,0x6a,0x6a,0x6a,0x6a,0x6b,0x67,0x68,0x68,
	0x65,0x64,0x63,0x63,0x60,0x5f,0x5d,0x5c,0x5c,0x5a,0x59,0x58,0x57,0x56,0x55,0x54,
	0x52,0x51,0x51,0x51,0x51,0x51,0x51,0x51,0x51,0x51,0x51,0x51,0x51,0x51,0x51,0x51,
	0x51,0x51,0x52,0x50,0x50,0x50,0x91,0x90,0x91,0x91,0x91,0x91,0x91,0x91,0x91,0x91,
	0x91,0x91,0x91,0x91,0x91,0x91,0x91,0x91,0x91,0x91,0x91,0x92,0xd1,0xd2,0xd2,0xd2,
	0xd2,0xd2,0xd2,0xd2,0xd2,0xd2,0xd2,0xd2,0xd2,0xd2,0xd2,0xd2,0xd2,0xd2,0xd2,0xd2,
	0x29,0x29,0x29,0x29,0x29,0x29,0x29,0x29,0x29,0x29,0x29,0x29,0x29,0x29,0x29,0x29,
	0x28,0x29,0x2b,0x2a,0x29,0x29,0x6a,0x6b,0x6a,0x6a,0x6a,0x6a,0x6a,0x6a,0x6a,0x6a,
	0x6a,0x6a,0x6a,0x6a,0x6a,0x6a,0x6a,0x6a,0x6a,0x6a,0x6a,0x6a,0x65,0x68,0x66,0x68,
	0x65,0x64,0x63,0x63,0x60,0x5f,0x5d,0x5c,0x5c,0x5a,0x59,0x58,0x57,0x56,0x55,0x54,
	0x52,0x51,0x51,0x51,0x51,0x51,0x51,0x51,0x51,0x51,0x51,0x51,0x51,0x51,0x51,0x51,
	0x51,0x51,0x52,0x50,0x50,0x50,0x91,0x90,0x91,0x91,0x91,0x91,0x91,0x91,0x91,0x91,
	0x91,0x91,0x91,0x91,0x91,0x91,0x91,0x91,0x91,0x91,0x91,0x92,0xd1,0xd2,0xd2,0xd2,
	0xd2,0xd2,0xd2,0xd2,0xd2,0xd2,0xd2,0xd2,0xd2,0xd2,0xd2,0xd2,0xd2,0xd2,0xd2,0xd2,
	0x29,0x29,0x29,0x29,0x29,0x29,0x29,0x29,0x29,0x29,0x29,0x29,0x29,0x29,0x29,0x29,
	0x28,0x29,0x2b,0x2a,0x29,0x29,0x6a,0x6b,0x6a,0x6a,0x6a,0x6a,0x6a,0x6a,0x6a,0x6a,
	0x6a,0x6a,0x6a,0x6a,0x6a,0x6a,0x6a,0x6a,0x6a,0x6a,0x6a,0x6a,0xaa,0xa7,0x6d,0x69,
	0x65,0x64,0x63,0x63,0x60,0x5f,0x5d,0x5c,0x5c,0x5a,0x59,0x58,0x57,0x56,0x55,0x54,
	0x52,0x51,0x51,0x51,0x51,0x51,0x51,0x51,0x51,0x51,0x51,0x51,0x51,0x51,0x51,0x51,
	0x51,0x51,0x52,0x50,0x50,0x50,0x91,0x90,0x91,0x91,0x91,0x91,0x91,0x91,0x91,0x91,
	0x91,0x91,0x91,0x91,0x91,0x91,0x91,0x91,0x91,0x91,0x91,0x92,0xd1,0xd2,0xd2,0xd2,
	0xd2,0xd2,0xd2,0xd2,0xd2,0xd2,0xd2,0xd2,0xd2,0xd2,0xd2,0xd2,0xd2,0xd2,0xd2,0xd2,
	0x29,0x29,0x29,0x29,0x29,0x29,0x29,0x29,0x29,0x29,0x29,0x29,0x29,0x29,0x29,0x29,
	0x28,0x29,0x2b,0x2a,0x29,0x29,0x6a,0x6b,0x6a,0x6a,0x6a,0x6a,0x6a,0x6a,0x6a,0x6a,
	0x6a,0x6a,0x6a,0x6a,0x6a,0x6a,0x6a,0x6a,0x6a,0x6a,0x6a,0x6a,0xac,0xa9,0x63,0x69,
	0x65,0x64,0x63,0x63,0x60,0x5f,0x5d,0x5c,0x5c,0x5a,0x59,0x58,0x57,0x56,0x55,0x54,
	0x52,0x51,0x51,0x51,0x51,0x51,0x51,0x51,0x51,0x51,0x51,0x51,0x51,0x51,0x51,0x51,
	0x51,0x51,0x52,0x50,0x50,0x50,0x91,0x90,0x91,0x91,0x91,0x91,0x91,0x91,0x91,0x91,
	0x91,0x91,0x91,0x91,0x91,0x91,0x91,0x91,0x91,0x91,0x91,0x92,0xd1,0xd2,0xd2,0xd2,
	0xd2,0xd2,0xd2,0xd2,0xd2,0xd2,0xd2,0xd2,0xd2,0xd2,0xd2,0xd2,0xd2,0xd2,0xd2,0xd2,
	0x29,0x29,0x29,0x29,0x29,0x29,0x29,0x29,0x29,0x29,0x29,0x29,0x29,0x29,0x29,0x29,
	0x28,0x29,0x2b,0x2a,0x29,0x29,0x6a,0x6b,0x6a,0x6a,0x6a,0x6a,0x6a,0x6a,0x6a,0x6a,
	0x6a,0x6a,0x6a,0x6a,0x6a,0x6a,0x6a,0x6a,0x6a,0x6a,0x6a,0x6b,0xaa,0xab,0xab,0xab,
	0xac,0xa6,0x64,0x63,0x5e,0x5e,0x56,0x5f,0x5b,0x5a,0x59,0x58,0x57,0x56,0x55,0x54,
	0x52,0x51,0x51,0x51,0x51,0x51,0x51,0x51,0x51,0x51,0x51,0x51,0x51,0x51,0x51,0x51,
	0x51,0x51,0x52,0x50,0x50,0x50,0x91,0x90,0x91,0x91,0x91,0x91,0x91,0x91,0x91,0x91,
	0x91,0x91,0x91,0x91,0x91,0x91,0x91,0x91,0x91,0x91,0x91,0x92,0xd1,0xd2,0xd2,0xd2,
	0xd2,0xd2,0xd2,0xd2,0xd2,0xd2,0xd2,0xd2,0xd2,0xd2,0xd2,0xd2,0xd2,0xd2,0xd2,0xd2,
	0x29,0x29,0x29,0x29,0x29,0x29,0x29,0x29,0x29,0x29,0x29,0x29,0x29,0x29,0x29,0x29,
	0x28,0x29,0x2b,0x2a,0x29,0x29,0x6a,0x6b,0x6a,0x6a,0x6a,0x6a,0x6a,0x6a,0x6a,0x6a,
	0x6a,0x6a,0x6a,0x6a,0x6a,0x6a,0x6a,0x6a,0x6a,0x6a,0x6a,0x6b,0xaa,0xab,0xab,0xab,
	0xaa,0xab,0x63,0x64,0x5e,0x60,0x5d,0x5c,0x5b,0x5a,0x59,0x58,0x57,0x56,0x55,0x54,
	0x52,0x51,0x51,0x51,0x51,0x51,0x51,0x51,0x51,0x51,0x51,0x51,0x51,0x51,0x51,0x51,
	0x51,0x51,0x52,0x50,0x50,0x50,0x91,0x90,0x91,0x91,0x91,0x91,0x91,0x91,0x91,0x91,
	0x91,0x91,0x91,0x91,0x91,0x91,0x91,0x91,0x91,0x91,0x91,0x92,0xd1,0xd2,0xd2,0xd2,
	0xd2,0xd2,0xd2,0xd2,0xd2,0xd2,0xd2,0xd2,0xd2,0xd2,0xd2,0xd2,0xd2,0xd2,0xd2,0xd2,
	0x29,0x29,0x29,0x29,0x29,0x29,0x29,0x29,0x29,0x29,0x29,0x29,0x29,0x29,0x29,0x29,
	0x28,0x29,0x2b,0x2a,0x29,0x29,0x6a,0x6b,0x6a,0x6a,0x6a,0x6a,0x6a,0x6a,0x6a,0x6a,
	0x6a,0x6a,0x6a,0x6a,0x6a,0x6a,0x6a,0x6a,0x6a,0x6a,0x6a,0x6b,0xaa,0xab,0xab,0xab,
	0xab,0xab,0xab,0xab,0xa5,0xa9,0x5f,0x5a,0x5b,0x5a,0x59,0x58,0x57,0x56,0x55,0x54,
	0x52,0x51,0x51,0x51,0x51,0x51,0x51,0x51,0x51,0x51,0x51,0x51,0x51,0x51,0x51,0x51,
	0x51,0x51,0x52,0x50,0x50,0x50,0x91,0x90,0x91,0x91,0x91,0x91,0x91,0x91,0x91,0x91,
	0x91,0x91,0x91,0x91,0x91,0x91,0x91,0x91,0x91,0x91,0x91,0x92,0xd1,0xd2,0xd2,0xd2,
	0xd2,0xd2,0xd2,0xd2,0xd2,0xd2,0xd2,0xd2,0xd2,0xd2,0xd2,0xd2,0xd2,0xd2,0xd2,0xd2,
	0x29,0x29,0x29,0x29,0x29,0x29,0x29,0x29,0x29,0x29,0x29,0x29,0x29,0x29,0x29,0x29,
	0x28,0x29,0x2b,0x2a,0x29,0x29,0x6a,0x6b,0x6a,0x6a,0x6a,0x6a,0x6a,0x6a,0x6a,0x6a,
	0x6a,0x6a,0x6a,0x6a,0x6a,0x6a,0x6a,0x6a,0x6a,0x6a,0x6a,0x6b,0xaa,0xab,0xab,0xab,
	0xa9,0xad,0xab,0xaa,0xa9,0xac,0x5f,0x59,0x5b,0x5a,0x59,0x58,0x57,0x56,0x55,0x54,
	0x52,0x51,0x51,0x51,0x51,0x51,0x51,0x51,0x51,0x51,0x51,0x51,0x51,0x51,0x51,0x51,
	0x51,0x51,0x52,0x50,0x50,0x50,0x91,0x90,0x91,0x91,0x91,0x91,0x91,0x91,0x91,0x91,
	0x91,0x91,0x91,0x91,0x91,0x91,0x91,0x91,0x91,0x91,0x91,0x92,0xd1,0xd2,0xd2,0xd2,
	0xd2,0xd2,0xd2,0xd2,0xd2,0xd2,0xd2,0xd2,0xd2,0xd2,0xd2,0xd2,0xd2,0xd2,0xd2,0xd2,
	0x29,0x29,0x29,0x29,0x29,0x29,0x29,0x29,0x29,0x29,0x29,0x29,0x29,0x29,0x29,0x29,
	0x3f,0x5d,0x40,0x7a,0x7b,0x3e,0x77,0x7f,0x84,0x90,0x8d,0x77,0x88,0x8a,0x81,0x83,
	0x6a,0x6a,0x6a,0x6a,0x6a,0x6a,0x6a,0x6a,0x6a,0x6a,0x6a,0x6b,0xaa,0xab,0xab,0xab,
	0xab,0xab,0xab,0xab,0xab,0xab,0xab,0xab,0xae,0xa9,0x5a,0x5b,0x58,0x58,0x4e,0x57,
	0x52,0x51,0x51,0x51,0x51,0x51,0x51,0x51,0x51,0x51,0x51,0x51,0x51,0x51,0x51,0x51,
	0x51,0x51,0x52,0x50,0x50,0x50,0x91,0x90,0x91,0x91,0x91,0x91,0x91,0x91,0x91,0x91,
	0x91,0x91,0x91,0x91,0x91,0x91,0x91,0x91,0x91,0x91,0x91,0x92,0xd1,0xd2,0xd2,0xd2,
	0xd2,0xd2,0xd2,0xd2,0xd2,0xd2,0xd2,0xd2,0xd2,0xd2,0xd2,0xd2,0xd2,0xd2,0xd2,0xd2,
	0x29,0x29,0x29,0x29,0x29,0x29,0x29,0x29,0x29,0x29,0x29,0x29,0x29,0x29,0x29,0x29,
	0x34,0x53,0x96,0x5c,0x94,0x7a,0x89,0x7a,0x76,0x76,0x75,0x75,0x74,0x77,0x7e,0x87,
	0x6a,0x6a,0x6a,0x6a,0x6a,0x6a,0x6a,0x6a,0x6a,0x6a,0x6a,0x6b,0xaa,0xab,0xab,0xab,
	0xab,0xab,0xab,0xab,0xab,0xab,0xab,0xab,0xa9,0xaf,0x5a,0x58,0x5a,0x5a,0x55,0x55,
	0x52,0x51,0x51,0x51,0x51,0x51,0x51,0x51,0x51,0x51,0x51,0x51,0x51,0x51,0x51,0x51,
	0x51,0x51,0x52,0x50,0x50,0x50,0x91,0x90,0x91,0x91,0x91,0x91,0x91,0x91,0x91,0x91,
	0x91,0x91,0x91,0x91,0x91,0x91,0x91,0x91,0x91,0x91,0x91,0x92,0xd1,0xd2,0xd2,0xd2,
	0xd2,0xd2,0xd2,0xd2,0xd2,0xd2,0xd2,0xd2,0xd2,0xd2,0xd2,0xd2,0xd2,0xd2,0xd2,0xd2,
	0x29,0x29,0x29,0x29,0x29,0x29,0x29,0x29,0x29,0x29,0x29,0x29,0x29,0x29,0x29,0x29,
	0x4d,0x74,0x7d,0x62,0x51,0x83,0x91,0x99,0x8d,0x8d,0x8b,0x8d,0x7a,0x7a,0x93,0x99,
	0x6a,0x6a,0x6a,0x6a,0x6a,0x6a,0x6a,0x6a,0x6a,0x6a,0x6a,0x6b,0xaa,0xab,0xab,0xab,
	0xab,0xab,0xab,0xab,0xab,0xab,0xab,0xab,0xa8,0xa8,0xab,0xae,0xa9,0xa7,0x58,0x53,
	0x52,0x51,0x51,0x51,0x51,0x51,0x51,0x51,0x51,0x51,0x51,0x51,0x51,0x51,0x51,0x51,
	0x51,0x51,0x52,0x50,0x50,0x50,0x91,0x90,0x91,0x91,0x91,0x91,0x91,0x91,0x91,0x91,
	0x91,0x91,0x91,0x91,0x91,0x91,0x91,0x91,0x91,0x91,0x91,0x92,0xd1,0xd2,0xd2,0xd2,
	0xd2,0xd2,0xd2,0xd2,0xd2,0xd2,0xd2,0xd2,0xd2,0xd2,0xd2,0xd2,0xd2,0xd2,0xd2,0xd2,
	0x29,0x29,0x29,0x29,0x29,0x29,0x29,0x29,0x29,0x29,0x29,0x29,0x29,0x29,0x29,0x29,
	0x8a,0x40,0x62,0x93,0x2f,0x2e,0x8b,0x81,0x7b,0x85,0x81,0x93,0x83,0x95,0x78,0x98,
	0x6a,0x6a,0x6a,0x6a,0x6a,0x6a,0x6a,0x6a,0x6a,0x6a,0x6a,0x6b,0xaa,0xab,0xab,0xab,
	0xab,0xab,0xab,0xab,0xab,0xab,0xab,0xab,0xa9,0xa8,0xac,0xa7,0xae,0xaa,0x58,0x53,
	0x52,0x51,0x51,0x51,0x51,0x51,0x51,0x51,0x51,0x51,0x51,0x51,0x51,0x51,0x51,0x51,
	0x51,0x51,0x52,0x50,0x50,0x50,0x91,0x90,0x91,0x91,0x91,0x91,0x91,0x91,0x91,0x91,
	0x91,0x91,0x91,0x91,0x91,0x91,0x91,0x91,0x91,0x91,0x91,0x92,0xd1,0xd2,0xd2,0xd2,
	0xd2,0xd2,0xd2,0xd2,0xd2,0xd2,0xd2,0xd2,0xd2,0xd2,0xd2,0xd2,0xd2,0xd2,0xd2,0xd2,
	0x29,0x29,0x29,0x29,0x29,0x29,0x29,0x29,0x29,0x29,0x29,0x29,0x29,0x29,0x29,0x29,
	0x35,0x73,0x79,0x49,0x84,0x64,0x72,0x91,0x6e,0x83,0x9d,0x79,0x96,0x75,0x90,0x87,
	0x6a,0x6a,0x6a,0x6a,0x6a,0x6a,0x6a,0x6a,0x6a,0x6a,0x6a,0x6b,0xaa,0xab,0xab,0xab,
	0xaa,0xaa,0xaa,0xaa,0xaa,0xaa,0xaa,0xaa,0xaa,0xaa,0xaa,0xaa,0xaa,0xaa,0xaa,0xaa,
	0x52,0x51,0x51,0x51,0x51,0x51,0x51,0x51,0x51,0x51,0x51,0x51,0x51,0x51,0x51,0x51,
	0x51,0x51,0x52,0x50,0x50,0x50,0x91,0x90,0x91,0x91,0x91,0x91,0x91,0x91,0x91,0x91,
	0x91,0x91,0x91,0x91,0x91,0x91,0x91,0x91,0x91,0x91,0x91,0x92,0xd1,0xd2,0xd2,0xd2,
	0xd2,0xd2,0xd2,0xd2,0xd2,0xd2,0xd2,0xd2,0xd2,0xd2,0xd2,0xd2,0xd2,0xd2,0xd2,0xd2,
	0x29,0x29,0x29,0x29,0x29,0x29,0x29,0x29,0x29,0x29,0x29,0x29,0x29,0x29,0x29,0x29,
	0x57,0x6f,0x72,0x75,0x83,0x6b,0x8c,0x6e,0x7e,0x98,0x86,0x99,0x88,0x79,0x95,0x9e,
	0x6a,0x6a,0x6a,0x6a,0x6a,0x6a,0x6a,0x6a,0x6a,0x6a,0x6a,0x6b,0xaa,0xab,0xab,0xab,
	0xaa,0xaa,0xaa,0xaa,0xaa,0xaa,0xaa,0xaa,0xaa,0xaa,0xaa,0xaa,0xaa,0xaa,0xaa,0xaa,
	0x52,0x51,0x51,0x51,0x51,0x51,0x51,0x51,0x51,0x51,0x51,0x51,0x51,0x51,0x51,0x51,
	0x51,0x51,0x52,0x50,0x50,0x50,0x91,0x90,0x91,0x91,0x91,0x91,0x91,0x91,0x91,0x91,
	0x91,0x91,0x91,0x91,0x91,0x91,0x91,0x91,0x91,0x91,0x91,0x92,0xd1,0xd2,0xd2,0xd2,
	0xd2,0xd2,0xd2,0xd2,0xd2,0xd2,0xd2,0xd2,0xd2,0xd2,0xd2,0xd2,0xd2,0xd2,0xd2,0xd2,
	0x29,0x29,0x29,0x29,0x29,0x29,0x29,0x29,0x29,0x29,0x29,0x29,0x29,0x29,0x29,0x29,
	0x85,0x52,0x55,0x60,0x42,0x7b,0x80,0x85,0x87,0x8d,0x85,0x83,0x85,0x8c,0x70,0x80,
	0x6a,0x6a,0x6a,0x6a,0x6a,0x6a,0x6a,0x6a,0x6a,0x6a,0x6a,0x6b,0xaa,0xab,0xab,0xab,
	0xaa,0xaa,0xaa,0xaa,0xaa,0xaa,0xaa,0xaa,0xaa,0xaa,0xaa,0xaa,0xaa,0xaa,0xaa,0xaa,
	0x52,0x51,0x51,0x51,0x51,0x51,0x51,0x51,0x51,0x51,0x51,0x51,0x51,0x51,0x51,0x51,
	0x51,0x51,0x52,0x50,0x50,0x50,0x91,0x90,0x90,0x90,0x90,0x90,0x8f,0x8f,0x8f,0x8f,
	0x8f,0x8f,0x8f,0x8f,0x90,0x90,0x90,0x90,0x91,0x91,0x91,0x92,0xd1,0xd2,0xd2,0xd2,
	0xd2,0xd2,0xd2,0xd2,0xd2,0xd2,0xd2,0xd2,0xd2,0xd2,0xd2,0xd2,0xd2,0xd2,0xd2,0xd2,
	0x29,0x29,0x29,0x29,0x29,0x29,0x29,0x29,0x29,0x29,0x29,0x29,0x29,0x29,0x29,0x29,
	0x6b,0x7f,0x5c,0x28,0x6a,0x80,0x6f,0x8f,0x88,0x85,0x96,0x8c,0x8b,0x8f,0x88,0x89,
	0x6a,0x6a,0x6a,0x6a,0x6a,0x6a,0x6a,0x6a,0x6a,0x6a,0x6a,0x6b,0xaa,0xab,0xab,0xab,
	0xaa,0xaa,0xaa,0xaa,0xaa,0xaa,0xaa,0xaa,0xaa,0xaa,0xaa,0xaa,0xaa,0xaa,0xaa,0xaa,
	0x52,0x51,0x51,0x51,0x51,0x51,0x51,0x51,0x51,0x51,0x51,0x51,0x51,0x51,0x51,0x51,
	0x51,0x51,0x52,0x50,0x50,0x50,0x91,0x90,0x81,0x80,0x82,0x82,0x82,0x81,0x81,0x81,
	0x81,0x80,0x82,0x82,0x82,0x81,0x81,0x82,0x90,0x91,0x91,0x92,0xd1,0xd2,0xd2,0xd2,
	0xd2,0xd2,0xd2,0xd2,0xd2,0xd2,0xd2,0xd2,0xd2,0xd2,0xd2,0xd2,0xd2,0xd2,0xd2,0xd2,
	0x29,0x29,0x29,0x29,0x29,0x29,0x29,0x29,0x29,0x29,0x29,0x29,0x29,0x29,0x29,0x29,
	0x7f,0x82,0x75,0x6c,0x5f,0x84,0x73,0x78,0x74,0x83,0x70,0x94,0x7c,0x7f,0x84,0x93,
	0x6c,0x6b,0x6a,0x6a,0x6a,0x6a,0x6a,0x6a,0x6a,0x6a,0x6a,0x6b,0xaa,0xab,0xab,0xab,
	0xaa,0xaa,0xaa,0xaa,0xaa,0xaa,0xaa,0xaa,0xaa,0xaa,0xaa,0xaa,0xaa,0xaa,0xaa,0xaa,
	0x52,0x51,0x51,0x51,0x51,0x51,0x51,0x51,0x51,0x51,0x51,0x51,0x51,0x51,0x51,0x51,
	0x51,0x51,0x52,0x50,0x50,0x50,0x91,0x90,0x7f,0x7e,0x80,0x80,0x7f,0x7e,0x7e,0x7e,
	0x7e,0x7e,0x80,0x80,0x7f,0x7e,0x7e,0x7e,0x90,0x91,0x91,0x92,0xd1,0xd2,0xd2,0xd2,
	0xd2,0xd2,0xd2,0xd2,0xd2,0xd2,0xd2,0xd2,0xd2,0xd2,0xd2,0xd2,0xd2,0xd2,0xd2,0xd2,
	0x29,0x29,0x29,0x29,0x29,0x29,0x29,0x29,0x29,0x29,0x29,0x29,0x29,0x29,0x29,0x29,
	0x87,0x8b,0x79,0x60,0x39,0x7d,0x8e,0x75,0x96,0x8e,0x6e,0x71,0x89,0x86,0x79,0x6f,
	0x6a,0x6a,0x6a,0x6a,0x6a,0x6a,0x6a,0x6a,0x6a,0x6a,0x6a,0x6b,0xaa,0xab,0xab,0xab,
	0xaa,0xaa,0xaa,0xaa,0xaa,0xaa,0xaa,0xaa,0xaa,0xaa,0xaa,0xaa,0xaa,0xaa,0xaa,0xaa,
	0x52,0x51,0x51,0x51,0x51,0x51,0x51,0x51,0x51,0x51,0x51,0x51,0x51,0x51,0x51,0x51,
	0x51,0x51,0x52,0x50,0x50,0x50,0x91,0x90,0x7f,0x7e,0x80,0x80,0x7f,0x7e,0x7d,0x7e,
	0x7e,0x7e,0x80,0x80,0x7f,0x7e,0x7d,0x7e,0x90,0x91,0x91,0x92,0xd1,0xd2,0xd2,0xd2,
	0xd2,0xd2,0xd2,0xd2,0xd2,0xd2,0xd2,0xd2,0xd2,0xd2,0xd2,0xd2,0xd2,0xd2,0xd2,0xd2,
	0x29,0x29,0x29,0x29,0x29,0x29,0x29,0x29,0x29,0x29,0x29,0x29,0x29,0x29,0x29,0x29,
	0x2e,0x8f,0x55,0x73,0x95,0x8d,0x87,0x99,0x84,0x85,0x88,0x87,0x90,0x94,0x81,0x7e,
	0x6c,0x6b,0x6a,0x6a,0x6a,0x6a,0x6a,0x6a,0x6a,0x6a,0x6a,0x6b,0xaa,0xab,0xab,0xab,
	0xaa,0xaa,0xaa,0xaa,0xaa,0xaa,0xaa,0xaa,0xaa,0xaa,0xaa,0xaa,0xaa,0xaa,0xaa,0xaa,
	0x52,0x51,0x51,0x51,0x51,0x51,0x51,0x51,0x51,0x51,0x51,0x51,0x51,0x51,0x51,0x51,
	0x51,0x51,0x52,0x50,0x50,0x50,0x91,0x90,0x7f,0x7e,0x80,0x80,0x7f,0x7d,0x7d,0x7d,
	0x7e,0x7e,0x80,0x80,0x7f,0x7d,0x7d,0x7d,0x90,0x91,0x91,0x92,0xd1,0xd2,0xd2,0xd2,
	0xd2,0xd2,0xd2,0xd2,0xd2,0xd2,0xd2,0xd2,0xd2,0xd2,0xd2,0xd2,0xd2,0xd2,0xd2,0xd2,
	0x29,0x29,0x29,0x29,0x29,0x29,0x29,0x29,0x29,0x29,0x29,0x29,0x29,0x29,0x29,0x29,
	0x2f,0x40,0x82,0x4d,0x98,0x78,0x8a,0x7b,0x83,0x86,0x86,0x7e,0x91,0x80,0x7a,0x70,
	0x6b,0x6a,0x6a,0x6a,0x6a,0x6a,0x6a,0x6a,0x6a,0x6a,0x6a,0x6b,0xaa,0xab,0xab,0xab,
	0xaa,0xaa,0xaa,0xaa,0xaa,0xaa,0xaa,0xaa,0xaa,0xaa,0xaa,0xaa,0xaa,0xaa,0xaa,0xaa,
	0x52,0x51,0x51,0x51,0x51,0x51,0x51,0x51,0x51,0x51,0x51,0x51,0x51,0x51,0x51,0x51,
	0x51,0x51,0x52,0x50,0x50,0x50,0x91,0x90,0x7f,0x7e,0x80,0x80,0x7f,0x7d,0x7d,0x7d,
	0x7e,0x7e,0x80,0x80,0x7f,0x7d,0x7d,0x7d,0x90,0x91,0x91,0x92,0xd1,0xd2,0xd2,0xd2,
	0xd2,0xd2,0xd2,0xd2,0xd2,0xd2,0xd2,0xd2,0xd2,0xd2,0xd2,0xd2,0xd2,0xd2,0xd2,0xd2,
	0x29,0x29,0x29,0x29,0x29,0x29,0x29,0x29,0x29,0x29,0x29,0x29,0x29,0x29,0x29,0x29,
	0x7b,0x8e,0x41,0x55,0x79,0x86,0x7a,0x98,0x7f,0x7e,0x95,0x8b,0x85,0x86,0x89,0x79,
	0x6a,0x6a,0x6a,0x6a,0x6a,0x6a,0x6a,0x6a,0x6a,0x6a,0x6a,0x6b,0xaa,0xab,0xab,0xab,
	0xaa,0xaa,0xaa,0xaa,0xaa,0xaa,0xaa,0xaa,0xaa,0xaa,0xaa,0xaa,0xaa,0xaa,0xaa,0xaa,
	0x52,0x51,0x51,0x51,0x51,0x51,0x51,0x51,0x51,0x51,0x51,0x51,0x51,0x51,0x51,0x51,
	0x51,0x51,0x52,0x50,0x50,0x50,0x91,0x90,0x7f,0x7e,0x80,0x80,0x7f,0x7d,0x7d,0x7d,
	0x7e,0x7e,0x80,0x80,0x7f,0x7d,0x7d,0x7d,0x90,0x91,0x91,0x92,0xd1,0xd2,0xd2,0xd2,
	0xd2,0xd2,0xd2,0xd2,0xd2,0xd2,0xd2,0xd2,0xd2,0xd2,0xd2,0xd2,0xd2,0xd2,0xd2,0xd2,
	0x29,0x29,0x29,0x29,0x29,0x29,0x29,0x29,0x29,0x29,0x29,0x29,0x29,0x29,0x29,0x29,
	0x4b,0x4b,0x62,0x77,0x53,0x47,0x81,0x74,0x73,0x8a,0x86,0x8a,0x80,0x8c,0x8c,0x75,
	0x6a,0x6a,0x6a,0x6a,0x6a,0x6a,0x6a,0x6a,0x6a,0x6a,0x6a,0x6b,0xaa,0xab,0xab,0xab,
	0xaa,0xaa,0xaa,0xaa,0xaa,0xaa,0xaa,0xaa,0xaa,0xaa,0xaa,0xaa,0xaa,0xaa,0xaa,0xaa,
	0x52,0x51,0x51,0x51,0x51,0x51,0x51,0x51,0x51,0x51,0x51,0x51,0x51,0x51,0x51,0x51,
	0x51,0x51,0x52,0x50,0x50,0x50,0x91,0x90,0x7f,0x7e,0x80,0x80,0x7f,0x7d,0x7d,0x7d,
	0x7e,0x7e,0x80,0x80,0x7f,0x7d,0x7d,0x7d,0x90,0x91,0x91,0x92,0xd1,0xd2,0xd2,0xd2,
	0xd2,0xd2,0xd2,0xd2,0xd2,0xd2,0xd2,0xd2,0xd2,0xd2,0xd2,0xd2,0xd2,0xd2,0xd2,0xd2,
	0x29,0x29,0x29,0x29,0x29,0x29,0x29,0x29,0x29,0x29,0x29,0x29,0x29,0x29,0x29,0x29,
	0x5e,0x88,0x94,0x8e,0x62,0x58,0x8c,0x8d,0x80,0x7a,0x8b,0x76,0x75,0x86,0x8e,0x7f,
	0x6a,0x6a,0x6a,0x6a,0x6a,0x6a,0x6a,0x6a,0x6a,0x6a,0x6a,0x6b,0xaa,0xab,0xab,0xab,
	0xaa,0xaa,0xaa,0xaa,0xaa,0xaa,0xaa,0xaa,0xaa,0xaa,0xaa,0xaa,0xaa,0xaa,0xaa,0xaa,
	0x52,0x51,0x51,0x51,0x51,0x51,0x51,0x51,0x51,0x51,0x51,0x51,0x51,0x51,0x51,0x51,
	0x51,0x51,0x52,0x50,0x50,0x50,0x91,0x90,0x7f,0x7e,0x80,0x7f,0x7f,0x7d,0x7d,0x7d,
	0x7e,0x7e,0x80,0x7f,0x7f,0x7d,0x7d,0x7d,0x90,0x91,0x91,0x92,0xd1,0xd2,0xd2,0xd2,
	0xd2,0xd2,0xd2,0xd2,0xd2,0xd2,0xd2,0xd2,0xd2,0xd2,0xd2,0xd2,0xd2,0xd2,0xd2,0xd2,
	0x29,0x29,0x29,0x29,0x29,0x29,0x29,0x29,0x29,0x29,0x29,0x29,0x29,0x29,0x29,0x29,
	0x57,0x51,0x9b,0x60,0x9b,0x56,0x75,0x85,0x84,0x7f,0x87,0x78,0x7c,0x85,0x7f,0x80,
	0x6a,0x6a,0x6a,0x6a,0x6a,0x6a,0x6a,0x6a,0x6a,0x6a,0x6a,0x6b,0xaa,0xab,0xab,0xab,
	0xaa,0xaa,0xaa,0xaa,0xaa,0xaa,0xaa,0xaa,0xaa,0xaa,0xaa,0xaa,0xaa,0xaa,0xaa,0xaa,
	0x52,0x51,0x51,0x51,0x51,0x51,0x51,0x51,0x51,0x51,0x51,0x51,0x51,0x51,0x51,0x51,
	0x51,0x51,0x52,0x50,0x50,0x50,0x91,0x90,0x7f,0x7d,0x7f,0x7f,0x7e,0x7d,0x7d,0x7d,
	0x7e,0x7d,0x7f,0x7f,0x7e,0x7d,0x7d,0x7d,0x90,0x91,0x91,0x92,0xd1,0xd2,0xd2,0xd2,
	0xd2,0xd2,0xd2,0xd2,0xd2,0xd2,0xd2,0xd2,0xd2,0xd2,0xd2,0xd2,0xd2,0xd2,0xd2,0xd2,
	0x29,0x29,0x29,0x29,0x29,0x29,0x29,0x29,0x29,0x29,0x29,0x29,0x29,0x29,0x29,0x28,
	0x28,0x28,0x27,0x29,0x29,0x2b,0x68,0x6a,0x6a,0x6a,0x6a,0x6a,0x6a,0x6a,0x6a,0x6a,
	0x85,0x73,0x83,0x97,0x88,0x76,0x75,0x9b,0x91,0x88,0x99,0x6a,0xa3,0xa2,0xa0,0xa5,
	0xaa,0xaa,0xaa,0xaa,0xaa,0xaa,0xaa,0xaa,0xaa,0xaa,0xaa,0xaa,0xaa,0xaa,0xaa,0xaa,
	0x52,0x51,0x51,0x51,0x51,0x51,0x51,0x51,0x51,0x51,0x51,0x51,0x51,0x51,0x51,0x51,
	0x51,0x51,0x52,0x50,0x50,0x50,0x91,0x90,0x7f,0x7d,0x7f,0x7f,0x7e,0x7d,0x7d,0x7d,
	0x7e,0x7d,0x7f,0x7f,0x7e,0x7d,0x7d,0x7d,0x90,0x91,0x91,0x92,0xd1,0xd2,0xd2,0xd2,
	0xd2,0xd2,0xd2,0xd2,0xd2,0xd2,0xd2,0xd2,0xd2,0xd2,0xd2,0xd2,0xd2,0xd2,0xd2,0xd2,
	0x29,0x29,0x29,0x29,0x29,0x29,0x29,0x29,0x29,0x29,0x29,0x29,0x29,0x29,0x29,0x28,
	0x28,0x28,0x27,0x29,0x29,0x2b,0x68,0x6a,0x6a,0x6a,0x6a,0x6a,0x6a,0x6a,0x6a,0x6a,
	0x6f,0x75,0x7c,0x9c,0x75,0x7c,0x6e,0x8c,0x94,0x7a,0x75,0x9c,0x9e,0xa2,0xa8,0xae,
	0xaa,0xaa,0xaa,0xaa,0xaa,0xaa,0xaa,0xaa,0xaa,0xaa,0xaa,0xaa,0xaa,0xaa,0xaa,0xaa,
	0x52,0x51,0x51,0x51,0x51,0x51,0x51,0x51,0x51,0x51,0x51,0x51,0x51,0x51,0x51,0x51,
	0x51,0x51,0x52,0x50,0x50,0x50,0x91,0x90,0x7f,0x7d,0x7f,0x7e,0x7e,0x7d,0x7d,0x7d,
	0x7e,0x7d,0x7f,0x7e,0x7e,0x7d,0x7d,0x7d,0x90,0x91,0x91,0x92,0xd1,0xd2,0xd2,0xd2,
	0xd2,0xd2,0xd2,0xd2,0xd2,0xd2,0xd2,0xd2,0xd2,0xd2,0xd2,0xd2,0xd2,0xd2,0xd2,0xd2,
	0x29,0x29,0x29,0x29,0x29,0x29,0x29,0x29,0x29,0x29,0x29,0x29,0x29,0x29,0x29,0x28,
	0x28,0x28,0x27,0x29,0x29,0x2b,0x68,0x6a,0x6a,0x6a,0x6a,0x6a,0x6a,0x6a,0x6a,0x6a,
	0x72,0x9b,0x94,0x81,0x74,0x92,0x8c,0x70,0x7d,0x81,0x91,0x6f,0xa6,0x9f,0xa3,0xa5,
	0xa9,0xaa,0xaa,0xaa,0xaa,0xaa,0xaa,0xaa,0xaa,0xaa,0xaa,0xaa,0xaa,0xaa,0xaa,0xaa,
	0x52,0x51,0x51,0x51,0x51,0x51,0x51,0x51,0x51,0x51,0x51,0x51,0x51,0x51,0x51,0x51,
	0x51,0x51,0x52,0x50,0x50,0x50,0x91,0x90,0x7f,0x7d,0x7f,0x7e,0x7e,0x7d,0x7d,0x7d,
	0x7e,0x7d,0x7f,0x7e,0x7e,0x7d,0x7d,0x7d,0x90,0x91,0x91,0x92,0xd1,0xd2,0xd2,0xd2,
	0xd2,0xd2,0xd2,0xd2,0xd2,0xd2,0xd2,0xd2,0xd2,0xd2,0xd2,0xd2,0xd2,0xd2,0xd2,0xd2,
	0x29,0x29,0x29,0x29,0x29,0x29,0x29,0x29,0x29,0x29,0x29,0x29,0x29,0x29,0x29,0x28,
	0x28,0x28,0x27,0x29,0x29,0x2b,0x68,0x6a,0x6a,0x6a,0x6a,0x6a,0x6a,0x6a,0x6a,0x6a,
	0x95,0x78,0x8f,0x83,0x75,0x81,0x98,0x7c,0x85,0x9e,0x7d,0x94,0x9f,0xaa,0x9c,0xa1,
	0xa9,0xaa,0xaa,0xaa,0xaa,0xaa,0xaa,0xaa,0xaa,0xaa,0xaa,0xaa,0xaa,0xaa,0xaa,0xaa,
	0x52,0x51,0x51,0x51,0x51,0x51,0x51,0x51,0x51,0x51,0x51,0x51,0x51,0x51,0x51,0x51,
	0x51,0x51,0x52,0x50,0x50,0x50,0x91,0x90,0x7f,0x7d,0x7f,0x7e,0x7e,0x7d,0x7d,0x7d,
	0x7e,0x7d,0x7f,0x7e,0x7e,0x7d,0x7d,0x7d,0x90,0x91,0x91,0x92,0xd1,0xd2,0xd2,0xd2,
	0xd2,0xd2,0xd2,0xd2,0xd2,0xd2,0xd2,0xd2,0xd2,0xd2,0xd2,0xd2,0xd2,0xd2,0xd2,0xd2,
	0x29,0x29,0x29,0x29,0x29,0x29,0x29,0x29,0x29,0x29,0x29,0x29,0x29,0x29,0x29,0x28,
	0x28,0x28,0x27,0x29,0x29,0x2b,0x68,0x6a,0x6a,0x6a,0x6a,0x6a,0x6a,0x6a,0x6a,0x6a,
	0x6e,0x91,0x93,0x95,0x9c,0x71,0x87,0x75,0x94,0x95,0x91,0x93,0xa8,0x9d,0xa7,0x9b,
	0xa9,0xaa,0xaa,0xaa,0xaa,0xaa,0xaa,0xaa,0xaa,0xaa,0xaa,0xaa,0xaa,0xaa,0xaa,0xaa,
	0x52,0x51,0x51,0x51,0x51,0x51,0x51,0x51,0x51,0x51,0x51,0x51,0x51,0x51,0x51,0x51,
	0x51,0x51,0x52,0x50,0x50,0x50,0x91,0x90,0x7f,0x7d,0x7f,0x7e,0x7e,0x7d,0x7d,0x7d,
	0x7e,0x7d,0x7f,0x7e,0x7e,0x7d,0x7d,0x7d,0x90,0x91,0x91,0x92,0xd1,0xd2,0xd2,0xd2,
	0xd2,0xd2,0xd2,0xd2,0xd2,0xd2,0xd2,0xd2,0xd2,0xd2,0xd2,0xd2,0xd2,0xd2,0xd2,0xd2,
	0x29,0x29,0x29,0x29,0x29,0x29,0x29,0x29,0x29,0x29,0x29,0x29,0x29,0x29,0x29,0x28,
	0x28,0x28,0x27,0x29,0x29,0x2b,0x68,0x6a,0x6a,0x6a,0x6a,0x6a,0x6a,0x6a,0x6a,0x6a,
	0x85,0x7c,0x95,0x91,0x91,0x79,0x88,0x8d,0x92,0x7d,0x95,0x7a,0xa5,0xae,0xa7,0xa5,
	0xa9,0xaa,0xaa,0xaa,0xaa,0xaa,0xaa,0xaa,0xaa,0xaa,0xaa,0xaa,0xaa,0xaa,0xaa,0xaa,
	0x52,0x51,0x51,0x51,0x51,0x51,0x51,0x51,0x51,0x51,0x51,0x51,0x51,0x51,0x51,0x51,
	0x51,0x51,0x52,0x50,0x50,0x50,0x91,0x90,0x7f,0x7d,0x7f,0x7e,0x7e,0x7d,0x7d,0x7d,
	0x7e,0x7d,0x7f,0x7e,0x7e,0x7d,0x7d,0x7d,0x90,0x91,0x91,0x92,0xd1,0xd2,0xd2,0xd2,
	0xd2,0xd2,0xd2,0xd2,0xd2,0xd2,0xd2,0xd2,0xd2,0xd2,0xd2,0xd2,0xd2,0xd2,0xd2,0xd2,
	0x29,0x29,0x29,0x29,0x29,0x29,0x29,0x29,0x29,0x29,0x29,0x29,0x29,0x29,0x29,0x28,
	0x28,0x28,0x28,0x29,0x29,0x2b,0x68,0x6a,0x6a,0x6a,0x6a,0x6a,0x6a,0x6a,0x6a,0x6a,
	0x8b,0x6b,0x92,0x97,0x8b,0x87,0x77,0x79,0x8c,0x71,0x6a,0x95,0x9e,0xa5,0x9b,0xa0,
	0xa9,0xaa,0xaa,0xaa,0xaa,0xaa,0xaa,0xaa,0xaa,0xaa,0xaa,0xaa,0xaa,0xaa,0xaa,0xaa,
	0x52,0x51,0x51,0x51,0x51,0x51,0x51,0x51,0x51,0x51,0x51,0x51,0x51,0x51,0x51,0x51,
	0x51,0x51,0x52,0x50,0x50,0x50,0x91,0x90,0x80,0x7e,0x80,0x7f,0x7f,0x7e,0x7e,0x7e,
	0x7f,0x7e,0x80,0x7f,0x7f,0x7e,0x7e,0x7e,0x90,0x91,0x91,0x92,0xd1,0xd2,0xd2,0xd2,
	0xd2,0xd2,0xd2,0xd2,0xd2,0xd2,0xd2,0xd2,0xd2,0xd2,0xd2,0xd2,0xd2,0xd2,0xd2,0xd2,
	0x29,0x29,0x29,0x29,0x29,0x29,0x29,0x29,0x29,0x29,0x29,0x29,0x29,0x29,0x29,0x28,
	0x28,0x28,0x28,0x29,0x29,0x2b,0x68,0x6a,0x6a,0x6a,0x6a,0x6a,0x6a,0x6a,0x6a,0x6a,
	0x7c,0x75,0x7a,0x8a,0x94,0x78,0x7e,0x97,0x96,0x91,0x8c,0x8c,0xaa,0xa2,0xa5,0x9d,
	0xa9,0xaa,0xaa,0xaa,0xaa,0xaa,0xaa,0xaa,0xaa,0xaa,0xaa,0xaa,0xaa,0xaa,0xaa,0xaa,
	0x52,0x51,0x51,0x51,0x51,0x51,0x51,0x51,0x51,0x51,0x51,0x51,0x51,0x51,0x51,0x51,
	0x51,0x51,0x52,0x50,0x50,0x50,0x91,0x90,0x90,0x90,0x90,0x90,0x90,0x90,0x90,0x90,
	0x90,0x90,0x90,0x90,0x90,0x90,0x90,0x90,0x91,0x91,0x91,0x92,0xd1,0xd2,0xd2,0xd2,
	0xd2,0xd2,0xd2,0xd2,0xd2,0xd2,0xd2,0xd2,0xd2,0xd2,0xd2,0xd2,0xd2,0xd2,0xd2,0xd2,
	0x29,0x29,0x29,0x29,0x29,0x29,0x29,0x29,0x29,0x29,0x29,0x29,0x29,0x29,0x29,0x29,
	0x29,0x29,0x28,0x29,0x29,0x2b,0x68,0x6a,0x6a,0x6a,0x6a,0x6a,0x6a,0x6a,0x6a,0x6a,
	0x86,0x87,0x76,0x88,0x96,0x93,0x90,0x8e,0x8b,0x89,0x87,0x9a,0xac,0xa8,0xa1,0xa1,
	0xa9,0xaa,0xaa,0xaa,0xaa,0xaa,0xaa,0xaa,0xaa,0xaa,0xaa,0xaa,0xaa,0xaa,0xaa,0xaa,
	0x52,0x51,0x51,0x51,0x51,0x51,0x51,0x51,0x51,0x51,0x51,0x51,0x51,0x51,0x51,0x51,
	0x51,0x51,0x52,0x50,0x50,0x50,0x91,0x90,0x91,0x91,0x91,0x91,0x91,0x91,0x91,0x91,
	0x91,0x91,0x91,0x91,0x91,0x91,0x91,0x91,0x91,0x91,0x91,0x92,0xd1,0xd2,0xd2,0xd2,
	0xd2,0xd2,0xd2,0xd2,0xd2,0xd2,0xd2,0xd2,0xd2,0xd2,0xd2,0xd2,0xd2,0xd2,0xd2,0xd2,
	0x29,0x29,0x29,0x29,0x29,0x29,0x29,0x29,0x29,0x29,0x29,0x29,0x29,0x29,0x29,0x29,
	0x29,0x29,0x29,0x29,0x29,0x2b,0x68,0x6a,0x6a,0x6a,0x6a,0x6a,0x6a,0x6a,0x6a,0x6a,
	0x8f,0x88,0x6f,0x70,0x69,0x88,0x79,0x7f,0x7c,0x8b,0x7c,0x6f,0xa0,0x9a,0x9d,0xa6,
	0xa9,0xaa,0xaa,0xaa,0xaa,0xaa,0xaa,0xaa,0xaa,0xaa,0xaa,0xaa,0xaa,0xaa,0xaa,0xaa,
	0x52,0x51,0x51,0x51,0x51,0x51,0x51,0x51,0x51,0x51,0x51,0x51,0x51,0x51,0x51,0x51,
	0x51,0x51,0x52,0x50,0x50,0x50,0x91,0x90,0x91,0x91,0x91,0x91,0x91,0x91,0x91,0x91,
	0x91,0x91,0x91,0x91,0x91,0x91,0x91,0x91,0x91,0x91,0x91,0x92,0xd1,0xd2,0xd2,0xd2,
	0xd2,0xd2,0xd2,0xd2,0xd2,0xd2,0xd2,0xd2,0xd2,0xd2,0xd2,0xd2,0xd2,0xd2,0xd2,0xd2,
	0x29,0x29,0x29,0x29,0x29,0x29,0x29,0x29,0x29,0x29,0x29,0x29,0x29,0x29,0x29,0x29,
	0x29,0x29,0x29,0x29,0x29,0x2b,0x68,0x6a,0x6a,0x6a,0x6a,0x6a,0x6a,0x6a,0x6a,0x6a,
	0x8c,0x86,0x8a,0x8d,0x8e,0x71,0x73,0x82,0x89,0x81,0x79,0x75,0xa1,0xa0,0xa6,0xa4,
	0xa9,0xaa,0xaa,0xaa,0xaa,0xaa,0xaa,0xaa,0xaa,0xaa,0xaa,0xaa,0xaa,0xaa,0xaa,0xaa,
	0x52,0x51,0x51,0x51,0x51,0x51,0x51,0x51,0x51,0x51,0x51,0x51,0x51,0x51,0x51,0x51,
	0x51,0x51,0x52,0x50,0x50,0x50,0x91,0x90,0x91,0x91,0x91,0x91,0x91,0x91,0x91,0x91,
	0x91,0x91,0x91,0x91,0x91,0x91,0x91,0x91,0x91,0x91,0x91,0x92,0xd1,0xd2,0xd2,0xd2,
	0xd2,0xd2,0xd2,0xd2,0xd2,0xd2,0xd2,0xd2,0xd2,0xd2,0xd2,0xd2,0xd2,0xd2,0xd2,0xd2,
	0x29,0x29,0x29,0x29,0x29,0x29,0x29,0x29,0x29,0x29,0x29,0x29,0x29,0x29,0x29,0x29,
	0x29,0x29,0x29,0x29,0x29,0x2b,0x68,0x6a,0x6a,0x6a,0x6a,0x6a,0x6a,0x6a,0x6a,0x6a,
	0x82,0x8c,0x8e,0x89,0x86,0x72,0x79,0x95,0x82,0x82,0x99,0x83,0xa4,0xa5,0x9d,0xa7,
	0xa9,0xaa,0xaa,0xaa,0xaa,0xaa,0xaa,0xaa,0xaa,0xaa,0xaa,0xaa,0xaa,0xaa,0xaa,0xaa,
	0x52,0x51,0x51,0x51,0x51,0x51,0x51,0x51,0x51,0x51,0x51,0x51,0x51,0x51,0x51,0x51,
	0x51,0x51,0x52,0x50,0x50,0x50,0x91,0x90,0x91,0x91,0x91,0x91,0x91,0x91,0x91,0x91,
	0x91,0x91,0x91,0x91,0x91,0x91,0x91,0x91,0x91,0x91,0x91,0x92,0xd1,0xd2,0xd2,0xd2,
	0xd2,0xd2,0xd2,0xd2,0xd2,0xd2,0xd2,0xd2,0xd2,0xd2,0xd2,0xd2,0xd2,0xd2,0xd2,0xd2,
	0x29,0x29,0x29,0x29,0x29,0x29,0x29,0x29,0x29,0x29,0x29,0x29,0x29,0x29,0x29,0x29,
	0x29,0x29,0x29,0x29,0x29,0x2b,0x68,0x6a,0x6a,0x6a,0x6a,0x6a,0x6a,0x6a,0x6a,0x6a,
	0x7e,0x7a,0x7c,0x94,0x90,0x77,0x8f,0x7f,0x71,0x83,0x9b,0x82,0xa7,0xa8,0x99,0xa9,
	0xaa,0xaa,0xaa,0xaa,0xaa,0xaa,0xaa,0xaa,0xaa,0xaa,0xaa,0xaa,0xaa,0xaa,0xaa,0xaa,
	0x52,0x51,0x51,0x51,0x51,0x51,0x51,0x51,0x51,0x51,0x51,0x51,0x51,0x51,0x51,0x51,
	0x51,0x51,0x52,0x50,0x50,0x50,0x91,0x90,0x91,0x91,0x91,0x91,0x91,0x91,0x91,0x91,
	0x91,0x91,0x91,0x91,0x91,0x91,0x91,0x91,0x91,0x91,0x91,0x92,0xd1,0xd2,0xd2,0xd2,
	0xd2,0xd2,0xd2,0xd2,0xd2,0xd2,0xd2,0xd2,0xd2,0xd2,0xd2,0xd2,0xd2,0xd2,0xd2,0xd2,
	0x29,0x29,0x29,0x29,0x29,0x29,0x29,0x29,0x29,0x29,0x29,0x29,0x29,0x29,0x29,0x29,
	0x29,0x29,0x29,0x29,0x29,0x2b,0x68,0x6a,0x6a,0x6a,0x6a,0x6a,0x6a,0x6a,0x6a,0x6a,
	0x68,0x80,0x86,0x7d,0x93,0x88,0x77,0x7c,0x91,0x88,0x6c,0x8d,0xa0,0xa1,0x9f,0x9e,
	0xaa,0xaa,0xaa,0xaa,0xaa,0xaa,0xaa,0xaa,0xaa,0xaa,0xaa,0xaa,0xaa,0xaa,0xaa,0xaa,
	0x52,0x51,0x51,0x51,0x51,0x51,0x51,0x51,0x51,0x51,0x51,0x51,0x51,0x51,0x51,0x51,
	0x51,0x51,0x52,0x50,0x50,0x50,0x91,0x90,0x91,0x91,0x91,0x91,0x91,0x91,0x91,0x91,
	0x91,0x91,0x91,0x91,0x91,0x91,0x91,0x91,0x91,0x91,0x91,0x92,0xd1,0xd2,0xd2,0xd2,
	0xd2,0xd2,0xd2,0xd2,0xd2,0xd2,0xd2,0xd2,0xd2,0xd2,0xd2,0xd2,0xd2,0xd2,0xd2,0xd2,
	0x29,0x29,0x29,0x29,0x29,0x29,0x29,0x29,0x29,0x29,0x29,0x29,0x29,0x29,0x29,0x29,
	0x29,0x29,0x29,0x29,0x29,0x2b,0x68,0x6a,0x6a,0x6a,0x6a,0x6a,0x6a,0x6a,0x6a,0x6a,
	0x8d,0x7c,0x97,0x84,0x7a,0x74,0x7b,0x79,0x99,0x85,0x6b,0x81,0xa5,0x9d,0xa6,0xa4,
	0xaa,0xaa,0xaa,0xaa,0xaa,0xaa,0xaa,0xaa,0xaa,0xaa,0xaa,0xaa,0xaa,0xaa,0xaa,0xaa,
	0x52,0x51,0x51,0x51,0x51,0x51,0x51,0x51,0x51,0x51,0x51,0x51,0x51,0x51,0x51,0x51,
	0x51,0x51,0x52,0x50,0x50,0x50,0x91,0x90,0x91,0x91,0x91,0x91,0x91,0x91,0x91,0x91,
	0x91,0x91,0x91,0x91,0x91,0x91,0x91,0x91,0x91,0x91,0x91,0x92,0xd1,0xd2,0xd2,0xd2,
	0xd2,0xd2,0xd2,0xd2,0xd2,0xd2,0xd2,0xd2,0xd2,0xd2,0xd2,0xd2,0xd2,0xd2,0xd2,0xd2,
	0x29,0x29,0x29,0x29,0x29,0x29,0x29,0x29,0x29,0x29,0x29,0x29,0x29,0x29,0x29,0x29,
	0x29,0x29,0x29,0x29,0x29,0x2b,0x68,0x6a,0x6a,0x6a,0x6a,0x6a,0x6a,0x6a,0x6a,0x6a,
	0x80,0x99,0x85,0x6c,0x83,0x63,0x80,0x69,0x8e,0x9a,0x7f,0x86,0xa4,0xa2,0xa1,0xa1,
	0xaa,0xaa,0xaa,0xaa,0xaa,0xaa,0xaa,0xaa,0xaa,0xaa,0xaa,0xaa,0xaa,0xaa,0xaa,0xaa,
	0x52,0x51,0x51,0x51,0x51,0x51,0x51,0x51,0x51,0x51,0x51,0x51,0x51,0x51,0x51,0x51,
	0x51,0x51,0x52,0x50,0x50,0x50,0x91,0x90,0x91,0x91,0x91,0x91,0x91,0x91,0x91,0x91,
	0x91,0x91,0x91,0x91,0x91,0x91,0x91,0x91,0x91,0x91,0x91,0x92,0xd1,0xd2,0xd2,0xd2,
	0xd2,0xd2,0xd2,0xd2,0xd2,0xd2,0xd2,0xd2,0xd2,0xd2,0xd2,0xd2,0xd2,0xd2,0xd2,0xd2,
	0x29,0x29,0x29,0x29,0x29,0x29,0x29,0x29,0x29,0x29,0x29,0x29,0x29,0x29,0x29,0x29,
	0x29,0x29,0x29,0x29,0x29,0x2b,0x68,0x6a,0x6a,0x6a,0x6a,0x6a,0x6a,0x6a,0x6a,0x6a,
	0x6a,0x6a,0x6a,0x6a,0x6a,0x6a,0x6a,0x6a,0x6a,0x6a,0x6a,0x6a,0xa7,0xa9,0xa7,0xa7,
	0xa9,0xaa,0xaa,0xaa,0xaa,0xaa,0xaa,0xaa,0xaa,0xaa,0xaa,0xaa,0xaa,0xaa,0xaa,0xaa,
	0x52,0x51,0x51,0x51,0x51,0x51,0x51,0x51,0x51,0x51,0x51,0x51,0x51,0x51,0x51,0x51,
	0x51,0x51,0x52,0x50,0x50,0x50,0x91,0x90,0x91,0x91,0x91,0x91,0x91,0x91,0x91,0x91,
	0x91,0x91,0x91,0x91,0x91,0x91,0x91,0x91,0x91,0x91,0x91,0x92,0xd1,0xd2,0xd2,0xd2,
	0xd2,0xd2,0xd2,0xd2,0xd2,0xd2,0xd2,0xd2,0xd2,0xd2,0xd2,0xd2,0xd2,0xd2,0xd2,0xd2,
	0x29,0x29,0x29,0x29,0x29,0x29,0x29,0x29,0x29,0x29,0x29,0x29,0x29,0x29,0x29,0x29,
	0x29,0x29,0x29,0x29,0x29,0x2b,0x68,0x6a,0x6a,0x6a,0x6a,0x6a,0x6a,0x6a,0x6a,0x6a,
	0x6a,0x6a,0x6a,0x6a,0x6a,0x6a,0x6a,0x6a,0x6a,0x6a,0x6a,0x6a,0xa9,0xa9,0xaa,0xaa,
	0xa9,0xaa,0xaa,0xaa,0xaa,0xaa,0xaa,0xaa,0xaa,0xaa,0xaa,0xaa,0xaa,0xaa,0xaa,0xaa,
	0x52,0x51,0x51,0x51,0x51,0x51,0x51,0x51,0x51,0x51,0x51,0x51,0x51,0x51,0x51,0x51,
	0x51,0x51,0x52,0x50,0x50,0x50,0x91,0x90,0x91,0x91,0x91,0x91,0x91,0x91,0x91,0x91,
	0x91,0x91,0x91,0x91,0x91,0x91,0x91,0x91,0x91,0x91,0x91,0x92,0xd1,0xd2,0xd2,0xd2,
	0xd2,0xd2,0xd2,0xd2,0xd2,0xd2,0xd2,0xd2,0xd2,0xd2,0xd2,0xd2,0xd2,0xd2,0xd2,0xd2,
	0x29,0x29,0x29,0x29,0x29,0x29,0x29,0x29,0x29,0x29,0x29,0x29,0x29,0x29,0x29,0x29,
	0x29,0x29,0x29,0x29,0x29,0x2b,0x68,0x6a,0x6a,0x6a,0x6a,0x6a,0x6a,0x6a,0x6a,0x6a,
	0x6a,0x6a,0x6a,0x6a,0x6a,0x6a,0x6a,0x6a,0x6a,0x6a,0x6a,0x6a,0xab,0xa9,0xac,0xab,
	0xaa,0xaa,0xaa,0xaa,0xaa,0xaa,0xaa,0xaa,0xaa,0xaa,0xaa,0xaa,0xaa,0xaa,0xaa,0xaa,
	0x52,0x51,0x51,0x51,0x51,0x51,0x51,0x51,0x51,0x51,0x51,0x51,0x51,0x51,0x51,0x51,
	0x51,0x51,0x52,0x50,0x50,0x50,0x91,0x90,0x91,0x91,0x91,0x91,0x91,0x91,0x91,0x91,
	0x91,0x91,0x91,0x91,0x91,0x91,0x91,0x91,0x91,0x91,0x91,0x92,0xd1,0xd2,0xd2,0xd2,
	0xd2,0xd2,0xd2,0xd2,0xd2,0xd2,0xd2,0xd2,0xd2,0xd2,0xd2,0xd2,0xd2,0xd2,0xd2,0xd2,
	0x29,0x29,0x29,0x29,0x29,0x29,0x29,0x29,0x29,0x29,0x29,0x29,0x29,0x29,0x29,0x29,
	0x29,0x29,0x29,0x29,0x29,0x2b,0x68,0x6a,0x6a,0x6a,0x6a,0x6a,0x6a,0x6a,0x6a,0x6a,
	0x6a,0x6a,0x6a,0x6a,0x6a,0x6a,0x6a,0x6a,0x6a,0x6a,0x6a,0x6a,0xab,0xa9,0xad,0xab,
	0xab,0xaa,0xaa,0xaa,0xaa,0xaa,0xaa,0xaa,0xaa,0xaa,0xaa,0xaa,0xaa,0xaa,0xaa,0xaa,
	0x52,0x51,0x51,0x51,0x51,0x51,0x51,0x51,0x51,0x51,0x51,0x51,0x51,0x51,0x51,0x51,
	0x51,0x51,0x52,0x50,0x50,0x50,0x91,0x90,0x91,0x91,0x91,0x91,0x91,0x91,0x91,0x91,
	0x91,0x91,0x91,0x91,0x91,0x91,0x91,0x91,0x91,0x91,0x91,0x92,0xd1,0xd2,0xd2,0xd2,
	0xd2,0xd2,0xd2,0xd2,0xd2,0xd2,0xd2,0xd2,0xd2,0xd2,0xd2,0xd2,0xd2,0xd2,0xd2,0xd2,
	0x29,0x29,0x29,0x29,0x29,0x29,0x29,0x29,0x29,0x29,0x29,0x29,0x29,0x29,0x29,0x29,
	0x29,0x29,0x29,0x29,0x29,0x2b,0x68,0x6a,0x6a,0x6a,0x6a,0x6a,0x6a,0x6a,0x6a,0x6a,
	0x6a,0x6a,0x6a,0x6a,0x6a,0x6a,0x6a,0x6a,0x6a,0x6a,0x6a,0x6a,0xab,0xa9,0xad,0xab,
	0xab,0xaa,0xaa,0xaa,0xaa,0xaa,0xaa,0xaa,0xaa,0xaa,0xaa,0xaa,0xaa,0xaa,0xaa,0xaa,
	0x52,0x51,0x51,0x51,0x51,0x51,0x51,0x51,0x51,0x51,0x51,0x51,0x51,0x51,0x51,0x51,
	0x51,0x51,0x52,0x50,0x50,0x50,0x91,0x90,0x91,0x91,0x91,0x91,0x91,0x91,0x91,0x91,
	0x91,0x91,0x91,0x91,0x91,0x91,0x91,0x91,0x91,0x91,0x91,0x92,0xd1,0xd2,0xd2,0xd2,
	0xd2,0xd2,0xd2,0xd2,0xd2,0xd2,0xd2,0xd2,0xd2,0xd2,0xd2,0xd2,0xd2,0xd2,0xd2,0xd2,
	0x29,0x29,0x29,0x29,0x29,0x29,0x29,0x29,0x29,0x29,0x29,0x29,0x29,0x29,0x29,0x29,
	0x29,0x29,0x29,0x29,0x29,0x2b,0x68,0x6a,0x6a,0x6a,0x6a,0x6a,0x6a,0x6a,0x6a,0x6a,
	0x6a,0x6a,0x6a,0x6a,0x6a,0x6a,0x6a,0x6a,0x6a,0x6a,0x6a,0x6a,0xab,0xa9,0xad,0xab,
	0xab,0xaa,0xaa,0xaa,0xaa,0xaa,0xaa,0xaa,0xaa,0xaa,0xaa,0xaa,0xaa,0xaa,0xaa,0xaa,
	0x52,0x51,0x51,0x51,0x51,0x51,0x51,0x51,0x51,0x51,0x51,0x51,0x51,0x51,0x51,0x51,
	0x51,0x51,0x52,0x50,0x50,0x50,0x91,0x90,0x91,0x91,0x91,0x91,0x91,0x91,0x91,0x91,
	0x91,0x91,0x91,0x91,0x91,0x91,0x91,0x91,0x91,0x91,0x91,0x92,0xd1,0xd2,0xd2,0xd2,
	0xd2,0xd2,0xd2,0xd2,0xd2,0xd2,0xd2,0xd2,0xd2,0xd2,0xd2,0xd2,0xd2,0xd2,0xd2,0xd2,
	0x29,0x29,0x29,0x29,0x29,0x29,0x29,0x29,0x29,0x29,0x29,0x29,0x29,0x29,0x29,0x29,
	0x29,0x29,0x29,0x29,0x29,0x2b,0x68,0x6a,0x6a,0x6a,0x6a,0x6a,0x6a,0x6a,0x6a,0x6a,
	0x6a,0x6a,0x6a,0x6a,0x6a,0x6a,0x6a,0x6a,0x6a,0x6a,0x6a,0x6a,0xab,0xa9,0xad,0xab,
	0xab,0xaa,0xaa,0xaa,0xaa,0xaa,0xaa,0xaa,0xaa,0xaa,0xaa,0xaa,0xaa,0xaa,0xaa,0xaa,
	0x52,0x51,0x51,0x51,0x51,0x51,0x51,0x51,0x51,0x51,0x51,0x51,0x51,0x51,0x51,0x51,
	0x51,0x51,0x52,0x50,0x50,0x50,0x91,0x90,0x91,0x91,0x91,0x91,0x91,0x91,0x91,0x91,
	0x91,0x91,0x91,0x91,0x91,0x91,0x91,0x91,0x91,0x91,0x91,0x92,0xd1,0xd2,0xd2,0xd2,
	0xd2,0xd2,0xd2,0xd2,0xd2,0xd2,0xd2,0xd2,0xd2,0xd2,0xd2,0xd2,0xd2,0xd2,0xd2,0xd2,
	0x29,0x29,0x29,0x29,0x29,0x29,0x29,0x29,0x29,0x29,0x29,0x29,0x29,0x29,0x29,0x29,
	0x29,0x29,0x29,0x29,0x29,0x2b,0x68,0x6a,0x6a,0x6a,0x6a,0x6a,0x6a,0x6a,0x6a,0x6a,
	0x6a,0x6a,0x6a,0x6a,0x6a,0x6a,0x6a,0x6a,0x6a,0x6a,0x6a,0x6a,0xab,0xa9,0xad,0xab,
	0xab,0xaa,0xaa,0xaa,0xaa,0xaa,0xaa,0xaa,0xaa,0xaa,0xaa,0xaa,0xaa,0xaa,0xaa,0xaa,
	0x52,0x51,0x51,0x51,0x51,0x51,0x51,0x51,0x51,0x51,0x51,0x51,0x51,0x51,0x51,0x51,
	0x51,0x51,0x52,0x50,0x50,0x50,0x91,0x90,0x91,0x91,0x91,0x91,0x91,0x91,0x91,0x91,
	0x91,0x91,0x91,0x91,0x91,0x91,0x91,0x91,0x91,0x91,0x91,0x92,0xd1,0xd2,0xd2,0xd2,
	0xd2,0xd2,0xd2,0xd2,0xd2,0xd2,0xd2,0xd2,0xd2,0xd2,0xd2,0xd2,0xd2,0xd2,0xd2,0xd2,
	0x29,0x29,0x29,0x29,0x29,0x29,0x29,0x29,0x29,0x29,0x29,0x29,0x29,0x29,0x29,0x29,
	0x29,0x29,0x29,0x29,0x29,0x2b,0x68,0x6a,0x6a,0x6a,0x6a,0x6a,0x6a,0x6a,0x6a,0x6a,
	0x6a,0x6a,0x6a,0x6a,0x6a,0x6a,0x6a,0x6a,0x6a,0x6a,0x6a,0x6a,0xab,0xa9,0xad,0xab,
	0xab,0xaa,0xaa,0xaa,0xaa,0xaa,0xaa,0xaa,0xaa,0xaa,0xaa,0xaa,0xaa,0xaa,0xaa,0xaa,
	0x52,0x51,0x51,0x51,0x51,0x51,0x51,0x51,0x51,0x51,0x51,0x51,0x51,0x51,0x51,0x51,
	0x51,0x51,0x52,0x50,0x50,0x50,0x91,0x90,0x91,0x91,0x91,0x91,0x91,0x91,0x91,0x91,
	0x91,0x91,0x91,0x91,0x91,0x91,0x91,0x91,0x91,0x91,0x91,0x92,0xd1,0xd2,0xd2,0xd2,
	0xd2,0xd2,0xd2,0xd2,0xd2,0xd2,0xd2,0xd2,0xd2,0xd2,0xd2,0xd2,0xd2,0xd2,0xd2,0xd2,
	0x29,0x29,0x29,0x29,0x29,0x29,0x29,0x29,0x29,0x29,0x29,0x29,0x29,0x29,0x29,0x29,
	0x29,0x29,0x29,0x29,0x29,0x2b,0x68,0x6a,0x6a,0x6a,0x6a,0x6a,0x6a,0x6a,0x6a,0x6a,
	0x6a,0x6a,0x6a,0x6a,0x6a,0x6a,0x6a,0x6a,0x6a,0x6a,0x6a,0x6a,0xab,0xa9,0xad,0xab,
	0xab,0xaa,0xaa,0xaa,0xaa,0xaa,0xaa,0xaa,0xaa,0xaa,0xaa,0xaa,0xaa,0xaa,0xaa,0xaa,
	0x52,0x51,0x51,0x51,0x51,0x51,0x51,0x51,0x51,0x51,0x51,0x51,0x51,0x51,0x51,0x51,
	0x51,0x51,0x52,0x50,0x50,0x50,0x91,0x90,0x91,0x91,0x91,0x91,0x91,0x91,0x91,0x91,
	0x91,0x91,0x91,0x91,0x91,0x91,0x91,0x91,0x91,0x91,0x91,0x92,0xd1,0xd2,0xd2,0xd2,
	0xd2,0xd2,0xd2,0xd2,0xd2,0xd2,0xd2,0xd2,0xd2,0xd2,0xd2,0xd2,0xd2,0xd2,0xd2,0xd2,
	0x29,0x29,0x29,0x29,0x29,0x29,0x29,0x29,0x29,0x29,0x29,0x29,0x29,0x29,0x29,0x29,
	0x29,0x29,0x29,0x29,0x29,0x2b,0x68,0x6a,0x6a,0x6a,0x6a,0x6a,0x6a,0x6a,0x6a,0x6a,
	0x6a,0x6a,0x6a,0x6a,0x6a,0x6a,0x6a,0x6a,0x6a,0x6a,0x6a,0x6a,0xab,0xa9,0xad,0xab,
	0xab,0xaa,0xaa,0xaa,0xaa,0xaa,0xaa,0xaa,0xaa,0xaa,0xaa,0xaa,0xaa,0xaa,0xaa,0xaa,
	0x52,0x51,0x51,0x51,0x51,0x51,0x51,0x51,0x51,0x51,0x51,0x51,0x51,0x51,0x51,0x51,
	0x51,0x51,0x52,0x50,0x50,0x50,0x91,0x90,0x91,0x91,0x91,0x91,0x91,0x91,0x91,0x91,
	0x91,0x91,0x91,0x91,0x91,0x91,0x91,0x91,0x91,0x91,0x91,0x92,0xd1,0xd2,0xd2,0xd2,
	0xd2,0xd2,0xd2,0xd2,0xd2,0xd2,0xd2,0xd2,0xd2,0xd2,0xd2,0xd2,0xd2,0xd2,0xd2,0xd2,
	0x29,0x29,0x29,0x29,0x29,0x29,0x29,0x29,0x29,0x29,0x29,0x29,0x29,0x29,0x29,0x29,
	0x29,0x29,0x29,0x29,0x29,0x2b,0x68,0x6a,0x6a,0x6a,0x6a,0x6a,0x6a,0x6a,0x6a,0x6a,
	0x6a,0x6a,0x6a,0x6a,0x6a,0x6a,0x6a,0x6a,0x6a,0x6a,0x6a,0x6a,0xab,0xa9,0xad,0xab,
	0xab,0xaa,0xaa,0xaa,0xaa,0xaa,0xaa,0xaa,0xaa,0xaa,0xaa,0xaa,0xaa,0xaa,0xaa,0xaa,
	0x52,0x51,0x51,0x51,0x51,0x51,0x51,0x51,0x51,0x51,0x51,0x51,0x51,0x51,0x51,0x51,
	0x51,0x51,0x52,0x50,0x50,0x50,0x91,0x90,0x91,0x91,0x91,0x91,0x91,0x91,0x91,0x91,
	0x91,0x91,0x91,0x91,0x91,0x91,0x91,0x91,0x91,0x91,0x91,0x92,0xd1,0xd2,0xd2,0xd2,
	0xd2,0xd2,0xd2,0xd2,0xd2,0xd2,0xd2,0xd2,0xd2,0xd2,0xd2,0xd2,0xd2,0xd2,0xd2,0xd2,
	0x29,0x29,0x29,0x29,0x29,0x29,0x29,0x29,0x29,0x29,0x29,0x29,0x29,0x29,0x29,0x29,
	0x29,0x29,0x29,0x29,0x29,0x2b,0x68,0x6a,0x6a,0x6a,0x6a,0x6a,0x6a,0x6a,0x6a,0x6a,
	0x6a,0x6a,0x6a,0x6a,0x6a,0x6a,0x6a,0x6a,0x6a,0x6a,0x6a,0x6a,0xab,0xa9,0xad,0xab,
	0xab,0xaa,0xaa,0xaa,0xaa,0xaa,0xaa,0xaa,0xaa,0xaa,0xaa,0xaa,0xaa,0xaa,0xaa,0xaa,
	0x52,0x51,0x51,0x51,0x51,0x51,0x51,0x51,0x51,0x51,0x51,0x51,0x51,0x51,0x51,0x51,
	0x51,0x51,0x52,0x50,0x50,0x50,0x91,0x90,0x91,0x91,0x91,0x91,0x91,0x91,0x91,0x91,
	0x91,0x91,0x91,0x91,0x91,0x91,0x91,0x91,0x91,0x91,0x91,0x92,0xd1,0xd2,0xd2,0xd2,
	0xd2,0xd2,0xd2,0xd2,0xd2,0xd2,0xd2,0xd2,0xd2,0xd2,0xd2,0xd2,0xd2,0xd2,0xd2,0xd2,
	0x29,0x29,0x29,0x29,0x29,0x29,0x29,0x29,0x29,0x29,0x29,0x29,0x29,0x29,0x29,0x29,
	0x29,0x29,0x29,0x29,0x29,0x2b,0x68,0x6a,0x6a,0x6a,0x6a,0x6a,0x6a,0x6a,0x6a,0x6a,
	0x6a,0x6a,0x6a,0x6a,0x6a,0x6a,0x6a,0x6a,0x6a,0x6a,0x6a,0x6a,0xab,0xa9,0xad,0xab,
	0xab,0xaa,0xaa,0xaa,0xaa,0xaa,0xaa,0xaa,0xaa,0xaa,0xaa,0xaa,0xaa,0xaa,0xaa,0xaa,
	0x52,0x51,0x51,0x51,0x51,0x51,0x51,0x51,0x51,0x51,0x51,0x51,0x51,0x51,0x51,0x51,
	0x51,0x51,0x52,0x50,0x50,0x50,0x91,0x90,0x91,0x91,0x91,0x91,0x91,0x91,0x91,0x91,
	0x91,0x91,0x91,0x91,0x91,0x91,0x91,0x91,0x91,0x91,0x91,0x92,0xd1,0xd2,0xd2,0xd2,
	0xd2,0xd2,0xd2,0xd2,0xd2,0xd2,0xd2,0xd2,0xd2,0xd2,0xd2,0xd2,0xd2,0xd2,0xd2,0xd2,
	0x29,0x29,0x29,0x29,0x29,0x29,0x29,0x29,0x29,0x29,0x29,0x29,0x29,0x29,0x29,0x29,
	0x29,0x29,0x29,0x29,0x29,0x2b,0x68,0x6a,0x6a,0x6a,0x6a,0x6a,0x6a,0x6a,0x6a,0x6a,
	0x6a,0x6a,0x6a,0x6a,0x6a,0x6a,0x6a,0x6a,0x6a,0x6a,0x6a,0x6a,0xab,0xa9,0xad,0xab,
	0xab,0xaa,0xaa,0xaa,0xaa,0xaa,0xaa,0xaa,0xaa,0xaa,0xaa,0xaa,0xaa,0xaa,0xaa,0xaa,
	0x52,0x51,0x51,0x51,0x51,0x51,0x51,0x51,0x51,0x51,0x51,0x51,0x51,0x51,0x51,0x51,
	0x51,0x51,0x52,0x50,0x50,0x50,0x91,0x90,0x91,0x91,0x91,0x91,0x91,0x91,0x91,0x91,
	0x91,0x91,0x91,0x91,0x91,0x91,0x91,0x91,0x91,0x91,0x91,0x92,0xd1,0xd2,0xd2,0xd2,
	0xd2,0xd2,0xd2,0xd2,0xd2,0xd2,0xd2,0xd2,0xd2,0xd2,0xd2,0xd2,0xd2,0xd2,0xd2,0xd2,
	0x29,0x29,0x29,0x29,0x29,0x29,0x29,0x29,0x29,0x29,0x29,0x29,0x29,0x29,0x29,0x29,
	0x29,0x29,0x29,0x29,0x29,0x2b,0x68,0x6a,0x6a,0x6a,0x6a,0x6a,0x6a,0x6a,0x6a,0x6a,
	0x6a,0x6a,0x6a,0x6a,0x6a,0x6a,0x6a,0x6a,0x6a,0x6a,0x6a,0x6a,0xab,0xa9,0xad,0xab,
	0xab,0xaa,0xaa,0xaa,0xaa,0xaa,0xaa,0xaa,0xaa,0xaa,0xaa,0xaa,0xaa,0xaa,0xaa,0xaa,
	0x52,0x51,0x4a,0x51,0x50,0x4f,0x4f,0x4f,0x50,0x51,0x51,0x51,0x50,0x50,0x51,0x51,
	0x51,0x50,0x50,0x50,0x50,0x51,0x91,0x98,0x96,0x94,0x92,0x92,0x92,0x92,0x92,0x92,
	0x92,0x92,0x92,0x92,0x92,0x92,0x92,0x92,0x92,0x92,0x92,0x92,0xd4,0xd2,0xcd,0xce,
	0xcf,0xd0,0xd0,0xd1,0xd1,0xd1,0xd1,0xd1,0xd1,0xd1,0xd1,0xd1,0xd1,0xd1,0xd1,0xd1,
	0x2a,0x29,0x28,0x29,0x29,0x2a,0x2a,0x2a,0x2a,0x2a,0x2a,0x2a,0x2a,0x2a,0x2a,0x2b,
	0x24,0x27,0x28,0x2a,0x2a,0x26,0x65,0x6a,0x6c,0x6a,0x73,0x6b,0x64,0x6f,0x63,0x69,
	0x67,0x67,0x67,0x67,0x69,0x69,0x6f,0x68,0x69,0x6a,0x6a,0x6a,0xaa,0xaa,0xaa,0xaa,
	0xaa,0xaa,0xaa,0xaa,0xaa,0xaa,0xaa,0xaa,0xaa,0xaa,0xaa,0xaa,0xaa,0xaa,0xaa,0xaa,
	0x51,0x4d,0x49,0x47,0x48,0x4a,0x4a,0x4b,0x4d,0x4f,0x4f,0x50,0x50,0x50,0x50,0x50,
	0x50,0x4f,0x4f,0x4f,0x4f,0x56,0x8b,0x8e,0x90,0x91,0x93,0x93,0x93,0x93,0x93,0x93,
	0x93,0x93,0x93,0x93,0x93,0x93,0x93,0x93,0x93,0x93,0x93,0x93,0xcf,0xcf,0xd4,0xd4,
	0xd3,0xd1,0xd1,0xd0,0xd0,0xd0,0xd0,0xd0,0xd0,0xd0,0xd0,0xd0,0xd0,0xd0,0xd0,0xd0,
	0x2b,0x27,0x28,0x28,0x29,0x2a,0x2a,0x2b,0x2b,0x2b,0x2b,0x2b,0x2b,0x2b,0x2b,0x2b,
	0x23,0x2b,0x2e,0x2c,0x22,0x2b,0x67,0x61,0x66,0x69,0x6c,0x6d,0x62,0x6d,0x64,0x69,
	0x6b,0x6b,0x6b,0x6b,0x6b,0x6a,0x68,0x6b,0x69,0x6a,0x6a,0x6a,0xaa,0xaa,0xaa,0xaa,
	0xaa,0xaa,0xaa,0xaa,0xaa,0xaa,0xaa,0xaa,0xaa,0xaa,0xaa,0xaa,0xaa,0xaa,0xaa,0xaa,
	0x49,0x49,0x22,0x22,0x21,0x20,0x1f,0x1e,0x1f,0x1f,0x21,0x21,0x21,0x21,0x21,0x21,
	0x20,0x20,0x20,0x20,0x1e,0x21,0x32,0x30,0x30,0x30,0x30,0x30,0x30,0x30,0x30,0x30,
	0x30,0x30,0x30,0x30,0x30,0x30,0x30,0x30,0x30,0x30,0x30,0x30,0x43,0x3f,0x42,0x41,
	0x40,0x42,0x43,0x43,0x43,0x43,0x43,0x43,0x43,0x43,0x43,0x43,0x43,0x43,0x43,0x43,
	0x14,0x15,0x16,0x15,0x16,0x17,0x18,0x18,0x18,0x18,0x18,0x18,0x18,0x18,0x18,0x18,
	0x15,0x14,0x1b,0x18,0x18,0x18,0x2f,0x22,0x27,0x28,0x1d,0x29,0x25,0x2a,0x22,0x27,
	0x24,0x24,0x24,0x24,0x28,0x28,0x67,0x6b,0x69,0x6a,0x6a,0x6a,0xaa,0xaa,0xaa,0xaa,
	0xaa,0xaa,0xaa,0xaa,0xaa,0xaa,0xaa,0xaa,0xaa,0xaa,0xaa,0xaa,0xaa,0xaa,0xaa,0xaa,
	0x4f,0x46,0x21,0x1e,0x1e,0x1f,0x1e,0x1e,0x1d,0x1c,0x1e,0x1f,0x20,0x1f,0x1f,0x1e,
	0x1e,0x1e,0x1e,0x1e,0x1f,0x1f,0x2f,0x32,0x32,0x31,0x31,0x31,0x31,0x31,0x31,0x31,
	0x31,0x31,0x31,0x31,0x31,0x31,0x31,0x31,0x31,0x31,0x31,0x31,0x42,0x43,0x41,0x42,
	0x42,0x41,0x41,0x41,0x41,0x41,0x41,0x41,0x41,0x41,0x41,0x41,0x41,0x41,0x41,0x41,
	0x16,0x15,0x14,0x10,0x11,0x13,0x13,0x14,0x14,0x14,0x14,0x14,0x14,0x14,0x14,0x16,
	0x10,0x0f,0x1c,0x1b,0x0f,0x0f,0x28,0x28,0x18,0x26,0x2d,0x2a,0x26,0x2a,0x26,0x21,
	0x24,0x24,0x24,0x24,0x26,0x29,0x67,0x6b,0x69,0x6a,0x6a,0x6a,0xaa,0xaa,0xaa,0xaa,
	0xaa,0xaa,0xaa,0xaa,0xaa,0xaa,0xaa,0xaa,0xaa,0xaa,0xaa,0xaa,0xaa,0xaa,0xaa,0xaa,
	0x4c,0x45,0x1e,0x1c,0x1d,0x1f,0x1e,0x21,0x25,0x25,0x1d,0x20,0x22,0x23,0x22,0x1e,
	0x21,0x1f,0x22,0x1c,0x1f,0x20,0x2f,0x32,0x32,0x31,0x31,0x31,0x2c,0x30,0x30,0x33,
	0x32,0x2b,0x2f,0x31,0x2d,0x2f,0x33,0x33,0x31,0x30,0x2f,0x35,0x43,0x40,0x41,0x41,
	0x41,0x41,0x41,0x41,0x41,0x42,0x40,0x45,0x3f,0x3d,0x44,0x40,0x3f,0x40,0x3d,0x40,
	0x15,0x15,0x17,0x16,0x14,0x15,0x14,0x15,0x15,0x15,0x15,0x15,0x17,0x18,0x11,0x11,
	0x19,0x12,0x14,0x15,0x0f,0x12,0x27,0x2d,0x27,0x1f,0x21,0x1b,0x2a,0x2a,0x2b,0x21,
	0x23,0x21,0x26,0x23,0x26,0x28,0x68,0x6b,0x69,0x6a,0x6a,0x6a,0xaa,0xaa,0xaa,0xaa,
	0xaa,0xaa,0xaa,0xaa,0xaa,0xaa,0xaa,0xaa,0xaa,0xaa,0xaa,0xaa,0xaa,0xaa,0xaa,0xaa,
	0x4a,0x46,0x1c,0x1c,0x1e,0x23,0x1c,0x1d,0x27,0x2b,0x20,0x20,0x1d,0x1d,0x1c,0x1d,
	0x1f,0x1e,0x22,0x21,0x1f,0x21,0x2f,0x32,0x32,0x31,0x31,0x31,0x2d,0x31,0x2f,0x33,
	0x31,0x2e,0x30,0x2d,0x2d,0x30,0x32,0x35,0x31,0x34,0x2f,0x32,0x40,0x40,0x40,0x40,
	0x40,0x41,0x41,0x41,0x3e,0x43,0x3f,0x44,0x46,0x41,0x3f,0x3d,0x3a,0x43,0x42,0x43,
	0x1a,0x13,0x15,0x14,0x14,0x15,0x15,0x15,0x15,0x15,0x15,0x15,0x16,0x1b,0x15,0x18,
	0x0e,0x10,0x12,0x16,0x1d,0x20,0x25,0x28,0x22,0x20,0x2b,0x20,0x25,0x2b,0x2c,0x28,
	0x27,0x26,0x28,0x26,0x29,0x26,0x69,0x6a,0x69,0x6a,0x6a,0x6a,0xaa,0xaa,0xaa,0xaa,
	0xaa,0xaa,0xaa,0xaa,0xaa,0xaa,0xaa,0xaa,0xaa,0xaa,0xaa,0xaa,0xaa,0xaa,0xaa,0xaa,
	0x4a,0x47,0x1c,0x1d,0x1c,0x1e,0x91,0x8a,0x90,0x8e,0x2a,0x2d,0x2b,0x31,0x90,0x92,
	0x93,0x92,0x25,0x24,0x1f,0x22,0x30,0x32,0x32,0x31,0x31,0x31,0x2b,0x34,0x8b,0x91,
	0x8e,0x92,0x30,0x2e,0x2d,0x31,0x90,0x93,0x90,0x94,0x32,0x2f,0x41,0x40,0x3f,0x40,
	0x40,0x41,0x41,0x41,0x40,0x3f,0x8c,0x8f,0x92,0x8d,0x44,0x3c,0x3b,0x41,0x91,0x90,
	0x91,0x8c,0x16,0x15,0x16,0x16,0x16,0x16,0x16,0x16,0x16,0x16,0x15,0x19,0x91,0x8e,
	0x90,0x8e,0x11,0x1e,0x1c,0x16,0x2d,0x33,0x92,0x96,0x20,0x2c,0x1f,0x22,0x8f,0x8b,
	0x8f,0x91,0x25,0x23,0x27,0x26,0x6a,0x6a,0x69,0x6a,0x6a,0x6a,0xaa,0xaa,0xaa,0xaa,
	0xaa,0xaa,0xaa,0xaa,0xaa,0xaa,0xaa,0xaa,0xaa,0xaa,0xaa,0xaa,0xaa,0xaa,0xaa,0xaa,
	0x4a,0x48,0x1d,0x1e,0x1d,0x8d,0x92,0x1d,0x2a,0x8b,0x8d,0x2b,0x30,0x8a,0x91,0x21,
	0x25,0x8f,0x93,0x23,0x1f,0x23,0x30,0x32,0x32,0x31,0x31,0x31,0x2e,0x8e,0x92,0x2d,
	0x2e,0x94,0x92,0x30,0x30,0x8c,0x98,0x2f,0x31,0x91,0x94,0x2e,0x41,0x3f,0x3f,0x3f,
	0x40,0x41,0x41,0x41,0x42,0x8e,0x8f,0x45,0x3f,0x92,0x91,0x40,0x3d,0x8d,0x8f,0x40,
	0x14,0x94,0x92,0x18,0x17,0x17,0x16,0x16,0x17,0x17,0x17,0x17,0x1c,0x8d,0x91,0x1a,
	0x12,0x90,0x96,0x1c,0x21,0x27,0x37,0x7e,0x76,0x8b,0x3b,0x1d,0x34,0x9c,0x8c,0x34,
	0x29,0x90,0x92,0x27,0x29,0x25,0x6a,0x6a,0x69,0x6a,0x6a,0x6a,0xaa,0xaa,0xaa,0xaa,
	0xaa,0xaa,0xaa,0xaa,0xaa,0xaa,0xaa,0xaa,0xaa,0xaa,0xaa,0xaa,0xaa,0xaa,0xaa,0xaa,
	0x4c,0x4c,0x1f,0x20,0x90,0x94,0x2a,0x2a,0x29,0x2e,0x94,0x93,0x91,0x92,0x2c,0x28,
	0x31,0x2e,0x91,0x91,0x25,0x24,0x2e,0x96,0x8f,0x2e,0x33,0x2c,0x90,0x94,0x31,0x2d,
	0x2d,0x31,0x91,0x92,0x91,0x8f,0x32,0x31,0x2f,0x30,0x95,0x95,0x41,0x43,0x43,0x91,
	0x91,0x3e,0x3f,0x3f,0x91,0x96,0x3e,0x44,0x3e,0x3e,0x93,0x90,0x90,0x94,0x40,0x41,
	0x13,0x15,0x90,0x91,0x18,0x17,0x17,0x17,0x24,0x2b,0x2b,0x2c,0x94,0x98,0x31,0x30,
	0x2e,0x29,0x94,0x91,0x12,0x29,0x8f,0x92,0x8e,0x8e,0x26,0x27,0x98,0x93,0x2c,0x20,
	0x22,0x26,0x93,0x8e,0x29,0x24,0x6a,0x6b,0x69,0x6a,0x6a,0x6a,0xaa,0xaa,0xaa,0xaa,
	0xaa,0xaa,0xaa,0xaa,0xaa,0xaa,0xaa,0xaa,0xaa,0xaa,0xaa,0xaa,0xaa,0xaa,0xaa,0xaa,
	0x50,0x51,0x24,0x24,0x92,0x91,0x27,0x26,0x2c,0x2c,0x95,0x93,0x90,0x92,0x2c,0x2d,
	0x2e,0x31,0x8f,0x92,0x1c,0x1d,0x34,0x8f,0x91,0x34,0x2c,0x2e,0x91,0x91,0x2d,0x32,
	0x2f,0x2e,0x92,0x8f,0x8e,0x91,0x2f,0x30,0x2e,0x35,0x91,0x92,0x41,0x3d,0x43,0x8a,
	0x92,0x44,0x38,0x40,0x92,0x91,0x3c,0x3f,0x3f,0x3d,0x91,0x8f,0x90,0x93,0x40,0x42,
	0x17,0x19,0x98,0x8f,0x17,0x16,0x16,0x17,0x2c,0x34,0x30,0x30,0x8f,0x94,0x31,0x34,
	0x3b,0x2c,0x93,0x93,0x24,0x8e,0x84,0x2c,0x8e,0x8d,0x24,0x23,0x94,0x92,0x2b,0x24,
	0x25,0x26,0x97,0x94,0x25,0x25,0x6a,0x6b,0x69,0x6a,0x6a,0x6a,0xaa,0xaa,0xaa,0xaa,
	0xaa,0xaa,0xaa,0xaa,0xaa,0xaa,0xaa,0xaa,0xaa,0xaa,0xaa,0xaa,0xaa,0xaa,0xaa,0xaa,
	0x50,0x50,0x23,0x22,0x96,0x93,0x26,0x8f,0x92,0x2c,0x91,0x92,0x91,0x8f,0x2a,0x8c,
	0x91,0x2e,0x8e,0x90,0x30,0x31,0x2c,0x2d,0x33,0x33,0x31,0x30,0x95,0x92,0x31,0x91,
	0x90,0x31,0x8c,0x91,0x91,0x8e,0x33,0x90,0x92,0x30,0x8e,0x94,0x3c,0x40,0x41,0x3c,
	0x40,0x41,0x41,0x41,0x96,0x91,0x3e,0x8f,0x93,0x3d,0x8f,0x92,0x93,0x90,0x3d,0x8f,
	0x8f,0x16,0x8e,0x95,0x17,0x16,0x16,0x17,0x2c,0x30,0x2b,0x2e,0x92,0x91,0x2d,0x92,
	0x89,0x34,0x8e,0x9a,0x86,0x91,0x2c,0x2a,0x95,0x8a,0x30,0x2b,0x90,0x97,0x24,0x8b,
	0x92,0x28,0x93,0x96,0x24,0x26,0x6a,0x6b,0x69,0x6a,0x6a,0x6a,0xaa,0xaa,0xaa,0xaa,
	0xaa,0xaa,0xaa,0xaa,0xaa,0xaa,0xaa,0xaa,0xaa,0xaa,0xaa,0xaa,0xaa,0xaa,0xaa,0xaa,
	0x50,0x4f,0x21,0x1f,0x91,0x93,0x2a,0x96,0x92,0x2a,0x91,0x92,0x91,0x94,0x2c,0x91,
	0x91,0x30,0x8f,0x91,0x2e,0x30,0x2e,0x31,0x2c,0x33,0x2c,0x2e,0x97,0x90,0x31,0x92,
	0x94,0x31,0x90,0x92,0x93,0x91,0x33,0x93,0x91,0x2f,0x93,0x95,0x42,0x41,0x3e,0x3d,
	0x3e,0x41,0x3f,0x3b,0x93,0x90,0x3f,0x8f,0x91,0x42,0x8d,0x90,0x8f,0x8e,0x43,0x8e,
	0x90,0x13,0x90,0x92,0x16,0x16,0x16,0x17,0x2b,0x2f,0x2c,0x30,0x90,0x95,0x33,0x90,
	0x9f,0x25,0x97,0x93,0x88,0x99,0x84,0x8d,0x85,0x88,0x91,0x23,0x92,0x8f,0x20,0x86,
	0x96,0x25,0x94,0x90,0x23,0x29,0x6a,0x6c,0x6a,0x6a,0x6a,0x6a,0xaa,0xaa,0xaa,0xaa,
	0xaa,0xaa,0xaa,0xaa,0xaa,0xaa,0xaa,0xaa,0xaa,0xaa,0xaa,0xaa,0xaa,0xaa,0xaa,0xaa,
	0x50,0x50,0x22,0x20,0x8e,0x95,0x2b,0x2b,0x2a,0x30,0x94,0x94,0x94,0x98,0x3a,0x36,
	0x37,0x33,0x95,0x93,0x32,0x32,0x38,0x3f,0x3c,0x39,0x2a,0x2f,0x91,0x92,0x31,0x2d,
	0x32,0x33,0x95,0x91,0x90,0x93,0x30,0x30,0x31,0x2f,0x8f,0x93,0x40,0x41,0x3c,0x40,
	0x43,0x3e,0x40,0x40,0x8e,0x90,0x40,0x41,0x40,0x3f,0x93,0x92,0x92,0x93,0x3f,0x3e,
	0x15,0x18,0x93,0x93,0x13,0x15,0x16,0x1b,0x33,0x2f,0x28,0x2d,0x93,0x94,0x33,0x33,
	0x31,0x31,0x90,0x8e,0x18,0x18,0x20,0x27,0x93,0x90,0x2c,0x21,0x95,0x92,0x2a,0x26,
	0x28,0x27,0x96,0x94,0x24,0x28,0x6a,0x6c,0x6a,0x6a,0x6a,0x6a,0xaa,0xaa,0xaa,0xaa,
	0xaa,0xaa,0xaa,0xaa,0xaa,0xaa,0xaa,0xaa,0xaa,0xaa,0xaa,0xaa,0xaa,0xaa,0xaa,0xaa,
	0x51,0x51,0x23,0x22,0x8e,0x96,0x28,0x25,0x29,0x2c,0x8d,0x8f,0x90,0x91,0x35,0x38,
	0x36,0x38,0x92,0x93,0x34,0x37,0x3a,0x8e,0x8a,0x39,0x31,0x2f,0x98,0x8f,0x31,0x2d,
	0x32,0x2f,0x91,0x92,0x91,0x90,0x30,0x35,0x31,0x2d,0x8f,0x90,0x43,0x3f,0x40,0x8a,
	0x89,0x42,0x41,0x43,0x92,0x8f,0x41,0x43,0x43,0x40,0x8f,0x92,0x90,0x8c,0x3c,0x3e,
	0x18,0x14,0x90,0x8d,0x16,0x14,0x16,0x18,0x2f,0x2a,0x2f,0x2e,0x93,0x96,0x34,0x30,
	0x31,0x2e,0x96,0x93,0x1f,0x1a,0x23,0x27,0x90,0x99,0x2c,0x26,0x95,0x96,0x20,0x2d,
	0x24,0x27,0x91,0x91,0x27,0x27,0x6a,0x6c,0x6a,0x6a,0x6a,0x6a,0xaa,0xaa,0xaa,0xaa,
	0xaa,0xaa,0xaa,0xaa,0xaa,0xaa,0xaa,0xaa,0xaa,0xaa,0xaa,0xaa,0xaa,0xaa,0xaa,0xaa,
	0x51,0x51,0x24,0x23,0x29,0x90,0x8d,0x2c,0x2b,0x8a,0x91,0x32,0x35,0x96,0x93,0x37,
	0x39,0x92,0x91,0x3d,0x3b,0x3c,0x32,0x8c,0x91,0x38,0x36,0x32,0x37,0x8f,0x94,0x34,
	0x2e,0x8c,0x8f,0x32,0x33,0x91,0x8e,0x31,0x32,0x90,0x92,0x35,0x44,0x40,0x43,0x94,
	0x90,0x44,0x42,0x41,0x40,0x92,0x94,0x42,0x47,0x92,0x94,0x3e,0x3d,0x93,0x91,0x43,
	0x16,0x96,0x8f,0x15,0x15,0x13,0x16,0x90,0x8a,0x2e,0x2c,0x2d,0x2e,0x94,0x97,0x2e,
	0x2f,0x92,0xa0,0x31,0x2a,0x30,0x2b,0x25,0x8a,0x8c,0x2b,0x20,0x1f,0x98,0x95,0x26,
	0x2c,0x8e,0x8f,0x23,0x29,0x27,0x6b,0x6b,0x69,0x6a,0x6a,0x6a,0xaa,0xaa,0xaa,0xaa,
	0xaa,0xaa,0xaa,0xaa,0xaa,0xaa,0xaa,0xaa,0xaa,0xaa,0xaa,0xaa,0xaa,0xaa,0xaa,0xaa,
	0x52,0x52,0x25,0x24,0x25,0x29,0x8f,0x93,0x90,0x8c,0x2f,0x30,0x32,0x34,0x95,0x9a,
	0x90,0x92,0x3d,0x3b,0x40,0x3e,0x37,0x38,0x38,0x36,0x35,0x39,0x35,0x39,0x90,0x95,
	0x94,0x91,0x32,0x2f,0x2f,0x31,0x8f,0x8f,0x95,0x97,0x32,0x2c,0x41,0x42,0x3e,0x42,
	0x41,0x40,0x42,0x3d,0x3b,0x43,0x8d,0x92,0x92,0x90,0x3e,0x40,0x42,0x42,0x94,0x92,
	0x8d,0x91,0x18,0x12,0x12,0x1a,0x16,0x90,0x8e,0x2c,0x34,0x2f,0x2e,0x34,0x92,0x90,
	0x90,0x9b,0x2a,0x30,0x2b,0x34,0x37,0x8d,0x9c,0x95,0x7b,0x2e,0x26,0x1e,0x8c,0x98,
	0x92,0x94,0x24,0x25,0x2a,0x28,0x6c,0x6a,0x69,0x6a,0x6a,0x6a,0xaa,0xaa,0xaa,0xaa,
	0xaa,0xaa,0xaa,0xaa,0xaa,0xaa,0xaa,0xaa,0xaa,0xaa,0xaa,0xaa,0xaa,0xaa,0xaa,0xaa,
	0x52,0x53,0x24,0x23,0x25,0x27,0x28,0x2a,0x2c,0x2b,0x30,0x30,0x34,0x33,0x35,0x35,
	0x36,0x38,0x39,0x3b,0x3c,0x3d,0x3e,0x3e,0x3d,0x3b,0x3a,0x3a,0x38,0x37,0x37,0x36,
	0x34,0x33,0x32,0x31,0x30,0x30,0x2f,0x2f,0x2f,0x2f,0x2e,0x30,0x40,0x41,0x3f,0x41,
	0x41,0x40,0x40,0x3d,0x3e,0x3e,0x3f,0x3f,0x3f,0x3f,0x3f,0x40,0x40,0x40,0x40,0x40,
	0x16,0x16,0x16,0x16,0x16,0x16,0x16,0x16,0x16,0x16,0x16,0x16,0x13,0x17,0x2b,0x32,
	0x2f,0x2f,0x2f,0x30,0x2f,0x2f,0x2b,0x28,0x27,0x26,0x26,0x26,0x26,0x26,0x26,0x26,
	0x31,0x26,0x26,0x2b,0x2d,0x29,0x69,0x69,0x69,0x6a,0x6a,0x6a,0xaa,0xaa,0xaa,0xaa,
	0xaa,0xaa,0xaa,0xaa,0xaa,0xaa,0xaa,0xaa,0xaa,0xaa,0xaa,0xaa,0xaa,0xaa,0xaa,0xaa,
	0x52,0x52,0x23,0x22,0x24,0x26,0x27,0x2a,0x2b,0x2c,0x30,0x30,0x36,0x34,0x37,0x37,
	0x37,0x39,0x3a,0x3b,0x3c,0x3d,0x3e,0x3e,0x3c,0x3a,0x39,0x39,0x38,0x37,0x37,0x36,
	0x35,0x34,0x33,0x32,0x30,0x30,0x2f,0x2f,0x30,0x30,0x2f,0x30,0x40,0x40,0x40,0x40,
	0x41,0x40,0x40,0x3e,0x3e,0x3f,0x3f,0x3f,0x3f,0x3f,0x40,0x40,0x40,0x40,0x40,0x40,
	0x16,0x16,0x16,0x16,0x16,0x16,0x16,0x16,0x16,0x16,0x16,0x16,0x16,0x18,0x31,0x32,
	0x32,0x31,0x30,0x30,0x30,0x31,0x2a,0x26,0x24,0x23,0x24,0x24,0x25,0x25,0x25,0x25,
	0x29,0x1f,0x2c,0x29,0x2c,0x28,0x64,0x66,0x69,0x6a,0x6a,0x6a,0xaa,0xaa,0xaa,0xaa,
	0xaa,0xaa,0xaa,0xaa,0xaa,0xaa,0xaa,0xaa,0xaa,0xaa,0xaa,0xaa,0xaa,0xaa,0xaa,0xaa,
	0x52,0x52,0x23,0x21,0x23,0x25,0x27,0x28,0x2a,0x2a,0x30,0x30,0x36,0x34,0x36,0x37,
	0x39,0x3a,0x3b,0x3c,0x3e,0x3f,0x40,0x40,0x3f,0x3d,0x3c,0x3b,0x39,0x38,0x37,0x36,
	0x35,0x34,0x33,0x32,0x31,0x31,0x30,0x30,0x31,0x31,0x2f,0x31,0x40,0x40,0x40,0x40,
	0x41,0x40,0x40,0x3e,0x3f,0x3f,0x3f,0x3f,0x3f,0x40,0x40,0x40,0x40,0x40,0x40,0x40,
	0x16,0x16,0x16,0x16,0x16,0x16,0x16,0x16,0x16,0x16,0x16,0x16,0x18,0x18,0x31,0x2c,
	0x2e,0x2f,0x2f,0x2f,0x2f,0x31,0x2a,0x28,0x27,0x26,0x25,0x24,0x25,0x25,0x25,0x25,
	0x25,0x26,0x2c,0x28,0x2d,0x25,0x63,0x61,0x69,0x6a,0x6a,0x6a,0xaa,0xaa,0xaa,0xaa,
	0xaa,0xaa,0xaa,0xaa,0xaa,0xaa,0xaa,0xaa,0xaa,0xaa,0xaa,0xaa,0xaa,0xaa,0xaa,0xaa,
	0x51,0x50,0x22,0x21,0x24,0x27,0x29,0x2b,0x2b,0x2c,0x2e,0x2d,0x31,0x31,0x36,0x39,
	0x3a,0x3b,0x3b,0x3c,0x3d,0x3e,0x3e,0x3e,0x3e,0x3c,0x3c,0x3b,0x3a,0x39,0x38,0x38,
	0x37,0x36,0x35,0x34,0x32,0x32,0x31,0x31,0x31,0x31,0x30,0x31,0x3f,0x41,0x40,0x40,
	0x40,0x40,0x40,0x3f,0x3f,0x3f,0x3f,0x3f,0x40,0x40,0x40,0x40,0x40,0x40,0x40,0x40,
	0x16,0x16,0x16,0x16,0x16,0x16,0x16,0x16,0x16,0x16,0x16,0x16,0x16,0x15,0x34,0x31,
	0x31,0x31,0x31,0x31,0x2e,0x31,0x2b,0x2c,0x2b,0x29,0x27,0x26,0x26,0x26,0x26,0x26,
	0x2b,0x2c,0x26,0x21,0x27,0x22,0x6a,0x69,0x69,0x6a,0x6a,0x6a,0xaa,0xaa,0xaa,0xaa,
	0xaa,0xaa,0xaa,0xaa,0xaa,0xaa,0xaa,0xaa,0xaa,0xaa,0xaa,0xaa,0xaa,0xaa,0xaa,0xaa,
	0x4f,0x4f,0x22,0x21,0x22,0x23,0x23,0x23,0x23,0x26,0x2f,0x30,0x34,0x31,0x34,0x36,
	0x39,0x3a,0x3b,0x3c,0x3e,0x3f,0x40,0x3f,0x3e,0x3d,0x3d,0x3c,0x3b,0x3a,0x39,0x38,
	0x37,0x36,0x35,0x34,0x33,0x32,0x32,0x31,0x31,0x31,0x30,0x31,0x40,0x3f,0x3f,0x41,
	0x41,0x40,0x40,0x40,0x40,0x40,0x40,0x40,0x40,0x40,0x40,0x40,0x40,0x40,0x40,0x40,
	0x16,0x16,0x16,0x16,0x16,0x16,0x16,0x16,0x16,0x16,0x16,0x16,0x15,0x12,0x2a,0x31,
	0x30,0x30,0x30,0x31,0x32,0x30,0x30,0x30,0x2f,0x2f,0x30,0x30,0x31,0x26,0x2f,0x25,
	0x31,0x2a,0x24,0x23,0x2b,0x27,0x6e,0x6a,0x68,0x6a,0x6a,0x6a,0xaa,0xaa,0xaa,0xaa,
	0xaa,0xaa,0xaa,0xaa,0xaa,0xaa,0xaa,0xaa,0xaa,0xaa,0xaa,0xaa,0xaa,0xaa,0xaa,0xaa,
	0x4f,0x4f,0x22,0x22,0x23,0x24,0x25,0x24,0x22,0x25,0x2f,0x30,0x33,0x30,0x33,0x34,
	0x38,0x3a,0x3b,0x3d,0x3e,0x3f,0x41,0x41,0x40,0x3e,0x3c,0x3c,0x3a,0x39,0x38,0x38,
	0x37,0x36,0x35,0x34,0x32,0x32,0x31,0x31,0x31,0x31,0x30,0x31,0x3f,0x3e,0x3f,0x42,
	0x41,0x40,0x40,0x40,0x40,0x40,0x40,0x40,0x40,0x40,0x40,0x40,0x40,0x40,0x40,0x40,
	0x16,0x16,0x16,0x16,0x16,0x16,0x16,0x16,0x16,0x16,0x16,0x16,0x1a,0x17,0x2e,0x30,
	0x2f,0x2f,0x2f,0x2f,0x2f,0x30,0x30,0x31,0x30,0x30,0x31,0x31,0x32,0x25,0x27,0x29,
	0x3f,0x26,0x25,0x2c,0x32,0x2d,0x6e,0x65,0x68,0x6a,0x6a,0x6a,0xaa,0xaa,0xaa,0xaa,
	0xaa,0xaa,0xaa,0xaa,0xaa,0xaa,0xaa,0xaa,0xaa,0xaa,0xaa,0xaa,0xaa,0xaa,0xaa,0xaa,
	0x50,0x4f,0x22,0x21,0x22,0x23,0x24,0x25,0x25,0x26,0x28,0x23,0x26,0x28,0x33,0x3a,
	0x3c,0x3a,0x3a,0x3b,0x3d,0x3e,0x3f,0x3f,0x3f,0x3d,0x3c,0x3b,0x39,0x38,0x38,0x37,
	0x36,0x36,0x35,0x34,0x33,0x32,0x32,0x31,0x31,0x31,0x30,0x31,0x39,0x3a,0x3f,0x40,
	0x40,0x40,0x40,0x40,0x40,0x40,0x40,0x40,0x40,0x40,0x40,0x40,0x40,0x40,0x40,0x40,
	0x16,0x16,0x16,0x16,0x16,0x16,0x16,0x16,0x16,0x16,0x16,0x16,0x18,0x13,0x19,0x15,
	0x15,0x16,0x18,0x1a,0x27,0x2b,0x2c,0x2e,0x2e,0x2f,0x30,0x2f,0x2f,0x22,0x29,0x8f,
	0x7c,0x2b,0x24,0x27,0x29,0x2b,0x70,0x6b,0x67,0x6a,0x6a,0x6a,0xaa,0xaa,0xaa,0xaa,
	0xaa,0xaa,0xaa,0xaa,0xaa,0xaa,0xaa,0xaa,0xaa,0xaa,0xaa,0xaa,0xaa,0xaa,0xaa,0xaa,
	0x51,0x50,0x22,0x20,0x20,0x21,0x22,0x23,0x22,0x25,0x2a,0x27,0x29,0x2b,0x35,0x3b,
	0x3c,0x3b,0x3b,0x3b,0x3c,0x3c,0x3c,0x3c,0x3e,0x3d,0x3d,0x3c,0x3b,0x3a,0x39,0x38,
	0x38,0x37,0x36,0x34,0x34,0x33,0x32,0x32,0x31,0x31,0x30,0x31,0x36,0x38,0x3e,0x3d,
	0x3f,0x40,0x41,0x41,0x40,0x40,0x40,0x40,0x40,0x40,0x40,0x40,0x40,0x40,0x40,0x40,
	0x16,0x16,0x16,0x16,0x16,0x16,0x16,0x16,0x16,0x16,0x16,0x16,0x16,0x15,0x15,0x13,
	0x13,0x14,0x16,0x18,0x29,0x2d,0x2d,0x2d,0x2d,0x2d,0x30,0x2d,0x2f,0x25,0x8f,0x91,
	0x8e,0x2d,0x27,0x2c,0x2a,0x2c,0x6c,0x65,0x67,0x6a,0x6a,0x6a,0xaa,0xaa,0xaa,0xaa,
	0xaa,0xaa,0xaa,0xaa,0xaa,0xaa,0xaa,0xaa,0xaa,0xaa,0xaa,0xaa,0xaa,0xaa,0xaa,0xaa,
	0x52,0x51,0x22,0x20,0x1f,0x20,0x21,0x21,0x24,0x26,0x27,0x28,0x29,0x29,0x29,0x29,
	0x2d,0x2f,0x3c,0x3c,0x3e,0x3f,0x3e,0x3f,0x3d,0x3e,0x3d,0x3c,0x3a,0x3a,0x39,0x39,
	0x39,0x37,0x36,0x35,0x34,0x33,0x33,0x32,0x32,0x31,0x30,0x31,0x34,0x37,0x38,0x39,
	0x3a,0x3e,0x40,0x41,0x40,0x40,0x40,0x40,0x41,0x40,0x40,0x40,0x40,0x40,0x40,0x40,
	0x16,0x16,0x16,0x16,0x16,0x16,0x16,0x16,0x16,0x16,0x16,0x16,0x16,0x16,0x16,0x16,
	0x16,0x16,0x16,0x16,0x30,0x30,0x2e,0x2d,0x2e,0x30,0x31,0x2d,0x2d,0x8c,0x96,0x96,
	0x9b,0x23,0x29,0x2b,0x23,0x1f,0x67,0x60,0x67,0x6a,0x6a,0x6a,0xaa,0xaa,0xaa,0xaa,
	0xaa,0xaa,0xaa,0xaa,0xaa,0xaa,0xaa,0xaa,0xaa,0xaa,0xaa,0xaa,0xaa,0xaa,0xaa,0xaa,
	0x52,0x50,0x22,0x20,0x20,0x20,0x20,0x21,0x22,0x23,0x25,0x26,0x28,0x29,0x2a,0x2a,
	0x2c,0x30,0x39,0x3c,0x3e,0x3e,0x41,0x41,0x3f,0x3e,0x3d,0x3b,0x3a,0x38,0x39,0x39,
	0x38,0x37,0x37,0x36,0x36,0x34,0x34,0x32,0x32,0x31,0x31,0x30,0x31,0x37,0x39,0x38,
	0x38,0x39,0x3d,0x3f,0x3f,0x3f,0x40,0x41,0x41,0x41,0x40,0x40,0x40,0x40,0x40,0x40,
	0x16,0x16,0x16,0x16,0x16,0x16,0x16,0x16,0x16,0x16,0x16,0x16,0x16,0x16,0x16,0x16,
	0x16,0x16,0x16,0x16,0x30,0x31,0x2f,0x30,0x31,0x30,0x30,0x35,0x26,0x2c,0x31,0x93,
	0x92,0x28,0x2b,0x29,0x25,0x20,0x66,0x69,0x68,0x6a,0x6a,0x6a,0xaa,0xaa,0xaa,0xaa,
	0xaa,0xaa,0xaa,0xaa,0xaa,0xaa,0xaa,0xaa,0xaa,0xaa,0xaa,0xaa,0xaa,0xaa,0xaa,0xaa,
	0x51,0x50,0x22,0x20,0x20,0x20,0x20,0x20,0x20,0x20,0x22,0x23,0x25,0x27,0x29,0x2a,
	0x2e,0x2f,0x2d,0x2e,0x30,0x31,0x3e,0x40,0x3e,0x3e,0x3d,0x3c,0x39,0x39,0x39,0x39,
	0x38,0x37,0x37,0x36,0x36,0x34,0x34,0x32,0x32,0x31,0x31,0x31,0x30,0x34,0x38,0x38,
	0x39,0x39,0x3a,0x3a,0x3c,0x3e,0x40,0x41,0x41,0x41,0x41,0x41,0x40,0x40,0x40,0x40,
	0x16,0x16,0x16,0x16,0x16,0x16,0x16,0x16,0x16,0x16,0x16,0x16,0x16,0x16,0x16,0x16,
	0x16,0x16,0x16,0x16,0x30,0x31,0x30,0x30,0x2f,0x30,0x38,0x35,0x2a,0x2e,0x38,0x98,
	0x96,0x33,0x2f,0x25,0x28,0x29,0x6a,0x67,0x68,0x6a,0x6a,0x6a,0xaa,0xaa,0xaa,0xaa,
	0xaa,0xaa,0xaa,0xaa,0xaa,0xaa,0xaa,0xaa,0xaa,0xaa,0xaa,0xaa,0xaa,0xaa,0xaa,0xaa,
	0x51,0x50,0x22,0x21,0x21,0x21,0x20,0x20,0x20,0x20,0x20,0x21,0x23,0x24,0x25,0x26,
	0x30,0x31,0x2c,0x2d,0x2d,0x2e,0x3b,0x3d,0x3b,0x3c,0x3d,0x3c,0x3b,0x3a,0x3a,0x3a,
	0x38,0x37,0x37,0x36,0x36,0x34,0x34,0x32,0x32,0x31,0x31,0x31,0x30,0x31,0x37,0x38,
	0x38,0x39,0x3a,0x3a,0x38,0x38,0x3d,0x3f,0x40,0x41,0x41,0x41,0x41,0x41,0x40,0x40,
	0x16,0x16,0x16,0x16,0x16,0x16,0x16,0x16,0x16,0x16,0x16,0x16,0x16,0x16,0x16,0x16,
	0x16,0x16,0x16,0x16,0x31,0x32,0x2f,0x32,0x31,0x30,0x33,0x2d,0x34,0x31,0x35,0x95,
	0x90,0x24,0x24,0x26,0x29,0x21,0x68,0x6e,0x69,0x6a,0x6a,0x6a,0xaa,0xaa,0xaa,0xaa,
	0xaa,0xaa,0xaa,0xaa,0xaa,0xaa,0xaa,0xaa,0xaa,0xaa,0xaa,0xaa,0xaa,0xaa,0xaa,0xaa,
	0x52,0x51,0x23,0x21,0x21,0x20,0x20,0x20,0x20,0x20,0x20,0x20,0x21,0x21,0x21,0x21,
	0x1f,0x21,0x2e,0x2e,0x30,0x30,0x37,0x3a,0x38,0x3a,0x3c,0x3c,0x3a,0x38,0x38,0x38,
	0x38,0x37,0x37,0x36,0x36,0x34,0x34,0x32,0x32,0x31,0x31,0x31,0x31,0x30,0x33,0x37,
	0x34,0x36,0x39,0x39,0x38,0x37,0x39,0x3b,0x3e,0x3f,0x40,0x41,0x41,0x41,0x41,0x41,
	0x16,0x16,0x16,0x16,0x16,0x16,0x16,0x16,0x16,0x16,0x16,0x16,0x16,0x16,0x16,0x16,
	0x16,0x16,0x16,0x16,0x18,0x18,0x1f,0x21,0x2f,0x2e,0x32,0x2c,0x34,0x31,0x36,0x94,
	0x92,0x29,0x2d,0x2a,0x24,0x1a,0x68,0x6c,0x69,0x6a,0x6a,0x6a,0xaa,0xaa,0xaa,0xaa,
	0xaa,0xaa,0xaa,0xaa,0xaa,0xaa,0xaa,0xaa,0xaa,0xaa,0xaa,0xaa,0xaa,0xaa,0xaa,0xaa,
	0x52,0x51,0x23,0x20,0x20,0x20,0x20,0x20,0x20,0x20,0x20,0x20,0x20,0x20,0x1f,0x1e,
	0x20,0x23,0x2c,0x2e,0x2e,0x2e,0x38,0x3a,0x37,0x39,0x3b,0x3a,0x39,0x37,0x38,0x38,
	0x38,0x37,0x37,0x36,0x36,0x34,0x34,0x32,0x32,0x31,0x31,0x31,0x31,0x30,0x31,0x35,
	0x32,0x31,0x36,0x37,0x37,0x37,0x39,0x3a,0x3b,0x3c,0x3d,0x3f,0x40,0x41,0x41,0x41,
	0x16,0x16,0x16,0x16,0x16,0x16,0x16,0x16,0x16,0x16,0x16,0x16,0x16,0x16,0x16,0x16,
	0x16,0x16,0x16,0x16,0x18,0x18,0x24,0x27,0x26,0x2a,0x36,0x31,0x2b,0x2f,0x3a,0x98,
	0x97,0x2d,0x28,0x24,0x29,0x21,0x67,0x68,0x69,0x6a,0x6a,0x6a,0xaa,0xaa,0xaa,0xaa,
	0xaa,0xaa,0xaa,0xaa,0xaa,0xaa,0xaa,0xaa,0xaa,0xaa,0xaa,0xaa,0xaa,0xaa,0xaa,0xaa,
	0x52,0x50,0x22,0x20,0x20,0x20,0x20,0x20,0x20,0x20,0x20,0x20,0x20,0x20,0x20,0x1e,
	0x21,0x22,0x21,0x21,0x22,0x21,0x35,0x38,0x37,0x38,0x38,0x38,0x36,0x36,0x38,0x39,
	0x39,0x37,0x37,0x36,0x36,0x34,0x34,0x32,0x31,0x30,0x30,0x30,0x30,0x30,0x30,0x32,
	0x32,0x31,0x33,0x32,0x33,0x34,0x38,0x3a,0x3a,0x3a,0x3b,0x3c,0x3e,0x40,0x40,0x41,
	0x16,0x16,0x16,0x16,0x15,0x15,0x17,0x16,0x16,0x16,0x17,0x16,0x16,0x16,0x16,0x16,
	0x16,0x16,0x16,0x16,0x17,0x16,0x25,0x28,0x23,0x27,0x2d,0x2f,0x28,0x2e,0x30,0x93,
	0x8e,0x3b,0x2e,0x1f,0x2f,0x24,0x62,0x70,0x69,0x6a,0x6a,0x6a,0xaa,0xaa,0xaa,0xaa,
	0xaa,0xaa,0xaa,0xaa,0xaa,0xaa,0xaa,0xaa,0xaa,0xaa,0xaa,0xaa,0xaa,0xaa,0xaa,0xaa,
	0x51,0x50,0x22,0x20,0x20,0x20,0x20,0x20,0x20,0x20,0x20,0x20,0x20,0x20,0x20,0x1f,
	0x22,0x25,0x20,0x20,0x21,0x20,0x36,0x38,0x35,0x36,0x37,0x36,0x35,0x35,0x37,0x39,
	0x38,0x36,0x36,0x35,0x35,0x34,0x33,0x32,0x30,0x30,0x30,0x30,0x30,0x30,0x2f,0x30,
	0x31,0x32,0x34,0x33,0x31,0x31,0x35,0x37,0x39,0x3a,0x3a,0x3a,0x3c,0x3d,0x3e,0x40,
	0x16,0x16,0x16,0x16,0x14,0x15,0x18,0x17,0x17,0x17,0x18,0x16,0x16,0x16,0x16,0x16,
	0x16,0x16,0x16,0x16,0x16,0x14,0x24,0x28,0x1f,0x26,0x2f,0x27,0x2f,0x8f,0x8e,0x95,
	0x96,0x8c,0x79,0x29,0x25,0x30,0x6b,0x6b,0x69,0x6a,0x6a,0x6a,0xaa,0xaa,0xaa,0xaa,
	0xaa,0xaa,0xaa,0xaa,0xaa,0xaa,0xaa,0xaa,0xaa,0xaa,0xaa,0xaa,0xaa,0xaa,0xaa,0xaa,
	0x51,0x50,0x22,0x20,0x20,0x20,0x20,0x20,0x20,0x20,0x20,0x20,0x20,0x20,0x20,0x20,
	0x21,0x23,0x21,0x22,0x21,0x1f,0x33,0x31,0x32,0x32,0x30,0x2f,0x2f,0x31,0x31,0x32,
	0x35,0x35,0x34,0x34,0x33,0x32,0x31,0x31,0x31,0x31,0x31,0x31,0x31,0x31,0x31,0x30,
	0x31,0x31,0x32,0x32,0x31,0x32,0x33,0x34,0x35,0x36,0x38,0x39,0x3a,0x3b,0x3d,0x40,
	0x1e,0x1e,0x14,0x19,0x12,0x15,0x19,0x17,0x17,0x18,0x18,0x16,0x16,0x16,0x16,0x16,
	0x16,0x16,0x16,0x16,0x16,0x13,0x24,0x28,0x27,0x27,0x30,0x2f,0x30,0x2e,0x2e,0x2e,
	0x46,0x3e,0x22,0x26,0x27,0x28,0x6a,0x6b,0x69,0x6a,0x6a,0x6a,0xaa,0xaa,0xaa,0xaa,
	0xaa,0xaa,0xaa,0xaa,0xaa,0xaa,0xaa,0xaa,0xaa,0xaa,0xaa,0xaa,0xaa,0xaa,0xaa,0xaa,
	0x51,0x50,0x22,0x20,0x20,0x20,0x20,0x20,0x20,0x20,0x20,0x20,0x20,0x20,0x20,0x20,
	0x20,0x20,0x20,0x20,0x20,0x1f,0x32,0x31,0x31,0x31,0x30,0x2f,0x2f,0x2f,0x2f,0x31,
	0x36,0x37,0x37,0x36,0x36,0x35,0x35,0x34,0x34,0x34,0x34,0x34,0x34,0x34,0x33,0x33,
	0x31,0x2e,0x2e,0x2f,0x30,0x30,0x31,0x32,0x33,0x35,0x36,0x37,0x38,0x39,0x39,0x39,
	0x1f,0x1e,0x11,0x17,0x13,0x18,0x19,0x17,0x17,0x18,0x15,0x14,0x16,0x16,0x16,0x16,
	0x16,0x16,0x16,0x16,0x16,0x15,0x25,0x28,0x29,0x29,0x2d,0x2f,0x2f,0x30,0x30,0x30,
	0x29,0x28,0x29,0x24,0x25,0x26,0x69,0x69,0x69,0x6a,0x6a,0x6a,0xaa,0xaa,0xaa,0xaa,
	0xaa,0xaa,0xaa,0xaa,0xaa,0xaa,0xaa,0xaa,0xaa,0xaa,0xaa,0xaa,0xaa,0xaa,0xaa,0xaa,
	0x51,0x50,0x22,0x20,0x20,0x20,0x20,0x20,0x20,0x20,0x20,0x20,0x20,0x20,0x20,0x20,
	0x20,0x20,0x20,0x20,0x20,0x1f,0x32,0x31,0x31,0x31,0x30,0x2f,0x2f,0x2f,0x2f,0x30,
	0x31,0x32,0x32,0x31,0x31,0x31,0x30,0x30,0x30,0x30,0x30,0x30,0x30,0x30,0x30,0x30,
	0x30,0x30,0x30,0x31,0x31,0x32,0x32,0x34,0x34,0x34,0x34,0x35,0x35,0x37,0x38,0x38,
	0x33,0x32,0x1c,0x19,0x13,0x15,0x17,0x19,0x18,0x17,0x17,0x16,0x16,0x16,0x16,0x16,
	0x16,0x16,0x16,0x16,0x15,0x16,0x25,0x28,0x28,0x27,0x29,0x2a,0x28,0x26,0x25,0x24,
	0x29,0x2a,0x28,0x27,0x26,0x26,0x68,0x69,0x6a,0x6a,0x6a,0x6a,0xaa,0xaa,0xaa,0xaa,
	0xaa,0xaa,0xaa,0xaa,0xaa,0xaa,0xaa,0xaa,0xaa,0xaa,0xaa,0xaa,0xaa,0xaa,0xaa,0xaa,
	0x51,0x50,0x22,0x20,0x20,0x20,0x20,0x20,0x20,0x20,0x20,0x20,0x20,0x20,0x20,0x20,
	0x20,0x20,0x20,0x20,0x20,0x1f,0x32,0x31,0x31,0x31,0x30,0x2f,0x2f,0x2f,0x2f,0x30,
	0x31,0x31,0x31,0x31,0x31,0x31,0x31,0x31,0x31,0x31,0x31,0x31,0x31,0x31,0x31,0x31,
	0x30,0x2f,0x30,0x30,0x31,0x32,0x32,0x33,0x34,0x34,0x33,0x33,0x34,0x35,0x38,0x39,
	0x36,0x37,0x1a,0x18,0x14,0x17,0x16,0x17,0x17,0x15,0x16,0x16,0x16,0x16,0x16,0x17,
	0x16,0x16,0x16,0x16,0x15,0x17,0x25,0x28,0x26,0x25,0x25,0x25,0x25,0x26,0x26,0x25,
	0x22,0x23,0x26,0x2a,0x28,0x24,0x68,0x69,0x6a,0x6a,0x6a,0x6a,0xaa,0xaa,0xaa,0xaa,
	0xaa,0xaa,0xaa,0xaa,0xaa,0xaa,0xaa,0xaa,0xaa,0xaa,0xaa,0xaa,0xaa,0xaa,0xaa,0xaa,
	0x50,0x4d,0x1c,0x1d,0x1e,0x20,0x20,0x21,0x21,0x21,0x21,0x21,0x21,0x21,0x21,0x21,
	0x21,0x21,0x21,0x21,0x1d,0x1f,0x32,0x34,0x34,0x34,0x33,0x33,0x33,0x33,0x33,0x32,
	0x32,0x31,0x31,0x31,0x31,0x31,0x31,0x31,0x31,0x31,0x31,0x31,0x31,0x31,0x31,0x31,
	0x31,0x31,0x31,0x31,0x31,0x32,0x32,0x33,0x33,0x32,0x32,0x33,0x34,0x35,0x38,0x35,
	0x2e,0x32,0x2e,0x36,0x2e,0x26,0x1b,0x17,0x15,0x16,0x13,0x16,0x15,0x18,0x18,0x18,
	0x17,0x17,0x17,0x17,0x17,0x16,0x29,0x29,0x28,0x27,0x27,0x27,0x27,0x27,0x27,0x27,
	0x27,0x28,0x2a,0x2d,0x2a,0x2c,0x69,0x67,0x6a,0x6a,0x6a,0x6a,0xaa,0xaa,0xaa,0xaa,
	0xaa,0xaa,0xaa,0xaa,0xaa,0xaa,0xaa,0xaa,0xaa,0xaa,0xaa,0xaa,0xaa,0xaa,0xaa,0xaa,
	0x51,0x4e,0x21,0x21,0x21,0x20,0x20,0x20,0x20,0x20,0x20,0x20,0x20,0x20,0x20,0x20,
	0x20,0x20,0x20,0x20,0x20,0x21,0x32,0x2f,0x2f,0x2f,0x2f,0x2f,0x2f,0x2f,0x2f,0x2f,
	0x30,0x30,0x31,0x31,0x31,0x32,0x32,0x32,0x32,0x32,0x32,0x32,0x32,0x32,0x32,0x32,
	0x31,0x31,0x31,0x32,0x32,0x33,0x33,0x33,0x33,0x32,0x33,0x34,0x35,0x36,0x38,0x35,
	0x30,0x34,0x36,0x3a,0x30,0x27,0x1e,0x16,0x1a,0x14,0x15,0x1b,0x17,0x1a,0x17,0x17,
	0x17,0x16,0x15,0x14,0x12,0x15,0x28,0x29,0x29,0x29,0x29,0x29,0x29,0x29,0x28,0x27,
	0x23,0x22,0x22,0x22,0x20,0x23,0x69,0x6d,0x6a,0x6a,0x6a,0x6a,0xaa,0xaa,0xaa,0xaa,
	0xaa,0xaa,0xaa,0xaa,0xaa,0xaa,0xaa,0xaa,0xaa,0xaa,0xaa,0xaa,0xaa,0xaa,0xaa,0xaa,
	0x51,0x53,0x4b,0x53,0x52,0x51,0x50,0x50,0x50,0x50,0x50,0x50,0x50,0x50,0x50,0x50,
	0x50,0x50,0x50,0x50,0x53,0x56,0x89,0x90,0x90,0x90,0x90,0x90,0x90,0x90,0x90,0x90,
	0x91,0x91,0x91,0x92,0x92,0x93,0x93,0x93,0x93,0x93,0x93,0x93,0x93,0x94,0x95,0x95,
	0x97,0x98,0x99,0x9a,0x9b,0x9b,0x9c,0x9d,0x9e,0xa0,0xa2,0xa3,0xa4,0xa6,0xa6,0xa6,
	0xa5,0xa2,0x9a,0x98,0x8f,0x8b,0x82,0x7f,0x76,0x69,0x2c,0x2b,0x28,0x28,0x28,0x28,
	0x29,0x29,0x29,0x28,0x2e,0x27,0x69,0x6a,0x6a,0x6a,0x6a,0x6a,0x6a,0x6a,0x69,0x68,
	0x5f,0x5e,0x5d,0x5d,0x5a,0x5d,0x6d,0x6a,0x6a,0x6a,0x6a,0x6a,0xaa,0xaa,0xaa,0xaa,
	0xaa,0xaa,0xaa,0xaa,0xaa,0xaa,0xaa,0xaa,0xaa,0xaa,0xaa,0xaa,0xaa,0xaa,0xaa,0xaa,
	0x53,0x4f,0x52,0x4c,0x4d,0x4e,0x4e,0x4f,0x4f,0x4f,0x4f,0x4f,0x4f,0x4f,0x4f,0x4f,
	0x4f,0x4f,0x4f,0x4f,0x54,0x50,0x8d,0x8e,0x8e,0x8e,0x8e,0x8e,0x8e,0x8e,0x8e,0x8f,
	0x91,0x92,0x92,0x93,0x93,0x94,0x94,0x95,0x95,0x95,0x95,0x95,0x95,0x96,0x96,0x97,
	0x98,0x98,0x99,0x9a,0x9b,0x9c,0x9c,0x9d,0x9f,0xa0,0xa2,0xa5,0xa6,0xa7,0xa7,0xa6,
	0xa4,0xa0,0xa0,0x9e,0x90,0x89,0x83,0x80,0x76,0x6c,0x26,0x2a,0x27,0x29,0x29,0x29,
	0x2a,0x2a,0x2a,0x2a,0x2d,0x25,0x6a,0x6a,0x6a,0x6a,0x6a,0x6a,0x6a,0x6a,0x6b,0x6c,
	0x6c,0x6d,0x6e,0x6e,0x6e,0x73,0x6a,0x66,0x6a,0x6a,0x6a,0x6a,0xaa,0xaa,0xaa,0xaa,
	0xaa,0xaa,0xaa,0xaa,0xaa,0xaa,0xaa,0xaa,0xaa,0xaa,0xaa,0xaa,0xaa,0xaa,0xaa,0xaa,
	0x52,0x51,0x51,0x50,0x50,0x50,0x50,0x51,0x51,0x51,0x51,0x51,0x51,0x51,0x51,0x51,
	0x51,0x51,0x52,0x50,0x50,0x50,0x91,0x90,0x91,0x91,0x91,0x91,0x91,0x91,0x91,0x91,
	0x91,0x91,0x91,0x91,0x91,0x91,0x92,0x93,0x95,0x95,0x98,0x97,0xd6,0xd3,0x9c,0x9a,
	0x9d,0x9f,0x9f,0xa0,0xa2,0xa2,0xa3,0xa5,0xa6,0xa7,0xa8,0xaa,0xaa,0xac,0xac,0xab,
	0xa4,0xa2,0x9b,0x9a,0x8f,0x8f,0x83,0x82,0x76,0x75,0x6b,0x69,0x60,0x56,0x2b,0x2c,
	0x27,0x2a,0x29,0x29,0x2e,0x29,0x6c,0x6e,0x6e,0x6e,0x6e,0x6e,0x6e,0x6e,0x6d,0x6c,
	0x6b,0x6a,0x69,0x69,0x69,0x6b,0x6a,0x69,0x6a,0x6a,0x6a,0x6a,0xaa,0xaa,0xaa,0xaa,
	0xaa,0xaa,0xaa,0xaa,0xaa,0xaa,0xaa,0xaa,0xaa,0xaa,0xaa,0xaa,0xaa,0xaa,0xaa,0xaa,
	0x52,0x51,0x51,0x51,0x51,0x51,0x51,0x51,0x51,0x51,0x51,0x51,0x51,0x51,0x51,0x51,
	0x51,0x51,0x52,0x50,0x50,0x50,0x91,0x90,0x91,0x91,0x91,0x91,0x91,0x91,0x91,0x91,
	0x91,0x91,0x91,0x91,0x91,0x91,0x91,0x91,0x91,0x90,0x8f,0x8e,0xd0,0xd1,0x99,0x98,
	0x9b,0x99,0x98,0x9a,0x9a,0x9b,0x9b,0x9d,0x9e,0x9e,0x9f,0xa1,0xa2,0xa4,0xa4,0xa4,
	0xa3,0xa2,0x9b,0x9a,0x8f,0x8f,0x83,0x82,0x76,0x75,0x6b,0x69,0x5e,0x54,0x31,0x2f,
	0x2a,0x2f,0x2a,0x2a,0x2c,0x27,0x67,0x69,0x68,0x69,0x68,0x68,0x69,0x68,0x68,0x69,
	0x69,0x69,0x6a,0x6a,0x6a,0x6a,0x6a,0x6b,0x6a,0x6a,0x6a,0x6a,0xaa,0xaa,0xaa,0xaa,
	0xaa,0xaa,0xaa,0xaa,0xaa,0xaa,0xaa,0xaa,0xaa,0xaa,0xaa,0xaa,0xaa,0xaa,0xaa,0xaa,
	0x52,0x51,0x51,0x51,0x51,0x51,0x51,0x51,0x51,0x51,0x51,0x51,0x51,0x51,0x51,0x51,
	0x51,0x51,0x52,0x50,0x50,0x50,0x91,0x90,0x91,0x91,0x91,0x91,0x91,0x91,0x91,0x91,
	0x91,0x91,0x91,0x91,0x91,0x91,0x91,0x91,0x91,0x8f,0x92,0x92,0xd1,0xd3,0xce,0xd0,
	0xcf,0xcc,0x9d,0x9b,0x9c,0x9d,0x9e,0xa1,0xa2,0xa1,0xa2,0xa5,0xa5,0xa7,0xa7,0xa6,
	0xa4,0xa2,0x9b,0x9a,0x8f,0x8f,0x83,0x82,0x76,0x75,0x6b,0x69,0x5b,0x5b,0x51,0x4f,
	0x45,0x3f,0x2e,0x2b,0x2d,0x2a,0x6a,0x6a,0x6b,0x6a,0x6b,0x6b,0x6a,0x6b,0x6b,0x6b,
	0x6a,0x6a,0x6a,0x6a,0x6a,0x6a,0x6a,0x6b,0x6a,0x6a,0x6a,0x6a,0xaa,0xaa,0xaa,0xaa,
	0xaa,0xaa,0xaa,0xaa,0xaa,0xaa,0xaa,0xaa,0xaa,0xaa,0xaa,0xaa,0xaa,0xaa,0xaa,0xaa,
	0x52,0x51,0x51,0x51,0x51,0x51,0x51,0x51,0x51,0x51,0x51,0x51,0x51,0x51,0x51,0x51,
	0x51,0x51,0x52,0x50,0x50,0x50,0x91,0x90,0x91,0x91,0x91,0x91,0x91,0x91,0x91,0x91,
	0x91,0x91,0x91,0x91,0x91,0x91,0x91,0x92,0x92,0x90,0x91,0x93,0xd0,0xd3,0xd1,0xcf,
	0xd3,0xce,0xa1,0x9e,0xa1,0x9f,0xa0,0xa1,0xa1,0xa0,0xa2,0xa4,0xa5,0xa6,0xa6,0xa5,
	0xa4,0xa2,0x9b,0x9a,0x8f,0x8f,0x83,0x82,0x76,0x75,0x6b,0x68,0x59,0x5b,0x59,0x52,
	0x46,0x3e,0x30,0x2f,0x2d,0x2c,0x69,0x69,0x6a,0x6a,0x6a,0x6a,0x6a,0x6a,0x6a,0x6a,
	0x6b,0x6a,0x6a,0x6a,0x6a,0x6a,0x6a,0x6b,0x6a,0x6a,0x6a,0x6a,0xaa,0xaa,0xaa,0xaa,
	0xaa,0xaa,0xaa,0xaa,0xaa,0xaa,0xaa,0xaa,0xaa,0xaa,0xaa,0xaa,0xaa,0xaa,0xaa,0xaa,
	0x52,0x51,0x51,0x51,0x51,0x51,0x51,0x51,0x51,0x51,0x51,0x51,0x51,0x51,0x51,0x51,
	0x51,0x51,0x52,0x50,0x50,0x50,0x91,0x90,0x91,0x91,0x91,0x91,0x91,0x91,0x91,0x91,
	0x91,0x91,0x91,0x91,0x91,0x91,0x91,0x91,0x91,0x92,0x8f,0x8f,0xd2,0xd2,0xd1,0xd2,
	0xd0,0xcf,0xce,0xd0,0xce,0xce,0x9f,0x9f,0xa1,0xa0,0xa2,0xa4,0xa5,0xa7,0xa7,0xa7,
	0xa2,0xa2,0x9b,0x9a,0x8f,0x8f,0x83,0x82,0x76,0x75,0x6b,0x69,0x5f,0x5e,0x54,0x4e,
	0x47,0x41,0x39,0x36,0x2d,0x2f,0x69,0x6a,0x6b,0x6a,0x6a,0x6b,0x6a,0x6b,0x6b,0x6a,
	0x6a,0x6a,0x6a,0x6a,0x6a,0x6a,0x6a,0x6b,0x6a,0x6a,0x6a,0x6a,0xaa,0xaa,0xaa,0xaa,
	0xaa,0xaa,0xaa,0xaa,0xaa,0xaa,0xaa,0xaa,0xaa,0xaa,0xaa,0xaa,0xaa,0xaa,0xaa,0xaa,
	0x52,0x51,0x51,0x51,0x51,0x51,0x51,0x51,0x51,0x51,0x51,0x51,0x51,0x51,0x51,0x51,
	0x51,0x51,0x52,0x50,0x50,0x50,0x91,0x90,0x91,0x91,0x91,0x91,0x91,0x91,0x91,0x91,
	0x91,0x91,0x91,0x91,0x91,0x91,0x91,0x92,0x91,0x90,0x90,0x8f,0xd3,0xd5,0xd2,0xd3,
	0xd1,0xd0,0xd0,0xd1,0xd5,0xcf,0xa3,0xa3,0xa3,0xa3,0xa2,0xa5,0xa5,0xa7,0xa7,0xa7,
	0xa2,0xa2,0x9b,0x9a,0x8f,0x8f,0x83,0x82,0x76,0x75,0x6b,0x69,0x5d,0x5e,0x53,0x50,
	0x49,0x42,0x3c,0x35,0x2e,0x30,0x65,0x66,0x65,0x68,0x6b,0x69,0x6a,0x6a,0x6a,0x6a,
	0x6a,0x6a,0x6a,0x6a,0x6a,0x6a,0x6a,0x6b,0x6a,0x6a,0x6a,0x6a,0xaa,0xaa,0xaa,0xaa,
	0xaa,0xaa,0xaa,0xaa,0xaa,0xaa,0xaa,0xaa,0xaa,0xaa,0xaa,0xaa,0xaa,0xaa,0xaa,0xaa,
	0x52,0x51,0x51,0x51,0x51,0x51,0x51,0x51,0x51,0x51,0x51,0x51,0x51,0x51,0x51,0x51,
	0x51,0x51,0x52,0x50,0x50,0x50,0x91,0x90,0x91,0x91,0x91,0x91,0x91,0x91,0x91,0x91,
	0x91,0x91,0x91,0x91,0x91,0x91,0x91,0x92,0x91,0x90,0x90,0x91,0xd2,0xd3,0xd3,0xd1,
	0xd2,0xd2,0xd2,0xd2,0xd2,0xd2,0xd1,0xd0,0xcf,0xd0,0xa2,0xa4,0xa2,0xa3,0xa9,0xaa,
	0xa2,0xa2,0x9b,0x9a,0x8f,0x8f,0x83,0x82,0x77,0x75,0x6b,0x6a,0x5e,0x5e,0x54,0x51,
	0x48,0x46,0x3e,0x37,0x31,0x2d,0x2d,0x2f,0x35,0x36,0x6c,0x6b,0x6c,0x6b,0x6a,0x6c,
	0x6b,0x6a,0x6a,0x6a,0x6a,0x6a,0x6a,0x6b,0x6a,0x6a,0x6a,0x6a,0xaa,0xaa,0xaa,0xaa,
	0xaa,0xaa,0xaa,0xaa,0xaa,0xaa,0xaa,0xaa,0xaa,0xaa,0xaa,0xaa,0xaa,0xaa,0xaa,0xaa,
	0x52,0x51,0x51,0x51,0x51,0x51,0x51,0x51,0x51,0x51,0x51,0x51,0x51,0x51,0x51,0x51,
	0x51,0x51,0x52,0x50,0x50,0x50,0x91,0x90,0x91,0x91,0x91,0x91,0x91,0x91,0x91,0x91,
	0x91,0x91,0x91,0x91,0x91,0x91,0x91,0x91,0x91,0x91,0x91,0x92,0xd1,0xd2,0xd2,0xd2,
	0xd2,0xd2,0xd2,0xd2,0xd2,0xd2,0xd2,0xd2,0xd6,0xd1,0xa9,0xa6,0xa9,0xaa,0xa7,0xaa,
	0xa2,0xa2,0x9b,0x9a,0x8f,0x8f,0x83,0x83,0x77,0x75,0x6b,0x6a,0x5e,0x5e,0x54,0x51,
	0x48,0x49,0x3e,0x39,0x2e,0x2f,0x29,0x2c,0x31,0x33,0x66,0x6b,0x6b,0x68,0x6c,0x6c,
	0x6b,0x6b,0x6b,0x6a,0x6a,0x6a,0x6a,0x6b,0x6a,0x6a,0x6a,0x6a,0xaa,0xaa,0xaa,0xaa,
	0xaa,0xaa,0xaa,0xaa,0xaa,0xaa,0xaa,0xaa,0xaa,0xaa,0xaa,0xaa,0xaa,0xaa,0xaa,0xaa,
	0x52,0x51,0x51,0x51,0x51,0x51,0x51,0x51,0x51,0x51,0x51,0x51,0x51,0x51,0x51,0x51,
	0x51,0x51,0x52,0x50,0x50,0x50,0x91,0x90,0x91,0x91,0x91,0x91,0x91,0x91,0x91,0x91,
	0x91,0x91,0x91,0x91,0x91,0x91,0x91,0x91,0x91,0x91,0x91,0x92,0xd1,0xd2,0xd2,0xd2,
	0xd2,0xd2,0xd2,0xd2,0xd2,0xd2,0xd2,0xd2,0xd1,0xd0,0xcd,0xcd,0xce,0xcd,0xad,0xaa,
	0xa9,0xa8,0x9b,0x9a,0x8f,0x8e,0x84,0x83,0x77,0x76,0x6b,0x6a,0x5d,0x5d,0x54,0x50,
	0x47,0x49,0x3c,0x3a,0x2f,0x30,0x2b,0x31,0x36,0x33,0x3e,0x3c,0x3f,0x40,0x65,0x6e,
	0x6c,0x6b,0x6b,0x6a,0x6a,0x6a,0x6a,0x6b,0x6a,0x6a,0x6a,0x6a,0xaa,0xaa,0xaa,0xaa,
	0xaa,0xaa,0xaa,0xaa,0xaa,0xaa,0xaa,0xaa,0xaa,0xaa,0xaa,0xaa,0xaa,0xaa,0xaa,0xaa,
	0x52,0x51,0x51,0x51,0x51,0x51,0x51,0x51,0x51,0x51,0x51,0x51,0x51,0x51,0x51,0x51,
	0x51,0x51,0x52,0x50,0x50,0x50,0x91,0x90,0x91,0x91,0x91,0x91,0x91,0x91,0x91,0x91,
	0x91,0x91,0x91,0x91,0x91,0x91,0x91,0x91,0x91,0x91,0x91,0x92,0xd1,0xd2,0xd2,0xd2,
	0xd2,0xd2,0xd2,0xd2,0xd2,0xd2,0xd2,0xd2,0xd2,0xce,0xd1,0xd5,0xd2,0xcf,0xa6,0xac,
	0xa2,0xa1,0x9b,0x9a,0x8f,0x8e,0x84,0x84,0x77,0x76,0x6b,0x6b,0x5d,0x5d,0x53,0x50,
	0x48,0x49,0x3b,0x3a,0x2f,0x30,0x2b,0x2f,0x39,0x31,0x36,0x35,0x3e,0x3d,0x6a,0x67,
	0x68,0x69,0x6a,0x6b,0x6a,0x6a,0x6a,0x6b,0x6a,0x6a,0x6a,0x6a,0xa9,0xaa,0xaa,0xaa,
	0xaa,0xaa,0xaa,0xaa,0xaa,0xaa,0xaa,0xaa,0xaa,0xaa,0xaa,0xaa,0xaa,0xaa,0xaa,0xaa,
	0x52,0x51,0x51,0x51,0x51,0x51,0x51,0x51,0x51,0x51,0x51,0x51,0x51,0x51,0x51,0x51,
	0x51,0x51,0x52,0x50,0x50,0x50,0x91,0x90,0x91,0x91,0x91,0x91,0x91,0x91,0x91,0x91,
	0x91,0x91,0x91,0x91,0x91,0x91,0x91,0x91,0x91,0x91,0x91,0x92,0xd1,0xd2,0xd2,0xd2,
	0xd2,0xd2,0xd2,0xd2,0xd2,0xd2,0xd2,0xd2,0xd2,0xd2,0xd2,0xd2,0xd2,0xd2,0xd0,0xd0,
	0x2d,0x2c,0x9b,0x9a,0x8d,0x89,0x84,0x83,0x77,0x76,0x6b,0x6b,0x5e,0x5e,0x53,0x51,
	0x48,0x48,0x3c,0x3b,0x2f,0x2f,0x2b,0x2e,0x33,0x33,0x38,0x38,0x3f,0x3f,0x46,0x47,
	0x4d,0x50,0x6a,0x6b,0x68,0x65,0x68,0x68,0x6a,0x6a,0x6a,0x6a,0xaa,0xa9,0xa9,0xa9,
	0xaa,0xaa,0xaa,0xaa,0xaa,0xaa,0xaa,0xaa,0xaa,0xaa,0xaa,0xaa,0xaa,0xaa,0xaa,0xaa,
	0x52,0x51,0x51,0x51,0x51,0x51,0x51,0x51,0x51,0x51,0x51,0x51,0x51,0x51,0x51,0x51,
	0x51,0x51,0x52,0x50,0x50,0x50,0x91,0x90,0x91,0x91,0x91,0x91,0x91,0x91,0x91,0x91,
	0x91,0x91,0x91,0x91,0x91,0x91,0x91,0x91,0x91,0x91,0x91,0x92,0xd1,0xd2,0xd2,0xd2,
	0xd2,0xd2,0xd2,0xd2,0xd2,0xd2,0xd2,0xd2,0xd2,0xd2,0xd2,0xd2,0xd2,0xd2,0xd2,0xd2,
	0x26,0x25,0x98,0x97,0x89,0x85,0x80,0x83,0x78,0x76,0x6b,0x6b,0x5e,0x5e,0x53,0x51,
	0x48,0x47,0x3c,0x3c,0x2f,0x2e,0x2b,0x2d,0x33,0x33,0x39,0x39,0x3f,0x40,0x44,0x45,
	0x4b,0x4f,0x6b,0x67,0x6a,0x68,0x6e,0x6a,0x6a,0x6a,0x6a,0x6a,0xa9,0xaa,0xaa,0xaa,
	0xaa,0xaa,0xaa,0xaa,0xaa,0xaa,0xaa,0xaa,0xaa,0xaa,0xaa,0xaa,0xaa,0xaa,0xaa,0xaa,
	0x52,0x51,0x51,0x51,0x51,0x51,0x51,0x51,0x51,0x51,0x51,0x51,0x51,0x51,0x51,0x51,
	0x51,0x51,0x52,0x50,0x50,0x50,0x91,0x90,0x91,0x91,0x91,0x91,0x91,0x91,0x91,0x91,
	0x91,0x91,0x91,0x91,0x91,0x91,0x91,0x91,0x91,0x91,0x91,0x92,0xd1,0xd2,0xd2,0xd2,
	0xd2,0xd2,0xd2,0xd2,0xd2,0xd2,0xd2,0xd2,0xd2,0xd2,0xd2,0xd2,0xd2,0xd2,0xd2,0xd2,
	0x2a,0x27,0x2c,0x2e,0x2d,0x2f,0x80,0x88,0x7a,0x77,0x6c,0x6c,0x5f,0x5f,0x54,0x52,
	0x48,0x47,0x3d,0x3c,0x30,0x2f,0x2c,0x2d,0x33,0x33,0x39,0x39,0x3f,0x40,0x44,0x46,
	0x4a,0x4c,0x58,0x53,0x5a,0x58,0x67,0x6c,0x6a,0x6a,0x6a,0x6a,0xaa,0xa9,0xa9,0xa9,
	0xaa,0xaa,0xaa,0xaa,0xaa,0xaa,0xaa,0xaa,0xaa,0xaa,0xaa,0xaa,0xaa,0xaa,0xaa,0xaa,
	0x52,0x51,0x51,0x51,0x51,0x51,0x51,0x51,0x51,0x51,0x51,0x51,0x51,0x51,0x51,0x51,
	0x51,0x51,0x52,0x50,0x50,0x50,0x91,0x90,0x91,0x91,0x91,0x91,0x91,0x91,0x91,0x91,
	0x91,0x91,0x91,0x91,0x91,0x91,0x91,0x91,0x91,0x91,0x91,0x92,0xd1,0xd2,0xd2,0xd2,
	0xd2,0xd2,0xd2,0xd2,0xd2,0xd2,0xd2,0xd2,0xd2,0xd2,0xd2,0xd2,0xd2,0xd2,0xd2,0xd2,
	0x29,0x26,0x27,0x2d,0x24,0x27,0x80,0x7e,0x73,0x73,0x6c,0x6c,0x5e,0x5e,0x53,0x51,
	0x47,0x47,0x3d,0x3c,0x30,0x2f,0x2c,0x2d,0x33,0x33,0x39,0x39,0x3f,0x40,0x44,0x46,
	0x48,0x4b,0x4f,0x51,0x59,0x58,0x68,0x6c,0x6b,0x6a,0x6a,0x6a,0xaa,0xaa,0xaa,0xaa,
	0xaa,0xaa,0xaa,0xaa,0xaa,0xaa,0xaa,0xaa,0xaa,0xaa,0xaa,0xaa,0xaa,0xaa,0xaa,0xaa,
	0x52,0x51,0x51,0x51,0x51,0x51,0x51,0x51,0x51,0x51,0x51,0x51,0x51,0x51,0x51,0x51,
	0x51,0x51,0x52,0x50,0x50,0x50,0x91,0x90,0x91,0x91,0x91,0x91,0x91,0x91,0x91,0x91,
	0x91,0x91,0x91,0x91,0x91,0x91,0x91,0x91,0x91,0x91,0x91,0x92,0xd1,0xd2,0xd2,0xd2,
	0xd2,0xd2,0xd2,0xd2,0xd2,0xd2,0xd2,0xd2,0xd2,0xd2,0xd2,0xd2,0xd2,0xd2,0xd2,0xd2,
	0x29,0x27,0x29,0x2c,0x2b,0x2b,0x2e,0x2e,0x2f,0x2b,0x6d,0x6f,0x60,0x5c,0x51,0x51,
	0x47,0x47,0x3d,0x3c,0x30,0x2f,0x2c,0x2d,0x33,0x33,0x39,0x39,0x3f,0x40,0x44,0x45,
	0x48,0x4b,0x4f,0x51,0x57,0x58,0x5e,0x60,0x64,0x67,0x6a,0x69,0xa9,0xac,0xab,0xab,
	0xaa,0xaa,0xaa,0xaa,0xaa,0xaa,0xaa,0xaa,0xaa,0xaa,0xaa,0xaa,0xaa,0xaa,0xaa,0xaa,
	0x52,0x51,0x51,0x51,0x51,0x51,0x51,0x51,0x51,0x51,0x51,0x51,0x51,0x51,0x51,0x51,
	0x51,0x51,0x52,0x50,0x50,0x50,0x91,0x90,0x91,0x91,0x91,0x91,0x91,0x91,0x91,0x91,
	0x91,0x91,0x91,0x91,0x91,0x91,0x91,0x91,0x91,0x91,0x91,0x92,0xd1,0xd2,0xd2,0xd2,
	0xd2,0xd2,0xd2,0xd2,0xd2,0xd2,0xd2,0xd2,0xd2,0xd2,0xd2,0xd2,0xd2,0xd2,0xd2,0xd2,
	0x29,0x27,0x29,0x29,0x29,0x29,0x27,0x28,0x28,0x28,0x67,0x6a,0x5d,0x5a,0x57,0x53,
	0x47,0x47,0x3d,0x3c,0x2f,0x2e,0x2b,0x2d,0x33,0x33,0x39,0x39,0x3f,0x40,0x44,0x46,
	0x48,0x4b,0x4f,0x51,0x56,0x58,0x5a,0x5c,0x62,0x65,0x6a,0x69,0xaa,0xa8,0xac,0xa9,
	0xaa,0xaa,0xaa,0xaa,0xaa,0xaa,0xaa,0xaa,0xaa,0xaa,0xaa,0xaa,0xaa,0xaa,0xaa,0xaa,
	0x52,0x51,0x51,0x51,0x51,0x51,0x51,0x51,0x51,0x51,0x51,0x51,0x51,0x51,0x51,0x51,
	0x51,0x51,0x52,0x50,0x50,0x50,0x91,0x90,0x91,0x91,0x91,0x91,0x91,0x91,0x91,0x91,
	0x91,0x91,0x91,0x91,0x91,0x91,0x91,0x91,0x91,0x91,0x91,0x92,0xd1,0xd2,0xd2,0xd2,
	0xd2,0xd2,0xd2,0xd2,0xd2,0xd2,0xd2,0xd2,0xd2,0xd2,0xd2,0xd2,0xd2,0xd2,0xd2,0xd2,
	0x28,0x28,0x29,0x26,0x27,0x28,0x28,0x28,0x27,0x27,0x32,0x2a,0x2e,0x30,0x51,0x55,
	0x49,0x47,0x3d,0x3c,0x30,0x2f,0x2c,0x2d,0x33,0x33,0x39,0x39,0x3f,0x40,0x44,0x45,
	0x48,0x4b,0x4f,0x51,0x55,0x57,0x5a,0x5c,0x62,0x62,0x6b,0x68,0x6b,0x6e,0xa5,0xa9,
	0xab,0xab,0xaa,0xaa,0xaa,0xaa,0xaa,0xaa,0xaa,0xaa,0xaa,0xaa,0xaa,0xaa,0xaa,0xaa,
	0x52,0x51,0x51,0x51,0x51,0x51,0x51,0x51,0x51,0x51,0x51,0x51,0x51,0x51,0x51,0x51,
	0x51,0x51,0x52,0x50,0x50,0x50,0x91,0x90,0x91,0x91,0x91,0x91,0x91,0x91,0x91,0x91,
	0x91,0x91,0x91,0x91,0x91,0x91,0x91,0x91,0x91,0x91,0x91,0x92,0xd1,0xd2,0xd2,0xd2,
	0xd2,0xd2,0xd2,0xd2,0xd2,0xd2,0xd2,0xd2,0xd2,0xd2,0xd2,0xd2,0xd2,0xd2,0xd2,0xd2,
	0x29,0x29,0x2a,0x27,0x28,0x28,0x29,0x29,0x28,0x28,0x28,0x28,0x25,0x27,0x55,0x53,
	0x47,0x46,0x3c,0x3b,0x31,0x2f,0x2d,0x2e,0x33,0x33,0x39,0x39,0x3f,0x40,0x44,0x46,
	0x49,0x4b,0x50,0x51,0x56,0x57,0x5b,0x5e,0x61,0x61,0x6a,0x69,0x66,0x68,0xa9,0xa5,
	0xa7,0xa7,0xaa,0xaa,0xaa,0xaa,0xaa,0xaa,0xaa,0xaa,0xaa,0xaa,0xaa,0xaa,0xaa,0xaa,
	0x52,0x51,0x51,0x51,0x51,0x51,0x51,0x51,0x51,0x51,0x51,0x51,0x51,0x51,0x51,0x51,
	0x51,0x51,0x52,0x50,0x50,0x50,0x91,0x90,0x91,0x91,0x91,0x91,0x91,0x91,0x91,0x91,
	0x91,0x91,0x91,0x91,0x91,0x91,0x91,0x91,0x91,0x91,0x91,0x92,0xd1,0xd2,0xd2,0xd2,
	0xd2,0xd2,0xd2,0xd2,0xd2,0xd2,0xd2,0xd2,0xd2,0xd2,0xd2,0xd2,0xd2,0xd2,0xd2,0xd2,
	0x28,0x28,0x28,0x27,0x27,0x28,0x28,0x29,0x28,0x28,0x28,0x28,0x28,0x28,0x2b,0x2b,
	0x2b,0x2b,0x39,0x3a,0x31,0x30,0x2e,0x2f,0x32,0x33,0x38,0x39,0x3f,0x40,0x44,0x46,
	0x4a,0x4d,0x52,0x52,0x58,0x58,0x5c,0x5e,0x62,0x60,0x6a,0x69,0x68,0x69,0x6c,0x6b,
	0x67,0x6a,0xa8,0xa7,0xaa,0xac,0xb0,0xa6,0xaa,0xaa,0xaa,0xaa,0xaa,0xaa,0xaa,0xaa,
	0x52,0x51,0x51,0x51,0x51,0x51,0x51,0x51,0x51,0x51,0x51,0x51,0x51,0x51,0x51,0x51,
	0x51,0x51,0x52,0x50,0x50,0x50,0x91,0x90,0x91,0x91,0x91,0x91,0x91,0x91,0x91,0x91,
	0x91,0x91,0x91,0x91,0x91,0x91,0x91,0x91,0x91,0x91,0x91,0x92,0xd1,0xd2,0xd2,0xd2,
	0xd2,0xd2,0xd2,0xd2,0xd2,0xd2,0xd2,0xd2,0xd2,0xd2,0xd2,0xd2,0xd2,0xd2,0xd2,0xd2,
	0x29,0x29,0x29,0x29,0x29,0x29,0x29,0x29,0x29,0x29,0x29,0x29,0x29,0x29,0x29,0x29,
	0x29,0x2c,0x3a,0x38,0x30,0x2e,0x2e,0x2e,0x31,0x33,0x38,0x39,0x3e,0x40,0x44,0x46,
	0x4b,0x4c,0x53,0x53,0x59,0x58,0x5d,0x5f,0x61,0x61,0x69,0x68,0x68,0x69,0x68,0x68,
	0x65,0x63,0xa6,0xa3,0xa4,0xa8,0xa9,0xa9,0xaa,0xaa,0xaa,0xaa,0xaa,0xaa,0xaa,0xaa,
	0x52,0x51,0x51,0x51,0x51,0x51,0x51,0x51,0x51,0x51,0x51,0x51,0x51,0x51,0x51,0x51,
	0x51,0x51,0x52,0x50,0x50,0x50,0x91,0x90,0x91,0x91,0x91,0x91,0x91,0x91,0x91,0x91,
	0x91,0x91,0x91,0x91,0x91,0x91,0x91,0x91,0x91,0x91,0x91,0x92,0xd1,0xd2,0xd2,0xd2,
	0xd2,0xd2,0xd2,0xd2,0xd2,0xd2,0xd2,0xd2,0xd2,0xd2,0xd2,0xd2,0xd2,0xd2,0xd2,0xd2,
	0x29,0x29,0x29,0x29,0x29,0x29,0x29,0x29,0x29,0x29,0x29,0x29,0x29,0x29,0x29,0x29,
	0x2a,0x2a,0x28,0x28,0x29,0x2a,0x2a,0x2d,0x31,0x33,0x37,0x38,0x3e,0x3f,0x43,0x46,
	0x4a,0x4c,0x53,0x53,0x59,0x58,0x5c,0x5e,0x61,0x61,0x69,0x69,0x69,0x68,0x68,0x68,
	0x66,0x64,0x65,0x64,0x63,0x68,0xa9,0xab,0xab,0xab,0xaa,0xaa,0xaa,0xaa,0xaa,0xaa,
	0x52,0x51,0x51,0x51,0x51,0x51,0x51,0x51,0x51,0x51,0x51,0x51,0x51,0x51,0x51,0x51,
	0x51,0x51,0x52,0x50,0x50,0x50,0x91,0x90,0x91,0x91,0x91,0x91,0x91,0x91,0x91,0x91,
	0x91,0x91,0x91,0x91,0x91,0x91,0x91,0x91,0x91,0x91,0x91,0x92,0xd1,0xd2,0xd2,0xd2,
	0xd2,0xd2,0xd2,0xd2,0xd2,0xd2,0xd2,0xd2,0xd2,0xd2,0xd2,0xd2,0xd2,0xd2,0xd2,0xd2,
	0x29,0x29,0x29,0x29,0x29,0x29,0x29,0x29,0x29,0x29,0x29,0x29,0x29,0x29,0x29,0x29,
	0x28,0x29,0x20,0x28,0x28,0x28,0x2e,0x30,0x34,0x36,0x38,0x39,0x3d,0x40,0x43,0x46,
	0x4a,0x4b,0x52,0x52,0x58,0x58,0x5c,0x5e,0x61,0x61,0x69,0x69,0x69,0x69,0x69,0x69,
	0x69,0x63,0x63,0x64,0x5d,0x62,0xa5,0xa9,0xa6,0xa6,0xaa,0xaa,0xaa,0xaa,0xaa,0xaa,
	0x52,0x51,0x51,0x51,0x51,0x51,0x51,0x51,0x51,0x51,0x51,0x51,0x51,0x51,0x51,0x51,
	0x51,0x51,0x52,0x50,0x50,0x50,0x91,0x90,0x91,0x91,0x91,0x91,0x91,0x91,0x91,0x91,
	0x91,0x91,0x91,0x91,0x91,0x91,0x91,0x91,0x91,0x91,0x91,0x92,0xd1,0xd2,0xd2,0xd2,
	0xd2,0xd2,0xd2,0xd2,0xd2,0xd2,0xd2,0xd2,0xd2,0xd2,0xd2,0xd2,0xd2,0xd2,0xd2,0xd2,
	0x29,0x29,0x29,0x29,0x29,0x29,0x29,0x29,0x29,0x29,0x29,0x29,0x29,0x29,0x29,0x29,
	0x28,0x29,0x27,0x29,0x29,0x29,0x65,0x65,0x66,0x67,0x39,0x38,0x3f,0x40,0x43,0x45,
	0x4a,0x4b,0x52,0x51,0x58,0x57,0x5c,0x5e,0x60,0x61,0x68,0x69,0x69,0x68,0x68,0x68,
	0x67,0x63,0x62,0x61,0x60,0x5f,0x62,0x62,0x5e,0x5f,0xab,0xaa,0xa6,0xab,0xad,0xaa,
	0x52,0x51,0x51,0x51,0x51,0x51,0x51,0x51,0x51,0x51,0x51,0x51,0x51,0x51,0x51,0x51,
	0x51,0x51,0x52,0x50,0x50,0x50,0x91,0x90,0x91,0x91,0x91,0x91,0x91,0x91,0x91,0x91,
	0x91,0x91,0x91,0x91,0x91,0x91,0x91,0x91,0x91,0x91,0x91,0x92,0xd1,0xd2,0xd2,0xd2,
	0xd2,0xd2,0xd2,0xd2,0xd2,0xd2,0xd2,0xd2,0xd2,0xd2,0xd2,0xd2,0xd2,0xd2,0xd2,0xd2,
	0x29,0x29,0x29,0x29,0x29,0x29,0x29,0x29,0x29,0x29,0x29,0x29,0x29,0x29,0x29,0x29,
	0x28,0x29,0x29,0x2a,0x2a,0x2c,0x6c,0x68,0x6e,0x68,0x3c,0x38,0x42,0x45,0x40,0x44,
	0x49,0x4a,0x51,0x50,0x57,0x56,0x5b,0x5d,0x60,0x60,0x68,0x69,0x69,0x68,0x68,0x68,
	0x67,0x64,0x63,0x62,0x60,0x5f,0x5d,0x5c,0x5d,0x59,0xa8,0xa9,0xa5,0xa8,0xa7,0xa7,
	0x52,0x51,0x51,0x51,0x51,0x51,0x51,0x51,0x51,0x51,0x51,0x51,0x51,0x51,0x51,0x51,
	0x51,0x51,0x52,0x50,0x50,0x50,0x91,0x90,0x91,0x91,0x91,0x91,0x91,0x91,0x91,0x91,
	0x91,0x91,0x91,0x91,0x91,0x91,0x91,0x91,0x91,0x91,0x91,0x92,0xd1,0xd2,0xd2,0xd2,
	0xd2,0xd2,0xd2,0xd2,0xd2,0xd2,0xd2,0xd2,0xd2,0xd2,0xd2,0xd2,0xd2,0xd2,0xd2,0xd2,
	0x29,0x29,0x29,0x29,0x29,0x29,0x29,0x29,0x29,0x29,0x29,0x29,0x29,0x29,0x29,0x29,
	0x29,0x29,0x2a,0x29,0x28,0x29,0x69,0x6b,0x6e,0x68,0x63,0x68,0x67,0x67,0x47,0x47,
	0x49,0x4a,0x50,0x50,0x56,0x56,0x5b,0x5d,0x61,0x60,0x68,0x69,0x69,0x68,0x68,0x68,
	0x67,0x65,0x63,0x62,0x60,0x5e,0x5c,0x5b,0x5e,0x5e,0x5a,0x58,0x56,0x55,0xa7,0xac,
	0x52,0x51,0x51,0x51,0x51,0x51,0x51,0x51,0x51,0x51,0x51,0x51,0x51,0x51,0x51,0x51,
	0x51,0x51,0x52,0x50,0x50,0x50,0x91,0x90,0x91,0x91,0x91,0x91,0x91,0x91,0x91,0x91,
	0x91,0x91,0x91,0x91,0x91,0x91,0x91,0x91,0x91,0x91,0x91,0x92,0xd1,0xd2,0xd2,0xd2,
	0xd2,0xd2,0xd2,0xd2,0xd2,0xd2,0xd2,0xd2,0xd2,0xd2,0xd2,0xd2,0xd2,0xd2,0xd2,0xd2,
	0x29,0x29,0x29,0x29,0x29,0x29,0x29,0x29,0x29,0x29,0x29,0x29,0x29,0x29,0x29,0x29,
	0x29,0x29,0x2b,0x29,0x29,0x26,0x69,0x6a,0x67,0x66,0x69,0x6b,0x69,0x6b,0x42,0x43,
	0x49,0x4a,0x50,0x50,0x56,0x56,0x5b,0x5d,0x60,0x61,0x68,0x69,0x69,0x68,0x68,0x68,
	0x67,0x65,0x63,0x63,0x60,0x5e,0x5c,0x5b,0x5b,0x5c,0x56,0x5c,0x57,0x53,0xa9,0xa8,
	0x52,0x51,0x51,0x51,0x51,0x51,0x51,0x51,0x51,0x51,0x51,0x51,0x51,0x51,0x51,0x51,
	0x51,0x51,0x52,0x50,0x50,0x50,0x91,0x90,0x91,0x91,0x91,0x91,0x91,0x91,0x91,0x91,
	0x91,0x91,0x91,0x91,0x91,0x91,0x91,0x91,0x91,0x91,0x91,0x92,0xd1,0xd2,0xd2,0xd2,
	0xd2,0xd2,0xd2,0xd2,0xd2,0xd2,0xd2,0xd2,0xd2,0xd2,0xd2,0xd2,0xd2,0xd2,0xd2,0xd2,
	0x29,0x29,0x29,0x29,0x29,0x29,0x29,0x29,0x29,0x29,0x29,0x29,0x29,0x29,0x29,0x29,
	0x29,0x29,0x2a,0x2a,0x29,0x28,0x6a,0x6b,0x6a,0x6a,0x6a,0x6a,0x6a,0x6a,0x68,0x68,
	0x6a,0x6b,0x53,0x4b,0x56,0x57,0x5b,0x5d,0x60,0x62,0x67,0x69,0x69,0x68,0x68,0x67,
	0x66,0x64,0x64,0x63,0x60,0x5f,0x5d,0x5c,0x5c,0x5a,0x59,0x58,0x57,0x56,0x55,0x54,
	0x52,0x51,0x51,0x51,0x51,0x51,0x51,0x51,0x51,0x51,0x51,0x51,0x51,0x51,0x51,0x51,
	0x51,0x51,0x52,0x50,0x50,0x50,0x91,0x90,0x91,0x91,0x91,0x91,0x91,0x91,0x91,0x91,
	0x91,0x91,0x91,0x91,0x91,0x91,0x91,0x91,0x91,0x91,0x91,0x92,0xd1,0xd2,0xd2,0xd2,
	0xd2,0xd2,0xd2,0xd2,0xd2,0xd2,0xd2,0xd2,0xd2,0xd2,0xd2,0xd2,0xd2,0xd2,0xd2,0xd2,
	0x29,0x29,0x29,0x29,0x29,0x29,0x29,0x29,0x29,0x29,0x29,0x29,0x29,0x29,0x29,0x29,
	0x29,0x29,0x2b,0x2a,0x29,0x29,0x6a,0x6b,0x6a,0x6a,0x6a,0x6a,0x6a,0x6a,0x6a,0x6a,
	0x66,0x6a,0x53,0x51,0x5a,0x5b,0x5b,0x5c,0x61,0x64,0x67,0x69,0x69,0x68,0x68,0x67,
	0x66,0x64,0x63,0x63,0x60,0x5f,0x5d,0x5c,0x5c,0x5a,0x59,0x58,0x57,0x56,0x55,0x54,
	0x52,0x51,0x51,0x51,0x51,0x51,0x51,0x51,0x51,0x51,0x51,0x51,0x51,0x51,0x51,0x51,
	0x51,0x51,0x52,0x50,0x50,0x50,0x91,0x90,0x91,0x91,0x91,0x91,0x91,0x91,0x91,0x91,
	0x91,0x91,0x91,0x91,0x91,0x91,0x91,0x91,0x91,0x91,0x91,0x92,0xd1,0xd2,0xd2,0xd2,
	0xd2,0xd2,0xd2,0xd2,0xd2,0xd2,0xd2,0xd2,0xd2,0xd2,0xd2,0xd2,0xd2,0xd2,0xd2,0xd2,
	0x29,0x29,0x29,0x29,0x29,0x29,0x29,0x29,0x29,0x29,0x29,0x29,0x29,0x29,0x29,0x29,
	0x29,0x29,0x2b,0x2a,0x29,0x29,0x6a,0x6b,0x6a,0x6a,0x6a,0x6a,0x6a,0x6a,0x69,0x68,
	0x6b,0x70,0x6a,0x6f,0x69,0x65,0x5f,0x5a,0x61,0x64,0x67,0x69,0x69,0x68,0x68,0x67,
	0x66,0x64,0x63,0x63,0x60,0x5f,0x5d,0x5c,0x5c,0x5a,0x59,0x58,0x57,0x56,0x55,0x54,
	0x52,0x51,0x51,0x51,0x51,0x51,0x51,0x51,0x51,0x51,0x51,0x51,0x51,0x51,0x51,0x51,
	0x51,0x51,0x52,0x50,0x50,0x50,0x91,0x90,0x91,0x91,0x91,0x91,0x91,0x91,0x91,0x91,
	0x91,0x91,0x91,0x91,0x91,0x91,0x91,0x91,0x91,0x91,0x91,0x92,0xd1,0xd2,0xd2,0xd2,
	0xd2,0xd2,0xd2,0xd2,0xd2,0xd2,0xd2,0xd2,0xd2,0xd2,0xd2,0xd2,0xd2,0xd2,0xd2,0xd2,
	0x29,0x29,0x29,0x29,0x29,0x29,0x29,0x29,0x29,0x29,0x29,0x29,0x29,0x29,0x29,0x29,
	0x29,0x29,0x2b,0x2a,0x29,0x29,0x6a,0x6b,0x6a,0x6a,0x6a,0x6a,0x6a,0x6a,0x69,0x69,
	0x6a,0x6a,0x69,0x6a,0x6a,0x66,0x5f,0x5b,0x63,0x66,0x68,0x6a,0x69,0x68,0x68,0x67,
	0x66,0x64,0x63,0x63,0x60,0x5f,0x5d,0x5c,0x5c,0x5a,0x59,0x58,0x57,0x56,0x55,0x54,
	0x52,0x51,0x51,0x51,0x51,0x51,0x51,0x51,0x51,0x51,0x51,0x51,0x51,0x51,0x51,0x51,
	0x51,0x51,0x52,0x50,0x50,0x50,0x91,0x90,0x91,0x91,0x91,0x91,0x91,0x91,0x91,0x91,
	0x91,0x91,0x91,0x91,0x91,0x91,0x91,0x91,0x91,0x91,0x91,0x92,0xd1,0xd2,0xd2,0xd2,
	0xd2,0xd2,0xd2,0xd2,0xd2,0xd2,0xd2,0xd2,0xd2,0xd2,0xd2,0xd2,0xd2,0xd2,0xd2,0xd2,
	0x29,0x29,0x29,0x29,0x29,0x29,0x29,0x29,0x29,0x29,0x29,0x29,0x29,0x29,0x29,0x29,
	0x29,0x29,0x2b,0x2a,0x29,0x29,0x6a,0x6b,0x6a,0x6a,0x6a,0x6a,0x6a,0x6a,0x6a,0x6a,
	0x6a,0x6a,0x6a,0x6a,0x6a,0x6a,0x6a,0x6a,0x6a,0x6a,0x6a,0x6a,0x6b,0x67,0x68,0x68,
	0x65,0x64,0x63,0x63,0x60,0x5f,0x5d,0x5c,0x5c,0x5a,0x59,0x58,0x57,0x56,0x55,0x54,
	0x52,0x51,0x51,0x51,0x51,0x51,0x51,0x51,0x51,0x51,0x51,0x51,0x51,0x51,0x51,0x51,
	0x51,0x51,0x52,0x50,0x50,0x50,0x91,0x90,0x91,0x91,0x91,0x91,0x91,0x91,0x91,0x91,
	0x91,0x91,0x91,0x91,0x91,0x91,0x91,0x91,0x91,0x91,0x91,0x92,0xd1,0xd2,0xd2,0xd2,
	0xd2,0xd2,0xd2,0xd2,0xd2,0xd2,0xd2,0xd2,0xd2,0xd2,0xd2,0xd2,0xd2,0xd2,0xd2,0xd2,
	0x29,0x29,0x29,0x29,0x29,0x29,0x29,0x29,0x29,0x29,0x29,0x29,0x29,0x29,0x29,0x29,
	0x29,0x29,0x2b,0x2a,0x29,0x29,0x6a,0x6b,0x6a,0x6a,0x6a,0x6a,0x6a,0x6a,0x6a,0x6a,
	0x6a,0x6a,0x6a,0x6a,0x6a,0x6a,0x6a,0x6a,0x6a,0x6a,0x6a,0x6a,0x65,0x68,0x66,0x68,
	0x65,0x64,0x63,0x63,0x60,0x5f,0x5d,0x5c,0x5c,0x5a,0x59,0x58,0x57,0x56,0x55,0x54,
	0x52,0x51,0x51,0x51,0x51,0x51,0x51,0x51,0x51,0x51,0x51,0x51,0x51,0x51,0x51,0x51,
	0x51,0x51,0x52,0x50,0x50,0x50,0x91,0x90,0x91,0x91,0x91,0x91,0x91,0x91,0x91,0x91,
	0x91,0x91,0x91,0x91,0x91,0x91,0x91,0x91,0x91,0x91,0x91,0x92,0xd1,0xd2,0xd2,0xd2,
	0xd2,0xd2,0xd2,0xd2,0xd2,0xd2,0xd2,0xd2,0xd2,0xd2,0xd2,0xd2,0xd2,0xd2,0xd2,0xd2,
	0x29,0x29,0x29,0x29,0x29,0x29,0x29,0x29,0x29,0x29,0x29,0x29,0x29,0x29,0x29,0x29,
	0x29,0x29,0x2b,0x2a,0x29,0x29,0x6a,0x6b,0x6a,0x6a,0x6a,0x6a,0x6a,0x6a,0x6a,0x6a,
	0x6a,0x6a,0x6a,0x6a,0x6a,0x6a,0x6a,0x6a,0x6a,0x6a,0x6a,0x6a,0xaa,0xa7,0x6d,0x69,
	0x65,0x64,0x63,0x63,0x60,0x5f,0x5d,0x5c,0x5c,0x5a,0x59,0x58,0x57,0x56,0x55,0x54,
	0x52,0x51,0x51,0x51,0x51,0x51,0x51,0x51,0x51,0x51,0x51,0x51,0x51,0x51,0x51,0x51,
	0x51,0x51,0x52,0x50,0x50,0x50,0x91,0x90,0x91,0x91,0x91,0x91,0x91,0x91,0x91,0x91,
	0x91,0x91,0x91,0x91,0x91,0x91,0x91,0x91,0x91,0x91,0x91,0x92,0xd1,0xd2,0xd2,0xd2,
	0xd2,0xd2,0xd2,0xd2,0xd2,0xd2,0xd2,0xd2,0xd2,0xd2,0xd2,0xd2,0xd2,0xd2,0xd2,0xd2,
	0x29,0x29,0x29,0x29,0x29,0x29,0x29,0x29,0x29,0x29,0x29,0x29,0x29,0x29,0x29,0x29,
	0x29,0x29,0x2b,0x2a,0x29,0x29,0x6a,0x6b,0x6a,0x6a,0x6a,0x6a,0x6a,0x6a,0x6a,0x6a,
	0x6a,0x6a,0x6a,0x6a,0x6a,0x6a,0x6a,0x6a,0x6a,0x6a,0x6a,0x6a,0xac,0xa9,0x63,0x69,
	0x65,0x64,0x63,0x63,0x60,0x5f,0x5d,0x5c,0x5c,0x5a,0x59,0x58,0x57,0x56,0x55,0x54,
	0x52,0x51,0x51,0x51,0x51,0x51,0x51,0x51,0x51,0x51,0x51,0x51,0x51,0x51,0x51,0x51,
	0x51,0x51,0x52,0x50,0x50,0x50,0x91,0x90,0x91,0x91,0x91,0x91,0x91,0x91,0x91,0x91,
	0x91,0x91,0x91,0x91,0x91,0x91,0x91,0x91,0x91,0x91,0x91,0x92,0xd1,0xd2,0xd2,0xd2,
	0xd2,0xd2,0xd2,0xd2,0xd2,0xd2,0xd2,0xd2,0xd2,0xd2,0xd2,0xd2,0xd2,0xd2,0xd2,0xd2,
	0x29,0x29,0x29,0x29,0x29,0x29,0x29,0x29,0x29,0x29,0x29,0x29,0x29,0x29,0x29,0x29,
	0x29,0x29,0x2b,0x2a,0x29,0x29,0x6a,0x6b,0x6a,0x6a,0x6a,0x6a,0x6a,0x6a,0x6a,0x6a,
	0x6a,0x6a,0x6a,0x6a,0x6a,0x6a,0x6a,0x6a,0x6a,0x6a,0x6a,0x6b,0xaa,0xab,0xab,0xab,
	0xac,0xa6,0x64,0x63,0x5e,0x5e,0x56,0x5f,0x5b,0x5a,0x59,0x58,0x57,0x56,0x55,0x54,
	0x52,0x51,0x51,0x51,0x51,0x51,0x51,0x51,0x51,0x51,0x51,0x51,0x51,0x51,0x51,0x51,
	0x51,0x51,0x52,0x50,0x50,0x50,0x91,0x90,0x91,0x91,0x91,0x91,0x91,0x91,0x91,0x91,
	0x91,0x91,0x91,0x91,0x91,0x91,0x91,0x91,0x91,0x91,0x91,0x92,0xd1,0xd2,0xd2,0xd2,
	0xd2,0xd2,0xd2,0xd2,0xd2,0xd2,0xd2,0xd2,0xd2,0xd2,0xd2,0xd2,0xd2,0xd2,0xd2,0xd2,
	0x29,0x29,0x29,0x29,0x29,0x29,0x29,0x29,0x29,0x29,0x29,0x29,0x29,0x29,0x29,0x29,
	0x29,0x29,0x2b,0x2a,0x29,0x29,0x6a,0x6b,0x6a,0x6a,0x6a,0x6a,0x6a,0x6a,0x6a,0x6a,
	0x6a,0x6a,0x6a,0x6a,0x6a,0x6a,0x6a,0x6a,0x6a,0x6a,0x6a,0x6b,0xaa,0xab,0xab,0xab,
	0xaa,0xab,0x63,0x64,0x5e,0x60,0x5d,0x5c,0x5b,0x5a,0x59,0x58,0x57,0x56,0x55,0x54,
	0x52,0x51,0x51,0x51,0x51,0x51,0x51,0x51,0x51,0x51,0x51,0x51,0x51,0x51,0x51,0x51,
	0x51,0x51,0x52,0x50,0x50,0x50,0x91,0x90,0x91,0x91,0x91,0x91,0x91,0x91,0x91,0x91,
	0x91,0x91,0x91,0x91,0x91,0x91,0x91,0x91,0x91,0x91,0x91,0x92,0xd1,0xd2,0xd2,0xd2,
	0xd2,0xd2,0xd2,0xd2,0xd2,0xd2,0xd2,0xd2,0xd2,0xd2,0xd2,0xd2,0xd2,0xd2,0xd2,0xd2,
	0x29,0x29,0x29,0x29,0x29,0x29,0x29,0x29,0x29,0x29,0x29,0x29,0x29,0x29,0x29,0x29,
	0x29,0x29,0x2b,0x2a,0x29,0x29,0x6a,0x6b,0x6a,0x6a,0x6a,0x6a,0x6a,0x6a,0x6a,0x6a,
	0x6a,0x6a,0x6a,0x6a,0x6a,0x6a,0x6a,0x6a,0x6a,0x6a,0x6a,0x6b,0xaa,0xab,0xab,0xab,
	0xab,0xab,0xab,0xab,0xa5,0xa9,0x5f,0x5a,0x5b,0x5a,0x59,0x58,0x57,0x56,0x55,0x54,
	0x52,0x51,0x51,0x51,0x51,0x51,0x51,0x51,0x51,0x51,0x51,0x51,0x51,0x51,0x51,0x51,
	0x51,0x51,0x52,0x50,0x50,0x50,0x91,0x90,0x91,0x91,0x91,0x91,0x91,0x91,0x91,0x91,
	0x91,0x91,0x91,0x91,0x91,0x91,0x91,0x91,0x91,0x91,0x91,0x92,0xd1,0xd2,0xd2,0xd2,
	0xd2,0xd2,0xd2,0xd2,0xd2,0xd2,0xd2,0xd2,0xd2,0xd2,0xd2,0xd2,0xd2,0xd2,0xd2,0xd2,
	0x29,0x29,0x29,0x29,0x29,0x29,0x29,0x29,0x29,0x29,0x29,0x29,0x29,0x29,0x29,0x29,
	0x29,0x29,0x2b,0x2a,0x29,0x29,0x6a,0x6b,0x6a,0x6a,0x6a,0x6a,0x6a,0x6a,0x6a,0x6a,
	0x6a,0x6a,0x6a,0x6a,0x6a,0x6a,0x6a,0x6a,0x6a,0x6a,0x6a,0x6b,0xaa,0xab,0xab,0xab,
	0xa9,0xad,0xab,0xaa,0xa9,0xac,0x5f,0x59,0x5b,0x5a,0x59,0x58,0x57,0x56,0x55,0x54,
	0x52,0x51,0x51,0x51,0x51,0x51,0x51,0x51,0x51,0x51,0x51,0x51,0x51,0x51,0x51,0x51,
	0x51,0x51,0x52,0x50,0x50,0x50,0x91,0x90,0x91,0x91,0x91,0x91,0x91,0x91,0x91,0x91,
	0x91,0x91,0x91,0x91,0x91,0x91,0x91,0x91,0x91,0x91,0x91,0x92,0xd1,0xd2,0xd2,0xd2,
	0xd2,0xd2,0xd2,0xd2,0xd2,0xd2,0xd2,0xd2,0xd2,0xd2,0xd2,0xd2,0xd2,0xd2,0xd2,0xd2,
	0x29,0x29,0x29,0x29,0x29,0x29,0x29,0x29,0x29,0x29,0x29,0x29,0x29,0x29,0x29,0x29,
	0x29,0x29,0x2b,0x2a,0x29,0x29,0x6a,0x6b,0x6a,0x6a,0x6a,0x6a,0x6a,0x6a,0x6a,0x6a,
	0x6a,0x6a,0x6a,0x6a,0x6a,0x6a,0x6a,0x6a,0x6a,0x6a,0x6a,0x6b,0xaa,0xab,0xab,0xab,
	0xab,0xab,0xab,0xab,0xab,0xab,0xab,0xab,0xae,0xa9,0x5a,0x5b,0x58,0x58,0x4e,0x57,
	0x52,0x51,0x51,0x51,0x51,0x51,0x51,0x51,0x51,0x51,0x51,0x51,0x51,0x51,0x51,0x51,
	0x51,0x51,0x52,0x50,0x50,0x50,0x91,0x90,0x91,0x91,0x91,0x91,0x91,0x91,0x91,0x91,
	0x91,0x91,0x91,0x91,0x91,0x91,0x91,0x91,0x91,0x91,0x91,0x92,0xd1,0xd2,0xd2,0xd2,
	0xd2,0xd2,0xd2,0xd2,0xd2,0xd2,0xd2,0xd2,0xd2,0xd2,0xd2,0xd2,0xd2,0xd2,0xd2,0xd2,
	0x29,0x29,0x29,0x29,0x29,0x29,0x29,0x29,0x29,0x29,0x29,0x29,0x29,0x29,0x29,0x29,
	0x29,0x29,0x2b,0x2a,0x29,0x29,0x6a,0x6b,0x6a,0x6a,0x6a,0x6a,0x6a,0x6a,0x6a,0x6a,
	0x6a,0x6a,0x6a,0x6a,0x6a,0x6a,0x6a,0x6a,0x6a,0x6a,0x6a,0x6b,0xaa,0xab,0xab,0xab,
	0xab,0xab,0xab,0xab,0xab,0xab,0xab,0xab,0xa9,0xaf,0x5a,0x58,0x5a,0x5a,0x55,0x55,
	0x52,0x51,0x51,0x51,0x51,0x51,0x51,0x51,0x51,0x51,0x51,0x51,0x51,0x51,0x51,0x51,
	0x51,0x51,0x52,0x50,0x50,0x50,0x91,0x90,0x91,0x91,0x91,0x91,0x91,0x91,0x91,0x91,
	0x91,0x91,0x91,0x91,0x91,0x91,0x91,0x91,0x91,0x91,0x91,0x92,0xd1,0xd2,0xd2,0xd2,
	0xd2,0xd2,0xd2,0xd2,0xd2,0xd2,0xd2,0xd2,0xd2,0xd2,0xd2,0xd2,0xd2,0xd2,0xd2,0xd2,
	0x29,0x29,0x29,0x29,0x29,0x29,0x29,0x29,0x29,0x29,0x29,0x29,0x29,0x29,0x29,0x29,
	0x48,0x51,0x65,0x74,0x2b,0x55,0x89,0x86,0x74,0x84,0x73,0x80,0x83,0x99,0x75,0x94,
	0x6a,0x6a,0x6a,0x6a,0x6a,0x6a,0x6a,0x6a,0x6a,0x6a,0x6a,0x6b,0xaa,0xab,0xab,0xab,
	0xab,0xab,0xab,0xab,0xab,0xab,0xab,0xab,0xa8,0xa8,0xab,0xae,0xa9,0xa7,0x58,0x53,
	0x52,0x51,0x51,0x51,0x51,0x51,0x51,0x51,0x51,0x51,0x51,0x51,0x51,0x51,0x51,0x51,
	0x51,0x51,0x52,0x50,0x50,0x50,0x91,0x90,0x91,0x91,0x91,0x91,0x91,0x91,0x91,0x91,
	0x91,0x91,0x91,0x91,0x91,0x91,0x91,0x91,0x91,0x91,0x91,0x92,0xd1,0xd2,0xd2,0xd2,
	0xd2,0xd2,0xd2,0xd2,0xd2,0xd2,0xd2,0xd2,0xd2,0xd2,0xd2,0xd2,0xd2,0xd2,0xd2,0xd2,
	0x29,0x29,0x29,0x29,0x29,0x29,0x29,0x29,0x29,0x29,0x29,0x29,0x29,0x29,0x29,0x29,
	0x7d,0x4b,0x76,0x63,0x45,0x49,0x75,0x75,0x71,0x89,0x7d,0x7c,0x77,0x8e,0x90,0x77,
	0x6a,0x6a,0x6a,0x6a,0x6a,0x6a,0x6a,0x6a,0x6a,0x6a,0x6a,0x6b,0xaa,0xab,0xab,0xab,
	0xab,0xab,0xab,0xab,0xab,0xab,0xab,0xab,0xa9,0xa8,0xac,0xa7,0xae,0xaa,0x58,0x53,
	0x52,0x51,0x51,0x51,0x51,0x51,0x51,0x51,0x51,0x51,0x51,0x51,0x51,0x51,0x51,0x51,
	0x51,0x51,0x52,0x50,0x50,0x50,0x91,0x90,0x91,0x91,0x91,0x91,0x91,0x91,0x91,0x91,
	0x91,0x91,0x91,0x91,0x91,0x91,0x91,0x91,0x91,0x91,0x91,0x92,0xd1,0xd2,0xd2,0xd2,
	0xd2,0xd2,0xd2,0xd2,0xd2,0xd2,0xd2,0xd2,0xd2,0xd2,0xd2,0xd2,0xd2,0xd2,0xd2,0xd2,
	0x29,0x29,0x29,0x29,0x29,0x29,0x29,0x29,0x29,0x29,0x29,0x29,0x29,0x29,0x29,0x29,
	0x50,0x99,0x5e,0x60,0x58,0x94,0x9b,0x85,0x97,0x9c,0x67,0x83,0x8a,0x7b,0x7d,0x75,
	0x6a,0x6a,0x6a,0x6a,0x6a,0x6a,0x6a,0x6a,0x6a,0x6a,0x6a,0x6b,0xaa,0xab,0xab,0xab,
	0xaa,0xaa,0xaa,0xaa,0xaa,0xaa,0xaa,0xaa,0xaa,0xaa,0xaa,0xaa,0xaa,0xaa,0xaa,0xaa,
	0x52,0x51,0x51,0x51,0x51,0x51,0x51,0x51,0x51,0x51,0x51,0x51,0x51,0x51,0x51,0x51,
	0x51,0x51,0x52,0x50,0x50,0x50,0x91,0x90,0x91,0x91,0x91,0x91,0x91,0x91,0x91,0x91,
	0x91,0x91,0x91,0x91,0x91,0x91,0x91,0x91,0x91,0x91,0x91,0x92,0xd1,0xd2,0xd2,0xd2,
	0xd2,0xd2,0xd2,0xd2,0xd2,0xd2,0xd2,0xd2,0xd2,0xd2,0xd2,0xd2,0xd2,0xd2,0xd2,0xd2,
	0x29,0x29,0x29,0x29,0x29,0x29,0x29,0x29,0x29,0x29,0x29,0x29,0x29,0x29,0x29,0x29,
	0x71,0x8d,0x48,0x3a,0x9a,0x48,0x91,0x70,0x7d,0x6b,0x84,0x75,0x94,0x83,0x6c,0x84,
	0x6a,0x6a,0x6a,0x6a,0x6a,0x6a,0x6a,0x6a,0x6a,0x6a,0x6a,0x6b,0xaa,0xab,0xab,0xab,
	0xaa,0xaa,0xaa,0xaa,0xaa,0xaa,0xaa,0xaa,0xaa,0xaa,0xaa,0xaa,0xaa,0xaa,0xaa,0xaa,
	0x52,0x51,0x51,0x51,0x51,0x51,0x51,0x51,0x51,0x51,0x51,0x51,0x51,0x51,0x51,0x51,
	0x51,0x51,0x52,0x50,0x50,0x50,0x91,0x90,0x91,0x91,0x91,0x91,0x91,0x91,0x91,0x91,
	0x91,0x91,0x91,0x91,0x91,0x91,0x91,0x91,0x91,0x91,0x91,0x92,0xd1,0xd2,0xd2,0xd2,
	0xd2,0xd2,0xd2,0xd2,0xd2,0xd2,0xd2,0xd2,0xd2,0xd2,0xd2,0xd2,0xd2,0xd2,0xd2,0xd2,
	0x29,0x29,0x29,0x29,0x29,0x29,0x29,0x29,0x29,0x29,0x29,0x29,0x29,0x29,0x29,0x29,
	0x7e,0x8c,0x2a,0x2c,0x97,0x81,0x82,0x7a,0x93,0x9d,0x93,0x84,0x7e,0x76,0x93,0x94,
	0x6a,0x6a,0x6a,0x6a,0x6a,0x6a,0x6a,0x6a,0x6a,0x6a,0x6a,0x6b,0xaa,0xab,0xab,0xab,
	0xaa,0xaa,0xaa,0xaa,0xaa,0xaa,0xaa,0xaa,0xaa,0xaa,0xaa,0xaa,0xaa,0xaa,0xaa,0xaa,
	0x52,0x51,0x51,0x51,0x51,0x51,0x51,0x51,0x51,0x51,0x51,0x51,0x51,0x51,0x51,0x51,
	0x51,0x51,0x52,0x50,0x50,0x50,0x91,0x90,0x91,0x91,0x91,0x91,0x91,0x91,0x91,0x91,
	0x91,0x91,0x91,0x91,0x91,0x91,0x91,0x91,0x91,0x91,0x91,0x92,0xd1,0xd2,0xd2,0xd2,
	0xd2,0xd2,0xd2,0xd2,0xd2,0xd2,0xd2,0xd2,0xd2,0xd2,0xd2,0xd2,0xd2,0xd2,0xd2,0xd2,
	0x29,0x29,0x29,0x29,0x29,0x29,0x29,0x29,0x29,0x29,0x29,0x29,0x29,0x29,0x29,0x29,
	0x6c,0x68,0x6c,0x31,0x55,0x69,0x9a,0x79,0x97,0x7a,0x8f,0xa0,0x82,0x79,0x7d,0x6e,
	0x6a,0x6a,0x6a,0x6a,0x6a,0x6a,0x6a,0x6a,0x6a,0x6a,0x6a,0x6b,0xaa,0xab,0xab,0xab,
	0xaa,0xaa,0xaa,0xaa,0xaa,0xaa,0xaa,0xaa,0xaa,0xaa,0xaa,0xaa,0xaa,0xaa,0xaa,0xaa,
	0x52,0x51,0x51,0x51,0x51,0x51,0x51,0x51,0x51,0x51,0x51,0x51,0x51,0x51,0x51,0x51,
	0x51,0x51,0x52,0x50,0x50,0x50,0x91,0x90,0x91,0x91,0x91,0x91,0x91,0x91,0x91,0x91,
	0x91,0x91,0x91,0x91,0x91,0x91,0x91,0x91,0x91,0x91,0x91,0x92,0xd1,0xd2,0xd2,0xd2,
	0xd2,0xd2,0xd2,0xd2,0xd2,0xd2,0xd2,0xd2,0xd2,0xd2,0xd2,0xd2,0xd2,0xd2,0xd2,0xd2,
	0x29,0x29,0x29,0x29,0x29,0x29,0x29,0x29,0x29,0x29,0x29,0x29,0x29,0x29,0x29,0x29,
	0x75,0x7a,0x62,0x6a,0x88,0x55,0x6b,0x80,0x7e,0x71,0x7c,0x71,0x6d,0x8f,0x7c,0x8d,
	0x6a,0x6a,0x6a,0x6a,0x6a,0x6a,0x6a,0x6a,0x6a,0x6a,0x6a,0x6b,0xaa,0xab,0xab,0xab,
	0xaa,0xaa,0xaa,0xaa,0xaa,0xaa,0xaa,0xaa,0xaa,0xaa,0xaa,0xaa,0xaa,0xaa,0xaa,0xaa,
	0x52,0x51,0x51,0x51,0x51,0x51,0x51,0x51,0x51,0x51,0x51,0x51,0x51,0x51,0x51,0x51,
	0x51,0x51,0x52,0x50,0x50,0x50,0x91,0x90,0x91,0x91,0x91,0x91,0x90,0x90,0x90,0x90,
	0x90,0x90,0x90,0x90,0x91,0x91,0x91,0x91,0x91,0x91,0x91,0x92,0xd1,0xd2,0xd2,0xd2,
	0xd2,0xd2,0xd2,0xd2,0xd2,0xd2,0xd2,0xd2,0xd2,0xd2,0xd2,0xd2,0xd2,0xd2,0xd2,0xd2,
	0x29,0x29,0x29,0x29,0x29,0x29,0x29,0x29,0x29,0x29,0x29,0x29,0x29,0x29,0x29,0x29,
	0x60,0x8d,0x6a,0x4b,0x9c,0x86,0x87,0x7f,0x8d,0x72,0x95,0x9a,0x71,0x77,0x8a,0x70,
	0x6a,0x6a,0x6a,0x6a,0x6a,0x6a,0x6a,0x6a,0x6a,0x6a,0x6a,0x6b,0xaa,0xab,0xab,0xab,
	0xaa,0xaa,0xaa,0xaa,0xaa,0xaa,0xaa,0xaa,0xaa,0xaa,0xaa,0xaa,0xaa,0xaa,0xaa,0xaa,
	0x52,0x51,0x51,0x51,0x51,0x51,0x51,0x51,0x51,0x51,0x51,0x51,0x51,0x51,0x51,0x51,
	0x51,0x51,0x52,0x50,0x50,0x50,0x91,0x90,0x89,0x88,0x8a,0x8a,0x81,0x80,0x81,0x81,
	0x81,0x80,0x81,0x81,0x8a,0x89,0x89,0x8a,0x91,0x91,0x91,0x92,0xd1,0xd2,0xd2,0xd2,
	0xd2,0xd2,0xd2,0xd2,0xd2,0xd2,0xd2,0xd2,0xd2,0xd2,0xd2,0xd2,0xd2,0xd2,0xd2,0xd2,
	0x29,0x29,0x29,0x29,0x29,0x29,0x29,0x29,0x29,0x29,0x29,0x29,0x29,0x29,0x29,0x29,
	0x61,0x5e,0x56,0x5c,0x38,0x79,0x9f,0x89,0x7d,0x90,0x7f,0x84,0x91,0x7f,0x92,0x7c,
	0x6a,0x6a,0x6a,0x6a,0x6a,0x6a,0x6a,0x6a,0x6a,0x6a,0x6a,0x6b,0xaa,0xab,0xab,0xab,
	0xaa,0xaa,0xaa,0xaa,0xaa,0xaa,0xaa,0xaa,0xaa,0xaa,0xaa,0xaa,0xaa,0xaa,0xaa,0xaa,
	0x52,0x51,0x51,0x51,0x51,0x51,0x51,0x51,0x51,0x51,0x51,0x51,0x51,0x51,0x51,0x51,
	0x51,0x51,0x52,0x50,0x50,0x50,0x91,0x90,0x88,0x87,0x89,0x89,0x7f,0x7e,0x7f,0x7f,
	0x7f,0x7e,0x7f,0x7f,0x88,0x88,0x88,0x88,0x91,0x91,0x91,0x92,0xd1,0xd2,0xd2,0xd2,
	0xd2,0xd2,0xd2,0xd2,0xd2,0xd2,0xd2,0xd2,0xd2,0xd2,0xd2,0xd2,0xd2,0xd2,0xd2,0xd2,
	0x29,0x29,0x29,0x29,0x29,0x29,0x29,0x29,0x29,0x29,0x29,0x29,0x29,0x29,0x29,0x29,
	0x68,0x43,0x2d,0x71,0x86,0x3b,0x6a,0x91,0x79,0x7e,0x78,0x86,0x8d,0x80,0x74,0x76,
	0x6a,0x6a,0x6a,0x6a,0x6a,0x6a,0x6a,0x6a,0x6a,0x6a,0x6a,0x6b,0xaa,0xab,0xab,0xab,
	0xaa,0xaa,0xaa,0xaa,0xaa,0xaa,0xaa,0xaa,0xaa,0xaa,0xaa,0xaa,0xaa,0xaa,0xaa,0xaa,
	0x52,0x51,0x51,0x51,0x51,0x51,0x51,0x51,0x51,0x51,0x51,0x51,0x51,0x51,0x51,0x51,
	0x51,0x51,0x52,0x50,0x50,0x50,0x91,0x90,0x88,0x87,0x89,0x89,0x7f,0x7e,0x7f,0x7f,
	0x7f,0x7e,0x7f,0x7f,0x88,0x88,0x87,0x88,0x91,0x91,0x91,0x92,0xd1,0xd2,0xd2,0xd2,
	0xd2,0xd2,0xd2,0xd2,0xd2,0xd2,0xd2,0xd2,0xd2,0xd2,0xd2,0xd2,0xd2,0xd2,0xd2,0xd2,
	0x29,0x29,0x29,0x29,0x29,0x29,0x29,0x29,0x29,0x29,0x29,0x29,0x29,0x29,0x29,0x29,
	0x79,0x75,0x65,0x63,0x5b,0x2a,0x8d,0x73,0x92,0x80,0x84,0x86,0x87,0x73,0x89,0x7a,
	0x6a,0x6a,0x6a,0x6a,0x6a,0x6a,0x6a,0x6a,0x6a,0x6a,0x6a,0x6b,0xaa,0xab,0xab,0xab,
	0xaa,0xaa,0xaa,0xaa,0xaa,0xaa,0xaa,0xaa,0xaa,0xaa,0xaa,0xaa,0xaa,0xaa,0xaa,0xaa,
	0x52,0x51,0x51,0x51,0x51,0x51,0x51,0x51,0x51,0x51,0x51,0x51,0x51,0x51,0x51,0x51,
	0x51,0x51,0x52,0x50,0x50,0x50,0x91,0x90,0x88,0x87,0x89,0x89,0x7f,0x7e,0x7f,0x7f,
	0x7f,0x7e,0x7f,0x7e,0x88,0x87,0x87,0x87,0x91,0x91,0x91,0x92,0xd1,0xd2,0xd2,0xd2,
	0xd2,0xd2,0xd2,0xd2,0xd2,0xd2,0xd2,0xd2,0xd2,0xd2,0xd2,0xd2,0xd2,0xd2,0xd2,0xd2,
	0x29,0x29,0x29,0x29,0x29,0x29,0x29,0x29,0x29,0x29,0x29,0x29,0x29,0x29,0x2a,0x2b,
	0x4f,0x68,0x7b,0x7a,0x99,0x8a,0x79,0x9c,0x77,0x86,0x6f,0x73,0x77,0x9a,0x78,0x81,
	0x6a,0x6a,0x6a,0x6a,0x6a,0x6a,0x6a,0x6a,0x6a,0x6a,0x6a,0x6b,0xaa,0xab,0xab,0xab,
	0xaa,0xaa,0xaa,0xaa,0xaa,0xaa,0xaa,0xaa,0xaa,0xaa,0xaa,0xaa,0xaa,0xaa,0xaa,0xaa,
	0x52,0x51,0x51,0x51,0x51,0x51,0x51,0x51,0x51,0x51,0x51,0x51,0x51,0x51,0x51,0x51,
	0x51,0x51,0x52,0x50,0x50,0x50,0x91,0x90,0x88,0x87,0x89,0x89,0x7f,0x7e,0x7f,0x7f,
	0x7f,0x7e,0x7f,0x7e,0x88,0x87,0x87,0x87,0x91,0x91,0x91,0x92,0xd1,0xd2,0xd2,0xd2,
	0xd2,0xd2,0xd2,0xd2,0xd2,0xd2,0xd2,0xd2,0xd2,0xd2,0xd2,0xd2,0xd2,0xd2,0xd2,0xd2,
	0x29,0x29,0x29,0x29,0x29,0x29,0x29,0x29,0x29,0x29,0x29,0x29,0x29,0x29,0x29,0x29,
	0x87,0x5d,0x84,0x56,0x70,0x36,0x89,0x7b,0x85,0x77,0x71,0x74,0x8f,0x7e,0x81,0x76,
	0x6a,0x6a,0x6a,0x6a,0x6a,0x6a,0x6a,0x6a,0x6a,0x6a,0x6a,0x6b,0xaa,0xab,0xab,0xab,
	0xaa,0xaa,0xaa,0xaa,0xaa,0xaa,0xaa,0xaa,0xaa,0xaa,0xaa,0xaa,0xaa,0xaa,0xaa,0xaa,
	0x52,0x51,0x51,0x51,0x51,0x51,0x51,0x51,0x51,0x51,0x51,0x51,0x51,0x51,0x51,0x51,
	0x51,0x51,0x52,0x50,0x50,0x50,0x91,0x90,0x88,0x87,0x89,0x89,0x7f,0x7e,0x7f,0x7f,
	0x7f,0x7e,0x7f,0x7e,0x88,0x87,0x87,0x87,0x91,0x91,0x91,0x92,0xd1,0xd2,0xd2,0xd2,
	0xd2,0xd2,0xd2,0xd2,0xd2,0xd2,0xd2,0xd2,0xd2,0xd2,0xd2,0xd2,0xd2,0xd2,0xd2,0xd2,
	0x29,0x29,0x29,0x29,0x29,0x29,0x29,0x29,0x29,0x29,0x29,0x29,0x29,0x29,0x29,0x29,
	0x4d,0x67,0x84,0x37,0x4d,0x83,0x89,0x81,0x89,0x90,0x78,0x8a,0x76,0x91,0x79,0x94,
	0x6a,0x6a,0x6a,0x6a,0x6a,0x6a,0x6a,0x6a,0x6a,0x6a,0x6a,0x6b,0xaa,0xab,0xab,0xab,
	0xaa,0xaa,0xaa,0xaa,0xaa,0xaa,0xaa,0xaa,0xaa,0xaa,0xaa,0xaa,0xaa,0xaa,0xaa,0xaa,
	0x52,0x51,0x51,0x51,0x51,0x51,0x51,0x51,0x51,0x51,0x51,0x51,0x51,0x51,0x51,0x51,
	0x51,0x51,0x52,0x50,0x50,0x50,0x91,0x90,0x88,0x87,0x89,0x89,0x7f,0x7e,0x7f,0x7f,
	0x7f,0x7e,0x7f,0x7e,0x88,0x87,0x87,0x87,0x91,0x91,0x91,0x92,0xd1,0xd2,0xd2,0xd2,
	0xd2,0xd2,0xd2,0xd2,0xd2,0xd2,0xd2,0xd2,0xd2,0xd2,0xd2,0xd2,0xd2,0xd2,0xd2,0xd2,
	0x29,0x29,0x29,0x29,0x29,0x29,0x29,0x29,0x29,0x29,0x29,0x29,0x29,0x29,0x29,0x29,
	0x5a,0x48,0x49,0x3b,0x46,0x5e,0x9e,0x92,0x6f,0x8e,0x96,0x86,0x84,0x8e,0x7e,0x8d,
	0x6a,0x6a,0x6a,0x6a,0x6a,0x6a,0x6a,0x6a,0x6a,0x6a,0x6a,0x6b,0xaa,0xab,0xab,0xab,
	0xaa,0xaa,0xaa,0xaa,0xaa,0xaa,0xaa,0xaa,0xaa,0xaa,0xaa,0xaa,0xaa,0xaa,0xaa,0xaa,
	0x52,0x51,0x51,0x51,0x51,0x51,0x51,0x51,0x51,0x51,0x51,0x51,0x51,0x51,0x51,0x51,
	0x51,0x51,0x52,0x50,0x50,0x50,0x91,0x90,0x88,0x87,0x89,0x88,0x7f,0x7e,0x7f,0x7e,
	0x7f,0x7e,0x7f,0x7e,0x88,0x87,0x87,0x87,0x91,0x91,0x91,0x92,0xd1,0xd2,0xd2,0xd2,
	0xd2,0xd2,0xd2,0xd2,0xd2,0xd2,0xd2,0xd2,0xd2,0xd2,0xd2,0xd2,0xd2,0xd2,0xd2,0xd2,
	0x29,0x29,0x29,0x29,0x29,0x29,0x29,0x29,0x29,0x29,0x29,0x29,0x29,0x29,0x29,0x29,
	0x43,0x59,0x6c,0x72,0x53,0x80,0x86,0x8e,0x95,0x87,0xa5,0x94,0x98,0x80,0x8d,0x7a,
	0x6a,0x6a,0x6a,0x6a,0x6a,0x6a,0x6a,0x6a,0x6a,0x6a,0x6a,0x6b,0xaa,0xab,0xab,0xab,
	0xaa,0xaa,0xaa,0xaa,0xaa,0xaa,0xaa,0xaa,0xaa,0xaa,0xaa,0xaa,0xaa,0xaa,0xaa,0xaa,
	0x52,0x51,0x51,0x51,0x51,0x51,0x51,0x51,0x51,0x51,0x51,0x51,0x51,0x51,0x51,0x51,
	0x51,0x51,0x52,0x50,0x50,0x50,0x91,0x90,0x88,0x87,0x89,0x88,0x7f,0x7d,0x7e,0x7e,
	0x7e,0x7d,0x7e,0x7e,0x88,0x87,0x87,0x87,0x91,0x91,0x91,0x92,0xd1,0xd2,0xd2,0xd2,
	0xd2,0xd2,0xd2,0xd2,0xd2,0xd2,0xd2,0xd2,0xd2,0xd2,0xd2,0xd2,0xd2,0xd2,0xd2,0xd2,
	0x29,0x29,0x29,0x29,0x29,0x29,0x29,0x29,0x29,0x29,0x29,0x29,0x29,0x29,0x29,0x28,
	0x28,0x28,0x27,0x29,0x29,0x2b,0x68,0x6a,0x6a,0x6a,0x6a,0x6a,0x6a,0x6a,0x6a,0x6a,
	0x73,0x80,0x76,0x86,0x7f,0x7d,0x8b,0x74,0x8d,0x66,0x9c,0x79,0xaa,0xa3,0xa9,0xa4,
	0xaa,0xaa,0xaa,0xaa,0xaa,0xaa,0xaa,0xaa,0xaa,0xaa,0xaa,0xaa,0xaa,0xaa,0xaa,0xaa,
	0x52,0x51,0x51,0x51,0x51,0x51,0x51,0x51,0x51,0x51,0x51,0x51,0x51,0x51,0x51,0x51,
	0x51,0x51,0x52,0x50,0x50,0x50,0x91,0x90,0x89,0x87,0x89,0x88,0x7f,0x7d,0x7e,0x7e,
	0x7e,0x7d,0x7e,0x7e,0x88,0x87,0x87,0x87,0x91,0x91,0x91,0x92,0xd1,0xd2,0xd2,0xd2,
	0xd2,0xd2,0xd2,0xd2,0xd2,0xd2,0xd2,0xd2,0xd2,0xd2,0xd2,0xd2,0xd2,0xd2,0xd2,0xd2,
	0x29,0x29,0x29,0x29,0x29,0x29,0x29,0x29,0x29,0x29,0x29,0x29,0x29,0x29,0x29,0x28,
	0x28,0x28,0x27,0x29,0x29,0x2b,0x68,0x6a,0x6a,0x6a,0x6a,0x6a,0x6a,0x6a,0x6a,0x6a,
	0x8b,0x7f,0x80,0xa2,0x92,0x6e,0x86,0x8a,0x8f,0x87,0x83,0x83,0xa1,0xa9,0xa3,0xa5,
	0xaa,0xaa,0xaa,0xaa,0xaa,0xaa,0xaa,0xaa,0xaa,0xaa,0xaa,0xaa,0xaa,0xaa,0xaa,0xaa,
	0x52,0x51,0x51,0x51,0x51,0x51,0x51,0x51,0x51,0x51,0x51,0x51,0x51,0x51,0x51,0x51,
	0x51,0x51,0x52,0x50,0x50,0x50,0x91,0x90,0x89,0x87,0x89,0x88,0x7f,0x7d,0x7e,0x7e,
	0x7e,0x7d,0x7e,0x7d,0x88,0x87,0x87,0x87,0x91,0x91,0x91,0x92,0xd1,0xd2,0xd2,0xd2,
	0xd2,0xd2,0xd2,0xd2,0xd2,0xd2,0xd2,0xd2,0xd2,0xd2,0xd2,0xd2,0xd2,0xd2,0xd2,0xd2,
	0x29,0x29,0x29,0x29,0x29,0x29,0x29,0x29,0x29,0x29,0x29,0x29,0x29,0x29,0x29,0x28,
	0x28,0x28,0x27,0x29,0x29,0x2b,0x68,0x6a,0x6a,0x6a,0x6a,0x6a,0x6a,0x6a,0x6a,0x6a,
	0x88,0x83,0x85,0x78,0x94,0x91,0x94,0x8a,0x7d,0x91,0x71,0x72,0xab,0xa2,0xaa,0xa0,
	0xaa,0xaa,0xaa,0xaa,0xaa,0xaa,0xaa,0xaa,0xaa,0xaa,0xaa,0xaa,0xaa,0xaa,0xaa,0xaa,
	0x52,0x51,0x51,0x51,0x51,0x51,0x51,0x51,0x51,0x51,0x51,0x51,0x51,0x51,0x51,0x51,
	0x51,0x51,0x52,0x50,0x50,0x50,0x91,0x90,0x89,0x87,0x89,0x88,0x7f,0x7d,0x7e,0x7e,
	0x7e,0x7d,0x7e,0x7d,0x88,0x87,0x87,0x87,0x91,0x91,0x91,0x92,0xd1,0xd2,0xd2,0xd2,
	0xd2,0xd2,0xd2,0xd2,0xd2,0xd2,0xd2,0xd2,0xd2,0xd2,0xd2,0xd2,0xd2,0xd2,0xd2,0xd2,
	0x29,0x29,0x29,0x29,0x29,0x29,0x29,0x29,0x29,0x29,0x29,0x29,0x29,0x29,0x29,0x28,
	0x28,0x28,0x27,0x29,0x29,0x2b,0x68,0x6a,0x6a,0x6a,0x6a,0x6a,0x6a,0x6a,0x6a,0x6a,
	0x8f,0x82,0x90,0x75,0x93,0x94,0x8f,0x80,0x94,0x88,0x85,0x7a,0xa8,0xa0,0xaa,0xa1,
	0xaa,0xaa,0xaa,0xaa,0xaa,0xaa,0xaa,0xaa,0xaa,0xaa,0xaa,0xaa,0xaa,0xaa,0xaa,0xaa,
	0x52,0x51,0x51,0x51,0x51,0x51,0x51,0x51,0x51,0x51,0x51,0x51,0x51,0x51,0x51,0x51,
	0x51,0x51,0x52,0x50,0x50,0x50,0x91,0x90,0x89,0x87,0x89,0x88,0x7f,0x7d,0x7e,0x7e,
	0x7e,0x7d,0x7e,0x7d,0x88,0x87,0x87,0x87,0x91,0x91,0x91,0x92,0xd1,0xd2,0xd2,0xd2,
	0xd2,0xd2,0xd2,0xd2,0xd2,0xd2,0xd2,0xd2,0xd2,0xd2,0xd2,0xd2,0xd2,0xd2,0xd2,0xd2,
	0x29,0x29,0x29,0x29,0x29,0x29,0x29,0x29,0x29,0x29,0x29,0x29,0x29,0x29,0x29,0x28,
	0x28,0x28,0x27,0x29,0x29,0x2b,0x68,0x6a,0x6a,0x6a,0x6a,0x6a,0x6a,0x6a,0x6a,0x6a,
	0x7c,0x88,0x8a,0x6f,0x90,0x95,0x8b,0x6e,0x9d,0x7a,0x80,0x7c,0xa7,0xaf,0xa0,0x9f,
	0xa8,0xa9,0xaa,0xaa,0xaa,0xaa,0xaa,0xaa,0xaa,0xaa,0xaa,0xaa,0xaa,0xaa,0xaa,0xaa,
	0x52,0x51,0x51,0x51,0x51,0x51,0x51,0x51,0x51,0x51,0x51,0x51,0x51,0x51,0x51,0x51,
	0x51,0x51,0x52,0x50,0x50,0x50,0x91,0x90,0x89,0x87,0x89,0x88,0x7f,0x7d,0x7e,0x7e,
	0x7e,0x7d,0x7e,0x7d,0x88,0x87,0x87,0x87,0x91,0x91,0x91,0x92,0xd1,0xd2,0xd2,0xd2,
	0xd2,0xd2,0xd2,0xd2,0xd2,0xd2,0xd2,0xd2,0xd2,0xd2,0xd2,0xd2,0xd2,0xd2,0xd2,0xd2,
	0x29,0x29,0x29,0x29,0x29,0x29,0x29,0x29,0x29,0x29,0x29,0x29,0x29,0x29,0x29,0x28,
	0x28,0x28,0x27,0x29,0x29,0x2b,0x68,0x6a,0x6a,0x6a,0x6a,0x6a,0x6a,0x6a,0x6a,0x6a,
	0x9a,0x8e,0x8b,0x81,0x8c,0x7c,0x75,0x88,0x80,0x87,0x7a,0x8e,0x9f,0xa8,0x9f,0xa5,
	0xa8,0xa9,0xaa,0xaa,0xaa,0xaa,0xaa,0xaa,0xaa,0xaa,0xaa,0xaa,0xaa,0xaa,0xaa,0xaa,
	0x52,0x51,0x51,0x51,0x51,0x51,0x51,0x51,0x51,0x51,0x51,0x51,0x51,0x51,0x51,0x51,
	0x51,0x51,0x52,0x50,0x50,0x50,0x91,0x90,0x89,0x87,0x89,0x88,0x7f,0x7d,0x7e,0x7e,
	0x7e,0x7d,0x7e,0x7d,0x88,0x87,0x87,0x87,0x91,0x91,0x91,0x92,0xd1,0xd2,0xd2,0xd2,
	0xd2,0xd2,0xd2,0xd2,0xd2,0xd2,0xd2,0xd2,0xd2,0xd2,0xd2,0xd2,0xd2,0xd2,0xd2,0xd2,
	0x29,0x29,0x29,0x29,0x29,0x29,0x29,0x29,0x29,0x29,0x29,0x29,0x29,0x29,0x29,0x28,
	0x28,0x28,0x28,0x29,0x29,0x2b,0x68,0x6a,0x6a,0x6a,0x6a,0x6a,0x6a,0x6a,0x6a,0x6a,
	0x88,0x68,0x86,0x8a,0x89,0x98,0x95,0x8f,0x96,0x7e,0x6e,0x8f,0x9f,0xa6,0xa5,0xa6,
	0xa9,0xa9,0xaa,0xaa,0xaa,0xaa,0xaa,0xaa,0xaa,0xaa,0xaa,0xaa,0xaa,0xaa,0xaa,0xaa,
	0x52,0x51,0x51,0x51,0x51,0x51,0x51,0x51,0x51,0x51,0x51,0x51,0x51,0x51,0x51,0x51,
	0x51,0x51,0x52,0x50,0x50,0x50,0x91,0x90,0x89,0x88,0x89,0x88,0x80,0x7e,0x7f,0x7f,
	0x7f,0x7e,0x7f,0x7e,0x88,0x88,0x88,0x88,0x91,0x91,0x91,0x92,0xd1,0xd2,0xd2,0xd2,
	0xd2,0xd2,0xd2,0xd2,0xd2,0xd2,0xd2,0xd2,0xd2,0xd2,0xd2,0xd2,0xd2,0xd2,0xd2,0xd2,
	0x29,0x29,0x29,0x29,0x29,0x29,0x29,0x29,0x29,0x29,0x29,0x29,0x29,0x29,0x29,0x28,
	0x28,0x28,0x28,0x29,0x29,0x2b,0x68,0x6a,0x6a,0x6a,0x6a,0x6a,0x6a,0x6a,0x6a,0x6a,
	0x75,0x9c,0x9a,0x8b,0x79,0x7e,0x80,0x74,0x80,0x84,0x6e,0x89,0x9a,0xa8,0xa4,0xa6,
	0xa8,0xa9,0xaa,0xaa,0xaa,0xaa,0xaa,0xaa,0xaa,0xaa,0xaa,0xaa,0xaa,0xaa,0xaa,0xaa,
	0x52,0x51,0x51,0x51,0x51,0x51,0x51,0x51,0x51,0x51,0x51,0x51,0x51,0x51,0x51,0x51,
	0x51,0x51,0x52,0x50,0x50,0x50,0x91,0x90,0x91,0x91,0x91,0x91,0x90,0x90,0x90,0x90,
	0x90,0x90,0x90,0x90,0x91,0x91,0x91,0x91,0x91,0x91,0x91,0x92,0xd1,0xd2,0xd2,0xd2,
	0xd2,0xd2,0xd2,0xd2,0xd2,0xd2,0xd2,0xd2,0xd2,0xd2,0xd2,0xd2,0xd2,0xd2,0xd2,0xd2,
	0x29,0x29,0x29,0x29,0x29,0x29,0x29,0x29,0x29,0x29,0x29,0x29,0x29,0x29,0x29,0x29,
	0x29,0x29,0x28,0x29,0x29,0x2b,0x68,0x6a,0x6a,0x6a,0x6a,0x6a,0x6a,0x6a,0x6a,0x6a,
	0x7f,0x91,0x78,0xa0,0x90,0x84,0x7f,0x8e,0x8e,0x72,0x94,0x8d,0xab,0x98,0xa2,0xa2,
	0xa8,0xa9,0xaa,0xaa,0xaa,0xaa,0xaa,0xaa,0xaa,0xaa,0xaa,0xaa,0xaa,0xaa,0xaa,0xaa,
	0x52,0x51,0x51,0x51,0x51,0x51,0x51,0x51,0x51,0x51,0x51,0x51,0x51,0x51,0x51,0x51,
	0x51,0x51,0x52,0x50,0x50,0x50,0x91,0x90,0x91,0x91,0x92,0x91,0x91,0x91,0x91,0x91,
	0x91,0x91,0x91,0x91,0x91,0x91,0x91,0x91,0x91,0x91,0x91,0x92,0xd1,0xd2,0xd2,0xd2,
	0xd2,0xd2,0xd2,0xd2,0xd2,0xd2,0xd2,0xd2,0xd2,0xd2,0xd2,0xd2,0xd2,0xd2,0xd2,0xd2,
	0x29,0x29,0x29,0x29,0x29,0x29,0x29,0x29,0x29,0x29,0x29,0x29,0x29,0x29,0x29,0x29,
	0x29,0x29,0x29,0x29,0x29,0x2b,0x68,0x6a,0x6a,0x6a,0x6a,0x6a,0x6a,0x6a,0x6a,0x6a,
	0x6e,0x8e,0x72,0x86,0x8e,0x6d,0x75,0x6b,0x77,0x8e,0x80,0x8c,0xa6,0x9c,0xa5,0xa0,
	0xa9,0xa9,0xaa,0xaa,0xaa,0xaa,0xaa,0xaa,0xaa,0xaa,0xaa,0xaa,0xaa,0xaa,0xaa,0xaa,
	0x52,0x51,0x51,0x51,0x51,0x51,0x51,0x51,0x51,0x51,0x51,0x51,0x51,0x51,0x51,0x51,
	0x51,0x51,0x52,0x50,0x50,0x50,0x91,0x90,0x91,0x91,0x91,0x91,0x91,0x91,0x91,0x91,
	0x91,0x91,0x91,0x91,0x91,0x91,0x91,0x91,0x91,0x91,0x91,0x92,0xd1,0xd2,0xd2,0xd2,
	0xd2,0xd2,0xd2,0xd2,0xd2,0xd2,0xd2,0xd2,0xd2,0xd2,0xd2,0xd2,0xd2,0xd2,0xd2,0xd2,
	0x29,0x29,0x29,0x29,0x29,0x29,0x29,0x29,0x29,0x29,0x29,0x29,0x29,0x29,0x29,0x29,
	0x29,0x29,0x29,0x29,0x29,0x2b,0x68,0x6a,0x6a,0x6a,0x6a,0x6a,0x6a,0x6a,0x6a,0x6a,
	0x72,0x79,0x81,0x7b,0x8d,0x90,0xa0,0x8e,0x7a,0x93,0x96,0x96,0xa3,0x9d,0x9c,0xa2,
	0xa8,0xa9,0xaa,0xaa,0xaa,0xaa,0xaa,0xaa,0xaa,0xaa,0xaa,0xaa,0xaa,0xaa,0xaa,0xaa,
	0x52,0x51,0x51,0x51,0x51,0x51,0x51,0x51,0x51,0x51,0x51,0x51,0x51,0x51,0x51,0x51,
	0x51,0x51,0x52,0x50,0x50,0x50,0x91,0x90,0x91,0x91,0x91,0x91,0x91,0x91,0x91,0x91,
	0x91,0x91,0x91,0x91,0x91,0x91,0x91,0x91,0x91,0x91,0x91,0x92,0xd1,0xd2,0xd2,0xd2,
	0xd2,0xd2,0xd2,0xd2,0xd2,0xd2,0xd2,0xd2,0xd2,0xd2,0xd2,0xd2,0xd2,0xd2,0xd2,0xd2,
	0x29,0x29,0x29,0x29,0x29,0x29,0x29,0x29,0x29,0x29,0x29,0x29,0x29,0x29,0x29,0x29,
	0x29,0x29,0x29,0x29,0x29,0x2b,0x68,0x6a,0x6a,0x6a,0x6a,0x6a,0x6a,0x6a,0x6a,0x6a,
	0x7a,0x79,0x80,0x87,0x6d,0x8e,0x93,0x7c,0x80,0x90,0x77,0x99,0xa1,0xa1,0xa2,0xa7,
	0xaa,0xaa,0xaa,0xaa,0xaa,0xaa,0xaa,0xaa,0xaa,0xaa,0xaa,0xaa,0xaa,0xaa,0xaa,0xaa,
	0x52,0x51,0x51,0x51,0x51,0x51,0x51,0x51,0x51,0x51,0x51,0x51,0x51,0x51,0x51,0x51,
	0x51,0x51,0x52,0x50,0x50,0x50,0x91,0x90,0x91,0x91,0x91,0x91,0x91,0x91,0x91,0x91,
	0x91,0x91,0x91,0x91,0x91,0x91,0x91,0x91,0x91,0x91,0x91,0x92,0xd1,0xd2,0xd2,0xd2,
	0xd2,0xd2,0xd2,0xd2,0xd2,0xd2,0xd2,0xd2,0xd2,0xd2,0xd2,0xd2,0xd2,0xd2,0xd2,0xd2,
	0x29,0x29,0x29,0x29,0x29,0x29,0x29,0x29,0x29,0x29,0x29,0x29,0x29,0x29,0x29,0x29,
	0x29,0x29,0x29,0x29,0x29,0x2b,0x68,0x6a,0x6a,0x6a,0x6a,0x6a,0x6a,0x6a,0x6a,0x6a,
	0x96,0x84,0x7f,0x8b,0x8c,0x7f,0x99,0x81,0x8a,0x93,0x86,0x99,0x9f,0x9c,0x9d,0xa4,
	0xaa,0xaa,0xaa,0xaa,0xaa,0xaa,0xaa,0xaa,0xaa,0xaa,0xaa,0xaa,0xaa,0xaa,0xaa,0xaa,
	0x52,0x51,0x51,0x51,0x51,0x51,0x51,0x51,0x51,0x51,0x51,0x51,0x51,0x51,0x51,0x51,
	0x51,0x51,0x52,0x50,0x50,0x50,0x91,0x90,0x91,0x91,0x91,0x91,0x91,0x91,0x91,0x91,
	0x91,0x91,0x91,0x91,0x91,0x91,0x91,0x91,0x91,0x91,0x91,0x92,0xd1,0xd2,0xd2,0xd2,
	0xd2,0xd2,0xd2,0xd2,0xd2,0xd2,0xd2,0xd2,0xd2,0xd2,0xd2,0xd2,0xd2,0xd2,0xd2,0xd2,
	0x29,0x29,0x29,0x29,0x29,0x29,0x29,0x29,0x29,0x29,0x29,0x29,0x29,0x29,0x29,0x29,
	0x29,0x29,0x29,0x29,0x29,0x2b,0x68,0x6a,0x6a,0x6a,0x6a,0x6a,0x6a,0x6a,0x6a,0x6a,
	0x75,0x7f,0x6a,0x90,0x83,0x8b,0x77,0x68,0x8b,0x79,0x95,0x95,0xa3,0xa5,0xa8,0xad,
	0xaa,0xaa,0xaa,0xaa,0xaa,0xaa,0xaa,0xaa,0xaa,0xaa,0xaa,0xaa,0xaa,0xaa,0xaa,0xaa,
	0x52,0x51,0x51,0x51,0x51,0x51,0x51,0x51,0x51,0x51,0x51,0x51,0x51,0x51,0x51,0x51,
	0x51,0x51,0x52,0x50,0x50,0x50,0x91,0x90,0x91,0x91,0x91,0x91,0x91,0x91,0x91,0x91,
	0x91,0x91,0x91,0x91,0x91,0x91,0x91,0x91,0x91,0x91,0x91,0x92,0xd1,0xd2,0xd2,0xd2,
	0xd2,0xd2,0xd2,0xd2,0xd2,0xd2,0xd2,0xd2,0xd2,0xd2,0xd2,0xd2,0xd2,0xd2,0xd2,0xd2,
	0x29,0x29,0x29,0x29,0x29,0x29,0x29,0x29,0x29,0x29,0x29,0x29,0x29,0x29,0x29,0x29,
	0x29,0x29,0x29,0x29,0x29,0x2b,0x68,0x6a,0x6a,0x6a,0x6a,0x6a,0x6a,0x6a,0x6a,0x6a,
	0x88,0x8d,0x95,0x72,0x99,0x8d,0x8a,0x8f,0x87,0x99,0x77,0x92,0xaa,0xa6,0xa4,0x9e,
	0xaa,0xaa,0xaa,0xaa,0xaa,0xaa,0xaa,0xaa,0xaa,0xaa,0xaa,0xaa,0xaa,0xaa,0xaa,0xaa,
	0x52,0x51,0x51,0x51,0x51,0x51,0x51,0x51,0x51,0x51,0x51,0x51,0x51,0x51,0x51,0x51,
	0x51,0x51,0x52,0x50,0x50,0x50,0x91,0x90,0x91,0x91,0x91,0x91,0x91,0x91,0x91,0x91,
	0x91,0x91,0x91,0x91,0x91,0x91,0x91,0x91,0x91,0x91,0x91,0x92,0xd1,0xd2,0xd2,0xd2,
	0xd2,0xd2,0xd2,0xd2,0xd2,0xd2,0xd2,0xd2,0xd2,0xd2,0xd2,0xd2,0xd2,0xd2,0xd2,0xd2,
	0x29,0x29,0x29,0x29,0x29,0x29,0x29,0x29,0x29,0x29,0x29,0x29,0x29,0x29,0x29,0x29,
	0x29,0x29,0x29,0x29,0x29,0x2b,0x68,0x6a,0x6a,0x6a,0x6a,0x6a,0x6a,0x6a,0x6a,0x6a,
	0x8a,0x93,0x78,0x83,0x88,0x89,0x7e,0x85,0x94,0x9a,0x8c,0xa1,0xa4,0x9e,0x9f,0xae,
	0xab,0xaa,0xaa,0xaa,0xaa,0xaa,0xaa,0xaa,0xaa,0xaa,0xaa,0xaa,0xaa,0xaa,0xaa,0xaa,
	0x52,0x51,0x51,0x51,0x51,0x51,0x51,0x51,0x51,0x51,0x51,0x51,0x51,0x51,0x51,0x51,
	0x51,0x51,0x52,0x50,0x50,0x50,0x91,0x90,0x91,0x91,0x91,0x91,0x91,0x91,0x91,0x91,
	0x91,0x91,0x91,0x91,0x91,0x91,0x91,0x91,0x91,0x91,0x91,0x92,0xd1,0xd2,0xd2,0xd2,
	0xd2,0xd2,0xd2,0xd2,0xd2,0xd2,0xd2,0xd2,0xd2,0xd2,0xd2,0xd2,0xd2,0xd2,0xd2,0xd2,
	0x29,0x29,0x29,0x29,0x29,0x29,0x29,0x29,0x29,0x29,0x29,0x29,0x29,0x29,0x29,0x29,
	0x29,0x29,0x29,0x29,0x29,0x2b,0x68,0x6a,0x6a,0x6a,0x6a,0x6a,0x6a,0x6a,0x6a,0x6a,
	0x6a,0x6a,0x6a,0x6a,0x6a,0x6a,0x6a,0x6a,0x6a,0x6a,0x6a,0x6a,0xa7,0xa9,0xa7,0xa8,
	0xa9,0xa9,0xaa,0xaa,0xaa,0xaa,0xaa,0xaa,0xaa,0xaa,0xaa,0xaa,0xaa,0xaa,0xaa,0xaa,
	0x52,0x51,0x51,0x51,0x51,0x51,0x51,0x51,0x51,0x51,0x51,0x51,0x51,0x51,0x51,0x51,
	0x51,0x51,0x52,0x50,0x50,0x50,0x91,0x90,0x91,0x91,0x91,0x91,0x91,0x91,0x91,0x91,
	0x91,0x91,0x91,0x91,0x91,0x91,0x91,0x91,0x91,0x91,0x91,0x92,0xd1,0xd2,0xd2,0xd2,
	0xd2,0xd2,0xd2,0xd2,0xd2,0xd2,0xd2,0xd2,0xd2,0xd2,0xd2,0xd2,0xd2,0xd2,0xd2,0xd2,
	0x29,0x29,0x29,0x29,0x29,0x29,0x29,0x29,0x29,0x29,0x29,0x29,0x29,0x29,0x29,0x29,
	0x29,0x29,0x29,0x29,0x29,0x2b,0x68,0x6a,0x6a,0x6a,0x6a,0x6a,0x6a,0x6a,0x6a,0x6a,
	0x6a,0x6a,0x6a,0x6a,0x6a,0x6a,0x6a,0x6a,0x6a,0x6a,0x6a,0x6a,0xa9,0xa9,0xaa,0xaa,
	0xaa,0xaa,0xaa,0xaa,0xaa,0xaa,0xaa,0xaa,0xaa,0xaa,0xaa,0xaa,0xaa,0xaa,0xaa,0xaa,
	0x52,0x51,0x51,0x51,0x51,0x51,0x51,0x51,0x51,0x51,0x51,0x51,0x51,0x51,0x51,0x51,
	0x51,0x51,0x52,0x50,0x50,0x50,0x91,0x90,0x91,0x91,0x91,0x91,0x91,0x91,0x91,0x91,
	0x91,0x91,0x91,0x91,0x91,0x91,0x91,0x91,0x91,0x91,0x91,0x92,0xd1,0xd2,0xd2,0xd2,
	0xd2,0xd2,0xd2,0xd2,0xd2,0xd2,0xd2,0xd2,0xd2,0xd2,0xd2,0xd2,0xd2,0xd2,0xd2,0xd2,
	0x29,0x29,0x29,0x29,0x29,0x29,0x29,0x29,0x29,0x29,0x29,0x29,0x29,0x29,0x29,0x29,
	0x29,0x29,0x29,0x29,0x29,0x2b,0x68,0x6a,0x6a,0x6a,0x6a,0x6a,0x6a,0x6a,0x6a,0x6a,
	0x6a,0x6a,0x6a,0x6a,0x6a,0x6a,0x6a,0x6a,0x6a,0x6a,0x6a,0x6a,0xab,0xa9,0xac,0xab,
	0xaa,0xaa,0xaa,0xaa,0xaa,0xaa,0xaa,0xaa,0xaa,0xaa,0xaa,0xaa,0xaa,0xaa,0xaa,0xaa,
	0x52,0x51,0x51,0x51,0x51,0x51,0x51,0x51,0x51,0x51,0x51,0x51,0x51,0x51,0x51,0x51,
	0x51,0x51,0x52,0x50,0x50,0x50,0x91,0x90,0x91,0x91,0x91,0x91,0x91,0x91,0x91,0x91,
	0x91,0x91,0x91,0x91,0x91,0x91,0x91,0x91,0x91,0x91,0x91,0x92,0xd1,0xd2,0xd2,0xd2,
	0xd2,0xd2,0xd2,0xd2,0xd2,0xd2,0xd2,0xd2,0xd2,0xd2,0xd2,0xd2,0xd2,0xd2,0xd2,0xd2,
	0x29,0x29,0x29,0x29,0x29,0x29,0x29,0x29,0x29,0x29,0x29,0x29,0x29,0x29,0x29,0x29,
	0x29,0x29,0x29,0x29,0x29,0x2b,0x68,0x6a,0x6a,0x6a,0x6a,0x6a,0x6a,0x6a,0x6a,0x6a,
	0x6a,0x6a,0x6a,0x6a,0x6a,0x6a,0x6a,0x6a,0x6a,0x6a,0x6a,0x6a,0xab,0xa9,0xad,0xab,
	0xaa,0xaa,0xaa,0xaa,0xaa,0xaa,0xaa,0xaa,0xaa,0xaa,0xaa,0xaa,0xaa,0xaa,0xaa,0xaa,
	0x52,0x51,0x51,0x51,0x51,0x51,0x51,0x51,0x51,0x51,0x51,0x51,0x51,0x51,0x51,0x51,
	0x51,0x51,0x52,0x50,0x50,0x50,0x91,0x90,0x91,0x91,0x91,0x91,0x91,0x91,0x91,0x91,
	0x91,0x91,0x91,0x91,0x91,0x91,0x91,0x91,0x91,0x91,0x91,0x92,0xd1,0xd2,0xd2,0xd2,
	0xd2,0xd2,0xd2,0xd2,0xd2,0xd2,0xd2,0xd2,0xd2,0xd2,0xd2,0xd2,0xd2,0xd2,0xd2,0xd2,
	0x29,0x29,0x29,0x29,0x29,0x29,0x29,0x29,0x29,0x29,0x29,0x29,0x29,0x29,0x29,0x29,
	0x29,0x29,0x29,0x29,0x29,0x2b,0x68,0x6a,0x6a,0x6a,0x6a,0x6a,0x6a,0x6a,0x6a,0x6a,
	0x6a,0x6a,0x6a,0x6a,0x6a,0x6a,0x6a,0x6a,0x6a,0x6a,0x6a,0x6a,0xab,0xa9,0xad,0xab,
	0xaa,0xaa,0xaa,0xaa,0xaa,0xaa,0xaa,0xaa,0xaa,0xaa,0xaa,0xaa,0xaa,0xaa,0xaa,0xaa,
	0x52,0x51,0x51,0x51,0x51,0x51,0x51,0x51,0x51,0x51,0x51,0x51,0x51,0x51,0x51,0x51,
	0x51,0x51,0x52,0x50,0x50,0x50,0x91,0x90,0x91,0x91,0x91,0x91,0x91,0x91,0x91,0x91,
	0x91,0x91,0x91,0x91,0x91,0x91,0x91,0x91,0x91,0x91,0x91,0x92,0xd1,0xd2,0xd2,0xd2,
	0xd2,0xd2,0xd2,0xd2,0xd2,0xd2,0xd2,0xd2,0xd2,0xd2,0xd2,0xd2,0xd2,0xd2,0xd2,0xd2,
	0x29,0x29,0x29,0x29,0x29,0x29,0x29,0x29,0x29,0x29,0x29,0x29,0x29,0x29,0x29,0x29,
	0x29,0x29,0x29,0x29,0x29,0x2b,0x68,0x6a,0x6a,0x6a,0x6a,0x6a,0x6a,0x6a,0x6a,0x6a,
	0x6a,0x6a,0x6a,0x6a,0x6a,0x6a,0x6a,0x6a,0x6a,0x6a,0x6a,0x6a,0xab,0xa9,0xad,0xac,
	0xaa,0xaa,0xaa,0xaa,0xaa,0xaa,0xaa,0xaa,0xaa,0xaa,0xaa,0xaa,0xaa,0xaa,0xaa,0xaa,
	0x52,0x51,0x51,0x51,0x51,0x51,0x51,0x51,0x51,0x51,0x51,0x51,0x51,0x51,0x51,0x51,
	0x51,0x51,0x52,0x50,0x50,0x50,0x91,0x90,0x91,0x91,0x91,0x91,0x91,0x91,0x91,0x91,
	0x91,0x91,0x91,0x91,0x91,0x91,0x91,0x91,0x91,0x91,0x91,0x92,0xd1,0xd2,0xd2,0xd2,
	0xd2,0xd2,0xd2,0xd2,0xd2,0xd2,0xd2,0xd2,0xd2,0xd2,0xd2,0xd2,0xd2,0xd2,0xd2,0xd2,
	0x29,0x29,0x29,0x29,0x29,0x29,0x29,0x29,0x29,0x29,0x29,0x29,0x29,0x29,0x29,0x29,
	0x29,0x29,0x29,0x29,0x29,0x2b,0x68,0x6a,0x6a,0x6a,0x6a,0x6a,0x6a,0x6a,0x6a,0x6a,
	0x6a,0x6a,0x6a,0x6a,0x6a,0x6a,0x6a,0x6a,0x6a,0x6a,0x6a,0x6a,0xab,0xa9,0xad,0xac,
	0xaa,0xaa,0xaa,0xaa,0xaa,0xaa,0xaa,0xaa,0xaa,0xaa,0xaa,0xaa,0xaa,0xaa,0xaa,0xaa,
	0x52,0x51,0x51,0x51,0x51,0x51,0x51,0x51,0x51,0x51,0x51,0x51,0x51,0x51,0x51,0x51,
	0x51,0x51,0x52,0x50,0x50,0x50,0x91,0x90,0x91,0x91,0x91,0x91,0x91,0x91,0x91,0x91,
	0x91,0x91,0x91,0x91,0x91,0x91,0x91,0x91,0x91,0x91,0x91,0x92,0xd1,0xd2,0xd2,0xd2,
	0xd2,0xd2,0xd2,0xd2,0xd2,0xd2,0xd2,0xd2,0xd2,0xd2,0xd2,0xd2,0xd2,0xd2,0xd2,0xd2,
	0x29,0x29,0x29,0x29,0x29,0x29,0x29,0x29,0x29,0x29,0x29,0x29,0x29,0x29,0x29,0x29,
	0x29,0x29,0x29,0x29,0x29,0x2b,0x68,0x6a,0x6a,0x6a,0x6a,0x6a,0x6a,0x6a,0x6a,0x6a,
	0x6a,0x6a,0x6a,0x6a,0x6a,0x6a,0x6a,0x6a,0x6a,0x6a,0x6a,0x6a,0xab,0xa9,0xad,0xac,
	0xaa,0xaa,0xaa,0xaa,0xaa,0xaa,0xaa,0xaa,0xaa,0xaa,0xaa,0xaa,0xaa,0xaa,0xaa,0xaa,
	0x52,0x51,0x51,0x51,0x51,0x51,0x51,0x51,0x51,0x51,0x51,0x51,0x51,0x51,0x51,0x51,
	0x51,0x51,0x52,0x50,0x50,0x50,0x91,0x90,0x91,0x91,0x91,0x91,0x91,0x91,0x91,0x91,
	0x91,0x91,0x91,0x91,0x91,0x91,0x91,0x91,0x91,0x91,0x91,0x92,0xd1,0xd2,0xd2,0xd2,
	0xd2,0xd2,0xd2,0xd2,0xd2,0xd2,0xd2,0xd2,0xd2,0xd2,0xd2,0xd2,0xd2,0xd2,0xd2,0xd2,
	0x29,0x29,0x29,0x29,0x29,0x29,0x29,0x29,0x29,0x29,0x29,0x29,0x29,0x29,0x29,0x29,
	0x29,0x29,0x29,0x29,0x29,0x2b,0x68,0x6a,0x6a,0x6a,0x6a,0x6a,0x6a,0x6a,0x6a,0x6a,
	0x6a,0x6a,0x6a,0x6a,0x6a,0x6a,0x6a,0x6a,0x6a,0x6a,0x6a,0x6a,0xab,0xa9,0xad,0xac,
	0xaa,0xaa,0xaa,0xaa,0xaa,0xaa,0xaa,0xaa,0xaa,0xaa,0xaa,0xaa,0xaa,0xaa,0xaa,0xaa,
	0x52,0x51,0x51,0x51,0x51,0x51,0x51,0x51,0x51,0x51,0x51,0x51,0x51,0x51,0x51,0x51,
	0x51,0x51,0x52,0x50,0x50,0x50,0x91,0x90,0x91,0x91,0x91,0x91,0x91,0x91,0x91,0x91,
	0x91,0x91,0x91,0x91,0x91,0x91,0x91,0x91,0x91,0x91,0x91,0x92,0xd1,0xd2,0xd2,0xd2,
	0xd2,0xd2,0xd2,0xd2,0xd2,0xd2,0xd2,0xd2,0xd2,0xd2,0xd2,0xd2,0xd2,0xd2,0xd2,0xd2,
	0x29,0x29,0x29,0x29,0x29,0x29,0x29,0x29,0x29,0x29,0x29,0x29,0x29,0x29,0x29,0x29,
	0x29,0x29,0x29,0x29,0x29,0x2b,0x68,0x6a,0x6a,0x6a,0x6a,0x6a,0x6a,0x6a,0x6a,0x6a,
	0x6a,0x6a,0x6a,0x6a,0x6a,0x6a,0x6a,0x6a,0x6a,0x6a,0x6a,0x6a,0xab,0xa9,0xad,0xac,
	0xaa,0xaa,0xaa,0xaa,0xaa,0xaa,0xaa,0xaa,0xaa,0xaa,0xaa,0xaa,0xaa,0xaa,0xaa,0xaa,
	0x52,0x51,0x51,0x51,0x51,0x51,0x51,0x51,0x51,0x51,0x51,0x51,0x51,0x51,0x51,0x51,
	0x51,0x51,0x52,0x50,0x50,0x50,0x91,0x90,0x91,0x91,0x91,0x91,0x91,0x91,0x91,0x91,
	0x91,0x91,0x91,0x91,0x91,0x91,0x91,0x91,0x91,0x91,0x91,0x92,0xd1,0xd2,0xd2,0xd2,
	0xd2,0xd2,0xd2,0xd2,0xd2,0xd2,0xd2,0xd2,0xd2,0xd2,0xd2,0xd2,0xd2,0xd2,0xd2,0xd2,
	0x29,0x29,0x29,0x29,0x29,0x29,0x29,0x29,0x29,0x29,0x29,0x29,0x29,0x29,0x29,0x29,
	0x29,0x29,0x29,0x29,0x29,0x2b,0x68,0x6a,0x6a,0x6a,0x6a,0x6a,0x6a,0x6a,0x6a,0x6a,
	0x6a,0x6a,0x6a,0x6a,0x6a,0x6a,0x6a,0x6a,0x6a,0x6a,0x6a,0x6a,0xab,0xa9,0xad,0xac,
	0xaa,0xaa,0xaa,0xaa,0xaa,0xaa,0xaa,0xaa,0xaa,0xaa,0xaa,0xaa,0xaa,0xaa,0xaa,0xaa,
	0x52,0x51,0x51,0x51,0x51,0x51,0x51,0x51,0x51,0x51,0x51,0x51,0x51,0x51,0x51,0x51,
	0x51,0x51,0x52,0x50,0x50,0x50,0x91,0x90,0x91,0x91,0x91,0x91,0x91,0x91,0x91,0x91,
	0x91,0x91,0x91,0x91,0x91,0x91,0x91,0x91,0x91,0x91,0x91,0x92,0xd1,0xd2,0xd2,0xd2,
	0xd2,0xd2,0xd2,0xd2,0xd2,0xd2,0xd2,0xd2,0xd2,0xd2,0xd2,0xd2,0xd2,0xd2,0xd2,0xd2,
	0x29,0x29,0x29,0x29,0x29,0x29,0x29,0x29,0x29,0x29,0x29,0x29,0x29,0x29,0x29,0x29,
	0x29,0x29,0x29,0x29,0x29,0x2b,0x68,0x6a,0x6a,0x6a,0x6a,0x6a,0x6a,0x6a,0x6a,0x6a,
	0x6a,0x6a,0x6a,0x6a,0x6a,0x6a,0x6a,0x6a,0x6a,0x6a,0x6a,0x6a,0xab,0xa9,0xad,0xac,
	0xaa,0xaa,0xaa,0xaa,0xaa,0xaa,0xaa,0xaa,0xaa,0xaa,0xaa,0xaa,0xaa,0xaa,0xaa,0xaa,
	0x52,0x51,0x51,0x51,0x51,0x51,0x51,0x51,0x51,0x51,0x51,0x51,0x51,0x51,0x51,0x51,
	0x51,0x51,0x52,0x50,0x50,0x50,0x91,0x90,0x91,0x91,0x91,0x91,0x91,0x91,0x91,0x91,
	0x91,0x91,0x91,0x91,0x91,0x91,0x91,0x91,0x91,0x91,0x91,0x92,0xd1,0xd2,0xd2,0xd2,
	0xd2,0xd2,0xd2,0xd2,0xd2,0xd2,0xd2,0xd2,0xd2,0xd2,0xd2,0xd2,0xd2,0xd2,0xd2,0xd2,
	0x29,0x29,0x29,0x29,0x29,0x29,0x29,0x29,0x29,0x29,0x29,0x29,0x29,0x29,0x29,0x29,
	0x29,0x29,0x29,0x29,0x29,0x2b,0x68,0x6a,0x6a,0x6a,0x6a,0x6a,0x6a,0x6a,0x6a,0x6a,
	0x6a,0x6a,0x6a,0x6a,0x6a,0x6a,0x6a,0x6a,0x6a,0x6a,0x6a,0x6a,0xab,0xa9,0xad,0xac,
	0xaa,0xaa,0xaa,0xaa,0xaa,0xaa,0xaa,0xaa,0xaa,0xaa,0xaa,0xaa,0xaa,0xaa,0xaa,0xaa,
	0x52,0x51,0x51,0x51,0x51,0x51,0x51,0x51,0x51,0x51,0x51,0x51,0x51,0x51,0x51,0x51,
	0x51,0x51,0x52,0x50,0x50,0x50,0x91,0x90,0x91,0x91,0x91,0x91,0x91,0x91,0x91,0x91,
	0x91,0x91,0x91,0x91,0x91,0x91,0x91,0x91,0x91,0x91,0x91,0x92,0xd1,0xd2,0xd2,0xd2,
	0xd2,0xd2,0xd2,0xd2,0xd2,0xd2,0xd2,0xd2,0xd2,0xd2,0xd2,0xd2,0xd2,0xd2,0xd2,0xd2,
	0x29,0x29,0x29,0x29,0x29,0x29,0x29,0x29,0x29,0x29,0x29,0x29,0x29,0x29,0x29,0x29,
	0x29,0x29,0x29,0x29,0x29,0x2b,0x68,0x6a,0x6a,0x6a,0x6a,0x6a,0x6a,0x6a,0x6a,0x6a,
	0x6a,0x6a,0x6a,0x6a,0x6a,0x6a,0x6a,0x6a,0x6a,0x6a,0x6a,0x6a,0xab,0xa9,0xad,0xac,
	0xaa,0xaa,0xaa,0xaa,0xaa,0xaa,0xaa,0xaa,0xaa,0xaa,0xaa,0xaa,0xaa,0xaa,0xaa,0xaa,
	0x52,0x51,0x51,0x51,0x51,0x51,0x51,0x51,0x51,0x51,0x51,0x51,0x51,0x51,0x51,0x51,
	0x51,0x51,0x52,0x50,0x50,0x50,0x91,0x90,0x91,0x91,0x91,0x91,0x91,0x91,0x91,0x91,
	0x91,0x91,0x91,0x91,0x91,0x91,0x91,0x91,0x91,0x91,0x91,0x92,0xd1,0xd2,0xd2,0xd2,
	0xd2,0xd2,0xd2,0xd2,0xd2,0xd2,0xd2,0xd2,0xd2,0xd2,0xd2,0xd2,0xd2,0xd2,0xd2,0xd2,
	0x29,0x29,0x29,0x29,0x29,0x29,0x29,0x29,0x29,0x29,0x29,0x29,0x29,0x29,0x29,0x29,
	0x29,0x29,0x29,0x29,0x29,0x2b,0x68,0x6a,0x6a,0x6a,0x6a,0x6a,0x6a,0x6a,0x6a,0x6a,
	0x6a,0x6a,0x6a,0x6a,0x6a,0x6a,0x6a,0x6a,0x6a,0x6a,0x6a,0x6a,0xab,0xa9,0xad,0xac,
	0xaa,0xaa,0xaa,0xaa,0xaa,0xaa,0xaa,0xaa,0xaa,0xaa,0xaa,0xaa,0xaa,0xaa,0xaa,0xaa,
	0x52,0x51,0x51,0x51,0x51,0x51,0x51,0x51,0x51,0x51,0x51,0x51,0x51,0x51,0x51,0x51,
	0x51,0x51,0x52,0x50,0x50,0x50,0x91,0x90,0x91,0x91,0x91,0x91,0x91,0x91,0x91,0x91,
	0x91,0x91,0x91,0x91,0x91,0x91,0x91,0x91,0x91,0x91,0x91,0x92,0xd1,0xd2,0xd2,0xd2,
	0xd2,0xd2,0xd2,0xd2,0xd2,0xd2,0xd2,0xd2,0xd2,0xd2,0xd2,0xd2,0xd2,0xd2,0xd2,0xd2,
	0x29,0x29,0x29,0x29,0x29,0x29,0x29,0x29,0x29,0x29,0x29,0x29,0x29,0x29,0x29,0x29,
	0x29,0x29,0x29,0x29,0x29,0x2b,0x68,0x6a,0x6a,0x6a,0x6a,0x6a,0x6a,0x6a,0x6a,0x6a,
	0x6a,0x6a,0x6a,0x6a,0x6a,0x6a,0x6a,0x6a,0x6a,0x6a,0x6a,0x6a,0xab,0xa9,0xad,0xac,
	0xaa,0xaa,0xaa,0xaa,0xaa,0xaa,0xaa,0xaa,0xaa,0xaa,0xaa,0xaa,0xaa,0xaa,0xaa,0xaa,
};
#endif
