/* ipnw_frame.h — non-weighted 2-frame I+P (ipnw128.265, weightp=0). Discriminator
 * for the P phase-2 hang: 3 slice messages instead of 9. SPDX-License-Identifier: BSD-3-Clause */
#ifndef IPNW_FRAME_H
#define IPNW_FRAME_H
#define FRAME_WIDTH 128u
#define FRAME_HEIGHT 128u
#define FRAME_LOG2_CTB 6u
#define FRAME_CTB_WIDTH 2u
#define FRAME_CTB_HEIGHT 2u
#define FRAME_LOG2_MIN_CB 3u
#define FRAME_LOG2_MIN_TB 2u
#define FRAME_LOG2_MAX_TB 5u
#define FRAME_MAX_TRAFO_INTRA 0u
#define FRAME_MAX_TRAFO_INTER 0u
#define FRAME_CHROMA_FORMAT_IDC 1u
#define FRAME_STRONG_INTRA_SMOOTH 1u
#define FRAME_BIT_DEPTH_LUMA_MINUS8 0u
#define FRAME_DIFF_CU_QP_DELTA_DEPTH 1u
#define FRAME_CU_QP_DELTA_ENABLED 1u
#define FRAME_TRANSFORM_SKIP 0u
#define FRAME_SIGN_DATA_HIDING 1u
#define FRAME_CONSTRAINED_INTRA_PRED 0u
#define FRAME_PPS_CB_QP_OFFSET 0
#define FRAME_PPS_CR_QP_OFFSET 0
#define FRAME_SLICE_CB_QP_OFFSET 0
#define FRAME_SLICE_CR_QP_OFFSET 0
#define FRAME_SLICE_TYPE 2u
#define FRAME_CONFIG2 0x25888u
#define FRAME_DATA_BYTE_OFFSET 4u
#define FRAME_DATA_LEN 1557u
#define FRAME_SLICE_QP 33
#define FRAME_EXPECT_Y 0u
#define FRAME_EXPECT_C 0u
#define EXPECTED_Y(x,y) 0
#define EXPECTED_C(x,y) 0
#define IP_TEST 1
#define P_DBO 7u
#define P_BFNUM 515u
#define P_SLICE_QP 33
#define P_SLICE_CONST 0x1013u
#define P_CURRPOC 1u
/* pre_slice_decode emits, after the ref descriptors, an UNCONDITIONAL deblock
 * message + CMD_QPOFF (h265.c:866-880). Omitting them truncates a stream the HW
 * parser expects (SLICECMDS>0), hanging phase 2. deblock = loop_filter_across_slices
 * (bit9); qpoff = 0 (zero cb/cr offsets). */
#define P_NUM_MSGS 5u
static const unsigned short p_msgs[5] = {0x5C06,0x0000,0x0000,0x0200,0x0000};
static const unsigned char slice_data[1561] = {
	0x28,0x01,0xac,0x76,0xf8,0x2e,0xd1,0x7d,0x68,0xef,0xf6,0x27,0x12,0x29,0x61,0x56,
	0x85,0x6f,0x78,0x03,0xc3,0x7b,0xc4,0x01,0x80,0x12,0x20,0x00,0x9d,0x5e,0xb6,0x83,
	0xf1,0x86,0xa1,0x00,0x47,0xe1,0xe9,0xa2,0xde,0xc9,0xbb,0xee,0xe6,0x58,0x15,0xa9,
	0xb5,0x42,0xf2,0x92,0x2b,0x4f,0x96,0x65,0xf2,0x09,0xa5,0x2a,0x9f,0x23,0x7a,0x6a,
	0x4f,0xe0,0xed,0x40,0xfe,0xd3,0x36,0x86,0x59,0x9d,0x89,0x0c,0x89,0x6a,0xc0,0xe8,
	0x67,0x03,0x7e,0x2c,0xe2,0xea,0x06,0x11,0x81,0x55,0xad,0x52,0xa9,0x1c,0x17,0xbb,
	0xe5,0x5f,0x54,0x94,0xf8,0x0f,0x43,0x17,0x78,0x71,0xe8,0xc3,0x0c,0x65,0x4d,0xec,
	0x11,0x76,0x62,0x44,0xd0,0x19,0x6e,0x47,0xe7,0x78,0x14,0xba,0x88,0xde,0xcc,0xc7,
	0x31,0x87,0xa1,0xf1,0x69,0x6c,0xd9,0x24,0xac,0x97,0xd1,0xae,0x40,0xac,0xa6,0xee,
	0x59,0xad,0xfb,0xae,0xdd,0x4d,0x2e,0xf2,0x5a,0x1a,0x7f,0xf2,0x69,0xf1,0x5e,0x12,
	0x9c,0xdf,0xc2,0xbe,0xcb,0x18,0x99,0x1f,0x48,0x09,0xb4,0xac,0xde,0x21,0x1d,0xd4,
	0x24,0x8b,0x46,0xf3,0xab,0x84,0x8f,0xdc,0x67,0x2f,0xd5,0xba,0xa3,0x8d,0x50,0xfb,
	0x4e,0x11,0xd0,0xb1,0x6d,0x85,0x52,0xa1,0xc6,0xcd,0x86,0x9b,0xf9,0xb5,0x19,0x57,
	0x52,0x79,0x74,0xa9,0x1f,0x65,0x15,0x04,0x2d,0xbf,0x7c,0x67,0x52,0x3d,0xb8,0x55,
	0xbf,0xd4,0xf7,0x89,0x4b,0xec,0xb4,0x87,0xbf,0x37,0x8d,0x8b,0x31,0x85,0x40,0xa7,
	0x74,0x4e,0x4f,0x32,0xdd,0x31,0xa6,0xd0,0x02,0x90,0x2a,0xbc,0x2c,0x20,0xf4,0x45,
	0x0d,0x48,0xa4,0xc3,0xad,0x6d,0x4a,0xba,0x77,0xe7,0xde,0x7e,0x99,0xf2,0x6b,0x8c,
	0xef,0xa5,0x36,0x17,0xf5,0x5a,0x44,0x71,0xd2,0xcd,0x83,0x56,0x34,0x8d,0x05,0xff,
	0xa4,0x1f,0x4e,0xf1,0x3c,0x1f,0x3d,0x41,0x90,0x6a,0xa8,0xfe,0xdc,0x05,0xd6,0x73,
	0x54,0x97,0xb0,0xfb,0x52,0x33,0x9f,0xe2,0xac,0xe7,0xc0,0xbf,0x05,0xe7,0xed,0xfe,
	0x9a,0x5c,0x7e,0x0b,0x41,0x6c,0xb5,0x29,0x47,0x0e,0x59,0x9b,0x04,0x3c,0x1c,0x1f,
	0x93,0x30,0xb0,0xfb,0x6f,0xc7,0xd1,0x3f,0x80,0x3d,0x9a,0x83,0x04,0xd4,0xb4,0x98,
	0xc1,0x8d,0x80,0xec,0x69,0x34,0x94,0x43,0xb2,0xd0,0x66,0x68,0xab,0xf9,0x7e,0x7c,
	0xe7,0x33,0xf3,0x0e,0x8d,0xf2,0xcb,0x35,0xf0,0xea,0xaf,0x0c,0x1e,0x60,0x4a,0xc1,
	0x13,0xc6,0x97,0x18,0x54,0x42,0x09,0x70,0x8b,0x1e,0x5e,0xf9,0x37,0x15,0xd0,0x6a,
	0x06,0x09,0x3a,0xbf,0x55,0x16,0xdb,0xe7,0xe3,0x90,0x65,0xd6,0xa2,0x95,0xcf,0xd9,
	0x0c,0xe3,0x17,0x14,0xea,0x42,0x74,0x4a,0x39,0xf1,0x02,0xbc,0x4a,0x58,0xcc,0x7d,
	0xa4,0x65,0x81,0xc7,0xe3,0x5e,0x0b,0xde,0x51,0xe0,0xa9,0x35,0x05,0x3e,0x0c,0x5f,
	0xe2,0x98,0xdd,0xb2,0x48,0x54,0x9c,0x38,0x24,0x3c,0xc4,0x4d,0xaf,0x89,0x88,0x78,
	0xa1,0x8f,0x3a,0x92,0x2f,0xf7,0x2b,0x00,0x03,0x6a,0xf3,0xf2,0xc3,0x95,0x16,0xed,
	0x01,0x7b,0xa7,0x88,0x43,0xf0,0x8b,0x30,0x84,0xbd,0x12,0x64,0xd5,0x84,0x1f,0x51,
	0x16,0x80,0x41,0x1e,0xde,0x64,0x88,0x73,0x5e,0x8f,0x6e,0xf4,0x2a,0x11,0x6f,0x62,
	0x44,0x36,0x28,0x3d,0xd4,0xb2,0xb8,0x4d,0x41,0x9a,0x5c,0x9e,0xa5,0x99,0x37,0x0e,
	0x58,0xcf,0x2f,0xce,0x5a,0x47,0x1e,0x3a,0x1c,0x8f,0xa3,0x79,0x8e,0x9a,0x37,0x05,
	0xeb,0x6c,0x1f,0xae,0xf5,0xba,0x08,0x5a,0xaf,0x52,0x5a,0xb7,0x8c,0x2e,0xcc,0x2c,
	0xab,0xfe,0xc5,0x9f,0x0c,0xc1,0x3c,0x8d,0xc3,0xe4,0xbe,0xe3,0x55,0x21,0xad,0xea,
	0xae,0x63,0x8b,0xe5,0x25,0x78,0x9b,0x40,0xdd,0x57,0xeb,0xad,0x51,0xc0,0x6a,0xa9,
	0x50,0x69,0x8b,0xa8,0x5e,0x1b,0x46,0x70,0xa9,0x83,0xd1,0x14,0x61,0xea,0x8f,0x67,
	0xbb,0x92,0xc4,0xc2,0xfb,0x27,0xc4,0xad,0xe4,0xb5,0xe2,0xab,0x21,0x39,0x97,0xa1,
	0x21,0xd0,0xa7,0x40,0x3f,0x4f,0x43,0x56,0xd4,0xd8,0xd8,0xdc,0x4b,0xe7,0x04,0xaa,
	0x05,0x0e,0x96,0x44,0x36,0xf0,0x1b,0x76,0x7a,0x99,0xeb,0x95,0x75,0x8a,0xcf,0x91,
	0x0b,0xa0,0x07,0xdb,0x15,0xa8,0x5e,0x40,0x71,0xa1,0x8a,0x1f,0xcc,0xae,0x6a,0xec,
	0x5f,0x19,0x34,0xd9,0x5f,0xe3,0xed,0x03,0x00,0xa5,0x6e,0xa3,0xe2,0xe8,0xe2,0x35,
	0x38,0x5e,0xcc,0xbe,0x23,0x00,0x3f,0x90,0xff,0x06,0x18,0x05,0x71,0xfb,0x1b,0x18,
	0x40,0x79,0xc8,0x48,0xad,0xf1,0xa1,0x75,0xed,0xba,0x02,0xca,0xab,0xb9,0x6f,0xac,
	0x66,0x5a,0xfc,0xf3,0x55,0x70,0x8b,0x03,0xe7,0x83,0xfe,0x01,0x8d,0x72,0x36,0x40,
	0xab,0x19,0xce,0x59,0xa9,0x2f,0xac,0xfa,0x71,0x1f,0xe1,0x98,0x6a,0xa7,0xdc,0x2c,
	0xc6,0x05,0xc9,0x49,0x12,0x7c,0x23,0xa8,0x03,0xf8,0x2a,0xda,0x5a,0x7c,0x54,0xd8,
	0x76,0x45,0xc6,0x22,0x9c,0x1f,0x06,0x82,0x06,0xb4,0xda,0xd4,0x31,0x73,0xa3,0x5e,
	0x1c,0x1e,0x6b,0x9f,0xc3,0x5e,0x34,0xdf,0x34,0xdc,0xeb,0xef,0x45,0x4b,0x34,0xab,
	0xbb,0x0a,0x27,0x9f,0x5a,0xd8,0x73,0xa8,0x47,0xfa,0x6b,0x4c,0xec,0x9d,0xc9,0x7a,
	0xe8,0x12,0xcd,0x9b,0xc8,0xf0,0xc7,0xb4,0x6c,0x8b,0x9b,0x5a,0x00,0x4a,0x76,0x6e,
	0x85,0x00,0xff,0x7b,0x84,0xfa,0x09,0xf5,0x54,0x56,0xe0,0x6a,0xc0,0xf9,0xa0,0xb6,
	0xd2,0x83,0xec,0x31,0x36,0x83,0xf2,0x13,0xb1,0x69,0xcb,0x75,0x4b,0xad,0x97,0x43,
	0x2f,0x6b,0x30,0xb4,0xca,0x73,0x50,0x87,0x20,0xbe,0x60,0xb2,0xaa,0x9a,0x5a,0x6d,
	0xcc,0xf3,0x2a,0x0b,0x20,0x63,0x2c,0x5f,0x7c,0x2e,0x32,0xfc,0xd7,0x94,0x1f,0x3e,
	0x79,0xa3,0xb4,0xf4,0xc3,0x15,0xe5,0x78,0x2d,0x79,0x2f,0xa5,0x13,0x22,0xf3,0x30,
	0x22,0x8e,0x5a,0xd7,0xe1,0x76,0xae,0x69,0xcd,0xaf,0xe1,0x44,0x4b,0x90,0x50,0x53,
	0x4a,0x1b,0x2f,0xcd,0x2c,0x00,0x4f,0x66,0x69,0x94,0x94,0xa2,0xa7,0x05,0x17,0xa0,
	0xa7,0x37,0x96,0x55,0xd9,0x3d,0x48,0x1d,0xe6,0xea,0x0a,0x20,0x33,0x8d,0x93,0xbc,
	0x20,0x9a,0xa1,0x78,0x9f,0x94,0x64,0xfc,0xdc,0xbb,0x3f,0x48,0x60,0xfa,0xe0,0xc7,
	0xbe,0xf5,0xde,0x01,0x30,0xa2,0x24,0x0f,0xd6,0x84,0x85,0x19,0xe6,0xb2,0xbe,0x5d,
	0x92,0x3d,0x4c,0x11,0x7e,0xab,0xaa,0xa6,0xb3,0xc8,0xd5,0x87,0x9d,0x90,0xe2,0x41,
	0xa3,0x75,0x64,0x1d,0xbc,0x29,0x08,0xf8,0x4b,0x6d,0xb9,0x5f,0xf7,0x90,0xeb,0x89,
	0xe7,0xc4,0xf2,0x9b,0x9d,0x74,0xd7,0xce,0x1d,0x14,0xf1,0x41,0x54,0x3a,0xdb,0x6b,
	0x1c,0xa5,0x10,0x46,0x98,0x4f,0x83,0xeb,0xf6,0x87,0x77,0x5a,0xfd,0x5e,0x57,0xe1,
	0xa2,0x3a,0x5b,0x62,0x4d,0xfb,0xdd,0xc8,0xac,0x8a,0x9f,0xec,0x8b,0xc9,0x89,0xb7,
	0xbc,0x0e,0x5f,0x1c,0xd9,0x11,0x53,0xee,0x68,0x62,0xb1,0x07,0x3c,0x5b,0x40,0x11,
	0x3b,0xfe,0x97,0xe1,0x9a,0xf4,0xfe,0x9f,0x2a,0xbb,0x13,0x56,0x4c,0xd5,0x37,0xb9,
	0x17,0xf4,0x22,0x47,0x1d,0xae,0x61,0x51,0x22,0x68,0xd6,0xa3,0xf0,0x2b,0xe4,0x10,
	0x4c,0xcb,0x49,0xd3,0xce,0x89,0xcb,0x25,0x44,0xe9,0x1d,0xcc,0xa8,0x27,0xa9,0xab,
	0xca,0x3a,0x96,0xef,0xd7,0xba,0x91,0xb2,0x76,0xa2,0xaa,0x5e,0x56,0x41,0x44,0x92,
	0x7e,0x35,0xf3,0x6f,0x3e,0xc7,0x8d,0x7f,0x10,0xc3,0xbe,0xdd,0x60,0xc9,0x29,0x14,
	0xdc,0x78,0xc9,0x3a,0xf0,0x85,0xa5,0xbb,0x5a,0x00,0xc6,0x3c,0x4c,0xc0,0x80,0x59,
	0xd8,0x3b,0x7b,0x85,0x52,0x8b,0x66,0xae,0x12,0xe3,0x4e,0x4a,0x15,0x3a,0xd2,0x0d,
	0xd1,0x4a,0xcd,0xfe,0xc3,0x0e,0x68,0x42,0xa0,0x02,0x59,0xb9,0x43,0xa3,0x53,0x56,
	0xaa,0x15,0x83,0xf9,0x7e,0x37,0x44,0xf2,0xe8,0x66,0xcb,0x78,0x47,0x45,0x2b,0x20,
	0x99,0x63,0x01,0x03,0xc6,0x6b,0x9b,0x0a,0x5a,0xa5,0x46,0x65,0x20,0x61,0xfd,0x6c,
	0xdf,0x21,0xf4,0xad,0x5e,0x19,0xcd,0xd9,0xd1,0x93,0x39,0xbf,0x8d,0x94,0x9f,0x47,
	0xc6,0xd0,0xae,0x7f,0xf6,0xb5,0xf0,0x82,0x19,0xb5,0x86,0x0b,0xb7,0x37,0xe8,0x84,
	0xe6,0x39,0x10,0xf3,0xcb,0x11,0x25,0x41,0x52,0xee,0x0f,0xad,0xe3,0x7e,0x51,0x37,
	0x59,0x9d,0x4c,0x58,0x81,0x30,0xa4,0x2e,0xb6,0x57,0x04,0x0a,0xc8,0xec,0x5b,0x55,
	0xf6,0x14,0xf8,0x34,0xc8,0x57,0x90,0xa3,0xd6,0x96,0x4f,0x19,0x04,0x5c,0x2e,0x8a,
	0x2e,0x67,0x5f,0xeb,0x44,0xf9,0xde,0xdf,0xc3,0xdf,0xe4,0xeb,0x59,0xfe,0x6e,0xbb,
	0x5a,0x8a,0x92,0xdb,0x32,0xa2,0xa7,0x68,0x37,0xc5,0x75,0x4d,0x22,0x74,0xf0,0xb4,
	0xa5,0x22,0xce,0xc3,0x08,0xfc,0xcc,0xa0,0x3f,0xfb,0x11,0xc2,0x52,0x90,0xae,0xf2,
	0xaf,0x99,0x04,0xb5,0x39,0x8c,0xd1,0xe1,0x4d,0x32,0x98,0x4c,0x46,0xd1,0x3f,0x3f,
	0xe0,0x9a,0x23,0x8c,0xbe,0xa0,0x18,0x5f,0x57,0x05,0xd2,0x05,0x4a,0x80,0x67,0x22,
	0x89,0x66,0x3f,0x15,0xe9,0x08,0x95,0x79,0xa8,0xe6,0x0f,0x43,0xb0,0xf7,0xbf,0xc0,
	0xed,0x27,0x3e,0x07,0x6e,0xc0,0x66,0x3a,0x78,0xaa,0x4d,0x3b,0x14,0xe7,0xc1,0xdb,
	0xb2,0xde,0xb4,0x69,0x9b,0x30,0xe4,0xa4,0x7f,0xed,0x8b,0x47,0x8f,0x45,0xf1,0xe0,
	0x01,0x99,0x66,0xc6,0x8a,0x32,0x95,0x93,0x98,0x86,0x32,0x03,0xbc,0xbb,0xb9,0xdd,
	0xd2,0x7d,0x8f,0xc1,0x5d,0xc0,0xed,0xf7,0x88,0x1d,0x05,0xc4,0x94,0x4f,0x62,0x7a,
	0x83,0x34,0x68,0x4b,0x66,0xdb,0x6c,0xba,0x88,0x02,0x3e,0xac,0x01,0x57,0xf5,0xf1,
	0xf9,0xda,0xa1,0xdf,0x35,0x89,0x9c,0xae,0x59,0x55,0x0d,0x60,0xc8,0x2f,0x05,0xfe,
	0x66,0xca,0x97,0xbd,0x1c,0xd6,0xf2,0x43,0x6c,0x07,0xdd,0x34,0xf9,0xd5,0xe0,0xbe,
	0x3b,0x65,0xe1,0x11,0x51,0x1f,0x0e,0x3e,0x7d,0x58,0xe2,0x65,0x01,0x8b,0x31,0xc1,
	0x87,0x81,0x20,0x9c,0x63,0x81,0x37,0x7b,0xc8,
};
static const unsigned char p_slice_nal[522] = {
	0x02,0x01,0xd0,0x09,0x73,0x1d,0x80,0xfd,0x8a,0x5b,0x39,0xc6,0x18,0x40,0xd0,0xf5,
	0x6a,0x36,0xdd,0x25,0xf7,0xeb,0x7f,0xcd,0x08,0x2f,0x82,0x5b,0xb2,0x02,0xa7,0x52,
	0x0c,0x83,0xa0,0xfe,0x21,0xa4,0x3a,0xac,0x03,0xc2,0x52,0x15,0x2a,0xa4,0x81,0x87,
	0x61,0xb1,0xb7,0x3e,0xe5,0xad,0xe9,0x56,0x53,0x5d,0xc4,0x02,0x69,0x3c,0x31,0xbd,
	0x16,0x17,0xf4,0xed,0x03,0x36,0x17,0xc6,0x7a,0xec,0xd6,0x1a,0x41,0x0c,0x78,0x1c,
	0x04,0x43,0x0a,0x2b,0xd6,0x0f,0xd4,0x79,0x15,0x1d,0x9e,0x80,0xcf,0x87,0xf2,0xdb,
	0xd2,0xf1,0xf5,0x99,0x6d,0x65,0x80,0x90,0x34,0xac,0xa0,0x1f,0x43,0x5d,0xad,0xa0,
	0x63,0x6a,0x70,0xae,0xde,0xeb,0xd7,0xbf,0x1f,0xad,0xb0,0x6f,0xbd,0xe2,0xc8,0xeb,
	0xbf,0x2c,0x4a,0x63,0xb6,0x05,0x4f,0x22,0x72,0x76,0x66,0xe3,0x91,0xf3,0xa5,0x06,
	0x09,0x3a,0x63,0x53,0x61,0xde,0x51,0xf8,0x4f,0xcb,0xd6,0x29,0xa1,0xfa,0xf9,0xc7,
	0x13,0xc7,0x5c,0x56,0x22,0x51,0x9b,0x4d,0x0e,0x5d,0x77,0x5d,0x06,0x13,0xd8,0x7b,
	0x99,0xcc,0x06,0xd8,0x1e,0x36,0x81,0x4e,0xca,0x34,0xd4,0x55,0xc5,0xe5,0xf4,0xe2,
	0x9f,0xd4,0x67,0xde,0xb2,0xba,0xe8,0x1f,0xfe,0x0f,0xba,0x15,0x3b,0xd4,0xb9,0x75,
	0xf8,0x4f,0x3e,0x81,0xc2,0x95,0x12,0xe4,0x71,0x6c,0xa2,0x31,0xb1,0xfd,0x63,0x1a,
	0xfd,0x1c,0xf6,0x1c,0x8b,0xec,0x6d,0xf9,0xba,0x8d,0x7d,0x35,0x30,0x98,0x29,0x7e,
	0x98,0xad,0x6d,0xb4,0xe7,0xa9,0xeb,0x10,0x9d,0x5d,0x65,0x82,0x7b,0x0d,0x32,0x51,
	0x46,0xaa,0xc8,0x91,0x74,0x7f,0x60,0x36,0x3b,0x6c,0x3f,0x47,0x14,0x88,0x8f,0xf2,
	0xb4,0xe6,0x03,0xd0,0xe9,0xd8,0xe0,0xe8,0x70,0x79,0xd7,0x0a,0x75,0x65,0x5c,0x38,
	0x59,0x41,0x5e,0xaa,0xfe,0x6b,0x74,0x2e,0x24,0xf7,0x98,0xd7,0xd6,0x1d,0xa3,0xe6,
	0x43,0x07,0x04,0x16,0xfb,0x13,0xa0,0x0d,0x52,0x77,0x8e,0x21,0x84,0x7e,0xb9,0x86,
	0xaf,0xe7,0x7a,0xc0,0x25,0x35,0xab,0x60,0x47,0x71,0x64,0xc8,0x84,0xa3,0xa4,0x75,
	0x21,0xfc,0x22,0x65,0x91,0xe4,0x78,0xbd,0x46,0x13,0x4d,0xe1,0x7f,0xb9,0xc6,0xf5,
	0xd9,0xb6,0x73,0x65,0x23,0x84,0xe4,0x80,0x6b,0x03,0x4c,0xf4,0xf2,0x0d,0x54,0x2c,
	0xb3,0x0e,0x22,0xb6,0x91,0xec,0xf4,0x5e,0x81,0xc0,0xf5,0xe0,0xe7,0x89,0xba,0xd4,
	0x23,0xe2,0x77,0x6c,0x90,0xe6,0x77,0xbe,0x3c,0x95,0x98,0x71,0xc7,0x2c,0xf6,0xa0,
	0x9f,0xd3,0x24,0x65,0xcd,0x23,0x36,0x18,0x32,0xcc,0xf3,0x3f,0x97,0x68,0xad,0xab,
	0x75,0x27,0x10,0x27,0x5e,0x3a,0xe6,0x64,0xf4,0xd7,0xcd,0xa4,0xcf,0x40,0xb8,0xac,
	0x73,0xbf,0x43,0x14,0xbf,0xbd,0x41,0xeb,0x6e,0x16,0xd2,0x08,0x52,0xc8,0x8c,0x0e,
	0x57,0xd8,0xa6,0xd7,0x9e,0x30,0xb3,0xd5,0x84,0x62,0xa5,0x9a,0x20,0xba,0xc2,0x6f,
	0xc8,0x34,0x5e,0xdf,0x42,0x99,0xa2,0x7b,0xf5,0xcb,0x48,0x76,0xf2,0xe6,0x9e,0x9d,
	0xbf,0x8e,0xdf,0xde,0xa9,0xcb,0x1a,0xa3,0x6a,0x90,0x0d,0xc0,0xeb,0x7a,0x94,0x14,
	0x6b,0x6e,0x21,0xd9,0x01,0x34,0x44,0x60,0x2f,0x8d,0x4e,0xea,0x35,0xe2,0xa6,0xed,
	0xba,0xbd,0x5b,0xd6,0x1f,0xd7,0x6a,0xb5,0x51,0x76,
};
static const unsigned char ref_luma_p[16384] = {
	0x54,0x5a,0x58,0x4b,0x4b,0x4b,0x4b,0x4b,0x58,0x4e,0x58,0x51,0x51,0x58,0x4e,0x57,
	0x57,0x57,0x57,0x57,0x5f,0x51,0x83,0x81,0x85,0x88,0x8b,0x8c,0x8c,0x8c,0x8c,0x8c,
	0x8c,0x8c,0x8c,0x8c,0x8c,0x8c,0x8c,0x8c,0x8c,0x8c,0x8c,0x8c,0xb7,0xd1,0xd7,0xd4,
	0xd2,0xd2,0xd3,0xd3,0xd3,0xd3,0xd3,0xd3,0xd3,0xd3,0xd3,0xd3,0xd3,0xd3,0xd3,0xd3,
	0x33,0x24,0x19,0x29,0x27,0x27,0x27,0x27,0x28,0x2a,0x2c,0x2d,0x29,0x29,0x29,0x2a,
	0x28,0x23,0x17,0x2b,0x1c,0x27,0x6d,0x65,0x6b,0x66,0x71,0x72,0x66,0x6e,0x76,0x78,
	0x76,0x70,0x6e,0x6c,0x60,0x61,0x6f,0x6a,0x69,0x69,0x6c,0x6c,0xa6,0xa6,0xa9,0xa9,
	0xaa,0xaa,0xaa,0xaa,0xaa,0xaa,0xaa,0xaa,0xaa,0xaa,0xaa,0xaa,0xaa,0xaa,0xaa,0xaa,
	0x47,0x59,0x56,0x4b,0x4b,0x4b,0x4b,0x4b,0x59,0x51,0x4c,0x5f,0x5f,0x4c,0x51,0x57,
	0x57,0x57,0x57,0x57,0x63,0x51,0x90,0x8f,0x92,0x94,0x96,0x97,0x97,0x97,0x97,0x97,
	0x97,0x97,0x97,0x97,0x97,0x97,0x97,0x97,0x97,0x97,0x97,0x97,0xbf,0xd3,0xd2,0xcb,
	0xc7,0xc8,0xc9,0xc9,0xc9,0xc9,0xc9,0xc9,0xc9,0xc9,0xc9,0xc9,0xc9,0xc9,0xc9,0xc9,
	0x22,0x2d,0x26,0x33,0x29,0x27,0x26,0x25,0x25,0x26,0x26,0x28,0x23,0x23,0x26,0x29,
	0x25,0x28,0x1f,0x38,0x38,0x39,0x65,0x63,0x65,0x5e,0x63,0x64,0x5a,0x62,0x6c,0x6f,
	0x6f,0x6c,0x6b,0x6b,0x60,0x62,0x6f,0x5b,0x69,0x69,0x6c,0x6c,0xa6,0xa6,0xa9,0xa9,
	0xaa,0xaa,0xaa,0xaa,0xaa,0xaa,0xaa,0xaa,0xaa,0xaa,0xaa,0xaa,0xaa,0xaa,0xaa,0xaa,
	0x44,0x46,0x2b,0x26,0x26,0x26,0x26,0x26,0x13,0x1f,0x20,0x21,0x21,0x20,0x1f,0x19,
	0x1d,0x21,0x25,0x29,0x2a,0x1b,0x3c,0x3b,0x35,0x31,0x2e,0x30,0x30,0x30,0x30,0x30,
	0x30,0x30,0x30,0x30,0x30,0x30,0x30,0x30,0x30,0x30,0x30,0x30,0x41,0x48,0x43,0x3d,
	0x3b,0x3b,0x3c,0x3c,0x3c,0x3c,0x3c,0x3c,0x3c,0x3c,0x3c,0x3c,0x3c,0x3c,0x3a,0x38,
	0x13,0x21,0x15,0x11,0x1a,0x1d,0x1f,0x21,0x20,0x1c,0x19,0x18,0x18,0x1b,0x1c,0x1c,
	0x03,0x23,0x22,0x1b,0x14,0x1f,0x38,0x28,0x32,0x30,0x32,0x31,0x2a,0x2b,0x2c,0x2c,
	0x2c,0x2c,0x2c,0x2c,0x24,0x2f,0x66,0x6f,0x69,0x69,0x6c,0x6c,0xa6,0xa6,0xa9,0xa9,
	0xaa,0xaa,0xaa,0xaa,0xaa,0xaa,0xaa,0xaa,0xaa,0xaa,0xaa,0xaa,0xaa,0xaa,0xaa,0xaa,
	0x4e,0x44,0x17,0x19,0x19,0x19,0x19,0x19,0x1d,0x2d,0x19,0x1b,0x1b,0x19,0x2d,0x25,
	0x24,0x24,0x23,0x22,0x27,0x2a,0x32,0x34,0x30,0x2e,0x2b,0x2b,0x2b,0x2b,0x2b,0x2b,
	0x2b,0x2b,0x2b,0x2b,0x2b,0x2b,0x2b,0x2b,0x2b,0x2b,0x2b,0x2b,0x34,0x3b,0x3e,0x40,
	0x40,0x40,0x40,0x40,0x40,0x40,0x40,0x40,0x40,0x40,0x40,0x40,0x40,0x40,0x3e,0x3c,
	0x1e,0x12,0x17,0x18,0x1a,0x1c,0x1d,0x1e,0x1b,0x14,0x0d,0x0b,0x0f,0x14,0x19,0x1e,
	0x0f,0x1d,0x14,0x19,0x16,0x16,0x26,0x11,0x2e,0x20,0x2a,0x2a,0x1b,0x26,0x2f,0x31,
	0x2d,0x27,0x24,0x22,0x19,0x26,0x60,0x66,0x69,0x69,0x6c,0x6c,0xa6,0xa6,0xa9,0xa9,
	0xaa,0xaa,0xaa,0xaa,0xaa,0xaa,0xaa,0xaa,0xaa,0xaa,0xaa,0xaa,0xaa,0xaa,0xaa,0xaa,
	0x4c,0x42,0x15,0x17,0x18,0x1a,0x1d,0x21,0x26,0x2c,0x25,0x13,0x13,0x25,0x2c,0x2b,
	0x1d,0x24,0x1c,0x1b,0x22,0x27,0x2b,0x2f,0x30,0x2e,0x2c,0x2c,0x25,0x3b,0x34,0x25,
	0x2a,0x35,0x2f,0x39,0x36,0x36,0x26,0x27,0x2c,0x35,0x2f,0x39,0x38,0x3c,0x3e,0x3f,
	0x3f,0x3f,0x3f,0x3f,0x25,0x44,0x36,0x3b,0x40,0x46,0x3a,0x3f,0x33,0x55,0x3f,0x3a,
	0x16,0x14,0x15,0x17,0x18,0x18,0x19,0x1b,0x1a,0x14,0x13,0x13,0x14,0x18,0x1c,0x21,
	0x28,0x19,0x2d,0x1a,0x07,0x14,0x13,0x1d,0x21,0x2e,0x21,0x23,0x2c,0x1e,0x2b,0x27,
	0x27,0x2a,0x2c,0x29,0x1f,0x25,0x66,0x68,0x69,0x69,0x6c,0x6c,0xa6,0xa6,0xa9,0xa9,
	0xaa,0xaa,0xaa,0xaa,0xaa,0xaa,0xaa,0xaa,0xaa,0xaa,0xaa,0xaa,0xaa,0xaa,0xaa,0xaa,
	0x4d,0x43,0x16,0x18,0x29,0x1d,0x15,0x20,0x23,0x2d,0x1b,0x1f,0x1f,0x1b,0x2d,0x29,
	0x2b,0x33,0x1d,0x24,0x24,0x27,0x2a,0x2c,0x2d,0x2c,0x2c,0x2c,0x1f,0x2d,0x24,0x33,
	0x26,0x39,0x2d,0x33,0x30,0x30,0x1e,0x36,0x29,0x3b,0x2f,0x34,0x37,0x3a,0x3d,0x3f,
	0x3f,0x3f,0x3f,0x3f,0x3f,0x3b,0x47,0x43,0x3d,0x4e,0x3a,0x36,0x36,0x35,0x46,0x47,
	0x1d,0x05,0x10,0x1d,0x1a,0x17,0x17,0x18,0x17,0x15,0x15,0x15,0x26,0x1a,0x12,0x1d,
	0x16,0x23,0x20,0x16,0x15,0x1e,0x26,0x25,0x2e,0x23,0x27,0x2a,0x23,0x2b,0x28,0x22,
	0x22,0x20,0x26,0x30,0x26,0x24,0x6b,0x6a,0x69,0x69,0x6c,0x6c,0xa6,0xa6,0xa9,0xa9,
	0xaa,0xaa,0xaa,0xaa,0xaa,0xaa,0xaa,0xaa,0xaa,0xaa,0xaa,0xaa,0xaa,0xaa,0xaa,0xaa,
	0x50,0x45,0x19,0x1a,0x21,0x18,0x97,0x90,0x98,0x95,0x2f,0x2d,0x2d,0x2f,0x95,0x83,
	0x8b,0x89,0x39,0x1e,0x20,0x23,0x27,0x2a,0x2c,0x2c,0x2c,0x2c,0x31,0x36,0x95,0x91,
	0x97,0x7e,0x3a,0x39,0x38,0x37,0x93,0x91,0x98,0x80,0x3d,0x3c,0x3b,0x3c,0x3d,0x3e,
	0x3f,0x3f,0x3f,0x3f,0x3f,0x4f,0x8c,0x89,0xa2,0x92,0x4b,0x43,0x39,0x4a,0x8f,0x96,
	0x8d,0x8b,0x0f,0x13,0x18,0x1d,0x19,0x17,0x18,0x17,0x17,0x17,0x1b,0x12,0x91,0x8a,
	0x8e,0x95,0x1a,0x11,0x26,0x03,0x36,0x4d,0x95,0x24,0x23,0x26,0x22,0x8f,0x8c,0x8c,
	0x8c,0x97,0x30,0x2d,0x27,0x23,0x6e,0x6b,0x69,0x69,0x6c,0x6c,0xa6,0xa6,0xa9,0xa9,
	0xaa,0xaa,0xaa,0xaa,0xaa,0xaa,0xaa,0xaa,0xaa,0xaa,0xaa,0xaa,0xaa,0xaa,0xaa,0xaa,
	0x52,0x48,0x1c,0x1d,0x21,0x82,0x92,0x29,0x22,0x8f,0x90,0x2b,0x2b,0x90,0x8f,0x27,
	0x15,0x91,0x88,0x18,0x1c,0x1f,0x23,0x27,0x2a,0x2b,0x2c,0x2c,0x2b,0x8e,0x82,0x3b,
	0x2f,0x92,0x87,0x38,0x28,0x97,0x8d,0x31,0x29,0x90,0x88,0x3a,0x3b,0x3c,0x3d,0x3e,
	0x3e,0x3e,0x3f,0x3f,0x37,0x91,0x92,0x4c,0x44,0xa1,0x8e,0x3f,0x3a,0x91,0x88,0x3a,
	0x13,0x90,0x9b,0x25,0x1a,0x16,0x18,0x1a,0x1b,0x19,0x19,0x19,0x19,0x7a,0x8a,0x21,
	0x1f,0x90,0x80,0x1a,0x1f,0x34,0x30,0x77,0x97,0x91,0x1e,0x21,0x91,0x92,0x1f,0x28,
	0x28,0x85,0x90,0x2d,0x28,0x23,0x70,0x6c,0x69,0x69,0x6c,0x6c,0xa6,0xa6,0xa9,0xa9,
	0xaa,0xaa,0xaa,0xaa,0xaa,0xaa,0xaa,0xaa,0xaa,0xaa,0xaa,0xaa,0xaa,0xaa,0xaa,0xaa,
	0x53,0x4b,0x1e,0x21,0x8a,0x88,0x31,0x28,0x2d,0x42,0x95,0x91,0x91,0x95,0x42,0x39,
	0x42,0x3c,0x8e,0x81,0x1f,0x18,0x3a,0x8d,0x90,0x32,0x28,0x39,0x90,0x93,0x3c,0x3b,
	0x32,0x32,0x95,0x97,0x94,0x93,0x2e,0x2b,0x2b,0x34,0xa0,0x89,0x40,0x39,0x44,0x99,
	0x82,0x42,0x2a,0x46,0x92,0x80,0x49,0x48,0x45,0x45,0x9c,0x8a,0x8a,0x9c,0x41,0x41,
	0x17,0x15,0x8c,0x96,0x1b,0x13,0x18,0x1d,0x21,0x26,0x26,0x25,0x95,0x8f,0x38,0x30,
	0x24,0x28,0x95,0x95,0x24,0x1c,0x80,0x88,0x90,0x86,0x24,0x36,0x33,0x30,0x2f,0x30,
	0x2d,0x8e,0x98,0x30,0x2a,0x2b,0x65,0x6a,0x69,0x69,0x6c,0x6c,0xa6,0xa6,0xa9,0xa9,
	0xaa,0xaa,0xaa,0xaa,0xaa,0xaa,0xaa,0xaa,0xaa,0xaa,0xaa,0xaa,0xaa,0xaa,0xaa,0xaa,
	0x55,0x4d,0x21,0x24,0x7e,0x8b,0x2a,0x32,0x33,0x37,0x96,0x8e,0x8e,0x96,0x37,0x3c,
	0x48,0x36,0x9a,0x95,0x2d,0x23,0x2a,0x7d,0x8d,0x29,0x3f,0x3c,0x8a,0x9c,0x2d,0x2b,
	0x2d,0x39,0x91,0x88,0x89,0x94,0x3a,0x2c,0x35,0x2e,0xaa,0x94,0x40,0x39,0x35,0x86,
	0x86,0x32,0x3d,0x4e,0x98,0xa0,0x4f,0x43,0x41,0x3f,0x8c,0x90,0x92,0x91,0x44,0x47,
	0x19,0x17,0x8e,0xa6,0x19,0x15,0x19,0x1e,0x28,0x35,0x33,0x2f,0x8b,0x91,0x2f,0x2e,
	0x25,0x2f,0x9c,0x8a,0x31,0x8f,0x88,0x31,0x8e,0x97,0x31,0x24,0x30,0x27,0x29,0x37,
	0x86,0x7c,0x39,0x10,0x31,0x2d,0x65,0x6a,0x69,0x69,0x6c,0x6c,0xa6,0xa6,0xa9,0xa9,
	0xaa,0xaa,0xaa,0xaa,0xaa,0xaa,0xaa,0xaa,0xaa,0xaa,0xaa,0xaa,0xaa,0xaa,0xaa,0xaa,
	0x56,0x4f,0x25,0x28,0x97,0x9c,0x39,0x8c,0x89,0x2e,0x9a,0x87,0x87,0x9a,0x2e,0x7b,
	0x93,0x40,0x8c,0x96,0x3a,0x3b,0x30,0x49,0x32,0x29,0x43,0x28,0x94,0x9a,0x33,0x98,
	0x8d,0x2e,0x8d,0x93,0x93,0x8b,0x29,0x81,0x8f,0x37,0x98,0x93,0x40,0x48,0x42,0x51,
	0x50,0x43,0x4f,0x3f,0x97,0x8f,0x3d,0x87,0x90,0x3f,0x86,0x88,0x8b,0x8b,0x45,0x92,
	0x87,0x0c,0x91,0x98,0x18,0x16,0x1a,0x1e,0x2b,0x36,0x31,0x29,0x9f,0x97,0x3c,0x8c,
	0x91,0x2c,0x90,0x92,0x98,0x9a,0x1d,0x40,0x92,0x9a,0x2b,0x27,0x31,0x1a,0x20,0x6f,
	0x81,0x2f,0x2f,0x28,0x26,0x26,0x66,0x77,0x69,0x69,0x6c,0x6c,0xa6,0xa6,0xa9,0xa9,
	0xaa,0xaa,0xaa,0xaa,0xaa,0xaa,0xaa,0xaa,0xaa,0xaa,0xaa,0xaa,0xaa,0xaa,0xaa,0xaa,
	0x56,0x50,0x26,0x29,0x94,0x8e,0x2a,0x8e,0x9b,0x2f,0x8e,0x87,0x87,0x8e,0x2f,0x8d,
	0x91,0x46,0x82,0x94,0x44,0x3b,0x29,0x33,0x1e,0x30,0x34,0x26,0x98,0x8d,0x38,0x97,
	0x9d,0x33,0x9a,0x8d,0x8b,0x94,0x29,0x8b,0x92,0x3f,0x8a,0x8e,0x40,0x3f,0x40,0x3a,
	0x37,0x3f,0x43,0x3e,0x95,0x82,0x45,0x8b,0x8a,0x40,0x97,0x91,0x93,0x99,0x41,0x87,
	0x8d,0x27,0x8e,0x8d,0x17,0x17,0x1b,0x1d,0x2c,0x34,0x2c,0x23,0xa3,0x93,0x34,0x9f,
	0x9f,0x32,0x9d,0x99,0x8a,0x91,0x6a,0x99,0x93,0x8f,0x80,0x2e,0x28,0x30,0x92,0x7c,
	0x29,0x2a,0x3a,0x2a,0x28,0x25,0x6b,0x6a,0x69,0x69,0x6c,0x6c,0xa6,0xa6,0xa9,0xa9,
	0xaa,0xaa,0xaa,0xaa,0xaa,0xaa,0xaa,0xaa,0xaa,0xaa,0xaa,0xaa,0xaa,0xaa,0xaa,0xaa,
	0x56,0x50,0x26,0x29,0x92,0x86,0x30,0x23,0x2f,0x3a,0x91,0x8a,0x8a,0x91,0x3a,0x3c,
	0x35,0x2d,0x98,0x93,0x33,0x46,0x37,0x34,0x3b,0x3f,0x33,0x20,0x8c,0x92,0x2d,0x2c,
	0x3f,0x2f,0x96,0x95,0x93,0x92,0x29,0x36,0x38,0x2a,0x9c,0x8a,0x2b,0x43,0x4c,0x37,
	0x42,0x44,0x48,0x40,0x90,0x98,0x50,0x44,0x37,0x41,0x93,0x99,0x9a,0x93,0x40,0x35,
	0x1b,0x04,0x8d,0x8e,0x11,0x11,0x11,0x26,0x35,0x28,0x30,0x32,0x8f,0x9a,0x29,0x33,
	0x38,0x3e,0x93,0x89,0x22,0x2e,0x29,0x24,0x8f,0x80,0x39,0x18,0x31,0x8a,0x80,0x1f,
	0x1c,0x2e,0x26,0x13,0x29,0x28,0x61,0x63,0x69,0x69,0x6c,0x6c,0xa6,0xa6,0xa9,0xa9,
	0xaa,0xaa,0xaa,0xaa,0xaa,0xaa,0xaa,0xaa,0xaa,0xaa,0xaa,0xaa,0xaa,0xaa,0xaa,0xaa,
	0x56,0x50,0x26,0x29,0x93,0x95,0x2a,0x2a,0x2d,0x2f,0x85,0x97,0x97,0x85,0x2f,0x38,
	0x2d,0x2e,0x94,0x8c,0x46,0x47,0x31,0x89,0x8e,0x39,0x27,0x33,0x8e,0x93,0x38,0x23,
	0x1f,0x36,0x8c,0x98,0x97,0x8a,0x33,0x1e,0x27,0x31,0x95,0x81,0x41,0x3f,0x41,0x88,
	0x91,0x3e,0x3e,0x4b,0x8b,0x8e,0x49,0x35,0x30,0x47,0x7f,0x8c,0x8d,0x81,0x4a,0x34,
	0x11,0x17,0x8d,0x93,0x06,0x1b,0x10,0x0e,0x31,0x25,0x33,0x37,0x91,0x98,0x2d,0x2c,
	0x39,0x25,0x86,0x89,0x24,0x1a,0x32,0x49,0x97,0x8a,0x29,0x2b,0x8c,0x82,0x27,0x23,
	0x2a,0x31,0x40,0x21,0x28,0x2b,0x5a,0x6c,0x68,0x69,0x6c,0x6c,0xa6,0xa6,0xa9,0xa9,
	0xaa,0xaa,0xaa,0xaa,0xaa,0xaa,0xaa,0xaa,0xaa,0xaa,0xaa,0xaa,0xaa,0xaa,0xaa,0xaa,
	0x55,0x4f,0x25,0x28,0x2b,0x91,0x85,0x3a,0x32,0x92,0x9b,0x30,0x30,0x9b,0x92,0x39,
	0x35,0x8e,0x8b,0x44,0x42,0x4f,0x35,0x99,0x9e,0x4c,0x3e,0x32,0x52,0x8d,0x88,0x32,
	0x30,0x96,0x9a,0x34,0x33,0x9a,0x95,0x2c,0x2c,0x97,0x8a,0x37,0x44,0x47,0x3d,0x94,
	0x93,0x45,0x43,0x36,0x4d,0x89,0x8b,0x3d,0x3b,0x88,0x8a,0x46,0x49,0x90,0x8f,0x41,
	0x2b,0x8a,0x9a,0x23,0x19,0x0f,0x1a,0x83,0x7b,0x2d,0x36,0x31,0x2d,0x89,0x8d,0x35,
	0x30,0x80,0x89,0x29,0x2e,0x2a,0x1a,0x1e,0x91,0x88,0x3b,0x3d,0x81,0x83,0x36,0x3a,
	0x28,0x7e,0x72,0x28,0x29,0x2c,0x6c,0x6a,0x68,0x69,0x6c,0x6c,0xa6,0xa6,0xa9,0xa9,
	0xaa,0xaa,0xaa,0xaa,0xaa,0xaa,0xaa,0xaa,0xaa,0xaa,0xaa,0xaa,0xaa,0xaa,0xaa,0xaa,
	0x55,0x4f,0x25,0x28,0x28,0x34,0x90,0x81,0x99,0x97,0x2d,0x2e,0x2e,0x2d,0x97,0x8e,
	0x97,0x88,0x3a,0x37,0x45,0x41,0x3c,0x3f,0x3f,0x46,0x3f,0x41,0x41,0x3f,0x85,0x8b,
	0x8d,0x95,0x33,0x27,0x28,0x34,0x95,0x8d,0x8c,0x94,0x39,0x2a,0x4b,0x38,0x3e,0x37,
	0x3c,0x45,0x41,0x41,0x46,0x47,0x89,0x95,0x90,0x91,0x3b,0x3c,0x3d,0x3f,0x96,0x92,
	0x98,0x89,0x1f,0x29,0x1b,0x19,0x24,0x8e,0x8c,0x35,0x37,0x2a,0x26,0x36,0x89,0x7d,
	0x8c,0x8e,0x30,0x2d,0x41,0x23,0x3a,0x91,0x93,0x9a,0x89,0x32,0x8a,0x86,0x93,0x86,
	0x99,0x94,0x7d,0x28,0x18,0x2c,0x6c,0x6c,0x68,0x69,0x6c,0x6c,0xa6,0xa6,0xa9,0xa9,
	0xaa,0xaa,0xaa,0xaa,0xaa,0xaa,0xaa,0xaa,0xaa,0xaa,0xaa,0xaa,0xaa,0xaa,0xaa,0xaa,
	0x55,0x4f,0x25,0x28,0x26,0x26,0x27,0x28,0x29,0x2b,0x2c,0x2a,0x2b,0x2e,0x30,0x33,
	0x36,0x38,0x3f,0x3e,0x3e,0x3e,0x3e,0x3e,0x3d,0x3d,0x3d,0x3d,0x40,0x41,0x42,0x3d,
	0x37,0x33,0x32,0x30,0x2f,0x2f,0x30,0x31,0x34,0x37,0x3a,0x3d,0x3f,0x40,0x40,0x40,
	0x3f,0x3f,0x3f,0x3f,0x3f,0x3f,0x3f,0x3f,0x3f,0x40,0x40,0x40,0x3f,0x3f,0x3b,0x37,
	0x1f,0x1b,0x18,0x18,0x18,0x18,0x17,0x17,0x16,0x16,0x16,0x17,0x1e,0x27,0x30,0x33,
	0x34,0x32,0x2f,0x2d,0x2c,0x2a,0x27,0x25,0x23,0x22,0x22,0x24,0x25,0x25,0x25,0x25,
	0x27,0x2d,0x2f,0x24,0x2d,0x2f,0x66,0x6d,0x68,0x69,0x6c,0x6c,0xa6,0xa6,0xa9,0xa9,
	0xaa,0xaa,0xaa,0xaa,0xaa,0xaa,0xaa,0xaa,0xaa,0xaa,0xaa,0xaa,0xaa,0xaa,0xaa,0xaa,
	0x54,0x4e,0x24,0x27,0x27,0x27,0x28,0x2a,0x2b,0x2a,0x29,0x29,0x2d,0x31,0x34,0x37,
	0x38,0x3a,0x3c,0x3d,0x3d,0x3d,0x3d,0x3d,0x3d,0x3d,0x3d,0x3d,0x3c,0x3b,0x3a,0x37,
	0x35,0x34,0x31,0x30,0x2f,0x2f,0x30,0x32,0x35,0x37,0x3a,0x3c,0x3d,0x3f,0x40,0x40,
	0x3f,0x3f,0x40,0x40,0x40,0x40,0x40,0x40,0x3f,0x3f,0x3f,0x3e,0x3e,0x3e,0x3b,0x37,
	0x1f,0x1b,0x18,0x18,0x18,0x18,0x18,0x17,0x16,0x16,0x16,0x17,0x1d,0x26,0x2e,0x32,
	0x32,0x2f,0x2d,0x2d,0x2b,0x29,0x28,0x27,0x25,0x24,0x24,0x23,0x25,0x25,0x23,0x20,
	0x1e,0x22,0x25,0x27,0x2f,0x33,0x62,0x6c,0x68,0x69,0x6c,0x6c,0xa6,0xa6,0xa9,0xa9,
	0xaa,0xaa,0xaa,0xaa,0xaa,0xaa,0xaa,0xaa,0xaa,0xaa,0xaa,0xaa,0xaa,0xaa,0xaa,0xaa,
	0x54,0x4e,0x24,0x27,0x27,0x27,0x28,0x2a,0x2a,0x28,0x28,0x2c,0x30,0x34,0x36,0x38,
	0x3a,0x3b,0x3d,0x3d,0x3d,0x3d,0x3d,0x3d,0x3d,0x3d,0x3d,0x3d,0x3c,0x3b,0x3a,0x38,
	0x36,0x33,0x32,0x31,0x30,0x30,0x30,0x33,0x34,0x37,0x3a,0x3b,0x3d,0x40,0x41,0x41,
	0x41,0x41,0x42,0x42,0x41,0x40,0x40,0x40,0x3f,0x3f,0x3f,0x3f,0x3f,0x3f,0x3c,0x38,
	0x1f,0x1c,0x19,0x19,0x19,0x18,0x17,0x17,0x16,0x15,0x15,0x16,0x1c,0x23,0x2b,0x30,
	0x31,0x2f,0x2e,0x2d,0x2c,0x2c,0x2b,0x2a,0x28,0x26,0x25,0x25,0x25,0x24,0x23,0x22,
	0x25,0x2b,0x2b,0x22,0x22,0x2d,0x68,0x71,0x68,0x69,0x6c,0x6c,0xa6,0xa6,0xa9,0xa9,
	0xaa,0xaa,0xaa,0xaa,0xaa,0xaa,0xaa,0xaa,0xaa,0xaa,0xaa,0xaa,0xaa,0xaa,0xaa,0xaa,
	0x55,0x4f,0x25,0x28,0x28,0x28,0x28,0x29,0x28,0x28,0x2a,0x2e,0x32,0x35,0x37,0x39,
	0x39,0x39,0x3d,0x3d,0x3d,0x3d,0x3d,0x3d,0x3d,0x3d,0x3d,0x3d,0x3c,0x3b,0x3a,0x37,
	0x36,0x35,0x32,0x31,0x31,0x30,0x31,0x32,0x34,0x37,0x3a,0x3c,0x3f,0x40,0x40,0x41,
	0x42,0x42,0x42,0x42,0x41,0x40,0x3f,0x3f,0x3f,0x3f,0x3f,0x3f,0x3f,0x40,0x3d,0x39,
	0x20,0x1b,0x18,0x18,0x18,0x17,0x17,0x16,0x15,0x15,0x14,0x15,0x19,0x20,0x27,0x2c,
	0x2d,0x2c,0x2c,0x2d,0x2e,0x30,0x2e,0x2d,0x2b,0x29,0x27,0x25,0x24,0x24,0x24,0x25,
	0x29,0x30,0x31,0x25,0x1e,0x2b,0x69,0x6e,0x68,0x69,0x6c,0x6c,0xa6,0xa6,0xa9,0xa9,
	0xaa,0xaa,0xaa,0xaa,0xaa,0xaa,0xaa,0xaa,0xaa,0xaa,0xaa,0xaa,0xaa,0xaa,0xaa,0xaa,
	0x56,0x4e,0x23,0x26,0x22,0x1f,0x20,0x21,0x23,0x26,0x2a,0x2e,0x32,0x35,0x37,0x39,
	0x39,0x3a,0x3d,0x3d,0x3d,0x3d,0x3d,0x3d,0x3d,0x3d,0x3d,0x3d,0x3c,0x3c,0x39,0x38,
	0x37,0x35,0x34,0x32,0x31,0x31,0x32,0x33,0x35,0x37,0x38,0x3a,0x3d,0x3f,0x40,0x40,
	0x40,0x40,0x41,0x41,0x40,0x40,0x3f,0x3f,0x3f,0x40,0x40,0x40,0x40,0x3f,0x3c,0x38,
	0x1f,0x1a,0x17,0x17,0x17,0x17,0x17,0x17,0x16,0x14,0x13,0x13,0x17,0x1c,0x23,0x27,
	0x29,0x28,0x29,0x2c,0x2e,0x2e,0x30,0x31,0x31,0x31,0x30,0x30,0x2f,0x27,0x29,0x20,
	0x33,0x30,0x32,0x2c,0x22,0x2b,0x67,0x68,0x68,0x69,0x6c,0x6c,0xa6,0xa6,0xa9,0xa9,
	0xaa,0xaa,0xaa,0xaa,0xaa,0xaa,0xaa,0xaa,0xaa,0xaa,0xaa,0xaa,0xaa,0xaa,0xaa,0xaa,
	0x55,0x4d,0x21,0x23,0x20,0x1f,0x1f,0x20,0x22,0x24,0x27,0x2a,0x2e,0x32,0x35,0x38,
	0x39,0x3a,0x3d,0x3d,0x3d,0x3d,0x3d,0x3d,0x3d,0x3d,0x3d,0x3d,0x3c,0x3c,0x39,0x38,
	0x37,0x36,0x35,0x33,0x32,0x32,0x31,0x32,0x35,0x36,0x37,0x39,0x3c,0x3d,0x3e,0x3f,
	0x40,0x41,0x42,0x42,0x42,0x41,0x41,0x41,0x41,0x41,0x40,0x40,0x40,0x3f,0x3c,0x38,
	0x1e,0x1a,0x17,0x17,0x17,0x17,0x17,0x17,0x16,0x14,0x12,0x12,0x14,0x19,0x1f,0x21,
	0x23,0x22,0x25,0x26,0x29,0x2e,0x30,0x32,0x32,0x31,0x30,0x2f,0x2f,0x31,0x2b,0x0d,
	0x40,0x2f,0x2d,0x30,0x26,0x2a,0x65,0x64,0x68,0x69,0x6c,0x6c,0xa6,0xa6,0xa9,0xa9,
	0xaa,0xaa,0xaa,0xaa,0xaa,0xaa,0xaa,0xaa,0xaa,0xaa,0xaa,0xaa,0xaa,0xaa,0xaa,0xaa,
	0x55,0x4c,0x1f,0x21,0x20,0x20,0x1f,0x1f,0x20,0x21,0x24,0x26,0x29,0x2d,0x30,0x34,
	0x38,0x3b,0x3d,0x3d,0x3e,0x3e,0x3e,0x3d,0x3d,0x3d,0x3d,0x3d,0x3c,0x3c,0x3a,0x39,
	0x38,0x37,0x36,0x34,0x33,0x32,0x32,0x32,0x33,0x34,0x35,0x37,0x3a,0x3b,0x3c,0x3e,
	0x3f,0x40,0x42,0x43,0x41,0x41,0x40,0x40,0x40,0x40,0x3f,0x3f,0x3f,0x3f,0x3c,0x38,
	0x1e,0x1a,0x17,0x17,0x17,0x17,0x17,0x17,0x17,0x15,0x13,0x12,0x14,0x17,0x1c,0x1d,
	0x1d,0x1c,0x1d,0x20,0x28,0x2e,0x2f,0x31,0x32,0x30,0x31,0x2e,0x2f,0x26,0x29,0x8e,
	0x79,0x2f,0x21,0x2c,0x26,0x28,0x65,0x68,0x68,0x69,0x6c,0x6c,0xa6,0xa6,0xa9,0xa9,
	0xaa,0xaa,0xaa,0xaa,0xaa,0xaa,0xaa,0xaa,0xaa,0xaa,0xaa,0xaa,0xaa,0xaa,0xaa,0xaa,
	0x57,0x4d,0x20,0x22,0x22,0x22,0x21,0x20,0x20,0x20,0x22,0x24,0x26,0x29,0x2d,0x32,
	0x38,0x3c,0x3e,0x3e,0x3f,0x40,0x3f,0x3e,0x3e,0x3d,0x3d,0x3d,0x3c,0x3c,0x3b,0x39,
	0x38,0x37,0x36,0x34,0x33,0x33,0x32,0x31,0x32,0x33,0x33,0x35,0x38,0x3a,0x3b,0x3d,
	0x3e,0x40,0x43,0x44,0x42,0x41,0x40,0x40,0x40,0x40,0x40,0x40,0x40,0x40,0x3d,0x39,
	0x1e,0x1a,0x17,0x17,0x17,0x17,0x17,0x17,0x17,0x16,0x14,0x13,0x14,0x16,0x19,0x19,
	0x18,0x16,0x19,0x1c,0x27,0x2d,0x2f,0x31,0x32,0x2f,0x33,0x2e,0x2f,0x26,0x98,0x8d,
	0x89,0x2f,0x19,0x27,0x24,0x24,0x69,0x6c,0x68,0x69,0x6c,0x6c,0xa6,0xa6,0xa9,0xa9,
	0xaa,0xaa,0xaa,0xaa,0xaa,0xaa,0xaa,0xaa,0xaa,0xaa,0xaa,0xaa,0xaa,0xaa,0xaa,0xaa,
	0x57,0x4d,0x20,0x22,0x22,0x22,0x22,0x22,0x21,0x21,0x21,0x23,0x25,0x25,0x28,0x2c,
	0x32,0x39,0x3d,0x3f,0x40,0x40,0x3f,0x3e,0x3d,0x3d,0x3d,0x3d,0x3c,0x3b,0x3a,0x38,
	0x37,0x37,0x35,0x34,0x32,0x32,0x31,0x31,0x32,0x32,0x32,0x33,0x33,0x35,0x37,0x39,
	0x3a,0x3c,0x3e,0x41,0x41,0x42,0x41,0x41,0x40,0x40,0x40,0x40,0x40,0x40,0x3d,0x39,
	0x1e,0x1a,0x17,0x17,0x17,0x17,0x17,0x17,0x17,0x16,0x15,0x14,0x15,0x16,0x18,0x17,
	0x16,0x15,0x17,0x1a,0x29,0x2e,0x31,0x32,0x31,0x2f,0x39,0x31,0x31,0x8b,0x9a,0x97,
	0x96,0x25,0x28,0x25,0x25,0x23,0x6a,0x6d,0x68,0x69,0x6c,0x6c,0xa6,0xa6,0xa9,0xa9,
	0xaa,0xaa,0xaa,0xaa,0xaa,0xaa,0xaa,0xaa,0xaa,0xaa,0xaa,0xaa,0xaa,0xaa,0xaa,0xaa,
	0x57,0x4d,0x20,0x22,0x22,0x22,0x22,0x22,0x21,0x21,0x21,0x22,0x23,0x23,0x25,0x26,
	0x29,0x31,0x3c,0x40,0x40,0x41,0x3e,0x3d,0x3c,0x3c,0x3c,0x3c,0x3b,0x3a,0x39,0x38,
	0x36,0x35,0x35,0x33,0x32,0x32,0x31,0x31,0x31,0x31,0x31,0x31,0x32,0x32,0x33,0x34,
	0x36,0x37,0x38,0x3a,0x40,0x44,0x43,0x43,0x42,0x42,0x41,0x41,0x41,0x41,0x3e,0x3a,
	0x1e,0x1a,0x17,0x17,0x17,0x17,0x17,0x17,0x17,0x16,0x16,0x15,0x16,0x16,0x17,0x17,
	0x16,0x16,0x17,0x18,0x2e,0x31,0x32,0x32,0x30,0x30,0x39,0x37,0x2b,0x39,0x3f,0x92,
	0x96,0x1d,0x1b,0x21,0x2b,0x23,0x68,0x6b,0x68,0x69,0x6c,0x6c,0xa6,0xa6,0xa9,0xa9,
	0xaa,0xaa,0xaa,0xaa,0xaa,0xaa,0xaa,0xaa,0xaa,0xaa,0xaa,0xaa,0xaa,0xaa,0xaa,0xaa,
	0x58,0x4e,0x21,0x23,0x23,0x23,0x23,0x23,0x23,0x23,0x23,0x23,0x23,0x23,0x22,0x22,
	0x23,0x27,0x2f,0x37,0x3d,0x3f,0x3f,0x3c,0x3b,0x3a,0x3a,0x3a,0x3a,0x39,0x37,0x36,
	0x36,0x35,0x35,0x33,0x33,0x32,0x31,0x31,0x31,0x31,0x30,0x30,0x30,0x30,0x31,0x32,
	0x34,0x35,0x36,0x37,0x38,0x3b,0x40,0x43,0x44,0x43,0x42,0x42,0x41,0x41,0x3e,0x3a,
	0x1e,0x1a,0x17,0x17,0x17,0x17,0x17,0x17,0x17,0x17,0x17,0x17,0x17,0x17,0x17,0x17,
	0x17,0x17,0x17,0x17,0x33,0x33,0x33,0x33,0x31,0x35,0x31,0x2e,0x37,0x47,0x3d,0x8d,
	0x94,0x26,0x20,0x21,0x2a,0x24,0x66,0x6d,0x68,0x69,0x6c,0x6c,0xa6,0xa6,0xa9,0xa9,
	0xaa,0xaa,0xaa,0xaa,0xaa,0xaa,0xaa,0xaa,0xaa,0xaa,0xaa,0xaa,0xaa,0xaa,0xaa,0xaa,
	0x57,0x4d,0x20,0x22,0x22,0x22,0x22,0x22,0x22,0x22,0x22,0x22,0x22,0x22,0x22,0x22,
	0x23,0x24,0x26,0x2a,0x32,0x38,0x39,0x38,0x37,0x37,0x38,0x38,0x38,0x38,0x37,0x36,
	0x35,0x35,0x35,0x33,0x33,0x32,0x31,0x30,0x30,0x30,0x2f,0x2e,0x2e,0x2e,0x2f,0x31,
	0x32,0x33,0x35,0x36,0x37,0x38,0x3a,0x3d,0x41,0x45,0x44,0x44,0x43,0x43,0x3f,0x3b,
	0x1e,0x1a,0x17,0x17,0x17,0x17,0x17,0x17,0x17,0x17,0x17,0x17,0x17,0x17,0x17,0x17,
	0x17,0x17,0x17,0x17,0x33,0x33,0x33,0x33,0x36,0x27,0x2e,0x37,0x2e,0x34,0x31,0x84,
	0x93,0x37,0x30,0x24,0x27,0x25,0x66,0x6d,0x68,0x69,0x6c,0x6c,0xa6,0xa6,0xa9,0xa9,
	0xaa,0xaa,0xaa,0xaa,0xaa,0xaa,0xaa,0xaa,0xaa,0xaa,0xaa,0xaa,0xaa,0xaa,0xaa,0xaa,
	0x55,0x4b,0x1e,0x20,0x20,0x20,0x20,0x20,0x20,0x20,0x20,0x20,0x20,0x20,0x20,0x21,
	0x22,0x24,0x26,0x27,0x2b,0x2f,0x30,0x31,0x33,0x34,0x34,0x35,0x36,0x37,0x36,0x35,
	0x35,0x35,0x34,0x33,0x33,0x32,0x31,0x30,0x2f,0x2f,0x2e,0x2e,0x2e,0x2f,0x2f,0x30,
	0x31,0x31,0x32,0x34,0x35,0x36,0x37,0x39,0x3b,0x3e,0x42,0x45,0x44,0x44,0x40,0x3c,
	0x1e,0x1a,0x17,0x17,0x17,0x17,0x17,0x17,0x17,0x17,0x17,0x17,0x17,0x17,0x17,0x17,
	0x17,0x17,0x17,0x17,0x18,0x1a,0x1b,0x1c,0x30,0x22,0x2b,0x35,0x2f,0x35,0x2f,0x82,
	0x90,0x2f,0x23,0x1f,0x2b,0x26,0x62,0x70,0x69,0x69,0x6c,0x6c,0xa6,0xa6,0xa9,0xa9,
	0xaa,0xaa,0xaa,0xaa,0xaa,0xaa,0xaa,0xaa,0xaa,0xaa,0xaa,0xaa,0xaa,0xaa,0xaa,0xaa,
	0x54,0x4a,0x1d,0x1f,0x1f,0x1f,0x1f,0x1f,0x1f,0x1f,0x1f,0x1f,0x1f,0x1f,0x1f,0x20,
	0x22,0x23,0x25,0x26,0x2a,0x2c,0x2d,0x2e,0x30,0x31,0x33,0x34,0x35,0x36,0x35,0x34,
	0x34,0x34,0x34,0x33,0x32,0x32,0x31,0x31,0x30,0x2f,0x2e,0x2e,0x2e,0x2f,0x2f,0x30,
	0x31,0x32,0x32,0x33,0x34,0x35,0x36,0x38,0x39,0x3a,0x3c,0x3f,0x43,0x46,0x42,0x3e,
	0x1e,0x1a,0x17,0x17,0x17,0x17,0x17,0x17,0x17,0x17,0x17,0x17,0x17,0x17,0x17,0x17,
	0x17,0x17,0x17,0x17,0x1a,0x1c,0x1e,0x20,0x25,0x2b,0x2b,0x2c,0x3a,0x49,0x39,0x88,
	0x8d,0x24,0x10,0x19,0x31,0x28,0x5e,0x73,0x69,0x69,0x6c,0x6c,0xa6,0xa6,0xa9,0xa9,
	0xaa,0xaa,0xaa,0xaa,0xaa,0xaa,0xaa,0xaa,0xaa,0xaa,0xaa,0xaa,0xaa,0xaa,0xaa,0xaa,
	0x54,0x4a,0x1d,0x1f,0x1f,0x1f,0x1f,0x1f,0x1f,0x1f,0x1f,0x1f,0x1f,0x1f,0x1f,0x20,
	0x22,0x23,0x24,0x25,0x28,0x29,0x2c,0x2d,0x2f,0x2f,0x31,0x32,0x33,0x35,0x34,0x34,
	0x34,0x35,0x34,0x34,0x34,0x33,0x32,0x32,0x31,0x30,0x2f,0x2f,0x2f,0x30,0x2f,0x30,
	0x31,0x31,0x32,0x33,0x33,0x33,0x34,0x36,0x37,0x38,0x39,0x3b,0x3d,0x40,0x41,0x3f,
	0x1d,0x19,0x17,0x17,0x17,0x17,0x17,0x17,0x17,0x17,0x17,0x17,0x17,0x17,0x17,0x17,
	0x17,0x17,0x17,0x17,0x1b,0x1d,0x20,0x23,0x23,0x25,0x34,0x37,0x32,0x3d,0x38,0x88,
	0x8d,0x44,0x34,0x21,0x28,0x27,0x60,0x73,0x6a,0x69,0x6c,0x6c,0xa6,0xa6,0xa9,0xa9,
	0xaa,0xaa,0xaa,0xaa,0xaa,0xaa,0xaa,0xaa,0xaa,0xaa,0xaa,0xaa,0xaa,0xaa,0xaa,0xaa,
	0x55,0x4b,0x1e,0x20,0x20,0x20,0x20,0x20,0x20,0x20,0x20,0x20,0x20,0x20,0x20,0x20,
	0x21,0x22,0x24,0x25,0x27,0x28,0x2a,0x2c,0x2e,0x2e,0x30,0x31,0x32,0x34,0x34,0x34,
	0x35,0x36,0x35,0x35,0x35,0x34,0x33,0x33,0x33,0x32,0x31,0x30,0x30,0x31,0x31,0x31,
	0x32,0x32,0x32,0x33,0x33,0x33,0x33,0x34,0x35,0x36,0x36,0x38,0x38,0x3a,0x3b,0x3b,
	0x1b,0x19,0x17,0x17,0x17,0x17,0x17,0x17,0x17,0x17,0x17,0x17,0x17,0x17,0x17,0x17,
	0x17,0x17,0x17,0x17,0x1b,0x1e,0x22,0x25,0x24,0x22,0x38,0x30,0x3a,0x8f,0x8d,0x82,
	0x8c,0x76,0x6b,0x2a,0x1d,0x25,0x65,0x70,0x6a,0x69,0x6c,0x6c,0xa6,0xa6,0xa9,0xa9,
	0xaa,0xaa,0xaa,0xaa,0xaa,0xaa,0xaa,0xaa,0xaa,0xaa,0xaa,0xaa,0xaa,0xaa,0xaa,0xaa,
	0x55,0x4b,0x1e,0x20,0x20,0x20,0x20,0x20,0x20,0x20,0x20,0x20,0x20,0x20,0x20,0x20,
	0x21,0x22,0x23,0x24,0x24,0x26,0x29,0x2c,0x2e,0x2e,0x2f,0x30,0x31,0x31,0x32,0x33,
	0x34,0x34,0x35,0x34,0x34,0x33,0x33,0x33,0x32,0x32,0x32,0x31,0x31,0x31,0x32,0x32,
	0x32,0x33,0x33,0x33,0x34,0x34,0x34,0x34,0x35,0x35,0x36,0x36,0x37,0x38,0x38,0x38,
	0x1c,0x19,0x19,0x17,0x18,0x18,0x18,0x18,0x18,0x18,0x18,0x18,0x18,0x18,0x18,0x18,
	0x18,0x18,0x18,0x18,0x1b,0x1f,0x22,0x25,0x27,0x2a,0x2c,0x2d,0x2a,0x2a,0x2a,0x2b,
	0x2f,0x31,0x31,0x2e,0x23,0x24,0x67,0x6e,0x6a,0x69,0x6c,0x6c,0xa6,0xa6,0xa9,0xa9,
	0xaa,0xaa,0xaa,0xaa,0xaa,0xaa,0xaa,0xaa,0xaa,0xaa,0xaa,0xaa,0xaa,0xaa,0xaa,0xaa,
	0x55,0x4b,0x1e,0x20,0x20,0x20,0x20,0x20,0x20,0x20,0x20,0x20,0x20,0x20,0x20,0x21,
	0x21,0x22,0x22,0x23,0x1f,0x21,0x28,0x2e,0x2f,0x2e,0x2e,0x2f,0x2f,0x2f,0x30,0x30,
	0x31,0x31,0x32,0x31,0x31,0x31,0x31,0x31,0x31,0x31,0x31,0x30,0x30,0x30,0x31,0x32,
	0x33,0x34,0x34,0x35,0x35,0x35,0x35,0x36,0x36,0x36,0x37,0x37,0x37,0x37,0x37,0x34,
	0x21,0x18,0x1e,0x19,0x19,0x18,0x18,0x18,0x18,0x18,0x18,0x18,0x18,0x18,0x18,0x18,
	0x18,0x18,0x18,0x18,0x1b,0x1e,0x21,0x25,0x29,0x2b,0x2d,0x2e,0x2e,0x2e,0x2e,0x2e,
	0x2c,0x29,0x28,0x28,0x24,0x24,0x67,0x6e,0x6a,0x69,0x6c,0x6c,0xa6,0xa6,0xa9,0xa9,
	0xaa,0xaa,0xaa,0xaa,0xaa,0xaa,0xaa,0xaa,0xaa,0xaa,0xaa,0xaa,0xaa,0xaa,0xaa,0xaa,
	0x56,0x4c,0x1f,0x21,0x21,0x21,0x21,0x21,0x21,0x21,0x21,0x21,0x21,0x21,0x21,0x21,
	0x21,0x21,0x22,0x22,0x1c,0x1f,0x29,0x30,0x31,0x2f,0x2e,0x2e,0x2e,0x2e,0x2f,0x2f,
	0x2f,0x30,0x30,0x30,0x30,0x30,0x30,0x30,0x30,0x30,0x30,0x30,0x30,0x30,0x30,0x31,
	0x31,0x31,0x32,0x32,0x32,0x32,0x32,0x33,0x34,0x34,0x35,0x35,0x35,0x35,0x35,0x37,
	0x35,0x2e,0x27,0x22,0x1c,0x19,0x18,0x18,0x18,0x18,0x18,0x18,0x18,0x18,0x18,0x18,
	0x18,0x18,0x18,0x18,0x1a,0x1d,0x20,0x23,0x25,0x26,0x27,0x27,0x27,0x27,0x27,0x28,
	0x28,0x28,0x27,0x24,0x25,0x24,0x68,0x6f,0x6a,0x69,0x6c,0x6c,0xa6,0xa6,0xa9,0xa9,
	0xaa,0xaa,0xaa,0xaa,0xaa,0xaa,0xaa,0xaa,0xaa,0xaa,0xaa,0xaa,0xaa,0xaa,0xaa,0xaa,
	0x56,0x4c,0x1f,0x21,0x21,0x21,0x21,0x21,0x21,0x21,0x21,0x21,0x21,0x21,0x21,0x21,
	0x21,0x21,0x21,0x21,0x1b,0x1f,0x2a,0x33,0x32,0x30,0x2f,0x2f,0x2f,0x2f,0x2f,0x2f,
	0x30,0x30,0x30,0x30,0x30,0x30,0x30,0x30,0x30,0x30,0x30,0x30,0x30,0x30,0x30,0x30,
	0x30,0x30,0x30,0x30,0x30,0x30,0x30,0x30,0x31,0x31,0x31,0x31,0x31,0x31,0x31,0x35,
	0x37,0x37,0x2d,0x25,0x1f,0x1b,0x18,0x18,0x18,0x18,0x18,0x18,0x18,0x18,0x18,0x18,
	0x18,0x18,0x18,0x18,0x1a,0x1c,0x1f,0x22,0x25,0x26,0x27,0x27,0x27,0x27,0x27,0x28,
	0x26,0x23,0x24,0x27,0x27,0x24,0x68,0x6f,0x6a,0x69,0x6c,0x6c,0xa6,0xa6,0xa9,0xa9,
	0xaa,0xaa,0xaa,0xaa,0xaa,0xaa,0xaa,0xaa,0xaa,0xaa,0xaa,0xaa,0xaa,0xaa,0xaa,0xaa,
	0x58,0x4e,0x2f,0x21,0x20,0x20,0x1f,0x1f,0x1f,0x1f,0x1f,0x1f,0x1f,0x1f,0x1f,0x1f,
	0x1f,0x1f,0x1f,0x1f,0x22,0x23,0x35,0x39,0x32,0x32,0x32,0x32,0x32,0x32,0x32,0x32,
	0x31,0x31,0x31,0x31,0x31,0x31,0x31,0x31,0x31,0x31,0x31,0x31,0x31,0x32,0x32,0x33,
	0x34,0x35,0x35,0x36,0x36,0x36,0x35,0x35,0x35,0x34,0x34,0x34,0x34,0x34,0x35,0x36,
	0x36,0x37,0x33,0x2f,0x2b,0x29,0x25,0x20,0x22,0x18,0x11,0x0f,0x13,0x1c,0x19,0x1a,
	0x19,0x19,0x19,0x19,0x18,0x14,0x26,0x2a,0x26,0x26,0x25,0x25,0x24,0x23,0x23,0x22,
	0x22,0x23,0x23,0x24,0x2e,0x32,0x69,0x5e,0x61,0x69,0x6c,0x6c,0xa6,0xa6,0xa9,0xa9,
	0xaa,0xaa,0xaa,0xaa,0xaa,0xaa,0xaa,0xaa,0xaa,0xaa,0xaa,0xaa,0xaa,0xaa,0xaa,0xaa,
	0x53,0x46,0x28,0x18,0x1b,0x1f,0x22,0x23,0x24,0x24,0x24,0x24,0x24,0x24,0x24,0x24,
	0x24,0x24,0x24,0x24,0x1d,0x13,0x2f,0x35,0x30,0x30,0x30,0x30,0x30,0x30,0x30,0x2f,
	0x2f,0x2f,0x2e,0x2e,0x2e,0x2e,0x2e,0x2e,0x2e,0x2e,0x2e,0x2e,0x2e,0x2f,0x30,0x31,
	0x33,0x34,0x35,0x36,0x36,0x36,0x36,0x36,0x36,0x36,0x36,0x36,0x36,0x36,0x36,0x36,
	0x36,0x35,0x34,0x32,0x31,0x2f,0x29,0x24,0x23,0x1b,0x1b,0x14,0x13,0x20,0x1c,0x1d,
	0x1c,0x1c,0x1c,0x1b,0x15,0x09,0x27,0x2c,0x2b,0x2b,0x2b,0x2b,0x2a,0x2a,0x2a,0x2a,
	0x2a,0x29,0x29,0x28,0x29,0x2c,0x69,0x6b,0x68,0x69,0x6c,0x6c,0xa6,0xa7,0xa9,0xa9,
	0xaa,0xaa,0xaa,0xaa,0xaa,0xaa,0xaa,0xaa,0xaa,0xaa,0xaa,0xaa,0xaa,0xaa,0xaa,0xaa,
	0x56,0x55,0x4c,0x48,0x49,0x4a,0x4b,0x4b,0x4b,0x4b,0x4b,0x4b,0x4b,0x4b,0x4b,0x4b,
	0x4b,0x4b,0x4b,0x4b,0x55,0x57,0x89,0x96,0x95,0x95,0x95,0x95,0x95,0x95,0x94,0x94,
	0x93,0x93,0x92,0x92,0x92,0x92,0x92,0x92,0x92,0x92,0x92,0x92,0x92,0x93,0x94,0x94,
	0x96,0x97,0x97,0x98,0x98,0x98,0x99,0x9b,0x9c,0x9e,0x9f,0x9f,0x9f,0x9f,0x9f,0xa0,
	0x9f,0x9c,0x94,0x8e,0x8a,0x86,0x80,0x76,0x7a,0x5d,0x4a,0x39,0x1f,0x25,0x22,0x23,
	0x22,0x22,0x21,0x20,0x29,0x29,0x5c,0x68,0x71,0x6e,0x6a,0x66,0x62,0x5f,0x5c,0x59,
	0x5b,0x61,0x66,0x66,0x66,0x67,0x68,0x62,0x63,0x69,0x6c,0x6c,0xa7,0xa7,0xa9,0xa9,
	0xaa,0xaa,0xaa,0xaa,0xaa,0xaa,0xaa,0xaa,0xaa,0xaa,0xaa,0xaa,0xaa,0xaa,0xaa,0xaa,
	0x4c,0x4c,0x51,0x55,0x55,0x55,0x55,0x55,0x55,0x55,0x55,0x55,0x55,0x55,0x55,0x55,
	0x55,0x55,0x55,0x55,0x59,0x55,0x87,0x93,0x94,0x94,0x94,0x94,0x94,0x94,0x93,0x93,
	0x92,0x91,0x91,0x90,0x90,0x90,0x90,0x90,0x90,0x90,0x90,0x90,0x90,0x91,0x92,0x93,
	0x94,0x95,0x96,0x97,0x97,0x97,0x98,0x9a,0xa2,0xa4,0xa5,0xa5,0xa5,0xa5,0xa6,0xa7,
	0xa4,0xa0,0x93,0x8a,0x83,0x7e,0x77,0x6e,0x6d,0x5f,0x63,0x4d,0x2f,0x34,0x30,0x2b,
	0x2a,0x2b,0x25,0x21,0x30,0x30,0x6a,0x78,0x6d,0x6c,0x6b,0x6a,0x69,0x68,0x67,0x66,
	0x65,0x64,0x63,0x62,0x6e,0x75,0x5f,0x75,0x6c,0x69,0x6b,0x6b,0xa7,0xa8,0xa9,0xa9,
	0xaa,0xaa,0xaa,0xaa,0xaa,0xaa,0xaa,0xaa,0xaa,0xaa,0xaa,0xaa,0xaa,0xaa,0xaa,0xaa,
	0x4e,0x4e,0x50,0x51,0x51,0x51,0x52,0x52,0x52,0x53,0x53,0x53,0x53,0x53,0x54,0x56,
	0x54,0x4f,0x51,0x51,0x4e,0x4f,0x8a,0x91,0x91,0x91,0x91,0x91,0x91,0x91,0x91,0x90,
	0x90,0x90,0x8f,0x8f,0x8f,0x8f,0x90,0x92,0x9a,0x9c,0x9d,0x9c,0xd8,0xe1,0xa1,0x96,
	0x9f,0x9f,0xa2,0xa3,0xa2,0xa1,0xa3,0xa5,0xa8,0xab,0xac,0xac,0xac,0xac,0xab,0xaa,
	0xa9,0xa7,0xa3,0xa0,0x94,0x8c,0x88,0x83,0x74,0x6f,0x6c,0x62,0x50,0x44,0x3b,0x33,
	0x2b,0x29,0x27,0x24,0x2d,0x2e,0x65,0x72,0x78,0x75,0x71,0x6d,0x69,0x66,0x65,0x64,
	0x66,0x68,0x69,0x69,0x6c,0x6e,0x68,0x6d,0x6e,0x68,0x69,0x6b,0xa7,0xa9,0xaa,0xa8,
	0xa8,0xa9,0xaa,0xaa,0xaa,0xaa,0xaa,0xaa,0xaa,0xaa,0xaa,0xaa,0xaa,0xaa,0xaa,0xaa,
	0x4e,0x4f,0x4f,0x4f,0x4f,0x4f,0x50,0x50,0x51,0x51,0x52,0x52,0x52,0x52,0x53,0x55,
	0x53,0x4f,0x51,0x51,0x4e,0x4f,0x8a,0x91,0x91,0x91,0x91,0x91,0x91,0x91,0x91,0x91,
	0x91,0x91,0x91,0x91,0x91,0x91,0x90,0x8f,0x8d,0x8c,0x8b,0x8c,0xd1,0xd3,0xa0,0xa0,
	0xa0,0x9e,0x94,0x92,0x95,0x97,0x96,0x98,0x9e,0xa0,0xa1,0xa1,0xa1,0xa1,0xa2,0xa3,
	0xa5,0xa7,0xa3,0xa0,0x94,0x8c,0x88,0x83,0x79,0x73,0x6e,0x66,0x58,0x4c,0x42,0x39,
	0x34,0x30,0x2b,0x25,0x2e,0x2f,0x69,0x76,0x69,0x69,0x68,0x68,0x67,0x67,0x68,0x68,
	0x68,0x69,0x6a,0x6a,0x6a,0x6a,0x6a,0x6a,0x6b,0x68,0x68,0x6a,0xa8,0xa9,0xaa,0xa8,
	0xa8,0xa9,0xaa,0xaa,0xaa,0xaa,0xaa,0xaa,0xaa,0xaa,0xaa,0xaa,0xaa,0xaa,0xaa,0xaa,
	0x4e,0x4f,0x4f,0x4f,0x4f,0x4f,0x50,0x50,0x51,0x51,0x52,0x52,0x52,0x52,0x53,0x55,
	0x53,0x4f,0x51,0x51,0x4e,0x4f,0x8a,0x91,0x91,0x91,0x91,0x91,0x91,0x91,0x91,0x91,
	0x91,0x91,0x91,0x91,0x91,0x91,0x91,0x91,0x92,0x93,0x94,0x96,0xd2,0xd6,0xda,0xd7,
	0xe0,0xd6,0x99,0x97,0x9c,0xa3,0x9f,0xa9,0xa5,0xa5,0xa5,0xa5,0xa5,0xa5,0xa6,0xa7,
	0xa7,0xa7,0xa3,0xa0,0x94,0x8c,0x88,0x83,0x7b,0x75,0x6e,0x65,0x59,0x4f,0x48,0x41,
	0x4b,0x3d,0x32,0x27,0x25,0x2f,0x6a,0x6f,0x69,0x6d,0x6c,0x6b,0x6b,0x6b,0x6b,0x6b,
	0x6a,0x6a,0x6a,0x6a,0x6a,0x6a,0x6a,0x6a,0x6a,0x68,0x68,0x6a,0xa8,0xaa,0xaa,0xa8,
	0xa8,0xa9,0xaa,0xaa,0xaa,0xaa,0xaa,0xaa,0xaa,0xaa,0xaa,0xaa,0xaa,0xaa,0xaa,0xaa,
	0x4e,0x4f,0x4f,0x4f,0x4f,0x4f,0x50,0x50,0x51,0x51,0x52,0x52,0x52,0x52,0x53,0x55,
	0x53,0x4f,0x51,0x51,0x4e,0x4f,0x8a,0x91,0x91,0x91,0x91,0x91,0x91,0x91,0x91,0x91,
	0x91,0x91,0x91,0x91,0x91,0x91,0x91,0x91,0x91,0x92,0x92,0x94,0xd2,0xd5,0xcf,0xce,
	0xd2,0xc7,0xa1,0xad,0xa0,0xa4,0x98,0xa3,0xa3,0xa4,0xa3,0xa3,0xa4,0xa4,0xa5,0xa6,
	0xa7,0xa7,0xa3,0xa0,0x94,0x8c,0x88,0x83,0x7e,0x76,0x6e,0x64,0x59,0x51,0x4d,0x48,
	0x50,0x45,0x38,0x29,0x25,0x2e,0x69,0x69,0x65,0x6b,0x6b,0x6a,0x6a,0x6a,0x6a,0x6a,
	0x6a,0x6a,0x6a,0x6a,0x6a,0x6a,0x6a,0x6a,0x6a,0x68,0x68,0x6a,0xa8,0xaa,0xaa,0xa8,
	0xa8,0xa9,0xaa,0xaa,0xaa,0xaa,0xaa,0xaa,0xaa,0xaa,0xaa,0xaa,0xaa,0xaa,0xaa,0xaa,
	0x4e,0x4f,0x4f,0x4f,0x4f,0x4f,0x50,0x50,0x51,0x51,0x52,0x52,0x52,0x52,0x53,0x55,
	0x53,0x4f,0x51,0x51,0x4e,0x4f,0x8a,0x91,0x91,0x91,0x91,0x91,0x91,0x91,0x91,0x91,
	0x91,0x91,0x91,0x91,0x91,0x91,0x91,0x91,0x91,0x92,0x92,0x94,0xd1,0xd5,0xd3,0xd1,
	0xd9,0xd0,0xd6,0xd9,0xd4,0xd9,0xab,0x9c,0xa0,0xa1,0xa3,0xa3,0xa4,0xa4,0xa5,0xa8,
	0xa9,0xa6,0xa3,0xa0,0x94,0x8c,0x88,0x85,0x7e,0x75,0x6c,0x62,0x59,0x53,0x50,0x4d,
	0x49,0x41,0x3d,0x38,0x27,0x2c,0x6e,0x69,0x66,0x6f,0x6c,0x6a,0x6a,0x6a,0x6a,0x6b,
	0x68,0x6a,0x6a,0x6a,0x6a,0x6a,0x6a,0x6a,0x69,0x69,0x69,0x6a,0xa8,0xaa,0xaa,0xa8,
	0xa8,0xa9,0xaa,0xaa,0xaa,0xaa,0xaa,0xaa,0xaa,0xaa,0xaa,0xaa,0xaa,0xaa,0xaa,0xaa,
	0x4e,0x4f,0x4f,0x4f,0x4f,0x4f,0x50,0x50,0x51,0x51,0x52,0x52,0x52,0x52,0x53,0x55,
	0x53,0x4f,0x51,0x51,0x4e,0x4f,0x8a,0x91,0x91,0x91,0x91,0x91,0x91,0x91,0x91,0x91,
	0x91,0x91,0x91,0x91,0x91,0x91,0x91,0x91,0x91,0x92,0x92,0x94,0xd1,0xd5,0xd3,0xd2,
	0xda,0xd0,0xde,0xd3,0xcc,0xcf,0xad,0xa8,0xaa,0xab,0xa4,0xa3,0xa6,0xa6,0xa5,0xa8,
	0xaf,0xa7,0xa3,0xa0,0x94,0x8c,0x88,0x86,0x80,0x76,0x6c,0x61,0x59,0x55,0x53,0x50,
	0x48,0x3c,0x3f,0x40,0x2e,0x2e,0x5e,0x59,0x5b,0x61,0x68,0x68,0x6b,0x6a,0x6a,0x68,
	0x68,0x6a,0x6a,0x6a,0x6a,0x6a,0x6a,0x6a,0x69,0x69,0x69,0x6a,0xa8,0xaa,0xaa,0xa8,
	0xa8,0xa9,0xaa,0xaa,0xaa,0xaa,0xaa,0xaa,0xaa,0xaa,0xaa,0xaa,0xaa,0xaa,0xaa,0xaa,
	0x4f,0x50,0x50,0x50,0x50,0x50,0x50,0x50,0x51,0x51,0x52,0x52,0x52,0x52,0x53,0x55,
	0x53,0x4f,0x51,0x51,0x4f,0x50,0x8b,0x91,0x91,0x91,0x91,0x91,0x91,0x91,0x91,0x92,
	0x91,0x91,0x91,0x91,0x91,0x91,0x91,0x91,0x91,0x92,0x92,0x94,0xd1,0xd5,0xd3,0xd2,
	0xd1,0xd3,0xd5,0xd5,0xd6,0xd5,0xda,0xda,0xcf,0xd2,0xa8,0xa2,0xa3,0xa9,0xa3,0xa8,
	0xaa,0xa7,0xa3,0xa0,0x94,0x8c,0x88,0x86,0x80,0x77,0x6c,0x63,0x5b,0x5a,0x54,0x52,
	0x4b,0x3e,0x3f,0x3f,0x39,0x32,0x26,0x24,0x33,0x2e,0x5d,0x63,0x6f,0x6b,0x6d,0x5d,
	0x69,0x6a,0x69,0x6b,0x6a,0x6a,0x6a,0x6a,0x69,0x69,0x69,0x6a,0xa8,0xaa,0xaa,0xa8,
	0xa8,0xa9,0xaa,0xaa,0xaa,0xaa,0xaa,0xaa,0xaa,0xaa,0xaa,0xaa,0xaa,0xaa,0xaa,0xaa,
	0x4f,0x50,0x50,0x50,0x50,0x50,0x50,0x50,0x51,0x51,0x52,0x52,0x52,0x52,0x53,0x55,
	0x53,0x4f,0x51,0x51,0x4f,0x50,0x8b,0x91,0x91,0x90,0x90,0x90,0x91,0x91,0x91,0x92,
	0x91,0x91,0x91,0x91,0x91,0x91,0x91,0x91,0x91,0x92,0x92,0x94,0xd1,0xd4,0xd3,0xd2,
	0xd2,0xd3,0xd4,0xd4,0xd4,0xd4,0xd2,0xd1,0xcf,0xd3,0xb3,0xad,0xa6,0xaf,0xa6,0xaf,
	0xae,0xa8,0xa3,0xa0,0x95,0x8c,0x88,0x87,0x7f,0x79,0x6c,0x66,0x5e,0x5f,0x57,0x55,
	0x4d,0x3e,0x3f,0x3f,0x35,0x2d,0x29,0x26,0x34,0x34,0x57,0x5a,0x66,0x5f,0x6e,0x5f,
	0x6a,0x69,0x69,0x6c,0x6b,0x6b,0x6b,0x6a,0x69,0x69,0x69,0x6a,0xa8,0xaa,0xaa,0xa8,
	0xa8,0xa9,0xaa,0xaa,0xaa,0xaa,0xaa,0xaa,0xaa,0xaa,0xaa,0xaa,0xaa,0xaa,0xaa,0xaa,
	0x50,0x50,0x50,0x50,0x50,0x50,0x51,0x51,0x51,0x51,0x52,0x52,0x52,0x52,0x53,0x54,
	0x52,0x4e,0x51,0x52,0x4f,0x50,0x8b,0x92,0x90,0x90,0x90,0x90,0x90,0x91,0x92,0x92,
	0x92,0x91,0x91,0x91,0x91,0x91,0x91,0x91,0x91,0x92,0x92,0x94,0xd1,0xd4,0xd3,0xd2,
	0xd2,0xd3,0xd3,0xd3,0xd3,0xd3,0xd4,0xd4,0xdc,0xd4,0xd3,0xc9,0xce,0xd5,0xa9,0x9c,
	0xae,0xaf,0xa4,0x9f,0x94,0x8c,0x88,0x88,0x7e,0x79,0x6b,0x69,0x5f,0x63,0x57,0x56,
	0x4b,0x3e,0x3e,0x3e,0x38,0x31,0x2b,0x29,0x2f,0x3a,0x34,0x35,0x4a,0x44,0x69,0x66,
	0x68,0x67,0x69,0x6d,0x6d,0x6d,0x6c,0x6b,0x69,0x69,0x69,0x6a,0xa8,0xaa,0xaa,0xa8,
	0xa8,0xa9,0xaa,0xaa,0xaa,0xaa,0xaa,0xaa,0xaa,0xaa,0xaa,0xaa,0xaa,0xaa,0xaa,0xaa,
	0x50,0x51,0x51,0x51,0x51,0x51,0x51,0x51,0x51,0x51,0x52,0x52,0x52,0x52,0x53,0x54,
	0x52,0x4e,0x51,0x52,0x50,0x51,0x8c,0x92,0x90,0x90,0x90,0x90,0x90,0x91,0x92,0x93,
	0x92,0x91,0x91,0x91,0x91,0x91,0x91,0x91,0x91,0x92,0x92,0x94,0xd1,0xd3,0xd3,0xd2,
	0xd2,0xd3,0xd3,0xd3,0xd3,0xd3,0xd3,0xd3,0xd9,0xcc,0xd9,0xd0,0xcd,0xd3,0xb6,0xb2,
	0x94,0x8d,0x9e,0xa1,0x90,0x8b,0x87,0x88,0x7c,0x79,0x6b,0x6a,0x5f,0x65,0x55,0x54,
	0x4c,0x3f,0x3e,0x3e,0x38,0x33,0x30,0x2e,0x30,0x3f,0x2d,0x30,0x3c,0x39,0x59,0x5f,
	0x63,0x64,0x68,0x6d,0x6e,0x6e,0x6c,0x6b,0x69,0x69,0x69,0x6a,0xa8,0xaa,0xaa,0xa8,
	0xa8,0xa9,0xaa,0xaa,0xaa,0xaa,0xaa,0xaa,0xaa,0xaa,0xaa,0xaa,0xaa,0xaa,0xaa,0xaa,
	0x51,0x51,0x51,0x51,0x51,0x51,0x51,0x51,0x51,0x51,0x51,0x51,0x51,0x51,0x52,0x53,
	0x51,0x4e,0x51,0x52,0x50,0x51,0x8c,0x92,0x90,0x8f,0x8f,0x8f,0x90,0x91,0x92,0x93,
	0x92,0x91,0x91,0x91,0x91,0x91,0x91,0x91,0x91,0x92,0x92,0x94,0xd1,0xd3,0xd2,0xd2,
	0xd2,0xd2,0xd2,0xd2,0xd2,0xd2,0xd2,0xd2,0xd0,0xd2,0xd0,0xd1,0xd2,0xd1,0xd5,0xd5,
	0x22,0x22,0x9a,0xae,0x86,0x94,0x86,0x83,0x78,0x7a,0x6b,0x6c,0x60,0x67,0x53,0x53,
	0x4c,0x41,0x3d,0x3d,0x37,0x33,0x31,0x2f,0x30,0x33,0x32,0x36,0x39,0x3d,0x44,0x45,
	0x4a,0x55,0x61,0x68,0x6d,0x6d,0x6a,0x6a,0x69,0x69,0x69,0x69,0xa7,0xaa,0xaa,0xa8,
	0xa8,0xa9,0xaa,0xaa,0xaa,0xaa,0xaa,0xaa,0xaa,0xaa,0xaa,0xaa,0xaa,0xaa,0xaa,0xaa,
	0x51,0x51,0x51,0x51,0x51,0x51,0x51,0x51,0x51,0x51,0x51,0x51,0x51,0x51,0x52,0x53,
	0x51,0x4e,0x51,0x52,0x50,0x51,0x8c,0x92,0x90,0x8f,0x8f,0x8f,0x90,0x91,0x92,0x93,
	0x92,0x91,0x91,0x91,0x91,0x91,0x91,0x91,0x91,0x92,0x92,0x94,0xd1,0xd2,0xd2,0xd2,
	0xd2,0xd2,0xd2,0xd2,0xd2,0xd2,0xd2,0xd2,0xd2,0xd1,0xd2,0xd1,0xd1,0xd1,0xcf,0xcf,
	0x2e,0x38,0x89,0x7d,0x6e,0x80,0x87,0x7d,0x75,0x79,0x6b,0x6c,0x60,0x67,0x53,0x53,
	0x4d,0x42,0x3d,0x3c,0x37,0x32,0x2f,0x2d,0x2e,0x34,0x33,0x37,0x3c,0x3e,0x44,0x47,
	0x4b,0x50,0x59,0x5f,0x65,0x67,0x67,0x69,0x69,0x69,0x69,0x69,0xa7,0xaa,0xaa,0xa8,
	0xa8,0xa9,0xaa,0xaa,0xaa,0xaa,0xaa,0xaa,0xaa,0xaa,0xaa,0xaa,0xaa,0xaa,0xaa,0xaa,
	0x51,0x51,0x51,0x51,0x51,0x51,0x51,0x51,0x51,0x51,0x51,0x51,0x51,0x51,0x52,0x53,
	0x51,0x4e,0x51,0x52,0x50,0x51,0x8c,0x92,0x90,0x8f,0x8f,0x8f,0x90,0x91,0x92,0x93,
	0x92,0x91,0x91,0x91,0x91,0x91,0x91,0x91,0x91,0x92,0x92,0x94,0xd1,0xd2,0xd2,0xd2,
	0xd1,0xd1,0xd1,0xd1,0xd1,0xd1,0xd1,0xd1,0xd1,0xd1,0xd1,0xd1,0xd1,0xd1,0xd2,0xd2,
	0x21,0x1d,0x2d,0x1a,0x23,0x31,0x8d,0x9a,0x87,0x7f,0x6b,0x6c,0x5f,0x67,0x53,0x53,
	0x4e,0x42,0x3d,0x3c,0x36,0x31,0x2e,0x2c,0x2d,0x32,0x35,0x39,0x3d,0x40,0x43,0x46,
	0x49,0x4d,0x51,0x56,0x5b,0x5f,0x64,0x67,0x69,0x69,0x69,0x69,0xa7,0xaa,0xaa,0xa8,
	0xa8,0xa9,0xaa,0xaa,0xaa,0xaa,0xaa,0xaa,0xaa,0xaa,0xaa,0xaa,0xaa,0xaa,0xaa,0xaa,
	0x51,0x51,0x51,0x51,0x51,0x51,0x51,0x51,0x51,0x51,0x51,0x51,0x51,0x51,0x52,0x53,
	0x51,0x4e,0x51,0x52,0x50,0x51,0x8c,0x92,0x90,0x8f,0x8f,0x8f,0x90,0x91,0x92,0x93,
	0x92,0x91,0x91,0x91,0x91,0x91,0x91,0x91,0x91,0x92,0x92,0x94,0xd1,0xd2,0xd2,0xd2,
	0xd1,0xd1,0xd1,0xd1,0xd1,0xd1,0xd1,0xd1,0xd1,0xd1,0xd1,0xd1,0xd1,0xd1,0xd1,0xd1,
	0x1d,0x21,0x2d,0x37,0x31,0x2f,0x79,0x70,0x67,0x69,0x69,0x6c,0x61,0x67,0x53,0x52,
	0x4d,0x43,0x3d,0x3c,0x36,0x31,0x2e,0x2c,0x2e,0x32,0x35,0x39,0x3d,0x40,0x44,0x47,
	0x4a,0x4d,0x4c,0x4e,0x52,0x59,0x5e,0x64,0x69,0x69,0x69,0x69,0xa7,0xa8,0xaa,0xaa,
	0xa8,0xa9,0xaa,0xaa,0xaa,0xaa,0xaa,0xaa,0xaa,0xaa,0xaa,0xaa,0xaa,0xaa,0xaa,0xaa,
	0x51,0x51,0x51,0x51,0x51,0x51,0x51,0x51,0x51,0x51,0x51,0x51,0x51,0x51,0x52,0x53,
	0x51,0x4e,0x51,0x52,0x50,0x51,0x8c,0x92,0x90,0x8f,0x8f,0x8f,0x90,0x91,0x92,0x93,
	0x92,0x91,0x91,0x91,0x91,0x91,0x91,0x91,0x91,0x92,0x92,0x94,0xd1,0xd2,0xd2,0xd2,
	0xd1,0xd1,0xd1,0xd1,0xd1,0xd1,0xd1,0xd1,0xd1,0xd1,0xd1,0xd1,0xd1,0xd1,0xd1,0xd1,
	0x22,0x25,0x29,0x2a,0x28,0x25,0x1a,0x1d,0x1f,0x24,0x6c,0x76,0x67,0x65,0x54,0x4e,
	0x4a,0x44,0x3d,0x3c,0x37,0x31,0x2e,0x2c,0x2e,0x31,0x35,0x39,0x3d,0x40,0x44,0x48,
	0x4a,0x4c,0x4b,0x4b,0x4f,0x55,0x5c,0x61,0x66,0x69,0x69,0x69,0xb1,0xa5,0xaa,0xa9,
	0xaa,0xaa,0xaa,0xaa,0xaa,0xaa,0xaa,0xaa,0xaa,0xaa,0xaa,0xaa,0xaa,0xaa,0xaa,0xaa,
	0x51,0x51,0x51,0x51,0x51,0x51,0x51,0x51,0x51,0x51,0x51,0x51,0x51,0x51,0x52,0x53,
	0x51,0x4e,0x51,0x52,0x50,0x51,0x8c,0x92,0x90,0x8f,0x8f,0x8f,0x90,0x91,0x92,0x93,
	0x92,0x91,0x91,0x91,0x91,0x91,0x91,0x91,0x91,0x92,0x92,0x94,0xd1,0xd2,0xd2,0xd2,
	0xd1,0xd1,0xd1,0xd1,0xd1,0xd1,0xd1,0xd1,0xd1,0xd1,0xd1,0xd1,0xd1,0xd1,0xd1,0xd1,
	0x24,0x27,0x2a,0x2a,0x27,0x26,0x2b,0x2a,0x33,0x3a,0x63,0x63,0x55,0x54,0x4d,0x4f,
	0x4c,0x45,0x3d,0x3c,0x37,0x32,0x2e,0x2c,0x2e,0x31,0x35,0x39,0x3d,0x40,0x44,0x48,
	0x4b,0x4d,0x4d,0x4d,0x50,0x55,0x5b,0x60,0x65,0x69,0x69,0x69,0xa4,0x99,0xa9,0xa2,
	0xa9,0xa9,0xaa,0xaa,0xaa,0xaa,0xaa,0xaa,0xaa,0xaa,0xaa,0xaa,0xaa,0xaa,0xaa,0xaa,
	0x51,0x51,0x51,0x51,0x51,0x51,0x51,0x51,0x51,0x51,0x51,0x51,0x51,0x51,0x52,0x53,
	0x51,0x4e,0x51,0x52,0x50,0x51,0x8c,0x92,0x90,0x8f,0x8f,0x8f,0x90,0x91,0x92,0x93,
	0x92,0x91,0x91,0x91,0x91,0x91,0x91,0x91,0x91,0x92,0x92,0x94,0xd1,0xd2,0xd2,0xd2,
	0xd1,0xd1,0xd1,0xd1,0xd1,0xd1,0xd1,0xd1,0xd1,0xd1,0xd1,0xd1,0xd1,0xd1,0xd1,0xd1,
	0x27,0x2a,0x2a,0x27,0x26,0x26,0x24,0x25,0x2f,0x2f,0x24,0x32,0x30,0x35,0x46,0x56,
	0x54,0x45,0x3c,0x3b,0x37,0x32,0x2e,0x2d,0x2e,0x31,0x35,0x39,0x3d,0x40,0x44,0x47,
	0x4a,0x4d,0x4e,0x50,0x53,0x56,0x5b,0x5f,0x63,0x69,0x69,0x69,0x6f,0x6c,0xae,0xb7,
	0xaf,0xaf,0xab,0xaa,0xab,0xab,0xaa,0xaa,0xaa,0xaa,0xaa,0xaa,0xaa,0xaa,0xaa,0xaa,
	0x51,0x51,0x51,0x51,0x51,0x51,0x51,0x51,0x51,0x51,0x51,0x51,0x51,0x51,0x52,0x53,
	0x51,0x4e,0x51,0x52,0x50,0x51,0x8c,0x92,0x90,0x8f,0x8f,0x8f,0x90,0x91,0x92,0x93,
	0x92,0x91,0x91,0x91,0x91,0x91,0x91,0x91,0x91,0x92,0x92,0x94,0xd1,0xd2,0xd2,0xd2,
	0xd1,0xd1,0xd1,0xd1,0xd1,0xd1,0xd1,0xd1,0xd1,0xd1,0xd1,0xd1,0xd1,0xd1,0xd1,0xd1,
	0x28,0x2b,0x2a,0x26,0x26,0x26,0x26,0x27,0x2a,0x30,0x1c,0x3a,0x29,0x2b,0x3e,0x4e,
	0x49,0x3f,0x39,0x38,0x37,0x32,0x2f,0x2e,0x2e,0x31,0x35,0x39,0x3d,0x40,0x44,0x47,
	0x4a,0x4d,0x4f,0x51,0x54,0x57,0x5a,0x5d,0x62,0x69,0x69,0x69,0x64,0x67,0x9d,0x9a,
	0x9b,0x9a,0xa4,0xa9,0xa7,0xa7,0xaa,0xac,0xaa,0xaa,0xaa,0xaa,0xaa,0xaa,0xaa,0xaa,
	0x51,0x51,0x51,0x51,0x51,0x51,0x51,0x51,0x51,0x51,0x51,0x51,0x51,0x51,0x52,0x53,
	0x51,0x4e,0x51,0x52,0x50,0x51,0x8c,0x92,0x90,0x8f,0x8f,0x8f,0x90,0x91,0x92,0x93,
	0x92,0x91,0x91,0x91,0x91,0x91,0x91,0x91,0x91,0x92,0x92,0x94,0xd1,0xd2,0xd2,0xd2,
	0xd1,0xd1,0xd1,0xd1,0xd1,0xd1,0xd1,0xd1,0xd1,0xd1,0xd1,0xd1,0xd1,0xd1,0xd1,0xd1,
	0x28,0x2b,0x2a,0x26,0x26,0x27,0x27,0x27,0x29,0x28,0x2c,0x27,0x2a,0x2a,0x27,0x26,
	0x2d,0x32,0x38,0x38,0x33,0x30,0x2f,0x2e,0x2e,0x31,0x35,0x39,0x3d,0x40,0x43,0x47,
	0x49,0x4c,0x4f,0x52,0x55,0x57,0x59,0x5d,0x62,0x69,0x69,0x69,0x6a,0x69,0x62,0x63,
	0x5d,0x5c,0x96,0xad,0xa5,0xa1,0xad,0xaa,0xaa,0xaa,0xaa,0xaa,0xaa,0xaa,0xaa,0xaa,
	0x51,0x51,0x51,0x51,0x51,0x51,0x51,0x51,0x51,0x51,0x51,0x51,0x51,0x51,0x52,0x53,
	0x51,0x4e,0x51,0x52,0x50,0x51,0x8c,0x92,0x90,0x8f,0x8f,0x8f,0x90,0x91,0x92,0x93,
	0x92,0x91,0x91,0x91,0x91,0x91,0x91,0x91,0x91,0x92,0x92,0x94,0xd1,0xd2,0xd2,0xd2,
	0xd1,0xd1,0xd1,0xd1,0xd1,0xd1,0xd1,0xd1,0xd1,0xd1,0xd1,0xd1,0xd1,0xd1,0xd1,0xd1,
	0x28,0x2b,0x2a,0x26,0x26,0x27,0x27,0x27,0x29,0x29,0x29,0x2b,0x2a,0x2a,0x2b,0x2d,
	0x2e,0x30,0x32,0x33,0x2f,0x2d,0x2e,0x2f,0x2f,0x32,0x35,0x39,0x3d,0x40,0x43,0x46,
	0x48,0x4b,0x4e,0x51,0x55,0x57,0x5a,0x5e,0x62,0x69,0x69,0x69,0x68,0x69,0x6c,0x6c,
	0x71,0x6f,0x91,0x99,0x9a,0x97,0xa9,0xa6,0xa9,0xa9,0xaa,0xaa,0xaa,0xaa,0xaa,0xaa,
	0x51,0x51,0x51,0x51,0x51,0x51,0x51,0x51,0x51,0x51,0x51,0x51,0x51,0x51,0x52,0x53,
	0x51,0x4e,0x51,0x52,0x50,0x51,0x8c,0x92,0x90,0x8f,0x8f,0x8f,0x90,0x91,0x92,0x93,
	0x92,0x91,0x91,0x91,0x91,0x91,0x91,0x91,0x91,0x92,0x92,0x94,0xd1,0xd2,0xd2,0xd2,
	0xd1,0xd1,0xd1,0xd1,0xd1,0xd1,0xd1,0xd1,0xd1,0xd1,0xd1,0xd1,0xd1,0xd1,0xd1,0xd1,
	0x28,0x2b,0x2a,0x26,0x26,0x27,0x27,0x28,0x29,0x29,0x2a,0x2a,0x2a,0x2a,0x29,0x29,
	0x29,0x27,0x26,0x26,0x26,0x26,0x26,0x27,0x2b,0x2e,0x34,0x39,0x3d,0x40,0x43,0x46,
	0x48,0x4b,0x4e,0x51,0x55,0x58,0x5b,0x5f,0x63,0x69,0x69,0x69,0x69,0x69,0x68,0x68,
	0x62,0x62,0x57,0x57,0x61,0x65,0xa3,0xc0,0xaf,0xaf,0xab,0xaa,0xab,0xab,0xaa,0xaa,
	0x51,0x51,0x51,0x51,0x51,0x51,0x51,0x51,0x51,0x51,0x51,0x51,0x51,0x51,0x52,0x53,
	0x51,0x4e,0x51,0x52,0x50,0x51,0x8c,0x92,0x90,0x8f,0x8f,0x8f,0x90,0x91,0x92,0x93,
	0x92,0x91,0x91,0x91,0x91,0x91,0x91,0x91,0x91,0x92,0x92,0x94,0xd1,0xd2,0xd2,0xd2,
	0xd1,0xd1,0xd1,0xd1,0xd1,0xd1,0xd1,0xd1,0xd1,0xd1,0xd1,0xd1,0xd1,0xd1,0xd1,0xd1,
	0x28,0x2b,0x2a,0x26,0x26,0x27,0x27,0x28,0x29,0x29,0x2a,0x2a,0x2a,0x2a,0x29,0x29,
	0x27,0x24,0x21,0x21,0x23,0x28,0x31,0x37,0x37,0x3a,0x3a,0x3a,0x3f,0x41,0x43,0x45,
	0x48,0x4b,0x4e,0x51,0x55,0x58,0x5b,0x5f,0x63,0x69,0x69,0x69,0x69,0x69,0x69,0x69,
	0x60,0x6a,0x57,0x60,0x62,0x64,0x8e,0xa0,0x99,0x99,0xa5,0xa8,0xa7,0xa6,0xab,0xab,
	0x51,0x51,0x51,0x51,0x51,0x51,0x51,0x51,0x51,0x51,0x51,0x51,0x51,0x51,0x52,0x53,
	0x51,0x4e,0x51,0x52,0x50,0x51,0x8c,0x92,0x90,0x90,0x90,0x90,0x90,0x91,0x92,0x93,
	0x92,0x91,0x91,0x91,0x91,0x91,0x91,0x91,0x91,0x92,0x92,0x94,0xd1,0xd2,0xd2,0xd2,
	0xd1,0xd1,0xd1,0xd1,0xd1,0xd1,0xd1,0xd1,0xd1,0xd1,0xd1,0xd1,0xd1,0xd1,0xd1,0xd1,
	0x28,0x2b,0x2a,0x26,0x26,0x27,0x27,0x28,0x29,0x29,0x2a,0x2a,0x2a,0x2a,0x2a,0x2a,
	0x2a,0x2b,0x2b,0x2c,0x2c,0x37,0x64,0x79,0x65,0x5f,0x49,0x33,0x44,0x47,0x44,0x42,
	0x45,0x4c,0x4e,0x51,0x55,0x58,0x5b,0x5f,0x63,0x69,0x69,0x69,0x69,0x69,0x68,0x67,
	0x67,0x66,0x5f,0x60,0x5e,0x5c,0x58,0x58,0x50,0x58,0xa0,0xac,0xa3,0x9e,0xb4,0xa5,
	0x51,0x51,0x51,0x51,0x51,0x51,0x51,0x51,0x51,0x51,0x51,0x51,0x51,0x51,0x52,0x53,
	0x51,0x4e,0x51,0x52,0x50,0x51,0x8c,0x92,0x90,0x90,0x90,0x90,0x90,0x91,0x92,0x93,
	0x92,0x91,0x91,0x91,0x91,0x91,0x91,0x91,0x91,0x92,0x92,0x94,0xd1,0xd2,0xd2,0xd2,
	0xd1,0xd1,0xd1,0xd1,0xd1,0xd1,0xd1,0xd1,0xd1,0xd1,0xd1,0xd1,0xd1,0xd1,0xd1,0xd1,
	0x28,0x2b,0x2a,0x26,0x26,0x27,0x27,0x28,0x29,0x29,0x2a,0x2a,0x2a,0x2a,0x2a,0x2a,
	0x2a,0x2a,0x29,0x29,0x28,0x2a,0x5e,0x71,0x67,0x61,0x4b,0x36,0x4d,0x4d,0x47,0x42,
	0x44,0x4c,0x4e,0x51,0x55,0x58,0x5b,0x5f,0x63,0x69,0x69,0x69,0x69,0x69,0x68,0x68,
	0x67,0x67,0x61,0x62,0x61,0x61,0x62,0x62,0x5e,0x6c,0x9b,0x97,0x95,0x91,0xb4,0x9d,
	0x51,0x51,0x51,0x51,0x51,0x51,0x51,0x51,0x51,0x51,0x51,0x51,0x51,0x51,0x52,0x53,
	0x51,0x4e,0x51,0x52,0x50,0x51,0x8c,0x92,0x91,0x90,0x90,0x90,0x91,0x91,0x92,0x92,
	0x92,0x91,0x91,0x91,0x91,0x91,0x91,0x91,0x91,0x92,0x92,0x94,0xd1,0xd3,0xd2,0xd2,
	0xd2,0xd2,0xd2,0xd2,0xd2,0xd2,0xd2,0xd2,0xd2,0xd2,0xd2,0xd2,0xd2,0xd2,0xd2,0xd2,
	0x28,0x2b,0x2a,0x26,0x26,0x27,0x27,0x28,0x29,0x29,0x2a,0x2a,0x2a,0x2a,0x2a,0x2a,
	0x2b,0x2a,0x29,0x2a,0x2e,0x28,0x5a,0x62,0x6d,0x74,0x71,0x6a,0x68,0x60,0x50,0x42,
	0x43,0x4d,0x4f,0x50,0x55,0x58,0x5b,0x5f,0x63,0x68,0x69,0x69,0x69,0x69,0x68,0x68,
	0x67,0x66,0x62,0x63,0x62,0x61,0x60,0x5f,0x5a,0x5f,0x55,0x4d,0x57,0x5a,0xb0,0xb6,
	0x51,0x51,0x51,0x51,0x51,0x51,0x51,0x51,0x51,0x51,0x51,0x51,0x51,0x51,0x52,0x53,
	0x51,0x4e,0x51,0x52,0x50,0x51,0x8c,0x92,0x91,0x91,0x91,0x91,0x91,0x91,0x92,0x92,
	0x92,0x91,0x91,0x91,0x91,0x91,0x91,0x91,0x91,0x92,0x92,0x94,0xd1,0xd3,0xd2,0xd2,
	0xd2,0xd2,0xd2,0xd2,0xd2,0xd2,0xd2,0xd2,0xd2,0xd2,0xd2,0xd2,0xd2,0xd2,0xd2,0xd2,
	0x28,0x2b,0x2a,0x26,0x26,0x27,0x27,0x28,0x29,0x29,0x2a,0x2a,0x2a,0x2a,0x2a,0x2a,
	0x2b,0x2a,0x29,0x2a,0x33,0x2f,0x64,0x66,0x69,0x6c,0x6d,0x6b,0x6c,0x67,0x5b,0x4e,
	0x4d,0x52,0x52,0x50,0x55,0x59,0x5c,0x5f,0x63,0x68,0x69,0x69,0x69,0x69,0x68,0x68,
	0x67,0x66,0x64,0x64,0x63,0x62,0x61,0x60,0x5f,0x6a,0x56,0x5b,0x5a,0x5a,0x98,0x94,
	0x51,0x51,0x51,0x51,0x51,0x51,0x51,0x51,0x51,0x51,0x51,0x51,0x51,0x51,0x52,0x53,
	0x51,0x4e,0x51,0x52,0x50,0x51,0x8c,0x92,0x91,0x91,0x91,0x91,0x91,0x91,0x91,0x91,
	0x91,0x91,0x91,0x91,0x91,0x91,0x91,0x91,0x91,0x92,0x92,0x94,0xd1,0xd3,0xd2,0xd2,
	0xd2,0xd2,0xd2,0xd2,0xd2,0xd2,0xd2,0xd2,0xd2,0xd2,0xd2,0xd2,0xd2,0xd2,0xd2,0xd2,
	0x28,0x2b,0x2a,0x26,0x26,0x27,0x27,0x28,0x29,0x29,0x2a,0x2a,0x2a,0x2a,0x2a,0x2a,
	0x2b,0x2a,0x28,0x29,0x2f,0x2b,0x67,0x68,0x6c,0x6b,0x6b,0x6b,0x6e,0x6b,0x69,0x69,
	0x68,0x65,0x5a,0x54,0x59,0x5b,0x5c,0x60,0x64,0x67,0x69,0x69,0x69,0x69,0x68,0x68,
	0x67,0x65,0x65,0x63,0x62,0x61,0x61,0x5f,0x5b,0x58,0x59,0x56,0x55,0x53,0x4a,0x4b,
	0x51,0x51,0x51,0x51,0x51,0x51,0x51,0x51,0x51,0x51,0x51,0x51,0x51,0x51,0x52,0x53,
	0x51,0x4e,0x51,0x52,0x50,0x51,0x8c,0x92,0x91,0x91,0x91,0x91,0x91,0x91,0x91,0x91,
	0x91,0x91,0x91,0x91,0x91,0x91,0x91,0x91,0x91,0x92,0x92,0x94,0xd1,0xd3,0xd2,0xd2,
	0xd2,0xd2,0xd2,0xd2,0xd2,0xd2,0xd2,0xd2,0xd2,0xd2,0xd2,0xd2,0xd2,0xd2,0xd2,0xd2,
	0x28,0x2b,0x2a,0x26,0x26,0x27,0x27,0x28,0x29,0x29,0x2a,0x2a,0x2a,0x2a,0x2a,0x2a,
	0x2b,0x2a,0x27,0x29,0x2e,0x2a,0x69,0x6a,0x6b,0x6b,0x6b,0x6b,0x6c,0x6b,0x69,0x68,
	0x69,0x6a,0x63,0x5b,0x5f,0x5f,0x5f,0x61,0x64,0x67,0x69,0x6a,0x6a,0x69,0x68,0x68,
	0x66,0x64,0x64,0x62,0x61,0x60,0x60,0x5e,0x5c,0x5c,0x59,0x57,0x56,0x54,0x57,0x57,
	0x51,0x51,0x51,0x51,0x51,0x51,0x51,0x51,0x51,0x51,0x51,0x51,0x51,0x51,0x52,0x53,
	0x51,0x4e,0x51,0x52,0x50,0x51,0x8c,0x92,0x91,0x91,0x91,0x91,0x91,0x91,0x91,0x91,
	0x91,0x91,0x91,0x91,0x91,0x91,0x91,0x91,0x91,0x92,0x92,0x94,0xd1,0xd3,0xd2,0xd2,
	0xd2,0xd2,0xd2,0xd2,0xd2,0xd2,0xd2,0xd2,0xd2,0xd2,0xd2,0xd2,0xd2,0xd2,0xd2,0xd2,
	0x28,0x2b,0x2a,0x26,0x26,0x27,0x27,0x28,0x29,0x29,0x2a,0x2a,0x2a,0x2a,0x2a,0x2a,
	0x2b,0x2a,0x27,0x29,0x2d,0x29,0x6a,0x6b,0x6b,0x6b,0x6b,0x6b,0x6b,0x6b,0x6a,0x69,
	0x68,0x67,0x68,0x6a,0x67,0x63,0x60,0x61,0x64,0x67,0x69,0x6a,0x6a,0x68,0x68,0x68,
	0x66,0x64,0x63,0x62,0x61,0x60,0x5f,0x5d,0x5c,0x5b,0x59,0x57,0x56,0x54,0x52,0x52,
	0x51,0x51,0x51,0x51,0x51,0x51,0x51,0x51,0x51,0x51,0x51,0x51,0x51,0x51,0x52,0x53,
	0x51,0x4e,0x51,0x52,0x50,0x51,0x8c,0x92,0x91,0x91,0x91,0x91,0x91,0x91,0x91,0x91,
	0x91,0x91,0x91,0x91,0x91,0x91,0x91,0x91,0x91,0x92,0x92,0x94,0xd1,0xd3,0xd2,0xd2,
	0xd2,0xd2,0xd2,0xd2,0xd2,0xd2,0xd2,0xd2,0xd2,0xd2,0xd2,0xd2,0xd2,0xd2,0xd2,0xd2,
	0x28,0x2b,0x2a,0x26,0x26,0x27,0x27,0x28,0x29,0x29,0x2a,0x2a,0x2a,0x2a,0x2a,0x2a,
	0x2b,0x2a,0x26,0x29,0x2d,0x29,0x6a,0x6b,0x6b,0x6b,0x6b,0x6b,0x6b,0x6b,0x6a,0x69,
	0x68,0x66,0x6c,0x70,0x6c,0x69,0x65,0x65,0x66,0x68,0x69,0x6a,0x6b,0x6e,0x6c,0x68,
	0x66,0x64,0x63,0x62,0x61,0x60,0x5f,0x5d,0x5c,0x5b,0x59,0x57,0x56,0x54,0x53,0x53,
	0x51,0x51,0x51,0x51,0x51,0x51,0x51,0x51,0x51,0x51,0x51,0x51,0x51,0x51,0x52,0x53,
	0x51,0x4e,0x51,0x52,0x50,0x51,0x8c,0x92,0x91,0x91,0x91,0x91,0x91,0x91,0x91,0x91,
	0x91,0x91,0x91,0x91,0x91,0x91,0x91,0x91,0x91,0x92,0x92,0x94,0xd1,0xd3,0xd2,0xd2,
	0xd2,0xd2,0xd2,0xd2,0xd2,0xd2,0xd2,0xd2,0xd2,0xd2,0xd2,0xd2,0xd2,0xd2,0xd2,0xd2,
	0x28,0x2b,0x2a,0x26,0x26,0x27,0x27,0x28,0x29,0x29,0x2a,0x2a,0x2a,0x2a,0x2a,0x2a,
	0x2b,0x2a,0x26,0x29,0x2d,0x29,0x6a,0x6b,0x6b,0x6b,0x6b,0x6b,0x6b,0x6b,0x6b,0x6b,
	0x6c,0x6c,0x6b,0x6a,0x6b,0x6b,0x6c,0x6c,0x6c,0x6b,0x6b,0x6b,0x62,0x70,0x6c,0x68,
	0x64,0x64,0x63,0x62,0x61,0x60,0x5f,0x5d,0x5c,0x5b,0x59,0x57,0x56,0x54,0x53,0x53,
	0x51,0x51,0x51,0x51,0x51,0x51,0x51,0x51,0x51,0x51,0x51,0x51,0x51,0x51,0x52,0x53,
	0x51,0x4e,0x51,0x52,0x50,0x51,0x8c,0x92,0x91,0x91,0x91,0x91,0x91,0x91,0x91,0x91,
	0x91,0x91,0x91,0x91,0x91,0x91,0x91,0x91,0x91,0x92,0x92,0x94,0xd1,0xd3,0xd2,0xd2,
	0xd2,0xd2,0xd2,0xd2,0xd2,0xd2,0xd2,0xd2,0xd2,0xd2,0xd2,0xd2,0xd2,0xd2,0xd2,0xd2,
	0x28,0x2b,0x2a,0x26,0x26,0x27,0x27,0x28,0x29,0x29,0x2a,0x2a,0x2a,0x2a,0x2a,0x2a,
	0x2b,0x2a,0x26,0x29,0x2d,0x29,0x6a,0x6b,0x6b,0x6b,0x6b,0x6b,0x6b,0x6b,0x6b,0x6b,
	0x6b,0x6b,0x6b,0x6b,0x6b,0x6b,0x6b,0x6b,0x6b,0x6b,0x6b,0x6b,0x6c,0x76,0x64,0x67,
	0x64,0x65,0x63,0x62,0x61,0x60,0x5f,0x5d,0x5c,0x5b,0x59,0x57,0x56,0x54,0x53,0x53,
	0x51,0x51,0x51,0x51,0x51,0x51,0x51,0x51,0x51,0x51,0x51,0x51,0x51,0x51,0x52,0x53,
	0x51,0x4e,0x51,0x52,0x50,0x51,0x8c,0x92,0x91,0x91,0x91,0x91,0x91,0x91,0x91,0x91,
	0x91,0x91,0x91,0x91,0x91,0x91,0x91,0x91,0x91,0x92,0x92,0x94,0xd1,0xd3,0xd2,0xd2,
	0xd2,0xd2,0xd2,0xd2,0xd2,0xd2,0xd2,0xd2,0xd2,0xd2,0xd2,0xd2,0xd2,0xd2,0xd2,0xd2,
	0x28,0x2b,0x2a,0x26,0x26,0x27,0x27,0x28,0x29,0x29,0x2a,0x2a,0x2a,0x2a,0x2a,0x2a,
	0x2b,0x2a,0x26,0x29,0x2d,0x29,0x6a,0x6b,0x6b,0x6b,0x6b,0x6b,0x6b,0x6b,0x6b,0x6b,
	0x6b,0x6b,0x6b,0x6b,0x6b,0x6b,0x6b,0x6b,0x6b,0x6c,0x6b,0x6b,0xa6,0xaf,0x6f,0x62,
	0x5f,0x5f,0x63,0x63,0x60,0x5f,0x5f,0x5d,0x5c,0x5b,0x59,0x57,0x56,0x55,0x54,0x54,
	0x51,0x51,0x51,0x51,0x51,0x51,0x51,0x51,0x51,0x51,0x51,0x51,0x51,0x51,0x52,0x53,
	0x51,0x4e,0x51,0x52,0x50,0x51,0x8c,0x92,0x91,0x91,0x91,0x91,0x91,0x91,0x91,0x91,
	0x91,0x91,0x91,0x91,0x91,0x91,0x91,0x91,0x91,0x92,0x92,0x94,0xd1,0xd3,0xd2,0xd2,
	0xd2,0xd2,0xd2,0xd2,0xd2,0xd2,0xd2,0xd2,0xd2,0xd2,0xd2,0xd2,0xd2,0xd2,0xd2,0xd2,
	0x28,0x2b,0x2a,0x26,0x26,0x27,0x27,0x28,0x29,0x29,0x2a,0x2a,0x2a,0x2a,0x2a,0x2a,
	0x2b,0x2a,0x26,0x29,0x2d,0x29,0x6a,0x6b,0x6b,0x6b,0x6b,0x6b,0x6b,0x6b,0x6b,0x6b,
	0x6b,0x6b,0x6b,0x6b,0x6b,0x6b,0x6b,0x6a,0x6b,0x6c,0x6b,0x6b,0xac,0xaa,0x72,0x72,
	0x72,0x73,0x65,0x61,0x64,0x64,0x61,0x5e,0x5c,0x5b,0x59,0x58,0x57,0x55,0x54,0x54,
	0x51,0x51,0x51,0x51,0x51,0x51,0x51,0x51,0x51,0x51,0x51,0x51,0x51,0x51,0x52,0x53,
	0x51,0x4e,0x51,0x52,0x50,0x51,0x8c,0x92,0x91,0x91,0x91,0x91,0x91,0x91,0x91,0x91,
	0x91,0x91,0x91,0x91,0x91,0x91,0x91,0x91,0x91,0x92,0x92,0x94,0xd1,0xd3,0xd2,0xd2,
	0xd2,0xd2,0xd2,0xd2,0xd2,0xd2,0xd2,0xd2,0xd2,0xd2,0xd2,0xd2,0xd2,0xd2,0xd2,0xd2,
	0x28,0x2b,0x2a,0x26,0x26,0x27,0x27,0x28,0x29,0x29,0x2a,0x2a,0x2a,0x2a,0x2a,0x2a,
	0x2b,0x2a,0x26,0x29,0x2d,0x29,0x6a,0x6b,0x6b,0x6b,0x6b,0x6b,0x6b,0x6b,0x6b,0x6b,
	0x6b,0x6b,0x6b,0x6b,0x6b,0x6b,0x6a,0x6a,0x6a,0x6d,0x6c,0x6a,0xaa,0xa7,0xae,0xb4,
	0xb9,0xb4,0x64,0x5b,0x65,0x69,0x5e,0x61,0x5c,0x5a,0x5a,0x58,0x57,0x56,0x55,0x55,
	0x51,0x51,0x51,0x51,0x51,0x51,0x51,0x51,0x51,0x51,0x51,0x51,0x51,0x51,0x52,0x53,
	0x51,0x4e,0x51,0x52,0x50,0x51,0x8c,0x92,0x91,0x91,0x91,0x91,0x91,0x91,0x91,0x91,
	0x91,0x91,0x91,0x91,0x91,0x91,0x91,0x91,0x91,0x92,0x92,0x94,0xd1,0xd3,0xd2,0xd2,
	0xd2,0xd2,0xd2,0xd2,0xd2,0xd2,0xd2,0xd2,0xd2,0xd2,0xd2,0xd2,0xd2,0xd2,0xd2,0xd2,
	0x28,0x2b,0x2a,0x26,0x26,0x27,0x27,0x28,0x29,0x29,0x2a,0x2a,0x2a,0x2a,0x2a,0x2a,
	0x2b,0x2a,0x26,0x29,0x2d,0x29,0x6a,0x6b,0x6b,0x6b,0x6b,0x6b,0x6b,0x6b,0x6b,0x6b,
	0x6b,0x6b,0x6b,0x6b,0x6b,0x6b,0x6a,0x6a,0x6a,0x6d,0x6c,0x6a,0xaa,0xa7,0xa3,0xa9,
	0xaa,0xa7,0x6c,0x77,0x71,0x70,0x5a,0x5c,0x5c,0x5b,0x5a,0x59,0x57,0x56,0x56,0x56,
	0x51,0x51,0x51,0x51,0x51,0x51,0x51,0x51,0x51,0x51,0x51,0x51,0x51,0x51,0x52,0x53,
	0x51,0x4e,0x51,0x52,0x50,0x51,0x8c,0x92,0x91,0x91,0x91,0x91,0x91,0x91,0x91,0x91,
	0x91,0x91,0x91,0x91,0x91,0x91,0x91,0x91,0x91,0x92,0x92,0x94,0xd1,0xd3,0xd2,0xd2,
	0xd2,0xd2,0xd2,0xd2,0xd2,0xd2,0xd2,0xd2,0xd2,0xd2,0xd2,0xd2,0xd2,0xd2,0xd2,0xd2,
	0x28,0x2b,0x2a,0x26,0x26,0x27,0x27,0x28,0x29,0x29,0x2a,0x2a,0x2a,0x2a,0x2a,0x2a,
	0x2b,0x2a,0x26,0x29,0x2d,0x29,0x6a,0x6b,0x6b,0x6b,0x6b,0x6b,0x6b,0x6b,0x6b,0x6b,
	0x6b,0x6b,0x6b,0x6b,0x6b,0x6b,0x6a,0x69,0x6a,0x6e,0x6c,0x6a,0xaa,0xa7,0xa7,0xad,
	0xa8,0xac,0xa0,0xb1,0xae,0xac,0x6e,0x51,0x54,0x55,0x59,0x5b,0x58,0x56,0x56,0x57,
	0x51,0x51,0x51,0x51,0x51,0x51,0x51,0x51,0x51,0x51,0x51,0x51,0x51,0x51,0x52,0x53,
	0x51,0x4e,0x51,0x52,0x50,0x51,0x8c,0x92,0x91,0x91,0x91,0x91,0x91,0x91,0x91,0x91,
	0x91,0x91,0x91,0x91,0x91,0x91,0x91,0x91,0x91,0x92,0x92,0x94,0xd1,0xd3,0xd2,0xd2,
	0xd2,0xd2,0xd2,0xd2,0xd2,0xd2,0xd2,0xd2,0xd2,0xd2,0xd2,0xd2,0xd2,0xd2,0xd2,0xd2,
	0x28,0x2b,0x2a,0x26,0x26,0x27,0x27,0x28,0x29,0x29,0x2a,0x2a,0x2a,0x2a,0x2a,0x2a,
	0x2b,0x2a,0x26,0x29,0x2d,0x29,0x6a,0x6b,0x6b,0x6b,0x6b,0x6b,0x6b,0x6b,0x6b,0x6b,
	0x6b,0x6b,0x6b,0x6b,0x6b,0x6b,0x6a,0x69,0x6a,0x6e,0x6c,0x6a,0xaa,0xa7,0xa6,0xac,
	0xa8,0xa8,0xac,0xb0,0xaa,0xa5,0x78,0x66,0x6a,0x6a,0x5e,0x59,0x59,0x5b,0x57,0x55,
	0x51,0x51,0x51,0x51,0x51,0x51,0x51,0x51,0x51,0x51,0x51,0x51,0x51,0x51,0x52,0x53,
	0x51,0x4e,0x51,0x52,0x50,0x51,0x8c,0x92,0x91,0x91,0x91,0x91,0x91,0x91,0x91,0x91,
	0x91,0x91,0x91,0x91,0x91,0x91,0x91,0x91,0x91,0x92,0x92,0x94,0xd1,0xd3,0xd2,0xd2,
	0xd2,0xd2,0xd2,0xd2,0xd2,0xd2,0xd2,0xd2,0xd2,0xd2,0xd2,0xd2,0xd2,0xd2,0xd2,0xd2,
	0x28,0x2b,0x2a,0x26,0x26,0x27,0x27,0x28,0x29,0x29,0x2a,0x2a,0x2a,0x2a,0x2a,0x2a,
	0x2b,0x2a,0x26,0x29,0x2d,0x29,0x6a,0x6b,0x6b,0x6b,0x6b,0x6b,0x6b,0x6b,0x6b,0x6b,
	0x6b,0x6b,0x6b,0x6b,0x6b,0x6b,0x6a,0x69,0x6a,0x6e,0x6c,0x6a,0xaa,0xa7,0xa6,0xab,
	0xae,0xad,0xac,0xac,0xad,0xad,0xb3,0xb6,0xae,0xad,0x65,0x51,0x54,0x66,0x56,0x57,
	0x51,0x51,0x51,0x51,0x51,0x51,0x51,0x51,0x51,0x51,0x51,0x51,0x51,0x51,0x52,0x53,
	0x51,0x4e,0x51,0x52,0x50,0x51,0x8c,0x92,0x91,0x91,0x91,0x91,0x91,0x91,0x91,0x91,
	0x91,0x91,0x91,0x91,0x91,0x91,0x91,0x91,0x91,0x92,0x92,0x94,0xd1,0xd3,0xd2,0xd2,
	0xd2,0xd2,0xd2,0xd2,0xd2,0xd2,0xd2,0xd2,0xd2,0xd2,0xd2,0xd2,0xd2,0xd2,0xd2,0xd2,
	0x28,0x2b,0x2a,0x26,0x26,0x27,0x27,0x28,0x29,0x29,0x2a,0x2a,0x2a,0x2a,0x2a,0x2a,
	0x2b,0x2b,0x27,0x2a,0x2e,0x2a,0x6a,0x6c,0x6b,0x6b,0x6c,0x6c,0x6c,0x6c,0x6b,0x6c,
	0x6b,0x6b,0x6b,0x6b,0x6b,0x6b,0x6a,0x69,0x6a,0x6e,0x6c,0x6a,0xaa,0xa7,0xa6,0xab,
	0xad,0xac,0xac,0xac,0xac,0xac,0xa9,0xa8,0x9b,0xa2,0x71,0x71,0x67,0x75,0x55,0x60,
	0x51,0x51,0x51,0x51,0x51,0x51,0x51,0x51,0x51,0x51,0x51,0x51,0x51,0x51,0x52,0x53,
	0x51,0x4e,0x51,0x52,0x50,0x51,0x8c,0x92,0x91,0x91,0x91,0x91,0x91,0x91,0x91,0x91,
	0x91,0x91,0x91,0x91,0x91,0x91,0x91,0x91,0x91,0x92,0x92,0x94,0xd1,0xd3,0xd2,0xd2,
	0xd2,0xd2,0xd2,0xd2,0xd2,0xd2,0xd2,0xd2,0xd2,0xd2,0xd2,0xd2,0xd2,0xd2,0xd2,0xd2,
	0x28,0x2b,0x2a,0x26,0x26,0x27,0x27,0x28,0x29,0x29,0x2a,0x2a,0x2a,0x2a,0x2a,0x2a,
	0x3f,0x65,0x6c,0x70,0x27,0x5d,0x92,0x73,0x75,0x89,0x73,0x80,0x8b,0xa6,0x78,0x96,
	0x6b,0x6b,0x6b,0x6b,0x6b,0x6b,0x6a,0x69,0x6a,0x6e,0x6c,0x6a,0xaa,0xa7,0xa6,0xab,
	0xad,0xac,0xac,0xac,0xac,0xac,0xad,0xad,0xa9,0xb6,0xac,0xb6,0xaf,0xa8,0x4f,0x4e,
	0x51,0x51,0x51,0x51,0x51,0x51,0x51,0x51,0x51,0x51,0x51,0x51,0x51,0x51,0x52,0x53,
	0x51,0x4e,0x51,0x52,0x50,0x51,0x8c,0x92,0x91,0x91,0x91,0x91,0x91,0x91,0x91,0x91,
	0x91,0x91,0x91,0x91,0x91,0x91,0x91,0x91,0x91,0x92,0x92,0x94,0xd1,0xd3,0xd2,0xd2,
	0xd2,0xd2,0xd2,0xd2,0xd2,0xd2,0xd2,0xd2,0xd2,0xd2,0xd2,0xd2,0xd2,0xd2,0xd2,0xd2,
	0x28,0x2b,0x2a,0x26,0x26,0x27,0x27,0x28,0x29,0x29,0x2a,0x2a,0x2a,0x2a,0x2a,0x2a,
	0x71,0x4f,0x67,0x77,0x4b,0x3a,0x6f,0x7a,0x77,0x7d,0x8c,0x6f,0x7e,0x8c,0x92,0x6f,
	0x6b,0x6b,0x6b,0x6b,0x6b,0x6b,0x6a,0x69,0x6a,0x6e,0x6c,0x6a,0xaa,0xa7,0xa6,0xab,
	0xad,0xac,0xac,0xac,0xac,0xac,0xac,0xac,0xa9,0xa9,0xa7,0xa7,0xaf,0xa5,0x63,0x73,
	0x51,0x51,0x51,0x51,0x51,0x51,0x51,0x51,0x51,0x51,0x51,0x51,0x51,0x51,0x52,0x53,
	0x51,0x4e,0x51,0x52,0x50,0x51,0x8c,0x92,0x91,0x91,0x91,0x91,0x91,0x91,0x91,0x91,
	0x91,0x91,0x91,0x91,0x91,0x91,0x91,0x91,0x91,0x92,0x92,0x94,0xd1,0xd3,0xd2,0xd2,
	0xd2,0xd2,0xd2,0xd2,0xd2,0xd2,0xd2,0xd2,0xd2,0xd2,0xd2,0xd2,0xd2,0xd2,0xd2,0xd2,
	0x28,0x2b,0x2a,0x26,0x26,0x27,0x27,0x28,0x29,0x29,0x2a,0x2a,0x2a,0x2a,0x2a,0x2a,
	0x5a,0x98,0x5f,0x60,0x5e,0x8d,0x90,0x87,0x8f,0xa0,0x72,0x75,0x90,0x77,0x80,0x76,
	0x6b,0x6b,0x6b,0x6b,0x6b,0x6b,0x6a,0x69,0x6a,0x6e,0x6c,0x6a,0xaa,0xa7,0xa6,0xab,
	0xac,0xab,0xab,0xab,0xab,0xab,0xab,0xab,0xab,0xac,0xac,0xac,0xab,0xac,0xb5,0xb2,
	0x51,0x51,0x51,0x51,0x51,0x51,0x51,0x51,0x51,0x51,0x51,0x51,0x51,0x51,0x52,0x53,
	0x51,0x4e,0x51,0x52,0x50,0x51,0x8c,0x92,0x91,0x91,0x91,0x91,0x91,0x91,0x91,0x91,
	0x91,0x91,0x91,0x91,0x91,0x91,0x91,0x91,0x91,0x92,0x92,0x94,0xd1,0xd3,0xd2,0xd2,
	0xd2,0xd2,0xd2,0xd2,0xd2,0xd2,0xd2,0xd2,0xd2,0xd2,0xd2,0xd2,0xd2,0xd2,0xd2,0xd2,
	0x28,0x2b,0x2a,0x26,0x26,0x27,0x27,0x28,0x29,0x29,0x2a,0x2a,0x2a,0x2a,0x2a,0x2a,
	0x5f,0x91,0x45,0x41,0x7f,0x49,0x9d,0x73,0x92,0x73,0x79,0x6f,0x89,0x6c,0x7e,0x91,
	0x6b,0x6b,0x6b,0x6b,0x6b,0x6b,0x6a,0x69,0x6a,0x6e,0x6c,0x6a,0xaa,0xa7,0xa6,0xab,
	0xac,0xab,0xab,0xab,0xab,0xab,0xab,0xab,0xab,0xab,0xab,0xab,0xac,0xab,0xa7,0xa8,
	0x51,0x51,0x51,0x51,0x51,0x51,0x51,0x51,0x51,0x51,0x51,0x51,0x51,0x51,0x52,0x53,
	0x51,0x4e,0x51,0x52,0x50,0x51,0x8c,0x92,0x91,0x91,0x91,0x91,0x91,0x91,0x91,0x91,
	0x91,0x91,0x91,0x91,0x91,0x91,0x91,0x91,0x91,0x92,0x92,0x94,0xd1,0xd3,0xd2,0xd2,
	0xd2,0xd2,0xd2,0xd2,0xd2,0xd2,0xd2,0xd2,0xd2,0xd2,0xd2,0xd2,0xd2,0xd2,0xd2,0xd2,
	0x28,0x2b,0x2a,0x26,0x26,0x27,0x27,0x28,0x29,0x29,0x2a,0x2a,0x2a,0x2a,0x2a,0x2a,
	0x77,0x87,0x39,0x38,0x92,0x8a,0x89,0x83,0x8d,0x95,0x86,0x8a,0x7e,0x7d,0x9d,0x99,
	0x6b,0x6b,0x6b,0x6b,0x6b,0x6b,0x6a,0x69,0x6a,0x6e,0x6c,0x6a,0xaa,0xa7,0xa6,0xab,
	0xac,0xab,0xab,0xab,0xab,0xab,0xab,0xab,0xab,0xab,0xab,0xab,0xab,0xab,0xac,0xac,
	0x51,0x51,0x51,0x51,0x51,0x51,0x51,0x51,0x51,0x51,0x51,0x51,0x51,0x51,0x52,0x53,
	0x51,0x4e,0x51,0x52,0x50,0x51,0x8c,0x92,0x91,0x91,0x91,0x91,0x91,0x91,0x91,0x91,
	0x91,0x91,0x91,0x91,0x91,0x91,0x91,0x91,0x91,0x92,0x92,0x94,0xd1,0xd3,0xd2,0xd2,
	0xd2,0xd2,0xd2,0xd2,0xd2,0xd2,0xd2,0xd2,0xd2,0xd2,0xd2,0xd2,0xd2,0xd2,0xd2,0xd2,
	0x28,0x2b,0x2a,0x26,0x26,0x27,0x27,0x28,0x29,0x29,0x2a,0x2a,0x2a,0x2a,0x2a,0x2a,
	0x74,0x68,0x64,0x36,0x57,0x74,0x9b,0x78,0x8a,0x7c,0x8f,0x9e,0x89,0x7c,0x83,0x6e,
	0x6b,0x6b,0x6b,0x6b,0x6b,0x6b,0x6a,0x69,0x6a,0x6e,0x6c,0x6a,0xaa,0xa7,0xa6,0xab,
	0xac,0xab,0xab,0xab,0xab,0xab,0xab,0xab,0xab,0xab,0xab,0xab,0xab,0xab,0xab,0xab,
	0x51,0x51,0x51,0x51,0x51,0x51,0x51,0x51,0x51,0x51,0x51,0x51,0x51,0x51,0x52,0x53,
	0x51,0x4e,0x51,0x52,0x50,0x51,0x8c,0x92,0x92,0x91,0x92,0x91,0x90,0x90,0x90,0x90,
	0x90,0x90,0x90,0x90,0x91,0x91,0x91,0x91,0x91,0x92,0x92,0x94,0xd1,0xd3,0xd2,0xd2,
	0xd2,0xd2,0xd2,0xd2,0xd2,0xd2,0xd2,0xd2,0xd2,0xd2,0xd2,0xd2,0xd2,0xd2,0xd2,0xd2,
	0x28,0x2b,0x2a,0x26,0x26,0x27,0x27,0x28,0x29,0x29,0x2a,0x2a,0x2a,0x2a,0x2a,0x2a,
	0x68,0x71,0x59,0x5d,0x87,0x5e,0x6a,0x79,0x8b,0x76,0x78,0x6b,0x6f,0x9e,0x84,0x8a,
	0x6b,0x6b,0x6b,0x6b,0x6b,0x6b,0x6a,0x69,0x6a,0x6e,0x6c,0x6a,0xaa,0xa7,0xa6,0xab,
	0xac,0xab,0xab,0xab,0xab,0xab,0xab,0xab,0xab,0xab,0xab,0xab,0xab,0xab,0xab,0xab,
	0x51,0x51,0x51,0x51,0x51,0x51,0x51,0x51,0x51,0x51,0x51,0x51,0x51,0x51,0x52,0x53,
	0x51,0x4e,0x51,0x52,0x50,0x51,0x8c,0x92,0x92,0x90,0x92,0x91,0x8e,0x8e,0x8e,0x8e,
	0x8e,0x8e,0x8e,0x8e,0x91,0x91,0x91,0x91,0x91,0x92,0x92,0x94,0xd1,0xd3,0xd2,0xd2,
	0xd2,0xd2,0xd2,0xd2,0xd2,0xd2,0xd2,0xd2,0xd2,0xd2,0xd2,0xd2,0xd2,0xd2,0xd2,0xd2,
	0x28,0x2b,0x2a,0x26,0x26,0x27,0x27,0x28,0x29,0x29,0x2a,0x2a,0x2a,0x2a,0x2a,0x2a,
	0x68,0x9a,0x72,0x59,0xa0,0x75,0x80,0x7f,0x92,0x72,0xa0,0x8a,0x6d,0x74,0x83,0x6b,
	0x6b,0x6b,0x6b,0x6b,0x6b,0x6b,0x6a,0x69,0x6a,0x6e,0x6c,0x6a,0xaa,0xa7,0xa6,0xab,
	0xac,0xab,0xab,0xab,0xab,0xab,0xab,0xab,0xab,0xab,0xab,0xab,0xab,0xab,0xab,0xab,
	0x51,0x51,0x51,0x51,0x51,0x51,0x51,0x51,0x51,0x51,0x51,0x51,0x51,0x51,0x52,0x53,
	0x51,0x4e,0x51,0x52,0x50,0x51,0x8c,0x92,0x92,0x90,0x93,0x90,0x84,0x80,0x85,0x82,
	0x80,0x80,0x81,0x81,0x91,0x91,0x91,0x91,0x91,0x92,0x92,0x94,0xd1,0xd3,0xd2,0xd2,
	0xd2,0xd2,0xd2,0xd2,0xd2,0xd2,0xd2,0xd2,0xd2,0xd2,0xd2,0xd2,0xd2,0xd2,0xd2,0xd2,
	0x28,0x2b,0x2a,0x26,0x26,0x27,0x27,0x28,0x29,0x29,0x2a,0x2a,0x2a,0x2a,0x2b,0x2d,
	0x5f,0x61,0x62,0x5f,0x41,0x7a,0x8e,0x8b,0x86,0x8e,0x82,0x7b,0x8f,0x7f,0x8b,0x8a,
	0x6b,0x6b,0x6b,0x6b,0x6b,0x6b,0x6a,0x69,0x6a,0x6e,0x6c,0x6a,0xaa,0xa7,0xa6,0xab,
	0xac,0xab,0xab,0xab,0xab,0xab,0xab,0xab,0xab,0xab,0xab,0xab,0xab,0xab,0xab,0xab,
	0x51,0x51,0x51,0x51,0x51,0x51,0x51,0x51,0x51,0x51,0x51,0x51,0x51,0x51,0x52,0x53,
	0x51,0x4e,0x51,0x52,0x50,0x51,0x8c,0x92,0x93,0x90,0x93,0x90,0x82,0x7e,0x83,0x80,
	0x7e,0x7e,0x7f,0x7f,0x91,0x91,0x91,0x91,0x91,0x92,0x92,0x94,0xd1,0xd3,0xd2,0xd2,
	0xd2,0xd2,0xd2,0xd2,0xd2,0xd2,0xd2,0xd2,0xd2,0xd2,0xd2,0xd2,0xd2,0xd2,0xd2,0xd2,
	0x28,0x2b,0x2a,0x26,0x26,0x27,0x27,0x28,0x29,0x29,0x2a,0x2a,0x2a,0x2a,0x2a,0x2a,
	0x6b,0x37,0x39,0x71,0x7f,0x40,0x5d,0x9c,0x70,0x81,0x81,0x8a,0x9b,0x84,0x72,0x6f,
	0x6b,0x6b,0x6b,0x6b,0x6b,0x6b,0x6a,0x69,0x6a,0x6e,0x6c,0x6a,0xaa,0xa7,0xa6,0xab,
	0xac,0xab,0xab,0xab,0xab,0xab,0xab,0xab,0xab,0xab,0xab,0xab,0xab,0xab,0xab,0xab,
	0x51,0x51,0x51,0x51,0x51,0x51,0x51,0x51,0x51,0x51,0x51,0x51,0x51,0x51,0x52,0x53,
	0x51,0x4e,0x51,0x52,0x50,0x51,0x8c,0x92,0x93,0x8f,0x94,0x90,0x81,0x7d,0x82,0x7f,
	0x7d,0x7d,0x7e,0x7e,0x91,0x91,0x91,0x91,0x91,0x92,0x92,0x94,0xd1,0xd3,0xd2,0xd2,
	0xd2,0xd2,0xd2,0xd2,0xd2,0xd2,0xd2,0xd2,0xd2,0xd2,0xd2,0xd2,0xd2,0xd2,0xd2,0xd2,
	0x28,0x2b,0x2a,0x26,0x26,0x27,0x27,0x28,0x29,0x29,0x2a,0x2a,0x2a,0x2a,0x2b,0x2d,
	0x6f,0x7c,0x64,0x62,0x60,0x37,0x94,0x67,0x9b,0x86,0x87,0x85,0x88,0x79,0x87,0x74,
	0x6b,0x6b,0x6b,0x6b,0x6b,0x6b,0x6a,0x69,0x6a,0x6e,0x6c,0x6a,0xaa,0xa7,0xa6,0xab,
	0xac,0xab,0xab,0xab,0xab,0xab,0xab,0xab,0xab,0xab,0xab,0xab,0xab,0xab,0xab,0xab,
	0x51,0x51,0x51,0x51,0x51,0x51,0x51,0x51,0x51,0x51,0x51,0x51,0x51,0x51,0x52,0x53,
	0x51,0x4e,0x51,0x52,0x50,0x51,0x8c,0x92,0x93,0x8f,0x94,0x90,0x81,0x7d,0x82,0x7f,
	0x7d,0x7d,0x7e,0x7e,0x91,0x91,0x91,0x91,0x91,0x92,0x92,0x94,0xd1,0xd3,0xd2,0xd2,
	0xd2,0xd2,0xd2,0xd2,0xd2,0xd2,0xd2,0xd2,0xd2,0xd2,0xd2,0xd2,0xd2,0xd2,0xd2,0xd2,
	0x28,0x2b,0x2a,0x26,0x26,0x27,0x27,0x28,0x29,0x29,0x2a,0x2a,0x2a,0x2a,0x2b,0x2d,
	0x50,0x6e,0x79,0x84,0xa7,0x84,0x84,0x8b,0x6f,0x95,0x6f,0x7b,0x7c,0x96,0x6f,0x8d,
	0x6b,0x6b,0x6b,0x6b,0x6b,0x6b,0x6a,0x69,0x6a,0x6e,0x6c,0x6a,0xaa,0xa7,0xa6,0xab,
	0xac,0xab,0xab,0xab,0xab,0xab,0xab,0xab,0xab,0xab,0xab,0xab,0xab,0xab,0xab,0xab,
	0x51,0x51,0x51,0x51,0x51,0x51,0x51,0x51,0x51,0x51,0x51,0x51,0x51,0x51,0x52,0x53,
	0x51,0x4e,0x51,0x52,0x50,0x51,0x8c,0x92,0x93,0x8f,0x94,0x90,0x81,0x7d,0x82,0x7f,
	0x7d,0x7d,0x7e,0x7e,0x91,0x91,0x91,0x91,0x91,0x92,0x92,0x94,0xd1,0xd3,0xd2,0xd2,
	0xd2,0xd2,0xd2,0xd2,0xd2,0xd2,0xd2,0xd2,0xd2,0xd2,0xd2,0xd2,0xd2,0xd2,0xd2,0xd2,
	0x28,0x2b,0x2a,0x26,0x26,0x27,0x27,0x28,0x29,0x29,0x2a,0x2a,0x2a,0x2a,0x2a,0x2a,
	0x87,0x59,0x85,0x55,0x69,0x40,0x87,0x80,0x8f,0x5d,0x75,0x78,0x8b,0x80,0x89,0x82,
	0x6b,0x6b,0x6b,0x6b,0x6b,0x6b,0x6a,0x68,0x69,0x6e,0x6c,0x6a,0xaa,0xa7,0xa6,0xab,
	0xac,0xab,0xab,0xab,0xab,0xab,0xab,0xab,0xab,0xab,0xab,0xab,0xab,0xab,0xab,0xab,
	0x51,0x51,0x51,0x51,0x51,0x51,0x51,0x51,0x51,0x51,0x51,0x51,0x51,0x51,0x52,0x53,
	0x51,0x4e,0x51,0x52,0x50,0x51,0x8c,0x92,0x93,0x8f,0x94,0x90,0x81,0x7d,0x82,0x7f,
	0x7d,0x7d,0x7e,0x7e,0x91,0x91,0x91,0x91,0x91,0x92,0x92,0x94,0xd1,0xd3,0xd2,0xd2,
	0xd2,0xd2,0xd2,0xd2,0xd2,0xd2,0xd2,0xd2,0xd2,0xd2,0xd2,0xd2,0xd2,0xd2,0xd2,0xd2,
	0x28,0x2b,0x2a,0x26,0x26,0x27,0x27,0x28,0x29,0x29,0x2a,0x2a,0x2a,0x2a,0x2a,0x2a,
	0x5a,0x68,0x88,0x41,0x3f,0x7a,0x80,0x86,0x89,0x8a,0x7d,0x8f,0x89,0x8d,0x86,0x9b,
	0x6b,0x6b,0x6b,0x6b,0x6b,0x6b,0x6a,0x68,0x69,0x6e,0x6c,0x6a,0xaa,0xa7,0xa6,0xab,
	0xac,0xab,0xab,0xab,0xab,0xab,0xab,0xab,0xab,0xab,0xab,0xab,0xab,0xab,0xab,0xab,
	0x51,0x51,0x51,0x51,0x51,0x51,0x51,0x51,0x51,0x51,0x51,0x51,0x51,0x51,0x52,0x53,
	0x51,0x4e,0x51,0x52,0x50,0x51,0x8c,0x92,0x93,0x8f,0x94,0x90,0x81,0x7d,0x82,0x7f,
	0x7d,0x7d,0x7e,0x7e,0x91,0x91,0x91,0x91,0x91,0x92,0x92,0x94,0xd1,0xd3,0xd2,0xd2,
	0xd2,0xd2,0xd2,0xd2,0xd2,0xd2,0xd2,0xd2,0xd2,0xd2,0xd2,0xd2,0xd2,0xd2,0xd2,0xd2,
	0x28,0x2b,0x2a,0x27,0x27,0x28,0x27,0x28,0x29,0x29,0x29,0x29,0x2a,0x2a,0x2a,0x2a,
	0x5d,0x52,0x59,0x48,0x42,0x58,0x9d,0x8a,0x69,0x91,0x82,0x84,0x7f,0x90,0x85,0x8b,
	0x6b,0x6b,0x6b,0x6b,0x6c,0x6c,0x6b,0x67,0x69,0x6e,0x6c,0x6a,0xaa,0xa7,0xa6,0xab,
	0xac,0xab,0xab,0xab,0xab,0xab,0xab,0xab,0xab,0xab,0xab,0xab,0xab,0xab,0xab,0xab,
	0x51,0x51,0x51,0x51,0x51,0x51,0x51,0x51,0x51,0x51,0x51,0x51,0x51,0x51,0x52,0x53,
	0x51,0x4e,0x51,0x52,0x50,0x51,0x8c,0x92,0x93,0x8f,0x94,0x90,0x81,0x7d,0x82,0x7f,
	0x7d,0x7d,0x7d,0x7d,0x90,0x90,0x90,0x91,0x91,0x92,0x92,0x94,0xd1,0xd3,0xd2,0xd2,
	0xd2,0xd2,0xd2,0xd2,0xd2,0xd2,0xd2,0xd2,0xd2,0xd2,0xd2,0xd2,0xd2,0xd2,0xd2,0xd2,
	0x28,0x2b,0x2a,0x27,0x27,0x28,0x27,0x28,0x29,0x29,0x29,0x29,0x29,0x2a,0x2a,0x2a,
	0x4e,0x4e,0x69,0x89,0x4f,0x7a,0x85,0x8c,0x97,0x88,0x95,0x8e,0x97,0x7c,0x83,0x77,
	0x6b,0x6c,0x6b,0x6b,0x6e,0x6e,0x6e,0x65,0x6a,0x6e,0x6d,0x6b,0xaa,0xa7,0xa6,0xab,
	0xab,0xab,0xab,0xab,0xab,0xab,0xab,0xab,0xab,0xab,0xab,0xab,0xab,0xab,0xab,0xab,
	0x51,0x51,0x51,0x51,0x51,0x51,0x51,0x51,0x51,0x51,0x51,0x51,0x51,0x51,0x52,0x53,
	0x51,0x4e,0x51,0x52,0x50,0x51,0x8c,0x92,0x93,0x8f,0x94,0x90,0x81,0x7d,0x82,0x7e,
	0x7c,0x7c,0x7d,0x7d,0x90,0x90,0x90,0x90,0x90,0x91,0x91,0x93,0xd0,0xd2,0xd1,0xd1,
	0xd1,0xd1,0xd2,0xd2,0xd2,0xd2,0xd2,0xd2,0xd2,0xd2,0xd2,0xd2,0xd2,0xd2,0xd2,0xd2,
	0x28,0x2c,0x2b,0x27,0x28,0x28,0x28,0x27,0x29,0x28,0x28,0x28,0x29,0x29,0x29,0x29,
	0x28,0x25,0x2a,0x27,0x2d,0x2a,0x6e,0x6f,0x6a,0x6a,0x6a,0x6a,0x6a,0x6a,0x6a,0x6a,
	0x6e,0x7d,0x76,0x8a,0x7d,0x78,0x89,0x6d,0x94,0x7f,0x90,0x7b,0xa2,0xa3,0xa7,0x9f,
	0xab,0xab,0xaa,0xaa,0xab,0xab,0xab,0xab,0xab,0xab,0xab,0xab,0xab,0xab,0xab,0xab,
	0x51,0x51,0x51,0x51,0x51,0x51,0x51,0x51,0x51,0x51,0x51,0x51,0x51,0x51,0x52,0x53,
	0x51,0x4e,0x51,0x52,0x50,0x51,0x8c,0x92,0x93,0x8f,0x94,0x90,0x81,0x7d,0x82,0x7e,
	0x7c,0x7c,0x7d,0x7d,0x90,0x90,0x90,0x90,0x90,0x91,0x91,0x93,0xd0,0xd2,0xd1,0xd1,
	0xd1,0xd1,0xd2,0xd2,0xd2,0xd2,0xd2,0xd2,0xd2,0xd2,0xd2,0xd2,0xd2,0xd2,0xd2,0xd2,
	0x28,0x2c,0x2b,0x28,0x28,0x29,0x28,0x27,0x29,0x28,0x28,0x28,0x29,0x29,0x29,0x29,
	0x28,0x25,0x2a,0x27,0x2b,0x2a,0x6c,0x6d,0x6a,0x6a,0x6a,0x6a,0x6a,0x6a,0x6a,0x6a,
	0x85,0x77,0x85,0x8f,0x8e,0x6f,0x7e,0x7c,0x94,0x7a,0x7f,0x8d,0x9a,0xab,0xa4,0x9a,
	0xab,0xab,0xaa,0xaa,0xab,0xab,0xab,0xab,0xab,0xab,0xab,0xab,0xab,0xab,0xab,0xab,
	0x51,0x51,0x51,0x51,0x51,0x51,0x51,0x51,0x51,0x51,0x51,0x51,0x51,0x51,0x52,0x53,
	0x51,0x4e,0x51,0x52,0x50,0x51,0x8c,0x92,0x93,0x8f,0x94,0x90,0x81,0x7d,0x82,0x7e,
	0x7c,0x7c,0x7c,0x7c,0x8f,0x8f,0x8f,0x90,0x90,0x91,0x91,0x93,0xd0,0xd2,0xd1,0xd1,
	0xd1,0xd1,0xd2,0xd2,0xd2,0xd2,0xd2,0xd2,0xd2,0xd2,0xd2,0xd2,0xd2,0xd2,0xd2,0xd2,
	0x28,0x2c,0x2b,0x28,0x29,0x29,0x28,0x27,0x29,0x28,0x27,0x27,0x28,0x29,0x29,0x29,
	0x28,0x25,0x2a,0x27,0x2a,0x2a,0x6b,0x6c,0x6a,0x6a,0x6a,0x6a,0x6a,0x6a,0x6a,0x6a,
	0x9b,0x82,0x8a,0x7d,0x96,0x8e,0x91,0x8c,0x7f,0x8e,0x74,0x7c,0x9a,0x98,0xa7,0xa9,
	0xaa,0xaa,0xaa,0xaa,0xaa,0xaa,0xaa,0xaa,0xaa,0xaa,0xaa,0xaa,0xaa,0xaa,0xaa,0xaa,
	0x51,0x51,0x51,0x51,0x51,0x51,0x51,0x51,0x51,0x51,0x51,0x51,0x51,0x51,0x52,0x53,
	0x51,0x4e,0x51,0x52,0x50,0x51,0x8c,0x92,0x93,0x8f,0x94,0x90,0x81,0x7d,0x82,0x7e,
	0x7c,0x7c,0x7c,0x7c,0x8f,0x8f,0x8f,0x90,0x90,0x91,0x91,0x93,0xd0,0xd2,0xd1,0xd1,
	0xd1,0xd1,0xd2,0xd2,0xd2,0xd2,0xd2,0xd2,0xd2,0xd2,0xd2,0xd2,0xd2,0xd2,0xd2,0xd2,
	0x28,0x2c,0x2b,0x28,0x29,0x29,0x28,0x27,0x29,0x28,0x27,0x27,0x28,0x29,0x29,0x29,
	0x28,0x25,0x2a,0x27,0x2a,0x2a,0x6b,0x6c,0x6a,0x6a,0x6a,0x6a,0x6a,0x6a,0x6a,0x6a,
	0x8f,0x7f,0x8c,0x80,0x8c,0x87,0x86,0x89,0x91,0x94,0x7e,0x7c,0xad,0x94,0xaf,0xa2,
	0xaa,0xaa,0xaa,0xaa,0xaa,0xaa,0xaa,0xaa,0xaa,0xaa,0xaa,0xaa,0xaa,0xaa,0xaa,0xaa,
	0x51,0x51,0x51,0x51,0x51,0x51,0x51,0x51,0x51,0x51,0x51,0x51,0x51,0x51,0x52,0x53,
	0x51,0x4e,0x51,0x52,0x50,0x51,0x8c,0x92,0x93,0x8f,0x94,0x90,0x81,0x7d,0x82,0x7e,
	0x7c,0x7c,0x7c,0x7c,0x8f,0x8f,0x8f,0x90,0x90,0x91,0x91,0x93,0xd0,0xd2,0xd1,0xd1,
	0xd1,0xd1,0xd2,0xd2,0xd2,0xd2,0xd2,0xd2,0xd2,0xd2,0xd2,0xd2,0xd2,0xd2,0xd2,0xd2,
	0x28,0x2c,0x2b,0x28,0x29,0x29,0x28,0x27,0x29,0x28,0x27,0x27,0x28,0x29,0x29,0x29,
	0x28,0x25,0x2a,0x27,0x2a,0x2a,0x6b,0x6c,0x6a,0x6a,0x6a,0x6a,0x6a,0x6a,0x6a,0x6a,
	0x7b,0x81,0x82,0x6f,0x9b,0x8f,0x8c,0x7f,0x93,0x7b,0x79,0x70,0x8e,0xa9,0xa2,0x9f,
	0xab,0xaa,0xaa,0xaa,0xaa,0xaa,0xaa,0xaa,0xaa,0xaa,0xaa,0xaa,0xaa,0xaa,0xaa,0xaa,
	0x51,0x51,0x51,0x51,0x51,0x51,0x51,0x51,0x51,0x51,0x51,0x51,0x51,0x51,0x52,0x53,
	0x51,0x4e,0x51,0x52,0x50,0x51,0x8c,0x92,0x93,0x8f,0x94,0x90,0x81,0x7d,0x82,0x7e,
	0x7c,0x7c,0x7c,0x7c,0x8f,0x8f,0x8f,0x90,0x90,0x91,0x91,0x93,0xd0,0xd2,0xd1,0xd1,
	0xd1,0xd1,0xd2,0xd2,0xd2,0xd2,0xd2,0xd2,0xd2,0xd2,0xd2,0xd2,0xd2,0xd2,0xd2,0xd2,
	0x28,0x2c,0x2b,0x28,0x29,0x29,0x28,0x27,0x29,0x28,0x27,0x27,0x28,0x29,0x29,0x29,
	0x28,0x25,0x2a,0x27,0x2a,0x2a,0x6b,0x6c,0x6a,0x6a,0x6a,0x6a,0x6a,0x6a,0x6a,0x6a,
	0x99,0x8e,0x86,0x7b,0x95,0x84,0x7a,0x86,0x81,0x8b,0x80,0x82,0xae,0xa5,0xb3,0xa1,
	0xab,0xaa,0xaa,0xaa,0xaa,0xaa,0xaa,0xaa,0xaa,0xaa,0xaa,0xaa,0xaa,0xaa,0xaa,0xaa,
	0x51,0x51,0x51,0x51,0x51,0x51,0x51,0x51,0x51,0x51,0x51,0x51,0x51,0x51,0x52,0x53,
	0x51,0x4e,0x51,0x52,0x50,0x51,0x8c,0x92,0x93,0x90,0x94,0x91,0x82,0x7e,0x83,0x7f,
	0x7d,0x7d,0x7d,0x7d,0x8f,0x8f,0x8f,0x90,0x90,0x91,0x91,0x93,0xd0,0xd2,0xd1,0xd1,
	0xd1,0xd1,0xd2,0xd2,0xd2,0xd2,0xd2,0xd2,0xd2,0xd2,0xd2,0xd2,0xd2,0xd2,0xd2,0xd2,
	0x28,0x2c,0x2b,0x28,0x29,0x29,0x28,0x27,0x29,0x28,0x27,0x27,0x28,0x29,0x29,0x29,
	0x28,0x25,0x2a,0x27,0x2a,0x2a,0x6b,0x6c,0x6a,0x6a,0x6a,0x6a,0x6a,0x6a,0x6a,0x6a,
	0x86,0x69,0x7b,0x8b,0x88,0x98,0x92,0x8b,0x80,0x70,0x71,0x9b,0xa3,0xa6,0xa4,0xa4,
	0xaa,0xaa,0xaa,0xaa,0xaa,0xaa,0xaa,0xaa,0xaa,0xaa,0xaa,0xaa,0xaa,0xaa,0xaa,0xaa,
	0x51,0x51,0x51,0x51,0x51,0x51,0x51,0x51,0x51,0x51,0x51,0x51,0x51,0x51,0x52,0x53,
	0x51,0x4e,0x51,0x52,0x50,0x51,0x8c,0x92,0x93,0x90,0x93,0x91,0x84,0x80,0x85,0x81,
	0x7f,0x7f,0x7f,0x7f,0x8f,0x8f,0x8f,0x90,0x90,0x91,0x91,0x93,0xd0,0xd2,0xd1,0xd1,
	0xd1,0xd1,0xd2,0xd2,0xd2,0xd2,0xd2,0xd2,0xd2,0xd2,0xd2,0xd2,0xd2,0xd2,0xd2,0xd2,
	0x28,0x2c,0x2b,0x28,0x29,0x29,0x28,0x27,0x29,0x28,0x27,0x27,0x28,0x29,0x29,0x29,
	0x28,0x25,0x2a,0x27,0x2a,0x2a,0x6b,0x6c,0x6a,0x6a,0x6a,0x6a,0x6a,0x6a,0x6a,0x6a,
	0x87,0xa3,0x96,0x82,0x76,0x7d,0x88,0x82,0x89,0x82,0x6c,0x8a,0x9c,0x9f,0x9a,0xad,
	0xa9,0xab,0xaa,0xaa,0xaa,0xaa,0xaa,0xaa,0xaa,0xaa,0xaa,0xaa,0xaa,0xaa,0xaa,0xaa,
	0x51,0x51,0x51,0x51,0x51,0x51,0x51,0x51,0x51,0x51,0x51,0x51,0x51,0x51,0x52,0x53,
	0x51,0x4e,0x51,0x52,0x50,0x51,0x8c,0x92,0x92,0x91,0x93,0x91,0x8f,0x8f,0x8f,0x8e,
	0x8e,0x8e,0x8d,0x8d,0x90,0x90,0x8f,0x90,0x91,0x91,0x91,0x93,0xd0,0xd2,0xd1,0xd1,
	0xd1,0xd1,0xd2,0xd2,0xd2,0xd2,0xd2,0xd2,0xd2,0xd2,0xd2,0xd2,0xd2,0xd2,0xd2,0xd2,
	0x28,0x2c,0x2b,0x28,0x29,0x29,0x28,0x27,0x29,0x28,0x27,0x27,0x28,0x29,0x29,0x29,
	0x28,0x25,0x2a,0x27,0x2a,0x2a,0x6b,0x6c,0x6a,0x6a,0x6a,0x6a,0x6a,0x6a,0x6a,0x6a,
	0x8a,0x83,0x79,0x9c,0x91,0x8a,0x84,0x94,0x85,0x74,0xa0,0x8e,0xa6,0xa9,0xa6,0xa6,
	0xa7,0xa9,0xaa,0xaa,0xaa,0xaa,0xaa,0xaa,0xaa,0xaa,0xaa,0xaa,0xaa,0xaa,0xaa,0xaa,
	0x51,0x51,0x51,0x51,0x51,0x51,0x51,0x51,0x51,0x51,0x51,0x51,0x51,0x51,0x52,0x53,
	0x51,0x4e,0x51,0x52,0x50,0x51,0x8c,0x92,0x92,0x91,0x93,0x92,0x91,0x91,0x91,0x90,
	0x90,0x90,0x8f,0x8f,0x90,0x90,0x8f,0x90,0x91,0x91,0x91,0x93,0xd0,0xd2,0xd1,0xd1,
	0xd1,0xd1,0xd2,0xd2,0xd2,0xd2,0xd2,0xd2,0xd2,0xd2,0xd2,0xd2,0xd2,0xd2,0xd2,0xd2,
	0x28,0x2c,0x2b,0x28,0x29,0x29,0x28,0x27,0x29,0x28,0x27,0x27,0x28,0x29,0x29,0x29,
	0x28,0x25,0x2a,0x27,0x2a,0x2a,0x6b,0x6c,0x6a,0x6a,0x6a,0x6a,0x6a,0x6a,0x6a,0x6a,
	0x6e,0x90,0x76,0x91,0x8f,0x7a,0x75,0x70,0x77,0x7e,0x82,0x93,0xa8,0x9e,0xad,0xac,
	0xac,0xaa,0xaa,0xaa,0xaa,0xaa,0xaa,0xaa,0xaa,0xaa,0xaa,0xaa,0xaa,0xaa,0xaa,0xaa,
	0x51,0x51,0x51,0x51,0x51,0x51,0x51,0x51,0x51,0x51,0x51,0x51,0x51,0x51,0x52,0x53,
	0x51,0x4e,0x51,0x52,0x50,0x51,0x8c,0x92,0x92,0x92,0x92,0x92,0x92,0x92,0x92,0x91,
	0x91,0x91,0x90,0x90,0x90,0x90,0x8f,0x90,0x91,0x91,0x91,0x93,0xd0,0xd2,0xd1,0xd1,
	0xd1,0xd1,0xd2,0xd2,0xd2,0xd2,0xd2,0xd2,0xd2,0xd2,0xd2,0xd2,0xd2,0xd2,0xd2,0xd2,
	0x28,0x2c,0x2b,0x28,0x29,0x29,0x28,0x27,0x29,0x28,0x27,0x27,0x28,0x29,0x29,0x29,
	0x28,0x25,0x2a,0x27,0x2a,0x2a,0x6b,0x6c,0x6a,0x6a,0x6a,0x6a,0x6a,0x6a,0x6a,0x6a,
	0x7a,0x7d,0x78,0x78,0x89,0xa2,0x9f,0x86,0x6c,0x90,0x91,0x97,0xa5,0x9b,0xab,0xa9,
	0xa9,0xa9,0xaa,0xaa,0xaa,0xaa,0xaa,0xaa,0xaa,0xaa,0xaa,0xaa,0xaa,0xaa,0xaa,0xaa,
	0x51,0x51,0x51,0x51,0x51,0x51,0x51,0x51,0x51,0x51,0x51,0x51,0x51,0x51,0x52,0x53,
	0x51,0x4e,0x51,0x52,0x50,0x51,0x8c,0x92,0x92,0x92,0x92,0x92,0x92,0x92,0x92,0x91,
	0x91,0x91,0x90,0x90,0x90,0x90,0x8f,0x90,0x91,0x91,0x91,0x93,0xd0,0xd2,0xd1,0xd1,
	0xd1,0xd1,0xd2,0xd2,0xd2,0xd2,0xd2,0xd2,0xd2,0xd2,0xd2,0xd2,0xd2,0xd2,0xd2,0xd2,
	0x28,0x2c,0x2b,0x28,0x29,0x29,0x28,0x27,0x29,0x28,0x27,0x27,0x28,0x29,0x29,0x29,
	0x28,0x25,0x2a,0x27,0x2a,0x2a,0x6b,0x6c,0x6a,0x6a,0x6a,0x6a,0x6a,0x6a,0x6a,0x6a,
	0x8a,0x80,0x91,0x92,0x87,0x8d,0x8d,0x7e,0x78,0x8a,0x71,0x95,0x9d,0xa2,0xa1,0xa6,
	0xa9,0xaa,0xaa,0xaa,0xaa,0xaa,0xaa,0xaa,0xaa,0xaa,0xaa,0xaa,0xaa,0xaa,0xaa,0xaa,
	0x51,0x51,0x51,0x51,0x51,0x51,0x51,0x51,0x51,0x51,0x51,0x51,0x51,0x51,0x52,0x53,
	0x51,0x4e,0x51,0x52,0x50,0x51,0x8c,0x92,0x92,0x92,0x92,0x92,0x92,0x92,0x92,0x91,
	0x91,0x91,0x90,0x90,0x90,0x90,0x8f,0x90,0x91,0x91,0x91,0x93,0xd0,0xd2,0xd1,0xd1,
	0xd1,0xd1,0xd2,0xd2,0xd2,0xd2,0xd2,0xd2,0xd2,0xd2,0xd2,0xd2,0xd2,0xd2,0xd2,0xd2,
	0x28,0x2c,0x2b,0x28,0x29,0x29,0x28,0x27,0x29,0x28,0x27,0x27,0x28,0x29,0x29,0x29,
	0x28,0x25,0x2a,0x27,0x2a,0x2a,0x6b,0x6c,0x6a,0x6a,0x6a,0x6a,0x6a,0x6a,0x6a,0x6a,
	0x92,0x84,0x7c,0x8a,0x88,0x91,0x89,0x82,0x8d,0x95,0x8f,0x94,0x9e,0xa3,0xa0,0xa3,
	0xa6,0xa9,0xaa,0xaa,0xaa,0xaa,0xaa,0xaa,0xaa,0xaa,0xaa,0xaa,0xaa,0xaa,0xaa,0xaa,
	0x51,0x51,0x51,0x51,0x51,0x51,0x51,0x51,0x51,0x51,0x51,0x51,0x51,0x51,0x52,0x53,
	0x51,0x4e,0x51,0x52,0x50,0x51,0x8c,0x92,0x92,0x92,0x92,0x92,0x92,0x92,0x92,0x91,
	0x91,0x91,0x90,0x90,0x90,0x90,0x8f,0x90,0x91,0x91,0x91,0x93,0xd0,0xd2,0xd1,0xd1,
	0xd1,0xd1,0xd2,0xd2,0xd2,0xd2,0xd2,0xd2,0xd2,0xd2,0xd2,0xd2,0xd2,0xd2,0xd2,0xd2,
	0x28,0x2c,0x2b,0x28,0x29,0x29,0x28,0x27,0x29,0x28,0x27,0x27,0x28,0x29,0x29,0x29,
	0x28,0x25,0x2a,0x27,0x2a,0x2a,0x6b,0x6c,0x6a,0x6a,0x6a,0x6a,0x6a,0x6a,0x6a,0x6a,
	0x71,0x74,0x76,0x88,0x82,0x90,0x71,0x69,0x8d,0x79,0x9d,0x94,0x9c,0xa9,0xa8,0xa2,
	0xa8,0xa9,0xaa,0xaa,0xaa,0xaa,0xaa,0xaa,0xaa,0xaa,0xaa,0xaa,0xaa,0xaa,0xaa,0xaa,
	0x51,0x51,0x51,0x51,0x51,0x51,0x51,0x51,0x51,0x51,0x51,0x51,0x51,0x51,0x52,0x53,
	0x51,0x4e,0x51,0x52,0x50,0x51,0x8c,0x92,0x92,0x92,0x92,0x92,0x92,0x92,0x92,0x91,
	0x91,0x91,0x90,0x90,0x90,0x90,0x8f,0x90,0x91,0x91,0x91,0x93,0xd0,0xd2,0xd1,0xd1,
	0xd1,0xd1,0xd2,0xd2,0xd2,0xd2,0xd2,0xd2,0xd2,0xd2,0xd2,0xd2,0xd2,0xd2,0xd2,0xd2,
	0x28,0x2c,0x2b,0x28,0x29,0x29,0x28,0x27,0x29,0x28,0x27,0x27,0x28,0x29,0x29,0x29,
	0x28,0x25,0x2a,0x27,0x2a,0x2a,0x6b,0x6c,0x6a,0x6a,0x6a,0x6a,0x6a,0x6a,0x6a,0x6a,
	0x8b,0x87,0x94,0x77,0x97,0x85,0x99,0x93,0x84,0x98,0x85,0x8f,0xaa,0xa4,0x9c,0xa2,
	0xa7,0xa9,0xaa,0xaa,0xaa,0xaa,0xaa,0xaa,0xaa,0xaa,0xaa,0xaa,0xaa,0xaa,0xaa,0xaa,
	0x51,0x51,0x51,0x51,0x51,0x51,0x51,0x51,0x51,0x51,0x51,0x51,0x51,0x51,0x52,0x53,
	0x51,0x4e,0x51,0x52,0x50,0x51,0x8c,0x92,0x92,0x92,0x92,0x92,0x92,0x92,0x92,0x91,
	0x91,0x91,0x90,0x90,0x90,0x90,0x8f,0x90,0x91,0x91,0x91,0x93,0xd0,0xd2,0xd1,0xd1,
	0xd1,0xd1,0xd2,0xd2,0xd2,0xd2,0xd2,0xd2,0xd2,0xd2,0xd2,0xd2,0xd2,0xd2,0xd2,0xd2,
	0x28,0x2c,0x2b,0x28,0x29,0x29,0x28,0x27,0x29,0x28,0x27,0x27,0x28,0x29,0x29,0x29,
	0x28,0x25,0x2a,0x27,0x2a,0x2a,0x6b,0x6c,0x6a,0x6a,0x6a,0x6a,0x6a,0x6a,0x6a,0x6a,
	0x8f,0x8d,0x72,0x7c,0x80,0x81,0x81,0x91,0x88,0x8b,0x92,0x85,0xa9,0x98,0x9e,0x97,
	0xa7,0xa9,0xaa,0xaa,0xaa,0xaa,0xaa,0xaa,0xaa,0xaa,0xaa,0xaa,0xaa,0xaa,0xaa,0xaa,
	0x51,0x51,0x51,0x51,0x51,0x51,0x51,0x51,0x51,0x51,0x51,0x51,0x51,0x51,0x52,0x53,
	0x51,0x4e,0x51,0x52,0x50,0x51,0x8c,0x92,0x92,0x92,0x92,0x92,0x92,0x92,0x92,0x91,
	0x91,0x91,0x90,0x90,0x90,0x90,0x90,0x91,0x90,0x91,0x91,0x93,0xd0,0xd2,0xd1,0xd1,
	0xd1,0xd1,0xd2,0xd2,0xd2,0xd2,0xd2,0xd2,0xd2,0xd2,0xd2,0xd2,0xd2,0xd2,0xd2,0xd2,
	0x28,0x2c,0x2b,0x28,0x29,0x29,0x28,0x27,0x29,0x28,0x27,0x27,0x28,0x29,0x29,0x29,
	0x28,0x25,0x2a,0x27,0x2a,0x2a,0x6b,0x6c,0x6a,0x6a,0x6a,0x6a,0x6a,0x6a,0x6a,0x6a,
	0x6a,0x6a,0x6a,0x6a,0x6d,0x6d,0x6b,0x6d,0x6d,0x6d,0x6d,0x6d,0xa4,0xa6,0xa3,0xa8,
	0xab,0xaa,0xaa,0xaa,0xaa,0xaa,0xaa,0xaa,0xaa,0xaa,0xaa,0xaa,0xaa,0xaa,0xaa,0xaa,
	0x51,0x51,0x51,0x51,0x51,0x51,0x51,0x51,0x51,0x51,0x51,0x51,0x51,0x51,0x52,0x53,
	0x51,0x4e,0x51,0x52,0x50,0x51,0x8c,0x92,0x92,0x92,0x92,0x92,0x92,0x92,0x92,0x91,
	0x91,0x91,0x90,0x90,0x90,0x90,0x90,0x91,0x90,0x91,0x91,0x93,0xd0,0xd2,0xd1,0xd1,
	0xd1,0xd1,0xd2,0xd2,0xd2,0xd2,0xd2,0xd2,0xd2,0xd2,0xd2,0xd2,0xd2,0xd2,0xd2,0xd2,
	0x28,0x2c,0x2b,0x28,0x29,0x29,0x28,0x27,0x29,0x28,0x27,0x27,0x28,0x29,0x29,0x29,
	0x28,0x25,0x2a,0x27,0x2a,0x2a,0x6b,0x6c,0x6a,0x6a,0x6a,0x6a,0x6a,0x6a,0x6a,0x6a,
	0x6a,0x6a,0x6a,0x6a,0x6b,0x6b,0x6a,0x6b,0x6b,0x6b,0x6b,0x6b,0xa6,0xa4,0xa7,0xa9,
	0xab,0xaa,0xaa,0xaa,0xaa,0xaa,0xaa,0xaa,0xaa,0xaa,0xaa,0xaa,0xaa,0xaa,0xaa,0xaa,
	0x51,0x51,0x51,0x51,0x51,0x51,0x51,0x51,0x51,0x51,0x51,0x51,0x51,0x51,0x52,0x53,
	0x51,0x4e,0x51,0x52,0x50,0x51,0x8c,0x92,0x92,0x92,0x92,0x92,0x92,0x92,0x92,0x91,
	0x91,0x91,0x90,0x90,0x90,0x90,0x90,0x91,0x90,0x91,0x91,0x93,0xd0,0xd2,0xd1,0xd1,
	0xd1,0xd1,0xd2,0xd2,0xd2,0xd2,0xd2,0xd2,0xd2,0xd2,0xd2,0xd2,0xd2,0xd2,0xd2,0xd2,
	0x28,0x2c,0x2b,0x28,0x29,0x29,0x28,0x27,0x29,0x28,0x27,0x27,0x28,0x29,0x29,0x29,
	0x28,0x25,0x2a,0x27,0x2a,0x2a,0x6b,0x6c,0x6a,0x6a,0x6a,0x6a,0x6a,0x6a,0x6a,0x6a,
	0x6a,0x6a,0x6a,0x6a,0x6a,0x6a,0x6a,0x6a,0x6a,0x6a,0x6a,0x6a,0xa5,0xa6,0xaa,0xaa,
	0xaa,0xaa,0xaa,0xaa,0xaa,0xaa,0xaa,0xaa,0xaa,0xaa,0xaa,0xaa,0xaa,0xaa,0xaa,0xaa,
	0x51,0x51,0x51,0x51,0x51,0x51,0x51,0x51,0x51,0x51,0x51,0x51,0x51,0x51,0x52,0x53,
	0x51,0x4e,0x51,0x52,0x50,0x51,0x8c,0x92,0x92,0x92,0x92,0x92,0x92,0x92,0x92,0x91,
	0x91,0x91,0x90,0x90,0x90,0x90,0x90,0x91,0x90,0x91,0x91,0x93,0xd0,0xd2,0xd1,0xd1,
	0xd1,0xd1,0xd2,0xd2,0xd2,0xd2,0xd2,0xd2,0xd2,0xd2,0xd2,0xd2,0xd2,0xd2,0xd2,0xd2,
	0x28,0x2c,0x2b,0x28,0x29,0x29,0x28,0x27,0x29,0x28,0x27,0x27,0x28,0x29,0x29,0x29,
	0x28,0x25,0x2a,0x27,0x2a,0x2a,0x6b,0x6c,0x6a,0x6a,0x6a,0x6a,0x6a,0x6a,0x6a,0x6a,
	0x6a,0x6a,0x6a,0x6a,0x6a,0x6a,0x6a,0x6a,0x6a,0x6a,0x6a,0x6a,0xa4,0xaa,0xaa,0xaa,
	0xaa,0xaa,0xaa,0xaa,0xaa,0xaa,0xaa,0xaa,0xaa,0xaa,0xaa,0xaa,0xaa,0xaa,0xaa,0xaa,
	0x51,0x51,0x51,0x51,0x51,0x51,0x51,0x51,0x51,0x51,0x51,0x51,0x51,0x51,0x52,0x53,
	0x51,0x4e,0x51,0x52,0x50,0x51,0x8c,0x92,0x92,0x92,0x92,0x92,0x92,0x92,0x92,0x91,
	0x91,0x91,0x90,0x90,0x90,0x90,0x90,0x91,0x90,0x91,0x91,0x93,0xd0,0xd2,0xd1,0xd1,
	0xd1,0xd1,0xd2,0xd2,0xd2,0xd2,0xd2,0xd2,0xd2,0xd2,0xd2,0xd2,0xd2,0xd2,0xd2,0xd2,
	0x28,0x2c,0x2b,0x28,0x29,0x29,0x28,0x27,0x29,0x28,0x27,0x27,0x28,0x29,0x29,0x29,
	0x28,0x25,0x2a,0x27,0x2a,0x2a,0x6b,0x6c,0x6a,0x6a,0x6a,0x6a,0x6a,0x6a,0x6a,0x6a,
	0x6a,0x6a,0x6a,0x6a,0x6a,0x6a,0x6a,0x6a,0x6a,0x6a,0x6a,0x6a,0xa9,0xaa,0xaa,0xaa,
	0xaa,0xaa,0xaa,0xaa,0xaa,0xaa,0xaa,0xaa,0xaa,0xaa,0xaa,0xaa,0xaa,0xaa,0xaa,0xaa,
	0x51,0x51,0x51,0x51,0x51,0x51,0x51,0x51,0x51,0x51,0x51,0x51,0x51,0x51,0x52,0x53,
	0x51,0x4e,0x51,0x52,0x50,0x51,0x8c,0x92,0x92,0x92,0x92,0x92,0x92,0x92,0x92,0x91,
	0x91,0x91,0x90,0x90,0x90,0x90,0x90,0x91,0x90,0x91,0x91,0x93,0xd0,0xd2,0xd1,0xd1,
	0xd1,0xd1,0xd2,0xd2,0xd2,0xd2,0xd2,0xd2,0xd2,0xd2,0xd2,0xd2,0xd2,0xd2,0xd2,0xd2,
	0x28,0x2c,0x2b,0x28,0x29,0x29,0x28,0x27,0x29,0x28,0x27,0x27,0x28,0x29,0x29,0x29,
	0x28,0x25,0x2a,0x27,0x2a,0x2a,0x6b,0x6c,0x6a,0x6a,0x6a,0x6a,0x6a,0x6a,0x6a,0x6a,
	0x6a,0x6a,0x6a,0x6a,0x6a,0x6a,0x6a,0x6a,0x6a,0x6a,0x6a,0x6a,0xaa,0xaa,0xaa,0xaa,
	0xaa,0xaa,0xaa,0xaa,0xaa,0xaa,0xaa,0xaa,0xaa,0xaa,0xaa,0xaa,0xaa,0xaa,0xaa,0xaa,
	0x51,0x51,0x51,0x51,0x51,0x51,0x51,0x51,0x51,0x51,0x51,0x51,0x51,0x51,0x52,0x53,
	0x51,0x4e,0x51,0x52,0x50,0x51,0x8c,0x92,0x92,0x92,0x92,0x92,0x92,0x92,0x92,0x91,
	0x91,0x91,0x90,0x90,0x90,0x90,0x90,0x91,0x90,0x91,0x91,0x93,0xd0,0xd2,0xd1,0xd1,
	0xd1,0xd1,0xd2,0xd2,0xd2,0xd2,0xd2,0xd2,0xd2,0xd2,0xd2,0xd2,0xd2,0xd2,0xd2,0xd2,
	0x28,0x2c,0x2b,0x28,0x29,0x29,0x28,0x27,0x29,0x28,0x27,0x27,0x28,0x29,0x29,0x29,
	0x28,0x25,0x2a,0x27,0x2a,0x2a,0x6b,0x6c,0x6a,0x6a,0x6a,0x6a,0x6a,0x6a,0x6a,0x6a,
	0x6a,0x6a,0x6a,0x6a,0x6a,0x6a,0x6a,0x6a,0x6a,0x6a,0x6a,0x6a,0xaa,0xaa,0xaa,0xaa,
	0xaa,0xaa,0xaa,0xaa,0xaa,0xaa,0xaa,0xaa,0xaa,0xaa,0xaa,0xaa,0xaa,0xaa,0xaa,0xaa,
	0x51,0x51,0x51,0x51,0x51,0x51,0x51,0x51,0x51,0x51,0x51,0x51,0x51,0x51,0x52,0x53,
	0x51,0x4e,0x51,0x52,0x50,0x51,0x8c,0x92,0x92,0x92,0x92,0x92,0x92,0x92,0x92,0x91,
	0x91,0x91,0x90,0x90,0x90,0x90,0x90,0x91,0x90,0x91,0x91,0x93,0xd0,0xd2,0xd1,0xd1,
	0xd1,0xd1,0xd2,0xd2,0xd2,0xd2,0xd2,0xd2,0xd2,0xd2,0xd2,0xd2,0xd2,0xd2,0xd2,0xd2,
	0x28,0x2c,0x2b,0x28,0x29,0x29,0x28,0x27,0x29,0x28,0x27,0x27,0x28,0x29,0x29,0x29,
	0x28,0x25,0x2a,0x27,0x2a,0x2a,0x6b,0x6c,0x6a,0x6a,0x6a,0x6a,0x6a,0x6a,0x6a,0x6a,
	0x6a,0x6a,0x6a,0x6a,0x6a,0x6a,0x6a,0x6a,0x6a,0x6a,0x6a,0x6a,0xaa,0xaa,0xaa,0xaa,
	0xaa,0xaa,0xaa,0xaa,0xaa,0xaa,0xaa,0xaa,0xaa,0xaa,0xaa,0xaa,0xaa,0xaa,0xaa,0xaa,
	0x51,0x51,0x51,0x51,0x51,0x51,0x51,0x51,0x51,0x51,0x51,0x51,0x51,0x51,0x52,0x53,
	0x51,0x4e,0x51,0x52,0x50,0x51,0x8c,0x92,0x92,0x92,0x92,0x92,0x92,0x92,0x92,0x91,
	0x91,0x91,0x90,0x90,0x90,0x90,0x90,0x91,0x90,0x91,0x91,0x93,0xd0,0xd2,0xd1,0xd1,
	0xd1,0xd1,0xd2,0xd2,0xd2,0xd2,0xd2,0xd2,0xd2,0xd2,0xd2,0xd2,0xd2,0xd2,0xd2,0xd2,
	0x28,0x2c,0x2b,0x28,0x29,0x29,0x28,0x27,0x29,0x28,0x27,0x27,0x28,0x29,0x29,0x29,
	0x28,0x25,0x2a,0x27,0x2a,0x2a,0x6b,0x6c,0x6a,0x6a,0x6a,0x6a,0x6a,0x6a,0x6a,0x6a,
	0x6a,0x6a,0x6a,0x6a,0x6a,0x6a,0x6a,0x6a,0x6a,0x6a,0x6a,0x6a,0xaa,0xaa,0xaa,0xaa,
	0xaa,0xaa,0xaa,0xaa,0xaa,0xaa,0xaa,0xaa,0xaa,0xaa,0xaa,0xaa,0xaa,0xaa,0xaa,0xaa,
	0x51,0x51,0x51,0x51,0x51,0x51,0x51,0x51,0x51,0x51,0x51,0x51,0x51,0x51,0x52,0x53,
	0x51,0x4e,0x51,0x52,0x50,0x51,0x8c,0x92,0x92,0x92,0x92,0x92,0x92,0x92,0x92,0x91,
	0x91,0x91,0x90,0x90,0x90,0x90,0x90,0x91,0x90,0x91,0x91,0x93,0xd0,0xd2,0xd1,0xd1,
	0xd1,0xd1,0xd2,0xd2,0xd2,0xd2,0xd2,0xd2,0xd2,0xd2,0xd2,0xd2,0xd2,0xd2,0xd2,0xd2,
	0x28,0x2c,0x2b,0x28,0x29,0x29,0x28,0x27,0x29,0x28,0x27,0x27,0x28,0x29,0x29,0x29,
	0x28,0x25,0x2a,0x27,0x2a,0x2a,0x6b,0x6c,0x6a,0x6a,0x6a,0x6a,0x6a,0x6a,0x6a,0x6a,
	0x6a,0x6a,0x6a,0x6a,0x6a,0x6a,0x6a,0x6a,0x6a,0x6a,0x6a,0x6a,0xaa,0xaa,0xaa,0xaa,
	0xaa,0xaa,0xaa,0xaa,0xaa,0xaa,0xaa,0xaa,0xaa,0xaa,0xaa,0xaa,0xaa,0xaa,0xaa,0xaa,
	0x51,0x51,0x51,0x51,0x51,0x51,0x51,0x51,0x51,0x51,0x51,0x51,0x51,0x51,0x52,0x53,
	0x51,0x4e,0x51,0x52,0x50,0x51,0x8c,0x92,0x92,0x92,0x92,0x92,0x92,0x92,0x92,0x91,
	0x91,0x91,0x90,0x90,0x90,0x90,0x90,0x91,0x90,0x91,0x91,0x93,0xd0,0xd2,0xd1,0xd1,
	0xd1,0xd1,0xd2,0xd2,0xd2,0xd2,0xd2,0xd2,0xd2,0xd2,0xd2,0xd2,0xd2,0xd2,0xd2,0xd2,
	0x28,0x2c,0x2b,0x28,0x29,0x29,0x28,0x27,0x29,0x28,0x27,0x27,0x28,0x29,0x29,0x29,
	0x28,0x25,0x2a,0x27,0x2a,0x2a,0x6b,0x6c,0x6a,0x6a,0x6a,0x6a,0x6a,0x6a,0x6a,0x6a,
	0x6a,0x6a,0x6a,0x6a,0x6a,0x6a,0x6a,0x6a,0x6a,0x6a,0x6a,0x6a,0xaa,0xaa,0xaa,0xaa,
	0xaa,0xaa,0xaa,0xaa,0xaa,0xaa,0xaa,0xaa,0xaa,0xaa,0xaa,0xaa,0xaa,0xaa,0xaa,0xaa,
	0x51,0x51,0x51,0x51,0x51,0x51,0x51,0x51,0x51,0x51,0x51,0x51,0x51,0x51,0x52,0x53,
	0x51,0x4e,0x51,0x52,0x50,0x51,0x8c,0x92,0x92,0x92,0x92,0x92,0x92,0x92,0x92,0x91,
	0x91,0x91,0x90,0x90,0x90,0x90,0x90,0x91,0x90,0x91,0x91,0x93,0xd0,0xd2,0xd1,0xd1,
	0xd1,0xd1,0xd2,0xd2,0xd2,0xd2,0xd2,0xd2,0xd2,0xd2,0xd2,0xd2,0xd2,0xd2,0xd2,0xd2,
	0x28,0x2c,0x2b,0x28,0x29,0x29,0x28,0x27,0x29,0x28,0x27,0x27,0x28,0x29,0x29,0x29,
	0x28,0x25,0x2a,0x27,0x2a,0x2a,0x6b,0x6c,0x6a,0x6a,0x6a,0x6a,0x6a,0x6a,0x6a,0x6a,
	0x6a,0x6a,0x6a,0x6a,0x6a,0x6a,0x6a,0x6a,0x6a,0x6a,0x6a,0x6a,0xaa,0xaa,0xaa,0xaa,
	0xaa,0xaa,0xaa,0xaa,0xaa,0xaa,0xaa,0xaa,0xaa,0xaa,0xaa,0xaa,0xaa,0xaa,0xaa,0xaa,
	0x51,0x51,0x51,0x51,0x51,0x51,0x51,0x51,0x51,0x51,0x51,0x51,0x51,0x51,0x52,0x53,
	0x51,0x4e,0x51,0x52,0x50,0x51,0x8c,0x92,0x92,0x92,0x92,0x92,0x92,0x92,0x92,0x91,
	0x91,0x91,0x90,0x90,0x90,0x90,0x90,0x91,0x90,0x91,0x91,0x93,0xd0,0xd2,0xd1,0xd1,
	0xd1,0xd1,0xd2,0xd2,0xd2,0xd2,0xd2,0xd2,0xd2,0xd2,0xd2,0xd2,0xd2,0xd2,0xd2,0xd2,
	0x28,0x2c,0x2b,0x28,0x29,0x29,0x28,0x27,0x29,0x28,0x27,0x27,0x28,0x29,0x29,0x29,
	0x28,0x25,0x2a,0x27,0x2a,0x2a,0x6b,0x6c,0x6a,0x6a,0x6a,0x6a,0x6a,0x6a,0x6a,0x6a,
	0x6a,0x6a,0x6a,0x6a,0x6a,0x6a,0x6a,0x6a,0x6a,0x6a,0x6a,0x6a,0xaa,0xaa,0xaa,0xaa,
	0xaa,0xaa,0xaa,0xaa,0xaa,0xaa,0xaa,0xaa,0xaa,0xaa,0xaa,0xaa,0xaa,0xaa,0xaa,0xaa,
	0x51,0x51,0x51,0x51,0x51,0x51,0x51,0x51,0x51,0x51,0x51,0x51,0x51,0x51,0x52,0x53,
	0x51,0x4e,0x51,0x52,0x50,0x51,0x8c,0x92,0x92,0x92,0x92,0x92,0x92,0x92,0x92,0x91,
	0x91,0x91,0x90,0x90,0x90,0x90,0x90,0x91,0x90,0x91,0x91,0x93,0xd0,0xd2,0xd1,0xd1,
	0xd1,0xd1,0xd2,0xd2,0xd2,0xd2,0xd2,0xd2,0xd2,0xd2,0xd2,0xd2,0xd2,0xd2,0xd2,0xd2,
	0x28,0x2c,0x2b,0x28,0x29,0x29,0x28,0x27,0x29,0x28,0x27,0x27,0x28,0x29,0x29,0x29,
	0x28,0x25,0x2a,0x27,0x2a,0x2a,0x6b,0x6c,0x6a,0x6a,0x6a,0x6a,0x6a,0x6a,0x6a,0x6a,
	0x6a,0x6a,0x6a,0x6a,0x6a,0x6a,0x6a,0x6a,0x6a,0x6a,0x6a,0x6a,0xaa,0xaa,0xaa,0xaa,
	0xaa,0xaa,0xaa,0xaa,0xaa,0xaa,0xaa,0xaa,0xaa,0xaa,0xaa,0xaa,0xaa,0xaa,0xaa,0xaa,
	0x51,0x51,0x51,0x51,0x51,0x51,0x51,0x51,0x51,0x51,0x51,0x51,0x51,0x51,0x52,0x53,
	0x51,0x4e,0x51,0x52,0x50,0x51,0x8c,0x92,0x92,0x92,0x92,0x92,0x92,0x92,0x92,0x91,
	0x91,0x91,0x90,0x90,0x90,0x90,0x90,0x91,0x90,0x91,0x91,0x93,0xd0,0xd2,0xd1,0xd1,
	0xd1,0xd1,0xd2,0xd2,0xd2,0xd2,0xd2,0xd2,0xd2,0xd2,0xd2,0xd2,0xd2,0xd2,0xd2,0xd2,
	0x28,0x2c,0x2b,0x28,0x29,0x29,0x28,0x27,0x29,0x28,0x27,0x27,0x28,0x29,0x29,0x29,
	0x28,0x25,0x2a,0x27,0x2a,0x2a,0x6b,0x6c,0x6a,0x6a,0x6a,0x6a,0x6a,0x6a,0x6a,0x6a,
	0x6a,0x6a,0x6a,0x6a,0x6a,0x6a,0x6a,0x6a,0x6a,0x6a,0x6a,0x6a,0xaa,0xaa,0xaa,0xaa,
	0xaa,0xaa,0xaa,0xaa,0xaa,0xaa,0xaa,0xaa,0xaa,0xaa,0xaa,0xaa,0xaa,0xaa,0xaa,0xaa,
	0x51,0x51,0x51,0x51,0x51,0x51,0x51,0x51,0x51,0x51,0x51,0x51,0x51,0x51,0x52,0x53,
	0x51,0x4e,0x51,0x52,0x50,0x51,0x8c,0x92,0x92,0x92,0x92,0x92,0x92,0x92,0x92,0x91,
	0x91,0x91,0x90,0x90,0x90,0x90,0x90,0x91,0x90,0x91,0x91,0x93,0xd0,0xd2,0xd1,0xd1,
	0xd1,0xd1,0xd2,0xd2,0xd2,0xd2,0xd2,0xd2,0xd2,0xd2,0xd2,0xd2,0xd2,0xd2,0xd2,0xd2,
	0x28,0x2c,0x2b,0x28,0x29,0x29,0x28,0x27,0x29,0x28,0x27,0x27,0x28,0x29,0x29,0x29,
	0x28,0x25,0x2a,0x27,0x2a,0x2a,0x6b,0x6c,0x6a,0x6a,0x6a,0x6a,0x6a,0x6a,0x6a,0x6a,
	0x6a,0x6a,0x6a,0x6a,0x6a,0x6a,0x6a,0x6a,0x6a,0x6a,0x6a,0x6a,0xaa,0xaa,0xaa,0xaa,
	0xaa,0xaa,0xaa,0xaa,0xaa,0xaa,0xaa,0xaa,0xaa,0xaa,0xaa,0xaa,0xaa,0xaa,0xaa,0xaa,
};
static const unsigned char ref_chroma_p[8192] = {
	0x6a,0xe3,0x5a,0xeb,0x64,0xf2,0x55,0xf3,0x5f,0xe6,0x4e,0xe6,0x4e,0xe6,0x5c,0xe9,
	0x53,0xf7,0x57,0xee,0x4e,0xe5,0x3b,0x23,0x37,0x23,0x34,0x23,0x2f,0x24,0x2e,0x27,
	0x37,0x25,0x29,0x1e,0x29,0x1e,0x3a,0x27,0x36,0x31,0x2b,0x28,0x1b,0x8d,0x10,0x87,
	0x0c,0x8c,0x0c,0x93,0x0c,0x98,0x0c,0x9b,0x14,0x86,0x14,0x97,0x14,0x97,0x17,0x83,
	0xfc,0x73,0xed,0x72,0xe4,0x74,0xef,0x75,0xf4,0x65,0xf1,0x68,0xec,0x6d,0xe7,0x6f,
	0xea,0x6d,0xeb,0x62,0xdb,0x74,0xc0,0xcb,0xce,0xd9,0xce,0xcb,0xc2,0xdb,0xc3,0xe9,
	0xca,0xe7,0xcc,0xdc,0xbe,0xcf,0xd1,0xe9,0xc9,0xde,0xc7,0xd9,0xa9,0x13,0xa7,0x10,
	0xa7,0x0f,0xa7,0x11,0xa7,0x11,0xa7,0x11,0xa7,0x11,0xa7,0x11,0xa7,0x11,0xa7,0x11,
	0xdb,0x9e,0xa2,0x94,0x95,0x8d,0x8f,0x8e,0x74,0x99,0x6d,0x99,0x6d,0x99,0x71,0x9c,
	0x74,0x9f,0x7a,0x9f,0x73,0xa7,0x60,0x74,0x68,0x6e,0x68,0x6c,0x6a,0x6c,0x6d,0x68,
	0x71,0x69,0x6d,0x6d,0x6d,0x6d,0x74,0x66,0x73,0x64,0x6c,0x69,0x61,0x83,0x5d,0x88,
	0x5f,0x89,0x62,0x86,0x62,0x82,0x62,0x80,0x66,0x7c,0x66,0x84,0x66,0x84,0x69,0x7f,
	0x98,0x80,0x94,0x82,0x9a,0x80,0xa1,0x7f,0x98,0x83,0x9a,0x80,0x9e,0x7c,0x9e,0x77,
	0x9a,0x74,0xa0,0x81,0x9a,0x82,0x8a,0xa0,0x91,0x94,0x94,0x91,0x8f,0x94,0x8c,0x95,
	0x8d,0x95,0x8d,0x95,0x98,0x9e,0xd1,0xd1,0xc9,0xde,0xc7,0xd9,0xa9,0x13,0xa7,0x10,
	0xa7,0x0f,0xa7,0x11,0xa7,0x11,0xa7,0x11,0xa7,0x11,0xa7,0x11,0xa7,0x11,0xa7,0x11,
	0xd4,0x97,0x9d,0x7f,0x92,0x78,0x8e,0x87,0x6d,0x94,0x74,0x94,0x74,0x94,0x6d,0x92,
	0x6e,0x96,0x7c,0xa1,0x7f,0x94,0x73,0x69,0x75,0x6b,0x71,0x68,0x6b,0x64,0x68,0x64,
	0x69,0x70,0x71,0x6c,0x71,0x6c,0x6a,0x73,0x6e,0x60,0x6c,0x6f,0x69,0x71,0x64,0x7d,
	0x62,0x80,0x5f,0x81,0x5f,0x85,0x5f,0x87,0x5b,0x8b,0x5b,0x83,0x5b,0x83,0x5e,0x89,
	0x92,0x89,0x9c,0x80,0xa0,0x73,0x98,0x6b,0xa1,0x74,0x9f,0x77,0x9b,0x7b,0x96,0x7c,
	0x95,0x7e,0x9f,0x83,0xa2,0x7c,0x9b,0x96,0x90,0x8a,0x91,0x8e,0x8f,0x9b,0x8e,0xa3,
	0x8d,0xa1,0x8b,0x96,0x94,0x9d,0xcb,0xda,0xc9,0xde,0xc7,0xd9,0xa9,0x13,0xa7,0x10,
	0xa7,0x0f,0xa7,0x11,0xa7,0x11,0xa7,0x11,0xa7,0x11,0xa7,0x11,0xa7,0x11,0xa7,0x11,
	0xd4,0xa1,0xa6,0x89,0x83,0x90,0x56,0xb2,0x4e,0xad,0x5f,0xad,0x5f,0xad,0x4c,0xb0,
	0x4b,0xaf,0x5e,0x99,0x6a,0x99,0x66,0x6c,0x7f,0x65,0x71,0x77,0x59,0x91,0x4a,0xa7,
	0x4a,0xac,0x5a,0x85,0x5a,0x85,0x49,0xaf,0x51,0x9f,0x52,0x8b,0x54,0x85,0x57,0x75,
	0x59,0x76,0x5a,0x88,0x5a,0xa0,0x5a,0xaf,0x52,0xab,0x52,0x9a,0x52,0x9a,0x50,0xaa,
	0x5a,0xa9,0x7a,0x9a,0x97,0x84,0x96,0x75,0x99,0x71,0x89,0x80,0x72,0x98,0x5f,0xaa,
	0x49,0xac,0x82,0x9d,0x8e,0x8b,0x65,0xb2,0x67,0xae,0x87,0xa9,0x6c,0xb6,0x4f,0xbe,
	0x52,0xb9,0x73,0x9e,0x95,0x96,0xcc,0xd0,0xc9,0xde,0xc7,0xd9,0xa9,0x13,0xa7,0x10,
	0xa7,0x0f,0xa7,0x11,0xa7,0x11,0xa7,0x11,0xa7,0x11,0xa7,0x11,0xa7,0x11,0xa7,0x11,
	0xc2,0xbe,0x9f,0x8e,0x3c,0xb2,0x8c,0x8a,0x6c,0x97,0x37,0xbb,0x37,0xbb,0x69,0x94,
	0x65,0x8d,0x32,0xb7,0x75,0x8a,0x4d,0x95,0x56,0x97,0x7d,0x6e,0x39,0xbd,0x6a,0x71,
	0x6e,0x6f,0x35,0xb9,0x35,0xb9,0x71,0x6c,0x73,0x71,0x32,0xb9,0x6e,0x7d,0x50,0x99,
	0x50,0xa6,0x71,0x7f,0x34,0xbd,0x5a,0x8b,0x62,0x7f,0x3e,0xbc,0x3e,0xbc,0x65,0x7e,
	0x9d,0x7f,0x3b,0xc2,0x99,0x71,0x9f,0x85,0x81,0x6d,0x87,0x74,0x2b,0xc5,0x84,0x7d,
	0x82,0x73,0x37,0xba,0x86,0x99,0x5d,0xa7,0x42,0xc4,0x8f,0x97,0x90,0x9f,0x8b,0xaa,
	0x4b,0xbc,0x77,0xa4,0x86,0x9c,0xca,0xd6,0xc9,0xde,0xc7,0xd9,0xa9,0x13,0xa7,0x10,
	0xa7,0x0f,0xa7,0x11,0xa7,0x11,0xa7,0x11,0xa7,0x11,0xa7,0x11,0xa7,0x11,0xa7,0x11,
	0x5f,0xf6,0x70,0x98,0x2e,0xac,0x5b,0x9d,0x58,0x9b,0x34,0xb7,0x34,0xb7,0x55,0x9e,
	0x54,0xa6,0x39,0xbe,0x5e,0x93,0x6e,0x67,0x7e,0x6d,0x6b,0x6b,0x42,0xc5,0x55,0x84,
	0x53,0x8e,0x3e,0xc5,0x3e,0xc5,0x51,0x91,0x62,0x86,0x39,0xb7,0x57,0x78,0x6c,0x85,
	0x6b,0x84,0x6b,0x92,0x35,0xb6,0x60,0x9f,0x53,0xac,0x36,0xc0,0x36,0xc0,0x56,0xa9,
	0x62,0x95,0x40,0xc1,0xae,0x79,0xa7,0x88,0x90,0x6b,0x81,0x6e,0x43,0xbe,0x63,0x96,
	0x5e,0x91,0x31,0xc6,0x36,0xca,0x6d,0xb8,0x3e,0xc5,0x79,0xa2,0x8f,0xa8,0x5f,0xa9,
	0x7b,0xa4,0x95,0x92,0x95,0x97,0xc1,0xd9,0xc9,0xde,0xc7,0xd9,0xa9,0x13,0xa7,0x10,
	0xa7,0x0f,0xa7,0x11,0xa7,0x11,0xa7,0x11,0xa7,0x11,0xa7,0x11,0xa7,0x11,0xa7,0x11,
	0x55,0xf3,0x7a,0xaa,0x26,0xbe,0x6b,0x9a,0x6b,0x91,0x42,0xc1,0x42,0xc1,0x69,0x91,
	0x67,0x91,0x3d,0xc3,0x68,0x80,0x4c,0x8d,0x4a,0x9a,0x69,0x6a,0x42,0xca,0x6f,0x77,
	0x71,0x74,0x3b,0xc1,0x3b,0xc1,0x74,0x75,0x76,0x62,0x3d,0xc3,0x61,0x7e,0x50,0x9d,
	0x55,0xa1,0x60,0x8a,0x41,0xb7,0x54,0x91,0x6d,0x89,0x3d,0xc2,0x3d,0xc2,0x70,0x86,
	0x9b,0x7e,0x2e,0xb5,0x9b,0x88,0x98,0x7d,0x6d,0x85,0x7b,0x6e,0x3d,0xc2,0x85,0x77,
	0x81,0x6d,0x37,0xbd,0x8e,0x88,0x83,0x95,0x3a,0xbb,0x82,0xa5,0x41,0xb4,0x6c,0xac,
	0x7f,0xa4,0x8c,0x92,0x9d,0x97,0xbe,0xd9,0xc9,0xde,0xc7,0xd9,0xa9,0x13,0xa7,0x10,
	0xa7,0x0f,0xa7,0x11,0xa7,0x11,0xa7,0x11,0xa7,0x11,0xa7,0x11,0xa7,0x11,0xa7,0x11,
	0x5b,0xe9,0x76,0x8a,0x65,0xa9,0x43,0xb2,0x40,0xab,0x5b,0xa2,0x5b,0xa2,0x3e,0xa8,
	0x40,0xa8,0x5d,0x9e,0x68,0x81,0x56,0x95,0x51,0x8e,0x68,0x79,0x5f,0x9b,0x43,0xab,
	0x41,0xae,0x5e,0x83,0x5e,0x81,0x3e,0xb1,0x4f,0x9c,0x5e,0x87,0x66,0x7f,0x54,0x95,
	0x51,0x96,0x69,0x85,0x5a,0x95,0x42,0xbc,0x47,0xb3,0x52,0x94,0x52,0x93,0x49,0xb0,
	0x53,0xa7,0x77,0x98,0x97,0x79,0x77,0x97,0x55,0x94,0x86,0x77,0x6c,0x88,0x4a,0xaf,
	0x43,0xa8,0x7e,0x8a,0x90,0x6c,0x7a,0x96,0x30,0xab,0x7c,0xa3,0x55,0xb8,0x5d,0xab,
	0x56,0xb9,0x67,0xa1,0x98,0x9a,0xc4,0xd9,0xc9,0xde,0xc7,0xd9,0xa9,0x13,0xa7,0x10,
	0xa7,0x0f,0xa7,0x11,0xa7,0x11,0xa7,0x11,0xa7,0x11,0xa7,0x11,0xa7,0x11,0xa7,0x11,
	0x57,0xef,0x70,0x94,0x77,0x9e,0x68,0xa1,0x68,0x94,0x68,0x93,0x68,0x93,0x66,0x91,
	0x67,0x8a,0x67,0x86,0x62,0x8a,0x62,0x7e,0x67,0x7e,0x68,0x7e,0x64,0x7d,0x67,0x7b,
	0x6a,0x70,0x6a,0x6c,0x68,0x6c,0x68,0x6f,0x6a,0x75,0x68,0x80,0x66,0x86,0x64,0x87,
	0x60,0x8b,0x63,0x87,0x5e,0x88,0x5d,0x87,0x5c,0x8c,0x5c,0x88,0x5b,0x88,0x5e,0x89,
	0x90,0x83,0x94,0x82,0x97,0x7c,0x95,0x82,0x98,0x81,0xa1,0x7b,0x9a,0x7a,0x86,0x7c,
	0x81,0x75,0x89,0x70,0x90,0x7b,0x95,0x98,0x93,0x9e,0x8f,0x97,0x88,0x94,0x8c,0x98,
	0x8f,0x97,0x8e,0x97,0x96,0x9a,0xc5,0xda,0xc9,0xde,0xc7,0xd9,0xa9,0x13,0xa7,0x10,
	0xa7,0x0f,0xa7,0x11,0xa7,0x11,0xa7,0x11,0xa7,0x11,0xa7,0x11,0xa7,0x11,0xa7,0x11,
	0x54,0xee,0x73,0x96,0x7a,0x9b,0x6b,0x9e,0x6b,0x91,0x6b,0x91,0x6b,0x91,0x69,0x8e,
	0x65,0x88,0x65,0x88,0x65,0x86,0x65,0x7b,0x65,0x7b,0x65,0x7b,0x67,0x7a,0x69,0x79,
	0x6b,0x73,0x6b,0x6d,0x6b,0x6b,0x6b,0x6e,0x6b,0x75,0x6b,0x7e,0x68,0x83,0x65,0x84,
	0x61,0x88,0x5f,0x86,0x5e,0x84,0x5e,0x82,0x5f,0x88,0x60,0x89,0x61,0x89,0x64,0x86,
	0x96,0x81,0x99,0x7e,0x9a,0x7d,0x9a,0x7d,0x9c,0x7d,0xa4,0x7d,0x9d,0x7c,0x8a,0x7a,
	0x85,0x77,0x86,0x70,0x8a,0x7b,0x97,0x8f,0x9b,0x92,0x95,0x93,0x8a,0x97,0x90,0x9e,
	0x92,0x9d,0x91,0x97,0x93,0x9b,0xc3,0xe0,0xc9,0xde,0xc7,0xd9,0xa9,0x13,0xa7,0x10,
	0xa7,0x0f,0xa7,0x11,0xa7,0x11,0xa7,0x11,0xa7,0x11,0xa7,0x11,0xa7,0x11,0xa7,0x11,
	0x54,0xee,0x73,0x96,0x7a,0x9b,0x6b,0x9e,0x6b,0x91,0x6b,0x91,0x6b,0x91,0x69,0x8e,
	0x65,0x88,0x65,0x88,0x65,0x86,0x65,0x7b,0x65,0x7b,0x65,0x7b,0x67,0x7b,0x69,0x79,
	0x6b,0x74,0x6b,0x6f,0x6b,0x6d,0x69,0x6d,0x68,0x73,0x67,0x7a,0x66,0x7f,0x65,0x81,
	0x61,0x85,0x60,0x87,0x61,0x85,0x61,0x83,0x62,0x88,0x62,0x88,0x63,0x87,0x66,0x85,
	0x97,0x7f,0x9a,0x7d,0x9a,0x7d,0x9a,0x7d,0x9c,0x7c,0xa4,0x7c,0x9d,0x7c,0x8b,0x7f,
	0x86,0x7c,0x88,0x74,0x8f,0x77,0x8c,0x86,0x80,0x7c,0x7a,0x74,0x89,0x84,0x8f,0x99,
	0x92,0xa0,0x92,0x93,0x94,0x99,0xc5,0xe4,0xc9,0xde,0xc7,0xd9,0xa9,0x13,0xa7,0x10,
	0xa7,0x0f,0xa7,0x11,0xa7,0x11,0xa7,0x11,0xa7,0x11,0xa7,0x11,0xa7,0x11,0xa7,0x11,
	0x54,0xee,0x73,0x96,0x7a,0x9b,0x6b,0x9e,0x6b,0x91,0x6b,0x91,0x6b,0x91,0x69,0x8e,
	0x65,0x88,0x65,0x88,0x65,0x86,0x65,0x7b,0x65,0x7b,0x65,0x7b,0x67,0x7a,0x68,0x79,
	0x69,0x74,0x68,0x6f,0x67,0x6d,0x68,0x6d,0x69,0x6f,0x6a,0x74,0x69,0x7a,0x68,0x80,
	0x64,0x84,0x62,0x85,0x63,0x83,0x63,0x81,0x63,0x87,0x63,0x87,0x63,0x87,0x66,0x85,
	0x97,0x7f,0x9a,0x7d,0x9a,0x7d,0x9a,0x7c,0x9c,0x7c,0xa4,0x7c,0x9d,0x7c,0x8e,0x7f,
	0x8f,0x82,0x91,0x77,0x88,0x75,0x82,0x80,0x82,0x7a,0x86,0x7b,0x7e,0x90,0x64,0xa9,
	0x7e,0xac,0x87,0x98,0x8e,0x9d,0xc1,0xe7,0xc9,0xde,0xc7,0xd9,0xa9,0x13,0xa7,0x10,
	0xa7,0x0f,0xa7,0x11,0xa7,0x11,0xa7,0x11,0xa7,0x11,0xa7,0x11,0xa7,0x11,0xa7,0x11,
	0x61,0xee,0x73,0x96,0x7a,0x9b,0x78,0x9e,0x78,0x98,0x78,0x98,0x78,0x98,0x76,0x9b,
	0x6a,0x8c,0x67,0x95,0x64,0x89,0x61,0x7e,0x61,0x7d,0x61,0x7b,0x64,0x79,0x66,0x76,
	0x69,0x72,0x6a,0x6f,0x6a,0x6d,0x6b,0x6b,0x6b,0x6d,0x6c,0x6e,0x6f,0x70,0x70,0x73,
	0x6c,0x76,0x6d,0x7b,0x6a,0x81,0x68,0x85,0x65,0x83,0x63,0x81,0x63,0x85,0x66,0x85,
	0x97,0x7f,0x9a,0x7d,0x9a,0x7d,0x9a,0x7c,0x9a,0x7c,0x9a,0x7c,0x9a,0x7c,0x99,0x7e,
	0x97,0x7c,0x90,0x78,0x89,0x6f,0x84,0x69,0x8b,0x73,0x8a,0x72,0x7a,0x99,0x5a,0xc6,
	0x5e,0xb1,0x8a,0x99,0x96,0x9d,0xd1,0xe2,0xc9,0xde,0xc7,0xd9,0xa9,0x13,0xa7,0x10,
	0xa7,0x0f,0xa7,0x11,0xa7,0x11,0xa7,0x11,0xa7,0x11,0xa7,0x11,0xa7,0x11,0xa7,0x11,
	0x61,0xee,0x73,0x96,0x7a,0x9b,0x78,0x9e,0x78,0x98,0x78,0x98,0x78,0x98,0x78,0x9a,
	0x76,0x97,0x6f,0x9d,0x69,0x84,0x66,0x7a,0x65,0x79,0x64,0x78,0x67,0x75,0x68,0x74,
	0x6b,0x72,0x6c,0x6f,0x6c,0x6d,0x6d,0x6b,0x6e,0x6a,0x6f,0x69,0x71,0x6a,0x72,0x6b,
	0x6e,0x6f,0x6f,0x73,0x6e,0x77,0x6c,0x7b,0x6a,0x80,0x68,0x85,0x65,0x83,0x66,0x82,
	0x97,0x7d,0x9a,0x7d,0x9a,0x7d,0x9a,0x7c,0x9a,0x7c,0x9a,0x7c,0x9b,0x7c,0x9b,0x7d,
	0x99,0x7c,0x95,0x7a,0x8d,0x76,0x89,0x74,0x8b,0x7e,0x8a,0x6f,0x7a,0x80,0x59,0xa5,
	0x5d,0xab,0x89,0x9b,0x95,0x9c,0xce,0xde,0xc9,0xde,0xc7,0xd9,0xa9,0x13,0xa7,0x10,
	0xa7,0x0f,0xa7,0x11,0xa7,0x11,0xa7,0x11,0xa7,0x11,0xa7,0x11,0xa7,0x11,0xa7,0x11,
	0x61,0xee,0x73,0x96,0x7a,0x9b,0x78,0x9e,0x78,0x98,0x78,0x98,0x78,0x98,0x78,0x97,
	0x78,0x9b,0x78,0x9a,0x75,0x75,0x6c,0x72,0x6a,0x73,0x68,0x73,0x69,0x73,0x6b,0x72,
	0x6e,0x71,0x6f,0x6f,0x6f,0x6d,0x6f,0x6b,0x6f,0x69,0x6f,0x67,0x71,0x67,0x73,0x67,
	0x6f,0x6b,0x71,0x6d,0x70,0x71,0x6f,0x74,0x6d,0x78,0x6c,0x7c,0x6a,0x81,0x6a,0x83,
	0x97,0x7f,0x9a,0x7d,0x9a,0x7d,0x9a,0x7c,0x9b,0x7c,0x9b,0x7c,0x9b,0x7c,0x9d,0x7b,
	0x9e,0x7c,0x9c,0x7e,0x95,0x82,0x90,0x84,0x8b,0x88,0x8a,0x73,0x7a,0x7b,0x58,0x9b,
	0x5c,0xaa,0x89,0x9c,0x95,0x9c,0xca,0xd9,0xc9,0xde,0xc7,0xd9,0xa9,0x13,0xa7,0x10,
	0xa7,0x0f,0xa7,0x11,0xa7,0x11,0xa7,0x11,0xa7,0x11,0xa7,0x11,0xa7,0x11,0xa7,0x11,
	0x5e,0xeb,0x72,0x99,0x7b,0x9e,0x78,0x9b,0x7a,0x95,0x7a,0x95,0x7a,0x95,0x79,0x93,
	0x7b,0x9c,0x79,0x98,0x74,0x66,0x70,0x6a,0x6f,0x6c,0x6d,0x6d,0x6d,0x6f,0x6c,0x70,
	0x6d,0x71,0x6d,0x71,0x6d,0x6f,0x6e,0x6a,0x70,0x6a,0x6e,0x6b,0x6f,0x6b,0x70,0x6a,
	0x6e,0x6b,0x70,0x6b,0x72,0x6d,0x73,0x6e,0x71,0x6e,0x72,0x71,0x70,0x75,0x72,0x7a,
	0x95,0x79,0x9a,0x7c,0x9d,0x7f,0x9e,0x7f,0x9e,0x7f,0x9e,0x7f,0x9d,0x7e,0x9d,0x7b,
	0x9f,0x7a,0x9e,0x7d,0x99,0x86,0x92,0x92,0x8c,0x8b,0x89,0x7c,0x7e,0x8b,0x5b,0xab,
	0x5e,0xad,0x8c,0x9b,0x95,0x9b,0xc6,0xd8,0xc9,0xde,0xc7,0xd9,0xa9,0x13,0xa7,0x10,
	0xa7,0x0f,0xa7,0x11,0xa7,0x11,0xa7,0x11,0xa7,0x11,0xa7,0x11,0xa7,0x11,0xa7,0x11,
	0x5c,0xf0,0x73,0xa4,0x7c,0xa1,0x78,0x99,0x79,0x96,0x79,0x96,0x79,0x96,0x78,0x96,
	0x78,0x96,0x7b,0x9c,0x77,0xa0,0x6b,0x66,0x71,0x68,0x6f,0x69,0x6f,0x6a,0x6e,0x6d,
	0x6e,0x6e,0x6e,0x6f,0x6e,0x6f,0x6e,0x6f,0x70,0x6b,0x6e,0x6b,0x6f,0x6c,0x70,0x6a,
	0x70,0x6a,0x73,0x67,0x77,0x67,0x79,0x68,0x7a,0x66,0x7c,0x66,0x81,0x66,0x87,0x69,
	0x97,0x76,0x9b,0x7b,0xa0,0x7d,0xa0,0x7e,0x9e,0x7d,0x9d,0x7c,0x9b,0x7b,0x9a,0x7a,
	0x99,0x7a,0x9f,0x79,0x9a,0x74,0x8d,0x98,0x8d,0x90,0x89,0x84,0x85,0x7f,0x83,0x7a,
	0x76,0x7c,0x8d,0x98,0x95,0x98,0xc6,0xdf,0xc9,0xde,0xc7,0xd9,0xa9,0x13,0xa7,0x10,
	0xa7,0x0f,0xa7,0x11,0xa7,0x11,0xa7,0x11,0xa7,0x11,0xa7,0x11,0xa7,0x11,0xa7,0x11,
	0x60,0xf3,0x76,0x9c,0x82,0x90,0x7c,0x93,0x75,0x9a,0x75,0x9a,0x75,0x9a,0x73,0x97,
	0x73,0x99,0x78,0x9f,0x72,0x95,0x62,0x6d,0x6e,0x6b,0x6e,0x6b,0x6e,0x6b,0x70,0x6b,
	0x71,0x6a,0x73,0x6a,0x73,0x6a,0x73,0x6a,0x73,0x6a,0x73,0x6a,0x73,0x6a,0x71,0x67,
	0x71,0x66,0x73,0x66,0x78,0x66,0x7c,0x66,0x82,0x61,0x86,0x61,0x8b,0x61,0x8c,0x5f,
	0x8a,0x63,0x91,0x69,0x94,0x6e,0x93,0x72,0x96,0x74,0x98,0x77,0x97,0x79,0x99,0x7e,
	0x97,0x7b,0x9f,0x84,0x9c,0x75,0x8f,0x8a,0x8f,0x99,0x8e,0x97,0x8e,0x94,0x91,0x95,
	0x91,0x97,0x91,0x99,0x92,0x94,0xcd,0xd6,0xc9,0xde,0xc7,0xd9,0xa9,0x13,0xa7,0x10,
	0xa7,0x0f,0xa7,0x11,0xa7,0x11,0xa7,0x11,0xa7,0x11,0xa7,0x11,0xa7,0x11,0xa7,0x11,
	0x5a,0xe8,0x6e,0xa1,0x78,0x9c,0x73,0xa3,0x7a,0x9c,0x7a,0x9c,0x7a,0x9c,0x78,0x9f,
	0x78,0xa2,0x7d,0x9b,0x77,0x9d,0x67,0x6a,0x66,0x61,0x66,0x61,0x66,0x61,0x68,0x64,
	0x69,0x69,0x6b,0x6c,0x6b,0x6c,0x6b,0x6c,0x6b,0x6c,0x6b,0x6c,0x6b,0x6c,0x6f,0x6d,
	0x75,0x6e,0x7a,0x70,0x7f,0x70,0x83,0x70,0x7a,0x6b,0x7e,0x6b,0x83,0x6b,0x84,0x68,
	0x89,0x66,0x90,0x6d,0x92,0x6e,0x91,0x69,0x9a,0x73,0xa5,0x7d,0xa6,0x84,0xa2,0x85,
	0xa1,0x85,0xa8,0x84,0xa4,0x7b,0x94,0xa1,0x94,0x92,0x93,0x93,0x93,0x96,0x96,0x94,
	0x99,0x93,0x93,0x90,0x90,0xa2,0xc4,0xd6,0xc9,0xde,0xc7,0xd9,0xa9,0x13,0xa7,0x10,
	0xa7,0x0f,0xa7,0x11,0xa7,0x11,0xa7,0x11,0xa7,0x11,0xa7,0x11,0xa7,0x11,0xa7,0x11,
	0x4a,0xfe,0x5d,0xe3,0x66,0xef,0x62,0xea,0x5f,0xed,0x5f,0xed,0x5f,0xed,0x5d,0xee,
	0x5d,0xf1,0x62,0xfd,0x5c,0xf3,0x4c,0x30,0x38,0x23,0x38,0x23,0x38,0x23,0x36,0x24,
	0x35,0x24,0x33,0x25,0x33,0x25,0x33,0x25,0x33,0x25,0x33,0x25,0x33,0x25,0x37,0x21,
	0x53,0x1d,0x5a,0x1c,0x60,0x1c,0x64,0x1c,0x89,0x17,0x8d,0x17,0x92,0x17,0x99,0x15,
	0xb6,0x1a,0xbd,0x20,0xbf,0x28,0xbd,0x3b,0xca,0x47,0xdb,0x56,0xe5,0x67,0xe9,0x72,
	0xe8,0x75,0xec,0x63,0xe3,0x71,0xcc,0xcb,0xc9,0xd5,0xc5,0xd9,0xc2,0xdf,0xc1,0xe0,
	0xc3,0xdf,0xc7,0xda,0xbc,0xde,0xd0,0xdb,0xc9,0xde,0xc7,0xd9,0xa9,0x13,0xa7,0x10,
	0xa7,0x0f,0xa7,0x11,0xa7,0x11,0xa7,0x11,0xa7,0x11,0xa7,0x11,0xa7,0x11,0xa7,0x11,
	0x59,0xf0,0x59,0xf0,0x59,0xf0,0x59,0xf0,0x5c,0xef,0x5c,0xef,0x5c,0xef,0x5f,0xef,
	0x5d,0xf0,0x58,0xf0,0x5b,0xf5,0x3c,0x27,0x36,0x21,0x36,0x21,0x36,0x21,0x36,0x21,
	0x36,0x21,0x36,0x21,0x36,0x21,0x36,0x21,0x30,0x1d,0x38,0x1a,0x0d,0x8d,0x3d,0x30,
	0x4c,0x25,0x5d,0x16,0x62,0x15,0x64,0x19,0x88,0x15,0x8c,0x15,0x93,0x14,0x9a,0x13,
	0xa6,0x16,0xae,0x18,0xb5,0x1f,0xba,0x24,0xc6,0x3b,0xd2,0x4a,0xdc,0x5a,0xe4,0x6b,
	0xe8,0x6d,0xf0,0x63,0xe7,0x70,0xcd,0xce,0xca,0xd8,0xc6,0xdc,0xc3,0xe3,0xc2,0xe2,
	0xc5,0xe0,0xc8,0xdf,0xc8,0xdf,0xc8,0xdf,0xc9,0xde,0xc7,0xd9,0xa9,0x13,0xa7,0x10,
	0xa7,0x0f,0xa7,0x11,0xa7,0x11,0xa7,0x11,0xa7,0x11,0xa7,0x11,0xa7,0x11,0xa7,0x11,
	0x59,0xf0,0x59,0xf0,0x59,0xf0,0x59,0xf0,0x5c,0xef,0x5c,0xef,0x5c,0xef,0x5f,0xef,
	0x5d,0xf0,0x58,0xf0,0x5b,0xf5,0x3c,0x27,0x36,0x21,0x36,0x21,0x36,0x21,0x36,0x21,
	0x36,0x21,0x36,0x21,0x36,0x21,0x36,0x21,0x37,0x20,0x35,0x21,0x14,0x90,0x14,0x93,
	0x08,0x91,0x59,0x31,0x5f,0x25,0x70,0x1a,0x7e,0x16,0x81,0x1b,0x92,0x18,0x9c,0x17,
	0xa7,0x14,0xae,0x18,0xb5,0x1f,0xba,0x24,0xc4,0x36,0xce,0x44,0xd6,0x52,0xdb,0x5a,
	0xe3,0x58,0xf9,0x69,0xf1,0x6a,0xc9,0xdb,0xc8,0xe4,0xc5,0xdf,0xc3,0xe4,0xc3,0xe5,
	0xc7,0xe2,0xc8,0xdf,0xc8,0xdf,0xc8,0xdf,0xc9,0xde,0xc7,0xd9,0xa9,0x13,0xa7,0x10,
	0xa7,0x0f,0xa7,0x11,0xa7,0x11,0xa7,0x11,0xa7,0x11,0xa7,0x11,0xa7,0x11,0xa7,0x11,
	0x59,0xf0,0x59,0xf0,0x59,0xf0,0x59,0xf0,0x5c,0xef,0x5c,0xef,0x5c,0xef,0x5f,0xef,
	0x5d,0xf0,0x58,0xf0,0x5b,0xf5,0x3c,0x27,0x36,0x21,0x36,0x21,0x36,0x21,0x36,0x21,
	0x36,0x21,0x36,0x21,0x36,0x21,0x36,0x21,0x37,0x20,0x35,0x21,0x14,0x90,0x15,0x8c,
	0x11,0x87,0x0c,0x9a,0x15,0x8e,0x60,0x2e,0x6e,0x27,0x8e,0x14,0x8d,0x17,0x9e,0x16,
	0xa6,0x16,0xae,0x18,0xb5,0x1f,0xba,0x24,0xc2,0x32,0xca,0x3d,0xd1,0x49,0xd7,0x53,
	0xdd,0x59,0xed,0x62,0xee,0x6a,0xd6,0xc9,0xd3,0xd5,0xce,0xd8,0xca,0xd7,0xc7,0xee,
	0xc9,0xdc,0xc8,0xdf,0xc8,0xdf,0xc8,0xdf,0xc9,0xde,0xc7,0xd9,0xa9,0x13,0xa7,0x10,
	0xa7,0x0f,0xa7,0x11,0xa7,0x11,0xa7,0x11,0xa7,0x11,0xa7,0x11,0xa7,0x11,0xa7,0x11,
	0x59,0xf0,0x59,0xf0,0x59,0xf0,0x59,0xf0,0x5b,0xef,0x5b,0xef,0x5b,0xef,0x5e,0xef,
	0x5d,0xf0,0x58,0xf0,0x5b,0xf5,0x3c,0x27,0x36,0x21,0x36,0x21,0x36,0x21,0x36,0x21,
	0x37,0x21,0x37,0x21,0x37,0x21,0x36,0x21,0x37,0x20,0x35,0x21,0x14,0x90,0x15,0x91,
	0x0f,0x8e,0x13,0x89,0x0a,0x94,0x0f,0x95,0x09,0x92,0x80,0x2e,0x84,0x1b,0x9d,0x19,
	0xaf,0x13,0xab,0x15,0xb6,0x1c,0xb9,0x23,0xc0,0x31,0xc8,0x3b,0xcf,0x45,0xd6,0x4f,
	0xd8,0x54,0xe1,0x65,0xea,0x60,0xe9,0x68,0xde,0x7a,0xd8,0xcd,0xd4,0xcd,0xcc,0xd6,
	0xce,0xdf,0xcb,0xe0,0xca,0xe2,0xc9,0xdc,0xc9,0xdc,0xc7,0xdc,0xa9,0x10,0xa7,0x0f,
	0xa7,0x0f,0xa7,0x11,0xa7,0x11,0xa7,0x11,0xa7,0x11,0xa7,0x11,0xa7,0x11,0xa7,0x11,
	0x5a,0xf0,0x5a,0xf0,0x5a,0xf0,0x5a,0xf0,0x5b,0xf0,0x5b,0xf0,0x5b,0xf0,0x5e,0xf0,
	0x5d,0xf0,0x58,0xf0,0x5b,0xf5,0x3c,0x27,0x36,0x21,0x36,0x21,0x36,0x21,0x37,0x21,
	0x37,0x21,0x38,0x21,0x37,0x21,0x37,0x21,0x36,0x20,0x34,0x21,0x12,0x90,0x14,0x8d,
	0x13,0x89,0x0f,0x8a,0x0d,0x90,0x10,0x93,0x0e,0x8e,0x1c,0x95,0x0e,0x8d,0x84,0x2f,
	0xb6,0x1e,0xab,0x14,0xb6,0x1c,0xb9,0x23,0xbf,0x34,0xc8,0x3d,0xd3,0x47,0xd8,0x4f,
	0xdb,0x58,0xdc,0x5d,0xe7,0x64,0xf1,0x6c,0xe6,0x7c,0xe2,0x93,0xde,0x92,0xd5,0xd5,
	0xcf,0xd9,0xcc,0xe0,0xca,0xe3,0xc9,0xdb,0xc9,0xdc,0xc7,0xdd,0xa9,0x10,0xa7,0x0f,
	0xa7,0x0f,0xa7,0x11,0xa7,0x11,0xa7,0x11,0xa7,0x11,0xa7,0x11,0xa7,0x11,0xa7,0x11,
	0x5a,0xf0,0x5a,0xf0,0x5a,0xf0,0x5a,0xf0,0x5a,0xf0,0x5a,0xf0,0x5a,0xf0,0x5d,0xf0,
	0x5d,0xf0,0x58,0xf0,0x5b,0xf5,0x3c,0x27,0x36,0x21,0x36,0x21,0x36,0x21,0x37,0x21,
	0x38,0x21,0x39,0x21,0x38,0x21,0x37,0x21,0x36,0x20,0x33,0x21,0x11,0x90,0x13,0x8f,
	0x13,0x8e,0x0e,0x8f,0x0f,0x8f,0x10,0x92,0x0f,0x8e,0x0d,0x94,0x0d,0x94,0x12,0x8f,
	0xe1,0x71,0xbc,0x26,0xca,0x33,0xb9,0x20,0xbb,0x31,0xca,0x3f,0xd7,0x49,0xdc,0x51,
	0xdd,0x56,0xdf,0x5b,0xe7,0x65,0xef,0x6c,0xe7,0x7a,0xe5,0x82,0xe3,0x8d,0xe0,0x9c,
	0xd7,0xae,0xd1,0xcf,0xce,0xdc,0xcb,0xd7,0xc9,0xd7,0xc7,0xde,0xa9,0x0e,0xa7,0x0f,
	0xa7,0x0f,0xa7,0x11,0xa7,0x11,0xa7,0x11,0xa7,0x11,0xa7,0x11,0xa7,0x11,0xa7,0x11,
	0x5a,0xf0,0x5a,0xf0,0x5a,0xf0,0x5a,0xf0,0x5a,0xf0,0x5a,0xf0,0x5a,0xf0,0x5d,0xf0,
	0x5d,0xf0,0x58,0xf0,0x5b,0xf5,0x3c,0x27,0x36,0x21,0x36,0x21,0x36,0x21,0x37,0x21,
	0x38,0x21,0x39,0x21,0x38,0x21,0x37,0x21,0x36,0x20,0x33,0x21,0x11,0x90,0x13,0x8f,
	0x12,0x90,0x10,0x91,0x10,0x91,0x10,0x91,0x10,0x91,0x10,0x91,0x10,0x91,0x13,0x8e,
	0xdc,0x73,0xe8,0x62,0xf1,0x64,0xc3,0x2b,0xc2,0x33,0xc6,0x39,0xcd,0x42,0xd7,0x4d,
	0xdc,0x56,0xe2,0x5e,0xe7,0x66,0xec,0x6e,0xe5,0x78,0xe5,0x82,0xe5,0x90,0xe2,0x9d,
	0xdd,0xad,0xd6,0xac,0xd3,0xba,0xcf,0xd6,0xc9,0xd0,0xc7,0xdd,0xa9,0x0e,0xa7,0x12,
	0xa7,0x11,0xa7,0x11,0xa7,0x11,0xa7,0x11,0xa7,0x11,0xa7,0x11,0xa7,0x11,0xa7,0x11,
	0x5a,0xf0,0x5a,0xf0,0x5a,0xf0,0x5a,0xf0,0x5a,0xf0,0x5a,0xf0,0x5a,0xf0,0x5d,0xf0,
	0x5d,0xf0,0x58,0xf0,0x5b,0xf5,0x3c,0x27,0x36,0x21,0x36,0x21,0x36,0x21,0x37,0x21,
	0x38,0x21,0x39,0x21,0x38,0x21,0x37,0x21,0x36,0x20,0x33,0x21,0x11,0x90,0x13,0x8f,
	0x12,0x90,0x10,0x91,0x10,0x91,0x10,0x91,0x10,0x91,0x10,0x91,0x10,0x91,0x13,0x8e,
	0xf3,0x68,0xf0,0x68,0xee,0x75,0xf2,0x6e,0xf2,0x62,0xd3,0x47,0xcb,0x45,0xdb,0x5a,
	0xe4,0x62,0xe6,0x64,0xe9,0x69,0xec,0x6e,0xe5,0x78,0xe5,0x82,0xe5,0x90,0xe3,0x9b,
	0xdf,0xa1,0xda,0xac,0xd7,0xb9,0xd3,0xc9,0xc9,0xd0,0xc7,0xe7,0xa8,0x2c,0xa6,0x0c,
	0xa7,0x0a,0xa7,0x11,0xa7,0x11,0xa7,0x11,0xa7,0x11,0xa7,0x11,0xa7,0x11,0xa7,0x11,
	0x5a,0xf0,0x5a,0xf0,0x5a,0xf0,0x5a,0xf0,0x5a,0xf0,0x5a,0xf0,0x5a,0xf0,0x5d,0xf0,
	0x5d,0xf0,0x58,0xf0,0x5b,0xf5,0x3c,0x27,0x36,0x21,0x36,0x21,0x36,0x21,0x37,0x21,
	0x38,0x21,0x39,0x21,0x38,0x21,0x37,0x21,0x36,0x20,0x33,0x21,0x11,0x90,0x13,0x8f,
	0x12,0x90,0x10,0x91,0x10,0x91,0x10,0x91,0x10,0x91,0x10,0x91,0x10,0x91,0x13,0x8e,
	0xe9,0x6e,0xee,0x77,0xe6,0x75,0xf4,0x6f,0xf1,0x5e,0xfb,0x6f,0xee,0x6c,0xd5,0x5b,
	0xe0,0x5e,0xe5,0x65,0xe8,0x6a,0xec,0x6f,0xe5,0x78,0xe5,0x83,0xe5,0x91,0xe4,0x9d,
	0xe1,0xa4,0xdd,0xac,0xd8,0xba,0xd6,0xce,0xc9,0xd1,0xc7,0xd7,0xac,0xcf,0xaa,0x2e,
	0xa8,0x28,0xa8,0x0b,0xa8,0x0c,0xa8,0x12,0xa5,0x11,0xa7,0x0f,0xa8,0x11,0xa7,0x11,
	0x5a,0xf0,0x5a,0xf0,0x5a,0xf0,0x5a,0xf0,0x5a,0xf0,0x5a,0xf0,0x5a,0xf0,0x5d,0xf0,
	0x5d,0xf0,0x58,0xf0,0x5b,0xf5,0x3c,0x27,0x36,0x21,0x36,0x21,0x36,0x21,0x37,0x21,
	0x38,0x21,0x39,0x21,0x38,0x21,0x37,0x21,0x36,0x20,0x33,0x21,0x11,0x90,0x13,0x8f,
	0x12,0x90,0x10,0x91,0x10,0x91,0x10,0x91,0x10,0x91,0x10,0x91,0x10,0x91,0x13,0x8e,
	0xe9,0x73,0xee,0x71,0xe6,0x70,0xf4,0x74,0xef,0x6b,0xef,0x6b,0xef,0x6b,0xee,0x6e,
	0xec,0x70,0xe9,0x6f,0xea,0x70,0xee,0x67,0xe4,0x76,0xe3,0x8b,0xe3,0x94,0xe0,0x9b,
	0xdd,0xa2,0xd8,0xb0,0xd4,0xbe,0xd1,0xc9,0xcb,0xd2,0xc8,0xd5,0xc3,0xdc,0xbd,0xe7,
	0xb2,0xe4,0xad,0x2c,0xac,0x2e,0xa9,0x11,0x9c,0x0b,0xa7,0x06,0xad,0x14,0xa8,0x0f,
	0x5a,0xf0,0x5a,0xf0,0x5a,0xf0,0x5a,0xf0,0x5a,0xf0,0x5a,0xf0,0x5a,0xf0,0x5d,0xf0,
	0x5d,0xf0,0x58,0xf0,0x5b,0xf5,0x3c,0x27,0x36,0x21,0x36,0x21,0x36,0x21,0x37,0x21,
	0x38,0x21,0x39,0x21,0x38,0x21,0x37,0x21,0x36,0x20,0x33,0x21,0x11,0x90,0x13,0x8f,
	0x12,0x90,0x10,0x91,0x10,0x91,0x10,0x91,0x10,0x91,0x10,0x91,0x10,0x91,0x13,0x8e,
	0xe9,0x73,0xee,0x71,0xe6,0x70,0xf4,0x74,0xef,0x6b,0xef,0x6b,0xef,0x6b,0xee,0x6a,
	0xed,0x6a,0xf1,0x71,0xec,0x6e,0xe3,0x7a,0xdd,0x8d,0xdd,0x88,0xdd,0x94,0xdd,0x95,
	0xdc,0x9f,0xd8,0xb0,0xd4,0xbe,0xd1,0xc9,0xcb,0xd2,0xc8,0xd5,0xc2,0xdb,0xbc,0xde,
	0xb2,0xe0,0xaa,0xe9,0xa4,0xe1,0x9f,0x28,0x9a,0x2e,0xa4,0x0c,0xac,0x10,0xaa,0x0d,
	0x5a,0xf0,0x5a,0xf0,0x5a,0xf0,0x5a,0xf0,0x5a,0xf0,0x5a,0xf0,0x5a,0xf0,0x5d,0xf0,
	0x5d,0xf0,0x58,0xf0,0x5b,0xf5,0x3c,0x27,0x36,0x21,0x36,0x21,0x36,0x21,0x37,0x21,
	0x38,0x21,0x38,0x21,0x38,0x21,0x37,0x21,0x36,0x20,0x33,0x21,0x11,0x90,0x13,0x8f,
	0x12,0x90,0x10,0x91,0x10,0x91,0x10,0x91,0x10,0x91,0x10,0x91,0x10,0x91,0x13,0x8e,
	0xe9,0x73,0xee,0x71,0xe6,0x70,0xf4,0x74,0xef,0x6b,0xef,0x6b,0xef,0x6b,0xed,0x6e,
	0xf0,0x6e,0xfc,0x67,0xef,0x78,0xd2,0xe2,0xd3,0xdc,0xd5,0x9f,0xd7,0xa7,0xdb,0x9b,
	0xda,0xa0,0xd8,0xaf,0xd4,0xbe,0xd1,0xc9,0xcb,0xd2,0xc8,0xd5,0xc2,0xdb,0xbc,0xdf,
	0xb2,0xe1,0xa5,0xe6,0x99,0xe2,0x90,0xf2,0x85,0xf0,0x99,0x32,0xa2,0x31,0x9c,0x11,
	0x5d,0xf8,0x50,0xf5,0x59,0xf6,0x57,0xee,0x5b,0xf5,0x5a,0xee,0x59,0xfa,0x5e,0xf1,
	0x60,0xef,0x5b,0xf0,0x57,0xf1,0x3a,0x1c,0x3a,0x21,0x3f,0x24,0x35,0x22,0x33,0x22,
	0x33,0x25,0x3a,0x23,0x3f,0x22,0x36,0x27,0x36,0x1f,0x33,0x25,0x14,0x96,0x14,0x93,
	0x10,0x96,0x0e,0x99,0x11,0x96,0x11,0x91,0x0d,0x89,0x14,0x8f,0x0a,0x97,0x0f,0x8c,
	0xe9,0x73,0xe9,0x71,0xf1,0x71,0xf1,0x6e,0xef,0x6e,0xef,0x6e,0xef,0x6e,0xef,0x6b,
	0xf1,0x6c,0xfb,0x6d,0xf0,0x72,0xc8,0xdd,0xcd,0xdf,0xce,0xce,0xd1,0xd4,0xd5,0xa0,
	0xd6,0xa8,0xd5,0xae,0xd2,0xb8,0xd0,0xc7,0xca,0xcf,0xc7,0xd7,0xc5,0xdf,0xbc,0xe0,
	0xb2,0xe2,0xa3,0xe9,0x95,0xe1,0x88,0xe2,0x85,0xeb,0x75,0xf0,0x7a,0xe7,0x98,0x30,
	0x5d,0xf6,0x51,0xf4,0x59,0xf5,0x58,0xee,0x5b,0xf5,0x5a,0xee,0x58,0xf9,0x5d,0xf1,
	0x5f,0xef,0x5b,0xf1,0x57,0xf1,0x39,0x1d,0x39,0x21,0x3d,0x23,0x35,0x23,0x33,0x22,
	0x33,0x25,0x38,0x23,0x3d,0x20,0x36,0x27,0x36,0x1f,0x33,0x25,0x13,0x96,0x13,0x93,
	0x10,0x96,0x0d,0x98,0x11,0x96,0x11,0x91,0x0e,0x8a,0x14,0x8f,0x0a,0x96,0x0f,0x8d,
	0xe3,0x73,0xf4,0x74,0xef,0x6b,0xef,0x6b,0xef,0x70,0xef,0x70,0xef,0x70,0xf0,0x6e,
	0xf1,0x6b,0xf2,0x6e,0xef,0x70,0xc6,0xdb,0xcb,0xe0,0xcc,0xdc,0xce,0xe0,0xcf,0xdf,
	0xd1,0xd5,0xd2,0xbe,0xd0,0xb5,0xce,0xc5,0xca,0xce,0xc8,0xd8,0xc5,0xe2,0xbb,0xe0,
	0xb1,0xe1,0xa3,0xe6,0x93,0xe4,0x87,0xe1,0x84,0xea,0x77,0xec,0x6e,0xec,0x68,0xed,
	0x5d,0xf4,0x52,0xf2,0x59,0xf3,0x58,0xee,0x5a,0xf3,0x5a,0xee,0x58,0xf8,0x5d,0xf0,
	0x5e,0xef,0x5b,0xf1,0x58,0xf1,0x38,0x1f,0x39,0x22,0x3a,0x21,0x35,0x23,0x33,0x23,
	0x33,0x25,0x37,0x23,0x39,0x1d,0x36,0x26,0x36,0x20,0x33,0x24,0x13,0x96,0x12,0x92,
	0x10,0x95,0x0d,0x97,0x10,0x96,0x11,0x91,0x0f,0x8b,0x14,0x8f,0x0b,0x96,0x0f,0x8d,
	0xf1,0x77,0xef,0x6b,0xef,0x6b,0xef,0x6b,0xef,0x70,0xef,0x70,0xef,0x70,0xf0,0x6e,
	0xf1,0x6e,0xf0,0x6f,0xee,0x70,0xc6,0xd9,0xcb,0xde,0xcb,0xde,0xcb,0xde,0xcd,0xdb,
	0xcd,0xd6,0xce,0xe0,0xcd,0xda,0xcd,0xc5,0xcb,0xd5,0xcb,0xd6,0xc0,0xde,0xb7,0xe1,
	0xb0,0xe1,0xa3,0xe3,0x94,0xe7,0x88,0xe4,0x81,0xe9,0x7a,0xe9,0x6e,0xe9,0x67,0xe9,
	0x5c,0xf2,0x54,0xef,0x59,0xf1,0x59,0xee,0x5a,0xf2,0x59,0xee,0x58,0xf7,0x5c,0xf0,
	0x5b,0xef,0x5b,0xf2,0x58,0xf2,0x37,0x20,0x38,0x23,0x37,0x1e,0x35,0x24,0x34,0x24,
	0x34,0x25,0x36,0x23,0x35,0x1a,0x36,0x26,0x35,0x20,0x33,0x23,0x12,0x95,0x10,0x91,
	0x10,0x95,0x0c,0x96,0x0f,0x96,0x12,0x90,0x10,0x8d,0x13,0x90,0x0c,0x95,0x0f,0x8d,
	0xec,0x6e,0xef,0x6b,0xef,0x6b,0xef,0x6b,0xef,0x70,0xef,0x70,0xef,0x70,0xf0,0x6e,
	0xf1,0x6e,0xf0,0x6f,0xee,0x70,0xc6,0xd9,0xcb,0xde,0xcb,0xde,0xcb,0xde,0xcc,0xde,
	0xcc,0xde,0xcd,0xdf,0xcc,0xdf,0xcc,0xd9,0xd1,0xe8,0xc5,0xd7,0xbf,0xcb,0xb5,0xea,
	0xae,0xe7,0xa3,0xe3,0x94,0xe7,0x88,0xe4,0x81,0xe9,0x7a,0xe9,0x6e,0xe9,0x67,0xe9,
	0x5b,0xf0,0x56,0xec,0x59,0xf0,0x59,0xef,0x5a,0xf1,0x59,0xee,0x58,0xf5,0x5b,0xf0,
	0x59,0xf0,0x5b,0xf2,0x59,0xf2,0x36,0x22,0x37,0x24,0x33,0x1b,0x35,0x25,0x34,0x24,
	0x35,0x24,0x35,0x23,0x30,0x16,0x36,0x25,0x35,0x21,0x33,0x22,0x12,0x94,0x0e,0x90,
	0x10,0x94,0x0b,0x94,0x0e,0x95,0x12,0x90,0x11,0x8f,0x12,0x90,0x0d,0x94,0x0f,0x8e,
	0xec,0x6e,0xef,0x6b,0xef,0x6b,0xef,0x70,0xef,0x70,0xef,0x70,0xef,0x70,0xf0,0x6e,
	0xf1,0x6e,0xf0,0x6f,0xee,0x70,0xc6,0xd9,0xcb,0xde,0xcb,0xde,0xcb,0xde,0xcb,0xdb,
	0xcb,0xdb,0xcb,0xe0,0xcb,0xe1,0xcb,0xd8,0xc9,0xe3,0xc1,0xe3,0xb6,0x11,0xb1,0xc9,
	0xab,0xc7,0xa3,0xe9,0x95,0xec,0x8a,0xe2,0x81,0xe9,0x79,0xeb,0x6d,0xe9,0x68,0xea,
	0x5b,0xef,0x58,0xeb,0x59,0xef,0x5a,0xf1,0x59,0xf0,0x59,0xee,0x58,0xf4,0x5a,0xf0,
	0x57,0xf0,0x5b,0xf3,0x5a,0xf2,0x35,0x22,0x36,0x24,0x31,0x19,0x35,0x24,0x34,0x24,
	0x36,0x24,0x34,0x23,0x2d,0x15,0x36,0x24,0x34,0x22,0x33,0x21,0x11,0x94,0x0d,0x8f,
	0x10,0x93,0x0a,0x93,0x0d,0x95,0x12,0x90,0x12,0x91,0x12,0x90,0x0e,0x94,0x0f,0x8e,
	0xec,0x6e,0xef,0x6b,0xef,0x70,0xef,0x70,0xef,0x70,0xef,0x70,0xef,0x70,0xf0,0x6e,
	0xf1,0x6e,0xf0,0x6f,0xee,0x70,0xc6,0xd9,0xcb,0xde,0xcb,0xde,0xcb,0xde,0xcb,0xde,
	0xcb,0xde,0xcb,0xde,0xcb,0xde,0xcb,0xde,0xc8,0xdd,0xc5,0xe2,0xaa,0x0f,0xa8,0x11,
	0xa7,0x0d,0xa3,0xc6,0x9f,0xc5,0x99,0xe2,0x81,0xf1,0x73,0xf7,0x66,0xea,0x6a,0xf0,
	0x5a,0xee,0x5a,0xea,0x59,0xef,0x5a,0xf2,0x59,0xf0,0x58,0xef,0x58,0xf2,0x59,0xf0,
	0x56,0xf0,0x5b,0xf2,0x5a,0xf1,0x34,0x23,0x36,0x23,0x31,0x1a,0x35,0x23,0x35,0x22,
	0x37,0x23,0x34,0x22,0x2d,0x16,0x36,0x23,0x34,0x22,0x34,0x21,0x10,0x93,0x0c,0x8e,
	0x0f,0x93,0x0a,0x91,0x0c,0x94,0x12,0x90,0x13,0x93,0x11,0x91,0x10,0x93,0x0f,0x8f,
	0xec,0x6e,0xef,0x70,0xef,0x70,0xef,0x70,0xef,0x70,0xef,0x70,0xef,0x70,0xf0,0x6e,
	0xf1,0x6e,0xf0,0x6f,0xee,0x70,0xc6,0xd9,0xcb,0xde,0xcb,0xde,0xcb,0xde,0xcb,0xde,
	0xcb,0xde,0xcb,0xde,0xcb,0xde,0xcb,0xde,0xc8,0xdd,0xc5,0xe2,0xaa,0x0f,0xa8,0x17,
	0xa6,0x14,0xa3,0x0a,0xa1,0x13,0x9d,0xcb,0x89,0xcd,0x72,0xf1,0x6d,0xed,0x62,0xf1,
	0x5a,0xee,0x5b,0xeb,0x59,0xef,0x5a,0xf4,0x59,0xf0,0x58,0xf0,0x58,0xf1,0x58,0xf0,
	0x55,0xf1,0x5a,0xf2,0x5b,0xf1,0x34,0x22,0x35,0x23,0x33,0x1c,0x35,0x22,0x35,0x21,
	0x37,0x23,0x33,0x22,0x2e,0x1a,0x36,0x22,0x34,0x23,0x34,0x20,0x0f,0x93,0x0c,0x8d,
	0x0f,0x93,0x09,0x90,0x0c,0x94,0x12,0x90,0x13,0x94,0x10,0x91,0x11,0x92,0x0f,0x8f,
	0xec,0x72,0xef,0x70,0xef,0x70,0xef,0x70,0xef,0x70,0xef,0x70,0xef,0x70,0xef,0x6e,
	0xf2,0x6f,0xf2,0x70,0xef,0x71,0xc7,0xdb,0xcb,0xe0,0xcd,0xe2,0xcc,0xe1,0xcb,0xdf,
	0xcb,0xde,0xcb,0xde,0xcb,0xde,0xcb,0xde,0xc8,0xdd,0xc5,0xe2,0xaa,0x0f,0xa7,0x17,
	0xa6,0x13,0xa3,0x0d,0xa3,0x12,0xa1,0x02,0xa3,0x0b,0x79,0xc9,0x7c,0xcb,0x6a,0xed,
	0x5a,0xef,0x5c,0xec,0x59,0xf0,0x59,0xf5,0x59,0xf1,0x58,0xf1,0x58,0xf0,0x58,0xf0,
	0x56,0xf1,0x5a,0xf2,0x5b,0xf0,0x33,0x21,0x35,0x22,0x38,0x22,0x35,0x20,0x36,0x20,
	0x38,0x22,0x33,0x22,0x33,0x21,0x35,0x20,0x33,0x23,0x34,0x20,0x0f,0x92,0x0c,0x8e,
	0x0e,0x93,0x0a,0x8f,0x0b,0x94,0x12,0x91,0x13,0x95,0x10,0x92,0x12,0x92,0x0f,0x8f,
	0xec,0x74,0xef,0x70,0xef,0x70,0xef,0x70,0xef,0x70,0xef,0x70,0xef,0x70,0xed,0x6d,
	0xbc,0x44,0x9f,0x37,0xd8,0x62,0xa8,0x86,0xac,0x95,0xa5,0x8f,0x87,0x69,0x9e,0x7c,
	0xca,0xdd,0xcb,0xde,0xcb,0xde,0xcb,0xde,0xc8,0xdd,0xc5,0xe2,0xaa,0x0f,0xa7,0x17,
	0xa5,0x14,0xa5,0x0b,0xa5,0x13,0xa4,0x13,0xa5,0x10,0x9e,0x0b,0xa4,0x15,0x6e,0xcd,
	0x5b,0xf0,0x5c,0xee,0x58,0xf1,0x59,0xf6,0x59,0xf2,0x57,0xf2,0x59,0xf0,0x57,0xf0,
	0x57,0xf2,0x59,0xf1,0x5b,0xf0,0x34,0x20,0x35,0x21,0x3f,0x2b,0x35,0x1f,0x36,0x1f,
	0x38,0x22,0x34,0x21,0x3b,0x2b,0x35,0x20,0x34,0x23,0x34,0x20,0x0f,0x92,0x0e,0x8e,
	0x0d,0x93,0x0b,0x8f,0x0b,0x93,0x12,0x91,0x12,0x95,0x10,0x92,0x13,0x92,0x10,0x90,
	0xec,0x73,0xef,0x70,0xef,0x70,0xef,0x70,0xef,0x70,0xef,0x70,0xef,0x70,0xec,0x6d,
	0xa9,0x36,0xc3,0x47,0xb1,0x32,0x9b,0x67,0x91,0x73,0xb0,0xa2,0x9e,0x82,0xa5,0x9a,
	0xc9,0xdc,0xcb,0xde,0xcb,0xde,0xcb,0xde,0xc8,0xdd,0xc5,0xe2,0xaa,0x0f,0xa6,0x17,
	0xa5,0x13,0xa5,0x0d,0xa6,0x13,0xa6,0x13,0xa6,0x0f,0xa7,0x0d,0xa9,0x0d,0xa5,0x0c,
	0x5c,0xf0,0x5d,0xef,0x58,0xf2,0x58,0xf5,0x59,0xf2,0x57,0xf2,0x5a,0xef,0x57,0xef,
	0x5a,0xf3,0x59,0xf0,0x5b,0xf0,0x34,0x20,0x35,0x21,0x49,0x37,0x35,0x1f,0x37,0x1f,
	0x38,0x21,0x34,0x21,0x45,0x38,0x35,0x1f,0x34,0x23,0x35,0x21,0x0f,0x92,0x10,0x8f,
	0x0d,0x93,0x0c,0x8f,0x0c,0x93,0x12,0x92,0x10,0x94,0x10,0x92,0x14,0x92,0x10,0x90,
	0xec,0x73,0xef,0x70,0xef,0x70,0xef,0x70,0xef,0x70,0xef,0x70,0xef,0x70,0xec,0x6d,
	0x9a,0x30,0xdb,0x5f,0xa8,0x34,0x98,0x7b,0x8e,0x5c,0x83,0x55,0xaa,0x8e,0xa7,0x7a,
	0xc8,0xdb,0xcb,0xde,0xcb,0xde,0xcb,0xde,0xc8,0xdd,0xc5,0xe2,0xaa,0x0f,0xa7,0x17,
	0xa5,0x13,0xa6,0x10,0xa6,0x10,0xa6,0x10,0xa6,0x10,0xa6,0x10,0xa6,0x10,0xa6,0x10,
	0x5c,0xf0,0x5d,0xf0,0x57,0xf2,0x57,0xf3,0x59,0xf2,0x57,0xf1,0x5b,0xee,0x57,0xef,
	0x5d,0xf4,0x58,0xf0,0x5b,0xf0,0x35,0x1f,0x36,0x22,0x53,0x45,0x34,0x20,0x38,0x20,
	0x38,0x20,0x34,0x20,0x50,0x45,0x35,0x1e,0x34,0x23,0x35,0x22,0x0e,0x93,0x13,0x91,
	0x0c,0x94,0x0e,0x90,0x0c,0x93,0x12,0x93,0x0f,0x93,0x11,0x93,0x14,0x93,0x10,0x90,
	0xec,0x73,0xef,0x70,0xef,0x70,0xef,0x70,0xef,0x70,0xef,0x70,0xef,0x70,0xec,0x6d,
	0x98,0x2e,0xb1,0x49,0x99,0x3e,0xa0,0x93,0x9b,0x87,0x88,0x71,0xb7,0x9e,0x9f,0x89,
	0xc8,0xdb,0xcb,0xde,0xcb,0xde,0xcb,0xde,0xc8,0xdd,0xc5,0xe2,0xaa,0x0f,0xa7,0x17,
	0xa5,0x13,0xa6,0x10,0xa6,0x10,0xa6,0x10,0xa6,0x10,0xa6,0x10,0xa6,0x10,0xa6,0x10,
	0x5d,0xef,0x5c,0xf1,0x57,0xf1,0x56,0xf1,0x5a,0xf2,0x57,0xf1,0x5c,0xed,0x57,0xee,
	0x61,0xf5,0x57,0xf0,0x5a,0xf1,0x36,0x1f,0x34,0x1f,0x59,0x54,0x7e,0x7b,0x7f,0x81,
	0x7e,0x80,0x7c,0x80,0x5c,0x52,0x37,0x1d,0x34,0x23,0x35,0x22,0x0e,0x93,0x15,0x92,
	0x0b,0x95,0x10,0x91,0x0d,0x92,0x11,0x94,0x0d,0x91,0x11,0x93,0x14,0x93,0x11,0x8f,
	0xec,0x73,0xef,0x70,0xef,0x70,0xef,0x70,0xef,0x70,0xef,0x70,0xef,0x70,0xec,0x6d,
	0xb7,0x4c,0xc4,0x4e,0xba,0x43,0x83,0x53,0xa6,0x84,0x9f,0x8a,0x93,0x68,0xa0,0x8e,
	0xc8,0xdb,0xcb,0xde,0xcb,0xde,0xcb,0xde,0xc8,0xdd,0xc5,0xe2,0xaa,0x0f,0xa7,0x17,
	0xa5,0x13,0xa6,0x10,0xa6,0x10,0xa6,0x10,0xa6,0x10,0xa6,0x10,0xa6,0x10,0xa6,0x10,
	0x5e,0xee,0x5c,0xf1,0x57,0xf0,0x55,0xef,0x5a,0xf1,0x57,0xf0,0x5d,0xed,0x57,0xed,
	0x64,0xf5,0x57,0xf0,0x5a,0xf2,0x37,0x1f,0x35,0x20,0x62,0x62,0x7e,0x7d,0x7f,0x83,
	0x7e,0x7f,0x7d,0x80,0x66,0x5d,0x37,0x1d,0x35,0x22,0x36,0x23,0x0f,0x93,0x18,0x93,
	0x0b,0x95,0x11,0x91,0x0d,0x92,0x11,0x95,0x0b,0x90,0x11,0x93,0x15,0x93,0x11,0x8f,
	0xec,0x73,0xef,0x70,0xef,0x70,0xef,0x70,0xef,0x70,0xef,0x70,0xef,0x70,0xec,0x6d,
	0xa9,0x3c,0x9a,0x27,0xac,0x38,0xa2,0x7e,0x9b,0x72,0xb7,0xa5,0x92,0x87,0x9f,0x85,
	0xc8,0xdb,0xcb,0xde,0xcb,0xde,0xcb,0xde,0xc8,0xdd,0xc5,0xe2,0xaa,0x0f,0xa7,0x17,
	0xa5,0x13,0xa6,0x10,0xa6,0x10,0xa6,0x10,0xa6,0x10,0xa6,0x10,0xa6,0x10,0xa6,0x10,
	0x5f,0xed,0x5c,0xf0,0x57,0xef,0x54,0xec,0x5a,0xf0,0x57,0xef,0x5d,0xec,0x57,0xed,
	0x66,0xf6,0x56,0xf0,0x5a,0xf3,0x38,0x20,0x35,0x22,0x69,0x6c,0x7e,0x7f,0x80,0x85,
	0x7e,0x7f,0x7d,0x80,0x6d,0x66,0x37,0x1d,0x35,0x22,0x36,0x24,0x0f,0x93,0x19,0x94,
	0x0a,0x96,0x12,0x92,0x0e,0x92,0x11,0x96,0x0a,0x8f,0x11,0x93,0x15,0x94,0x11,0x8f,
	0xec,0x73,0xef,0x70,0xef,0x70,0xef,0x70,0xef,0x70,0xef,0x70,0xef,0x70,0xec,0x6d,
	0x9f,0x4c,0xae,0x3f,0xb3,0x4c,0xa0,0x7f,0x93,0x76,0x9d,0x92,0x94,0x75,0x95,0x6c,
	0xc8,0xdb,0xcb,0xde,0xcb,0xde,0xcb,0xde,0xc8,0xdd,0xc5,0xe2,0xaa,0x0f,0xa7,0x17,
	0xa5,0x13,0xa6,0x10,0xa6,0x10,0xa6,0x10,0xa6,0x10,0xa6,0x10,0xa6,0x10,0xa6,0x10,
	0x5f,0xec,0x5b,0xf0,0x56,0xef,0x53,0xeb,0x5a,0xf0,0x57,0xee,0x5e,0xec,0x57,0xed,
	0x67,0xf6,0x56,0xf0,0x5a,0xf4,0x38,0x20,0x35,0x23,0x6d,0x71,0x7e,0x80,0x81,0x86,
	0x7e,0x7f,0x7e,0x80,0x70,0x6a,0x35,0x1d,0x35,0x22,0x36,0x24,0x0f,0x94,0x1a,0x95,
	0x0a,0x96,0x13,0x92,0x0e,0x92,0x11,0x96,0x09,0x8e,0x12,0x93,0x15,0x94,0x11,0x8f,
	0xec,0x72,0xef,0x6f,0xef,0x6f,0xef,0x6f,0xef,0x6f,0xef,0x6f,0xef,0x6f,0xed,0x6e,
	0xc2,0x55,0xb6,0x49,0xb7,0x42,0x8a,0x4b,0x9a,0x6d,0x8f,0x4e,0x9b,0x60,0x9f,0x85,
	0xc9,0xde,0xcc,0xe0,0xcc,0xe0,0xca,0xe0,0xc9,0xdf,0xc6,0xe5,0xaa,0x0f,0xa7,0x17,
	0xa5,0x13,0xa6,0x10,0xa6,0x10,0xa6,0x10,0xa6,0x10,0xa6,0x10,0xa6,0x10,0xa6,0x10,
	0x5e,0xf0,0x61,0xf1,0x58,0xee,0x52,0xe9,0x5c,0xef,0x58,0xf0,0x60,0xee,0x58,0xed,
	0x63,0xf4,0x58,0xec,0x5c,0xf0,0x33,0x1e,0x33,0x22,0x6e,0x70,0x7c,0x7c,0x80,0x80,
	0x7e,0x82,0x7e,0x85,0x6e,0x6f,0x33,0x1f,0x35,0x21,0x37,0x24,0x10,0x94,0x1c,0x94,
	0x0c,0x92,0x14,0x8e,0x0f,0x90,0x11,0x96,0x09,0x8d,0x11,0x91,0x13,0x93,0x0f,0x90,
	0xec,0x72,0xef,0x6f,0xef,0x6f,0xef,0x6f,0xef,0x6f,0xef,0x6f,0xef,0x6f,0xee,0x6e,
	0xec,0x6b,0xea,0x68,0xed,0x6e,0xc2,0xdd,0xc7,0xdd,0xc7,0xdd,0xc7,0xdd,0xc4,0xda,
	0xad,0x91,0x98,0x77,0x9d,0x8c,0x9f,0x72,0xa3,0x85,0x90,0x6b,0x7f,0x15,0x84,0x0d,
	0xa5,0x10,0xa6,0x10,0xa6,0x10,0xa6,0x10,0xa6,0x10,0xa6,0x10,0xa6,0x10,0xa6,0x10,
	0x5e,0xf0,0x61,0xf1,0x58,0xee,0x53,0xea,0x5c,0xef,0x58,0xf0,0x5f,0xee,0x58,0xed,
	0x62,0xf3,0x58,0xec,0x5c,0xf0,0x33,0x1e,0x33,0x22,0x6a,0x6b,0x7c,0x7c,0x80,0x80,
	0x7f,0x82,0x7f,0x85,0x69,0x6b,0x31,0x1f,0x35,0x21,0x37,0x23,0x10,0x94,0x1b,0x94,
	0x0c,0x92,0x14,0x8e,0x0f,0x90,0x11,0x95,0x0a,0x8e,0x10,0x90,0x13,0x92,0x0f,0x90,
	0xec,0x71,0xef,0x6e,0xef,0x6e,0xef,0x6e,0xef,0x6e,0xef,0x6e,0xef,0x6e,0xef,0x6f,
	0xef,0x6e,0xed,0x6b,0xf0,0x71,0xc5,0xe0,0xca,0xe0,0xca,0xe0,0xca,0xe0,0xc7,0xdd,
	0x99,0x79,0x9f,0x84,0x93,0x42,0x93,0x70,0x88,0x56,0xa0,0xad,0x85,0x10,0x8a,0x10,
	0xa5,0x10,0xa6,0x10,0xa6,0x10,0xa6,0x10,0xa6,0x10,0xa6,0x10,0xa6,0x10,0xa6,0x10,
	0x5f,0xef,0x60,0xf0,0x58,0xed,0x55,0xeb,0x5c,0xef,0x58,0xf0,0x5e,0xee,0x58,0xed,
	0x61,0xf3,0x57,0xec,0x5b,0xf0,0x34,0x1f,0x33,0x21,0x63,0x62,0x7c,0x7b,0x80,0x7f,
	0x7f,0x81,0x7e,0x84,0x62,0x62,0x31,0x1f,0x35,0x22,0x37,0x23,0x10,0x94,0x19,0x93,
	0x0d,0x93,0x13,0x8e,0x0e,0x91,0x11,0x95,0x0b,0x8f,0x10,0x90,0x13,0x91,0x0f,0x90,
	0xec,0x71,0xef,0x6e,0xef,0x6e,0xef,0x6e,0xef,0x6e,0xef,0x6e,0xef,0x6e,0xef,0x6f,
	0xef,0x6e,0xed,0x6b,0xf0,0x71,0xc5,0xe0,0xca,0xe0,0xca,0xe0,0xca,0xe0,0xc7,0xdd,
	0x9a,0x71,0x96,0x83,0x83,0x45,0x8b,0x7d,0x95,0x74,0xa4,0x92,0x8c,0x13,0x86,0x18,
	0xa5,0x12,0xa6,0x10,0xa6,0x10,0xa6,0x10,0xa6,0x10,0xa6,0x10,0xa6,0x10,0xa6,0x10,
	0x5f,0xef,0x5f,0xef,0x59,0xed,0x56,0xed,0x5b,0xef,0x58,0xf0,0x5d,0xee,0x57,0xee,
	0x60,0xf2,0x57,0xed,0x5a,0xef,0x34,0x1f,0x33,0x20,0x58,0x56,0x7d,0x7b,0x80,0x7f,
	0x7f,0x81,0x7e,0x84,0x58,0x55,0x31,0x1f,0x35,0x22,0x36,0x23,0x10,0x95,0x17,0x93,
	0x0d,0x93,0x11,0x8e,0x0e,0x92,0x12,0x95,0x0d,0x90,0x10,0x90,0x13,0x91,0x0f,0x8f,
	0xec,0x71,0xef,0x6e,0xef,0x6e,0xef,0x6e,0xef,0x6e,0xef,0x6e,0xef,0x6e,0xef,0x6f,
	0xef,0x6e,0xed,0x6b,0xf0,0x71,0xc5,0xe0,0xca,0xe0,0xca,0xe0,0xca,0xe0,0xc7,0xdd,
	0xa5,0x80,0x97,0x62,0x8a,0x64,0x88,0x68,0x98,0x86,0x96,0x7e,0x87,0x14,0x9a,0x12,
	0xa4,0x10,0xa6,0x10,0xa6,0x10,0xa6,0x10,0xa6,0x10,0xa6,0x10,0xa6,0x10,0xa6,0x10,
	0x5f,0xee,0x5d,0xed,0x59,0xed,0x59,0xef,0x5a,0xef,0x58,0xf0,0x5b,0xee,0x57,0xee,
	0x5e,0xf2,0x57,0xee,0x59,0xef,0x35,0x20,0x36,0x25,0x52,0x48,0x34,0x22,0x37,0x20,
	0x37,0x21,0x34,0x23,0x50,0x49,0x35,0x20,0x34,0x22,0x36,0x22,0x10,0x95,0x14,0x92,
	0x0e,0x93,0x0f,0x8e,0x0d,0x93,0x12,0x94,0x0e,0x91,0x10,0x8f,0x13,0x90,0x0f,0x8f,
	0xec,0x71,0xef,0x6e,0xef,0x6e,0xef,0x6e,0xef,0x6e,0xef,0x6e,0xef,0x6e,0xef,0x6f,
	0xef,0x6e,0xed,0x6b,0xf0,0x71,0xc5,0xe0,0xca,0xe0,0xca,0xe0,0xca,0xe0,0xc7,0xdd,
	0x9f,0x78,0xaf,0x7e,0x9d,0x7b,0xad,0xb2,0xa8,0xa8,0x97,0x5b,0x76,0x10,0x7f,0x11,
	0xa5,0x12,0xa6,0x10,0xa6,0x10,0xa6,0x10,0xa6,0x10,0xa6,0x10,0xa6,0x10,0xa6,0x10,
	0x5f,0xee,0x5c,0xec,0x59,0xee,0x5a,0xf1,0x5a,0xef,0x58,0xf0,0x5a,0xee,0x57,0xee,
	0x5c,0xf1,0x57,0xef,0x58,0xef,0x36,0x20,0x36,0x24,0x46,0x3a,0x34,0x21,0x37,0x20,
	0x38,0x20,0x33,0x23,0x45,0x3b,0x36,0x20,0x34,0x22,0x36,0x22,0x10,0x96,0x12,0x92,
	0x0e,0x93,0x0e,0x8f,0x0d,0x93,0x12,0x94,0x10,0x93,0x0f,0x8f,0x12,0x8f,0x0e,0x8e,
	0xec,0x71,0xef,0x6e,0xef,0x6e,0xef,0x6e,0xef,0x6e,0xef,0x6e,0xef,0x6e,0xef,0x6f,
	0xef,0x6e,0xed,0x6b,0xf0,0x71,0xc5,0xe0,0xca,0xe0,0xca,0xe0,0xca,0xe0,0xc7,0xdd,
	0x9c,0x94,0x9a,0x83,0x8f,0x5e,0x94,0x63,0xa2,0x69,0x93,0x5d,0x7c,0x0f,0x84,0x12,
	0xa5,0x12,0xa6,0x10,0xa6,0x10,0xa6,0x10,0xa6,0x10,0xa6,0x10,0xa6,0x10,0xa6,0x10,
	0x5f,0xed,0x5b,0xeb,0x5a,0xee,0x5c,0xf2,0x5a,0xef,0x58,0xf0,0x58,0xef,0x57,0xef,
	0x5b,0xf0,0x57,0xef,0x57,0xef,0x36,0x21,0x36,0x23,0x3c,0x2d,0x35,0x21,0x36,0x20,
	0x38,0x20,0x33,0x22,0x3b,0x2d,0x36,0x21,0x34,0x22,0x35,0x21,0x10,0x96,0x10,0x92,
	0x0f,0x94,0x0c,0x8f,0x0c,0x94,0x13,0x93,0x12,0x94,0x0f,0x8f,0x11,0x8f,0x0e,0x8e,
	0xec,0x71,0xef,0x6e,0xef,0x6e,0xef,0x6e,0xef,0x6e,0xef,0x6e,0xef,0x6e,0xef,0x6f,
	0xef,0x6e,0xed,0x6b,0xf0,0x71,0xc5,0xe0,0xca,0xe0,0xca,0xe0,0xca,0xe0,0xc7,0xdd,
	0xa3,0x8e,0x9e,0x7f,0x9e,0x66,0x9b,0x8c,0x9f,0x62,0x82,0x40,0x87,0x14,0x8e,0x24,
	0xa5,0x12,0xa6,0x10,0xa6,0x10,0xa6,0x10,0xa6,0x10,0xa6,0x10,0xa6,0x10,0xa6,0x10,
	0x5f,0xed,0x59,0xea,0x5a,0xee,0x5d,0xf3,0x59,0xef,0x59,0xef,0x57,0xef,0x57,0xef,
	0x59,0xf0,0x58,0xf0,0x57,0xef,0x36,0x21,0x36,0x22,0x34,0x22,0x35,0x21,0x36,0x20,
	0x37,0x20,0x33,0x22,0x33,0x22,0x36,0x21,0x34,0x22,0x35,0x21,0x10,0x96,0x0e,0x91,
	0x10,0x94,0x0b,0x90,0x0c,0x95,0x13,0x93,0x12,0x94,0x0f,0x8e,0x10,0x8f,0x0e,0x8e,
	0xec,0x71,0xef,0x6e,0xef,0x6e,0xef,0x6e,0xef,0x6e,0xef,0x6e,0xef,0x6e,0xef,0x6f,
	0xef,0x6e,0xed,0x6b,0xf0,0x71,0xc5,0xe0,0xca,0xe0,0xca,0xe0,0xca,0xe0,0xc8,0xde,
	0x88,0x5d,0x9c,0x86,0x98,0x5f,0x9b,0x6a,0x85,0x45,0x8d,0x63,0x85,0x11,0x90,0x20,
	0xa6,0x10,0xa6,0x10,0xa6,0x10,0xa6,0x10,0xa6,0x10,0xa6,0x10,0xa6,0x10,0xa6,0x10,
	0x5f,0xee,0x58,0xea,0x5a,0xef,0x5e,0xf4,0x59,0xf0,0x59,0xef,0x57,0xf0,0x58,0xef,
	0x59,0xef,0x58,0xf1,0x56,0xef,0x37,0x20,0x36,0x22,0x2f,0x1b,0x35,0x21,0x35,0x20,
	0x37,0x20,0x33,0x22,0x2e,0x1b,0x36,0x22,0x34,0x21,0x35,0x21,0x11,0x96,0x0e,0x91,
	0x10,0x94,0x0b,0x91,0x0d,0x96,0x13,0x93,0x13,0x94,0x0f,0x8e,0x0f,0x90,0x0e,0x8e,
	0xec,0x71,0xef,0x6e,0xef,0x6e,0xef,0x6e,0xef,0x6e,0xef,0x6e,0xef,0x6e,0xef,0x6f,
	0xef,0x6e,0xed,0x6b,0xf0,0x71,0xc5,0xe0,0xca,0xe0,0xca,0xe0,0xca,0xe0,0xc9,0xdf,
	0xc7,0xdd,0xc7,0xdd,0xc7,0xdd,0xc7,0xdd,0xc2,0xda,0xc5,0xdf,0xa3,0x14,0xa5,0x0f,
	0xa6,0x0e,0xa6,0x10,0xa6,0x10,0xa6,0x10,0xa6,0x10,0xa6,0x10,0xa6,0x10,0xa6,0x10,
	0x5e,0xee,0x58,0xeb,0x5a,0xf0,0x5d,0xf3,0x5a,0xf0,0x59,0xee,0x57,0xf1,0x59,0xef,
	0x59,0xef,0x59,0xf1,0x56,0xf0,0x36,0x20,0x36,0x21,0x2e,0x17,0x35,0x21,0x35,0x21,
	0x36,0x20,0x33,0x22,0x2d,0x17,0x37,0x22,0x34,0x21,0x35,0x21,0x12,0x96,0x0e,0x91,
	0x11,0x94,0x0b,0x91,0x0d,0x96,0x13,0x93,0x13,0x94,0x10,0x8f,0x0e,0x91,0x0d,0x8f,
	0xec,0x71,0xef,0x6e,0xef,0x6e,0xef,0x6e,0xef,0x6e,0xef,0x6e,0xef,0x6e,0xef,0x6f,
	0xef,0x6e,0xed,0x6b,0xf0,0x71,0xc5,0xe0,0xca,0xe0,0xca,0xe0,0xca,0xe0,0xca,0xe0,
	0xca,0xe0,0xca,0xe0,0xca,0xe0,0xca,0xe0,0xc5,0xdd,0xc8,0xe2,0xa6,0x11,0xa8,0x0e,
	0xa7,0x0e,0xa6,0x10,0xa6,0x10,0xa6,0x10,0xa6,0x10,0xa6,0x10,0xa6,0x10,0xa6,0x10,
	0x5e,0xef,0x57,0xec,0x5b,0xf1,0x5c,0xf2,0x5a,0xf1,0x59,0xed,0x57,0xf2,0x5a,0xef,
	0x59,0xef,0x59,0xf2,0x57,0xf0,0x36,0x1f,0x37,0x20,0x2f,0x16,0x35,0x22,0x34,0x22,
	0x35,0x21,0x34,0x22,0x2d,0x16,0x37,0x23,0x35,0x1f,0x34,0x21,0x12,0x96,0x0f,0x91,
	0x11,0x94,0x0b,0x93,0x0e,0x97,0x12,0x93,0x12,0x92,0x11,0x8f,0x0d,0x93,0x0d,0x90,
	0xec,0x71,0xef,0x6e,0xef,0x6e,0xef,0x6e,0xef,0x6e,0xef,0x6e,0xef,0x6e,0xef,0x6f,
	0xef,0x6e,0xed,0x6b,0xf0,0x71,0xc5,0xe0,0xca,0xe0,0xca,0xe0,0xca,0xe0,0xca,0xe0,
	0xca,0xe0,0xca,0xe0,0xca,0xe0,0xca,0xe0,0xc5,0xdd,0xc8,0xe2,0xa6,0x11,0xa8,0x0e,
	0xa8,0x0e,0xa6,0x10,0xa6,0x10,0xa6,0x10,0xa6,0x10,0xa6,0x10,0xa6,0x10,0xa6,0x10,
	0x5e,0xef,0x57,0xed,0x5b,0xf2,0x5b,0xf1,0x5b,0xf1,0x5a,0xed,0x58,0xf3,0x5b,0xef,
	0x5a,0xef,0x5a,0xf2,0x58,0xf1,0x36,0x1e,0x37,0x20,0x32,0x18,0x35,0x22,0x33,0x23,
	0x34,0x22,0x35,0x23,0x30,0x18,0x37,0x24,0x35,0x1e,0x34,0x21,0x13,0x96,0x10,0x91,
	0x12,0x93,0x0c,0x93,0x0f,0x97,0x12,0x93,0x11,0x91,0x11,0x8f,0x0c,0x95,0x0d,0x90,
	0xec,0x71,0xef,0x6e,0xef,0x6e,0xef,0x6e,0xef,0x6e,0xef,0x6e,0xef,0x6e,0xef,0x6f,
	0xef,0x6e,0xed,0x6b,0xf0,0x71,0xc5,0xe0,0xca,0xe0,0xca,0xe0,0xca,0xe0,0xca,0xe0,
	0xca,0xe0,0xca,0xe0,0xca,0xe0,0xca,0xe0,0xc5,0xdd,0xc8,0xe2,0xa6,0x11,0xa8,0x0e,
	0xa8,0x0e,0xa6,0x10,0xa6,0x10,0xa6,0x10,0xa6,0x10,0xa6,0x10,0xa6,0x10,0xa6,0x10,
	0x5d,0xf0,0x56,0xef,0x5b,0xf3,0x59,0xf0,0x5b,0xf2,0x5a,0xec,0x59,0xf4,0x5c,0xee,
	0x5a,0xef,0x5b,0xf2,0x58,0xf1,0x35,0x1e,0x37,0x20,0x37,0x1b,0x34,0x23,0x33,0x24,
	0x33,0x23,0x36,0x23,0x35,0x1b,0x37,0x25,0x36,0x1d,0x34,0x22,0x14,0x96,0x12,0x91,
	0x12,0x93,0x0d,0x94,0x10,0x97,0x12,0x93,0x10,0x8f,0x12,0x90,0x0a,0x97,0x0d,0x91,
	0xec,0x71,0xef,0x6e,0xef,0x6e,0xef,0x6e,0xef,0x6e,0xef,0x6e,0xef,0x6e,0xef,0x6f,
	0xef,0x6e,0xed,0x6b,0xf0,0x71,0xc5,0xe0,0xca,0xe0,0xca,0xe0,0xca,0xe0,0xca,0xe0,
	0xca,0xe0,0xca,0xe0,0xca,0xe0,0xca,0xe0,0xcb,0xdd,0xcb,0xe2,0xa3,0x11,0xa5,0x0e,
	0xa6,0x0e,0xa6,0x10,0xa6,0x10,0xa6,0x10,0xa6,0x10,0xa6,0x10,0xa6,0x10,0xa6,0x10,
	0x5d,0xf1,0x56,0xf0,0x5b,0xf3,0x58,0xef,0x5c,0xf3,0x5a,0xeb,0x5a,0xf5,0x5d,0xee,
	0x5b,0xef,0x5c,0xf2,0x59,0xf2,0x35,0x1d,0x38,0x20,0x3c,0x1f,0x34,0x24,0x32,0x25,
	0x32,0x24,0x36,0x24,0x39,0x1e,0x37,0x26,0x36,0x1c,0x34,0x22,0x14,0x96,0x14,0x92,
	0x12,0x93,0x0e,0x95,0x11,0x97,0x12,0x93,0x0e,0x8d,0x13,0x90,0x09,0x98,0x0d,0x92,
	0xec,0x71,0xef,0x6e,0xef,0x6e,0xef,0x6e,0xef,0x6e,0xef,0x6e,0xef,0x6e,0xef,0x6f,
	0xef,0x6e,0xed,0x6b,0xf0,0x71,0xc5,0xe0,0xca,0xe0,0xca,0xe0,0xca,0xe0,0xca,0xe0,
	0xca,0xe0,0xca,0xe0,0xca,0xe0,0xca,0xe0,0xcb,0xdd,0xcb,0xe2,0xa3,0x11,0xa5,0x0e,
	0xa5,0x0e,0xa6,0x10,0xa6,0x10,0xa6,0x10,0xa6,0x10,0xa6,0x10,0xa6,0x10,0xa6,0x10,
	0x5c,0xf1,0x56,0xf1,0x5b,0xf4,0x57,0xee,0x5c,0xf3,0x5a,0xea,0x5a,0xf5,0x5e,0xee,
	0x5c,0xef,0x5c,0xf2,0x5a,0xf2,0x35,0x1c,0x38,0x20,0x40,0x22,0x34,0x24,0x32,0x26,
	0x31,0x24,0x37,0x24,0x3c,0x21,0x37,0x26,0x36,0x1b,0x34,0x22,0x15,0x95,0x15,0x92,
	0x12,0x93,0x0f,0x96,0x12,0x97,0x11,0x94,0x0d,0x8c,0x13,0x91,0x09,0x9a,0x0d,0x92,
	0xec,0x71,0xef,0x6e,0xef,0x6e,0xef,0x6e,0xef,0x6e,0xef,0x6e,0xef,0x6e,0xef,0x6f,
	0xef,0x6e,0xed,0x6b,0xf0,0x71,0xc5,0xe0,0xca,0xe0,0xca,0xe0,0xca,0xe0,0xca,0xe0,
	0xca,0xe0,0xca,0xe0,0xca,0xe0,0xca,0xe0,0xcb,0xdd,0xcb,0xe2,0xa3,0x11,0xa5,0x0e,
	0xa5,0x0e,0xa6,0x10,0xa6,0x10,0xa6,0x10,0xa6,0x10,0xa6,0x10,0xa6,0x10,0xa6,0x10,
	0x5c,0xf2,0x56,0xf1,0x5b,0xf4,0x56,0xed,0x5d,0xf3,0x5b,0xea,0x5b,0xf6,0x5e,0xee,
	0x5c,0xef,0x5d,0xf2,0x5a,0xf2,0x34,0x1c,0x38,0x20,0x42,0x24,0x34,0x24,0x32,0x26,
	0x31,0x25,0x37,0x24,0x3e,0x24,0x37,0x27,0x37,0x1b,0x34,0x22,0x15,0x95,0x16,0x92,
	0x12,0x93,0x0f,0x96,0x12,0x97,0x11,0x94,0x0d,0x8c,0x13,0x91,0x08,0x9a,0x0d,0x93,
	0xec,0x71,0xef,0x6e,0xef,0x6e,0xef,0x6e,0xef,0x6e,0xef,0x6e,0xef,0x6e,0xef,0x6f,
	0xef,0x6e,0xed,0x6b,0xf0,0x71,0xc5,0xe0,0xca,0xe0,0xca,0xe0,0xca,0xe0,0xca,0xe0,
	0xca,0xe0,0xca,0xe0,0xca,0xe0,0xca,0xe0,0xcb,0xdd,0xcb,0xe2,0xa3,0x11,0xa5,0x0e,
	0xa5,0x0e,0xa6,0x10,0xa6,0x10,0xa6,0x10,0xa6,0x10,0xa6,0x10,0xa6,0x10,0xa6,0x10,
};
#endif
