/* ippp128_h — 8-frame IPPP inter sequence (rolling DPB). SPDX: BSD-3-Clause */
#ifndef IPPP128_H
#define IPPP128_H
#define FRAME_WIDTH 128u
#define FRAME_HEIGHT 128u
#define FRAME_LOG2_CTB 6u
#define FRAME_CTB_WIDTH 2u
#define FRAME_CTB_HEIGHT 2u
#define FRAME_LOG2_MIN_CB 3u
#define FRAME_LOG2_MIN_TB 2u
#define FRAME_LOG2_MAX_TB 5u
#define FRAME_MAX_TRAFO_INTRA 0u
#define FRAME_MAX_TRAFO_INTER 0u
#define FRAME_CHROMA_FORMAT_IDC 1u
#define FRAME_STRONG_INTRA_SMOOTH 1u
#define FRAME_BIT_DEPTH_LUMA_MINUS8 0u
#define FRAME_DIFF_CU_QP_DELTA_DEPTH 1u
#define FRAME_CU_QP_DELTA_ENABLED 1u
#define FRAME_TRANSFORM_SKIP 0u
#define FRAME_SIGN_DATA_HIDING 1u
#define FRAME_CONSTRAINED_INTRA_PRED 0u
#define FRAME_SLICE_TYPE 2u
#define FRAME_PPS_CB_QP_OFFSET 0
#define FRAME_PPS_CR_QP_OFFSET 0
#define FRAME_SLICE_CB_QP_OFFSET 0
#define FRAME_SLICE_CR_QP_OFFSET 0
#define FRAME_CONFIG2 0x25888u
#define FRAME_DATA_BYTE_OFFSET 4u
#define FRAME_DATA_LEN 2116u
#define FRAME_SLICE_QP 29
#define FRAME_EXPECT_Y 0u
#define FRAME_EXPECT_C 0u
#define EXPECTED_Y(x,y) 0
#define EXPECTED_C(x,y) 0
#define IPPP_TEST 1
#define IPPP_NFRAMES 8
struct ippp_frame { unsigned off, dbo, bfnum, is_p, poc, ref_poc; int qp; };
static const struct ippp_frame ippp_frames[8] = {
	{0u,4u,2116u,0u,0u,0u,29},
	{2120u,6u,1313u,1u,1u,0u,29},
	{3439u,7u,1930u,1u,2u,1u,29},
	{5376u,7u,1353u,1u,3u,2u,29},
	{6736u,7u,1340u,1u,4u,3u,29},
	{8083u,7u,1765u,1u,5u,4u,29},
	{9855u,7u,1084u,1u,6u,5u,29},
	{10946u,7u,968u,1u,7u,6u,29},
};
static const unsigned char clip_blob[11921] = {
	0x28,0x01,0xac,0xd8,0xd8,0x19,0x53,0x66,0xb9,0x6e,0x6b,0x30,0x30,0x73,0x4a,0x63,
	0xf1,0x6e,0x5d,0x12,0x51,0x25,0x9f,0x0f,0x47,0xc2,0x0e,0x7b,0x7d,0xbd,0xc7,0xbb,
	0x95,0xee,0xe7,0x5f,0x4d,0x2c,0x4f,0x5b,0xaa,0x59,0x00,0x13,0xaa,0x18,0xa0,0x00,
	0x1a,0x00,0xd4,0x44,0xcc,0x28,0x0a,0x93,0xa7,0x5b,0x14,0x97,0xe4,0x50,0xd7,0xc6,
	0x09,0x57,0x77,0x0b,0xf3,0x3e,0xb7,0x73,0x53,0x55,0x4a,0xdb,0x3b,0x01,0x16,0x32,
	0xb2,0xda,0xe9,0x10,0xd2,0x74,0x9d,0xf6,0x7a,0xb4,0x59,0xff,0xfc,0xbd,0xca,0x2d,
	0xb4,0xf2,0xcd,0xf6,0xfc,0x39,0xe5,0xa9,0x66,0x5d,0x39,0x41,0x62,0x0a,0x9b,0xcc,
	0x0b,0x10,0x42,0xf4,0x07,0x9a,0x38,0xc5,0x6b,0x2d,0x25,0x5c,0x58,0x44,0xcd,0x12,
	0xb8,0xeb,0x3e,0x8f,0x2e,0x56,0x32,0x5d,0xc3,0xa3,0xf2,0xfa,0x47,0x3d,0x9f,0xe2,
	0x5b,0x1f,0x21,0x8f,0xb1,0x07,0x39,0x4c,0xc9,0xf9,0xed,0x7e,0x76,0xd4,0x7e,0xf2,
	0x19,0xae,0x27,0x50,0xb3,0x0f,0xc2,0x8f,0xd2,0x60,0x78,0xc3,0xa3,0x8e,0x89,0xd4,
	0xe4,0x79,0xda,0xeb,0xba,0x72,0x7a,0x41,0xb4,0x4e,0x52,0xbe,0xb3,0x94,0xe6,0xd2,
	0xff,0xb2,0xd2,0xd8,0x3f,0x83,0xce,0xe6,0xac,0x15,0xd2,0xaf,0x4c,0x93,0xc8,0x75,
	0xf4,0x78,0x24,0xc7,0x4e,0x96,0x1f,0xe2,0xab,0xe4,0x20,0x25,0xb4,0x3b,0xfd,0x3f,
	0x02,0xc0,0xb3,0x00,0x13,0xf3,0xae,0xea,0xa9,0x00,0x3d,0x07,0xb3,0x57,0xa8,0x02,
	0xf0,0x08,0x95,0xa1,0x5a,0x9f,0x19,0x37,0xa3,0xa6,0x01,0x9f,0x1a,0x5d,0xc7,0x1c,
	0x4f,0x07,0x47,0x40,0xe1,0x4d,0x91,0xc8,0x75,0x6c,0x0b,0x47,0xbf,0x03,0xfe,0x46,
	0x37,0x41,0x22,0x4f,0xa9,0xfd,0xef,0x5d,0x63,0x99,0x02,0xcc,0xd4,0xbc,0xed,0x6f,
	0x69,0xee,0x8f,0xe2,0xbc,0xb8,0x51,0xcd,0xab,0x34,0x29,0xdc,0x94,0xcb,0x8d,0xe5,
	0xea,0x85,0xf8,0xd0,0x6c,0xfc,0x2d,0x24,0x70,0x4d,0xac,0xe9,0x60,0x24,0xdc,0xf2,
	0x0b,0x1a,0x34,0x86,0x4c,0xd6,0xe6,0x00,0x67,0x21,0x5b,0x90,0x92,0x12,0x62,0xb7,
	0x76,0x32,0x64,0xcd,0x52,0xfe,0x6b,0xcb,0xc8,0x4d,0xfa,0xd5,0x1b,0xb6,0xb5,0x36,
	0xf4,0x27,0xfe,0x66,0xc4,0x70,0xe3,0x87,0x04,0xd9,0x2c,0x9b,0x0d,0xf2,0xc7,0x76,
	0x52,0x42,0x28,0x40,0x40,0x0f,0xbc,0xce,0x6c,0x8a,0x4d,0x03,0xe4,0x3c,0x2e,0xff,
	0x92,0x28,0xf7,0x47,0x1a,0xb3,0x9f,0x83,0x0b,0xd0,0xfd,0x94,0xfd,0x0d,0x46,0x0b,
	0x1e,0x9e,0xc5,0xe7,0x20,0xb8,0x85,0x1d,0x6a,0x80,0x92,0x79,0x46,0x9d,0x32,0xb8,
	0x92,0xbe,0x9e,0xd1,0x92,0x64,0xef,0x80,0x60,0x48,0x4f,0x38,0x2b,0xdb,0x39,0xc0,
	0x8c,0xc5,0xe4,0x3c,0xb4,0xcd,0x5b,0xa4,0x60,0x56,0x01,0x1e,0x1a,0xde,0x24,0xf5,
	0xff,0x73,0xa8,0x67,0x1a,0xb6,0x3d,0xe3,0x69,0x47,0x0f,0x1b,0x15,0x33,0xc9,0xe4,
	0x52,0x35,0xf6,0x0c,0x29,0x2c,0x6d,0x12,0x4c,0xb0,0x1b,0xdc,0x3f,0xbc,0xde,0x3a,
	0x3c,0x8f,0x52,0x48,0x45,0x3f,0x6c,0x85,0x30,0xde,0x33,0x26,0x28,0x76,0x95,0x2f,
	0x2d,0xe7,0x82,0x74,0xc5,0x60,0x08,0xef,0x15,0x4c,0x0a,0x84,0xaa,0x09,0x6e,0x74,
	0x8a,0xd4,0x93,0x94,0xdd,0x2b,0x8b,0xcb,0xad,0x17,0x38,0x56,0x40,0x19,0x8d,0x1b,
	0xfd,0x60,0xc4,0x85,0xb9,0x42,0xc6,0xdf,0xe8,0x14,0x1c,0xe2,0xc7,0x68,0xd4,0xfb,
	0x58,0x08,0x69,0xd2,0x73,0xc8,0xb7,0xe1,0x98,0xb7,0x7d,0x91,0x14,0x79,0xb2,0x29,
	0xb7,0x59,0xe7,0x59,0xaf,0x6b,0xbd,0x50,0x16,0xef,0x1f,0xcd,0xf0,0xfc,0x7e,0xf6,
	0xb8,0xe3,0x11,0xf8,0xb5,0x66,0xfd,0xc8,0x9b,0x74,0xf8,0x26,0xdd,0xe3,0x34,0xd6,
	0x9f,0x05,0x78,0x06,0x82,0x50,0xa9,0x1c,0x29,0xc8,0x3b,0x20,0x12,0x3f,0xee,0xb0,
	0x8d,0x39,0x8f,0xad,0xeb,0xc3,0xbb,0xda,0x26,0x8f,0x52,0xc1,0x04,0xad,0xbb,0xc0,
	0x5a,0x4b,0xb1,0xba,0x01,0xdb,0xad,0x31,0x48,0x3c,0x67,0x42,0x43,0x63,0xfa,0x1d,
	0xb2,0x3f,0x15,0x13,0x49,0xd6,0x6b,0x1f,0x20,0xc5,0x5a,0xa4,0x81,0xbc,0x3a,0xb1,
	0x25,0x5d,0xe3,0xd7,0xe9,0xe2,0x7d,0x68,0x15,0x91,0x88,0x49,0x5a,0x47,0xfd,0x89,
	0x76,0xda,0xb2,0x66,0x8f,0xb0,0xf4,0x8e,0x3f,0x37,0x37,0x00,0xd8,0x90,0x86,0xb6,
	0x53,0x25,0x37,0x18,0x79,0x10,0xe4,0x1b,0x70,0xdd,0x65,0x57,0x2e,0xd2,0x52,0xd2,
	0x9d,0x3b,0xd2,0xd6,0x3b,0xde,0x7f,0x9e,0xe5,0x21,0xb4,0x02,0x8c,0xb4,0x18,0xe6,
	0x33,0xe9,0xf1,0x73,0x77,0x32,0x99,0x8f,0xa1,0x02,0xf1,0x6d,0x89,0x45,0xea,0x5b,
	0xd8,0x50,0xfa,0x3a,0x2d,0xa7,0x7c,0x95,0x83,0x8d,0xde,0x4c,0x1c,0xa8,0xa0,0x7e,
	0xa9,0x9d,0x78,0x7d,0x5a,0x2b,0x6e,0x5c,0x13,0x0a,0xb3,0xd9,0x5f,0x04,0xe9,0x08,
	0x0b,0x2c,0x00,0x5b,0xf3,0xbf,0x01,0x8d,0x19,0xf7,0xf3,0x6f,0x20,0x21,0x7d,0x1c,
	0x42,0x36,0x4b,0xe4,0xed,0x7f,0xa8,0x78,0xb6,0xdd,0xbe,0x6e,0xc2,0x85,0x79,0xeb,
	0x39,0x28,0x68,0xe7,0x45,0x28,0x6f,0x2d,0x0a,0xaa,0x4a,0xcb,0xc4,0xec,0xed,0x55,
	0x9c,0xf7,0xa2,0x3c,0x38,0x44,0x9c,0x64,0x71,0x0f,0xd8,0xf4,0x88,0xbf,0x19,0x93,
	0x45,0x88,0x91,0x7b,0xaa,0x9b,0x57,0x61,0x19,0x79,0x55,0xc9,0xbe,0x54,0x00,0xde,
	0xc3,0x23,0x4d,0x56,0xc9,0x21,0xf7,0xaf,0xdc,0xe6,0xf8,0x92,0x66,0x9d,0x24,0x76,
	0x87,0x48,0x1d,0x21,0x2e,0x5a,0x1b,0xdf,0x33,0x88,0xa7,0xf5,0xc8,0x15,0x8a,0x9a,
	0xbe,0xfd,0xb9,0x75,0xe9,0xb4,0x62,0x1f,0xe5,0x2c,0xec,0xf9,0x12,0xd9,0xc0,0xd1,
	0x70,0x69,0x0f,0x66,0x46,0x85,0x54,0x53,0x8c,0x45,0xb8,0xfc,0xa5,0x60,0x83,0x29,
	0x49,0x0b,0xd4,0x2c,0x7a,0xed,0x75,0x9d,0x65,0x26,0x6b,0x86,0x7b,0xf9,0x7f,0x54,
	0x44,0x15,0x50,0xc1,0xb3,0xac,0xb4,0x17,0x23,0x87,0x1e,0xa5,0xe7,0x5e,0xd0,0x74,
	0xdf,0x24,0x33,0x36,0x88,0x49,0xf7,0xc8,0x75,0x69,0xdb,0xdc,0xfe,0xe3,0x73,0x06,
	0x9d,0xc3,0x99,0xc9,0xdf,0x9e,0xe2,0x85,0xc5,0xc6,0x8e,0x47,0x16,0xc6,0x7b,0xca,
	0x0b,0xf8,0x28,0xc0,0xf0,0xa1,0xc1,0x74,0xd0,0xd2,0xb1,0x93,0x15,0x5f,0x1e,0xef,
	0xb0,0x50,0x7d,0x5b,0x41,0xd4,0x94,0xd0,0xcf,0x24,0xed,0x77,0x3f,0x20,0xa2,0xee,
	0x33,0xee,0xc9,0xf7,0xa0,0xe0,0xa9,0xab,0xfd,0xa0,0xca,0x35,0x21,0x7d,0xfc,0x4e,
	0x7a,0xa5,0x82,0xa6,0x74,0xf4,0x7c,0x78,0x69,0xee,0xf3,0xa1,0xb6,0xcb,0xa9,0x7b,
	0x7f,0xc1,0xc5,0xe8,0xd3,0x49,0x3c,0xf8,0x71,0x17,0xc6,0x77,0x59,0xfd,0xcf,0xb6,
	0x28,0x87,0x45,0xf9,0x30,0xc9,0xce,0x8e,0x13,0x76,0x2d,0x89,0x20,0x47,0x86,0x32,
	0x70,0x01,0x13,0x38,0x73,0x83,0x77,0x9b,0x2c,0x45,0xa8,0x82,0x49,0x9a,0xc0,0x5f,
	0x4b,0x31,0x14,0xcb,0xc3,0x3f,0x2b,0x26,0x66,0x9b,0x93,0xa5,0xe0,0x6b,0x26,0x67,
	0xf9,0x76,0xb8,0xa9,0xb8,0xdf,0x23,0xdb,0x42,0xf3,0xda,0x6a,0xbd,0xe8,0xb1,0xc9,
	0x36,0x7d,0x79,0x43,0x73,0xbc,0x7e,0x5f,0xb7,0xab,0x49,0xce,0xe9,0x98,0x89,0x05,
	0x90,0x7d,0x4e,0x7e,0x51,0x6e,0x9b,0xc5,0x5d,0xee,0xd7,0xf7,0xe1,0xef,0xb0,0x01,
	0xe9,0x89,0xc7,0x1b,0xf4,0x76,0x0d,0xd8,0x43,0x57,0xfc,0x15,0x15,0xfa,0x6e,0x00,
	0x5e,0x79,0x71,0xeb,0xe4,0xa0,0xf7,0xd9,0xe2,0xb7,0x67,0xf8,0xbb,0x21,0x5c,0x26,
	0x76,0x86,0xec,0x9a,0x14,0xdd,0xa0,0xe6,0x3f,0x6f,0x09,0x90,0x7e,0xd6,0x39,0x37,
	0x23,0x79,0xa1,0xb3,0x90,0xd0,0xd1,0x56,0xae,0x07,0x61,0x8c,0x84,0x12,0x22,0xf5,
	0x9b,0xd1,0xb4,0xf8,0xf6,0xf4,0xf6,0xf9,0x0a,0x7b,0xd8,0x2e,0x19,0xb5,0x0d,0xf5,
	0xc0,0x6c,0x3d,0xae,0x2b,0xe3,0xce,0xe1,0x56,0xbe,0xc8,0xed,0x66,0x2b,0x72,0x56,
	0xb7,0x99,0x85,0x53,0x07,0x5f,0xe0,0x86,0x04,0x83,0xc5,0x35,0x3f,0xe4,0x77,0xdc,
	0x21,0xcd,0xcc,0xf7,0x79,0x09,0xfd,0x63,0x52,0x47,0x6c,0x1e,0x0d,0xe4,0xbf,0x5a,
	0x52,0x93,0x99,0xe1,0xaf,0x0c,0xac,0xbb,0x56,0xa1,0x6f,0xe6,0x4a,0x15,0xb6,0xb6,
	0x78,0xf0,0xc1,0x09,0x66,0xd2,0x97,0x73,0xc3,0x3b,0x1b,0xd9,0x13,0x9d,0x6e,0xae,
	0x0a,0x21,0xa7,0x19,0x89,0x30,0xe5,0x3b,0x4c,0x92,0xc3,0xd9,0x49,0x7d,0x54,0x96,
	0x8e,0x77,0xb1,0xef,0xce,0x95,0x88,0x08,0xcc,0xcf,0xa1,0xaa,0x31,0xfd,0x0e,0xae,
	0xc1,0xdc,0x85,0x12,0x96,0xe9,0x7b,0x83,0x84,0xb8,0xbf,0x42,0x44,0xf1,0x76,0x93,
	0x2b,0xa5,0x43,0x2f,0xa3,0x6f,0x98,0x61,0xfd,0x5a,0x77,0x47,0xc1,0x37,0xe6,0xa1,
	0x85,0xad,0x09,0x23,0x6f,0x4d,0xbf,0xaa,0x9f,0x7a,0xae,0xe7,0xd4,0x96,0x01,0x11,
	0xe3,0xb5,0x0f,0x30,0x37,0x11,0x17,0x51,0x66,0xd7,0x9a,0x76,0x1c,0x98,0x20,0xa4,
	0x4a,0x1c,0xd6,0xc8,0x5e,0xe2,0x1c,0x71,0xaf,0x99,0x72,0x8f,0x27,0x99,0x98,0xc7,
	0xa5,0x26,0xc3,0x31,0xe2,0x22,0x94,0xf0,0xf4,0x63,0x8a,0x2b,0x4c,0xf8,0x88,0x6f,
	0x43,0x34,0x67,0x8a,0x56,0x25,0x3b,0xc1,0x61,0x88,0xc1,0xfd,0xd7,0x96,0x75,0xc2,
	0x3f,0x1b,0x6b,0x07,0xc9,0x3a,0x60,0x8d,0xb5,0x79,0x65,0x01,0xba,0x4d,0xf7,0x73,
	0xcb,0x3f,0x9a,0x60,0xe9,0x6c,0x6f,0xea,0x86,0xcc,0xfa,0xc1,0x6d,0x0d,0x28,0x0e,
	0x62,0x2b,0xa7,0x4a,0x54,0x95,0xfa,0x84,0x7e,0xf4,0x22,0x14,0x84,0xf9,0xe3,0xc2,
	0x20,0x17,0x84,0x79,0xa1,0x35,0x86,0x17,0x99,0x48,0xb8,0xd1,0x72,0xcf,0xb4,0xc0,
	0x74,0xa8,0x89,0xcd,0xa6,0x23,0x5f,0x70,0x6e,0x10,0xc4,0x4d,0xe3,0x8c,0x72,0x81,
	0x34,0x90,0x82,0x16,0xdd,0x13,0xe8,0xe0,0xdb,0xc0,0x56,0x22,0x07,0x0f,0x93,0xac,
	0x9f,0xc5,0x5e,0x3f,0x3a,0xca,0xa9,0x24,0x01,0xca,0x17,0xe6,0xdf,0xd6,0x4d,0x9e,
	0x00,0x80,0xb1,0x69,0xd0,0xe6,0xa2,0x25,0xb1,0xfb,0x71,0xc5,0x5f,0x9b,0xb8,0xf9,
	0xdb,0x60,0xb6,0x19,0xed,0x25,0xe9,0x85,0x80,0x60,0xe5,0x1c,0x7b,0x55,0x5b,0xd4,
	0x0b,0xbc,0x8f,0x4d,0xf2,0x68,0x43,0x16,0xcf,0xa4,0xb6,0x57,0x8a,0x99,0x35,0x72,
	0x52,0x75,0xe0,0x35,0x9d,0x9e,0x44,0x6d,0xcc,0xba,0x9f,0x3c,0x83,0x61,0x33,0x6e,
	0x31,0xfe,0xe3,0x3a,0xd5,0xea,0x37,0x38,0xf8,0x4b,0x00,0xb3,0x28,0x00,0x69,0xee,
	0xcb,0xee,0x21,0xdf,0xf0,0xce,0x25,0x2c,0x89,0x0c,0x87,0xdc,0x6c,0x02,0x2e,0xb4,
	0x72,0x39,0x30,0x08,0x03,0x9f,0x7c,0x37,0xd7,0x61,0xf7,0x21,0x04,0x7d,0x7c,0xaa,
	0x44,0x74,0x18,0xf9,0x8b,0x89,0x15,0x1c,0xf3,0xe0,0xc9,0x49,0x2a,0x58,0xe5,0xd5,
	0xa4,0x56,0x44,0xef,0x28,0xa2,0x8e,0x94,0x3f,0xcf,0x13,0xd2,0xd0,0x56,0x1d,0x1e,
	0xf3,0x29,0xb7,0xcf,0x55,0xff,0x89,0xd2,0x30,0xbd,0x97,0x1c,0x15,0x7b,0xfe,0x59,
	0xb0,0xd8,0x08,0x4f,0x85,0x09,0x40,0xcc,0x68,0xb8,0xea,0xd5,0x8c,0x74,0xb2,0x6d,
	0xeb,0xf2,0x64,0x97,0x24,0xb4,0x42,0x15,0xb2,0x13,0x85,0xd1,0x36,0x09,0x7a,0x9c,
	0x78,0x74,0xd1,0xfb,0xbc,0x27,0x1e,0xc3,0x0e,0xf9,0x59,0x9e,0x9c,0x2f,0xeb,0xd6,
	0xc8,0xf0,0x76,0xb6,0x11,0x71,0x83,0x35,0x6b,0x72,0x27,0xa8,0x85,0x77,0x4e,0x9a,
	0x55,0xfe,0xc7,0x45,0x81,0x54,0x09,0x42,0x1d,0x9d,0x5b,0x22,0x0f,0xe6,0xe9,0xb0,
	0xbb,0xf5,0xbd,0x67,0x4d,0xc0,0x1a,0x34,0x75,0x11,0x5d,0x6b,0x31,0x24,0x4e,0xe6,
	0x14,0x0c,0xd2,0x4d,0x94,0x1c,0x6c,0xa2,0x4c,0x26,0x65,0xef,0xe7,0x5c,0xe6,0xb8,
	0xdb,0x75,0x93,0xef,0xe3,0x62,0x58,0x7d,0xea,0x00,0x90,0x8e,0x63,0x40,0x22,0xfa,
	0xa8,0x02,0xe1,0xfe,0xe1,0x95,0x6d,0xa1,0x96,0x64,0x94,0xa1,0xd7,0x73,0xbe,0xa6,
	0x39,0x65,0x1f,0x2e,0x2e,0x5d,0x20,0x56,0x19,0x95,0x8a,0x2d,0xb3,0x0b,0x94,0x48,
	0x7e,0xa8,0x4f,0x3a,0x51,0x1d,0xc2,0x67,0x4f,0x97,0xfb,0xe7,0x58,0xd5,0xa5,0x0c,
	0x74,0x5a,0xad,0x85,0xbb,0x19,0x48,0x8e,0xdf,0xd8,0x10,0x26,0xeb,0x14,0xbb,0x84,
	0x4d,0xb8,0x8a,0xb3,0x59,0x79,0x0f,0x20,0xe0,0xad,0x99,0x64,0x9d,0xe1,0xf6,0xd0,
	0xf1,0xf1,0x53,0x32,0x4d,0xe0,0x08,0x9a,0x85,0xb4,0x0c,0xc5,0xa8,0x10,0xdb,0xb5,
	0xba,0xb9,0x9b,0x50,0x80,0x42,0xe0,0x37,0x68,0x68,0x0f,0x3d,0x3b,0xb8,0x95,0x81,
	0x76,0x29,0xa0,0x00,0x02,0x32,0xd8,0x9b,0xc8,0x0e,0x78,0xee,0x1f,0x98,0xd2,0xfb,
	0x15,0xe0,0xa4,0xe1,0x80,0x0d,0x28,0x47,0xed,0x19,0x27,0xf4,0x26,0xcf,0x48,0x2d,
	0x9c,0x14,0x41,0xe3,0x34,0x7f,0x07,0xbe,0x70,0x75,0x3f,0x67,0xba,0xec,0x25,0xb7,
	0xd4,0x60,0xe3,0x32,0xb1,0x85,0xe0,0xf4,0x48,0x33,0x53,0x0e,0xe9,0x71,0x90,0x19,
	0xd4,0x11,0x11,0xb6,0x83,0xe3,0x51,0x8f,0x62,0xc8,0x07,0xce,0x6c,0xec,0x3e,0xee,
	0x4d,0x67,0x8c,0xcc,0xd7,0xd7,0x7f,0x88,0xbb,0xd4,0xe6,0xae,0x15,0xdb,0xa5,0x8b,
	0x9c,0xfa,0xad,0x91,0xc6,0x73,0x0e,0xbd,0x65,0x96,0x48,0xc3,0x15,0xed,0x15,0x5d,
	0xd1,0xad,0x21,0xfd,0xb7,0x8f,0xfa,0x4d,0x35,0x75,0x17,0x5c,0x0b,0xff,0xf1,0x8f,
	0x7d,0xd2,0x58,0x3f,0xd2,0xbb,0x25,0x09,0x1d,0x47,0xdb,0x6f,0x85,0x8f,0xb9,0xe0,
	0xf2,0x6b,0x51,0x38,0x2f,0x88,0x25,0x26,0x02,0x01,0xd0,0x09,0x73,0x36,0xfc,0x8d,
	0x52,0x5e,0x91,0x19,0xad,0x4f,0xff,0xfa,0xeb,0x3d,0x04,0xcd,0x28,0x34,0x34,0xb6,
	0x28,0x76,0x3a,0x0b,0x6e,0x2a,0x08,0xd2,0xab,0x90,0xcb,0x19,0x47,0x7a,0xf6,0x97,
	0xa8,0x36,0x21,0xf8,0xf1,0x42,0xdd,0x54,0xe0,0x8d,0xbb,0x14,0xe5,0xcd,0xb9,0x37,
	0x53,0xea,0x34,0x7d,0xea,0xb2,0x94,0x30,0xcd,0xfd,0x5e,0xb5,0x12,0x25,0xf6,0x25,
	0xa6,0xbe,0x10,0x79,0x68,0x58,0x95,0xd5,0x08,0x11,0xb1,0xde,0x7c,0x60,0xc2,0xdf,
	0xb4,0x0f,0xb0,0xbf,0x85,0xaf,0xbe,0x71,0x32,0xd8,0x18,0x38,0x4c,0x17,0x52,0x9f,
	0x54,0x59,0xf6,0x7e,0x1f,0xa6,0xf6,0xac,0xfe,0x18,0xda,0xf7,0x17,0x0d,0xab,0x1c,
	0x37,0x35,0x9e,0x75,0x26,0x73,0xa2,0x52,0xda,0x7d,0x6a,0xd6,0x86,0x96,0xb3,0x76,
	0x79,0x52,0x84,0x31,0x5f,0xc3,0xf6,0x39,0xf1,0x15,0xb4,0x19,0xea,0xdc,0x1c,0x9b,
	0x1d,0x41,0x33,0xbc,0xa2,0x39,0x69,0x1c,0xb8,0x1f,0x5b,0xeb,0x63,0x55,0x9e,0x3f,
	0xdf,0x9d,0xcc,0x37,0xef,0xb5,0xd2,0x6a,0xfa,0x18,0x10,0x0b,0x19,0xbb,0x5e,0x24,
	0x03,0x05,0xd1,0xe2,0xbf,0x7f,0xe1,0x15,0xca,0x40,0x1c,0x3b,0x80,0x2e,0x97,0x9a,
	0xb7,0x60,0x14,0xcc,0x23,0xb7,0x06,0x58,0xf5,0x90,0xf1,0x35,0x17,0xf5,0x74,0xdd,
	0xd1,0xe3,0xa0,0x72,0x52,0x72,0xe9,0x53,0x1a,0x0e,0x5b,0xc0,0xfd,0x1b,0x38,0x66,
	0x61,0xd5,0x06,0x1a,0x15,0x52,0xbf,0x2b,0xe1,0xb0,0xaa,0x84,0x26,0x95,0x45,0x68,
	0x60,0xde,0xdd,0x78,0x48,0x59,0x06,0xe8,0xb7,0xf0,0x2e,0xb0,0x1e,0x5b,0xc2,0x39,
	0x19,0x78,0x29,0x2f,0x1b,0x91,0x71,0x09,0x71,0x20,0xa7,0x8a,0xf8,0x9e,0xf0,0x46,
	0x67,0x12,0x84,0x91,0x11,0x33,0xe5,0x7a,0xc4,0xb8,0xd3,0x6b,0x45,0x2a,0x70,0xcb,
	0xdb,0xd2,0xfe,0x24,0x86,0x4d,0x3d,0x05,0x08,0x76,0x9b,0x95,0xd5,0xc2,0xf4,0xc9,
	0x7e,0x69,0xd3,0x36,0x70,0x2a,0x24,0x1b,0x42,0x98,0xbd,0x45,0x88,0x52,0x66,0x79,
	0xf8,0xca,0x75,0xda,0x36,0x9b,0x76,0xff,0x5b,0xb3,0x81,0x1d,0x4c,0xfe,0xca,0x2b,
	0x4f,0x2e,0xa9,0x4f,0x86,0x67,0x9f,0x08,0xe7,0x7e,0x83,0xfd,0x1a,0x35,0xcc,0x0a,
	0x2e,0xfb,0x79,0xef,0xca,0x6f,0xd5,0x61,0xb7,0x0b,0x3d,0x6c,0xb9,0x5f,0x9b,0x6d,
	0xdd,0xcd,0x30,0xea,0x5e,0xb4,0x80,0x16,0xc8,0x92,0x5f,0x99,0xda,0x3c,0xff,0x8e,
	0x84,0x35,0x9c,0x51,0x69,0x3c,0x3e,0x47,0xfd,0xcb,0x23,0xed,0xdd,0xe2,0x20,0x67,
	0x88,0x7f,0xa6,0x55,0x1c,0x5b,0x0a,0xf0,0xb7,0x34,0x16,0xf5,0xfc,0x34,0x7f,0xc5,
	0x24,0x2e,0x2b,0x7c,0x77,0x8d,0xbd,0x74,0x95,0x09,0x92,0x4b,0x1f,0x2d,0x35,0xd7,
	0x2d,0xfc,0x41,0x55,0xf6,0x57,0x73,0xaf,0x41,0x3e,0x0a,0xf9,0xde,0x6a,0xf1,0x59,
	0x03,0xfc,0x27,0x6e,0xe0,0xfd,0xdd,0xbb,0xc8,0x80,0xa3,0xcb,0xbe,0x3d,0x0a,0x20,
	0x76,0x03,0x19,0x2a,0x30,0x34,0xe0,0xd9,0xe8,0x5c,0x3f,0xb1,0xc5,0x1c,0x15,0x61,
	0x5e,0xb1,0x9e,0xf2,0x73,0x7a,0x55,0x38,0x59,0x08,0xe2,0x36,0xff,0xcd,0x94,0x41,
	0xd7,0x73,0x2d,0xc9,0xeb,0xd1,0xc8,0xce,0xea,0x64,0x41,0x47,0xa4,0xdf,0x4d,0x1b,
	0x9d,0x32,0x0f,0x14,0x1e,0xcf,0x69,0xf5,0x83,0x72,0x43,0x01,0x41,0x62,0xb8,0x99,
	0xda,0xcb,0xd1,0xa4,0x15,0xb7,0xf5,0xe4,0x6d,0xbe,0xc3,0x3c,0xeb,0x7a,0x01,0x9b,
	0xf1,0x8f,0x01,0x2d,0xd3,0xa2,0x9e,0xf1,0x3f,0x34,0x10,0xce,0x69,0xb6,0x7f,0x31,
	0x82,0xef,0x00,0xcc,0x9c,0x13,0x58,0x1a,0x8c,0xd1,0x72,0x68,0xda,0xca,0xae,0xf3,
	0xeb,0xe5,0x03,0x88,0xa2,0x7b,0x8b,0x7f,0x2c,0x94,0x03,0xfc,0xe5,0x14,0x73,0x99,
	0xdc,0x54,0x9a,0x40,0xac,0x61,0xc4,0x39,0x40,0xcf,0x6f,0xd7,0x76,0x0e,0x3a,0x61,
	0x1a,0x34,0xd6,0x26,0x02,0x90,0xee,0xe2,0x14,0x36,0x6f,0x68,0x88,0x96,0x6a,0x46,
	0xf5,0xe4,0x04,0x34,0x76,0xda,0x08,0xce,0x91,0x1f,0x64,0xfb,0xb5,0xd2,0x23,0x1f,
	0x8e,0x69,0x71,0xdb,0xad,0x9f,0x7b,0xb6,0x8b,0xe5,0x9d,0xf4,0x53,0x9f,0x77,0xbc,
	0x18,0x37,0x7d,0x68,0xf5,0x26,0xbb,0xb5,0x47,0xd6,0x3a,0xc9,0xf5,0x2f,0xf5,0x68,
	0x94,0xb7,0x9b,0x41,0xc3,0x62,0xfa,0x73,0x7f,0x83,0xb6,0xb6,0x8b,0xe5,0x3f,0x12,
	0x75,0xcd,0xb5,0x8d,0x77,0xc1,0xea,0xc4,0xec,0xae,0x27,0xa6,0xea,0xaf,0xc8,0x13,
	0x4a,0xcf,0x05,0xa0,0x69,0xa1,0x19,0xb3,0xe3,0xea,0x32,0xeb,0x81,0x66,0xcd,0xb3,
	0x1d,0x2d,0xce,0xae,0xb9,0xa2,0x01,0x67,0xe2,0x55,0xe7,0x32,0xc9,0x09,0x90,0xc5,
	0xb5,0x25,0xc0,0x83,0x60,0x09,0xd0,0xe2,0x1a,0x95,0x33,0x3a,0xea,0xf9,0xd7,0x1b,
	0x2e,0xd0,0xf8,0xc7,0x40,0x71,0x10,0x86,0x89,0x80,0x4a,0xa6,0x40,0xdc,0x63,0x2b,
	0xd9,0xa5,0x2c,0x03,0x2a,0x09,0xdd,0x2e,0xe6,0xb3,0x2a,0x41,0xe4,0x12,0xa4,0xf0,
	0xe3,0x51,0x7d,0x04,0x9d,0x4f,0xfe,0x1c,0xe8,0xa0,0xe0,0xf4,0xc9,0x25,0x7c,0x6d,
	0x8d,0x15,0x43,0x83,0x4e,0x61,0x07,0xa3,0x7a,0x34,0x77,0xbc,0x2d,0xe7,0x51,0x2d,
	0x7f,0x33,0x71,0x1c,0xd6,0x5b,0x43,0x24,0x52,0xb0,0x5f,0x00,0x2a,0xb0,0x08,0xc9,
	0xf4,0xc6,0x0d,0x5f,0x75,0xa5,0xf7,0x6b,0x2d,0x06,0x85,0x8e,0x57,0x61,0x93,0x80,
	0x96,0x3a,0x97,0xce,0xaf,0xa7,0x0b,0x43,0x27,0x23,0x76,0xfc,0x89,0x98,0x32,0xbc,
	0xf4,0x02,0xe6,0x08,0x27,0x7b,0x64,0x36,0x72,0x3b,0x2f,0x49,0x72,0x41,0x1f,0x4d,
	0x29,0xf5,0xd3,0x4b,0xff,0xaa,0xf3,0xa5,0x1a,0x8a,0xbf,0x27,0xbd,0x95,0xde,0xb2,
	0x5e,0x24,0x0c,0x80,0x84,0x0a,0xd5,0xa6,0x45,0xfa,0x16,0x4e,0x73,0x2e,0xc0,0xd0,
	0x2e,0x24,0xe5,0xb0,0xb6,0xfd,0x3c,0x04,0xbd,0x1c,0xa0,0x5a,0x6f,0xc1,0xbd,0x57,
	0x17,0xda,0x09,0x8a,0xfd,0x6c,0xe4,0x28,0xea,0x5e,0x10,0x0b,0x8d,0xf4,0xd5,0x59,
	0x29,0xcd,0x71,0xbe,0xe5,0x49,0x79,0x03,0xbf,0xd3,0x73,0xd6,0xfa,0x9c,0xd1,0x04,
	0x94,0xa3,0x06,0x73,0xa1,0x56,0x00,0xff,0xed,0xd3,0xd9,0x53,0x2b,0x10,0x27,0x9e,
	0xe9,0xb6,0xe4,0x73,0x60,0xf3,0x40,0x41,0x86,0x5f,0xc8,0x36,0x07,0x70,0x9f,0x42,
	0x3d,0x96,0x70,0x17,0x71,0xaf,0x5b,0xda,0xe1,0xb8,0x83,0xbb,0x38,0xe7,0x07,0x7f,
	0x91,0xb8,0x0d,0x89,0xee,0xd6,0xf8,0x34,0xd5,0xdb,0x44,0x81,0x49,0x9a,0xc9,0x72,
	0x3f,0xeb,0xcc,0x56,0x14,0x22,0xfd,0xcf,0x8f,0x7d,0xcb,0xc8,0x05,0x93,0x1d,0xa7,
	0x62,0x54,0xc8,0xf6,0x96,0x96,0x23,0x7c,0xe6,0x1a,0xbb,0xbe,0xac,0x8d,0x04,0xcc,
	0x55,0x87,0x79,0x9b,0x46,0xcb,0x19,0xc8,0x05,0x90,0x2d,0x69,0x98,0x07,0xe0,0xaa,
	0xa6,0x70,0xa3,0xf8,0xd4,0x78,0x03,0x1c,0xac,0xb3,0x79,0x78,0x7c,0xb7,0x74,0xdb,
	0xc8,0x87,0x67,0x56,0x12,0x25,0x0c,0xfa,0x68,0x7c,0xf4,0xff,0xe0,0x92,0x84,0x6c,
	0x9a,0x16,0x4e,0x22,0xfe,0x01,0x0d,0x81,0x32,0x37,0xe6,0xd8,0x8d,0xc2,0xae,0x0f,
	0x15,0x56,0x64,0x67,0x2b,0xd8,0x80,0x30,0x72,0x88,0x87,0x63,0xc9,0x00,0xd0,0x21,
	0x39,0xfb,0xed,0x44,0xe7,0x15,0x36,0xf4,0x61,0xb5,0x0f,0xee,0xbb,0xe4,0x3f,0x2e,
	0x09,0x20,0xef,0xcf,0x3d,0x84,0xca,0x60,0x79,0xff,0xbb,0x97,0x25,0x01,0x1a,0x7c,
	0x8b,0xf7,0x70,0x0d,0x95,0x3f,0x13,0x1d,0xf8,0xf3,0xc3,0x5a,0xf0,0xc1,0x1f,0x01,
	0x9a,0xee,0xcf,0x07,0xe7,0x3a,0x7f,0xf2,0x82,0x09,0xe1,0x8a,0xc4,0x6d,0xfe,0x5c,
	0x6d,0x85,0xee,0x26,0xcc,0x8f,0x5e,0x52,0x5e,0x32,0xf1,0xd3,0x3d,0x44,0xd0,0x1f,
	0x71,0x5c,0xfe,0x32,0x6f,0xb6,0x48,0xb0,0xe7,0xcb,0xd0,0x5d,0x95,0x09,0x7a,0x3e,
	0x7d,0x4f,0x4b,0xb0,0x1c,0xd3,0xac,0xda,0x27,0x61,0x6f,0x1a,0x0e,0xab,0x15,0x51,
	0x1a,0xfe,0x37,0x44,0xc8,0xc9,0xc5,0xd1,0xdb,0x1d,0x68,0x9e,0x10,0xff,0x72,0x2c,
	0x64,0x7d,0x8f,0x49,0x9d,0x13,0x85,0x47,0x34,0x66,0x4b,0x4a,0x06,0x26,0x76,0x87,
	0xb6,0x18,0x45,0x64,0xf7,0x1b,0xc1,0x60,0x00,0xfa,0x78,0xbe,0xa6,0xe3,0xdf,0xaa,
	0xd7,0x6d,0xa1,0xaa,0xa9,0x23,0xcd,0x99,0xb0,0x48,0xd5,0xe6,0xbd,0xb0,0xf0,0x02,
	0x01,0xd0,0x11,0xfc,0xcc,0x80,0xfc,0x8d,0xd6,0xfd,0x8e,0xda,0xfe,0x0b,0xd3,0xad,
	0xbd,0xa9,0x5f,0x21,0x5c,0xa4,0x7c,0xbd,0x1e,0x07,0xb1,0xe9,0x73,0x9e,0x7a,0x57,
	0x20,0xc5,0xe0,0x9c,0xad,0x6d,0xdb,0x75,0x84,0xc1,0x6f,0xf6,0x42,0x39,0x74,0x28,
	0x8e,0xf5,0x9c,0xcb,0x4e,0xde,0x2b,0x3d,0x4c,0xef,0x3d,0x28,0x48,0x46,0xdb,0xc6,
	0xb1,0x22,0x95,0xa9,0xbd,0x3a,0xd3,0x30,0x4a,0x34,0xec,0x30,0x1b,0xd9,0x0c,0x3e,
	0xb2,0x46,0x39,0x5f,0xaa,0x89,0xa3,0x81,0x93,0x62,0x22,0x9c,0x6c,0x36,0x26,0xc4,
	0x6f,0xfb,0xd1,0xff,0x01,0x9b,0xe9,0x6a,0x01,0x24,0xb6,0x70,0x7f,0x5d,0xdf,0x4b,
	0xdc,0xa3,0x33,0xea,0x6e,0xa4,0x90,0x42,0xc6,0x6e,0xd0,0x93,0x19,0x36,0xe4,0x34,
	0x63,0xb3,0x09,0xa2,0x0a,0xd0,0x1c,0xed,0x9f,0x5d,0x6b,0x62,0xa2,0x47,0x70,0xe4,
	0xc7,0x72,0xdc,0x70,0xbe,0xfe,0xf8,0xb3,0xbd,0x33,0xe2,0x7e,0xe9,0xff,0xff,0xee,
	0xf5,0x42,0x58,0x50,0x4a,0xb0,0x49,0x3d,0x91,0x9c,0xa1,0x10,0xd5,0x8c,0xf3,0xf3,
	0xe8,0xf2,0x2d,0xda,0x20,0xb8,0xbf,0xaa,0xc1,0x2f,0xda,0xa7,0x85,0x4d,0xfb,0x8a,
	0x28,0x17,0xbf,0x4a,0x49,0x77,0x3f,0xff,0xe2,0x38,0x7b,0x0f,0x1e,0x08,0x99,0x90,
	0xe8,0xed,0x3d,0x23,0x5f,0x84,0xed,0x2f,0x52,0xfe,0x2b,0x64,0xd1,0xb7,0x44,0xf7,
	0xff,0xe7,0x50,0x36,0xb4,0x39,0xed,0x99,0xfd,0x44,0xa2,0x70,0x00,0x69,0xcb,0xbd,
	0x42,0xa5,0xd0,0xd5,0xa0,0x97,0xae,0x5e,0x0b,0x4c,0xee,0x8a,0x8d,0x48,0xa9,0x46,
	0x57,0xcf,0xbd,0x66,0x3f,0xce,0xa4,0xbe,0x35,0x0f,0xe7,0x69,0xfb,0x77,0x7e,0xfb,
	0x07,0xff,0xf5,0xb3,0xac,0xa8,0x91,0x94,0x29,0x47,0x9e,0x2c,0x80,0x5e,0xe6,0x67,
	0xba,0xa7,0x82,0xad,0x5f,0x12,0x0c,0x24,0x85,0x1c,0xc5,0x2d,0x71,0x0c,0x07,0x01,
	0xd5,0xd1,0x22,0x1a,0x2e,0xb0,0x09,0x6f,0x39,0x56,0x4f,0xaf,0xbe,0xce,0x55,0x6c,
	0xb3,0x8b,0x7e,0xca,0xa3,0xa2,0x9b,0x29,0x41,0x51,0xb0,0x53,0x1b,0x8b,0x7c,0x76,
	0xe3,0x87,0x4d,0x8f,0xf7,0xfe,0x76,0xea,0x2a,0xcf,0x87,0xcb,0xef,0x95,0x96,0xa4,
	0xe0,0xe7,0x39,0x50,0x2b,0x59,0x01,0xeb,0x0c,0x01,0x2a,0xdf,0x96,0xf1,0x9d,0xfc,
	0xec,0x11,0x68,0x00,0xfd,0xe8,0x95,0xc3,0xc2,0xaa,0x33,0xc4,0xb8,0x36,0x8e,0x78,
	0xa7,0x1e,0x5f,0x40,0x2e,0x49,0xd0,0x4a,0xf5,0x06,0x8e,0xb2,0x2f,0xf1,0xc5,0x25,
	0x64,0x5d,0xb3,0x19,0x95,0xcd,0x6e,0xa9,0x2e,0xec,0x55,0xc4,0xb7,0x3b,0xee,0x76,
	0x31,0x76,0xac,0x47,0xf6,0x8e,0x2e,0xc8,0x2f,0x5d,0xeb,0x93,0xac,0x03,0x8e,0x84,
	0x16,0x1a,0x02,0x7f,0x74,0x19,0x52,0x7c,0xff,0x35,0xd7,0xe8,0xcb,0xc9,0xbf,0x83,
	0x82,0xce,0xd9,0x80,0xff,0x8d,0xe4,0xea,0xe6,0x68,0xea,0x39,0x79,0x82,0x0d,0xdf,
	0x90,0xd7,0xef,0xa7,0xd6,0xef,0x17,0x15,0x3c,0x8e,0x06,0x2c,0xe7,0x66,0xae,0xe7,
	0x8c,0x3d,0xe8,0xa0,0x52,0x01,0xe2,0x1e,0x8e,0x67,0x37,0xb7,0x24,0x3c,0xfa,0xa6,
	0xe3,0x5b,0x15,0x6c,0x65,0x7e,0x11,0x8f,0x15,0x49,0xde,0x0e,0xb6,0xc2,0x68,0xec,
	0x9f,0x86,0x27,0x3b,0xaa,0x9b,0x79,0xfc,0x54,0xf7,0x93,0x7d,0x48,0x49,0x6f,0x24,
	0x7c,0x45,0x30,0xab,0xcb,0x77,0x2a,0x55,0x8d,0x91,0xd7,0x4a,0x18,0xb5,0x54,0xcd,
	0xd0,0x9e,0x0e,0x3c,0x6d,0x45,0x84,0x54,0xee,0xe7,0x48,0x8a,0xc5,0x0d,0x1c,0x26,
	0x62,0xe0,0x0f,0xcf,0x8f,0xb7,0xfc,0x36,0x58,0x01,0x3e,0xad,0xf6,0x76,0xc9,0xfc,
	0x73,0x97,0xd5,0x12,0xa8,0x31,0xba,0x39,0x09,0xf1,0xd5,0xee,0x63,0x4e,0x86,0x19,
	0xc8,0x2c,0x42,0x7c,0xa7,0x1c,0x4a,0x5f,0x14,0xed,0x81,0x4b,0x9e,0x30,0x87,0x25,
	0x0f,0x8a,0x2e,0xdd,0xeb,0x40,0xa1,0xf1,0x85,0xe9,0xc7,0x2a,0x68,0xde,0x15,0x16,
	0xcb,0x04,0x2f,0x99,0xaa,0x7c,0xd4,0x6e,0x3d,0x94,0x35,0x12,0xe1,0x67,0xb3,0x21,
	0x82,0x35,0xb5,0x43,0x1a,0x0a,0xcf,0x51,0xdf,0xd8,0xe7,0x20,0x60,0xc5,0x82,0xe3,
	0x08,0xe2,0x2a,0x13,0xff,0xfb,0x54,0x0c,0xc1,0x1d,0x6e,0xcd,0x8d,0x3d,0x0e,0x10,
	0xe4,0x63,0xb4,0x10,0xf4,0xbe,0x54,0xc4,0x13,0xcb,0xec,0x4c,0x39,0xba,0x74,0xf7,
	0xa1,0x3d,0x62,0x05,0xc1,0xaa,0x0d,0xee,0x63,0x3a,0xcd,0x1d,0x26,0x47,0x56,0xd1,
	0x5d,0xfe,0xec,0xdf,0xd9,0x5d,0x01,0xe6,0x0c,0x4a,0xbb,0x95,0x51,0xaa,0xd6,0x16,
	0x20,0x73,0x79,0xc5,0x02,0x58,0x8c,0x0f,0xe8,0xd6,0x76,0x38,0x0a,0xd6,0xc7,0xd5,
	0x05,0x63,0x0c,0x77,0xab,0xe9,0x2a,0x73,0x1e,0x1d,0xc5,0xa6,0x8e,0x70,0xf4,0xfb,
	0xaf,0x1d,0x72,0x45,0xba,0xd0,0xe6,0xb4,0x82,0x5f,0x36,0x53,0x03,0x20,0x82,0x89,
	0x09,0x38,0x45,0xe0,0x85,0x8b,0x01,0x67,0xf7,0xc4,0x54,0xc9,0xd4,0x93,0x6b,0x69,
	0x94,0x4f,0xf2,0x7b,0x31,0xbf,0xf2,0x42,0x24,0xaf,0xeb,0x9c,0x73,0x0d,0x55,0xc9,
	0xf7,0x30,0xbc,0xfc,0x5b,0x03,0xba,0x8d,0xb2,0x4c,0x3d,0x30,0x51,0x33,0x11,0x80,
	0x41,0xc5,0x70,0xe9,0xc7,0x2c,0x8b,0x37,0xc4,0xd9,0x67,0xff,0x73,0x41,0x5d,0x74,
	0x5a,0x65,0x7c,0xe1,0xb1,0x6d,0x71,0x29,0x16,0x29,0x08,0xe4,0x70,0x49,0xe2,0xff,
	0x59,0x10,0x2e,0xf1,0x8e,0xc2,0x35,0x94,0x29,0x41,0x71,0x9b,0xac,0x1e,0x36,0xce,
	0x6f,0x2c,0x84,0x8d,0x97,0xb5,0x87,0x8c,0x58,0x50,0xe9,0x85,0xd5,0x83,0x92,0x56,
	0x39,0x69,0x09,0x93,0xf0,0xdb,0x54,0x20,0x4b,0xca,0x25,0x1f,0xeb,0x77,0xba,0xdd,
	0x7a,0xf3,0x17,0x0f,0x0a,0x2b,0xb8,0x96,0xf7,0xe1,0x03,0x5b,0x26,0x93,0x54,0x7f,
	0xe2,0x7b,0xad,0x05,0xd1,0xfa,0x45,0xae,0xaa,0x83,0xae,0xcd,0x5b,0xcf,0x52,0xe1,
	0x73,0x6b,0xc6,0xa4,0x55,0x3d,0x10,0x8d,0x09,0xce,0x4e,0xd6,0x99,0xca,0x30,0xe0,
	0x3f,0xd3,0xb9,0xf9,0x45,0x15,0x8b,0xac,0x2d,0x7c,0x09,0x49,0x03,0x37,0x07,0x6b,
	0x4d,0xc6,0x6d,0x7c,0x41,0x38,0xc7,0xc5,0xb7,0xf3,0x45,0x2d,0x6e,0x4a,0x95,0x9e,
	0xce,0x05,0x16,0xe9,0x7c,0xa0,0x51,0xb5,0xb3,0xdb,0xa4,0x41,0x6a,0x45,0x97,0x57,
	0x95,0x08,0xcf,0x9c,0xb2,0x24,0x5d,0xe3,0x88,0x11,0x10,0xd1,0xbb,0xbb,0x70,0xb0,
	0x0e,0xb9,0x69,0xc5,0xe8,0x74,0xa8,0x17,0x07,0xee,0x16,0x74,0x0f,0x47,0xe8,0x4f,
	0x04,0xa6,0x97,0x1a,0x3e,0xf0,0x5c,0xbf,0x9d,0x8d,0x69,0xf3,0x7a,0x89,0xcb,0x05,
	0xae,0x12,0x40,0xe5,0xff,0xb5,0xf5,0xc6,0x28,0xa0,0x2d,0x10,0x15,0x9c,0x9c,0x95,
	0xca,0xba,0x4a,0x16,0xe0,0xa8,0x62,0x49,0xae,0x0a,0xd8,0xd9,0x54,0x24,0xa1,0xb1,
	0x47,0x35,0x55,0x93,0x0a,0x93,0x30,0x24,0xb4,0x4b,0xdf,0x2f,0x32,0x6c,0xc2,0x42,
	0xcf,0x01,0xba,0x13,0x8c,0xfd,0xa0,0x36,0xc5,0x7f,0x21,0xac,0x99,0x14,0x0c,0x62,
	0x8c,0x6a,0xc8,0xdc,0xdd,0x11,0x90,0x6e,0x0c,0x41,0x17,0x00,0xc7,0xab,0xd0,0xba,
	0x1c,0x50,0x23,0x19,0xe7,0x72,0xf8,0xbf,0x93,0xae,0x12,0x1c,0xbc,0xf6,0xfa,0x3f,
	0x35,0x0d,0x73,0xed,0x60,0xcc,0xdb,0xf1,0x45,0x10,0xb8,0xb6,0x1e,0x3d,0x3c,0x91,
	0xf6,0x30,0xbd,0xac,0x4d,0x5c,0xd8,0xae,0xb9,0xff,0xeb,0xf3,0xb5,0x08,0xe2,0x07,
	0x1c,0x49,0x32,0x2f,0x41,0xed,0x53,0xaf,0xfd,0xd9,0x20,0x18,0xad,0xf4,0xb5,0x8d,
	0xe0,0x6e,0x41,0x83,0x76,0x2e,0xcd,0x20,0xf3,0x79,0x3c,0x31,0x0a,0x16,0xf6,0x0d,
	0x7a,0x98,0x52,0xd4,0x5e,0xbb,0x18,0x3b,0xb7,0x5e,0x98,0xfb,0xd3,0x86,0x34,0x17,
	0xe8,0x7b,0x61,0xdd,0xca,0x03,0x67,0xac,0x2a,0xa0,0x13,0x9c,0xa0,0xb1,0xe0,0x87,
	0xcd,0x28,0x4a,0x10,0xd6,0x72,0x99,0x03,0xf2,0x5f,0xe4,0x3c,0x4e,0x11,0xa5,0x08,
	0x0c,0x82,0xc3,0x4c,0xb3,0xbb,0x9a,0x3d,0xe1,0x7c,0xa3,0x50,0x7f,0xa7,0xad,0x8c,
	0x7f,0xec,0x69,0xfb,0x44,0x85,0xfb,0x5b,0x1d,0xec,0x2f,0x72,0xbd,0x40,0x9f,0x47,
	0xe9,0x2a,0xdf,0xc5,0xfa,0xd3,0x98,0xe0,0x98,0xa4,0xae,0x9e,0x92,0xd0,0x68,0xcf,
	0x5e,0x24,0x5f,0x93,0x0a,0x22,0x79,0x45,0xd6,0x1d,0x57,0x72,0xfa,0x3f,0x37,0x48,
	0x19,0x1b,0xb7,0x58,0x1d,0xbc,0xa8,0x2d,0xb1,0x70,0xb5,0x33,0xdd,0x63,0x58,0x2e,
	0x63,0xee,0x60,0xf5,0xe7,0x04,0x78,0x65,0x9b,0xc2,0xc8,0xa4,0x56,0x51,0x6f,0xfd,
	0x7b,0x86,0x90,0x2b,0xaf,0x23,0x7d,0xff,0x72,0x15,0x7c,0x87,0x82,0xe6,0x4d,0xf1,
	0x02,0xc1,0xf7,0x03,0x81,0x81,0xf6,0x78,0x82,0x29,0xe7,0x39,0x4b,0x7d,0x23,0x3b,
	0x42,0x40,0x06,0x9a,0xa8,0x09,0x20,0x29,0xd3,0xb9,0x0f,0xed,0x23,0x57,0x0b,0xe5,
	0x25,0xed,0x8b,0xfc,0x1a,0xfd,0x49,0x7a,0x8f,0x37,0x30,0xef,0x36,0x40,0x84,0x22,
	0x91,0xcc,0x98,0x52,0xa1,0x15,0x98,0x24,0xc1,0x4f,0x1d,0x3f,0x9d,0xb8,0x09,0x81,
	0x12,0x30,0x80,0x4b,0x08,0x40,0x9c,0x8d,0x97,0x98,0xea,0xe0,0x85,0xfb,0x7f,0x95,
	0xd2,0x11,0x74,0x11,0x57,0x82,0x9f,0x59,0x55,0xbb,0x1d,0xd3,0xa5,0x1a,0xd6,0x92,
	0x05,0x23,0x14,0x72,0xca,0xd1,0x80,0x79,0xf6,0x5f,0xf4,0xac,0xb7,0x1c,0x60,0xdf,
	0x9e,0x19,0xf9,0x13,0x31,0x53,0xa6,0xe4,0xfb,0x9d,0x0e,0x9d,0x41,0x1e,0x6b,0xf7,
	0x3f,0x72,0xbd,0xf3,0x8f,0xdb,0xe2,0x37,0xee,0x7a,0x11,0x88,0xbb,0x9d,0xd4,0xb0,
	0xc8,0x2c,0x06,0xd6,0xd9,0x0b,0x5d,0x77,0xca,0x54,0x33,0x2d,0x41,0x05,0x7f,0x88,
	0xb4,0x46,0x3e,0x16,0xf5,0x8e,0x06,0xfd,0x77,0x7c,0xdf,0x17,0x26,0x3f,0xc3,0xdf,
	0xde,0x67,0x42,0xb6,0xd7,0xd4,0x40,0xde,0xe7,0xdb,0x12,0x2e,0x24,0xab,0xa5,0xbf,
	0x17,0x05,0x47,0x10,0x90,0xef,0x95,0xcf,0x00,0x18,0xbc,0x8f,0xeb,0xe1,0xca,0xea,
	0xd7,0x7e,0x6d,0x4f,0x55,0xc5,0xad,0xfd,0x60,0xb2,0x60,0x64,0x9e,0x86,0x9d,0x7c,
	0xdc,0x4d,0xdb,0x30,0x45,0xee,0x2a,0xdd,0x4d,0xc6,0x48,0xb3,0xa7,0xc8,0x1f,0xec,
	0xa9,0x6c,0xc8,0x91,0xe3,0xff,0xfa,0xe2,0x65,0x96,0xae,0x21,0xb8,0x5f,0x2e,0xee,
	0x21,0xa9,0x64,0x5b,0x05,0xe0,0x8b,0xcf,0x03,0x90,0xb3,0x96,0xd9,0x9b,0xdc,0x1c,
	0x08,0xd9,0x35,0x3c,0x18,0x03,0x76,0xbe,0x6a,0xc9,0x23,0xea,0x42,0x65,0x96,0xb6,
	0x37,0x9a,0xa5,0xd8,0xc1,0xf2,0x7b,0x33,0x92,0x8d,0x4d,0xd2,0xca,0x09,0xa1,0xf4,
	0xf0,0xdc,0xe8,0x24,0xd9,0x81,0xdc,0x24,0xc1,0x07,0x75,0x44,0x53,0xb0,0x00,0xbd,
	0xa0,0x07,0x9c,0x74,0x9e,0x69,0x54,0xec,0xcd,0xb6,0xf1,0x14,0xd0,0x64,0x45,0x9a,
	0x12,0x66,0xb9,0x88,0x86,0xe4,0x67,0xf9,0xd0,0x0a,0xef,0x22,0x25,0x77,0x48,0x0c,
	0x09,0x1d,0xc8,0x87,0xa5,0xaf,0x81,0x74,0xb6,0x6d,0xe5,0x96,0xb1,0xdc,0x15,0x1f,
	0xbc,0x83,0xf4,0x8f,0x56,0x5e,0x9e,0x52,0xad,0x50,0x5a,0x38,0x01,0x5a,0x26,0x56,
	0x8d,0x8e,0xe4,0x1c,0x77,0x98,0xb4,0xe2,0x83,0x91,0xde,0x8a,0xaa,0x84,0xa9,0x6a,
	0x28,0x3b,0xde,0x66,0x39,0xf8,0x84,0x38,0x1d,0x1a,0x06,0xef,0x53,0x48,0x3c,0x50,
	0xc2,0xe2,0x45,0x22,0x31,0x9a,0xa1,0xec,0x5c,0xcb,0xd9,0xcb,0x68,0x14,0x25,0xb2,
	0xf5,0x0c,0xfb,0x01,0x0c,0x8f,0xd3,0xf2,0x62,0xed,0x5f,0xdd,0xb0,0x22,0x6f,0x16,
	0xf8,0x17,0xec,0x88,0xbb,0x86,0x0a,0xce,0xa0,0xb1,0x6f,0xf8,0xf1,0x87,0xe0,0xe8,
	0x31,0x95,0x7c,0x70,0x71,0x42,0x27,0xfd,0x7c,0x7a,0xac,0x93,0xea,0x38,0x12,0x2e,
	0x44,0xd2,0x97,0x4f,0xc7,0xf7,0xe1,0x4d,0x73,0xd4,0xa0,0x69,0x38,0x37,0x59,0x9f,
	0x2a,0xdc,0x32,0xa4,0xe2,0x0f,0x4a,0x0b,0x93,0xcf,0x89,0x4d,0x42,0xb9,0xf3,0xb2,
	0xe0,0x41,0x48,0xd9,0xd5,0x98,0x35,0x71,0xa6,0x7e,0x61,0x31,0x40,0x2d,0x3e,0x1e,
	0x04,0x5c,0x52,0xb6,0xeb,0xae,0x4c,0xfc,0x6e,0xf5,0x00,0x6e,0x94,0xd4,0xd8,0xf5,
	0x0e,0xe7,0xae,0x99,0x61,0x21,0x84,0xe0,0x25,0x77,0x9f,0x7e,0xb3,0x71,0xd6,0x6b,
	0xf8,0xcf,0xa2,0x9b,0x80,0x24,0x56,0xb7,0x42,0x56,0xe5,0xab,0x80,0x06,0x84,0xe4,
	0x02,0x01,0xd0,0x19,0xfc,0xcc,0x80,0xfe,0x8c,0x53,0xe7,0x3a,0x8a,0x87,0x65,0x3d,
	0x47,0xd3,0x4b,0xb7,0x42,0x23,0x10,0x6c,0x46,0x4a,0x98,0x4e,0x20,0x0c,0x67,0xbc,
	0xca,0x4e,0xff,0x47,0xe9,0xa7,0x3c,0x17,0x9e,0xb0,0x49,0xa0,0xbe,0xc6,0x94,0xeb,
	0xc6,0xf4,0xaf,0xd9,0xf0,0x65,0xa2,0x4d,0x75,0xce,0x1f,0x89,0x84,0x75,0xd7,0x9c,
	0x62,0x89,0x8d,0x32,0x7c,0x03,0xcc,0x19,0xbe,0x8c,0xc4,0xab,0x3d,0x08,0xc4,0x67,
	0xfb,0xf6,0x3e,0xa6,0x26,0xc5,0xa4,0x65,0x49,0x95,0x25,0x52,0x0b,0x0c,0x32,0x5d,
	0x8e,0x46,0x25,0x16,0x36,0xa1,0x5b,0xd3,0x3c,0x9a,0x65,0xad,0x51,0xfb,0xc9,0x10,
	0x6d,0x80,0x2e,0x10,0xf2,0x98,0xaa,0x01,0xa0,0x20,0x57,0x5a,0x26,0xe3,0xb2,0x23,
	0x1f,0x32,0x70,0x13,0x40,0x63,0x18,0xfc,0xec,0x37,0x41,0xa4,0x7b,0xea,0x29,0x41,
	0x8e,0x4e,0x2a,0xb9,0xea,0x98,0x2a,0xf2,0x11,0x0c,0x09,0x0a,0xc1,0x5b,0x4b,0x8d,
	0x95,0x7d,0xef,0xe8,0x95,0x53,0x13,0x84,0x65,0x12,0xe7,0x45,0x50,0x52,0x13,0x4c,
	0xd8,0xff,0x1a,0x54,0xf6,0xae,0xaf,0x39,0x1f,0x84,0x54,0x8a,0x58,0xd1,0x3c,0x6c,
	0xeb,0x76,0x9f,0xd1,0x3e,0x2b,0x08,0x26,0xe7,0x12,0x72,0x4c,0x24,0xfc,0xcd,0x9c,
	0x64,0x7c,0x03,0xfa,0x6d,0x3c,0xa1,0x2b,0x23,0xdc,0xe3,0xc4,0x09,0x4b,0x97,0xc4,
	0xd6,0xc9,0x64,0x16,0x2a,0x98,0x84,0x1b,0xf3,0x79,0x98,0x16,0x3a,0x88,0x72,0x0d,
	0x60,0x8d,0x50,0xb5,0xce,0x7b,0x92,0x7f,0xed,0xd7,0x1d,0xc2,0xc8,0xfe,0xb3,0xc5,
	0xe0,0xeb,0x7d,0x18,0x37,0x25,0xb3,0x87,0x6d,0x92,0xa3,0x9f,0x7f,0xe4,0x48,0x98,
	0x4c,0xfd,0x9a,0x94,0xf1,0x55,0xf0,0xcb,0x42,0x21,0x1a,0xac,0x35,0x6c,0x0d,0x12,
	0xaf,0x8e,0x87,0x02,0x38,0x12,0x39,0xb8,0xdc,0xb3,0x15,0x99,0xd0,0x4b,0x1d,0x41,
	0x03,0x60,0x7c,0x87,0x53,0x13,0xcf,0x4e,0x1a,0x30,0x3f,0x19,0x33,0x2b,0xac,0xdb,
	0xe2,0xd1,0xb3,0xbd,0x89,0x60,0x14,0x03,0xf8,0x97,0xfd,0xce,0x8d,0x8e,0xe8,0x6a,
	0xab,0x99,0xeb,0x0a,0xff,0x5d,0x6e,0xae,0xba,0x12,0x91,0xe7,0x2e,0x6a,0x7b,0xfc,
	0xb1,0x61,0xf6,0xca,0xce,0xe9,0x85,0xeb,0xb6,0xfc,0xb2,0x7d,0x9d,0xac,0x2b,0x9f,
	0xc6,0x71,0xec,0xeb,0x78,0xdc,0xd7,0xaf,0xf0,0x1b,0x15,0x0f,0xa0,0x2b,0xfe,0x34,
	0x0f,0xc6,0x24,0xe8,0xcb,0xea,0x6c,0x25,0x7d,0xe1,0xe8,0xc6,0xf5,0x07,0xdf,0x76,
	0x9f,0x1d,0xf3,0x2c,0x5f,0x2f,0x4d,0x93,0xde,0x81,0x4e,0xd9,0x06,0xfc,0x0a,0x2a,
	0xbd,0x5b,0xf1,0x7c,0x0c,0x7a,0xd8,0x97,0x4c,0x83,0x9b,0x1d,0xcc,0x5f,0xeb,0xab,
	0xa2,0xd9,0xe9,0x42,0x9b,0x54,0xbd,0xb9,0xf0,0x63,0x38,0xfd,0xda,0x27,0x8c,0xee,
	0x45,0xd4,0x8f,0xd0,0xb2,0xef,0x80,0xfc,0x1e,0xde,0x15,0xa5,0xc8,0x09,0x05,0xaa,
	0x70,0x27,0xad,0x51,0xe8,0xd3,0xb2,0x89,0x2e,0xe9,0x59,0x14,0xcf,0x82,0xca,0x03,
	0x72,0xc5,0x29,0x78,0x31,0x32,0xb0,0x42,0x3f,0x82,0x87,0x25,0xa3,0x17,0x35,0x6d,
	0xfa,0x0f,0x60,0xfd,0x2d,0xa4,0x94,0x16,0xe0,0x05,0xdd,0x74,0xfb,0x7b,0xac,0x98,
	0xe4,0xd7,0xf5,0x61,0x99,0x27,0x73,0x31,0x40,0x42,0xf8,0x9c,0x97,0xe2,0x25,0x7e,
	0x23,0x18,0x99,0xfa,0xee,0x3d,0xb6,0xd3,0xef,0xaa,0x96,0x02,0x80,0x73,0x68,0x50,
	0x51,0xcb,0xde,0xd7,0xea,0x25,0x53,0x11,0x0f,0xb1,0xb6,0xdd,0x37,0x89,0x5d,0x8c,
	0xaa,0xd3,0x16,0xe8,0x1e,0x54,0x73,0x53,0x41,0x97,0xf1,0x91,0x2d,0xe5,0x74,0x15,
	0x59,0xaa,0xc7,0x5c,0x40,0x0c,0x66,0x8b,0x84,0x74,0xb7,0x9a,0x9a,0x5e,0x2b,0x2b,
	0xac,0x14,0x27,0x99,0xf4,0x75,0x62,0x45,0xe8,0x37,0x0a,0xc1,0xc4,0xe1,0xbc,0x78,
	0x22,0x64,0x88,0x1c,0x5c,0xa5,0x77,0x76,0xe3,0xe6,0x3f,0xff,0xb1,0x2f,0x84,0x1c,
	0xeb,0xfd,0x54,0xd7,0x30,0x46,0x34,0xcb,0xc7,0x6d,0x09,0x1c,0xe5,0x91,0xaa,0x15,
	0x52,0x05,0xa0,0x39,0x5e,0xc4,0x41,0xc0,0x5f,0x51,0x53,0x25,0x87,0x40,0xa2,0xca,
	0x16,0x57,0x48,0x40,0xb6,0x8e,0x91,0x99,0x21,0x65,0xe7,0x2b,0x4c,0x1f,0xff,0xf2,
	0xc8,0x7d,0x60,0xba,0x70,0x3f,0xcb,0xdb,0xf9,0x40,0xf5,0x09,0xe1,0xb5,0xb7,0xcf,
	0x8a,0x50,0x35,0xba,0xdb,0xdc,0xe3,0x6b,0x78,0xb0,0xbc,0x16,0x0a,0x7a,0xa8,0x6c,
	0x9b,0x82,0x6b,0x22,0xfa,0xa5,0x4a,0x55,0x27,0xc2,0xdd,0x3a,0xe0,0x95,0x8a,0x49,
	0x44,0xa8,0x4f,0x26,0xe0,0xae,0xd6,0x5f,0x1d,0xcb,0xda,0x79,0x45,0x2f,0x52,0x19,
	0xf2,0xad,0xad,0xe6,0x05,0x8e,0xbb,0xad,0xfe,0x2e,0x6f,0x90,0xa1,0x50,0xc8,0x5c,
	0xdc,0x65,0x1a,0xce,0x41,0x39,0xf1,0xf6,0x5b,0x52,0x38,0x7a,0xd6,0x0a,0x37,0x7f,
	0xe5,0x60,0x05,0x8e,0x2b,0xe2,0xee,0xf4,0x74,0x08,0x50,0xd8,0xc9,0x74,0x5f,0x2d,
	0x71,0xe5,0x17,0x02,0x80,0x9c,0x53,0x7a,0x2b,0x55,0x09,0x8a,0x5f,0xaf,0x75,0x9b,
	0x50,0x34,0x71,0x27,0x61,0xc7,0x86,0xb3,0x2e,0xc5,0xb2,0xf2,0x9d,0x9e,0x1b,0x6e,
	0xe7,0x80,0xbe,0xb6,0x91,0xc9,0x99,0x6a,0xaa,0x27,0xac,0x18,0xf3,0x02,0x9d,0x9e,
	0xe3,0x4b,0xd8,0x4c,0xcf,0x89,0xb1,0x45,0xbf,0xfa,0xc4,0xf5,0xbf,0xe6,0x55,0x80,
	0xd2,0xc7,0xde,0x1d,0x61,0x9e,0xc5,0xbe,0x28,0x69,0xc5,0xf8,0x9c,0x1b,0xd6,0xa4,
	0xb6,0x54,0xd3,0x1d,0x54,0x2a,0xc6,0x5e,0x48,0x46,0x53,0xe6,0xae,0x4d,0xdc,0xab,
	0x66,0xab,0xed,0x7c,0xa8,0x10,0x68,0xc2,0x2d,0x49,0xe4,0xb2,0x5e,0x73,0xa7,0x8b,
	0x1b,0xfc,0xb9,0xa2,0xb1,0x24,0x69,0x4b,0xf4,0xcf,0xe8,0xcd,0x81,0x74,0xe1,0x6f,
	0x2f,0xc7,0x76,0xdc,0xc9,0x03,0x14,0xff,0xcb,0x64,0xd7,0x1c,0xac,0x9c,0xd4,0x86,
	0x2d,0x23,0xa5,0x9c,0xc8,0x89,0x76,0x8d,0xe0,0xb2,0xa8,0x4a,0x8a,0x78,0x65,0xc3,
	0x1f,0xbd,0x11,0xf2,0x39,0x85,0x3c,0x39,0x4d,0x54,0x98,0xee,0xe9,0x6e,0x6b,0xba,
	0x4a,0x81,0xfb,0x2d,0x57,0xae,0xfe,0x62,0xd9,0x53,0xfa,0x38,0xd9,0x52,0x56,0x58,
	0x2f,0x32,0x1c,0xc0,0xf0,0x4b,0xdb,0x3e,0xaf,0xdc,0x3e,0x96,0x4e,0x3d,0xb8,0x55,
	0xb2,0xcf,0xc6,0x40,0xc6,0xd0,0x1b,0xb8,0xab,0x13,0x54,0x54,0xef,0x82,0xc4,0x1d,
	0x3e,0x9e,0x04,0x5b,0x37,0xb3,0x35,0x41,0x70,0xe5,0xf6,0x00,0x93,0xee,0x19,0x32,
	0x50,0x3f,0xe9,0x77,0x55,0xe1,0x27,0x03,0x3f,0xeb,0xc4,0x3c,0x3b,0x08,0xc6,0x4f,
	0xbc,0x73,0xf2,0xa5,0xcb,0xe3,0x50,0x83,0xd6,0x73,0xb0,0x41,0xda,0x84,0x1b,0x52,
	0xeb,0xd6,0xb3,0x1e,0x8a,0xc8,0x67,0xc1,0x63,0xe7,0x2d,0x3b,0x0b,0xaf,0x98,0xe0,
	0x29,0xd5,0x32,0xbf,0x6d,0x20,0x49,0x48,0xe0,0xfa,0x40,0xc3,0xe5,0xd6,0xbf,0xa2,
	0x34,0x55,0x31,0x65,0xa4,0xa1,0x32,0x94,0xb8,0x66,0xcc,0xfe,0xd8,0x3d,0x30,0x7e,
	0x02,0x01,0xb8,0x17,0x17,0x5f,0x3c,0x7e,0xf2,0xd8,0x68,0xc3,0xe3,0x94,0xe2,0x9d,
	0x61,0x6d,0x60,0x52,0xd8,0xdd,0xf5,0x00,0xaf,0x14,0x5d,0xb7,0x39,0xa8,0x35,0x50,
	0xa1,0x5f,0x7b,0x7f,0x90,0xf1,0xd5,0x37,0xe3,0xfe,0x5d,0x06,0x82,0xe1,0xbc,0xb0,
	0x0a,0x95,0x8a,0x31,0x26,0x42,0x2d,0xe3,0x70,0x07,0xff,0xf6,0x9f,0x99,0xa1,0x11,
	0xbf,0xbc,0x9a,0x69,0x11,0x82,0xfa,0xc6,0x00,0x28,0x6a,0x3c,0xd3,0xa4,0xce,0x62,
	0xc7,0x91,0xbc,0x72,0x22,0xc1,0xab,0xcc,0x8a,0xa6,0xc3,0xfd,0xb8,0xd2,0xb4,0x0b,
	0xc8,0xc0,0xa3,0xbf,0x76,0xde,0xa0,0x57,0xe9,0x81,0x84,0xe3,0x2b,0x6a,0xdd,0x4c,
	0xce,0xaa,0xb3,0x8e,0x61,0x91,0x9e,0x39,0xe4,0x6b,0x12,0xf1,0xc6,0xbd,0xaf,0x3c,
	0xa1,0x01,0xb0,0x5d,0xc9,0x19,0xc3,0xa9,0x74,0x7e,0xbc,0xfe,0xb5,0xb8,0xfb,0x95,
	0x6b,0x0a,0xb0,0x15,0x3b,0x97,0x73,0x22,0xf5,0x83,0x0b,0x78,0x57,0xe0,0x3b,0xba,
	0xf3,0x91,0x46,0x90,0x7d,0xc1,0xb6,0x4a,0xd2,0x4b,0x3d,0x4e,0x40,0x5a,0x88,0xf8,
	0xd4,0x5e,0xb4,0xb9,0xd0,0x78,0xdb,0xed,0x45,0x5f,0x28,0x9a,0x3e,0x83,0xa5,0x04,
	0x8e,0x39,0xb9,0x20,0xe2,0x0a,0x9e,0xf3,0xf8,0x69,0xe0,0xa2,0xad,0x82,0x49,0x8c,
	0x73,0x57,0x86,0x79,0x55,0x5d,0xa7,0xb5,0xd3,0xf9,0x1b,0x39,0x5d,0x58,0xe3,0xd6,
	0xfc,0x8e,0x4c,0xb0,0x63,0x32,0x61,0x2f,0x9b,0x99,0xff,0x0e,0x59,0x36,0x4c,0x38,
	0xba,0x3f,0x62,0xf6,0xa1,0x73,0xe9,0xd2,0x8a,0xc2,0x49,0xc9,0x0b,0xad,0x4a,0x70,
	0x02,0x01,0xd0,0x21,0xfc,0xcd,0x80,0xfe,0x4f,0xee,0xbb,0xca,0xb1,0x4f,0xc7,0x40,
	0xd7,0xd8,0x0c,0x69,0x49,0xda,0x55,0x28,0x30,0xd5,0xd2,0x34,0x7d,0xd1,0x62,0x15,
	0xfb,0x70,0x2b,0xd0,0xd6,0x00,0x09,0x6f,0xfe,0x06,0x7c,0x21,0xbd,0x4d,0x47,0x81,
	0xd6,0x18,0xf0,0x31,0x62,0x10,0xe8,0x94,0xa4,0x75,0x03,0x3d,0x13,0x4f,0x59,0xa3,
	0xce,0x92,0x2f,0x8e,0xf4,0x0b,0x9f,0xb7,0x3a,0xa8,0x86,0xca,0x21,0x41,0xa0,0xf0,
	0x61,0xd6,0x15,0xfc,0x56,0x19,0x24,0x23,0xd2,0xb5,0xac,0xe7,0xbc,0xcc,0xf5,0x81,
	0xc9,0x17,0xee,0xdb,0x27,0x7e,0x25,0xb1,0x0d,0x70,0xe7,0x3a,0x27,0xe1,0x9b,0x63,
	0xe2,0x8f,0x33,0xec,0x82,0xf9,0x2c,0x5c,0x5d,0x53,0xe1,0xd6,0xcf,0x6a,0x63,0x7a,
	0xd0,0x7d,0x54,0x3a,0x21,0xd7,0x4b,0x1d,0x99,0x1c,0xaa,0xe7,0xde,0x2b,0x45,0xf7,
	0xbf,0x6d,0xf3,0x55,0x39,0xa8,0xcd,0x79,0x94,0x04,0xf3,0xed,0xff,0x22,0xd4,0x89,
	0x92,0x60,0x67,0xcb,0x6e,0xff,0x20,0xd3,0xe8,0x94,0xba,0x08,0xc4,0x14,0xbd,0xbe,
	0x4c,0x97,0x3c,0x66,0x62,0xe3,0x54,0xbe,0xf8,0x4a,0xd7,0x87,0x54,0xf1,0xe8,0x08,
	0xf7,0x14,0x64,0x72,0xfd,0x5e,0x11,0xfe,0xdc,0x1d,0xf2,0xfa,0x90,0x3c,0x49,0xfd,
	0xff,0xdc,0x72,0xff,0x42,0xbf,0x2d,0x8d,0x35,0xd8,0x74,0x67,0x5c,0x81,0xc3,0x23,
	0x5b,0x9f,0x87,0xcc,0x18,0x29,0x45,0xb2,0x60,0x67,0xf8,0x12,0xeb,0x4f,0xfc,0xdb,
	0x84,0x6c,0x9e,0x17,0x0a,0x94,0x11,0x2b,0xf2,0x1c,0xf1,0xd2,0x1b,0xa1,0x52,0x0a,
	0x68,0x9f,0x39,0xeb,0x72,0x05,0x88,0xc5,0xa7,0x80,0xee,0x0a,0x8d,0xf8,0x36,0x2e,
	0x51,0x20,0x73,0x95,0xa4,0xed,0x5b,0x0b,0x73,0xe4,0xee,0x6f,0x32,0x3e,0x64,0xd8,
	0xab,0xd6,0x05,0x86,0xc8,0x54,0x4f,0xd9,0x1a,0x2d,0x34,0x9d,0x1d,0xec,0x07,0xa2,
	0xf6,0xca,0x0a,0x00,0x57,0x05,0x9d,0x68,0x12,0xd1,0xce,0x5f,0xe9,0xe0,0x0b,0xd1,
	0x7f,0x32,0xdd,0x26,0x0b,0xf0,0x98,0x59,0x24,0xfa,0x93,0xfb,0xa2,0x90,0x27,0xbf,
	0x50,0xab,0x65,0xa4,0x73,0xeb,0xb4,0x63,0x67,0x90,0xa7,0x7a,0xc9,0x4d,0xf4,0x3a,
	0x7c,0x2d,0xed,0x5d,0x07,0xc3,0x22,0x14,0x4e,0xd8,0x64,0x93,0x9c,0x83,0x96,0xc0,
	0x67,0xdf,0xf4,0xbc,0x47,0xe9,0x52,0x5c,0x81,0xa6,0x0b,0x05,0x6d,0x8e,0x43,0x75,
	0xb4,0xd8,0x83,0x57,0xbe,0x86,0xda,0x18,0xa7,0x07,0xfb,0x8b,0x38,0xcd,0xeb,0xf1,
	0x39,0xed,0xa9,0xc6,0x58,0x5d,0x9a,0x1e,0x2d,0xc6,0x68,0x66,0x40,0x39,0x57,0x40,
	0x68,0xba,0x06,0xa2,0x70,0x49,0x40,0x54,0x5b,0x03,0x42,0xbf,0x47,0x67,0xa3,0xb1,
	0x11,0x91,0xcd,0xaa,0xd9,0x08,0x1f,0xe8,0x61,0x22,0x98,0x48,0xf0,0x1c,0xad,0x0f,
	0xbe,0xc8,0x8b,0x0f,0xca,0xce,0xec,0xe7,0x78,0xac,0xda,0x36,0x1e,0x87,0x71,0x0e,
	0x00,0xd6,0xd9,0x94,0x04,0x50,0x36,0xee,0xfc,0x52,0xe5,0xc4,0xb1,0x73,0x5d,0xbc,
	0x03,0xf8,0x93,0xaa,0x4b,0x96,0x88,0x2b,0xd4,0xf1,0x94,0xbd,0xd8,0x2d,0x96,0x19,
	0x8c,0xc3,0xec,0x1f,0x36,0x1e,0xf6,0xce,0xf4,0x32,0xf6,0x1c,0x9a,0xd9,0xe0,0xf4,
	0x83,0x51,0x24,0x26,0x5f,0x3e,0x49,0xf4,0xf4,0x21,0x8b,0xf2,0x05,0x6a,0x0e,0xae,
	0x5b,0x73,0x66,0x9b,0x94,0x45,0xe2,0x6c,0x8c,0xe3,0xdf,0x97,0x3e,0x26,0x60,0x5b,
	0x89,0x5f,0xf3,0xbf,0x9a,0xc9,0x8c,0xb8,0x09,0x7a,0x4f,0xd3,0xdb,0x6d,0x82,0xf1,
	0x23,0x57,0x01,0xe6,0x87,0x51,0x39,0x41,0x68,0x07,0xb4,0x3a,0xcf,0xe0,0x66,0x33,
	0x31,0x75,0xbd,0x1a,0x52,0x81,0x07,0x58,0x3f,0x63,0x10,0x55,0xa9,0xe3,0xff,0xe5,
	0x6f,0x3c,0xcc,0x11,0x81,0xf8,0x0c,0xc3,0x54,0x6a,0xeb,0x4e,0x09,0xdc,0x7d,0xda,
	0x15,0xcc,0x9d,0x02,0xfd,0x82,0x2b,0x4e,0x54,0xe0,0x9e,0xad,0x8f,0x9a,0xd4,0xc4,
	0xef,0x2e,0xa3,0xaf,0x66,0x07,0x46,0x26,0xe5,0x30,0xfd,0xea,0x45,0xb6,0x67,0x23,
	0x70,0x02,0x9b,0x65,0x26,0x7c,0x57,0x37,0x16,0xaa,0xfd,0x28,0x04,0x83,0x1f,0x71,
	0x8f,0x9f,0x3c,0x6b,0x76,0x47,0xf4,0xab,0x58,0xbd,0xa0,0x32,0x85,0x89,0xf1,0x0f,
	0x00,0x04,0xcf,0xfb,0x61,0xb1,0xb7,0xc6,0x57,0xc0,0x04,0xdd,0x54,0x40,0x70,0xdc,
	0x5f,0x72,0xf3,0xa5,0xdb,0x92,0x69,0x18,0x02,0x40,0x41,0xf4,0xf7,0x3b,0x28,0x10,
	0xdb,0x20,0x27,0xf0,0x3d,0xbe,0x0a,0xa9,0x35,0x63,0x12,0xea,0x7b,0x14,0x06,0x84,
	0xc2,0xe2,0x24,0x1b,0x18,0x40,0x8d,0xe8,0xc8,0x9b,0x05,0x17,0x65,0xc2,0xec,0xf6,
	0x53,0x2e,0x43,0xe6,0xd7,0x5c,0xfa,0x32,0xf1,0xbf,0xae,0x70,0x6b,0x69,0x07,0xab,
	0x08,0xe0,0x1d,0x87,0x21,0xf0,0x62,0xd1,0xa8,0x41,0xf7,0xe5,0xf6,0xb6,0xf3,0x09,
	0x56,0x17,0xe1,0x7b,0x71,0x65,0x98,0x77,0xfd,0x26,0x31,0x20,0x78,0x0e,0x12,0x06,
	0xc7,0xe4,0xe8,0x4e,0xdb,0xc4,0xa8,0x11,0x19,0x1f,0xc2,0x2c,0x66,0x41,0xa5,0x63,
	0xfd,0x03,0x3f,0xf7,0xb7,0xe4,0x86,0x06,0xca,0x49,0x35,0xcc,0x9f,0x24,0x52,0xea,
	0xe7,0x4d,0xb8,0xd2,0x0a,0xec,0x36,0x2d,0x36,0x98,0xd4,0x75,0x48,0x2f,0xc4,0x17,
	0x5d,0xbd,0x3b,0xfd,0xc1,0xf2,0x82,0x8d,0xaa,0x26,0x12,0x65,0x0a,0x1d,0x3e,0xc1,
	0xe5,0x99,0x3b,0xac,0xb7,0x42,0xdc,0xfe,0xde,0x26,0x5e,0xb9,0x86,0x83,0xed,0xf3,
	0xc0,0xbf,0xaf,0x02,0x9e,0xb7,0xca,0x53,0xda,0x90,0x7a,0xae,0xb0,0x35,0x26,0x8e,
	0x86,0xa0,0xaa,0x38,0x5f,0x19,0x9b,0x3d,0xa3,0xde,0xbb,0x7f,0xed,0x93,0x0a,0x1e,
	0x01,0x39,0x3a,0xb9,0xeb,0xf0,0x32,0x50,0x99,0x23,0x85,0x95,0xac,0x0e,0x6d,0x54,
	0x5d,0x8f,0x76,0xf2,0xd5,0x8b,0x53,0x45,0x97,0x8b,0x78,0xf6,0xbb,0x64,0xa8,0x07,
	0xd3,0xc3,0x83,0x53,0x99,0x49,0x87,0x49,0xa5,0x1b,0x08,0xfd,0xea,0xb3,0xe6,0xb5,
	0x28,0xb7,0x1d,0x71,0xde,0xaa,0x3c,0xda,0x0b,0x59,0xd1,0x89,0x0e,0x37,0xc2,0x1f,
	0x4c,0xc1,0x0e,0x8e,0x10,0x98,0x79,0x1e,0x4e,0xff,0x9c,0x4d,0x0c,0x07,0x87,0x81,
	0x41,0x55,0xa8,0xf1,0xa8,0xd3,0x55,0x15,0x9c,0x84,0x29,0x2c,0xf8,0x10,0x44,0x79,
	0x48,0x39,0xce,0x4c,0xa0,0xb7,0xf3,0x27,0x03,0xb0,0xa4,0x49,0x4c,0x3a,0xbf,0x1b,
	0xc2,0xa2,0x6d,0x26,0x72,0x73,0xd3,0xb9,0x70,0x3b,0x09,0x65,0x70,0x7f,0x30,0x0b,
	0x31,0xb5,0xae,0xb9,0x2e,0xe8,0x18,0xd9,0xe5,0xe8,0x57,0xbd,0xf2,0xe3,0x6f,0x77,
	0x9f,0xa5,0xe1,0x51,0xe4,0x7d,0x17,0xc0,0x0f,0x28,0x5d,0xf6,0xd8,0x11,0x35,0x27,
	0x76,0x11,0x3c,0xe7,0x4c,0x66,0x48,0x49,0xb6,0x90,0x6e,0xeb,0x6d,0xef,0x41,0xc2,
	0xf2,0xba,0x19,0xad,0x46,0x1a,0x6e,0x3c,0x59,0x2a,0x38,0x4c,0x77,0xb0,0x2c,0xdb,
	0xb3,0x80,0x71,0x2d,0xd4,0xc7,0x87,0xb3,0x67,0xad,0x8c,0x45,0x10,0x37,0xb8,0xe0,
	0x4c,0xb2,0x02,0xc1,0xea,0x53,0xca,0x7d,0x49,0xb0,0xa9,0x0e,0x0d,0xb9,0x8b,0xcd,
	0x62,0x55,0x7f,0xd1,0xff,0x89,0x11,0xd4,0xe8,0x4f,0x38,0x90,0x1a,0xb7,0xf0,0x3e,
	0x8d,0x2a,0x72,0x43,0xec,0xcd,0xb2,0xb9,0x1b,0x41,0x4a,0xba,0xcc,0x18,0x99,0xb0,
	0x9e,0x64,0xeb,0x9c,0xc7,0x60,0x4b,0x4a,0xf2,0x6b,0xcd,0x94,0x16,0x31,0x1f,0x19,
	0x95,0x9f,0x94,0x40,0x6f,0x61,0xdb,0x34,0xc4,0xd0,0x21,0x47,0xfd,0x6d,0x7d,0x0f,
	0x7c,0xca,0x0b,0x2f,0x79,0x09,0xbd,0x2e,0x91,0x2b,0xba,0x57,0xee,0x46,0x84,0x4d,
	0x7b,0x43,0x4e,0x49,0xcf,0x83,0x27,0x15,0x39,0xc4,0x96,0x0d,0x6a,0x9a,0xc9,0x81,
	0x1f,0xab,0xed,0xcf,0xd7,0xe5,0x20,0x89,0x2e,0xd6,0x08,0x87,0x20,0xa1,0xea,0x71,
	0x89,0xd5,0x53,0xbe,0xcf,0x60,0x5e,0x9e,0xda,0x0b,0x67,0xc9,0xf6,0x80,0xb4,0x73,
	0xb7,0x8a,0xbb,0x92,0x0c,0x3e,0x3d,0xd7,0xa8,0xaf,0x2a,0x0a,0x84,0x21,0x64,0x62,
	0xa5,0xbb,0xf1,0x5d,0xaf,0x5c,0xf2,0xa4,0x5b,0xe5,0xcf,0x85,0x45,0xbb,0xf1,0x49,
	0xa2,0x12,0xdc,0x1a,0x94,0xf5,0x1e,0x3f,0x6c,0x97,0x6d,0x88,0x9a,0xbd,0x05,0x15,
	0x41,0x78,0x9a,0x43,0x98,0x46,0xd7,0x01,0x7c,0x15,0x39,0xd6,0x1a,0x61,0x98,0xbd,
	0x19,0xe7,0x3e,0x83,0xa1,0x8d,0x3a,0x63,0xcd,0xa6,0x35,0xaa,0xb6,0x44,0x64,0xd6,
	0xb8,0xea,0xcf,0x2d,0xe3,0x7a,0xe7,0xab,0x40,0x19,0x49,0x7f,0x01,0x02,0x7a,0xea,
	0xf9,0x56,0x20,0x02,0x01,0xd0,0x29,0xfc,0xcc,0x80,0xfe,0x4d,0xc7,0x10,0xe8,0x59,
	0xfe,0x15,0x39,0xa7,0xca,0xa2,0xa5,0x50,0xcc,0x7c,0xe6,0xc9,0xce,0x09,0xc6,0x89,
	0x99,0x03,0x5d,0x3a,0xe8,0xd2,0x01,0x80,0x10,0x70,0x11,0x34,0xab,0xc2,0x24,0x99,
	0x1d,0x33,0x65,0x1d,0x86,0x4b,0x31,0xbf,0x8c,0xff,0x07,0x04,0x77,0x76,0x02,0x67,
	0x4c,0xef,0x65,0x95,0x81,0xf8,0x0a,0xdc,0xd8,0x67,0x80,0xc3,0xad,0xe6,0x12,0xf2,
	0xde,0xb0,0x53,0x17,0xd6,0xf5,0xfd,0x69,0xb3,0x78,0x7c,0x6e,0x01,0x90,0xac,0x2b,
	0xf4,0x7a,0x56,0x02,0xd2,0xdf,0x20,0x7d,0xb8,0x30,0x90,0xb7,0xf3,0x81,0x38,0x72,
	0x1b,0x9f,0xb3,0x66,0x49,0x10,0x71,0x52,0x37,0xbe,0x07,0xbe,0xc1,0x20,0xc0,0xbb,
	0xf0,0x85,0xab,0x5e,0x65,0x87,0xe8,0x72,0xe0,0x06,0x0e,0x86,0xe4,0x11,0xa8,0xa9,
	0xeb,0x23,0x5f,0xb9,0xbf,0xf4,0x92,0x51,0xde,0xe4,0x59,0x4f,0xac,0xaf,0xb4,0xae,
	0xd7,0xb8,0xd3,0xec,0x95,0xca,0x4b,0x6f,0xc0,0x31,0xed,0x0b,0x19,0xf8,0x3b,0x66,
	0x71,0x5e,0x26,0x1b,0x73,0xb2,0x07,0xaa,0xcb,0x1f,0x34,0xff,0xed,0xd5,0x28,0x39,
	0xe8,0x89,0xf9,0x87,0x19,0x90,0x4a,0x32,0x8a,0xc0,0xd0,0x43,0x91,0x31,0xca,0x73,
	0x24,0xc8,0x6d,0xb5,0x4c,0x89,0x3b,0x93,0xc6,0xc2,0x7f,0x7f,0x2a,0xf8,0x75,0x3c,
	0xb2,0x6f,0x07,0x74,0xe0,0x40,0xa2,0xa9,0x0a,0x02,0x3e,0x55,0x0b,0x1c,0xf0,0xbb,
	0x8a,0xec,0x4d,0x38,0xa6,0x70,0x96,0xc0,0xb3,0x58,0x6c,0x88,0x67,0x7c,0xb7,0xd4,
	0xd3,0x8e,0x96,0x4f,0x17,0x85,0x48,0x5b,0x15,0x63,0x83,0x25,0x8e,0xe9,0xef,0x1f,
	0x31,0x02,0xf1,0x39,0x17,0x34,0x6d,0x37,0xe5,0x32,0xf6,0x17,0xe4,0xae,0xa7,0xc2,
	0x6d,0x84,0x35,0x0c,0xd6,0x06,0x99,0xcd,0xbf,0xcb,0xf3,0x61,0xad,0x57,0x30,0x26,
	0xb2,0xd0,0x05,0x22,0x29,0x81,0xed,0xd5,0xa6,0xb0,0xfd,0x31,0x79,0xc7,0xbb,0x48,
	0xe5,0x0a,0x1d,0x70,0xce,0x92,0xe9,0x99,0xd2,0xa5,0x07,0xa0,0xdd,0xe8,0xa6,0x13,
	0x1b,0x03,0xcb,0xf8,0x5e,0xd3,0x3f,0x07,0xda,0x9f,0x76,0x67,0xe9,0x09,0x05,0xf8,
	0x79,0x94,0xd0,0x39,0xa7,0xe4,0x75,0xc2,0xcb,0x59,0x9b,0x74,0xac,0x49,0xe9,0xb8,
	0xf4,0xeb,0xc1,0x10,0x49,0x2b,0xad,0x28,0x37,0x8d,0x7d,0x27,0x64,0x96,0xa6,0x5b,
	0x5e,0xd6,0x5a,0x09,0x49,0xc5,0xe0,0x84,0xbe,0x2d,0xca,0x4a,0x1f,0x47,0x43,0xec,
	0xe7,0x4c,0xf0,0x28,0x49,0xcc,0xc6,0x6b,0xe2,0x26,0xb2,0x4d,0x2f,0xc8,0xdb,0xb1,
	0xbf,0xbe,0x18,0x93,0x61,0xc4,0x68,0x3c,0xe9,0xda,0x23,0x67,0xdd,0x27,0x91,0x99,
	0xee,0x01,0x87,0x1e,0x4a,0x2f,0x28,0x4c,0xfb,0xb6,0x68,0x82,0xda,0xce,0x1f,0x19,
	0x67,0x65,0x0b,0x16,0x8e,0xf4,0xa1,0x3f,0x66,0x6d,0x37,0x1e,0xea,0xbf,0x83,0x57,
	0xcc,0xc9,0x32,0xff,0x68,0x0b,0x46,0x72,0x97,0x3a,0x06,0x09,0xe6,0x83,0xbc,0x3d,
	0x00,0x4c,0x9e,0x3a,0xbc,0xca,0x03,0x82,0xa4,0x72,0x9d,0xe5,0x67,0x03,0x63,0x87,
	0xc7,0x52,0xd7,0xa4,0x0c,0xc3,0x40,0x9d,0xd1,0x58,0xa3,0x89,0xc4,0xca,0x17,0xc2,
	0x1a,0x1a,0x04,0xa2,0xbb,0x3b,0x80,0x5b,0xc1,0xff,0x1a,0xa9,0x01,0x51,0x48,0xa9,
	0x9d,0x8a,0x9f,0x39,0x0d,0xb7,0x4f,0x10,0xe3,0xd0,0x4a,0xdc,0x01,0x8c,0xf9,0xd9,
	0xee,0xdc,0xbe,0x89,0xb9,0x9d,0x86,0x9a,0x8b,0xbe,0x59,0xa3,0x99,0xe8,0x71,0x08,
	0x3a,0x6d,0x3a,0x23,0xe0,0xca,0xbd,0x82,0x05,0x82,0x87,0x3f,0x78,0xab,0x64,0xc8,
	0xba,0x3f,0x59,0x2b,0x61,0xc3,0xe3,0x5f,0x3d,0x11,0xff,0xbb,0x36,0xa0,0x47,0xcc,
	0xce,0x4b,0x5e,0xa1,0x4e,0x60,0xcc,0xdf,0xfa,0xfd,0xed,0x80,0xe0,0x89,0xd3,0xa9,
	0xf3,0x9f,0x99,0x1a,0x2d,0x2c,0x4e,0x08,0x63,0xde,0x41,0xe6,0xb4,0x25,0x58,0x8d,
	0x8e,0xc7,0x9d,0xd0,0xdf,0xc2,0x60,0x26,0x66,0x56,0xc7,0x0b,0xb0,0x46,0x69,0xab,
	0x8b,0x01,0x36,0x20,0x96,0x49,0xff,0x02,0x27,0x72,0x4f,0xf2,0xd1,0x65,0xcb,0x94,
	0x99,0xb2,0x91,0x38,0x9e,0x6a,0x0c,0xaf,0xc8,0xf5,0x70,0x2e,0x00,0x1d,0x91,0xaf,
	0xff,0xe6,0x2d,0xd5,0x1f,0x5c,0x5d,0xdb,0x4c,0x99,0xdc,0xa4,0xe8,0x78,0x21,0xfb,
	0x58,0x3c,0xa6,0x1e,0x2e,0x55,0xf0,0x71,0xe5,0x04,0xe4,0x5d,0xa9,0x27,0xa2,0x71,
	0x92,0xfd,0xed,0xe6,0x6e,0x1b,0x6c,0x83,0x0a,0x41,0x4c,0x47,0xbc,0xd2,0x6b,0x06,
	0x7d,0xd4,0xed,0x00,0x3e,0x50,0x2e,0x5f,0x44,0x76,0xbc,0x67,0xc1,0xab,0x1e,0x9f,
	0xe4,0x3f,0x65,0xb6,0x7d,0x51,0x93,0xd0,0xaf,0x1c,0xe1,0x25,0x48,0xe5,0xcd,0x09,
	0x6f,0xa5,0x8d,0xf0,0x0d,0x45,0xb0,0xa1,0xaa,0x6f,0x35,0xb6,0x1c,0x10,0xca,0xfe,
	0x1c,0xc6,0xfe,0xe3,0xe8,0xd0,0x47,0x50,0xef,0xf2,0x11,0x75,0x0b,0xcb,0xbb,0x71,
	0x56,0x51,0x29,0xc8,0xc4,0x9c,0xbd,0x7e,0x5f,0x4c,0xa0,0xfc,0x2d,0x95,0x85,0xa8,
	0xda,0x46,0x8d,0x31,0x3c,0x4d,0xb1,0x5c,0xc1,0xcd,0xf8,0x13,0x8c,0x92,0x95,0x2a,
	0xa6,0x4a,0x7c,0xe4,0x1b,0x0d,0x23,0xf9,0x80,0x32,0xd7,0x65,0x58,0x9a,0x93,0xc2,
	0xc7,0x56,0xdb,0x16,0xdb,0x34,0xa0,0xa2,0x8b,0x0a,0x82,0x59,0x50,0x14,0xdb,0xbf,
	0x11,0x9d,0x38,0x0d,0x50,0x83,0x4f,0x2b,0x81,0x4a,0xd0,0xc1,0x97,0x14,0x56,0x9b,
	0x59,0x7e,0x72,0x22,0x43,0x0b,0x30,0xaf,0x0a,0x5b,0xa5,0xb8,0x4b,0xcd,0x87,0xcf,
	0x9b,0x96,0x9b,0x82,0x7a,0x86,0xde,0x64,0x32,0xf7,0xae,0xc3,0x50,0x4c,0x2e,0x5d,
	0xc6,0x88,0x9d,0x50,0x7c,0x09,0xda,0x81,0x4a,0xf9,0x77,0x93,0x9e,0xd4,0x03,0x65,
	0x01,0xf7,0x27,0x62,0xc8,0xa1,0x58,0xc0,0x4a,0x10,0x27,0x31,0x52,0x10,0x34,0xc9,
	0x50,0x20,0xc5,0x53,0x99,0xc3,0x82,0xa9,0xb4,0xd5,0x29,0x8c,0x8e,0x81,0xf0,0x42,
	0xf0,0x3e,0x2d,0x5b,0x72,0x42,0x0c,0xac,0x19,0x6d,0xac,0xe0,0x92,0x03,0x5f,0x4f,
	0xf7,0x48,0x0e,0x4b,0xb0,0x10,0x1a,0x2e,0x30,0xaf,0x7b,0x12,0x31,0xc8,0x1b,0xce,
	0xda,0xcb,0xdd,0xcc,0x1f,0xea,0xeb,0x09,0xfc,0xf3,0x1d,0x88,0x1c,0x49,0x99,0x0a,
	0x64,0x48,0xb2,0xd7,0xd9,0x09,0x43,0xe2,0x7d,0xa3,0x92,0x32,0x2a,0x62,0xdd,0x21,
	0x07,0x5e,0x6d,0x41,0x0e,0xe4,0x5a,0x3e,0x13,0xc2,0x6c,0x66,0x30,0x55,0xba,0xed,
	0x1f,0xcc,0xbd,0x26,0x88,0x7c,0x22,0x93,0x0c,0xde,0x3f,0xa6,0xbd,0x89,0xd9,0x5b,
	0x93,0x06,0xa0,0x8b,0xc5,0xc8,0x50,0x40,0x95,0x61,0x8f,0xa8,0x4c,0x2c,0x9a,0x77,
	0xa7,0xe6,0x89,0x87,0xf8,0xf9,0xfd,0xe2,0x46,0x71,0x08,0x10,0xee,0x65,0xb6,0x21,
	0x97,0x27,0xf2,0x3e,0x7f,0xe6,0x25,0x0f,0x0c,0x9a,0x31,0x00,0x6a,0xff,0xe5,0x08,
	0x22,0x3f,0x66,0x66,0xc5,0x5b,0x7e,0x18,0x1c,0x34,0xec,0x2a,0xfd,0x18,0x8f,0x1e,
	0xa3,0xcb,0xfc,0x43,0xb8,0x48,0x4c,0xdb,0xa0,0x26,0xb5,0xae,0xcc,0x4f,0x55,0x1e,
	0x39,0xbe,0x5c,0xe5,0xab,0x0e,0x5d,0xe4,0x46,0x17,0x40,0x3d,0xaa,0x2b,0x38,0x91,
	0x37,0xfe,0xc2,0xf3,0x56,0x9c,0x37,0x68,0x14,0xad,0xb4,0x11,0x83,0x92,0x6a,0xad,
	0x2f,0x03,0x28,0x4b,0x92,0xf6,0xaf,0x67,0xfa,0x79,0xc6,0x2a,0xf4,0x68,0xe0,0x8a,
	0xe0,0x88,0xb2,0x3a,0x50,0x87,0x59,0x7c,0x98,0x9d,0xbb,0xc6,0x2e,0x5b,0xae,0x0d,
	0xe6,0xd7,0xfc,0x36,0x4c,0x73,0x27,0x98,0x05,0x85,0xd0,0x31,0x3b,0x01,0xa6,0x50,
	0x2a,0x46,0x6e,0x9c,0xee,0x04,0x9f,0xff,0xa6,0x16,0xca,0x9a,0xa2,0x97,0xfb,0x70,
	0x22,0xb3,0xe4,0x3f,0xac,0x8b,0xed,0xa8,0xc7,0xea,0xa2,0xd3,0xb9,0x10,0x0a,0xd2,
	0x4e,0x48,0x34,0x3a,0xa0,0x6f,0x83,0x6a,0x62,0x32,0xac,0x01,0x62,0xfd,0x57,0x9a,
	0x44,0x03,0x7e,0xdc,0xe3,0x1f,0x33,0x58,0x0d,0xad,0xc1,0xf8,0x39,0x57,0x10,0x9d,
	0x8c,0x42,0x7d,0x31,0x35,0x03,0xa4,0x31,0x90,0xb0,0x3e,0x66,0x71,0x2f,0x50,0xe9,
	0xcd,0xff,0xe2,0x98,0x36,0x77,0x21,0x57,0x70,0x33,0xff,0xfa,0x38,0x70,0x80,0x75,
	0x07,0x50,0x10,0x5a,0xea,0xa5,0x36,0x7b,0x85,0x7d,0xc8,0x78,0x44,0x60,0xa2,0x43,
	0xf2,0xf2,0x9f,0xbe,0x3f,0xda,0xe4,0xf7,0x22,0xd8,0xc5,0x57,0x4b,0x6a,0x63,0xa8,
	0x00,0xf5,0xb6,0x8c,0x79,0x6d,0xca,0xbe,0x55,0x0b,0x55,0x64,0x61,0x46,0xfe,0xd4,
	0x91,0x95,0x4d,0x82,0x49,0x41,0x26,0x57,0x7a,0x96,0x44,0x8b,0xfd,0xc9,0x66,0x46,
	0xe2,0xc6,0x05,0x3c,0xc2,0x2f,0xe8,0x60,0x09,0xd8,0x4a,0x43,0xf5,0xeb,0xcd,0xd9,
	0x78,0xef,0xaf,0x70,0x31,0x03,0x9c,0x38,0x77,0xcb,0x56,0x89,0x02,0xd2,0x6e,0xa2,
	0x5b,0x2b,0x4d,0xf6,0x4d,0x07,0xb2,0xf3,0xad,0x87,0xdc,0xb8,0x0f,0x8d,0x08,0x30,
	0x40,0x55,0x70,0x5a,0x00,0x0b,0xa9,0x47,0xfb,0xf7,0xd1,0xaf,0x25,0x91,0xcf,0xad,
	0xd6,0x77,0xcc,0x30,0x82,0x19,0xb6,0xfb,0xda,0x1e,0x9b,0x57,0x36,0x00,0x88,0xb4,
	0x37,0x38,0xf6,0xdb,0x18,0x19,0x4b,0xf6,0x2e,0x4a,0x20,0x0b,0x8b,0x59,0xaa,0xe1,
	0x8e,0x65,0xff,0x17,0x7d,0x8a,0x13,0x90,0x00,0xb5,0x75,0xab,0x62,0x4d,0x38,0xf8,
	0xfb,0xda,0xce,0x86,0x9f,0xc8,0xce,0x96,0x32,0xdf,0xe5,0x17,0xec,0xd4,0x31,0xbe,
	0x71,0x86,0x8c,0x0c,0x12,0x35,0x1a,0xe6,0xd7,0x56,0xb2,0x52,0xf4,0x79,0x9c,0x94,
	0x14,0x05,0xd2,0x5b,0x3f,0x4a,0xc6,0xc4,0x3e,0x61,0x44,0x15,0xc0,0xa8,0x17,0x44,
	0xa4,0xff,0x27,0x2a,0xff,0x20,0x0a,0x37,0x53,0x73,0x43,0x40,0xd1,0xc5,0xe3,0x8a,
	0x32,0xf3,0x75,0x8a,0x1c,0x6c,0x6e,0x72,0x99,0x6a,0x2b,0xc8,0x2b,0xb0,0x2e,0xae,
	0x19,0x1d,0xea,0x3d,0xed,0xd3,0x94,0x1c,0x88,0x17,0xbb,0x53,0x48,0xc6,0x64,0xc0,
	0x04,0xa8,0x70,0xe9,0xfd,0x29,0xe0,0x4c,0x6d,0x90,0x04,0x0a,0xba,0x8f,0xf6,0xfb,
	0x84,0x74,0x3a,0xd2,0x77,0xf4,0xee,0xf2,0xac,0x64,0xf1,0xd0,0x38,0x43,0xa9,0xd9,
	0x12,0xa7,0x73,0xfc,0x6c,0x0d,0xab,0xa4,0x8a,0x0e,0x13,0x9b,0xad,0x87,0xd7,0x06,
	0x8a,0x6d,0x20,0xeb,0x9f,0x94,0xb8,0x61,0xe8,0x25,0xf4,0xf0,0x7f,0x8f,0xbc,0x52,
	0xaf,0x87,0xb5,0xa7,0xbf,0x55,0xa8,0x7e,0x32,0x03,0xcc,0x18,0x8c,0x66,0x5a,0xa8,
	0x8a,0x51,0x56,0x34,0xd8,0x62,0xff,0xfc,0x23,0x1c,0x98,0x00,0x5f,0xff,0x8e,0x02,
	0x0a,0xa7,0x24,0x7d,0x26,0x20,0x60,0x27,0x36,0x3f,0xbf,0xb4,0xd2,0xa1,0x75,0x86,
	0x55,0x49,0x11,0x31,0x9d,0x3c,0xe8,0xae,0x8e,0x33,0x11,0xec,0xbd,0x46,0x40,0xa4,
	0x95,0x7e,0xf2,0x18,0x76,0xe7,0xef,0xbd,0x62,0x58,0xc6,0x0b,0xf8,0x82,0x18,0xbe,
	0x77,0x39,0x19,0x82,0xe5,0xb9,0xb1,0xb4,0x9c,0xc1,0x90,0x36,0xb4,0x7e,0xeb,0xb7,
	0x38,0xa5,0xbd,0x9d,0x3c,0x60,0xe4,0x97,0x30,0xc3,0xfc,0x8c,0x84,0xf9,0x34,0x4d,
	0x39,0x21,0xc1,0x96,0xf6,0xcf,0xa1,0x0a,0x3f,0xea,0x00,0x35,0x02,0xa9,0xea,0x02,
	0x94,0x6b,0x4f,0x58,0x49,0x8c,0xd8,0x5d,0xdf,0x82,0xed,0xf9,0x40,0x69,0xc7,0x02,
	0x01,0xd0,0x31,0xfc,0xcd,0x80,0xfe,0x47,0xb7,0x86,0x2d,0x3b,0x3a,0x74,0x25,0x49,
	0xf6,0x8d,0x7e,0x93,0x04,0x92,0xc2,0xa5,0xd0,0xe8,0x25,0x0d,0xa1,0xaf,0x16,0xe7,
	0x40,0x4f,0x7c,0xf7,0x6e,0xda,0x6f,0x08,0x73,0x49,0x31,0x84,0xd7,0x17,0xac,0x0c,
	0x07,0x1e,0x97,0xc7,0xe4,0x04,0xb5,0xcd,0x77,0xa0,0x02,0xc3,0x2a,0xa7,0x29,0x21,
	0xc1,0x24,0xe5,0xcf,0xa2,0x6b,0x56,0xfe,0x57,0x2c,0x46,0x21,0x94,0x56,0x6b,0x2f,
	0x8b,0x62,0xe5,0xa4,0x30,0xb5,0xbe,0x15,0x74,0xec,0xd6,0x41,0x6d,0xcb,0x17,0x31,
	0x0a,0x17,0x9c,0x93,0x79,0x4b,0xf2,0xab,0xc2,0xbe,0x99,0xe2,0xee,0xfa,0x6f,0x44,
	0xf2,0xc8,0x0f,0x82,0xb9,0x8c,0x79,0x19,0xd8,0x08,0xe1,0xac,0x4c,0x91,0xbf,0x39,
	0x3b,0x3a,0xa1,0x22,0xb7,0x4e,0x55,0xc8,0x74,0xbf,0x36,0xff,0xc2,0x92,0x4f,0x81,
	0xb4,0x76,0x90,0x61,0xa7,0xcb,0xb5,0x60,0x8e,0x38,0xde,0x35,0x7d,0x82,0x5e,0x33,
	0x21,0xbf,0xd3,0x69,0x5c,0x7e,0xa2,0x94,0xc9,0x15,0xb8,0x46,0xcc,0xf2,0xed,0x10,
	0xaf,0x84,0x87,0xab,0x78,0x1a,0x2d,0xaf,0x85,0x5c,0x36,0xca,0xd9,0xe9,0x6c,0xd6,
	0xd9,0x1b,0xae,0x74,0xe1,0x6e,0xff,0xb1,0xdc,0x39,0xd4,0x02,0x14,0x38,0xe5,0xfa,
	0x20,0xb6,0x6c,0x45,0xda,0x4d,0xf0,0x80,0x25,0x9f,0x4c,0x6d,0x08,0x06,0x29,0x60,
	0xcf,0xa7,0x2f,0x13,0x54,0x70,0x48,0x95,0xff,0x7a,0x74,0x14,0x3b,0x23,0x9f,0x8f,
	0x96,0x96,0x40,0xfe,0x9f,0x32,0x4a,0x80,0xce,0x3c,0x2d,0xbf,0xac,0x22,0x5a,0x7b,
	0x5c,0xe4,0xc2,0xb8,0x1e,0x4a,0x40,0x9a,0x0c,0x53,0x58,0xfe,0xef,0x9f,0xa4,0x8d,
	0x48,0x38,0x23,0x6b,0xa3,0x6c,0x71,0xd0,0xb2,0x06,0x92,0xd1,0xb3,0x91,0x6c,0x7d,
	0xe2,0xea,0xb2,0x52,0x48,0x42,0xad,0x39,0xdc,0x3f,0x1c,0x23,0x52,0x22,0x80,0x46,
	0xd8,0xca,0x0c,0x79,0x64,0x34,0xf4,0x59,0x40,0xf9,0x62,0xa2,0xb8,0xbc,0xef,0xf4,
	0x25,0x7c,0xe3,0x55,0x4d,0xfe,0xbb,0x0e,0x84,0x5a,0x9c,0x51,0x17,0x37,0xf2,0xfd,
	0xbc,0x0a,0x72,0xbc,0x91,0x7d,0x3c,0x63,0x23,0x50,0xd9,0x23,0x74,0x43,0x0f,0xb0,
	0x41,0x25,0x96,0x2e,0x36,0x74,0x02,0x7a,0xb0,0xce,0xc4,0x22,0x69,0x04,0xce,0x9d,
	0xf5,0x24,0x07,0x4f,0x45,0xa7,0x8a,0xe3,0x00,0x34,0xa7,0xd3,0x87,0x19,0xab,0x85,
	0x2f,0xdb,0x67,0xfa,0xd7,0x3c,0x09,0xf4,0x9c,0xa5,0x28,0xdd,0x53,0xd2,0xc3,0x65,
	0x38,0x88,0xaf,0x2a,0x6d,0x24,0x2f,0x21,0x70,0xe1,0x33,0x02,0x7c,0x10,0xe3,0x23,
	0x1e,0xc7,0x57,0x85,0x25,0xd6,0x2a,0x4a,0xd2,0xf0,0xe3,0x5a,0x21,0xde,0xeb,0x47,
	0xb4,0xa5,0x91,0xd1,0xfe,0xac,0x1c,0xb6,0xeb,0xa3,0x83,0x87,0x31,0xb7,0xb8,0x44,
	0xa3,0x62,0xf1,0x6c,0xaf,0xcb,0x1a,0xde,0xca,0x0f,0x7b,0xa0,0x66,0xd2,0x49,0xec,
	0x46,0x51,0x00,0x8a,0x82,0x74,0xce,0x7d,0x5f,0xe8,0x40,0xa8,0x8b,0x0e,0xc0,0x70,
	0x29,0x16,0x6c,0xfb,0x16,0x69,0xdc,0xf5,0x17,0x47,0xfb,0x76,0x1b,0xf7,0x06,0xbe,
	0x33,0xd1,0x34,0x68,0x9d,0x26,0x89,0xa7,0xed,0xad,0x64,0x90,0xd8,0x6b,0x27,0x0e,
	0xbc,0xc2,0x41,0xf1,0xd5,0x6b,0x90,0xf1,0x6e,0xde,0xac,0xb8,0x4b,0x42,0xa1,0x99,
	0xd3,0xee,0xa3,0x22,0x2c,0x9b,0xb3,0xdb,0xfb,0x4e,0x49,0x2e,0x18,0xa7,0x70,0x07,
	0x92,0x38,0x74,0x9b,0x4a,0xcb,0x4c,0x18,0x2d,0xa9,0xec,0x8a,0x11,0xe5,0x6e,0x59,
	0xd1,0xb2,0x5c,0x29,0x6c,0x38,0x7b,0x4e,0xeb,0x29,0xce,0x0c,0x5a,0x76,0x68,0xe2,
	0xaa,0x3b,0x02,0x60,0x4b,0xa9,0x90,0xb3,0x3e,0xf5,0x1f,0xfd,0xfb,0x30,0xce,0x31,
	0x14,0xb6,0x22,0x6e,0x71,0x2e,0x24,0x11,0x42,0xc8,0x51,0xd8,0xa3,0xdb,0x01,0x6c,
	0xf1,0x0a,0xdf,0x91,0x01,0x9a,0x28,0x16,0xc8,0x92,0x1e,0x74,0xc5,0x9d,0x58,0x0f,
	0xa2,0x88,0x3e,0x4a,0x91,0x4f,0x8b,0xda,0x74,0xe7,0x24,0x86,0x63,0x60,0x9f,0xf3,
	0x0f,0x9b,0x0d,0x24,0x08,0x39,0x25,0x64,0xa4,0xf7,0xd2,0xc3,0xa1,0xd3,0x95,0xc3,
	0x01,0x80,0x8c,0x46,0x1a,0xc3,0xee,0x5c,0xef,0xf5,0x94,0x10,0x21,0x06,0x56,0x95,
	0x40,0x7e,0x6c,0xd2,0x89,0x6e,0x13,0x69,0xa2,0x67,0xa0,0xb2,0x36,0x44,0xd1,0x1b,
	0x61,0xe9,0x2f,0xf0,0x16,0xa1,0x2e,0x49,0xde,0x32,0xc1,0xd3,0x3a,0x45,0xd3,0x0e,
	0x84,0x15,0x9e,0xc6,0x7e,0xf3,0x6e,0xa9,0x04,0xaa,0xd4,0xf4,0xe6,0x9f,0x1a,0x30,
	0x66,0x50,0xc1,0x35,0x45,0xdc,0x4e,0x64,0x84,0x3d,0xe4,0x85,0x33,0x32,0xfc,0x0e,
	0x74,0x2f,0x33,0xab,0x7e,0xc7,0xcd,0xf2,0x85,0xd7,0xa8,0xdb,0x68,0x75,0xee,0xed,
	0xf5,0x13,0xc8,0x4a,0xfd,0xf2,0xcd,0xf2,0xd7,0xda,0x3d,0x8d,0x16,0xa4,0x27,0x7c,
	0xc3,0x88,0xdf,0x96,0xe1,0x5f,0xae,0x58,0x75,0x8a,0x67,0x71,0xb9,0x91,0xd9,0xef,
	0xd8,0xe9,0xf7,0xde,0xe6,0x04,0x01,0xc1,0xff,0xc7,0xe1,0x58,0x12,0xa0,0x00,0xd4,
	0x0c,0x72,0x9a,0x5b,0xcf,0x4a,0x2f,0x8c,0x7f,0x1d,0xb5,0xc8,0x8f,0xf3,0x99,0xac,
	0x60,0x12,0x25,0x48,0x9d,0x51,0xea,0x0a,0x2a,0x07,0x21,0x09,0x99,0x9b,0x72,0x09,
	0x6d,0xb6,0xa0,0x3c,0x95,0xab,0x6d,0x69,0xed,0xff,0x13,0xfe,0x3f,0xff,0xde,0x91,
	0x7d,0xaa,0x8b,0x22,0x25,0x5e,0x1d,0x2a,0xb2,0xa7,0x95,0x07,0x28,0x64,0x3b,0xa5,
	0x46,0x58,0x7a,0xa3,0x72,0xcc,0xd5,0x6d,0x4c,0xd5,0x15,0x94,0xa4,0x52,0x10,0xab,
	0xf5,0x48,0x3e,0xbe,0xc9,0x6f,0x4a,0xd3,0xb1,0x17,0x15,0x3b,0x8c,0x6d,0xf7,0x63,
	0xf2,0x65,0xfa,0xdb,0x6d,0x41,0x29,0xc3,0x53,0x00,0x88,0xdc,0x22,0xf0,0x92,0x02,
	0x59,0xfa,0x89,0x63,0xab,0xdc,0xc1,0x2d,0x69,0xa7,0x74,0x57,0xc5,0x5e,0xa6,0xf2,
	0xe3,0x7d,0x28,0x9c,0xea,0x33,0xff,0xe0,0x49,0x43,0xb8,0x95,0xf6,0x07,0x3c,0x1c,
	0xd0,0xb4,0x89,0xfa,0x47,0x44,0x1a,0x84,0x47,0x67,0xce,0x69,0x75,0x76,0xb1,0xf1,
	0x3e,0xde,0xe7,0x40,0xd3,0xbf,0x1f,0xdf,0x41,0x09,0x79,0x4f,0xe9,0x05,0xb7,0xdf,
	0xbd,0x14,0x8f,0xf6,0x61,0xad,0x46,0x39,0xdc,0xd2,0x5c,0xcd,0x4c,0xae,0xcc,0x54,
	0xeb,0xaf,0xc5,0x43,0x23,0xd5,0xde,0xec,0x23,0x22,0x44,0xd1,0x89,0xb7,0xa9,0xbf,
	0x26,0xda,0xc2,0xfa,0xf9,0x88,0xf8,0x33,0x93,0xbb,0xa7,0xfe,0xfc,0x13,0xa6,0xd1,
	0xc8,0xea,0xa4,0xbb,0x2c,0xd2,0xac,0xaf,0xa2,0x46,0x3a,0x8c,0x85,0x1b,0xd2,0x37,
	0xef,0x5f,0x53,0x2d,0x76,0x8b,0x44,0x48,0xd4,0x57,0xee,0x77,0xfe,0x1b,0x35,0xbb,
	0x3d,0xcc,0xda,0x7c,0xf7,0xf5,0x32,0xda,0x95,0x50,0x0c,0x4d,0x1b,0x5c,0x91,0x8e,
	0x40,0x89,0x52,0x91,0xdf,0x6d,0xf8,0xa7,0xf5,0x0a,0x14,0x18,0xe2,0xa4,0xe5,0x34,
	0x31,0xda,0x02,0x01,0xd0,0x39,0xfc,0xcc,0x80,0xee,0xbd,0x5c,0x7b,0x83,0x4c,0x96,
	0xce,0x44,0x8f,0x76,0xe1,0x48,0xbc,0xda,0x0f,0xb9,0xdb,0xfa,0xdf,0x91,0xff,0xe2,
	0x5a,0xcb,0x40,0x8c,0x85,0x85,0x2d,0x15,0xea,0xd1,0x4f,0x8b,0x95,0xbf,0xc3,0x6a,
	0x0d,0xa2,0xab,0xa6,0xa9,0x2e,0x11,0x0f,0x25,0x9b,0x90,0x87,0x07,0x5f,0xb7,0xef,
	0x53,0x1b,0xeb,0x7b,0x57,0x4e,0xc5,0xdd,0x14,0x95,0xa1,0xe7,0x83,0x1e,0xfb,0xae,
	0xe3,0xd7,0x5a,0x27,0x8c,0x1d,0x49,0x29,0x7a,0x66,0xac,0x2c,0xcd,0x39,0xad,0x47,
	0xb9,0x6c,0x86,0xa8,0xa0,0x9b,0x1f,0x62,0x73,0x59,0x34,0x6b,0x0c,0x7e,0x0e,0x36,
	0xc2,0x37,0x4e,0xae,0x48,0x5c,0x9a,0x1a,0x0f,0x4b,0x71,0x24,0x2f,0x29,0x99,0x24,
	0x47,0x2a,0x8e,0x8c,0x30,0x44,0xb9,0xc2,0x00,0xd2,0x10,0x64,0x22,0x11,0xf6,0xf7,
	0xac,0x92,0xd1,0x91,0xee,0xc2,0x28,0xca,0xbd,0x4a,0x70,0xc5,0x6a,0x1c,0x00,0x0a,
	0x2d,0x54,0x6b,0x78,0xbe,0x3c,0x5a,0x5a,0x8e,0xf5,0x54,0x1f,0x2b,0x7a,0x52,0x81,
	0xa2,0x10,0xaa,0xef,0xe2,0x6e,0xee,0x72,0x2f,0x27,0x9e,0xe3,0xe1,0xcb,0x7a,0xde,
	0x8f,0x17,0x81,0x5c,0x4e,0xe5,0xfc,0x11,0xd3,0x17,0x47,0xd0,0xa3,0x8e,0xbd,0xd0,
	0xc2,0x0a,0x93,0xe4,0x4d,0x57,0xb4,0x5c,0xf0,0x0d,0x29,0xda,0xe0,0xb5,0xdc,0xf3,
	0xf2,0xd3,0x2d,0x50,0x19,0x85,0x56,0x28,0x34,0x0b,0x21,0x0a,0x20,0xe6,0xc7,0xed,
	0xef,0x5d,0x49,0x79,0x6a,0x29,0x44,0xe7,0x69,0x54,0x58,0x0d,0xc2,0x4b,0x98,0x11,
	0x09,0xd2,0xc4,0xc7,0x5e,0xab,0x31,0x69,0x78,0xd7,0x71,0x5c,0x6e,0x45,0x94,0x56,
	0x65,0x63,0xc9,0xe4,0x09,0x5d,0x5e,0x0d,0x25,0x68,0xf6,0xcd,0x2d,0x4e,0x3b,0x22,
	0xc7,0x63,0xd9,0xb7,0x31,0xe4,0x42,0x5f,0x75,0xe2,0xcb,0xf4,0x92,0x07,0x99,0x24,
	0x3b,0xa3,0xbd,0xe8,0x68,0xb0,0xe8,0x5e,0x6e,0x62,0x54,0x73,0xf9,0xe1,0x19,0xea,
	0x20,0x4b,0xf7,0xb6,0xe0,0x32,0x16,0xf3,0x6a,0x3a,0x26,0x90,0x5b,0x52,0xfc,0xd2,
	0x80,0x57,0xd7,0x32,0x62,0xcf,0x7a,0x29,0x8b,0xb7,0x6f,0x60,0x10,0xae,0x63,0x4d,
	0x9c,0x7b,0x67,0xc2,0x3b,0x95,0xc8,0xad,0xcc,0xb1,0x67,0xae,0x78,0x61,0xbf,0x46,
	0x3d,0x89,0x54,0xd4,0xd6,0x26,0xe6,0x22,0x72,0xa1,0x93,0xe9,0xa1,0x42,0x94,0xfd,
	0xa7,0x4f,0xf2,0x84,0x9d,0x9b,0x60,0xab,0xbf,0x4b,0xc6,0xc1,0x91,0x6e,0x50,0xf0,
	0xff,0x34,0x46,0x44,0xd6,0x95,0x9f,0xf4,0xca,0xe8,0x75,0xee,0xa5,0x43,0x2e,0x19,
	0xf6,0x4c,0xce,0x2c,0xa0,0xdf,0xbb,0x25,0x66,0x21,0x5e,0xb2,0x9d,0x86,0xed,0x3a,
	0xac,0x68,0xc4,0x6d,0xb1,0x1d,0xa8,0x1a,0x59,0x8d,0x92,0xdb,0xe9,0x66,0x8c,0x7b,
	0x20,0xb2,0xf8,0x71,0x6e,0xe5,0x0b,0x7d,0x04,0x78,0x05,0x9a,0xe9,0x40,0x72,0xaa,
	0xbc,0x8b,0x18,0x45,0x60,0x63,0xef,0xe1,0xe7,0xa8,0xe8,0x66,0x70,0x42,0x7d,0x44,
	0xda,0xfa,0x3c,0xf2,0x01,0xee,0x01,0x1e,0x6b,0xda,0xc0,0xad,0x19,0x77,0xd0,0x0c,
	0x49,0xe7,0xe2,0xe2,0xad,0x05,0xd1,0x1b,0x2a,0xb1,0xaf,0x73,0x15,0xa6,0x7d,0xf0,
	0x54,0xf1,0x45,0xef,0xec,0x41,0xb5,0xd7,0xfe,0x1a,0x85,0x9f,0x6a,0xed,0xfe,0xf4,
	0xff,0xbe,0x46,0x02,0xc1,0xf2,0x7f,0x8a,0x56,0x87,0xc6,0xc7,0x16,0xca,0x1a,0x98,
	0x42,0xc6,0xe1,0x4c,0x60,0xfd,0xff,0xab,0xb5,0xb3,0xb5,0x6c,0xc2,0x73,0x5d,0xd8,
	0xec,0xd2,0xdb,0x47,0x8a,0x82,0xc2,0xe4,0x8d,0xc8,0xad,0x5c,0xe1,0xcd,0x58,0x03,
	0x02,0xbf,0xb7,0x45,0xb3,0xc0,0x73,0x55,0xb6,0xea,0xa1,0x24,0x2e,0x19,0x2f,0x17,
	0xc1,0xf4,0x6b,0x18,0x5d,0x56,0x18,0x08,0xc0,0xb9,0x20,0x9c,0x53,0xf3,0xb1,0x9a,
	0x69,0x85,0x56,0x7d,0x5a,0xdb,0x8b,0xd9,0xb2,0x54,0xa5,0xa3,0xa4,0x40,0xdf,0x39,
	0xbc,0xa6,0xe1,0x91,0x4e,0x5e,0x33,0x72,0xd3,0x4e,0x49,0x14,0x23,0x1c,0x14,0x3f,
	0x55,0xb4,0x99,0x32,0x1f,0xe1,0xbc,0xec,0x0b,0x95,0x8d,0xb8,0x6f,0x10,0xc6,0x1c,
	0x18,0x19,0xd0,0x72,0xfa,0xdc,0xef,0x2d,0x30,0x72,0xf9,0x70,0x44,0x6f,0xdb,0xa6,
	0xfd,0x5d,0x13,0x37,0x87,0x3b,0x24,0xd1,0x3a,0xc4,0xc0,0xf9,0x4a,0xbe,0x2d,0x17,
	0xc0,0x6e,0x7a,0x81,0x94,0x60,0xec,0xde,0x9e,0xb4,0xd4,0x68,0xd8,0xff,0x06,0xd7,
	0x62,0x79,0xf0,0x3f,0xb9,0x3c,0x50,0x3d,0x05,0x47,0x70,0xfc,0x93,0x1f,0xa0,0x53,
	0x5d,0xc7,0x79,0x1e,0x80,0xc2,0xf4,0xf9,0x72,0x0e,0x5a,0x16,0x5b,0x04,0x52,0x53,
	0xef,0xa8,0x14,0x8d,0x2c,0x08,0x4b,0x14,0x4a,0x35,0xcf,0x83,0x77,0x81,0xff,0x1e,
	0xb0,0x1f,0x6c,0xba,0xb4,0x07,0x43,0x35,0xe2,0xbe,0xc4,0x9c,0xe2,0x0f,0xcd,0x1e,
	0x18,0x8f,0xce,0xaa,0x76,0xae,0x7f,0xd0,0x73,0xcc,0x7c,0xbd,0x24,0x85,0xa2,0x47,
	0xd1,0x13,0xa1,0xe9,0x82,0x42,0x9e,0xd0,0x98,0xa9,0x77,0x55,0x07,0xe0,0x41,0xc6,
	0xe6,0x2c,0xf9,0x95,0xf7,0xa8,0xb3,0x58,0xd6,0xbc,0x88,0xfd,0xef,0x08,0xb4,0x68,
	0x0b,0xe4,0xf3,0x15,0xd6,0xe8,0x04,0xce,0xff,0xc1,0x69,0x90,0x71,0x95,0xfa,0x90,
	0x77,0x71,0xac,0xd9,0x42,0x3a,0x69,0x8b,0xfa,0x3f,0x02,0xe0,0x7a,0xc6,0xb0,0x51,
	0xeb,0x88,0x9a,0xd1,0x23,0x69,0xe8,0xa4,0x79,0x15,0x03,0xa7,0xeb,0xca,0x17,0x11,
	0x08,0x8d,0x47,0x28,0x71,0xd0,0x55,0x9a,0x92,0xea,0x95,0x83,0xb8,0x4c,0x27,0x26,
	0xa5,0x78,0x24,0xed,0xa8,0x26,0x92,0x0e,0x1b,0x3e,0xbc,0x5e,0x54,0x6a,0xd2,0xb9,
	0xab,0x48,0x60,0x86,0x35,0x8d,0x15,0x43,0xb6,0x58,0xea,0x44,0xc6,0xdb,0xd8,0x20,
	0x3a,0x00,0x14,0x8e,0x5f,0x30,0x7b,0xdd,0xc5,0x9d,0x29,0x37,0x95,0x14,0xe0,0x50,
	0x44,0xb0,0x57,0x17,0x6d,0x74,0xaf,0x28,0x57,0xfe,0x98,0x6a,0x15,0x4e,0x8e,0x2d,
	0xb3,0x5f,0x71,0xab,0x7f,0x3e,0xe4,0x14,0x49,0x5e,0x30,0xdd,0xb4,0x1d,0xcb,0x08,
	0x72,0x3e,0x0a,0x4a,0x1e,0x9f,0x06,0x9f,0x8c,0x69,0x66,0x05,0x50,0x7d,0x4f,0xb6,
	0x0e,
};
#define IPPP_HAVE_GOLDEN 1
static const unsigned char ippp_golden_y[131072] = {
	0x4b,0x4c,0x4d,0x4f,0x4d,0x4b,0x4a,0x4a,0x4b,0x4d,0x50,0x51,0x51,0x51,0x51,0x51,0x51,0x51,0x51,0x51,
	0x4c,0x57,0x87,0x8a,0x8d,0x8f,0x91,0x92,0x92,0x92,0x92,0x92,0x92,0x92,0x92,0x92,0x92,0x92,0x92,0x92,
	0x92,0x92,0x92,0x92,0xcb,0xd9,0xce,0xcc,0xcc,0xce,0xd0,0xd1,0xd1,0xd1,0xd1,0xd1,0xd1,0xd1,0xd1,0xd1,
	0xd1,0xd1,0xd1,0xd1,0x2d,0x24,0x28,0x25,0x25,0x25,0x25,0x25,0x25,0x25,0x25,0x25,0x25,0x25,0x26,0x27,
	0x29,0x27,0x21,0x28,0x24,0x2f,0x5e,0x6e,0x6b,0x6f,0x6c,0x6c,0x69,0x6a,0x75,0x6e,0x6e,0x6e,0x6e,0x6e,
	0x6b,0x69,0x63,0x68,0x6b,0x6b,0x69,0x6a,0xaa,0xab,0xa9,0xa9,0xaa,0xaa,0xaa,0xaa,0xaa,0xaa,0xaa,0xaa,
	0xaa,0xaa,0xaa,0xaa,0xaa,0xaa,0xaa,0xaa,0x47,0x51,0x48,0x44,0x45,0x45,0x46,0x47,0x48,0x4b,0x4e,0x4f,
	0x4f,0x4f,0x4f,0x4f,0x4f,0x4f,0x4f,0x4f,0x4e,0x5a,0x8b,0x85,0x88,0x8b,0x8d,0x8e,0x8e,0x8e,0x8e,0x8e,
	0x8e,0x8e,0x8e,0x8e,0x8e,0x8e,0x8e,0x8e,0x8e,0x8e,0x8e,0x8e,0xc9,0xd7,0xd2,0xd6,0xd7,0xd6,0xd5,0xd5,
	0xd5,0xd5,0xd5,0xd5,0xd5,0xd5,0xd5,0xd5,0xd5,0xd5,0xd5,0xd5,0x2e,0x2b,0x29,0x28,0x28,0x28,0x27,0x27,
	0x27,0x27,0x27,0x27,0x27,0x27,0x27,0x27,0x28,0x2c,0x27,0x29,0x26,0x35,0x5c,0x63,0x63,0x6a,0x64,0x65,
	0x65,0x67,0x71,0x69,0x69,0x69,0x69,0x69,0x6b,0x6b,0x6c,0x66,0x6b,0x6b,0x69,0x6a,0xaa,0xab,0xa9,0xa9,
	0xaa,0xaa,0xaa,0xaa,0xaa,0xaa,0xaa,0xaa,0xaa,0xaa,0xaa,0xaa,0xaa,0xaa,0xaa,0xaa,0x46,0x47,0x26,0x1b,
	0x1d,0x1f,0x20,0x20,0x22,0x24,0x25,0x25,0x25,0x25,0x25,0x25,0x25,0x25,0x25,0x25,0x22,0x24,0x38,0x2f,
	0x31,0x33,0x34,0x34,0x34,0x34,0x34,0x34,0x34,0x34,0x34,0x34,0x34,0x34,0x34,0x34,0x34,0x34,0x34,0x34,
	0x44,0x42,0x3e,0x42,0x42,0x40,0x3e,0x3e,0x3e,0x3e,0x3e,0x3e,0x3e,0x3e,0x3e,0x3e,0x3e,0x3e,0x3e,0x3e,
	0x12,0x12,0x0e,0x14,0x15,0x17,0x19,0x19,0x1a,0x1b,0x1c,0x1d,0x1d,0x1d,0x1c,0x1b,0x11,0x15,0x15,0x15,
	0x11,0x16,0x2b,0x2c,0x29,0x2a,0x25,0x2a,0x2b,0x25,0x25,0x21,0x21,0x21,0x21,0x21,0x2c,0x2f,0x61,0x64,
	0x6b,0x6b,0x69,0x6a,0xaa,0xab,0xa9,0xa9,0xaa,0xaa,0xaa,0xaa,0xaa,0xaa,0xaa,0xaa,0xaa,0xaa,0xaa,0xaa,
	0xaa,0xaa,0xaa,0xaa,0x4a,0x49,0x24,0x21,0x20,0x1e,0x1d,0x1d,0x1d,0x1d,0x1e,0x1e,0x1e,0x1e,0x1e,0x1e,
	0x1e,0x1e,0x1e,0x1e,0x1e,0x22,0x2b,0x30,0x30,0x30,0x31,0x31,0x31,0x31,0x31,0x31,0x31,0x31,0x31,0x31,
	0x31,0x31,0x31,0x31,0x31,0x31,0x31,0x31,0x38,0x3c,0x3f,0x41,0x44,0x45,0x46,0x46,0x46,0x46,0x46,0x46,
	0x46,0x46,0x46,0x46,0x46,0x46,0x46,0x46,0x14,0x15,0x1d,0x1a,0x1a,0x19,0x19,0x19,0x19,0x19,0x19,0x19,
	0x19,0x19,0x18,0x17,0x13,0x13,0x17,0x1a,0x15,0x17,0x24,0x2a,0x26,0x23,0x23,0x29,0x2c,0x25,0x21,0x24,
	0x24,0x24,0x24,0x24,0x22,0x24,0x6c,0x62,0x6b,0x6b,0x69,0x6a,0xaa,0xab,0xa9,0xa9,0xaa,0xaa,0xaa,0xaa,
	0xaa,0xaa,0xaa,0xaa,0xaa,0xaa,0xaa,0xaa,0xaa,0xaa,0xaa,0xaa,0x4a,0x49,0x24,0x21,0x1f,0x1d,0x19,0x21,
	0x26,0x2a,0x1e,0x19,0x24,0x1f,0x1b,0x20,0x1d,0x23,0x21,0x24,0x21,0x22,0x2b,0x2f,0x31,0x31,0x31,0x31,
	0x31,0x31,0x2f,0x2c,0x2e,0x37,0x34,0x32,0x32,0x31,0x2f,0x2c,0x30,0x2e,0x34,0x2e,0x3c,0x3f,0x42,0x42,
	0x42,0x43,0x44,0x44,0x41,0x3c,0x3d,0x42,0x43,0x46,0x46,0x41,0x41,0x3c,0x3d,0x42,0x19,0x18,0x18,0x14,
	0x17,0x17,0x17,0x17,0x17,0x17,0x17,0x18,0x14,0x1c,0x17,0x14,0x15,0x16,0x10,0x15,0x0e,0x0f,0x28,0x2c,
	0x27,0x28,0x21,0x26,0x27,0x22,0x2b,0x29,0x29,0x22,0x29,0x25,0x25,0x25,0x6c,0x65,0x6b,0x6b,0x69,0x6a,
	0xaa,0xab,0xa9,0xa9,0xaa,0xaa,0xaa,0xaa,0xaa,0xaa,0xaa,0xaa,0xaa,0xaa,0xaa,0xaa,0xaa,0xaa,0xaa,0xaa,
	0x4a,0x49,0x24,0x21,0x1a,0x1e,0x17,0x1d,0x26,0x31,0x23,0x1d,0x23,0x1e,0x19,0x1c,0x16,0x20,0x1c,0x21,
	0x1f,0x22,0x2b,0x2f,0x31,0x31,0x31,0x31,0x2f,0x31,0x33,0x31,0x31,0x35,0x2a,0x2f,0x2f,0x31,0x33,0x31,
	0x30,0x30,0x34,0x31,0x3f,0x42,0x42,0x42,0x42,0x42,0x42,0x42,0x45,0x3f,0x3a,0x3b,0x41,0x42,0x3f,0x3e,
	0x45,0x3f,0x3a,0x3b,0x11,0x1a,0x19,0x13,0x15,0x16,0x16,0x16,0x16,0x16,0x16,0x16,0x0a,0x19,0x13,0x0e,
	0x1e,0x19,0x1e,0x19,0x12,0x19,0x26,0x2e,0x2a,0x27,0x2a,0x26,0x25,0x26,0x23,0x24,0x21,0x23,0x28,0x26,
	0x28,0x25,0x6c,0x69,0x6b,0x6b,0x69,0x6a,0xaa,0xab,0xa9,0xa9,0xaa,0xaa,0xaa,0xaa,0xaa,0xaa,0xaa,0xaa,
	0xaa,0xaa,0xaa,0xaa,0xaa,0xaa,0xaa,0xaa,0x4a,0x49,0x24,0x21,0x1b,0x17,0x8f,0x92,0x8f,0x8c,0x30,0x30,
	0x35,0x3a,0x8a,0x95,0x92,0x8a,0x21,0x1f,0x1e,0x22,0x2b,0x2f,0x31,0x31,0x31,0x31,0x2f,0x33,0x87,0x95,
	0x8e,0x8b,0x30,0x33,0x30,0x34,0x88,0x95,0x91,0x8e,0x2e,0x32,0x42,0x42,0x42,0x42,0x42,0x42,0x42,0x42,
	0x38,0x46,0x97,0x8e,0x91,0x8c,0x42,0x42,0x38,0x46,0x97,0x8e,0x97,0x94,0x1a,0x10,0x15,0x16,0x16,0x16,
	0x17,0x17,0x17,0x17,0x1b,0x17,0x93,0x8c,0x87,0x87,0x1c,0x18,0x14,0x19,0x91,0x94,0x95,0x96,0x28,0x28,
	0x28,0x25,0x8d,0x8e,0x91,0x8f,0x2b,0x2d,0x2d,0x26,0x6c,0x6b,0x6b,0x6b,0x69,0x6a,0xaa,0xab,0xa9,0xa9,
	0xaa,0xaa,0xaa,0xaa,0xaa,0xaa,0xaa,0xaa,0xaa,0xaa,0xaa,0xaa,0xaa,0xaa,0xaa,0xaa,0x4b,0x4a,0x24,0x21,
	0x1f,0x93,0x92,0x1b,0x2d,0x95,0x8f,0x30,0x2d,0x8a,0x92,0x1f,0x26,0x8d,0x91,0x22,0x20,0x22,0x2b,0x2f,
	0x31,0x31,0x31,0x31,0x31,0x89,0x95,0x31,0x36,0x91,0x8d,0x32,0x32,0x8a,0x96,0x32,0x27,0x93,0x91,0x33,
	0x42,0x42,0x42,0x42,0x42,0x42,0x42,0x42,0x42,0x8c,0x94,0x3b,0x3f,0x8b,0x94,0x39,0x42,0x8c,0x94,0x3b,
	0x1a,0x8f,0x92,0x12,0x15,0x16,0x16,0x17,0x18,0x18,0x18,0x18,0x0e,0x8a,0x90,0x20,0x1f,0x8e,0x92,0x19,
	0x17,0x91,0x92,0x28,0x2a,0x95,0x93,0x20,0x24,0x93,0x8b,0x25,0x2a,0x99,0x91,0x2b,0x2d,0x26,0x6c,0x6c,
	0x6b,0x6b,0x69,0x6a,0xaa,0xab,0xa9,0xa9,0xaa,0xaa,0xaa,0xaa,0xaa,0xaa,0xaa,0xaa,0xaa,0xaa,0xaa,0xaa,
	0xaa,0xaa,0xaa,0xaa,0x4c,0x4b,0x26,0x21,0x8e,0x96,0x26,0x24,0x2e,0x30,0x8f,0x91,0x8f,0x8c,0x30,0x34,
	0x3a,0x3d,0x8b,0x94,0x25,0x1e,0x33,0x92,0x97,0x2e,0x2a,0x33,0x92,0x94,0x31,0x2e,0x39,0x34,0x90,0x93,
	0x91,0x8c,0x31,0x34,0x2a,0x35,0x89,0x8f,0x49,0x3a,0x3d,0x8b,0x95,0x42,0x42,0x3e,0x90,0x8e,0x42,0x40,
	0x40,0x40,0x92,0x90,0x91,0x8c,0x3e,0x41,0x13,0x1b,0x91,0x92,0x16,0x16,0x17,0x17,0x24,0x2d,0x2f,0x33,
	0x93,0x8d,0x32,0x28,0x1c,0x1e,0x94,0x90,0x8f,0x95,0x25,0x26,0x28,0x26,0x93,0x94,0x99,0x97,0x22,0x2b,
	0x22,0x29,0x87,0x8d,0x2c,0x25,0x6c,0x6b,0x6a,0x6b,0x69,0x6a,0xaa,0xab,0xa9,0xa9,0xaa,0xaa,0xaa,0xaa,
	0xaa,0xaa,0xaa,0xaa,0xaa,0xaa,0xaa,0xaa,0xaa,0xaa,0xaa,0xaa,0x4e,0x4e,0x28,0x21,0x95,0x90,0x24,0x2c,
	0x2a,0x34,0x90,0x94,0x93,0x90,0x3a,0x35,0x32,0x3a,0x8c,0x8a,0x1b,0x1a,0x2e,0x8d,0x8b,0x28,0x2f,0x35,
	0x93,0x93,0x33,0x2e,0x2f,0x32,0x8b,0x90,0x91,0x8d,0x35,0x32,0x2c,0x2c,0x8e,0x8a,0x40,0x3c,0x44,0x93,
	0x89,0x45,0x42,0x42,0x89,0x8f,0x3e,0x3b,0x3e,0x3b,0x8d,0x8e,0x8e,0x8e,0x3c,0x49,0x20,0x17,0x97,0x8b,
	0x16,0x16,0x17,0x17,0x2d,0x35,0x32,0x36,0x90,0x91,0x2a,0x32,0x19,0x19,0x8f,0x92,0x8f,0x91,0x25,0x23,
	0x22,0x23,0x92,0x93,0x95,0x95,0x25,0x28,0x25,0x22,0x95,0x95,0x2a,0x25,0x6c,0x6a,0x6a,0x6b,0x69,0x6a,
	0xaa,0xab,0xa9,0xa9,0xaa,0xaa,0xaa,0xaa,0xaa,0xaa,0xaa,0xaa,0xaa,0xaa,0xaa,0xaa,0xaa,0xaa,0xaa,0xaa,
	0x51,0x51,0x29,0x22,0x8c,0x8c,0x20,0x90,0x92,0x2d,0x96,0x94,0x93,0x96,0x31,0x96,0x8e,0x37,0x93,0x92,
	0x40,0x45,0x2b,0x35,0x3b,0x29,0x31,0x33,0x89,0x91,0x2c,0x90,0x96,0x2b,0x92,0x91,0x92,0x94,0x2f,0x93,
	0x93,0x2c,0x91,0x98,0x44,0x46,0x38,0x47,0x44,0x42,0x42,0x42,0x8d,0x90,0x3d,0x8c,0x99,0x42,0x8e,0x90,
	0x91,0x92,0x48,0x95,0x99,0x19,0x94,0x95,0x16,0x16,0x17,0x18,0x2f,0x32,0x2b,0x2e,0x99,0x92,0x35,0x8c,
	0x93,0x1a,0x8d,0x95,0x90,0x8e,0x26,0x9b,0x97,0x23,0x92,0x91,0x91,0x91,0x23,0x98,0x8f,0x1c,0x8f,0x94,
	0x29,0x25,0x6c,0x69,0x6a,0x6b,0x69,0x6a,0xaa,0xab,0xa9,0xa9,0xaa,0xaa,0xaa,0xaa,0xaa,0xaa,0xaa,0xaa,
	0xaa,0xaa,0xaa,0xaa,0xaa,0xaa,0xaa,0xaa,0x52,0x52,0x29,0x22,0x91,0x8d,0x2a,0x93,0x8e,0x2f,0x92,0x8d,
	0x8c,0x91,0x30,0x90,0x8e,0x3b,0x8f,0x93,0x42,0x42,0x34,0x33,0x2c,0x31,0x28,0x2e,0x8d,0x91,0x33,0x93,
	0x96,0x32,0x93,0x8e,0x8e,0x94,0x31,0x91,0x8f,0x2f,0x8e,0x91,0x43,0x43,0x3e,0x3c,0x3f,0x39,0x42,0x3b,
	0x90,0x8b,0x46,0x8e,0x94,0x44,0x94,0x8e,0x8f,0x97,0x47,0x8d,0x95,0x15,0x8c,0x94,0x16,0x16,0x17,0x18,
	0x33,0x36,0x2e,0x30,0x8c,0x8b,0x2e,0x8b,0x89,0x18,0x89,0x94,0x90,0x8b,0x26,0x93,0x91,0x26,0x93,0x93,
	0x92,0x8e,0x23,0x8d,0x91,0x28,0x93,0x90,0x27,0x28,0x6c,0x69,0x69,0x6b,0x69,0x6a,0xaa,0xab,0xa9,0xa9,
	0xaa,0xaa,0xaa,0xaa,0xaa,0xaa,0xaa,0xaa,0xaa,0xaa,0xaa,0xaa,0xaa,0xaa,0xaa,0xaa,0x52,0x52,0x29,0x22,
	0x96,0x98,0x2f,0x2a,0x29,0x2e,0x93,0x91,0x91,0x93,0x33,0x33,0x38,0x34,0x92,0x92,0x3c,0x3d,0x42,0x42,
	0x45,0x3c,0x2f,0x2e,0x94,0x96,0x37,0x30,0x2f,0x31,0x93,0x91,0x92,0x94,0x33,0x30,0x2f,0x30,0x8e,0x94,
	0x3f,0x44,0x3f,0x3c,0x42,0x42,0x3b,0x3e,0x93,0x90,0x3f,0x40,0x42,0x3d,0x98,0x95,0x94,0x96,0x3a,0x46,
	0x1a,0x17,0x95,0x90,0x20,0x1b,0x14,0x0d,0x2c,0x2f,0x35,0x2f,0x95,0x9d,0x32,0x2d,0x1b,0x18,0x8d,0x8f,
	0x8e,0x91,0x25,0x26,0x27,0x29,0x97,0x92,0x92,0x93,0x22,0x25,0x27,0x2a,0x97,0x8f,0x26,0x27,0x6c,0x68,
	0x69,0x6b,0x69,0x6a,0xaa,0xab,0xa9,0xa9,0xaa,0xaa,0xaa,0xaa,0xaa,0xaa,0xaa,0xaa,0xaa,0xaa,0xaa,0xaa,
	0xaa,0xaa,0xaa,0xaa,0x52,0x52,0x29,0x22,0x93,0x8f,0x29,0x30,0x2d,0x30,0x8b,0x93,0x92,0x8a,0x35,0x37,
	0x38,0x3b,0x99,0x8d,0x3f,0x41,0x47,0x8d,0x8e,0x3d,0x36,0x2d,0x8f,0x90,0x38,0x30,0x2e,0x2e,0x86,0x8f,
	0x8f,0x87,0x30,0x31,0x34,0x32,0x8d,0x8b,0x3b,0x3e,0x41,0x8a,0x86,0x42,0x3a,0x3b,0x89,0x91,0x45,0x43,
	0x44,0x44,0x8f,0x92,0x91,0x8b,0x3e,0x45,0x0c,0x18,0x8f,0x8e,0x12,0x18,0x12,0x14,0x37,0x2c,0x37,0x2d,
	0x91,0x98,0x32,0x35,0x1c,0x17,0x8d,0x95,0x95,0x92,0x24,0x26,0x27,0x27,0x96,0x95,0x95,0x93,0x23,0x29,
	0x1f,0x2c,0x8e,0x90,0x25,0x27,0x6c,0x67,0x68,0x6b,0x69,0x6a,0xaa,0xab,0xa9,0xa9,0xaa,0xaa,0xaa,0xaa,
	0xaa,0xaa,0xaa,0xaa,0xaa,0xaa,0xaa,0xaa,0xaa,0xaa,0xaa,0xaa,0x52,0x52,0x29,0x22,0x22,0x90,0x93,0x2d,
	0x31,0x92,0x93,0x31,0x2f,0x91,0x94,0x36,0x36,0x8f,0x93,0x42,0x3f,0x43,0x41,0x95,0x92,0x3c,0x3b,0x36,
	0x38,0x92,0x90,0x33,0x34,0x92,0x91,0x2f,0x2e,0x8f,0x91,0x31,0x2b,0x8e,0x96,0x2e,0x3d,0x3a,0x41,0x95,
	0x8f,0x40,0x3d,0x3b,0x40,0x94,0x93,0x40,0x3d,0x90,0x94,0x42,0x42,0x94,0x8f,0x44,0x1a,0x93,0x8d,0x15,
	0x1a,0x16,0x21,0x8a,0x82,0x2d,0x33,0x2a,0x31,0x96,0x96,0x32,0x29,0x8e,0x97,0x33,0x2f,0x97,0x97,0x2a,
	0x26,0x93,0x97,0x25,0x24,0x95,0x94,0x2a,0x2c,0x96,0x8c,0x27,0x24,0x27,0x6b,0x66,0x68,0x6b,0x69,0x6a,
	0xaa,0xab,0xa9,0xa9,0xaa,0xaa,0xaa,0xaa,0xaa,0xaa,0xaa,0xaa,0xaa,0xaa,0xaa,0xaa,0xaa,0xaa,0xaa,0xaa,
	0x52,0x52,0x29,0x22,0x22,0x31,0x8e,0x96,0x94,0x98,0x39,0x34,0x31,0x32,0x93,0x8e,0x96,0x88,0x3c,0x3e,
	0x3a,0x3f,0x39,0x43,0x44,0x40,0x3e,0x44,0x3a,0x40,0x8a,0x94,0x90,0x94,0x33,0x2f,0x2f,0x32,0x92,0x8c,
	0x8f,0x8e,0x2d,0x34,0x42,0x3b,0x41,0x3d,0x44,0x43,0x41,0x42,0x3d,0x41,0x92,0x91,0x96,0x93,0x40,0x42,
	0x43,0x43,0x98,0x90,0x88,0x96,0x17,0x15,0x17,0x16,0x10,0x90,0x93,0x2f,0x2f,0x28,0x34,0x36,0x93,0x93,
	0x96,0x88,0x2d,0x36,0x2f,0x2b,0x91,0x92,0x8a,0x88,0x2a,0x22,0x20,0x2a,0x91,0x90,0x8f,0x96,0x25,0x27,
	0x23,0x28,0x6b,0x66,0x68,0x6b,0x69,0x6a,0xaa,0xab,0xa9,0xa9,0xaa,0xaa,0xaa,0xaa,0xaa,0xaa,0xaa,0xaa,
	0xaa,0xaa,0xaa,0xaa,0xaa,0xaa,0xaa,0xaa,0x51,0x51,0x27,0x20,0x21,0x24,0x25,0x26,0x27,0x29,0x28,0x2a,
	0x2e,0x33,0x37,0x37,0x36,0x35,0x35,0x36,0x38,0x3a,0x3c,0x3e,0x3e,0x3e,0x3e,0x3d,0x3c,0x3a,0x38,0x37,
	0x36,0x34,0x33,0x32,0x31,0x30,0x2f,0x30,0x30,0x30,0x31,0x31,0x41,0x3c,0x40,0x3f,0x3f,0x3f,0x40,0x40,
	0x40,0x40,0x40,0x40,0x40,0x40,0x40,0x40,0x40,0x40,0x3f,0x3e,0x18,0x17,0x16,0x16,0x16,0x16,0x15,0x15,
	0x16,0x16,0x14,0x18,0x14,0x18,0x2a,0x29,0x2b,0x2c,0x2e,0x30,0x30,0x2f,0x2c,0x27,0x25,0x24,0x23,0x25,
	0x26,0x27,0x27,0x27,0x26,0x25,0x25,0x25,0x24,0x29,0x69,0x67,0x68,0x6b,0x69,0x6a,0xaa,0xab,0xa9,0xa9,
	0xaa,0xaa,0xaa,0xaa,0xaa,0xaa,0xaa,0xaa,0xaa,0xaa,0xaa,0xaa,0xaa,0xaa,0xaa,0xaa,0x51,0x4f,0x25,0x1e,
	0x21,0x24,0x26,0x28,0x2a,0x2c,0x2d,0x2f,0x32,0x31,0x30,0x31,0x34,0x37,0x39,0x3b,0x3c,0x3d,0x3e,0x3f,
	0x3e,0x3e,0x3e,0x3d,0x3b,0x3a,0x38,0x37,0x36,0x35,0x33,0x32,0x31,0x30,0x30,0x30,0x30,0x31,0x31,0x31,
	0x40,0x3d,0x40,0x3f,0x3f,0x3f,0x3f,0x3f,0x3f,0x3f,0x3f,0x3f,0x3f,0x3f,0x3f,0x3f,0x3f,0x3f,0x3e,0x3d,
	0x17,0x16,0x15,0x15,0x15,0x15,0x15,0x15,0x16,0x16,0x13,0x17,0x15,0x19,0x2c,0x2d,0x2f,0x31,0x32,0x33,
	0x33,0x2f,0x27,0x20,0x1e,0x22,0x25,0x28,0x27,0x26,0x26,0x25,0x25,0x25,0x25,0x25,0x26,0x28,0x67,0x69,
	0x69,0x6b,0x69,0x6a,0xaa,0xab,0xa9,0xa9,0xaa,0xaa,0xaa,0xaa,0xaa,0xaa,0xaa,0xaa,0xaa,0xaa,0xaa,0xaa,
	0xaa,0xaa,0xaa,0xaa,0x50,0x4e,0x24,0x1d,0x21,0x24,0x27,0x2a,0x2c,0x2e,0x30,0x2e,0x2d,0x30,0x32,0x33,
	0x35,0x39,0x3d,0x3e,0x3e,0x3e,0x3e,0x3f,0x3e,0x3e,0x3e,0x3c,0x3b,0x3a,0x39,0x38,0x36,0x35,0x34,0x33,
	0x32,0x32,0x31,0x31,0x30,0x30,0x31,0x31,0x3f,0x3e,0x3f,0x3f,0x3f,0x3e,0x3e,0x3e,0x3e,0x3e,0x3e,0x3e,
	0x3e,0x3e,0x3e,0x3f,0x3f,0x3f,0x3e,0x3d,0x17,0x16,0x15,0x15,0x15,0x15,0x15,0x16,0x17,0x17,0x13,0x18,
	0x15,0x1b,0x30,0x32,0x33,0x34,0x33,0x32,0x32,0x2d,0x25,0x21,0x1f,0x21,0x24,0x26,0x26,0x25,0x25,0x25,
	0x25,0x25,0x25,0x25,0x27,0x27,0x66,0x6a,0x6a,0x6b,0x69,0x6a,0xaa,0xab,0xa9,0xa9,0xaa,0xaa,0xaa,0xaa,
	0xaa,0xaa,0xaa,0xaa,0xaa,0xaa,0xaa,0xaa,0xaa,0xaa,0xaa,0xaa,0x50,0x4e,0x24,0x1c,0x20,0x24,0x27,0x29,
	0x29,0x26,0x29,0x2f,0x33,0x34,0x34,0x34,0x36,0x3a,0x3e,0x3e,0x3e,0x3e,0x3e,0x3f,0x3e,0x3d,0x3d,0x3c,
	0x3b,0x3a,0x39,0x38,0x37,0x36,0x35,0x34,0x34,0x33,0x31,0x31,0x31,0x31,0x31,0x31,0x3e,0x3f,0x3f,0x40,
	0x41,0x40,0x40,0x40,0x40,0x40,0x40,0x40,0x40,0x40,0x40,0x40,0x40,0x40,0x3f,0x3e,0x18,0x17,0x16,0x16,
	0x16,0x16,0x16,0x17,0x17,0x17,0x14,0x17,0x15,0x1b,0x32,0x34,0x32,0x31,0x2e,0x2a,0x30,0x30,0x29,0x24,
	0x22,0x23,0x24,0x25,0x25,0x25,0x25,0x25,0x25,0x25,0x25,0x26,0x28,0x27,0x66,0x6a,0x6a,0x6b,0x69,0x6a,
	0xaa,0xab,0xa9,0xa9,0xaa,0xaa,0xaa,0xaa,0xaa,0xaa,0xaa,0xaa,0xaa,0xaa,0xaa,0xaa,0xaa,0xaa,0xaa,0xaa,
	0x50,0x4e,0x24,0x1c,0x1d,0x1d,0x1e,0x1f,0x21,0x25,0x2a,0x30,0x33,0x34,0x35,0x35,0x35,0x38,0x3a,0x3a,
	0x3c,0x3d,0x3e,0x3f,0x3e,0x3d,0x3d,0x3c,0x3b,0x3a,0x39,0x38,0x38,0x37,0x36,0x36,0x35,0x33,0x32,0x31,
	0x31,0x31,0x31,0x31,0x40,0x41,0x3d,0x3c,0x3d,0x3e,0x3e,0x3e,0x3f,0x3f,0x40,0x40,0x40,0x40,0x40,0x40,
	0x3f,0x3f,0x3e,0x3d,0x17,0x16,0x15,0x15,0x15,0x15,0x15,0x16,0x16,0x17,0x14,0x18,0x15,0x1a,0x2f,0x30,
	0x2e,0x2e,0x2d,0x2c,0x2b,0x30,0x2f,0x2a,0x2b,0x30,0x2f,0x2f,0x2d,0x2c,0x29,0x25,0x23,0x29,0x28,0x2b,
	0x2a,0x27,0x66,0x6a,0x6a,0x6b,0x69,0x6a,0xaa,0xab,0xa9,0xa9,0xaa,0xaa,0xaa,0xaa,0xaa,0xaa,0xaa,0xaa,
	0xaa,0xaa,0xaa,0xaa,0xaa,0xaa,0xaa,0xaa,0x50,0x4e,0x24,0x1c,0x1d,0x1f,0x20,0x20,0x21,0x24,0x27,0x2b,
	0x2e,0x30,0x31,0x33,0x35,0x39,0x3a,0x3a,0x3c,0x3d,0x3d,0x3e,0x3e,0x3d,0x3d,0x3c,0x3b,0x3a,0x39,0x39,
	0x38,0x37,0x37,0x37,0x35,0x33,0x32,0x31,0x31,0x31,0x31,0x31,0x3e,0x3e,0x3c,0x3d,0x3d,0x3d,0x3e,0x3e,
	0x3e,0x3e,0x3e,0x3e,0x3e,0x3e,0x3e,0x3e,0x3e,0x3e,0x3d,0x3d,0x17,0x16,0x15,0x15,0x15,0x15,0x15,0x16,
	0x16,0x16,0x15,0x19,0x15,0x17,0x28,0x27,0x2a,0x2d,0x2f,0x30,0x2b,0x2c,0x30,0x2f,0x2e,0x2f,0x2f,0x2f,
	0x29,0x29,0x29,0x26,0x1f,0x27,0x22,0x26,0x28,0x27,0x66,0x6a,0x6a,0x6b,0x69,0x6a,0xaa,0xab,0xa9,0xa9,
	0xaa,0xaa,0xaa,0xaa,0xaa,0xaa,0xaa,0xaa,0xaa,0xaa,0xaa,0xaa,0xaa,0xaa,0xaa,0xaa,0x50,0x4e,0x24,0x1c,
	0x1e,0x20,0x20,0x20,0x21,0x21,0x22,0x24,0x27,0x2a,0x2e,0x32,0x35,0x3a,0x3b,0x3b,0x3c,0x3d,0x3d,0x3d,
	0x3d,0x3d,0x3d,0x3c,0x3b,0x3a,0x39,0x38,0x39,0x39,0x38,0x36,0x35,0x33,0x32,0x31,0x31,0x31,0x31,0x31,
	0x37,0x37,0x3b,0x3f,0x41,0x40,0x3f,0x3f,0x40,0x40,0x3f,0x3f,0x3f,0x3f,0x3f,0x40,0x40,0x40,0x3f,0x3e,
	0x18,0x17,0x16,0x16,0x16,0x16,0x15,0x16,0x16,0x15,0x16,0x1a,0x15,0x13,0x20,0x1b,0x1a,0x19,0x18,0x18,
	0x2e,0x2b,0x2d,0x2f,0x2f,0x2f,0x2f,0x2f,0x29,0x29,0x85,0x93,0x93,0x8f,0x29,0x28,0x29,0x27,0x66,0x6a,
	0x6a,0x6b,0x69,0x6a,0xaa,0xab,0xa9,0xa9,0xaa,0xaa,0xaa,0xaa,0xaa,0xaa,0xaa,0xaa,0xaa,0xaa,0xaa,0xaa,
	0xaa,0xaa,0xaa,0xaa,0x50,0x4e,0x24,0x1c,0x1e,0x20,0x20,0x21,0x21,0x20,0x20,0x20,0x22,0x25,0x2a,0x2e,
	0x34,0x3a,0x3b,0x3c,0x3d,0x3e,0x3e,0x3c,0x3d,0x3d,0x3d,0x3c,0x3b,0x3b,0x3a,0x3a,0x39,0x38,0x38,0x36,
	0x35,0x33,0x32,0x31,0x31,0x30,0x30,0x30,0x32,0x31,0x39,0x41,0x43,0x41,0x40,0x41,0x41,0x42,0x41,0x41,
	0x41,0x41,0x41,0x41,0x41,0x41,0x40,0x3f,0x19,0x18,0x17,0x17,0x17,0x17,0x16,0x16,0x15,0x15,0x17,0x1a,
	0x16,0x13,0x1a,0x16,0x15,0x17,0x17,0x18,0x2c,0x2b,0x2d,0x2f,0x30,0x2f,0x2f,0x2f,0x2a,0x89,0x93,0x21,
	0x27,0x8d,0x8f,0x21,0x26,0x27,0x67,0x6a,0x6a,0x6b,0x69,0x6a,0xaa,0xab,0xa9,0xa9,0xaa,0xaa,0xaa,0xaa,
	0xaa,0xaa,0xaa,0xaa,0xaa,0xaa,0xaa,0xaa,0xaa,0xaa,0xaa,0xaa,0x50,0x4e,0x24,0x1c,0x1e,0x20,0x20,0x21,
	0x20,0x1f,0x1e,0x1f,0x20,0x22,0x22,0x22,0x22,0x1f,0x37,0x3d,0x3c,0x3d,0x40,0x3b,0x3d,0x3d,0x3c,0x3c,
	0x3b,0x3a,0x3a,0x3a,0x39,0x38,0x37,0x37,0x35,0x33,0x32,0x31,0x31,0x30,0x30,0x30,0x30,0x2f,0x31,0x32,
	0x34,0x38,0x3c,0x3e,0x40,0x41,0x41,0x41,0x41,0x41,0x41,0x41,0x41,0x41,0x40,0x3f,0x19,0x18,0x17,0x17,
	0x17,0x17,0x17,0x16,0x15,0x16,0x17,0x19,0x16,0x15,0x17,0x15,0x17,0x17,0x17,0x17,0x2b,0x2d,0x2d,0x2e,
	0x2f,0x2f,0x2f,0x2f,0x90,0x8b,0x25,0x2b,0x24,0x2f,0x89,0x8c,0x24,0x27,0x67,0x6a,0x6a,0x6b,0x69,0x6a,
	0xaa,0xab,0xa9,0xa9,0xaa,0xaa,0xaa,0xaa,0xaa,0xaa,0xaa,0xaa,0xaa,0xaa,0xaa,0xaa,0xaa,0xaa,0xaa,0xaa,
	0x50,0x4e,0x24,0x1c,0x1e,0x20,0x20,0x21,0x20,0x1f,0x1f,0x1f,0x20,0x21,0x21,0x21,0x21,0x22,0x39,0x3a,
	0x38,0x3a,0x44,0x3a,0x3d,0x3c,0x3c,0x3b,0x3b,0x3a,0x3a,0x3a,0x39,0x38,0x37,0x36,0x35,0x34,0x32,0x31,
	0x31,0x30,0x30,0x30,0x30,0x30,0x30,0x31,0x33,0x36,0x39,0x39,0x3c,0x3e,0x40,0x41,0x41,0x41,0x41,0x41,
	0x41,0x41,0x40,0x3f,0x19,0x18,0x17,0x17,0x17,0x17,0x17,0x16,0x16,0x16,0x17,0x18,0x16,0x16,0x17,0x16,
	0x17,0x17,0x17,0x17,0x2b,0x2f,0x2f,0x2f,0x2f,0x2f,0x2f,0x2f,0x97,0x94,0x2d,0x24,0x21,0x29,0x96,0x8d,
	0x24,0x27,0x68,0x6a,0x6a,0x6b,0x69,0x6a,0xaa,0xab,0xa9,0xa9,0xaa,0xaa,0xaa,0xaa,0xaa,0xaa,0xaa,0xaa,
	0xaa,0xaa,0xaa,0xaa,0xaa,0xaa,0xaa,0xaa,0x50,0x4e,0x24,0x1c,0x1e,0x20,0x20,0x21,0x21,0x20,0x20,0x20,
	0x20,0x20,0x20,0x20,0x21,0x1e,0x1c,0x20,0x25,0x2b,0x42,0x3d,0x3c,0x3c,0x3c,0x3b,0x3b,0x3a,0x39,0x39,
	0x38,0x37,0x37,0x36,0x35,0x34,0x32,0x31,0x31,0x30,0x30,0x30,0x30,0x30,0x30,0x30,0x32,0x34,0x35,0x35,
	0x38,0x3a,0x3d,0x40,0x41,0x41,0x41,0x41,0x41,0x41,0x40,0x3f,0x19,0x18,0x17,0x17,0x17,0x17,0x17,0x17,
	0x17,0x17,0x17,0x17,0x17,0x17,0x17,0x17,0x17,0x17,0x17,0x17,0x2f,0x2f,0x2f,0x2f,0x2f,0x2f,0x2f,0x2f,
	0x90,0x95,0x30,0x8f,0x93,0x32,0x92,0x95,0x24,0x27,0x68,0x69,0x69,0x6b,0x69,0x6a,0xaa,0xab,0xa9,0xa9,
	0xaa,0xaa,0xaa,0xaa,0xaa,0xaa,0xaa,0xaa,0xaa,0xaa,0xaa,0xaa,0xaa,0xaa,0xaa,0xaa,0x50,0x4e,0x24,0x1c,
	0x1e,0x20,0x20,0x21,0x21,0x20,0x20,0x20,0x20,0x20,0x20,0x20,0x1c,0x24,0x18,0x21,0x1d,0x22,0x42,0x40,
	0x3b,0x3b,0x3a,0x3a,0x3a,0x39,0x39,0x39,0x38,0x37,0x37,0x36,0x35,0x34,0x32,0x31,0x31,0x30,0x30,0x30,
	0x30,0x30,0x30,0x30,0x30,0x30,0x31,0x31,0x34,0x36,0x39,0x3c,0x3e,0x40,0x41,0x41,0x41,0x41,0x40,0x3f,
	0x19,0x18,0x17,0x17,0x17,0x17,0x17,0x17,0x17,0x17,0x17,0x17,0x17,0x17,0x17,0x17,0x17,0x17,0x17,0x17,
	0x2f,0x2f,0x2f,0x2f,0x2f,0x2f,0x2f,0x2f,0x8e,0x91,0x33,0x98,0x8e,0x32,0x91,0x8c,0x24,0x27,0x66,0x69,
	0x69,0x6b,0x69,0x6a,0xaa,0xab,0xa9,0xa9,0xaa,0xaa,0xaa,0xaa,0xaa,0xaa,0xaa,0xaa,0xaa,0xaa,0xaa,0xaa,
	0xaa,0xaa,0xaa,0xaa,0x50,0x4e,0x24,0x1c,0x1e,0x20,0x20,0x21,0x21,0x20,0x20,0x20,0x20,0x20,0x20,0x20,
	0x20,0x20,0x20,0x20,0x20,0x24,0x32,0x35,0x37,0x37,0x38,0x38,0x38,0x38,0x38,0x38,0x37,0x37,0x36,0x35,
	0x35,0x34,0x33,0x32,0x32,0x31,0x31,0x31,0x31,0x31,0x31,0x31,0x31,0x31,0x31,0x31,0x31,0x31,0x31,0x32,
	0x36,0x3c,0x3e,0x40,0x41,0x41,0x40,0x3f,0x19,0x18,0x17,0x17,0x17,0x17,0x17,0x17,0x17,0x17,0x17,0x17,
	0x17,0x17,0x17,0x17,0x17,0x17,0x17,0x17,0x17,0x18,0x1b,0x1e,0x22,0x26,0x2b,0x2d,0x96,0x96,0x35,0x2c,
	0x30,0x32,0x91,0x91,0x24,0x27,0x68,0x6a,0x6a,0x6b,0x69,0x6a,0xaa,0xab,0xa9,0xa9,0xaa,0xaa,0xaa,0xaa,
	0xaa,0xaa,0xaa,0xaa,0xaa,0xaa,0xaa,0xaa,0xaa,0xaa,0xaa,0xaa,0x50,0x4e,0x24,0x1c,0x1e,0x20,0x20,0x21,
	0x21,0x20,0x20,0x20,0x20,0x20,0x20,0x20,0x20,0x20,0x20,0x20,0x20,0x23,0x2d,0x31,0x32,0x33,0x35,0x35,
	0x36,0x36,0x37,0x37,0x37,0x36,0x36,0x35,0x35,0x34,0x33,0x32,0x32,0x31,0x31,0x31,0x31,0x31,0x31,0x31,
	0x31,0x31,0x31,0x31,0x31,0x31,0x31,0x31,0x31,0x32,0x38,0x3d,0x3f,0x40,0x40,0x3f,0x19,0x18,0x17,0x17,
	0x17,0x17,0x17,0x17,0x17,0x17,0x17,0x17,0x17,0x17,0x17,0x17,0x17,0x17,0x17,0x17,0x16,0x19,0x1e,0x23,
	0x25,0x27,0x2b,0x2f,0x91,0x8e,0x33,0x30,0x2e,0x2b,0x8e,0x90,0x23,0x27,0x6a,0x6b,0x6a,0x6b,0x69,0x6a,
	0xaa,0xab,0xa9,0xa9,0xaa,0xaa,0xaa,0xaa,0xaa,0xaa,0xaa,0xaa,0xaa,0xaa,0xaa,0xaa,0xaa,0xaa,0xaa,0xaa,
	0x50,0x4e,0x23,0x1c,0x1e,0x20,0x20,0x21,0x21,0x20,0x20,0x20,0x20,0x20,0x20,0x20,0x20,0x20,0x20,0x20,
	0x22,0x24,0x2b,0x30,0x31,0x33,0x34,0x34,0x34,0x35,0x35,0x36,0x36,0x35,0x35,0x34,0x34,0x33,0x33,0x32,
	0x32,0x31,0x31,0x31,0x31,0x31,0x31,0x31,0x31,0x31,0x31,0x31,0x31,0x31,0x32,0x32,0x31,0x31,0x31,0x32,
	0x39,0x3c,0x3e,0x3e,0x18,0x18,0x17,0x17,0x17,0x17,0x17,0x17,0x16,0x16,0x17,0x17,0x17,0x17,0x17,0x17,
	0x17,0x17,0x17,0x17,0x16,0x1a,0x21,0x25,0x28,0x26,0x2b,0x30,0x2f,0x93,0x95,0x32,0x36,0x97,0x97,0x22,
	0x24,0x29,0x6b,0x6c,0x6b,0x6b,0x69,0x6a,0xaa,0xab,0xa9,0xa9,0xaa,0xaa,0xaa,0xaa,0xaa,0xaa,0xaa,0xaa,
	0xaa,0xaa,0xaa,0xaa,0xaa,0xaa,0xaa,0xaa,0x50,0x4e,0x23,0x1d,0x1e,0x20,0x20,0x21,0x21,0x20,0x20,0x20,
	0x20,0x20,0x20,0x20,0x20,0x20,0x20,0x20,0x24,0x27,0x2b,0x2f,0x31,0x32,0x33,0x33,0x33,0x34,0x34,0x35,
	0x35,0x34,0x34,0x34,0x33,0x33,0x33,0x32,0x32,0x31,0x31,0x31,0x31,0x31,0x31,0x31,0x31,0x31,0x31,0x31,
	0x32,0x32,0x33,0x33,0x31,0x32,0x32,0x32,0x33,0x35,0x3a,0x3d,0x17,0x17,0x17,0x17,0x17,0x17,0x17,0x17,
	0x16,0x16,0x17,0x17,0x17,0x17,0x17,0x17,0x17,0x17,0x17,0x17,0x16,0x1a,0x23,0x28,0x28,0x25,0x2a,0x30,
	0x31,0x3b,0x90,0x9a,0x9a,0x93,0x2b,0x28,0x24,0x2b,0x6c,0x6c,0x6b,0x6b,0x69,0x6a,0xaa,0xab,0xa9,0xa9,
	0xaa,0xaa,0xaa,0xaa,0xaa,0xaa,0xaa,0xaa,0xaa,0xaa,0xaa,0xaa,0xaa,0xaa,0xaa,0xaa,0x51,0x4f,0x22,0x1d,
	0x1f,0x20,0x20,0x21,0x21,0x20,0x20,0x20,0x20,0x20,0x20,0x20,0x20,0x20,0x20,0x20,0x24,0x26,0x2c,0x30,
	0x32,0x31,0x32,0x33,0x33,0x34,0x34,0x34,0x34,0x33,0x33,0x33,0x33,0x33,0x32,0x33,0x32,0x32,0x32,0x32,
	0x32,0x32,0x32,0x32,0x31,0x31,0x32,0x32,0x32,0x33,0x33,0x33,0x33,0x32,0x32,0x32,0x31,0x32,0x36,0x39,
	0x39,0x31,0x1d,0x1c,0x17,0x1d,0x15,0x13,0x16,0x17,0x17,0x17,0x17,0x17,0x17,0x17,0x17,0x17,0x17,0x17,
	0x16,0x1b,0x23,0x2a,0x28,0x25,0x2a,0x30,0x2f,0x2e,0x2f,0x30,0x30,0x32,0x2c,0x27,0x23,0x2b,0x6c,0x6c,
	0x6b,0x6b,0x69,0x6a,0xaa,0xab,0xa9,0xa9,0xaa,0xaa,0xaa,0xaa,0xaa,0xaa,0xaa,0xaa,0xaa,0xaa,0xaa,0xaa,
	0xaa,0xaa,0xaa,0xaa,0x51,0x50,0x1f,0x1e,0x1f,0x20,0x20,0x21,0x21,0x20,0x20,0x20,0x20,0x20,0x20,0x20,
	0x20,0x20,0x20,0x20,0x23,0x23,0x2e,0x31,0x32,0x32,0x32,0x32,0x32,0x32,0x32,0x32,0x32,0x32,0x32,0x32,
	0x32,0x32,0x32,0x32,0x32,0x32,0x32,0x32,0x32,0x32,0x31,0x31,0x31,0x31,0x31,0x32,0x33,0x34,0x34,0x34,
	0x35,0x34,0x34,0x34,0x34,0x34,0x35,0x36,0x3b,0x31,0x1b,0x18,0x14,0x1e,0x1b,0x1a,0x18,0x17,0x17,0x17,
	0x17,0x17,0x17,0x17,0x17,0x17,0x17,0x16,0x17,0x1b,0x24,0x2a,0x29,0x25,0x28,0x2e,0x2d,0x2d,0x2d,0x2e,
	0x2e,0x30,0x2a,0x25,0x22,0x2b,0x6c,0x6c,0x6b,0x6b,0x69,0x6a,0xaa,0xab,0xa9,0xa9,0xaa,0xaa,0xaa,0xaa,
	0xaa,0xaa,0xaa,0xaa,0xaa,0xaa,0xaa,0xaa,0xaa,0xaa,0xaa,0xaa,0x51,0x51,0x1c,0x20,0x20,0x20,0x20,0x21,
	0x21,0x20,0x20,0x20,0x20,0x20,0x20,0x20,0x20,0x20,0x20,0x20,0x23,0x20,0x2f,0x31,0x31,0x31,0x31,0x31,
	0x31,0x31,0x31,0x31,0x31,0x31,0x31,0x31,0x31,0x31,0x31,0x31,0x31,0x31,0x31,0x31,0x31,0x31,0x30,0x30,
	0x30,0x30,0x30,0x30,0x31,0x32,0x33,0x34,0x34,0x34,0x35,0x35,0x35,0x35,0x36,0x37,0x38,0x38,0x32,0x37,
	0x30,0x2d,0x1b,0x13,0x15,0x16,0x17,0x17,0x17,0x17,0x17,0x17,0x17,0x17,0x17,0x17,0x17,0x1c,0x25,0x2a,
	0x2a,0x25,0x26,0x2c,0x2b,0x2b,0x2a,0x2a,0x2a,0x2a,0x2a,0x29,0x24,0x2b,0x6c,0x6c,0x6b,0x6b,0x69,0x6a,
	0xaa,0xab,0xa9,0xa9,0xaa,0xaa,0xaa,0xaa,0xaa,0xaa,0xaa,0xaa,0xaa,0xaa,0xaa,0xaa,0xaa,0xaa,0xaa,0xaa,
	0x52,0x51,0x1b,0x21,0x20,0x20,0x20,0x21,0x21,0x20,0x20,0x20,0x20,0x20,0x20,0x20,0x20,0x20,0x20,0x20,
	0x23,0x1f,0x2f,0x32,0x31,0x31,0x31,0x31,0x31,0x31,0x31,0x31,0x31,0x31,0x31,0x31,0x31,0x31,0x31,0x31,
	0x31,0x31,0x31,0x31,0x31,0x31,0x30,0x30,0x30,0x30,0x30,0x31,0x32,0x32,0x33,0x34,0x34,0x34,0x35,0x35,
	0x35,0x35,0x35,0x36,0x37,0x37,0x31,0x36,0x2e,0x2c,0x1b,0x15,0x15,0x16,0x17,0x17,0x17,0x17,0x17,0x17,
	0x17,0x17,0x16,0x19,0x17,0x1c,0x25,0x2a,0x2b,0x26,0x25,0x2a,0x2a,0x2a,0x29,0x28,0x26,0x22,0x26,0x2b,
	0x25,0x2b,0x6c,0x6c,0x6b,0x6b,0x69,0x6a,0xaa,0xab,0xa9,0xa9,0xaa,0xaa,0xaa,0xaa,0xaa,0xaa,0xaa,0xaa,
	0xaa,0xaa,0xaa,0xaa,0xaa,0xaa,0xaa,0xaa,0x50,0x53,0x24,0x1e,0x1f,0x1f,0x20,0x21,0x21,0x21,0x21,0x21,
	0x21,0x21,0x21,0x21,0x21,0x21,0x21,0x21,0x22,0x21,0x2c,0x2e,0x31,0x31,0x31,0x31,0x31,0x31,0x31,0x31,
	0x31,0x31,0x31,0x31,0x31,0x31,0x31,0x31,0x31,0x31,0x31,0x31,0x31,0x30,0x2a,0x2f,0x2f,0x2f,0x30,0x31,
	0x31,0x32,0x33,0x34,0x34,0x34,0x35,0x35,0x35,0x35,0x35,0x36,0x36,0x35,0x2c,0x2f,0x2a,0x2f,0x2b,0x2b,
	0x2a,0x29,0x1b,0x16,0x14,0x1f,0x14,0x0e,0x11,0x12,0x14,0x15,0x16,0x15,0x2a,0x2a,0x28,0x25,0x23,0x25,
	0x25,0x25,0x24,0x24,0x23,0x21,0x23,0x25,0x26,0x2c,0x6a,0x6e,0x6c,0x6b,0x69,0x6a,0xaa,0xab,0xa9,0xa9,
	0xaa,0xaa,0xaa,0xaa,0xaa,0xaa,0xaa,0xaa,0xaa,0xaa,0xaa,0xaa,0xaa,0xaa,0xaa,0xaa,0x4f,0x52,0x25,0x1e,
	0x1f,0x20,0x21,0x21,0x21,0x21,0x21,0x21,0x21,0x21,0x21,0x21,0x21,0x21,0x21,0x21,0x21,0x19,0x32,0x32,
	0x2f,0x2f,0x2f,0x2f,0x2f,0x2f,0x2f,0x2f,0x2f,0x2f,0x2f,0x2f,0x2f,0x2f,0x2f,0x2f,0x2f,0x2f,0x2f,0x2f,
	0x2b,0x36,0x30,0x2e,0x31,0x31,0x32,0x32,0x33,0x34,0x34,0x34,0x34,0x33,0x33,0x33,0x33,0x33,0x33,0x33,
	0x35,0x37,0x33,0x37,0x2f,0x30,0x27,0x26,0x27,0x2d,0x1e,0x1e,0x14,0x22,0x14,0x19,0x16,0x13,0x11,0x0f,
	0x1b,0x15,0x2f,0x22,0x24,0x27,0x28,0x29,0x29,0x29,0x29,0x29,0x29,0x29,0x29,0x29,0x2e,0x2e,0x6b,0x6f,
	0x6c,0x6b,0x69,0x6a,0xaa,0xab,0xa9,0xa9,0xaa,0xaa,0xaa,0xaa,0xaa,0xaa,0xaa,0xaa,0xaa,0xaa,0xaa,0xaa,
	0xaa,0xaa,0xaa,0xaa,0x4b,0x53,0x4b,0x56,0x54,0x52,0x50,0x4d,0x4c,0x4e,0x4f,0x4e,0x4e,0x4e,0x4e,0x4e,
	0x4e,0x4e,0x4e,0x4e,0x50,0x52,0x8c,0x8e,0x91,0x91,0x91,0x91,0x91,0x91,0x91,0x91,0x91,0x91,0x91,0x91,
	0x91,0x91,0x91,0x91,0x91,0x91,0x91,0x91,0xd1,0xce,0x9a,0x8f,0x95,0x95,0x96,0x96,0x97,0x98,0x9a,0x9b,
	0xa4,0xa5,0xa6,0xa6,0xa6,0xa6,0xa6,0xa6,0xa5,0xa5,0x9d,0x9c,0x8f,0x8c,0x82,0x82,0x78,0x7c,0x6d,0x72,
	0x5c,0x60,0x31,0x28,0x29,0x2a,0x2a,0x2a,0x26,0x2c,0x69,0x6d,0x6b,0x69,0x68,0x67,0x67,0x67,0x67,0x67,
	0x67,0x67,0x67,0x67,0x68,0x61,0x6f,0x64,0x67,0x6b,0x69,0x6a,0xaa,0xab,0xa9,0xa9,0xaa,0xaa,0xaa,0xaa,
	0xaa,0xaa,0xaa,0xaa,0xaa,0xaa,0xaa,0xaa,0xaa,0xaa,0xaa,0xaa,0x4e,0x4e,0x4d,0x4d,0x50,0x51,0x53,0x54,
	0x54,0x53,0x53,0x52,0x52,0x52,0x52,0x52,0x52,0x52,0x52,0x52,0x53,0x4b,0x94,0x93,0x92,0x92,0x92,0x92,
	0x92,0x92,0x92,0x92,0x92,0x92,0x92,0x92,0x92,0x92,0x92,0x92,0x92,0x92,0x92,0x92,0xcd,0xcc,0x98,0x8f,
	0x96,0x97,0x97,0x98,0x99,0x9a,0x9c,0x9d,0xa2,0xa3,0xa4,0xa4,0xa4,0xa4,0xa4,0xa5,0xa7,0xaa,0xa4,0xa3,
	0x95,0x91,0x87,0x85,0x73,0x78,0x6b,0x76,0x67,0x60,0x28,0x2a,0x29,0x28,0x28,0x28,0x26,0x29,0x68,0x67,
	0x68,0x69,0x69,0x69,0x69,0x69,0x69,0x69,0x69,0x69,0x69,0x69,0x6f,0x6a,0x6b,0x75,0x6d,0x6b,0x69,0x6a,
	0xaa,0xab,0xa9,0xa9,0xaa,0xaa,0xaa,0xaa,0xaa,0xaa,0xaa,0xaa,0xaa,0xaa,0xaa,0xaa,0xaa,0xaa,0xaa,0xaa,
	0x50,0x50,0x50,0x50,0x50,0x51,0x51,0x51,0x52,0x52,0x52,0x51,0x51,0x51,0x51,0x52,0x52,0x51,0x50,0x52,
	0x51,0x50,0x91,0x93,0x91,0x91,0x91,0x91,0x91,0x91,0x91,0x91,0x91,0x91,0x91,0x91,0x91,0x91,0x91,0x91,
	0x91,0x92,0x91,0x93,0xcf,0xd1,0xd0,0xd1,0xcd,0xd0,0x92,0x9b,0xa0,0x9b,0x9e,0xa2,0xa3,0xa3,0xa3,0xa3,
	0xa4,0xa4,0xa4,0xa4,0xab,0xa9,0x9e,0x9d,0x92,0x91,0x87,0x83,0x77,0x77,0x6e,0x6d,0x61,0x60,0x57,0x57,
	0x4b,0x42,0x30,0x31,0x2a,0x29,0x68,0x67,0x68,0x69,0x69,0x69,0x69,0x69,0x69,0x69,0x6a,0x6a,0x6a,0x6a,
	0x6b,0x6a,0x6a,0x6c,0x6e,0x6b,0x69,0x6a,0xaa,0xab,0xa9,0xa9,0xaa,0xaa,0xaa,0xaa,0xaa,0xaa,0xaa,0xaa,
	0xaa,0xaa,0xaa,0xaa,0xaa,0xaa,0xaa,0xaa,0x50,0x50,0x50,0x50,0x50,0x50,0x50,0x50,0x51,0x51,0x51,0x51,
	0x51,0x51,0x51,0x52,0x52,0x51,0x50,0x52,0x51,0x50,0x91,0x93,0x91,0x91,0x91,0x91,0x91,0x91,0x91,0x91,
	0x91,0x91,0x91,0x91,0x91,0x91,0x91,0x91,0x91,0x92,0x91,0x93,0xcf,0xd1,0xd0,0xd1,0xd4,0xce,0x9b,0x9d,
	0xa0,0x9d,0x9b,0xaa,0xa5,0xa3,0xa3,0xa3,0xa4,0xa4,0xa4,0xa4,0xab,0xa9,0x9e,0x9d,0x92,0x91,0x87,0x83,
	0x77,0x77,0x6e,0x6d,0x61,0x60,0x57,0x57,0x4b,0x42,0x2a,0x2c,0x28,0x29,0x68,0x67,0x68,0x69,0x69,0x69,
	0x69,0x69,0x69,0x69,0x6a,0x6a,0x6a,0x6a,0x6a,0x6a,0x6a,0x69,0x6b,0x6b,0x69,0x6a,0xaa,0xab,0xa9,0xa9,
	0xaa,0xaa,0xaa,0xaa,0xaa,0xaa,0xaa,0xaa,0xaa,0xaa,0xaa,0xaa,0xaa,0xaa,0xaa,0xaa,0x50,0x50,0x50,0x50,
	0x50,0x50,0x50,0x50,0x51,0x51,0x51,0x51,0x51,0x51,0x51,0x52,0x52,0x51,0x50,0x52,0x51,0x50,0x91,0x93,
	0x91,0x91,0x91,0x91,0x91,0x91,0x91,0x91,0x91,0x91,0x91,0x91,0x91,0x91,0x91,0x91,0x91,0x92,0x91,0x93,
	0xcf,0xd1,0xd0,0xd1,0xd3,0xd4,0xd5,0xd6,0xcc,0xc9,0x9d,0x9b,0xa1,0xa3,0xa3,0xa3,0xa4,0xa4,0xa4,0xa4,
	0xab,0xa9,0x9e,0x9d,0x92,0x91,0x87,0x83,0x77,0x77,0x6e,0x6d,0x61,0x60,0x57,0x57,0x49,0x4f,0x3f,0x41,
	0x32,0x29,0x68,0x67,0x68,0x69,0x69,0x69,0x69,0x69,0x69,0x69,0x6a,0x6a,0x6a,0x6a,0x6a,0x6a,0x6a,0x69,
	0x6a,0x6b,0x69,0x6a,0xaa,0xab,0xa9,0xa9,0xaa,0xaa,0xaa,0xaa,0xaa,0xaa,0xaa,0xaa,0xaa,0xaa,0xaa,0xaa,
	0xaa,0xaa,0xaa,0xaa,0x50,0x50,0x50,0x50,0x50,0x50,0x50,0x50,0x51,0x51,0x51,0x51,0x51,0x51,0x51,0x52,
	0x52,0x51,0x50,0x52,0x51,0x50,0x91,0x93,0x91,0x91,0x91,0x91,0x91,0x91,0x91,0x91,0x91,0x91,0x91,0x91,
	0x91,0x91,0x91,0x91,0x91,0x92,0x91,0x93,0xcf,0xd1,0xd0,0xd1,0xd5,0xd1,0xd1,0xd3,0xd1,0xd7,0x9b,0x9f,
	0xa2,0xa3,0xa3,0xa3,0xa4,0xa4,0xa4,0xa4,0xab,0xa9,0x9e,0x9d,0x92,0x91,0x87,0x83,0x77,0x77,0x6e,0x6d,
	0x61,0x60,0x57,0x57,0x40,0x4d,0x42,0x40,0x32,0x29,0x68,0x67,0x68,0x69,0x69,0x69,0x69,0x69,0x69,0x69,
	0x6a,0x6a,0x6a,0x6a,0x6a,0x6a,0x6a,0x69,0x6a,0x6b,0x69,0x6a,0xaa,0xab,0xa9,0xa9,0xaa,0xaa,0xaa,0xaa,
	0xaa,0xaa,0xaa,0xaa,0xaa,0xaa,0xaa,0xaa,0xaa,0xaa,0xaa,0xaa,0x50,0x50,0x50,0x50,0x50,0x50,0x50,0x50,
	0x51,0x51,0x51,0x51,0x51,0x51,0x51,0x52,0x52,0x51,0x50,0x52,0x51,0x50,0x91,0x93,0x91,0x91,0x91,0x91,
	0x91,0x91,0x91,0x91,0x91,0x91,0x91,0x91,0x91,0x91,0x91,0x91,0x91,0x92,0x91,0x93,0xcf,0xd1,0xd0,0xd1,
	0xd1,0xd1,0xd1,0xd1,0xd1,0xd1,0xd1,0xd1,0xd3,0xd3,0xac,0xa6,0xad,0xa7,0xac,0xa6,0xac,0xa9,0x9e,0x9d,
	0x92,0x91,0x87,0x83,0x77,0x77,0x6e,0x6d,0x61,0x60,0x57,0x57,0x49,0x48,0x3f,0x3a,0x35,0x31,0x2e,0x2d,
	0x2f,0x33,0x66,0x6f,0x67,0x63,0x67,0x65,0x69,0x6a,0x6a,0x6a,0x6a,0x6a,0x69,0x69,0x6a,0x6b,0x69,0x6a,
	0xaa,0xab,0xa9,0xa9,0xaa,0xaa,0xaa,0xaa,0xaa,0xaa,0xaa,0xaa,0xaa,0xaa,0xaa,0xaa,0xaa,0xaa,0xaa,0xaa,
	0x50,0x50,0x50,0x50,0x50,0x50,0x50,0x50,0x51,0x51,0x51,0x51,0x51,0x51,0x51,0x52,0x52,0x51,0x50,0x52,
	0x51,0x50,0x91,0x93,0x91,0x91,0x91,0x91,0x91,0x91,0x91,0x91,0x91,0x91,0x91,0x91,0x91,0x91,0x91,0x91,
	0x91,0x92,0x91,0x93,0xcf,0xd1,0xd0,0xd1,0xd1,0xd1,0xd1,0xd1,0xd1,0xd1,0xd1,0xd1,0xd1,0xcd,0xa5,0xa8,
	0xa7,0xa0,0xa4,0xa6,0xac,0xa9,0x9e,0x9d,0x92,0x91,0x87,0x83,0x77,0x77,0x6e,0x6d,0x61,0x60,0x57,0x57,
	0x4b,0x48,0x40,0x3a,0x33,0x2e,0x2a,0x27,0x2e,0x34,0x68,0x66,0x6c,0x6b,0x71,0x67,0x69,0x6a,0x6a,0x6a,
	0x6a,0x6a,0x69,0x69,0x6a,0x6b,0x69,0x6a,0xaa,0xab,0xa9,0xa9,0xaa,0xaa,0xaa,0xaa,0xaa,0xaa,0xaa,0xaa,
	0xaa,0xaa,0xaa,0xaa,0xaa,0xaa,0xaa,0xaa,0x50,0x50,0x50,0x50,0x50,0x50,0x50,0x50,0x51,0x51,0x51,0x51,
	0x51,0x51,0x51,0x52,0x52,0x51,0x50,0x52,0x51,0x50,0x91,0x93,0x91,0x91,0x91,0x91,0x91,0x91,0x91,0x91,
	0x91,0x91,0x91,0x91,0x91,0x91,0x91,0x91,0x91,0x92,0x91,0x93,0xcf,0xd1,0xd0,0xd1,0xd1,0xd1,0xd1,0xd1,
	0xd1,0xd1,0xd1,0xd1,0xd2,0xd6,0xcb,0xd7,0xcc,0xcb,0xb1,0xa6,0xac,0xa9,0x9e,0x9d,0x92,0x91,0x87,0x83,
	0x77,0x77,0x6e,0x6d,0x61,0x60,0x57,0x57,0x4d,0x48,0x41,0x3b,0x35,0x30,0x2c,0x2a,0x34,0x34,0x47,0x3b,
	0x41,0x41,0x5f,0x6a,0x6a,0x6a,0x6a,0x6a,0x6a,0x6a,0x69,0x69,0x69,0x6a,0x69,0x6a,0xaa,0xab,0xa9,0xa9,
	0xaa,0xaa,0xaa,0xaa,0xaa,0xaa,0xaa,0xaa,0xaa,0xaa,0xaa,0xaa,0xaa,0xaa,0xaa,0xaa,0x50,0x50,0x50,0x50,
	0x50,0x50,0x50,0x50,0x51,0x51,0x51,0x51,0x51,0x51,0x51,0x52,0x52,0x51,0x50,0x52,0x51,0x50,0x91,0x93,
	0x91,0x91,0x91,0x91,0x91,0x91,0x91,0x91,0x91,0x91,0x91,0x91,0x91,0x91,0x91,0x91,0x91,0x92,0x91,0x93,
	0xcf,0xd1,0xd0,0xd1,0xd1,0xd1,0xd1,0xd1,0xd1,0xd1,0xd1,0xd1,0xce,0xd1,0xd3,0xd7,0xcb,0xd0,0xab,0xa8,
	0xad,0xa9,0x9e,0x9d,0x92,0x91,0x87,0x83,0x77,0x77,0x6e,0x6d,0x61,0x60,0x57,0x57,0x4e,0x47,0x41,0x3c,
	0x37,0x32,0x2f,0x2d,0x36,0x38,0x37,0x34,0x3e,0x40,0x62,0x6d,0x6b,0x6a,0x6a,0x6a,0x6b,0x6b,0x6a,0x69,
	0x69,0x6a,0x69,0x6a,0xaa,0xab,0xa9,0xa9,0xaa,0xaa,0xaa,0xaa,0xaa,0xaa,0xaa,0xaa,0xaa,0xaa,0xaa,0xaa,
	0xaa,0xaa,0xaa,0xaa,0x51,0x51,0x51,0x51,0x51,0x51,0x51,0x51,0x52,0x52,0x52,0x52,0x52,0x52,0x52,0x53,
	0x52,0x51,0x50,0x52,0x51,0x50,0x91,0x93,0x91,0x91,0x91,0x91,0x91,0x91,0x91,0x91,0x91,0x91,0x91,0x91,
	0x91,0x91,0x91,0x91,0x91,0x92,0x91,0x93,0xcf,0xd1,0xd0,0xd1,0xd2,0xd2,0xd2,0xd2,0xd2,0xd2,0xd2,0xd2,
	0xd2,0xd2,0xd2,0xd2,0xd2,0xd2,0xd2,0xd2,0x2c,0x29,0x9f,0x9c,0x93,0x91,0x89,0x87,0x78,0x77,0x6f,0x6d,
	0x62,0x60,0x58,0x57,0x4b,0x47,0x3d,0x3d,0x32,0x32,0x2b,0x2c,0x32,0x31,0x38,0x37,0x3f,0x3d,0x44,0x43,
	0x4c,0x49,0x65,0x66,0x6a,0x6a,0x69,0x69,0x69,0x6a,0x69,0x69,0xa9,0xab,0xa9,0xa9,0xaa,0xaa,0xaa,0xaa,
	0xaa,0xaa,0xaa,0xaa,0xaa,0xaa,0xaa,0xaa,0xaa,0xaa,0xaa,0xaa,0x51,0x51,0x51,0x51,0x51,0x51,0x51,0x51,
	0x52,0x52,0x52,0x52,0x52,0x52,0x52,0x53,0x52,0x51,0x50,0x52,0x51,0x50,0x91,0x93,0x91,0x91,0x91,0x91,
	0x91,0x91,0x91,0x91,0x91,0x91,0x91,0x91,0x91,0x91,0x91,0x91,0x91,0x92,0x91,0x93,0xcf,0xd1,0xd0,0xd1,
	0xd2,0xd2,0xd2,0xd2,0xd2,0xd2,0xd2,0xd2,0xd2,0xd2,0xd2,0xd2,0xd2,0xd2,0xd2,0xd2,0x2a,0x30,0x9e,0xa0,
	0x8d,0x93,0x83,0x7c,0x79,0x77,0x6f,0x6d,0x63,0x60,0x58,0x57,0x4b,0x47,0x3d,0x3d,0x32,0x32,0x2a,0x2b,
	0x32,0x32,0x39,0x37,0x3f,0x3d,0x44,0x43,0x4b,0x45,0x66,0x66,0x67,0x68,0x68,0x68,0x69,0x69,0x69,0x69,
	0xa9,0xab,0xa9,0xa9,0xaa,0xaa,0xaa,0xaa,0xaa,0xaa,0xaa,0xaa,0xaa,0xaa,0xaa,0xaa,0xaa,0xaa,0xaa,0xaa,
	0x51,0x51,0x51,0x51,0x51,0x51,0x51,0x51,0x52,0x52,0x52,0x52,0x52,0x52,0x52,0x53,0x52,0x51,0x50,0x52,
	0x51,0x50,0x91,0x93,0x91,0x91,0x91,0x91,0x91,0x91,0x91,0x91,0x91,0x91,0x91,0x91,0x91,0x91,0x91,0x91,
	0x91,0x92,0x91,0x93,0xcf,0xd1,0xd0,0xd1,0xd2,0xd2,0xd2,0xd2,0xd2,0xd2,0xd2,0xd2,0xd2,0xd2,0xd2,0xd2,
	0xd2,0xd2,0xd2,0xd2,0x2c,0x26,0x26,0x2b,0x22,0x2f,0x87,0x86,0x79,0x77,0x70,0x6d,0x63,0x60,0x59,0x57,
	0x4a,0x46,0x3c,0x3c,0x31,0x31,0x2a,0x2a,0x33,0x32,0x39,0x37,0x3f,0x3d,0x44,0x43,0x47,0x43,0x56,0x56,
	0x5b,0x5e,0x62,0x67,0x6a,0x69,0x69,0x69,0xa9,0xab,0xa9,0xa9,0xaa,0xaa,0xaa,0xaa,0xaa,0xaa,0xaa,0xaa,
	0xaa,0xaa,0xaa,0xaa,0xaa,0xaa,0xaa,0xaa,0x51,0x51,0x51,0x51,0x51,0x51,0x51,0x51,0x52,0x52,0x52,0x52,
	0x52,0x52,0x52,0x53,0x52,0x51,0x50,0x52,0x51,0x50,0x91,0x93,0x91,0x91,0x91,0x91,0x91,0x91,0x91,0x91,
	0x91,0x91,0x91,0x91,0x91,0x91,0x91,0x91,0x91,0x92,0x91,0x93,0xcf,0xd1,0xd0,0xd1,0xd2,0xd2,0xd2,0xd2,
	0xd2,0xd2,0xd2,0xd2,0xd2,0xd2,0xd2,0xd2,0xd2,0xd2,0xd2,0xd2,0x33,0x29,0x25,0x28,0x2c,0x2d,0x80,0x8b,
	0x7a,0x77,0x70,0x6d,0x64,0x60,0x59,0x57,0x4b,0x47,0x3d,0x3c,0x31,0x31,0x2a,0x2b,0x33,0x32,0x39,0x37,
	0x3f,0x3d,0x44,0x43,0x47,0x4a,0x4f,0x50,0x52,0x55,0x5e,0x67,0x6a,0x69,0x69,0x69,0xa9,0xab,0xa9,0xa9,
	0xaa,0xaa,0xaa,0xaa,0xaa,0xaa,0xaa,0xaa,0xaa,0xaa,0xaa,0xaa,0xaa,0xaa,0xaa,0xaa,0x51,0x51,0x51,0x51,
	0x51,0x51,0x51,0x51,0x52,0x52,0x52,0x52,0x52,0x52,0x52,0x53,0x52,0x51,0x50,0x52,0x51,0x50,0x91,0x93,
	0x91,0x91,0x91,0x91,0x91,0x91,0x91,0x91,0x91,0x91,0x91,0x91,0x91,0x91,0x91,0x91,0x91,0x92,0x91,0x93,
	0xcf,0xd1,0xd0,0xd1,0xd2,0xd2,0xd2,0xd2,0xd2,0xd2,0xd2,0xd2,0xd2,0xd2,0xd2,0xd2,0xd2,0xd2,0xd2,0xd2,
	0x2f,0x27,0x26,0x2a,0x2a,0x29,0x29,0x29,0x2a,0x2c,0x63,0x71,0x5e,0x62,0x57,0x59,0x4b,0x47,0x3d,0x3d,
	0x32,0x32,0x2a,0x2b,0x33,0x32,0x39,0x37,0x3f,0x3d,0x44,0x43,0x47,0x4a,0x4f,0x50,0x55,0x57,0x5a,0x5e,
	0x62,0x69,0x69,0x69,0xa9,0xa9,0xae,0xa6,0xaa,0xaa,0xaa,0xaa,0xaa,0xaa,0xaa,0xaa,0xaa,0xaa,0xaa,0xaa,
	0xaa,0xaa,0xaa,0xaa,0x51,0x51,0x51,0x51,0x51,0x51,0x51,0x51,0x52,0x52,0x52,0x52,0x52,0x52,0x52,0x53,
	0x52,0x51,0x50,0x52,0x51,0x50,0x91,0x93,0x91,0x91,0x91,0x91,0x91,0x91,0x91,0x91,0x91,0x91,0x91,0x91,
	0x91,0x91,0x91,0x91,0x91,0x92,0x91,0x93,0xcf,0xd1,0xd0,0xd1,0xd2,0xd2,0xd2,0xd2,0xd2,0xd2,0xd2,0xd2,
	0xd2,0xd2,0xd2,0xd2,0xd2,0xd2,0xd2,0xd2,0x2b,0x26,0x27,0x2b,0x2b,0x2b,0x2b,0x2a,0x2a,0x2f,0x6c,0x71,
	0x61,0x64,0x58,0x50,0x4c,0x48,0x3d,0x3d,0x32,0x32,0x2a,0x2b,0x33,0x32,0x39,0x37,0x3f,0x3d,0x44,0x43,
	0x47,0x4a,0x4f,0x50,0x56,0x59,0x5b,0x5c,0x61,0x68,0x69,0x69,0xb1,0xa6,0xae,0xae,0xaa,0xaa,0xaa,0xaa,
	0xaa,0xaa,0xaa,0xaa,0xaa,0xaa,0xaa,0xaa,0xaa,0xaa,0xaa,0xaa,0x51,0x51,0x51,0x51,0x51,0x51,0x51,0x51,
	0x52,0x52,0x52,0x52,0x52,0x52,0x52,0x53,0x52,0x51,0x50,0x52,0x51,0x50,0x91,0x93,0x91,0x91,0x91,0x91,
	0x91,0x91,0x91,0x91,0x91,0x91,0x91,0x91,0x91,0x91,0x91,0x91,0x91,0x92,0x91,0x93,0xcf,0xd1,0xd0,0xd1,
	0xd2,0xd2,0xd2,0xd2,0xd2,0xd2,0xd2,0xd2,0xd2,0xd2,0xd2,0xd2,0xd2,0xd2,0xd2,0xd2,0x29,0x26,0x28,0x2b,
	0x2b,0x2b,0x2b,0x2a,0x28,0x22,0x34,0x2b,0x33,0x33,0x52,0x5d,0x4b,0x47,0x3d,0x3d,0x33,0x32,0x2b,0x2c,
	0x32,0x32,0x39,0x37,0x3f,0x3d,0x44,0x43,0x47,0x4a,0x4f,0x50,0x57,0x5a,0x5b,0x5c,0x61,0x68,0x68,0x69,
	0x67,0x6b,0xa9,0xb3,0xaa,0xaa,0xaa,0xaa,0xaa,0xaa,0xaa,0xaa,0xaa,0xaa,0xaa,0xaa,0xaa,0xaa,0xaa,0xaa,
	0x51,0x51,0x51,0x51,0x51,0x51,0x51,0x51,0x52,0x52,0x52,0x52,0x52,0x52,0x52,0x53,0x52,0x51,0x50,0x52,
	0x51,0x50,0x91,0x93,0x91,0x91,0x91,0x91,0x91,0x91,0x91,0x91,0x91,0x91,0x91,0x91,0x91,0x91,0x91,0x91,
	0x91,0x92,0x91,0x93,0xcf,0xd1,0xd0,0xd1,0xd2,0xd2,0xd2,0xd2,0xd2,0xd2,0xd2,0xd2,0xd2,0xd2,0xd2,0xd2,
	0xd2,0xd2,0xd2,0xd2,0x28,0x27,0x2a,0x2b,0x2b,0x2b,0x2c,0x2b,0x2c,0x28,0x24,0x1f,0x2c,0x24,0x52,0x55,
	0x4b,0x47,0x3c,0x3d,0x34,0x33,0x2d,0x2d,0x32,0x32,0x39,0x37,0x3f,0x3d,0x44,0x43,0x47,0x4a,0x4f,0x50,
	0x57,0x5a,0x5b,0x5d,0x61,0x67,0x68,0x69,0x67,0x69,0xa5,0xab,0xaa,0xaa,0xaa,0xaa,0xaa,0xaa,0xaa,0xaa,
	0xaa,0xaa,0xaa,0xaa,0xaa,0xaa,0xaa,0xaa,0x51,0x51,0x51,0x51,0x51,0x51,0x51,0x51,0x52,0x52,0x52,0x52,
	0x52,0x52,0x52,0x53,0x52,0x51,0x50,0x52,0x51,0x50,0x91,0x93,0x91,0x91,0x91,0x91,0x91,0x91,0x91,0x91,
	0x91,0x91,0x91,0x91,0x91,0x91,0x91,0x91,0x91,0x92,0x91,0x93,0xcf,0xd1,0xd0,0xd1,0xd2,0xd2,0xd2,0xd2,
	0xd2,0xd2,0xd2,0xd2,0xd2,0xd2,0xd2,0xd2,0xd2,0xd2,0xd2,0xd2,0x29,0x28,0x2a,0x2b,0x2a,0x2a,0x2b,0x2b,
	0x2a,0x2a,0x2a,0x2a,0x2a,0x2a,0x2b,0x2c,0x30,0x31,0x35,0x3c,0x33,0x32,0x2c,0x2d,0x32,0x32,0x39,0x37,
	0x3f,0x3d,0x44,0x44,0x46,0x4a,0x4f,0x50,0x57,0x5a,0x5c,0x5e,0x61,0x65,0x67,0x68,0x69,0x69,0x68,0x67,
	0x67,0x61,0xae,0xad,0xad,0xaa,0xa8,0xb1,0xaa,0xaa,0xaa,0xaa,0xaa,0xaa,0xaa,0xaa,0x51,0x51,0x51,0x51,
	0x51,0x51,0x51,0x51,0x52,0x52,0x52,0x52,0x52,0x52,0x52,0x53,0x52,0x51,0x50,0x52,0x51,0x50,0x91,0x93,
	0x91,0x91,0x91,0x91,0x91,0x91,0x91,0x91,0x91,0x91,0x91,0x91,0x91,0x91,0x91,0x91,0x91,0x92,0x91,0x93,
	0xcf,0xd1,0xd0,0xd1,0xd2,0xd2,0xd2,0xd2,0xd2,0xd2,0xd2,0xd2,0xd2,0xd2,0xd2,0xd2,0xd2,0xd2,0xd2,0xd2,
	0x29,0x28,0x29,0x2a,0x29,0x29,0x2a,0x2a,0x2a,0x2a,0x2a,0x2a,0x2a,0x2a,0x2a,0x2a,0x29,0x28,0x2e,0x39,
	0x31,0x2f,0x2b,0x2c,0x31,0x32,0x38,0x37,0x3e,0x3d,0x43,0x44,0x46,0x4a,0x4f,0x50,0x57,0x5a,0x5c,0x5e,
	0x61,0x65,0x67,0x68,0x69,0x69,0x68,0x67,0x61,0x69,0xa8,0xa8,0xb0,0xab,0xac,0xa7,0xaa,0xaa,0xaa,0xaa,
	0xaa,0xaa,0xaa,0xaa,0x51,0x51,0x51,0x51,0x51,0x51,0x51,0x51,0x52,0x52,0x52,0x52,0x52,0x52,0x52,0x53,
	0x52,0x51,0x50,0x52,0x51,0x50,0x91,0x93,0x91,0x91,0x91,0x91,0x91,0x91,0x91,0x91,0x91,0x91,0x91,0x91,
	0x91,0x91,0x91,0x91,0x91,0x92,0x91,0x93,0xcf,0xd1,0xd0,0xd1,0xd2,0xd2,0xd2,0xd2,0xd2,0xd2,0xd2,0xd2,
	0xd2,0xd2,0xd2,0xd2,0xd2,0xd2,0xd2,0xd2,0x2a,0x28,0x29,0x29,0x28,0x28,0x2a,0x2a,0x2a,0x2a,0x2a,0x2a,
	0x2a,0x2a,0x2a,0x2a,0x29,0x27,0x2b,0x30,0x2c,0x2b,0x29,0x2a,0x30,0x32,0x38,0x37,0x3e,0x3d,0x43,0x44,
	0x46,0x4a,0x4f,0x50,0x57,0x5a,0x5c,0x5e,0x60,0x64,0x66,0x68,0x69,0x69,0x68,0x67,0x65,0x63,0x62,0x62,
	0x5c,0x67,0xa4,0xab,0xaa,0xaa,0xaa,0xaa,0xaa,0xaa,0xaa,0xaa,0x51,0x51,0x51,0x51,0x51,0x51,0x51,0x51,
	0x52,0x52,0x52,0x52,0x52,0x52,0x52,0x53,0x52,0x51,0x50,0x52,0x51,0x50,0x91,0x93,0x91,0x91,0x91,0x91,
	0x91,0x91,0x91,0x91,0x91,0x91,0x91,0x91,0x91,0x91,0x91,0x91,0x91,0x92,0x91,0x93,0xcf,0xd1,0xd0,0xd1,
	0xd2,0xd2,0xd2,0xd2,0xd2,0xd2,0xd2,0xd2,0xd2,0xd2,0xd2,0xd2,0xd2,0xd2,0xd2,0xd2,0x2a,0x28,0x29,0x29,
	0x28,0x28,0x2a,0x2a,0x2a,0x2a,0x2a,0x2a,0x2a,0x2a,0x29,0x29,0x29,0x27,0x27,0x29,0x28,0x27,0x27,0x29,
	0x2f,0x32,0x37,0x38,0x3d,0x3e,0x42,0x44,0x46,0x4a,0x4f,0x50,0x57,0x5a,0x5c,0x5e,0x60,0x63,0x66,0x68,
	0x69,0x69,0x68,0x67,0x65,0x68,0x63,0x5b,0x5c,0x5b,0xa8,0xaf,0xaa,0xaa,0xaa,0xaa,0xaa,0xaa,0xaa,0xaa,
	0x51,0x51,0x51,0x51,0x51,0x51,0x51,0x51,0x52,0x52,0x52,0x52,0x52,0x52,0x52,0x53,0x52,0x51,0x50,0x52,
	0x51,0x50,0x91,0x93,0x91,0x91,0x91,0x91,0x91,0x91,0x91,0x91,0x91,0x91,0x91,0x91,0x91,0x91,0x91,0x91,
	0x91,0x92,0x91,0x93,0xcf,0xd1,0xd0,0xd1,0xd2,0xd2,0xd2,0xd2,0xd2,0xd2,0xd2,0xd2,0xd2,0xd2,0xd2,0xd2,
	0xd2,0xd2,0xd2,0xd2,0x2a,0x28,0x29,0x29,0x28,0x28,0x2a,0x2a,0x2a,0x2a,0x2a,0x2a,0x2a,0x2a,0x2a,0x2a,
	0x2a,0x2a,0x2a,0x2a,0x2d,0x28,0x61,0x66,0x6d,0x6b,0x41,0x3b,0x3a,0x46,0x46,0x3f,0x45,0x4a,0x4f,0x50,
	0x57,0x5a,0x5c,0x5e,0x60,0x63,0x66,0x68,0x69,0x69,0x67,0x66,0x66,0x65,0x61,0x5d,0x5c,0x5b,0x5b,0x5b,
	0x5d,0x5c,0xa8,0xa5,0xb0,0xa4,0xa9,0xa5,0x51,0x51,0x51,0x51,0x51,0x51,0x51,0x51,0x52,0x52,0x52,0x52,
	0x52,0x52,0x52,0x53,0x52,0x51,0x50,0x52,0x51,0x50,0x91,0x93,0x91,0x91,0x91,0x91,0x91,0x91,0x91,0x91,
	0x91,0x91,0x91,0x91,0x91,0x91,0x91,0x91,0x91,0x92,0x91,0x93,0xcf,0xd1,0xd0,0xd1,0xd2,0xd2,0xd2,0xd2,
	0xd2,0xd2,0xd2,0xd2,0xd2,0xd2,0xd2,0xd2,0xd2,0xd2,0xd2,0xd2,0x2a,0x28,0x29,0x29,0x28,0x28,0x2a,0x2a,
	0x2a,0x2a,0x2a,0x2a,0x2a,0x2a,0x2a,0x2a,0x2a,0x2a,0x2a,0x2a,0x33,0x2a,0x71,0x6c,0x6c,0x61,0x38,0x38,
	0x34,0x43,0x45,0x4a,0x4a,0x4a,0x4f,0x50,0x57,0x5a,0x5c,0x5e,0x60,0x63,0x66,0x68,0x69,0x69,0x67,0x66,
	0x66,0x65,0x62,0x5f,0x5e,0x5d,0x5d,0x5c,0x59,0x63,0xa6,0xae,0xaf,0xab,0xaa,0xad,0x51,0x51,0x51,0x51,
	0x51,0x51,0x51,0x51,0x52,0x52,0x52,0x52,0x52,0x52,0x52,0x53,0x52,0x51,0x50,0x52,0x51,0x50,0x91,0x93,
	0x91,0x91,0x91,0x91,0x91,0x91,0x91,0x91,0x91,0x91,0x91,0x91,0x91,0x91,0x91,0x91,0x91,0x92,0x91,0x93,
	0xcf,0xd1,0xd0,0xd1,0xd2,0xd2,0xd2,0xd2,0xd2,0xd2,0xd2,0xd2,0xd2,0xd2,0xd2,0xd2,0xd2,0xd2,0xd2,0xd2,
	0x2a,0x28,0x29,0x29,0x28,0x28,0x2a,0x2a,0x2a,0x2a,0x2a,0x2a,0x2a,0x2a,0x2a,0x2a,0x2a,0x2a,0x2a,0x2a,
	0x31,0x2a,0x6a,0x60,0x6a,0x67,0x66,0x6f,0x66,0x66,0x48,0x3e,0x44,0x4a,0x4f,0x50,0x56,0x59,0x5c,0x5e,
	0x60,0x63,0x66,0x68,0x69,0x69,0x68,0x67,0x65,0x64,0x62,0x60,0x60,0x5f,0x5f,0x5e,0x5b,0x58,0x57,0x56,
	0x58,0x57,0xac,0xa3,0x51,0x51,0x51,0x51,0x51,0x51,0x51,0x51,0x52,0x52,0x52,0x52,0x52,0x52,0x52,0x52,
	0x52,0x51,0x50,0x52,0x51,0x50,0x91,0x93,0x91,0x91,0x91,0x91,0x91,0x91,0x91,0x91,0x91,0x91,0x91,0x91,
	0x91,0x91,0x91,0x91,0x91,0x92,0x91,0x93,0xcf,0xd1,0xd0,0xd1,0xd2,0xd2,0xd2,0xd2,0xd2,0xd2,0xd2,0xd2,
	0xd2,0xd2,0xd2,0xd2,0xd2,0xd2,0xd2,0xd2,0x2a,0x28,0x29,0x29,0x28,0x28,0x2a,0x2a,0x2a,0x2a,0x2a,0x2a,
	0x2a,0x2a,0x2a,0x2a,0x2a,0x2a,0x2a,0x2a,0x26,0x27,0x67,0x68,0x69,0x5f,0x70,0x6d,0x6e,0x68,0x45,0x47,
	0x49,0x4a,0x4f,0x50,0x56,0x59,0x5c,0x5e,0x61,0x63,0x66,0x68,0x69,0x69,0x68,0x67,0x66,0x64,0x63,0x62,
	0x61,0x60,0x60,0x5f,0x5c,0x5d,0x58,0x4f,0x57,0x50,0xa5,0xab,0x51,0x51,0x51,0x51,0x51,0x51,0x51,0x51,
	0x51,0x51,0x51,0x51,0x51,0x51,0x51,0x52,0x51,0x51,0x51,0x52,0x51,0x50,0x91,0x93,0x91,0x91,0x91,0x91,
	0x91,0x91,0x91,0x91,0x91,0x91,0x91,0x91,0x91,0x91,0x91,0x91,0x91,0x92,0x91,0x93,0xcf,0xd1,0xd0,0xd1,
	0xd2,0xd2,0xd2,0xd2,0xd2,0xd2,0xd2,0xd2,0xd2,0xd2,0xd2,0xd2,0xd2,0xd2,0xd2,0xd2,0x2a,0x28,0x29,0x29,
	0x28,0x28,0x2a,0x2a,0x29,0x29,0x29,0x29,0x29,0x29,0x29,0x29,0x2a,0x2a,0x2a,0x2a,0x28,0x2a,0x69,0x69,
	0x6a,0x6a,0x6a,0x6a,0x6a,0x6a,0x6a,0x6b,0x67,0x61,0x57,0x4f,0x58,0x5a,0x5b,0x5e,0x60,0x64,0x67,0x69,
	0x69,0x69,0x68,0x67,0x66,0x64,0x63,0x62,0x61,0x60,0x60,0x5f,0x5d,0x5c,0x5b,0x5a,0x57,0x56,0x56,0x55,
	0x51,0x51,0x51,0x51,0x51,0x51,0x51,0x51,0x51,0x51,0x51,0x51,0x51,0x51,0x51,0x52,0x51,0x51,0x51,0x52,
	0x51,0x50,0x91,0x93,0x91,0x91,0x91,0x91,0x91,0x91,0x91,0x91,0x91,0x91,0x91,0x91,0x91,0x91,0x91,0x91,
	0x91,0x92,0x91,0x93,0xcf,0xd1,0xd0,0xd1,0xd2,0xd2,0xd2,0xd2,0xd2,0xd2,0xd2,0xd2,0xd2,0xd2,0xd2,0xd2,
	0xd2,0xd2,0xd2,0xd2,0x2a,0x28,0x29,0x29,0x28,0x28,0x2a,0x2a,0x29,0x29,0x29,0x29,0x29,0x29,0x29,0x29,
	0x2a,0x2a,0x2a,0x2a,0x28,0x2a,0x69,0x69,0x6a,0x6a,0x6a,0x6a,0x6a,0x6a,0x6a,0x6b,0x69,0x66,0x5d,0x56,
	0x5b,0x5b,0x5b,0x5d,0x60,0x64,0x67,0x69,0x69,0x69,0x68,0x67,0x65,0x64,0x63,0x62,0x61,0x60,0x5f,0x5e,
	0x5d,0x5b,0x5b,0x59,0x57,0x56,0x56,0x55,0x51,0x51,0x51,0x51,0x51,0x51,0x51,0x51,0x51,0x51,0x51,0x51,
	0x51,0x51,0x51,0x51,0x51,0x51,0x51,0x52,0x51,0x50,0x91,0x93,0x91,0x91,0x91,0x91,0x91,0x91,0x91,0x91,
	0x91,0x91,0x91,0x91,0x91,0x91,0x91,0x91,0x91,0x92,0x91,0x93,0xcf,0xd1,0xd0,0xd1,0xd2,0xd2,0xd2,0xd2,
	0xd2,0xd2,0xd2,0xd2,0xd2,0xd2,0xd2,0xd2,0xd2,0xd2,0xd2,0xd2,0x2a,0x28,0x29,0x29,0x28,0x28,0x2a,0x2a,
	0x29,0x29,0x29,0x29,0x29,0x29,0x29,0x29,0x2a,0x2a,0x2a,0x2a,0x28,0x2a,0x69,0x69,0x6a,0x6a,0x6a,0x6a,
	0x6a,0x6a,0x6a,0x6a,0x6a,0x6a,0x6a,0x6a,0x65,0x60,0x5d,0x5d,0x61,0x64,0x67,0x69,0x69,0x69,0x68,0x67,
	0x66,0x64,0x63,0x62,0x61,0x60,0x5f,0x5e,0x5c,0x5b,0x5a,0x59,0x57,0x56,0x56,0x55,0x51,0x51,0x51,0x51,
	0x51,0x51,0x51,0x51,0x51,0x51,0x51,0x51,0x51,0x51,0x51,0x51,0x51,0x51,0x51,0x52,0x51,0x50,0x91,0x93,
	0x91,0x91,0x91,0x91,0x91,0x91,0x91,0x91,0x91,0x91,0x91,0x91,0x91,0x91,0x91,0x91,0x91,0x92,0x91,0x93,
	0xcf,0xd1,0xd0,0xd1,0xd2,0xd2,0xd2,0xd2,0xd2,0xd2,0xd2,0xd2,0xd2,0xd2,0xd2,0xd2,0xd2,0xd2,0xd2,0xd2,
	0x2a,0x28,0x29,0x29,0x28,0x28,0x2a,0x2a,0x29,0x29,0x29,0x29,0x29,0x29,0x29,0x29,0x2a,0x2a,0x2a,0x2a,
	0x28,0x2a,0x69,0x69,0x6a,0x6a,0x6a,0x6a,0x6a,0x6a,0x69,0x68,0x67,0x65,0x6b,0x70,0x69,0x64,0x60,0x5d,
	0x62,0x65,0x68,0x6a,0x6a,0x69,0x68,0x67,0x66,0x64,0x62,0x61,0x60,0x60,0x5f,0x5d,0x5c,0x5a,0x5a,0x59,
	0x57,0x56,0x56,0x55,0x51,0x51,0x51,0x51,0x51,0x51,0x51,0x51,0x51,0x51,0x51,0x51,0x51,0x51,0x51,0x51,
	0x51,0x51,0x51,0x52,0x51,0x50,0x91,0x93,0x91,0x91,0x91,0x91,0x91,0x91,0x91,0x91,0x91,0x91,0x91,0x91,
	0x91,0x91,0x91,0x91,0x91,0x92,0x91,0x93,0xcf,0xd1,0xd0,0xd1,0xd2,0xd2,0xd2,0xd2,0xd2,0xd2,0xd2,0xd2,
	0xd2,0xd2,0xd2,0xd2,0xd2,0xd2,0xd2,0xd2,0x2a,0x28,0x29,0x29,0x28,0x28,0x2a,0x2a,0x29,0x29,0x29,0x29,
	0x29,0x29,0x29,0x29,0x2a,0x2a,0x2a,0x2a,0x28,0x2a,0x69,0x69,0x6a,0x6a,0x6a,0x6a,0x6a,0x6a,0x6a,0x6a,
	0x6a,0x6a,0x6a,0x6a,0x6a,0x6a,0x6a,0x6a,0x6a,0x6a,0x6a,0x6a,0x63,0x6a,0x6d,0x73,0x64,0x63,0x62,0x61,
	0x60,0x60,0x5f,0x5d,0x5b,0x5a,0x5a,0x59,0x57,0x56,0x56,0x55,0x51,0x51,0x51,0x51,0x51,0x51,0x51,0x51,
	0x51,0x51,0x51,0x51,0x51,0x51,0x51,0x51,0x51,0x51,0x51,0x52,0x51,0x50,0x91,0x93,0x91,0x91,0x91,0x91,
	0x91,0x91,0x91,0x91,0x91,0x91,0x91,0x91,0x91,0x91,0x91,0x91,0x91,0x92,0x91,0x93,0xcf,0xd1,0xd0,0xd1,
	0xd2,0xd2,0xd2,0xd2,0xd2,0xd2,0xd2,0xd2,0xd2,0xd2,0xd2,0xd2,0xd2,0xd2,0xd2,0xd2,0x2a,0x28,0x29,0x29,
	0x28,0x28,0x2a,0x2a,0x29,0x29,0x29,0x29,0x29,0x29,0x29,0x29,0x2a,0x2a,0x2a,0x2a,0x28,0x2a,0x69,0x69,
	0x6a,0x6a,0x6a,0x6a,0x6a,0x6a,0x6a,0x6a,0x6a,0x6a,0x6a,0x6a,0x6a,0x6a,0x6a,0x6a,0x6a,0x6a,0x6a,0x6a,
	0x6e,0x71,0x63,0x69,0x64,0x63,0x62,0x61,0x60,0x60,0x5e,0x5c,0x5b,0x5a,0x5a,0x59,0x57,0x56,0x56,0x55,
	0x51,0x51,0x51,0x51,0x51,0x51,0x51,0x51,0x51,0x51,0x51,0x51,0x51,0x51,0x51,0x51,0x51,0x51,0x51,0x52,
	0x51,0x50,0x91,0x93,0x91,0x91,0x91,0x91,0x91,0x91,0x91,0x91,0x91,0x91,0x91,0x91,0x91,0x91,0x91,0x91,
	0x91,0x92,0x91,0x93,0xcf,0xd1,0xd0,0xd1,0xd2,0xd2,0xd2,0xd2,0xd2,0xd2,0xd2,0xd2,0xd2,0xd2,0xd2,0xd2,
	0xd2,0xd2,0xd2,0xd2,0x2a,0x28,0x29,0x29,0x28,0x28,0x2a,0x2a,0x29,0x29,0x29,0x29,0x29,0x29,0x29,0x29,
	0x2a,0x2a,0x2a,0x2a,0x28,0x2a,0x69,0x69,0x6a,0x6a,0x6a,0x6a,0x6a,0x6a,0x6a,0x6a,0x6a,0x6a,0x6a,0x6a,
	0x6a,0x6a,0x6a,0x6a,0x6a,0x6a,0x6a,0x6a,0xa5,0xa6,0x6e,0x61,0x64,0x63,0x62,0x61,0x60,0x60,0x5e,0x5c,
	0x5c,0x5a,0x5a,0x5a,0x57,0x56,0x56,0x55,0x51,0x51,0x51,0x51,0x51,0x51,0x51,0x51,0x51,0x51,0x51,0x51,
	0x51,0x51,0x51,0x51,0x51,0x51,0x51,0x52,0x51,0x50,0x91,0x93,0x91,0x91,0x91,0x91,0x91,0x91,0x91,0x91,
	0x91,0x91,0x91,0x91,0x91,0x91,0x91,0x91,0x91,0x92,0x91,0x93,0xcf,0xd1,0xd0,0xd1,0xd2,0xd2,0xd2,0xd2,
	0xd2,0xd2,0xd2,0xd2,0xd2,0xd2,0xd2,0xd2,0xd2,0xd2,0xd2,0xd2,0x2a,0x28,0x29,0x29,0x28,0x28,0x2a,0x2a,
	0x29,0x29,0x29,0x29,0x29,0x29,0x29,0x29,0x2a,0x2a,0x2a,0x2a,0x28,0x2a,0x69,0x69,0x6a,0x6a,0x6a,0x6a,
	0x6a,0x6a,0x6a,0x6a,0x6a,0x6a,0x6a,0x6a,0x6a,0x6a,0x6a,0x69,0x6a,0x6a,0x6a,0x69,0xb0,0xa8,0x67,0x62,
	0x64,0x63,0x62,0x61,0x60,0x60,0x5e,0x5c,0x5c,0x5a,0x5a,0x5a,0x57,0x56,0x56,0x55,0x51,0x51,0x51,0x51,
	0x51,0x51,0x51,0x51,0x51,0x51,0x51,0x51,0x51,0x51,0x51,0x51,0x51,0x51,0x51,0x52,0x51,0x50,0x91,0x93,
	0x91,0x91,0x91,0x91,0x91,0x91,0x91,0x91,0x91,0x91,0x91,0x91,0x91,0x91,0x91,0x91,0x91,0x92,0x91,0x93,
	0xcf,0xd1,0xd0,0xd1,0xd2,0xd2,0xd2,0xd2,0xd2,0xd2,0xd2,0xd2,0xd2,0xd2,0xd2,0xd2,0xd2,0xd2,0xd2,0xd2,
	0x2a,0x28,0x29,0x29,0x28,0x28,0x2a,0x2a,0x29,0x29,0x29,0x29,0x29,0x29,0x29,0x29,0x2a,0x2a,0x2a,0x2a,
	0x28,0x2a,0x69,0x69,0x6a,0x6a,0x6a,0x6a,0x6a,0x6a,0x6a,0x6a,0x6a,0x6a,0x6a,0x6a,0x6a,0x6a,0x69,0x69,
	0x69,0x6a,0x69,0x69,0xac,0xab,0xaa,0xad,0xa6,0xae,0x5e,0x61,0x5e,0x5e,0x67,0x64,0x5b,0x5b,0x5b,0x5a,
	0x56,0x56,0x55,0x55,0x51,0x51,0x51,0x51,0x51,0x51,0x51,0x51,0x51,0x51,0x51,0x51,0x51,0x51,0x51,0x51,
	0x51,0x51,0x51,0x52,0x51,0x50,0x91,0x93,0x91,0x91,0x91,0x91,0x91,0x91,0x91,0x91,0x91,0x91,0x91,0x91,
	0x91,0x91,0x91,0x91,0x91,0x92,0x91,0x93,0xcf,0xd1,0xd0,0xd1,0xd2,0xd2,0xd2,0xd2,0xd2,0xd2,0xd2,0xd2,
	0xd2,0xd2,0xd2,0xd2,0xd2,0xd2,0xd2,0xd2,0x2a,0x28,0x29,0x29,0x28,0x28,0x2a,0x2a,0x29,0x29,0x29,0x29,
	0x29,0x29,0x29,0x29,0x2a,0x2a,0x2a,0x2a,0x28,0x2a,0x69,0x69,0x6a,0x6a,0x6a,0x6a,0x6a,0x6a,0x6a,0x6a,
	0x6a,0x6a,0x6a,0x6a,0x6a,0x6a,0x69,0x69,0x69,0x6a,0x69,0x69,0xac,0xab,0xaa,0xad,0xa9,0xa4,0x65,0x63,
	0x64,0x62,0x5a,0x59,0x5b,0x5b,0x5b,0x5b,0x56,0x56,0x55,0x55,0x51,0x51,0x51,0x51,0x51,0x51,0x51,0x51,
	0x51,0x51,0x51,0x51,0x51,0x51,0x51,0x51,0x51,0x51,0x51,0x52,0x51,0x50,0x91,0x93,0x91,0x91,0x91,0x91,
	0x91,0x91,0x91,0x91,0x91,0x91,0x91,0x91,0x91,0x91,0x91,0x91,0x91,0x92,0x91,0x93,0xcf,0xd1,0xd0,0xd1,
	0xd2,0xd2,0xd2,0xd2,0xd2,0xd2,0xd2,0xd2,0xd2,0xd2,0xd2,0xd2,0xd2,0xd2,0xd2,0xd2,0x2a,0x28,0x29,0x29,
	0x28,0x28,0x2a,0x2a,0x29,0x29,0x29,0x29,0x29,0x29,0x29,0x29,0x2a,0x2a,0x2a,0x2a,0x28,0x2a,0x69,0x69,
	0x6a,0x6a,0x6a,0x6a,0x6a,0x6a,0x6a,0x6a,0x6a,0x6a,0x6a,0x6a,0x6a,0x6a,0x69,0x68,0x69,0x6a,0x69,0x68,
	0xac,0xab,0xaa,0xad,0xa7,0xaf,0xb2,0xa9,0xaa,0xa6,0x63,0x54,0x5b,0x5b,0x5b,0x5b,0x56,0x55,0x55,0x55,
	0x51,0x51,0x51,0x51,0x51,0x51,0x51,0x51,0x51,0x51,0x51,0x51,0x51,0x51,0x51,0x51,0x51,0x51,0x51,0x52,
	0x51,0x50,0x91,0x93,0x91,0x91,0x91,0x91,0x91,0x91,0x91,0x91,0x91,0x91,0x91,0x91,0x91,0x91,0x91,0x91,
	0x91,0x92,0x91,0x93,0xcf,0xd1,0xd0,0xd1,0xd2,0xd2,0xd2,0xd2,0xd2,0xd2,0xd2,0xd2,0xd2,0xd2,0xd2,0xd2,
	0xd2,0xd2,0xd2,0xd2,0x2a,0x28,0x29,0x29,0x28,0x28,0x2a,0x2a,0x29,0x29,0x29,0x29,0x29,0x29,0x29,0x29,
	0x2a,0x2a,0x2a,0x2a,0x28,0x2a,0x69,0x69,0x6a,0x6a,0x6a,0x6a,0x6a,0x6a,0x6a,0x6a,0x6a,0x6a,0x6a,0x6a,
	0x6a,0x6a,0x69,0x68,0x69,0x6a,0x69,0x68,0xac,0xab,0xaa,0xad,0xab,0xaf,0xb2,0xaa,0xac,0xa9,0x55,0x5e,
	0x5c,0x5b,0x5b,0x5b,0x56,0x55,0x55,0x55,0x51,0x51,0x51,0x51,0x51,0x51,0x51,0x51,0x51,0x51,0x51,0x51,
	0x51,0x51,0x51,0x51,0x51,0x51,0x51,0x52,0x51,0x50,0x91,0x93,0x91,0x91,0x91,0x91,0x91,0x91,0x91,0x91,
	0x91,0x91,0x91,0x91,0x91,0x91,0x91,0x91,0x91,0x92,0x91,0x93,0xcf,0xd1,0xd0,0xd1,0xd2,0xd2,0xd2,0xd2,
	0xd2,0xd2,0xd2,0xd2,0xd2,0xd2,0xd2,0xd2,0xd2,0xd2,0xd2,0xd2,0x2a,0x28,0x29,0x29,0x28,0x28,0x2a,0x2a,
	0x29,0x29,0x29,0x29,0x29,0x29,0x29,0x29,0x2a,0x2a,0x2a,0x2a,0x28,0x2a,0x69,0x69,0x6a,0x6a,0x6a,0x6a,
	0x6a,0x6a,0x6a,0x6a,0x6a,0x6a,0x6a,0x6a,0x6a,0x6a,0x69,0x68,0x69,0x6a,0x69,0x68,0xac,0xab,0xaa,0xac,
	0xad,0xab,0xab,0xab,0xa9,0xa9,0xa8,0xa8,0xab,0xa7,0x55,0x56,0x59,0x57,0x5a,0x51,0x51,0x51,0x51,0x51,
	0x51,0x51,0x51,0x51,0x51,0x51,0x51,0x51,0x51,0x51,0x51,0x51,0x51,0x51,0x51,0x52,0x51,0x50,0x91,0x93,
	0x91,0x91,0x91,0x91,0x91,0x91,0x91,0x91,0x91,0x91,0x91,0x91,0x91,0x91,0x91,0x91,0x91,0x92,0x91,0x93,
	0xcf,0xd1,0xd0,0xd1,0xd2,0xd2,0xd2,0xd2,0xd2,0xd2,0xd2,0xd2,0xd2,0xd2,0xd2,0xd2,0xd2,0xd2,0xd2,0xd2,
	0x2a,0x28,0x29,0x29,0x28,0x28,0x2a,0x2a,0x29,0x29,0x29,0x29,0x29,0x29,0x29,0x29,0x2a,0x2a,0x2a,0x2a,
	0x28,0x2a,0x69,0x69,0x6a,0x6a,0x6a,0x6a,0x6a,0x6a,0x6a,0x6a,0x6a,0x6a,0x6a,0x6a,0x6a,0x6a,0x69,0x68,
	0x69,0x6a,0x69,0x68,0xac,0xab,0xaa,0xac,0xac,0xaa,0xa9,0xa8,0xa9,0xa9,0xaa,0xab,0xae,0xaf,0x5d,0x58,
	0x57,0x54,0x4c,0x4f,0x51,0x51,0x51,0x51,0x51,0x51,0x51,0x51,0x51,0x51,0x51,0x51,0x51,0x51,0x51,0x51,
	0x51,0x51,0x51,0x52,0x51,0x50,0x91,0x93,0x91,0x91,0x91,0x91,0x91,0x91,0x91,0x91,0x91,0x91,0x91,0x91,
	0x91,0x91,0x91,0x91,0x91,0x92,0x91,0x93,0xcf,0xd1,0xd0,0xd1,0xd2,0xd2,0xd2,0xd2,0xd2,0xd2,0xd2,0xd2,
	0xd2,0xd2,0xd2,0xd2,0xd2,0xd2,0xd2,0xd2,0x2a,0x28,0x29,0x29,0x28,0x28,0x2a,0x2a,0x29,0x29,0x29,0x29,
	0x29,0x29,0x29,0x29,0x2a,0x2a,0x2a,0x2a,0x28,0x2a,0x69,0x69,0x6a,0x6a,0x6a,0x6a,0x6a,0x6a,0x6a,0x6a,
	0x6a,0x6a,0x6a,0x6a,0x6a,0x6a,0x69,0x68,0x69,0x6a,0x6a,0x69,0xab,0xab,0xaa,0xac,0xab,0xa9,0xa8,0xa8,
	0xa9,0xa9,0xaa,0xab,0xae,0xa8,0xa9,0xae,0xa2,0x9d,0x5e,0x54,0x51,0x51,0x51,0x51,0x51,0x51,0x51,0x51,
	0x51,0x51,0x51,0x51,0x51,0x51,0x51,0x51,0x51,0x51,0x51,0x52,0x51,0x50,0x91,0x93,0x91,0x91,0x91,0x91,
	0x91,0x91,0x91,0x91,0x91,0x91,0x91,0x91,0x91,0x91,0x91,0x91,0x91,0x92,0x91,0x93,0xcf,0xd1,0xd0,0xd1,
	0xd2,0xd2,0xd2,0xd2,0xd2,0xd2,0xd2,0xd2,0xd2,0xd2,0xd2,0xd2,0xd2,0xd2,0xd2,0xd2,0x2a,0x28,0x29,0x29,
	0x28,0x28,0x2a,0x2a,0x29,0x29,0x29,0x29,0x29,0x29,0x29,0x29,0x2a,0x2a,0x2a,0x2a,0x28,0x2a,0x69,0x69,
	0x6a,0x6a,0x6a,0x6a,0x6a,0x6a,0x6a,0x6a,0x6a,0x6a,0x6a,0x6a,0x6a,0x6a,0x69,0x69,0x69,0x6a,0x6a,0x69,
	0xab,0xaa,0xaa,0xab,0xab,0xa9,0xa8,0xa8,0xa9,0xaa,0xab,0xac,0xab,0xa7,0xa5,0xa5,0xae,0xac,0x55,0x5a,
	0x51,0x51,0x51,0x51,0x51,0x51,0x51,0x51,0x51,0x51,0x51,0x51,0x51,0x51,0x51,0x51,0x51,0x51,0x51,0x52,
	0x51,0x50,0x91,0x93,0x91,0x91,0x91,0x91,0x91,0x91,0x91,0x91,0x91,0x91,0x91,0x91,0x91,0x91,0x91,0x91,
	0x91,0x92,0x91,0x93,0xcf,0xd1,0xd0,0xd1,0xd2,0xd2,0xd2,0xd2,0xd2,0xd2,0xd2,0xd2,0xd2,0xd2,0xd2,0xd2,
	0xd2,0xd2,0xd2,0xd2,0x2a,0x28,0x29,0x29,0x28,0x28,0x2a,0x2a,0x29,0x29,0x29,0x29,0x29,0x29,0x29,0x29,
	0x43,0x4a,0x87,0x76,0x56,0x6f,0x7a,0x8b,0x85,0x8b,0x93,0x8f,0x89,0x96,0x6a,0x85,0x6a,0x6a,0x6a,0x6a,
	0x6a,0x6a,0x6a,0x69,0x69,0x6a,0x6a,0x6a,0xaa,0xaa,0xaa,0xab,0xaa,0xa8,0xa9,0xa8,0xa9,0xab,0xab,0xab,
	0xaa,0xaa,0xaa,0xaa,0xaa,0xaa,0xaa,0xaa,0x51,0x51,0x51,0x51,0x51,0x51,0x51,0x51,0x51,0x51,0x51,0x51,
	0x51,0x51,0x51,0x51,0x51,0x51,0x51,0x52,0x51,0x50,0x91,0x93,0x91,0x91,0x91,0x91,0x91,0x91,0x91,0x91,
	0x91,0x91,0x91,0x91,0x91,0x91,0x91,0x91,0x91,0x92,0x91,0x93,0xcf,0xd1,0xd0,0xd1,0xd2,0xd2,0xd2,0xd2,
	0xd2,0xd2,0xd2,0xd2,0xd2,0xd2,0xd2,0xd2,0xd2,0xd2,0xd2,0xd2,0x2a,0x28,0x29,0x29,0x28,0x28,0x2a,0x2a,
	0x29,0x29,0x29,0x29,0x29,0x29,0x29,0x29,0x7a,0x4f,0x54,0x74,0x66,0x66,0x7c,0x76,0x6a,0x76,0x9b,0x88,
	0x82,0x70,0x80,0x6a,0x6a,0x6a,0x6a,0x6a,0x6a,0x6a,0x6a,0x68,0x69,0x6a,0x6b,0x6a,0xaa,0xaa,0xaa,0xab,
	0xa9,0xa8,0xa9,0xa9,0xa9,0xaa,0xaa,0xaa,0xaa,0xaa,0xaa,0xaa,0xaa,0xaa,0xaa,0xaa,0x51,0x51,0x51,0x51,
	0x51,0x51,0x51,0x51,0x51,0x51,0x51,0x51,0x51,0x51,0x51,0x51,0x51,0x51,0x51,0x52,0x51,0x50,0x91,0x93,
	0x91,0x91,0x91,0x91,0x91,0x91,0x91,0x91,0x91,0x91,0x91,0x91,0x91,0x91,0x91,0x91,0x91,0x92,0x91,0x93,
	0xcf,0xd1,0xd0,0xd1,0xd2,0xd2,0xd2,0xd2,0xd2,0xd2,0xd2,0xd2,0xd2,0xd2,0xd2,0xd2,0xd2,0xd2,0xd2,0xd2,
	0x2a,0x28,0x29,0x29,0x28,0x28,0x2a,0x2a,0x29,0x29,0x29,0x29,0x29,0x29,0x29,0x29,0x55,0x51,0x9c,0x6d,
	0x6f,0x40,0x99,0x89,0x74,0x6b,0x87,0x90,0x6f,0x72,0x6f,0x82,0x6a,0x6a,0x6a,0x6a,0x6a,0x6a,0x6a,0x68,
	0x68,0x69,0x6b,0x6b,0xa9,0xa9,0xaa,0xaa,0xa9,0xa9,0xaa,0xaa,0xaa,0xaa,0xaa,0xaa,0xaa,0xaa,0xaa,0xaa,
	0xaa,0xaa,0xaa,0xaa,0x51,0x51,0x51,0x51,0x51,0x51,0x51,0x51,0x51,0x51,0x51,0x51,0x51,0x51,0x51,0x51,
	0x51,0x51,0x51,0x52,0x51,0x50,0x91,0x93,0x91,0x91,0x91,0x91,0x91,0x91,0x91,0x91,0x91,0x91,0x91,0x91,
	0x91,0x91,0x91,0x91,0x91,0x92,0x91,0x93,0xcf,0xd1,0xd0,0xd1,0xd2,0xd2,0xd2,0xd2,0xd2,0xd2,0xd2,0xd2,
	0xd2,0xd2,0xd2,0xd2,0xd2,0xd2,0xd2,0xd2,0x2a,0x28,0x29,0x29,0x28,0x28,0x2a,0x2a,0x29,0x29,0x29,0x29,
	0x29,0x29,0x29,0x29,0x4c,0x62,0x38,0x3a,0x8b,0x5e,0x6e,0x8b,0x7f,0x7d,0x6c,0x84,0x71,0x94,0x72,0x7f,
	0x6a,0x6a,0x6a,0x6a,0x6a,0x6a,0x6a,0x68,0x68,0x69,0x6b,0x6b,0xa9,0xa9,0xaa,0xaa,0xa9,0xa9,0xaa,0xaa,
	0xaa,0xaa,0xaa,0xaa,0xaa,0xaa,0xaa,0xaa,0xaa,0xaa,0xaa,0xaa,0x51,0x51,0x51,0x51,0x51,0x51,0x51,0x51,
	0x51,0x51,0x51,0x51,0x51,0x51,0x51,0x51,0x51,0x51,0x51,0x52,0x51,0x50,0x91,0x93,0x91,0x91,0x91,0x91,
	0x91,0x91,0x91,0x91,0x91,0x91,0x91,0x91,0x91,0x91,0x91,0x91,0x91,0x92,0x91,0x93,0xcf,0xd1,0xd0,0xd1,
	0xd2,0xd2,0xd2,0xd2,0xd2,0xd2,0xd2,0xd2,0xd2,0xd2,0xd2,0xd2,0xd2,0xd2,0xd2,0xd2,0x2a,0x28,0x29,0x29,
	0x28,0x28,0x2a,0x2a,0x29,0x29,0x29,0x29,0x29,0x29,0x29,0x29,0x5d,0x4a,0x4c,0x81,0x43,0x34,0x93,0x92,
	0x78,0x77,0x82,0x97,0x97,0x79,0x96,0x95,0x6a,0x6a,0x6a,0x6a,0x6a,0x6a,0x69,0x69,0x69,0x6a,0x6b,0x6b,
	0xa9,0xa9,0xaa,0xaa,0xa9,0xa9,0xaa,0xaa,0xaa,0xaa,0xaa,0xaa,0xaa,0xaa,0xaa,0xaa,0xaa,0xaa,0xaa,0xaa,
	0x51,0x51,0x51,0x51,0x51,0x51,0x51,0x51,0x51,0x51,0x51,0x51,0x51,0x51,0x51,0x51,0x51,0x51,0x51,0x52,
	0x51,0x50,0x91,0x93,0x91,0x91,0x91,0x91,0x91,0x91,0x91,0x91,0x91,0x91,0x91,0x91,0x91,0x91,0x91,0x91,
	0x91,0x92,0x91,0x93,0xcf,0xd1,0xd0,0xd1,0xd2,0xd2,0xd2,0xd2,0xd2,0xd2,0xd2,0xd2,0xd2,0xd2,0xd2,0xd2,
	0xd2,0xd2,0xd2,0xd2,0x2a,0x28,0x29,0x29,0x28,0x28,0x2a,0x2a,0x29,0x29,0x29,0x29,0x29,0x29,0x29,0x29,
	0x8e,0x62,0x59,0x57,0x2d,0x74,0x74,0x8c,0x73,0x89,0x7e,0x98,0x7e,0x8a,0x96,0x6e,0x6a,0x6a,0x6a,0x6a,
	0x6a,0x6a,0x68,0x69,0x6a,0x6a,0x6b,0x6b,0xa9,0xa9,0xaa,0xaa,0xa9,0xa9,0xaa,0xaa,0xaa,0xaa,0xaa,0xaa,
	0xaa,0xaa,0xaa,0xaa,0xaa,0xaa,0xaa,0xaa,0x51,0x51,0x51,0x51,0x51,0x51,0x51,0x51,0x51,0x51,0x51,0x51,
	0x51,0x51,0x51,0x51,0x51,0x51,0x51,0x52,0x51,0x50,0x91,0x93,0x91,0x91,0x91,0x91,0x90,0x90,0x90,0x90,
	0x90,0x90,0x90,0x90,0x91,0x91,0x91,0x91,0x91,0x92,0x91,0x93,0xcf,0xd1,0xd0,0xd1,0xd2,0xd2,0xd2,0xd2,
	0xd2,0xd2,0xd2,0xd2,0xd2,0xd2,0xd2,0xd2,0xd2,0xd2,0xd2,0xd2,0x2a,0x28,0x29,0x29,0x28,0x28,0x2a,0x2a,
	0x29,0x29,0x29,0x29,0x29,0x29,0x29,0x29,0x64,0x3c,0x6d,0x60,0x5f,0x80,0x88,0x73,0x93,0x84,0x9d,0x99,
	0x6d,0x97,0x96,0x97,0x6a,0x6a,0x6a,0x6a,0x6a,0x6a,0x67,0x6a,0x6b,0x6a,0x6b,0x6b,0xa9,0xa9,0xaa,0xaa,
	0xa9,0xa9,0xaa,0xaa,0xaa,0xaa,0xaa,0xaa,0xaa,0xaa,0xaa,0xaa,0xaa,0xaa,0xaa,0xaa,0x51,0x51,0x51,0x51,
	0x51,0x51,0x51,0x51,0x51,0x51,0x51,0x51,0x51,0x51,0x51,0x51,0x51,0x51,0x51,0x52,0x51,0x50,0x91,0x93,
	0x91,0x91,0x91,0x91,0x8f,0x8f,0x8f,0x8f,0x8f,0x8f,0x8f,0x8f,0x91,0x91,0x91,0x91,0x91,0x92,0x91,0x93,
	0xcf,0xd1,0xd0,0xd1,0xd2,0xd2,0xd2,0xd2,0xd2,0xd2,0xd2,0xd2,0xd2,0xd2,0xd2,0xd2,0xd2,0xd2,0xd2,0xd2,
	0x2a,0x28,0x29,0x29,0x28,0x28,0x2a,0x2a,0x29,0x29,0x29,0x29,0x29,0x29,0x29,0x29,0x69,0x3e,0x69,0x6d,
	0x5a,0x77,0x7a,0x70,0x8a,0x94,0x6e,0x92,0x80,0x94,0x88,0x84,0x6a,0x6a,0x6a,0x6a,0x6a,0x69,0x68,0x6a,
	0x6b,0x6a,0x6b,0x6b,0xa9,0xa9,0xaa,0xaa,0xa9,0xa9,0xaa,0xaa,0xaa,0xaa,0xaa,0xaa,0xaa,0xaa,0xaa,0xaa,
	0xaa,0xaa,0xaa,0xaa,0x51,0x51,0x51,0x51,0x51,0x51,0x51,0x51,0x51,0x51,0x51,0x51,0x51,0x51,0x51,0x51,
	0x51,0x51,0x51,0x52,0x51,0x50,0x91,0x93,0x91,0x92,0x92,0x92,0x80,0x80,0x81,0x81,0x81,0x81,0x81,0x81,
	0x91,0x91,0x91,0x91,0x91,0x92,0x91,0x93,0xcf,0xd1,0xd0,0xd1,0xd2,0xd2,0xd2,0xd2,0xd2,0xd2,0xd2,0xd2,
	0xd2,0xd2,0xd2,0xd2,0xd2,0xd2,0xd2,0xd2,0x2a,0x28,0x29,0x29,0x28,0x28,0x2a,0x2a,0x29,0x29,0x29,0x29,
	0x29,0x29,0x29,0x29,0x51,0x3f,0x41,0x41,0x6a,0x66,0x93,0x74,0x9a,0x7a,0x87,0x84,0x8b,0x76,0xa0,0x71,
	0x6a,0x6a,0x6a,0x6a,0x6a,0x69,0x69,0x6a,0x6b,0x6a,0x6b,0x6b,0xa9,0xa9,0xaa,0xaa,0xa9,0xa9,0xaa,0xaa,
	0xaa,0xaa,0xaa,0xaa,0xaa,0xaa,0xaa,0xaa,0xaa,0xaa,0xaa,0xaa,0x51,0x51,0x51,0x51,0x51,0x51,0x51,0x51,
	0x51,0x51,0x51,0x51,0x51,0x51,0x51,0x51,0x51,0x51,0x51,0x52,0x51,0x50,0x91,0x93,0x91,0x92,0x92,0x92,
	0x7f,0x7f,0x80,0x80,0x80,0x80,0x80,0x80,0x91,0x91,0x91,0x91,0x91,0x92,0x91,0x93,0xcf,0xd1,0xd0,0xd1,
	0xd2,0xd2,0xd2,0xd2,0xd2,0xd2,0xd2,0xd2,0xd2,0xd2,0xd2,0xd2,0xd2,0xd2,0xd2,0xd2,0x2a,0x28,0x29,0x29,
	0x28,0x28,0x2a,0x2a,0x29,0x29,0x29,0x29,0x29,0x29,0x29,0x29,0x4c,0x57,0x44,0x80,0x66,0x5b,0x7c,0x88,
	0x82,0x95,0x88,0x8c,0x98,0x6c,0x7b,0x6e,0x6a,0x6a,0x6a,0x6a,0x69,0x68,0x69,0x6b,0x6b,0x6a,0x6b,0x6b,
	0xa9,0xa9,0xaa,0xaa,0xa9,0xa9,0xaa,0xaa,0xaa,0xaa,0xaa,0xaa,0xaa,0xaa,0xaa,0xaa,0xaa,0xaa,0xaa,0xaa,
	0x51,0x51,0x51,0x51,0x51,0x51,0x51,0x51,0x51,0x51,0x51,0x51,0x51,0x51,0x51,0x51,0x51,0x51,0x51,0x52,
	0x51,0x50,0x91,0x93,0x91,0x92,0x92,0x92,0x7e,0x7e,0x7f,0x7f,0x7f,0x7f,0x7f,0x7f,0x91,0x91,0x91,0x91,
	0x91,0x92,0x91,0x93,0xcf,0xd1,0xd0,0xd1,0xd2,0xd2,0xd2,0xd2,0xd2,0xd2,0xd2,0xd2,0xd2,0xd2,0xd2,0xd2,
	0xd2,0xd2,0xd2,0xd2,0x2a,0x28,0x29,0x29,0x28,0x28,0x2a,0x2a,0x29,0x29,0x29,0x29,0x29,0x29,0x29,0x29,
	0x55,0x56,0x7e,0x50,0x87,0x37,0x92,0x75,0x75,0x96,0x86,0x82,0x8b,0x84,0x97,0x7d,0x6a,0x6a,0x6a,0x6a,
	0x69,0x68,0x6a,0x6b,0x6b,0x6a,0x6b,0x6b,0xa9,0xa9,0xaa,0xaa,0xa9,0xa9,0xaa,0xaa,0xaa,0xaa,0xaa,0xaa,
	0xaa,0xaa,0xaa,0xaa,0xaa,0xaa,0xaa,0xaa,0x51,0x51,0x51,0x51,0x51,0x51,0x51,0x51,0x51,0x51,0x51,0x51,
	0x51,0x51,0x51,0x51,0x51,0x51,0x51,0x52,0x51,0x50,0x91,0x93,0x91,0x92,0x92,0x92,0x7e,0x7e,0x7f,0x7f,
	0x7f,0x7f,0x7f,0x7f,0x91,0x91,0x91,0x91,0x91,0x92,0x91,0x93,0xcf,0xd1,0xd0,0xd1,0xd2,0xd2,0xd2,0xd2,
	0xd2,0xd2,0xd2,0xd2,0xd2,0xd2,0xd2,0xd2,0xd2,0xd2,0xd2,0xd2,0x2a,0x28,0x29,0x29,0x28,0x28,0x2a,0x2a,
	0x29,0x29,0x29,0x29,0x29,0x29,0x29,0x29,0x7a,0x2b,0x7e,0x50,0x97,0x8f,0x97,0x86,0x8f,0x95,0x89,0x93,
	0x84,0x74,0x7b,0x75,0x6a,0x6a,0x6a,0x6a,0x69,0x68,0x6a,0x6b,0x6b,0x6a,0x6b,0x6b,0xa9,0xa9,0xaa,0xaa,
	0xa9,0xa9,0xaa,0xaa,0xaa,0xaa,0xaa,0xaa,0xaa,0xaa,0xaa,0xaa,0xaa,0xaa,0xaa,0xaa,0x51,0x51,0x51,0x51,
	0x51,0x51,0x51,0x51,0x51,0x51,0x51,0x51,0x51,0x51,0x51,0x51,0x51,0x51,0x51,0x52,0x51,0x50,0x91,0x93,
	0x91,0x92,0x92,0x92,0x7e,0x7e,0x7f,0x7f,0x7f,0x7f,0x7f,0x7f,0x91,0x91,0x91,0x91,0x91,0x92,0x91,0x93,
	0xcf,0xd1,0xd0,0xd1,0xd2,0xd2,0xd2,0xd2,0xd2,0xd2,0xd2,0xd2,0xd2,0xd2,0xd2,0xd2,0xd2,0xd2,0xd2,0xd2,
	0x2a,0x28,0x29,0x29,0x28,0x28,0x2a,0x2a,0x29,0x29,0x29,0x29,0x29,0x29,0x29,0x29,0x9b,0x94,0x5d,0x61,
	0x67,0x54,0x6a,0x93,0x84,0x95,0x75,0x8a,0x73,0x7a,0x80,0x92,0x6a,0x6a,0x6a,0x6a,0x69,0x69,0x6a,0x6b,
	0x6b,0x6a,0x6b,0x6b,0xa9,0xa9,0xaa,0xaa,0xa9,0xa9,0xaa,0xaa,0xaa,0xaa,0xaa,0xaa,0xaa,0xaa,0xaa,0xaa,
	0xaa,0xaa,0xaa,0xaa,0x51,0x51,0x51,0x51,0x51,0x51,0x51,0x51,0x51,0x51,0x51,0x51,0x51,0x51,0x51,0x51,
	0x51,0x51,0x51,0x52,0x51,0x50,0x91,0x93,0x91,0x92,0x92,0x92,0x7e,0x7e,0x7f,0x7f,0x7f,0x7f,0x7f,0x7f,
	0x91,0x91,0x91,0x91,0x91,0x92,0x91,0x93,0xcf,0xd1,0xd0,0xd1,0xd2,0xd2,0xd2,0xd2,0xd2,0xd2,0xd2,0xd2,
	0xd2,0xd2,0xd2,0xd2,0xd2,0xd2,0xd2,0xd2,0x2a,0x28,0x29,0x29,0x28,0x28,0x2a,0x2a,0x29,0x29,0x29,0x29,
	0x29,0x29,0x29,0x29,0x47,0x81,0x56,0x66,0x47,0x49,0x87,0x93,0x79,0x77,0x7a,0x8b,0x96,0x8a,0x87,0x99,
	0x6a,0x6a,0x6a,0x69,0x68,0x69,0x6b,0x6b,0x6a,0x6a,0x6b,0x6b,0xa9,0xa9,0xaa,0xaa,0xa9,0xa9,0xaa,0xaa,
	0xaa,0xaa,0xaa,0xaa,0xaa,0xaa,0xaa,0xaa,0xaa,0xaa,0xaa,0xaa,0x51,0x51,0x51,0x51,0x51,0x51,0x51,0x51,
	0x51,0x51,0x51,0x51,0x51,0x51,0x51,0x51,0x51,0x51,0x51,0x52,0x51,0x50,0x91,0x93,0x91,0x92,0x92,0x92,
	0x7e,0x7e,0x7f,0x7f,0x7f,0x7f,0x7f,0x7f,0x91,0x91,0x91,0x91,0x91,0x92,0x91,0x93,0xcf,0xd1,0xd0,0xd1,
	0xd2,0xd2,0xd2,0xd2,0xd2,0xd2,0xd2,0xd2,0xd2,0xd2,0xd2,0xd2,0xd2,0xd2,0xd2,0xd2,0x2a,0x28,0x29,0x29,
	0x28,0x28,0x2a,0x2a,0x29,0x29,0x29,0x29,0x29,0x29,0x29,0x29,0x40,0x82,0x6f,0x46,0x94,0x52,0x6f,0x8e,
	0x93,0x78,0x85,0x6e,0x80,0x74,0x95,0x91,0x6a,0x6a,0x6a,0x69,0x68,0x6a,0x6b,0x6b,0x6a,0x6a,0x6b,0x6b,
	0xa8,0xa8,0xaa,0xa9,0xa9,0xa9,0xaa,0xaa,0xaa,0xaa,0xaa,0xaa,0xaa,0xaa,0xaa,0xaa,0xaa,0xaa,0xaa,0xaa,
	0x51,0x51,0x51,0x51,0x51,0x51,0x51,0x51,0x51,0x51,0x51,0x51,0x51,0x51,0x51,0x51,0x51,0x51,0x51,0x52,
	0x51,0x50,0x91,0x93,0x91,0x92,0x92,0x92,0x7e,0x7e,0x7f,0x7f,0x7f,0x7f,0x7f,0x7f,0x91,0x91,0x91,0x91,
	0x91,0x92,0x91,0x93,0xcf,0xd1,0xd0,0xd1,0xd2,0xd2,0xd2,0xd2,0xd2,0xd2,0xd2,0xd2,0xd2,0xd2,0xd2,0xd2,
	0xd2,0xd2,0xd2,0xd2,0x2a,0x28,0x29,0x29,0x28,0x28,0x2a,0x2a,0x29,0x29,0x29,0x29,0x29,0x29,0x29,0x29,
	0x38,0x5f,0x42,0x95,0x8d,0x2c,0x75,0x8e,0x99,0x6c,0x7c,0x86,0x8c,0x74,0x96,0x6d,0x6a,0x6a,0x6a,0x69,
	0x69,0x6a,0x6b,0x6b,0x6a,0x6a,0x6b,0x6b,0xa8,0xa8,0xaa,0xa9,0xa9,0xa9,0xaa,0xaa,0xaa,0xaa,0xaa,0xaa,
	0xaa,0xaa,0xaa,0xaa,0xaa,0xaa,0xaa,0xaa,0x51,0x51,0x51,0x51,0x51,0x51,0x51,0x51,0x51,0x51,0x51,0x51,
	0x51,0x51,0x51,0x51,0x51,0x51,0x51,0x52,0x51,0x50,0x91,0x93,0x91,0x92,0x92,0x92,0x7e,0x7e,0x7f,0x7f,
	0x7f,0x7f,0x7f,0x7f,0x91,0x91,0x91,0x91,0x91,0x92,0x91,0x93,0xcf,0xd1,0xd0,0xd1,0xd2,0xd2,0xd2,0xd2,
	0xd2,0xd2,0xd2,0xd2,0xd2,0xd2,0xd2,0xd2,0xd2,0xd2,0xd2,0xd2,0x2a,0x28,0x29,0x29,0x28,0x28,0x2a,0x2a,
	0x29,0x29,0x29,0x29,0x29,0x29,0x29,0x28,0x28,0x28,0x27,0x29,0x29,0x2b,0x68,0x6a,0x6a,0x6a,0x6a,0x6a,
	0x6a,0x6a,0x6a,0x6a,0x9a,0x95,0x6e,0x82,0x82,0x81,0x97,0x78,0x89,0x8b,0x8e,0x8f,0xa7,0xa6,0xa7,0xa9,
	0xa9,0xa9,0xaa,0xaa,0xaa,0xaa,0xaa,0xaa,0xaa,0xaa,0xaa,0xaa,0xaa,0xaa,0xaa,0xaa,0x51,0x51,0x51,0x51,
	0x51,0x51,0x51,0x51,0x51,0x51,0x51,0x51,0x51,0x51,0x51,0x51,0x51,0x51,0x51,0x52,0x51,0x50,0x91,0x93,
	0x91,0x92,0x92,0x92,0x7e,0x7e,0x7f,0x7f,0x7f,0x7f,0x7f,0x7f,0x91,0x91,0x91,0x91,0x91,0x92,0x91,0x93,
	0xcf,0xd1,0xd0,0xd1,0xd2,0xd2,0xd2,0xd2,0xd2,0xd2,0xd2,0xd2,0xd2,0xd2,0xd2,0xd2,0xd2,0xd2,0xd2,0xd2,
	0x2a,0x28,0x29,0x29,0x28,0x28,0x2a,0x2a,0x29,0x29,0x29,0x29,0x29,0x29,0x29,0x28,0x28,0x28,0x27,0x29,
	0x29,0x2b,0x68,0x6a,0x6a,0x6a,0x6a,0x6a,0x6a,0x6a,0x6a,0x6a,0x77,0x92,0x7f,0x96,0x88,0x8a,0x7d,0x68,
	0x7c,0x74,0x85,0x83,0xa4,0xa3,0xa3,0xa7,0xa9,0xa9,0xaa,0xaa,0xaa,0xaa,0xaa,0xaa,0xaa,0xaa,0xaa,0xaa,
	0xaa,0xaa,0xaa,0xaa,0x51,0x51,0x51,0x51,0x51,0x51,0x51,0x51,0x51,0x51,0x51,0x51,0x51,0x51,0x51,0x51,
	0x51,0x51,0x51,0x52,0x51,0x50,0x91,0x93,0x91,0x92,0x92,0x92,0x7e,0x7e,0x7f,0x7f,0x7f,0x7f,0x7f,0x7f,
	0x91,0x91,0x91,0x91,0x91,0x92,0x91,0x93,0xcf,0xd1,0xd0,0xd1,0xd2,0xd2,0xd2,0xd2,0xd2,0xd2,0xd2,0xd2,
	0xd2,0xd2,0xd2,0xd2,0xd2,0xd2,0xd2,0xd2,0x2a,0x28,0x29,0x29,0x28,0x28,0x2a,0x2a,0x29,0x29,0x29,0x29,
	0x29,0x29,0x29,0x28,0x28,0x28,0x27,0x29,0x29,0x2b,0x68,0x6a,0x6a,0x6a,0x6a,0x6a,0x6a,0x6a,0x6a,0x6a,
	0x80,0x99,0x74,0x8f,0x78,0x9a,0x6a,0x92,0x7b,0x99,0x8b,0x9c,0xa2,0xa1,0xa1,0xa6,0xa9,0xa9,0xaa,0xaa,
	0xaa,0xaa,0xaa,0xaa,0xaa,0xaa,0xaa,0xaa,0xaa,0xaa,0xaa,0xaa,0x51,0x51,0x51,0x51,0x51,0x51,0x51,0x51,
	0x51,0x51,0x51,0x51,0x51,0x51,0x51,0x51,0x51,0x51,0x51,0x52,0x51,0x50,0x91,0x93,0x91,0x92,0x92,0x92,
	0x7e,0x7e,0x7f,0x7f,0x7f,0x7f,0x7f,0x7f,0x91,0x91,0x91,0x91,0x91,0x92,0x91,0x93,0xcf,0xd1,0xd0,0xd1,
	0xd2,0xd2,0xd2,0xd2,0xd2,0xd2,0xd2,0xd2,0xd2,0xd2,0xd2,0xd2,0xd2,0xd2,0xd2,0xd2,0x2a,0x28,0x29,0x29,
	0x28,0x28,0x2a,0x2a,0x29,0x29,0x29,0x29,0x29,0x29,0x29,0x28,0x28,0x28,0x27,0x29,0x29,0x2b,0x68,0x6a,
	0x6a,0x6a,0x6a,0x6a,0x6a,0x6a,0x6a,0x6a,0x7b,0x6d,0x92,0x72,0x86,0x7f,0x73,0x86,0x6f,0x97,0x7f,0x89,
	0xa2,0x9e,0xa1,0xa6,0xa9,0xa9,0xaa,0xaa,0xaa,0xaa,0xaa,0xaa,0xaa,0xaa,0xaa,0xaa,0xaa,0xaa,0xaa,0xaa,
	0x51,0x51,0x51,0x51,0x51,0x51,0x51,0x51,0x51,0x51,0x51,0x51,0x51,0x51,0x51,0x51,0x51,0x51,0x51,0x52,
	0x51,0x50,0x91,0x93,0x91,0x92,0x92,0x92,0x7e,0x7e,0x7f,0x7f,0x7f,0x7f,0x7f,0x7f,0x91,0x91,0x91,0x91,
	0x91,0x92,0x91,0x93,0xcf,0xd1,0xd0,0xd1,0xd2,0xd2,0xd2,0xd2,0xd2,0xd2,0xd2,0xd2,0xd2,0xd2,0xd2,0xd2,
	0xd2,0xd2,0xd2,0xd2,0x2a,0x28,0x29,0x29,0x28,0x28,0x2a,0x2a,0x29,0x29,0x29,0x29,0x29,0x29,0x29,0x28,
	0x28,0x28,0x27,0x29,0x29,0x2b,0x68,0x6a,0x6a,0x6a,0x6a,0x6a,0x6a,0x6a,0x6a,0x6a,0x8d,0x76,0x80,0x76,
	0x91,0x87,0x6d,0x81,0x95,0x86,0x98,0x93,0x9e,0xa1,0xa5,0xa7,0xa8,0xa9,0xaa,0xaa,0xaa,0xaa,0xaa,0xaa,
	0xaa,0xaa,0xaa,0xaa,0xaa,0xaa,0xaa,0xaa,0x51,0x51,0x51,0x51,0x51,0x51,0x51,0x51,0x51,0x51,0x51,0x51,
	0x51,0x51,0x51,0x51,0x51,0x51,0x51,0x52,0x51,0x50,0x91,0x93,0x91,0x92,0x92,0x92,0x7e,0x7e,0x7f,0x7f,
	0x7f,0x7f,0x7f,0x7f,0x91,0x91,0x91,0x91,0x91,0x92,0x91,0x93,0xcf,0xd1,0xd0,0xd1,0xd2,0xd2,0xd2,0xd2,
	0xd2,0xd2,0xd2,0xd2,0xd2,0xd2,0xd2,0xd2,0xd2,0xd2,0xd2,0xd2,0x2a,0x28,0x29,0x29,0x28,0x28,0x2a,0x2a,
	0x29,0x29,0x29,0x29,0x29,0x29,0x29,0x28,0x28,0x28,0x27,0x29,0x29,0x2b,0x68,0x6a,0x6a,0x6a,0x6a,0x6a,
	0x6a,0x6a,0x6a,0x6a,0x74,0x79,0x7a,0x7c,0x93,0x91,0x94,0x85,0x95,0x6c,0x88,0x73,0xa1,0xa5,0xa5,0xa7,
	0xa8,0xa9,0xaa,0xaa,0xaa,0xaa,0xaa,0xaa,0xaa,0xaa,0xaa,0xaa,0xaa,0xaa,0xaa,0xaa,0x51,0x51,0x51,0x51,
	0x51,0x51,0x51,0x51,0x51,0x51,0x51,0x51,0x51,0x51,0x51,0x51,0x51,0x51,0x51,0x52,0x51,0x50,0x91,0x93,
	0x91,0x92,0x92,0x92,0x7f,0x7f,0x80,0x80,0x80,0x80,0x80,0x80,0x91,0x91,0x91,0x91,0x91,0x92,0x91,0x93,
	0xcf,0xd1,0xd0,0xd1,0xd2,0xd2,0xd2,0xd2,0xd2,0xd2,0xd2,0xd2,0xd2,0xd2,0xd2,0xd2,0xd2,0xd2,0xd2,0xd2,
	0x2a,0x28,0x29,0x29,0x28,0x28,0x2a,0x2a,0x29,0x29,0x29,0x29,0x29,0x29,0x29,0x28,0x28,0x28,0x28,0x29,
	0x29,0x2b,0x68,0x6a,0x6a,0x6a,0x6a,0x6a,0x6a,0x6a,0x6a,0x6a,0x7b,0x6f,0x6f,0x88,0x80,0x7d,0x96,0x68,
	0x7f,0x76,0x7d,0x86,0xa5,0xa5,0xa5,0xa7,0xa8,0xa9,0xaa,0xaa,0xaa,0xaa,0xaa,0xaa,0xaa,0xaa,0xaa,0xaa,
	0xaa,0xaa,0xaa,0xaa,0x51,0x51,0x51,0x51,0x51,0x51,0x51,0x51,0x51,0x51,0x51,0x51,0x51,0x51,0x51,0x51,
	0x51,0x51,0x51,0x52,0x51,0x50,0x91,0x93,0x91,0x92,0x92,0x92,0x80,0x80,0x81,0x81,0x81,0x81,0x81,0x81,
	0x91,0x91,0x91,0x91,0x91,0x92,0x91,0x93,0xcf,0xd1,0xd0,0xd1,0xd2,0xd2,0xd2,0xd2,0xd2,0xd2,0xd2,0xd2,
	0xd2,0xd2,0xd2,0xd2,0xd2,0xd2,0xd2,0xd2,0x2a,0x28,0x29,0x29,0x28,0x28,0x2a,0x2a,0x29,0x29,0x29,0x29,
	0x29,0x29,0x29,0x28,0x28,0x28,0x28,0x29,0x29,0x2b,0x68,0x6a,0x6a,0x6a,0x6a,0x6a,0x6a,0x6a,0x6a,0x6a,
	0x83,0x93,0x82,0x6d,0x99,0x75,0x8a,0x86,0xa0,0x7d,0x71,0x8a,0xa5,0xa5,0xa5,0xa7,0xa8,0xa9,0xaa,0xaa,
	0xaa,0xaa,0xaa,0xaa,0xaa,0xaa,0xaa,0xaa,0xaa,0xaa,0xaa,0xaa,0x51,0x51,0x51,0x51,0x51,0x51,0x51,0x51,
	0x51,0x51,0x51,0x51,0x51,0x51,0x51,0x51,0x51,0x51,0x51,0x52,0x51,0x50,0x91,0x93,0x91,0x91,0x91,0x91,
	0x8f,0x8f,0x8f,0x8f,0x8f,0x8f,0x8f,0x8f,0x91,0x91,0x91,0x91,0x91,0x92,0x91,0x93,0xcf,0xd1,0xd0,0xd1,
	0xd2,0xd2,0xd2,0xd2,0xd2,0xd2,0xd2,0xd2,0xd2,0xd2,0xd2,0xd2,0xd2,0xd2,0xd2,0xd2,0x2a,0x28,0x29,0x29,
	0x28,0x28,0x2a,0x2a,0x29,0x29,0x29,0x29,0x29,0x29,0x29,0x29,0x29,0x29,0x28,0x29,0x29,0x2b,0x68,0x6a,
	0x6a,0x6a,0x6a,0x6a,0x6a,0x6a,0x6a,0x6a,0x85,0x8e,0x78,0x6e,0x86,0x7c,0x72,0x78,0x7f,0x8d,0x80,0x89,
	0xa5,0xa5,0xa6,0xa7,0xa8,0xa9,0xaa,0xaa,0xaa,0xaa,0xaa,0xaa,0xaa,0xaa,0xaa,0xaa,0xaa,0xaa,0xaa,0xaa,
	0x51,0x51,0x51,0x51,0x51,0x51,0x51,0x51,0x51,0x51,0x51,0x51,0x51,0x51,0x51,0x51,0x51,0x51,0x51,0x52,
	0x51,0x50,0x91,0x93,0x91,0x91,0x91,0x91,0x90,0x90,0x90,0x90,0x90,0x90,0x90,0x90,0x91,0x91,0x91,0x91,
	0x91,0x92,0x91,0x93,0xcf,0xd1,0xd0,0xd1,0xd2,0xd2,0xd2,0xd2,0xd2,0xd2,0xd2,0xd2,0xd2,0xd2,0xd2,0xd2,
	0xd2,0xd2,0xd2,0xd2,0x2a,0x28,0x29,0x29,0x28,0x28,0x2a,0x2a,0x29,0x29,0x29,0x29,0x29,0x29,0x29,0x29,
	0x29,0x29,0x29,0x29,0x29,0x2b,0x68,0x6a,0x6a,0x6a,0x6a,0x6a,0x6a,0x6a,0x6a,0x6a,0x85,0x78,0x74,0x7f,
	0x79,0x7f,0x9c,0x83,0x76,0x72,0x8d,0x71,0xa5,0xa5,0xa6,0xa7,0xa8,0xa9,0xaa,0xaa,0xaa,0xaa,0xaa,0xaa,
	0xaa,0xaa,0xaa,0xaa,0xaa,0xaa,0xaa,0xaa,0x51,0x51,0x51,0x51,0x51,0x51,0x51,0x51,0x51,0x51,0x51,0x51,
	0x51,0x51,0x51,0x51,0x51,0x51,0x51,0x52,0x51,0x50,0x91,0x93,0x91,0x91,0x91,0x91,0x91,0x91,0x91,0x91,
	0x91,0x91,0x91,0x91,0x91,0x91,0x91,0x91,0x91,0x92,0x91,0x93,0xcf,0xd1,0xd0,0xd1,0xd2,0xd2,0xd2,0xd2,
	0xd2,0xd2,0xd2,0xd2,0xd2,0xd2,0xd2,0xd2,0xd2,0xd2,0xd2,0xd2,0x2a,0x28,0x29,0x29,0x28,0x28,0x2a,0x2a,
	0x29,0x29,0x29,0x29,0x29,0x29,0x29,0x29,0x29,0x29,0x29,0x29,0x29,0x2b,0x68,0x6a,0x6a,0x6a,0x6a,0x6a,
	0x6a,0x6a,0x6a,0x6a,0x8a,0x84,0x9d,0x8b,0x86,0x95,0x92,0x92,0x7a,0x79,0x8c,0x7f,0xa5,0xa5,0xa6,0xa7,
	0xa8,0xa9,0xaa,0xaa,0xaa,0xaa,0xaa,0xaa,0xaa,0xaa,0xaa,0xaa,0xaa,0xaa,0xaa,0xaa,0x51,0x51,0x51,0x51,
	0x51,0x51,0x51,0x51,0x51,0x51,0x51,0x51,0x51,0x51,0x51,0x51,0x51,0x51,0x51,0x52,0x51,0x50,0x91,0x93,
	0x91,0x91,0x91,0x91,0x91,0x91,0x91,0x91,0x91,0x91,0x91,0x91,0x91,0x91,0x91,0x91,0x91,0x92,0x91,0x93,
	0xcf,0xd1,0xd0,0xd1,0xd2,0xd2,0xd2,0xd2,0xd2,0xd2,0xd2,0xd2,0xd2,0xd2,0xd2,0xd2,0xd2,0xd2,0xd2,0xd2,
	0x2a,0x28,0x29,0x29,0x28,0x28,0x2a,0x2a,0x29,0x29,0x29,0x29,0x29,0x29,0x29,0x29,0x29,0x29,0x29,0x29,
	0x29,0x2b,0x68,0x6a,0x6a,0x6a,0x6a,0x6a,0x6a,0x6a,0x6a,0x6a,0x78,0x96,0x83,0x98,0x97,0x8a,0x7f,0x90,
	0x91,0x70,0x71,0x8c,0xa5,0xa5,0xa6,0xa7,0xa8,0xa9,0xaa,0xaa,0xaa,0xaa,0xaa,0xaa,0xaa,0xaa,0xaa,0xaa,
	0xaa,0xaa,0xaa,0xaa,0x51,0x51,0x51,0x51,0x51,0x51,0x51,0x51,0x51,0x51,0x51,0x51,0x51,0x51,0x51,0x51,
	0x51,0x51,0x51,0x52,0x51,0x50,0x91,0x93,0x91,0x91,0x91,0x91,0x91,0x91,0x91,0x91,0x91,0x91,0x91,0x91,
	0x91,0x91,0x91,0x91,0x91,0x92,0x91,0x93,0xcf,0xd1,0xd0,0xd1,0xd2,0xd2,0xd2,0xd2,0xd2,0xd2,0xd2,0xd2,
	0xd2,0xd2,0xd2,0xd2,0xd2,0xd2,0xd2,0xd2,0x2a,0x28,0x29,0x29,0x28,0x28,0x2a,0x2a,0x29,0x29,0x29,0x29,
	0x29,0x29,0x29,0x29,0x29,0x29,0x29,0x29,0x29,0x2b,0x68,0x6a,0x6a,0x6a,0x6a,0x6a,0x6a,0x6a,0x6a,0x6a,
	0x78,0x7e,0x7e,0x8a,0x94,0x73,0x6a,0x70,0x73,0x78,0x83,0x7c,0xa9,0xa9,0xa6,0xa3,0xa8,0xa9,0xaa,0xaa,
	0xaa,0xaa,0xaa,0xaa,0xaa,0xaa,0xaa,0xaa,0xaa,0xaa,0xaa,0xaa,0x51,0x51,0x51,0x51,0x51,0x51,0x51,0x51,
	0x51,0x51,0x51,0x51,0x51,0x51,0x51,0x51,0x51,0x51,0x51,0x52,0x51,0x50,0x91,0x93,0x91,0x91,0x91,0x91,
	0x91,0x91,0x91,0x91,0x91,0x91,0x91,0x91,0x91,0x91,0x91,0x91,0x91,0x92,0x91,0x93,0xcf,0xd1,0xd0,0xd1,
	0xd2,0xd2,0xd2,0xd2,0xd2,0xd2,0xd2,0xd2,0xd2,0xd2,0xd2,0xd2,0xd2,0xd2,0xd2,0xd2,0x2a,0x28,0x29,0x29,
	0x28,0x28,0x2a,0x2a,0x29,0x29,0x29,0x29,0x29,0x29,0x29,0x29,0x29,0x29,0x29,0x29,0x29,0x2b,0x68,0x6a,
	0x6a,0x6a,0x6a,0x6a,0x6a,0x6a,0x6a,0x6a,0x6e,0x6f,0x86,0x96,0x6b,0x94,0x81,0x88,0x90,0x88,0x8c,0x9a,
	0xa4,0xa4,0xa5,0xa7,0xa9,0xa9,0xaa,0xaa,0xaa,0xaa,0xaa,0xaa,0xaa,0xaa,0xaa,0xaa,0xaa,0xaa,0xaa,0xaa,
	0x51,0x51,0x51,0x51,0x51,0x51,0x51,0x51,0x51,0x51,0x51,0x51,0x51,0x51,0x51,0x51,0x51,0x51,0x51,0x52,
	0x51,0x50,0x91,0x93,0x91,0x91,0x91,0x91,0x91,0x91,0x91,0x91,0x91,0x91,0x91,0x91,0x91,0x91,0x91,0x91,
	0x91,0x92,0x91,0x93,0xcf,0xd1,0xd0,0xd1,0xd2,0xd2,0xd2,0xd2,0xd2,0xd2,0xd2,0xd2,0xd2,0xd2,0xd2,0xd2,
	0xd2,0xd2,0xd2,0xd2,0x2a,0x28,0x29,0x29,0x28,0x28,0x2a,0x2a,0x29,0x29,0x29,0x29,0x29,0x29,0x29,0x29,
	0x29,0x29,0x29,0x29,0x29,0x2b,0x68,0x6a,0x6a,0x6a,0x6a,0x6a,0x6a,0x6a,0x6a,0x6a,0x90,0x94,0x91,0x6e,
	0x83,0x73,0x75,0x7a,0x7f,0x81,0x72,0x7b,0xa1,0xa1,0xa5,0xa9,0xaa,0xaa,0xaa,0xaa,0xaa,0xaa,0xaa,0xaa,
	0xaa,0xaa,0xaa,0xaa,0xaa,0xaa,0xaa,0xaa,0x51,0x51,0x51,0x51,0x51,0x51,0x51,0x51,0x51,0x51,0x51,0x51,
	0x51,0x51,0x51,0x51,0x51,0x51,0x51,0x52,0x51,0x50,0x91,0x93,0x91,0x91,0x91,0x91,0x91,0x91,0x91,0x91,
	0x91,0x91,0x91,0x91,0x91,0x91,0x91,0x91,0x91,0x92,0x91,0x93,0xcf,0xd1,0xd0,0xd1,0xd2,0xd2,0xd2,0xd2,
	0xd2,0xd2,0xd2,0xd2,0xd2,0xd2,0xd2,0xd2,0xd2,0xd2,0xd2,0xd2,0x2a,0x28,0x29,0x29,0x28,0x28,0x2a,0x2a,
	0x29,0x29,0x29,0x29,0x29,0x29,0x29,0x29,0x29,0x29,0x29,0x29,0x29,0x2b,0x68,0x6a,0x6a,0x6a,0x6a,0x6a,
	0x6a,0x6a,0x6a,0x6a,0x7c,0x7f,0x91,0x71,0x85,0x73,0x7a,0x7a,0x9a,0x97,0x6d,0x7f,0xa8,0xa8,0xa6,0xa4,
	0xa8,0xa9,0xaa,0xaa,0xaa,0xaa,0xaa,0xaa,0xaa,0xaa,0xaa,0xaa,0xaa,0xaa,0xaa,0xaa,0x51,0x51,0x51,0x51,
	0x51,0x51,0x51,0x51,0x51,0x51,0x51,0x51,0x51,0x51,0x51,0x51,0x51,0x51,0x51,0x52,0x51,0x50,0x91,0x93,
	0x91,0x91,0x91,0x91,0x91,0x91,0x91,0x91,0x91,0x91,0x91,0x91,0x91,0x91,0x91,0x91,0x91,0x92,0x91,0x93,
	0xcf,0xd1,0xd0,0xd1,0xd2,0xd2,0xd2,0xd2,0xd2,0xd2,0xd2,0xd2,0xd2,0xd2,0xd2,0xd2,0xd2,0xd2,0xd2,0xd2,
	0x2a,0x28,0x29,0x29,0x28,0x28,0x2a,0x2a,0x29,0x29,0x29,0x29,0x29,0x29,0x29,0x29,0x29,0x29,0x29,0x29,
	0x29,0x2b,0x68,0x6a,0x6a,0x6a,0x6a,0x6a,0x6a,0x6a,0x6a,0x6a,0x6a,0x6a,0x6a,0x6a,0x6a,0x6a,0x6a,0x6a,
	0x6a,0x6a,0x6a,0x6a,0xa9,0xa9,0xa6,0xa7,0xa8,0xa9,0xaa,0xaa,0xaa,0xaa,0xaa,0xaa,0xaa,0xaa,0xaa,0xaa,
	0xaa,0xaa,0xaa,0xaa,0x51,0x51,0x51,0x51,0x51,0x51,0x51,0x51,0x51,0x51,0x51,0x51,0x51,0x51,0x51,0x51,
	0x51,0x51,0x51,0x52,0x51,0x50,0x91,0x93,0x91,0x91,0x91,0x91,0x91,0x91,0x91,0x91,0x91,0x91,0x91,0x91,
	0x91,0x91,0x91,0x91,0x91,0x92,0x91,0x93,0xcf,0xd1,0xd0,0xd1,0xd2,0xd2,0xd2,0xd2,0xd2,0xd2,0xd2,0xd2,
	0xd2,0xd2,0xd2,0xd2,0xd2,0xd2,0xd2,0xd2,0x2a,0x28,0x29,0x29,0x28,0x28,0x2a,0x2a,0x29,0x29,0x29,0x29,
	0x29,0x29,0x29,0x29,0x29,0x29,0x29,0x29,0x29,0x2b,0x68,0x6a,0x6a,0x6a,0x6a,0x6a,0x6a,0x6a,0x6a,0x6a,
	0x6a,0x6a,0x6a,0x6a,0x6a,0x6a,0x6a,0x6a,0x6a,0x6a,0x6a,0x6a,0xa9,0xaa,0xa8,0xa8,0xa8,0xa9,0xaa,0xaa,
	0xaa,0xaa,0xaa,0xaa,0xaa,0xaa,0xaa,0xaa,0xaa,0xaa,0xaa,0xaa,0x51,0x51,0x51,0x51,0x51,0x51,0x51,0x51,
	0x51,0x51,0x51,0x51,0x51,0x51,0x51,0x51,0x51,0x51,0x51,0x52,0x51,0x50,0x91,0x93,0x91,0x91,0x91,0x91,
	0x91,0x91,0x91,0x91,0x91,0x91,0x91,0x91,0x91,0x91,0x91,0x91,0x91,0x92,0x91,0x93,0xcf,0xd1,0xd0,0xd1,
	0xd2,0xd2,0xd2,0xd2,0xd2,0xd2,0xd2,0xd2,0xd2,0xd2,0xd2,0xd2,0xd2,0xd2,0xd2,0xd2,0x2a,0x28,0x29,0x29,
	0x28,0x28,0x2a,0x2a,0x29,0x29,0x29,0x29,0x29,0x29,0x29,0x29,0x29,0x29,0x29,0x29,0x29,0x2b,0x68,0x6a,
	0x6a,0x6a,0x6a,0x6a,0x6a,0x6a,0x6a,0x6a,0x6a,0x6a,0x6a,0x6a,0x6a,0x6a,0x6a,0x6a,0x6a,0x6a,0x6a,0x6a,
	0xa9,0xaa,0xa8,0xa9,0xa9,0xa9,0xaa,0xaa,0xaa,0xaa,0xaa,0xaa,0xaa,0xaa,0xaa,0xaa,0xaa,0xaa,0xaa,0xaa,
	0x51,0x51,0x51,0x51,0x51,0x51,0x51,0x51,0x51,0x51,0x51,0x51,0x51,0x51,0x51,0x51,0x51,0x51,0x51,0x52,
	0x51,0x50,0x91,0x93,0x91,0x91,0x91,0x91,0x91,0x91,0x91,0x91,0x91,0x91,0x91,0x91,0x91,0x91,0x91,0x91,
	0x91,0x92,0x91,0x93,0xcf,0xd1,0xd0,0xd1,0xd2,0xd2,0xd2,0xd2,0xd2,0xd2,0xd2,0xd2,0xd2,0xd2,0xd2,0xd2,
	0xd2,0xd2,0xd2,0xd2,0x2a,0x28,0x29,0x29,0x28,0x28,0x2a,0x2a,0x29,0x29,0x29,0x29,0x29,0x29,0x29,0x29,
	0x29,0x29,0x29,0x29,0x29,0x2b,0x68,0x6a,0x6a,0x6a,0x6a,0x6a,0x6a,0x6a,0x6a,0x6a,0x6a,0x6a,0x6a,0x6a,
	0x6a,0x6a,0x6a,0x6a,0x6a,0x6a,0x6a,0x6a,0xaa,0xaa,0xa8,0xa9,0xaa,0xaa,0xaa,0xaa,0xaa,0xaa,0xaa,0xaa,
	0xaa,0xaa,0xaa,0xaa,0xaa,0xaa,0xaa,0xaa,0x51,0x51,0x51,0x51,0x51,0x51,0x51,0x51,0x51,0x51,0x51,0x51,
	0x51,0x51,0x51,0x51,0x51,0x51,0x51,0x52,0x51,0x50,0x91,0x93,0x91,0x91,0x91,0x91,0x91,0x91,0x91,0x91,
	0x91,0x91,0x91,0x91,0x91,0x91,0x91,0x91,0x91,0x92,0x91,0x93,0xcf,0xd1,0xd0,0xd1,0xd2,0xd2,0xd2,0xd2,
	0xd2,0xd2,0xd2,0xd2,0xd2,0xd2,0xd2,0xd2,0xd2,0xd2,0xd2,0xd2,0x2a,0x28,0x29,0x29,0x28,0x28,0x2a,0x2a,
	0x29,0x29,0x29,0x29,0x29,0x29,0x29,0x29,0x29,0x29,0x29,0x29,0x29,0x2b,0x68,0x6a,0x6a,0x6a,0x6a,0x6a,
	0x6a,0x6a,0x6a,0x6a,0x6a,0x6a,0x6a,0x6a,0x6a,0x6a,0x6a,0x6a,0x6a,0x6a,0x6a,0x6a,0xaa,0xaa,0xa8,0xa9,
	0xaa,0xaa,0xaa,0xaa,0xaa,0xaa,0xaa,0xaa,0xaa,0xaa,0xaa,0xaa,0xaa,0xaa,0xaa,0xaa,0x51,0x51,0x51,0x51,
	0x51,0x51,0x51,0x51,0x51,0x51,0x51,0x51,0x51,0x51,0x51,0x51,0x51,0x51,0x51,0x52,0x51,0x50,0x91,0x93,
	0x91,0x91,0x91,0x91,0x91,0x91,0x91,0x91,0x91,0x91,0x91,0x91,0x91,0x91,0x91,0x91,0x91,0x92,0x91,0x93,
	0xcf,0xd1,0xd0,0xd1,0xd2,0xd2,0xd2,0xd2,0xd2,0xd2,0xd2,0xd2,0xd2,0xd2,0xd2,0xd2,0xd2,0xd2,0xd2,0xd2,
	0x2a,0x28,0x29,0x29,0x28,0x28,0x2a,0x2a,0x29,0x29,0x29,0x29,0x29,0x29,0x29,0x29,0x29,0x29,0x29,0x29,
	0x29,0x2b,0x68,0x6a,0x6a,0x6a,0x6a,0x6a,0x6a,0x6a,0x6a,0x6a,0x6a,0x6a,0x6a,0x6a,0x6a,0x6a,0x6a,0x6a,
	0x6a,0x6a,0x6a,0x6a,0xaa,0xaa,0xa8,0xa9,0xaa,0xaa,0xaa,0xaa,0xaa,0xaa,0xaa,0xaa,0xaa,0xaa,0xaa,0xaa,
	0xaa,0xaa,0xaa,0xaa,0x51,0x51,0x51,0x51,0x51,0x51,0x51,0x51,0x51,0x51,0x51,0x51,0x51,0x51,0x51,0x51,
	0x51,0x51,0x51,0x52,0x51,0x50,0x91,0x93,0x91,0x91,0x91,0x91,0x91,0x91,0x91,0x91,0x91,0x91,0x91,0x91,
	0x91,0x91,0x91,0x91,0x91,0x92,0x91,0x93,0xcf,0xd1,0xd0,0xd1,0xd2,0xd2,0xd2,0xd2,0xd2,0xd2,0xd2,0xd2,
	0xd2,0xd2,0xd2,0xd2,0xd2,0xd2,0xd2,0xd2,0x2a,0x28,0x29,0x29,0x28,0x28,0x2a,0x2a,0x29,0x29,0x29,0x29,
	0x29,0x29,0x29,0x29,0x29,0x29,0x29,0x29,0x29,0x2b,0x68,0x6a,0x6a,0x6a,0x6a,0x6a,0x6a,0x6a,0x6a,0x6a,
	0x6a,0x6a,0x6a,0x6a,0x6a,0x6a,0x6a,0x6a,0x6a,0x6a,0x6a,0x6a,0xaa,0xaa,0xa8,0xa9,0xaa,0xaa,0xaa,0xaa,
	0xaa,0xaa,0xaa,0xaa,0xaa,0xaa,0xaa,0xaa,0xaa,0xaa,0xaa,0xaa,0x51,0x51,0x51,0x51,0x51,0x51,0x51,0x51,
	0x51,0x51,0x51,0x51,0x51,0x51,0x51,0x51,0x51,0x51,0x51,0x52,0x51,0x50,0x91,0x93,0x91,0x91,0x91,0x91,
	0x91,0x91,0x91,0x91,0x91,0x91,0x91,0x91,0x91,0x91,0x91,0x91,0x91,0x92,0x91,0x93,0xcf,0xd1,0xd0,0xd1,
	0xd2,0xd2,0xd2,0xd2,0xd2,0xd2,0xd2,0xd2,0xd2,0xd2,0xd2,0xd2,0xd2,0xd2,0xd2,0xd2,0x2a,0x28,0x29,0x29,
	0x28,0x28,0x2a,0x2a,0x29,0x29,0x29,0x29,0x29,0x29,0x29,0x29,0x29,0x29,0x29,0x29,0x29,0x2b,0x68,0x6a,
	0x6a,0x6a,0x6a,0x6a,0x6a,0x6a,0x6a,0x6a,0x6a,0x6a,0x6a,0x6a,0x6a,0x6a,0x6a,0x6a,0x6a,0x6a,0x6a,0x6a,
	0xaa,0xaa,0xa8,0xa9,0xaa,0xaa,0xaa,0xaa,0xaa,0xaa,0xaa,0xaa,0xaa,0xaa,0xaa,0xaa,0xaa,0xaa,0xaa,0xaa,
	0x51,0x51,0x51,0x51,0x51,0x51,0x51,0x51,0x51,0x51,0x51,0x51,0x51,0x51,0x51,0x51,0x51,0x51,0x51,0x52,
	0x51,0x50,0x91,0x93,0x91,0x91,0x91,0x91,0x91,0x91,0x91,0x91,0x91,0x91,0x91,0x91,0x91,0x91,0x91,0x91,
	0x91,0x92,0x91,0x93,0xcf,0xd1,0xd0,0xd1,0xd2,0xd2,0xd2,0xd2,0xd2,0xd2,0xd2,0xd2,0xd2,0xd2,0xd2,0xd2,
	0xd2,0xd2,0xd2,0xd2,0x2a,0x28,0x29,0x29,0x28,0x28,0x2a,0x2a,0x29,0x29,0x29,0x29,0x29,0x29,0x29,0x29,
	0x29,0x29,0x29,0x29,0x29,0x2b,0x68,0x6a,0x6a,0x6a,0x6a,0x6a,0x6a,0x6a,0x6a,0x6a,0x6a,0x6a,0x6a,0x6a,
	0x6a,0x6a,0x6a,0x6a,0x6a,0x6a,0x6a,0x6a,0xaa,0xaa,0xa8,0xa9,0xaa,0xaa,0xaa,0xaa,0xaa,0xaa,0xaa,0xaa,
	0xaa,0xaa,0xaa,0xaa,0xaa,0xaa,0xaa,0xaa,0x51,0x51,0x51,0x51,0x51,0x51,0x51,0x51,0x51,0x51,0x51,0x51,
	0x51,0x51,0x51,0x51,0x51,0x51,0x51,0x52,0x51,0x50,0x91,0x93,0x91,0x91,0x91,0x91,0x91,0x91,0x91,0x91,
	0x91,0x91,0x91,0x91,0x91,0x91,0x91,0x91,0x91,0x92,0x91,0x93,0xcf,0xd1,0xd0,0xd1,0xd2,0xd2,0xd2,0xd2,
	0xd2,0xd2,0xd2,0xd2,0xd2,0xd2,0xd2,0xd2,0xd2,0xd2,0xd2,0xd2,0x2a,0x28,0x29,0x29,0x28,0x28,0x2a,0x2a,
	0x29,0x29,0x29,0x29,0x29,0x29,0x29,0x29,0x29,0x29,0x29,0x29,0x29,0x2b,0x68,0x6a,0x6a,0x6a,0x6a,0x6a,
	0x6a,0x6a,0x6a,0x6a,0x6a,0x6a,0x6a,0x6a,0x6a,0x6a,0x6a,0x6a,0x6a,0x6a,0x6a,0x6a,0xaa,0xaa,0xa8,0xa9,
	0xaa,0xaa,0xaa,0xaa,0xaa,0xaa,0xaa,0xaa,0xaa,0xaa,0xaa,0xaa,0xaa,0xaa,0xaa,0xaa,0x51,0x51,0x51,0x51,
	0x51,0x51,0x51,0x51,0x51,0x51,0x51,0x51,0x51,0x51,0x51,0x51,0x51,0x51,0x51,0x52,0x51,0x50,0x91,0x93,
	0x91,0x91,0x91,0x91,0x91,0x91,0x91,0x91,0x91,0x91,0x91,0x91,0x91,0x91,0x91,0x91,0x91,0x92,0x91,0x93,
	0xcf,0xd1,0xd0,0xd1,0xd2,0xd2,0xd2,0xd2,0xd2,0xd2,0xd2,0xd2,0xd2,0xd2,0xd2,0xd2,0xd2,0xd2,0xd2,0xd2,
	0x2a,0x28,0x29,0x29,0x28,0x28,0x2a,0x2a,0x29,0x29,0x29,0x29,0x29,0x29,0x29,0x29,0x29,0x29,0x29,0x29,
	0x29,0x2b,0x68,0x6a,0x6a,0x6a,0x6a,0x6a,0x6a,0x6a,0x6a,0x6a,0x6a,0x6a,0x6a,0x6a,0x6a,0x6a,0x6a,0x6a,
	0x6a,0x6a,0x6a,0x6a,0xaa,0xaa,0xa8,0xa9,0xaa,0xaa,0xaa,0xaa,0xaa,0xaa,0xaa,0xaa,0xaa,0xaa,0xaa,0xaa,
	0xaa,0xaa,0xaa,0xaa,0x51,0x51,0x51,0x51,0x51,0x51,0x51,0x51,0x51,0x51,0x51,0x51,0x51,0x51,0x51,0x51,
	0x51,0x51,0x51,0x52,0x51,0x50,0x91,0x93,0x91,0x91,0x91,0x91,0x91,0x91,0x91,0x91,0x91,0x91,0x91,0x91,
	0x91,0x91,0x91,0x91,0x91,0x92,0x91,0x93,0xcf,0xd1,0xd0,0xd1,0xd2,0xd2,0xd2,0xd2,0xd2,0xd2,0xd2,0xd2,
	0xd2,0xd2,0xd2,0xd2,0xd2,0xd2,0xd2,0xd2,0x2a,0x28,0x29,0x29,0x28,0x28,0x2a,0x2a,0x29,0x29,0x29,0x29,
	0x29,0x29,0x29,0x29,0x29,0x29,0x29,0x29,0x29,0x2b,0x68,0x6a,0x6a,0x6a,0x6a,0x6a,0x6a,0x6a,0x6a,0x6a,
	0x6a,0x6a,0x6a,0x6a,0x6a,0x6a,0x6a,0x6a,0x6a,0x6a,0x6a,0x6a,0xaa,0xaa,0xa8,0xa9,0xaa,0xaa,0xaa,0xaa,
	0xaa,0xaa,0xaa,0xaa,0xaa,0xaa,0xaa,0xaa,0xaa,0xaa,0xaa,0xaa,0x51,0x51,0x51,0x51,0x51,0x51,0x51,0x51,
	0x51,0x51,0x51,0x51,0x51,0x51,0x51,0x51,0x51,0x51,0x51,0x52,0x51,0x50,0x91,0x93,0x91,0x91,0x91,0x91,
	0x91,0x91,0x91,0x91,0x91,0x91,0x91,0x91,0x91,0x91,0x91,0x91,0x91,0x92,0x91,0x93,0xcf,0xd1,0xd0,0xd1,
	0xd2,0xd2,0xd2,0xd2,0xd2,0xd2,0xd2,0xd2,0xd2,0xd2,0xd2,0xd2,0xd2,0xd2,0xd2,0xd2,0x2a,0x28,0x29,0x29,
	0x28,0x28,0x2a,0x2a,0x29,0x29,0x29,0x29,0x29,0x29,0x29,0x29,0x29,0x29,0x29,0x29,0x29,0x2b,0x68,0x6a,
	0x6a,0x6a,0x6a,0x6a,0x6a,0x6a,0x6a,0x6a,0x6a,0x6a,0x6a,0x6a,0x6a,0x6a,0x6a,0x6a,0x6a,0x6a,0x6a,0x6a,
	0xaa,0xaa,0xa8,0xa9,0xaa,0xaa,0xaa,0xaa,0xaa,0xaa,0xaa,0xaa,0xaa,0xaa,0xaa,0xaa,0xaa,0xaa,0xaa,0xaa,
	0x51,0x51,0x51,0x51,0x51,0x51,0x51,0x51,0x51,0x51,0x51,0x51,0x51,0x51,0x51,0x51,0x51,0x51,0x51,0x52,
	0x51,0x50,0x91,0x93,0x91,0x91,0x91,0x91,0x91,0x91,0x91,0x91,0x91,0x91,0x91,0x91,0x91,0x91,0x91,0x91,
	0x91,0x92,0x91,0x93,0xcf,0xd1,0xd0,0xd1,0xd2,0xd2,0xd2,0xd2,0xd2,0xd2,0xd2,0xd2,0xd2,0xd2,0xd2,0xd2,
	0xd2,0xd2,0xd2,0xd2,0x2a,0x28,0x29,0x29,0x28,0x28,0x2a,0x2a,0x29,0x29,0x29,0x29,0x29,0x29,0x29,0x29,
	0x29,0x29,0x29,0x29,0x29,0x2b,0x68,0x6a,0x6a,0x6a,0x6a,0x6a,0x6a,0x6a,0x6a,0x6a,0x6a,0x6a,0x6a,0x6a,
	0x6a,0x6a,0x6a,0x6a,0x6a,0x6a,0x6a,0x6a,0xaa,0xaa,0xa8,0xa9,0xaa,0xaa,0xaa,0xaa,0xaa,0xaa,0xaa,0xaa,
	0xaa,0xaa,0xaa,0xaa,0xaa,0xaa,0xaa,0xaa,0x51,0x51,0x51,0x51,0x51,0x51,0x51,0x51,0x51,0x51,0x51,0x51,
	0x51,0x51,0x51,0x51,0x51,0x51,0x51,0x52,0x51,0x50,0x91,0x93,0x91,0x91,0x91,0x91,0x91,0x91,0x91,0x91,
	0x91,0x91,0x91,0x91,0x91,0x91,0x91,0x91,0x91,0x92,0x91,0x93,0xcf,0xd1,0xd0,0xd1,0xd2,0xd2,0xd2,0xd2,
	0xd2,0xd2,0xd2,0xd2,0xd2,0xd2,0xd2,0xd2,0xd2,0xd2,0xd2,0xd2,0x2a,0x28,0x29,0x29,0x28,0x28,0x2a,0x2a,
	0x29,0x29,0x29,0x29,0x29,0x29,0x29,0x29,0x29,0x29,0x29,0x29,0x29,0x2b,0x68,0x6a,0x6a,0x6a,0x6a,0x6a,
	0x6a,0x6a,0x6a,0x6a,0x6a,0x6a,0x6a,0x6a,0x6a,0x6a,0x6a,0x6a,0x6a,0x6a,0x6a,0x6a,0xaa,0xaa,0xa8,0xa9,
	0xaa,0xaa,0xaa,0xaa,0xaa,0xaa,0xaa,0xaa,0xaa,0xaa,0xaa,0xaa,0xaa,0xaa,0xaa,0xaa,0x51,0x51,0x51,0x51,
	0x51,0x51,0x51,0x51,0x51,0x51,0x51,0x51,0x51,0x51,0x51,0x51,0x51,0x51,0x51,0x52,0x51,0x50,0x91,0x93,
	0x91,0x91,0x91,0x91,0x91,0x91,0x91,0x91,0x91,0x91,0x91,0x91,0x91,0x91,0x91,0x91,0x91,0x92,0x91,0x93,
	0xcf,0xd1,0xd0,0xd1,0xd2,0xd2,0xd2,0xd2,0xd2,0xd2,0xd2,0xd2,0xd2,0xd2,0xd2,0xd2,0xd2,0xd2,0xd2,0xd2,
	0x2a,0x28,0x29,0x29,0x28,0x28,0x2a,0x2a,0x29,0x29,0x29,0x29,0x29,0x29,0x29,0x29,0x29,0x29,0x29,0x29,
	0x29,0x2b,0x68,0x6a,0x6a,0x6a,0x6a,0x6a,0x6a,0x6a,0x6a,0x6a,0x6a,0x6a,0x6a,0x6a,0x6a,0x6a,0x6a,0x6a,
	0x6a,0x6a,0x6a,0x6a,0xaa,0xaa,0xa8,0xa9,0xaa,0xaa,0xaa,0xaa,0xaa,0xaa,0xaa,0xaa,0xaa,0xaa,0xaa,0xaa,
	0xaa,0xaa,0xaa,0xaa,0x52,0x51,0x51,0x55,0x55,0x54,0x50,0x4d,0x54,0x53,0x4f,0x4c,0x4b,0x4c,0x51,0x53,
	0x51,0x51,0x51,0x51,0x4c,0x57,0x87,0x8a,0x8d,0x8f,0x91,0x92,0x92,0x92,0x92,0x92,0x92,0x92,0x92,0x92,
	0x92,0x92,0x92,0x92,0x92,0x92,0x92,0x92,0xcb,0xd9,0xce,0xcd,0xcd,0xcd,0xd0,0xd3,0xd3,0xd1,0xd1,0xd2,
	0xd2,0xd2,0xd3,0xd1,0xd1,0xd3,0xd3,0xd0,0x2d,0x24,0x28,0x25,0x25,0x25,0x26,0x27,0x28,0x29,0x2a,0x2a,
	0x2a,0x2a,0x2a,0x2b,0x28,0x22,0x2b,0x34,0x2a,0x34,0x70,0x6d,0x63,0x6a,0x67,0x73,0x68,0x69,0x66,0x6c,
	0x67,0x69,0x67,0x6a,0x67,0x67,0x6d,0x67,0x6b,0x6b,0x69,0x6a,0xaa,0xab,0xa9,0xa9,0xaa,0xaa,0xaa,0xaa,
	0xaa,0xaa,0xaa,0xaa,0xaa,0xaa,0xaa,0xaa,0xaa,0xaa,0xaa,0xaa,0x4e,0x56,0x4b,0x49,0x4c,0x4d,0x4c,0x4a,
	0x50,0x50,0x50,0x4e,0x4d,0x4e,0x4f,0x51,0x4f,0x4f,0x4f,0x4f,0x4e,0x5a,0x8b,0x85,0x88,0x8b,0x8d,0x8e,
	0x8e,0x8e,0x8e,0x8e,0x8e,0x8e,0x8e,0x8e,0x8e,0x8e,0x8e,0x8e,0x8e,0x8e,0x8e,0x8e,0xc9,0xd7,0xd2,0xd5,
	0xd5,0xd5,0xd4,0xd2,0xd2,0xd3,0xd3,0xd3,0xd3,0xd2,0xd2,0xd3,0xd3,0xd2,0xd2,0xd4,0x2e,0x2b,0x29,0x28,
	0x28,0x28,0x27,0x27,0x28,0x28,0x28,0x28,0x28,0x28,0x28,0x28,0x2a,0x22,0x21,0x23,0x2c,0x2e,0x6d,0x5e,
	0x63,0x66,0x61,0x6c,0x62,0x65,0x6b,0x70,0x68,0x65,0x69,0x75,0x68,0x69,0x67,0x65,0x6b,0x6b,0x69,0x6a,
	0xaa,0xab,0xa9,0xa9,0xaa,0xaa,0xaa,0xaa,0xaa,0xaa,0xaa,0xaa,0xaa,0xaa,0xaa,0xaa,0xaa,0xaa,0xaa,0xaa,
	0x4e,0x4c,0x28,0x1e,0x23,0x26,0x26,0x23,0x21,0x20,0x27,0x23,0x22,0x24,0x1e,0x20,0x25,0x25,0x25,0x25,
	0x22,0x24,0x38,0x2f,0x31,0x33,0x34,0x34,0x34,0x34,0x34,0x34,0x34,0x34,0x34,0x34,0x34,0x34,0x34,0x34,
	0x34,0x34,0x34,0x34,0x44,0x42,0x3e,0x41,0x44,0x45,0x42,0x3f,0x40,0x42,0x41,0x41,0x41,0x40,0x40,0x42,
	0x42,0x3f,0x3f,0x43,0x12,0x12,0x0e,0x14,0x15,0x17,0x18,0x17,0x17,0x17,0x17,0x18,0x19,0x19,0x19,0x18,
	0x16,0x10,0x14,0x14,0x13,0x1c,0x1e,0x23,0x20,0x26,0x30,0x2c,0x24,0x2f,0x26,0x2b,0x25,0x25,0x28,0x25,
	0x2e,0x23,0x68,0x6e,0x6b,0x6b,0x69,0x6a,0xaa,0xab,0xa9,0xa9,0xaa,0xaa,0xaa,0xaa,0xaa,0xaa,0xaa,0xaa,
	0xaa,0xaa,0xaa,0xaa,0xaa,0xaa,0xaa,0xaa,0x52,0x4d,0x25,0x22,0x24,0x24,0x22,0x21,0x20,0x24,0x1a,0x1e,
	0x1d,0x19,0x24,0x20,0x1e,0x1e,0x1e,0x1e,0x1e,0x22,0x2b,0x30,0x30,0x30,0x31,0x31,0x31,0x31,0x31,0x31,
	0x31,0x31,0x31,0x31,0x31,0x31,0x31,0x31,0x31,0x31,0x31,0x31,0x38,0x3c,0x3f,0x41,0x42,0x43,0x44,0x44,
	0x44,0x44,0x44,0x44,0x44,0x44,0x44,0x44,0x44,0x44,0x44,0x44,0x14,0x15,0x1d,0x1a,0x1a,0x19,0x18,0x18,
	0x16,0x15,0x15,0x15,0x15,0x15,0x15,0x14,0x1a,0x19,0x14,0x1d,0x14,0x1d,0x1f,0x2c,0x27,0x22,0x1c,0x24,
	0x28,0x27,0x23,0x2a,0x21,0x29,0x2b,0x26,0x29,0x26,0x6f,0x69,0x6b,0x6b,0x69,0x6a,0xaa,0xab,0xa9,0xa9,
	0xaa,0xaa,0xaa,0xaa,0xaa,0xaa,0xaa,0xaa,0xaa,0xaa,0xaa,0xaa,0xaa,0xaa,0xaa,0xaa,0x52,0x4d,0x23,0x20,
	0x20,0x21,0x1e,0x25,0x1f,0x22,0x1b,0x16,0x21,0x1d,0x15,0x1a,0x1d,0x23,0x21,0x24,0x21,0x22,0x2b,0x2f,
	0x31,0x31,0x31,0x31,0x31,0x31,0x2f,0x2c,0x2e,0x37,0x34,0x32,0x32,0x31,0x2f,0x2c,0x30,0x2e,0x34,0x2e,
	0x3c,0x3f,0x42,0x43,0x44,0x42,0x43,0x47,0x43,0x3c,0x3d,0x43,0x44,0x48,0x48,0x41,0x41,0x3f,0x40,0x41,
	0x19,0x18,0x18,0x14,0x17,0x17,0x17,0x17,0x16,0x16,0x16,0x16,0x17,0x13,0x1b,0x16,0x12,0x0b,0x12,0x10,
	0x0e,0x1b,0x32,0x28,0x2a,0x20,0x26,0x27,0x29,0x28,0x23,0x25,0x2a,0x28,0x1a,0x26,0x2e,0x29,0x66,0x64,
	0x6b,0x6b,0x69,0x6a,0xaa,0xab,0xa9,0xa9,0xaa,0xaa,0xaa,0xaa,0xaa,0xaa,0xaa,0xaa,0xaa,0xaa,0xaa,0xaa,
	0xaa,0xaa,0xaa,0xaa,0x52,0x4c,0x22,0x1e,0x19,0x21,0x1b,0x21,0x22,0x2a,0x26,0x1d,0x23,0x23,0x15,0x1c,
	0x16,0x20,0x1c,0x21,0x1f,0x22,0x2b,0x2f,0x31,0x31,0x31,0x31,0x2f,0x31,0x33,0x31,0x31,0x35,0x2a,0x2f,
	0x2f,0x31,0x33,0x31,0x30,0x30,0x34,0x31,0x3f,0x42,0x42,0x43,0x42,0x42,0x42,0x43,0x46,0x3f,0x3a,0x3b,
	0x41,0x42,0x3f,0x3e,0x45,0x40,0x3b,0x3b,0x11,0x1a,0x19,0x13,0x15,0x16,0x16,0x17,0x17,0x17,0x18,0x18,
	0x18,0x0c,0x1b,0x15,0x11,0x22,0x20,0x14,0x1e,0x22,0x2c,0x20,0x24,0x23,0x1f,0x20,0x2a,0x20,0x26,0x27,
	0x29,0x26,0x24,0x27,0x23,0x2a,0x63,0x6f,0x6b,0x6b,0x69,0x6a,0xaa,0xab,0xa9,0xa9,0xaa,0xaa,0xaa,0xaa,
	0xaa,0xaa,0xaa,0xaa,0xaa,0xaa,0xaa,0xaa,0xaa,0xaa,0xaa,0xaa,0x53,0x4d,0x22,0x1d,0x19,0x19,0x93,0x96,
	0x8e,0x8f,0x1f,0x23,0x29,0x2c,0x92,0x9a,0x92,0x8a,0x21,0x1f,0x1e,0x22,0x2b,0x2f,0x31,0x31,0x31,0x31,
	0x2f,0x33,0x87,0x95,0x8e,0x8b,0x30,0x33,0x30,0x34,0x88,0x95,0x91,0x8e,0x2e,0x32,0x42,0x42,0x42,0x41,
	0x40,0x43,0x43,0x40,0x36,0x46,0x97,0x8d,0x90,0x8b,0x40,0x42,0x38,0x43,0x94,0x8f,0x97,0x94,0x1a,0x10,
	0x15,0x16,0x16,0x17,0x17,0x18,0x19,0x19,0x19,0x1d,0x19,0x95,0x8e,0x0f,0x15,0x15,0x17,0x92,0x93,0x93,
	0x95,0x8c,0x2d,0x2e,0x8c,0x94,0x95,0x8f,0x97,0x96,0x83,0x2e,0x1e,0x24,0x6f,0x69,0x6b,0x6b,0x69,0x6a,
	0xaa,0xab,0xa9,0xa9,0xaa,0xaa,0xaa,0xaa,0xaa,0xaa,0xaa,0xaa,0xaa,0xaa,0xaa,0xaa,0xaa,0xaa,0xaa,0xaa,
	0x54,0x4f,0x22,0x1d,0x1c,0x94,0x96,0x20,0x29,0x8c,0x8b,0x28,0x26,0x8a,0x8f,0x22,0x26,0x8d,0x91,0x22,
	0x20,0x22,0x2b,0x2f,0x31,0x31,0x31,0x31,0x31,0x89,0x95,0x31,0x36,0x91,0x8d,0x32,0x32,0x8a,0x96,0x32,
	0x27,0x93,0x91,0x33,0x42,0x42,0x42,0x42,0x42,0x44,0x44,0x42,0x42,0x8e,0x96,0x3c,0x40,0x8c,0x95,0x3b,
	0x44,0x8c,0x94,0x3d,0x1a,0x8f,0x92,0x12,0x15,0x16,0x16,0x17,0x17,0x18,0x18,0x18,0x18,0x0e,0x8a,0x90,
	0x97,0x32,0x17,0x16,0x88,0x9e,0x28,0x2d,0x26,0x8e,0x7d,0x2e,0x82,0x85,0x1f,0x27,0x21,0x35,0x33,0x1e,
	0x20,0x2a,0x5f,0x6b,0x6b,0x6b,0x69,0x6a,0xaa,0xab,0xa9,0xa9,0xaa,0xaa,0xaa,0xaa,0xaa,0xaa,0xaa,0xaa,
	0xaa,0xaa,0xaa,0xaa,0xaa,0xaa,0xaa,0xaa,0x55,0x51,0x24,0x22,0x8b,0x96,0x1e,0x1b,0x1c,0x20,0x93,0x95,
	0x93,0x90,0x20,0x22,0x1b,0x22,0x8e,0x92,0x1d,0x25,0x32,0x92,0x98,0x35,0x2c,0x30,0x91,0x91,0x2e,0x35,
	0x39,0x34,0x90,0x93,0x91,0x8c,0x31,0x34,0x2a,0x35,0x89,0x8f,0x49,0x3a,0x3d,0x8b,0x95,0x40,0x40,0x3e,
	0x90,0x8d,0x41,0x3f,0x3f,0x40,0x92,0x8e,0x8f,0x8c,0x3e,0x3f,0x13,0x1b,0x91,0x92,0x16,0x16,0x18,0x19,
	0x33,0x32,0x26,0x27,0x2f,0x8c,0x8b,0x93,0x90,0x28,0x2d,0x35,0x30,0x33,0x29,0x23,0x35,0x95,0x98,0x2a,
	0x8d,0x8d,0x24,0x23,0x28,0x2d,0x2a,0x24,0x28,0x21,0x68,0x65,0x6a,0x6b,0x69,0x6a,0xaa,0xab,0xa9,0xa9,
	0xaa,0xaa,0xaa,0xaa,0xaa,0xaa,0xaa,0xaa,0xaa,0xaa,0xaa,0xaa,0xaa,0xaa,0xaa,0xaa,0x54,0x51,0x25,0x22,
	0x93,0x92,0x20,0x26,0x1b,0x1f,0x8c,0x93,0x92,0x8c,0x25,0x26,0x1a,0x27,0x8c,0x8b,0x13,0x11,0x27,0x8d,
	0x8f,0x2d,0x2d,0x31,0x97,0x97,0x32,0x30,0x2f,0x32,0x8b,0x90,0x91,0x8d,0x35,0x32,0x2c,0x2c,0x8e,0x8a,
	0x40,0x3c,0x44,0x93,0x8b,0x44,0x41,0x44,0x8a,0x8e,0x3e,0x3b,0x3e,0x3c,0x8e,0x8d,0x8d,0x90,0x3e,0x48,
	0x20,0x17,0x97,0x8b,0x16,0x16,0x17,0x17,0x41,0x2b,0x28,0x2d,0x2c,0x2e,0x37,0x8c,0x94,0x34,0x2d,0x2b,
	0x31,0x30,0x1f,0x31,0x87,0x8d,0x33,0x24,0x92,0x98,0x1d,0x22,0x29,0x2b,0x2d,0x26,0x32,0x2a,0x5f,0x6e,
	0x6a,0x6b,0x69,0x6a,0xaa,0xab,0xa9,0xa9,0xaa,0xaa,0xaa,0xaa,0xaa,0xaa,0xaa,0xaa,0xaa,0xaa,0xaa,0xaa,
	0xaa,0xaa,0xaa,0xaa,0x54,0x53,0x25,0x23,0x8b,0x90,0x1e,0x8d,0x8d,0x1b,0x93,0x96,0x95,0x93,0x1f,0x91,
	0x8a,0x28,0x92,0x92,0x21,0x2d,0x31,0x2e,0x3c,0x2b,0x30,0x33,0x8f,0x97,0x2c,0x90,0x96,0x2b,0x92,0x91,
	0x92,0x94,0x2f,0x93,0x93,0x2c,0x91,0x98,0x44,0x46,0x38,0x47,0x43,0x43,0x42,0x42,0x8d,0x90,0x3d,0x8c,
	0x99,0x42,0x8e,0x90,0x91,0x91,0x47,0x96,0x99,0x19,0x94,0x95,0x16,0x16,0x18,0x1a,0x2d,0x2e,0x2c,0x1f,
	0x29,0x29,0x35,0x91,0x93,0x29,0x35,0x32,0x2c,0x33,0x22,0x8a,0x8e,0x22,0x21,0x2c,0x90,0x85,0x87,0x93,
	0x90,0x86,0x27,0x25,0x23,0x1c,0x6f,0x66,0x6a,0x6b,0x69,0x6a,0xaa,0xab,0xa9,0xa9,0xaa,0xaa,0xaa,0xaa,
	0xaa,0xaa,0xaa,0xaa,0xaa,0xaa,0xaa,0xaa,0xaa,0xaa,0xaa,0xaa,0x57,0x55,0x26,0x24,0x8f,0x90,0x27,0x8e,
	0x8a,0x21,0x92,0x90,0x8f,0x91,0x22,0x8c,0x93,0x29,0x85,0x93,0x27,0x23,0x2e,0x2f,0x26,0x31,0x2c,0x33,
	0x91,0x92,0x34,0x96,0x96,0x32,0x93,0x8e,0x8e,0x94,0x31,0x91,0x8f,0x2f,0x8e,0x91,0x43,0x43,0x3e,0x3c,
	0x3d,0x3b,0x44,0x3a,0x8f,0x8c,0x47,0x8e,0x94,0x44,0x93,0x8f,0x91,0x95,0x45,0x8f,0x95,0x15,0x8c,0x94,
	0x16,0x16,0x18,0x1a,0x30,0x33,0x2e,0x26,0x24,0x2b,0x36,0x95,0x98,0x31,0x35,0x39,0x35,0x41,0x8a,0x89,
	0x26,0x28,0x2d,0x2f,0x2d,0x23,0x30,0x2a,0x29,0x90,0x87,0x2f,0x23,0x27,0x69,0x72,0x69,0x6b,0x69,0x6a,
	0xaa,0xab,0xa9,0xa9,0xaa,0xaa,0xaa,0xaa,0xaa,0xaa,0xaa,0xaa,0xaa,0xaa,0xaa,0xaa,0xaa,0xaa,0xaa,0xaa,
	0x5a,0x59,0x28,0x24,0x94,0x99,0x28,0x22,0x1c,0x1f,0x94,0x91,0x91,0x94,0x24,0x26,0x28,0x1f,0x95,0x95,
	0x23,0x25,0x37,0x33,0x3d,0x37,0x31,0x32,0x95,0x96,0x38,0x31,0x2f,0x31,0x93,0x91,0x92,0x94,0x33,0x30,
	0x2f,0x30,0x8e,0x94,0x3f,0x44,0x3f,0x3c,0x41,0x42,0x3b,0x3d,0x92,0x90,0x3f,0x3f,0x42,0x3c,0x97,0x95,
	0x94,0x95,0x39,0x46,0x1a,0x17,0x95,0x90,0x20,0x1b,0x14,0x0d,0x30,0x35,0x2e,0x25,0x22,0x2a,0x35,0x95,
	0x92,0x35,0x35,0x2d,0x33,0x93,0x8b,0x26,0x23,0x2a,0x33,0x1f,0x29,0x1e,0x27,0x25,0x28,0x8f,0x8f,0x26,
	0x2f,0x26,0x68,0x69,0x69,0x6b,0x69,0x6a,0xaa,0xab,0xa9,0xa9,0xaa,0xaa,0xaa,0xaa,0xaa,0xaa,0xaa,0xaa,
	0xaa,0xaa,0xaa,0xaa,0xaa,0xaa,0xaa,0xaa,0x5c,0x5a,0x29,0x25,0x90,0x8f,0x21,0x26,0x22,0x24,0x8f,0x94,
	0x93,0x8e,0x29,0x2c,0x26,0x22,0x9a,0x92,0x23,0x1f,0x37,0x86,0x88,0x33,0x2e,0x2a,0x8d,0x92,0x3a,0x2c,
	0x2e,0x2e,0x86,0x8f,0x8f,0x87,0x30,0x31,0x34,0x32,0x8d,0x8b,0x3b,0x3e,0x41,0x8a,0x89,0x41,0x39,0x3d,
	0x8b,0x91,0x45,0x44,0x45,0x45,0x91,0x92,0x90,0x8d,0x41,0x44,0x0c,0x18,0x8f,0x8e,0x12,0x18,0x12,0x14,
	0x36,0x33,0x2c,0x1b,0x24,0x25,0x33,0x91,0x88,0x34,0x2a,0x37,0x90,0x91,0x21,0x24,0x2b,0x2d,0x31,0x27,
	0x2e,0x26,0x1d,0x22,0x23,0x90,0x8e,0x29,0x28,0x26,0x68,0x6d,0x68,0x6b,0x69,0x6a,0xaa,0xab,0xa9,0xa9,
	0xaa,0xaa,0xaa,0xaa,0xaa,0xaa,0xaa,0xaa,0xaa,0xaa,0xaa,0xaa,0xaa,0xaa,0xaa,0xaa,0x58,0x58,0x28,0x25,
	0x20,0x91,0x8d,0x26,0x2f,0x89,0x98,0x34,0x32,0x96,0x8b,0x34,0x25,0x90,0x89,0x29,0x21,0x24,0x30,0x91,
	0x8b,0x2e,0x2f,0x2e,0x30,0x8f,0x92,0x2f,0x34,0x92,0x91,0x2f,0x2e,0x8f,0x91,0x31,0x2b,0x8e,0x96,0x2e,
	0x3d,0x3a,0x41,0x95,0x8f,0x3e,0x3b,0x3b,0x40,0x93,0x92,0x3f,0x3c,0x90,0x94,0x41,0x41,0x94,0x8f,0x42,
	0x1a,0x93,0x8d,0x15,0x1a,0x16,0x21,0x8a,0x87,0x33,0x29,0x28,0x24,0x28,0x34,0x8c,0x93,0x34,0x29,0x38,
	0x93,0x93,0x34,0x2f,0x33,0x94,0x8f,0x1f,0x90,0x97,0x28,0x28,0x2a,0x8d,0x8d,0x26,0x1b,0x27,0x69,0x6c,
	0x68,0x6b,0x69,0x6a,0xaa,0xab,0xa9,0xa9,0xaa,0xaa,0xaa,0xaa,0xaa,0xaa,0xaa,0xaa,0xaa,0xaa,0xaa,0xaa,
	0xaa,0xaa,0xaa,0xaa,0x55,0x56,0x26,0x25,0x21,0x34,0x8b,0x92,0x95,0x8b,0x36,0x33,0x30,0x2f,0x86,0x8f,
	0x92,0x8c,0x23,0x1f,0x1f,0x22,0x2c,0x34,0x38,0x30,0x33,0x3b,0x2b,0x36,0x8a,0x94,0x90,0x94,0x33,0x2f,
	0x2f,0x32,0x92,0x8c,0x8f,0x8e,0x2d,0x34,0x42,0x3b,0x41,0x3d,0x43,0x45,0x43,0x41,0x3c,0x42,0x93,0x91,
	0x96,0x93,0x40,0x43,0x44,0x42,0x97,0x92,0x88,0x96,0x17,0x15,0x17,0x16,0x10,0x90,0x80,0x3b,0x27,0x21,
	0x24,0x85,0x87,0x92,0x8e,0x90,0x8e,0x38,0x89,0x88,0x8a,0x90,0x92,0x9a,0x82,0x1b,0x22,0x85,0x95,0x94,
	0x91,0x82,0x2f,0x22,0x1e,0x25,0x67,0x6d,0x68,0x6b,0x69,0x6a,0xaa,0xab,0xa9,0xa9,0xaa,0xaa,0xaa,0xaa,
	0xaa,0xaa,0xaa,0xaa,0xaa,0xaa,0xaa,0xaa,0xaa,0xaa,0xaa,0xaa,0x54,0x55,0x26,0x26,0x27,0x2b,0x2b,0x29,
	0x2d,0x2d,0x2a,0x2b,0x30,0x35,0x3b,0x3a,0x3b,0x3c,0x39,0x37,0x34,0x31,0x2e,0x2e,0x2e,0x30,0x30,0x31,
	0x32,0x32,0x32,0x33,0x33,0x30,0x2f,0x30,0x2b,0x2d,0x2e,0x30,0x31,0x31,0x31,0x33,0x3e,0x41,0x42,0x40,
	0x40,0x40,0x3f,0x3f,0x3f,0x3f,0x3f,0x3f,0x3e,0x3e,0x3e,0x3e,0x3e,0x3d,0x3c,0x3b,0x19,0x17,0x15,0x15,
	0x15,0x15,0x14,0x14,0x15,0x15,0x13,0x17,0x15,0x17,0x29,0x28,0x24,0x26,0x2a,0x2f,0x31,0x33,0x32,0x30,
	0x2e,0x28,0x24,0x26,0x26,0x27,0x24,0x24,0x31,0x2d,0x27,0x26,0x2a,0x26,0x67,0x6c,0x68,0x6b,0x69,0x6a,
	0xaa,0xab,0xa9,0xa9,0xaa,0xaa,0xaa,0xaa,0xaa,0xaa,0xaa,0xaa,0xaa,0xaa,0xaa,0xaa,0xaa,0xaa,0xaa,0xaa,
	0x58,0x58,0x27,0x26,0x25,0x28,0x2a,0x29,0x2f,0x30,0x30,0x31,0x35,0x33,0x33,0x33,0x3b,0x3b,0x3a,0x38,
	0x35,0x32,0x31,0x30,0x31,0x31,0x32,0x32,0x32,0x31,0x31,0x32,0x32,0x30,0x2f,0x32,0x2d,0x2f,0x30,0x31,
	0x31,0x30,0x30,0x32,0x3d,0x40,0x40,0x40,0x3f,0x3f,0x40,0x40,0x40,0x40,0x40,0x41,0x41,0x41,0x41,0x41,
	0x41,0x41,0x40,0x3f,0x18,0x16,0x14,0x14,0x14,0x14,0x14,0x14,0x15,0x15,0x12,0x16,0x15,0x18,0x2b,0x2c,
	0x29,0x2c,0x2f,0x32,0x34,0x32,0x2c,0x28,0x2a,0x27,0x24,0x23,0x24,0x24,0x22,0x22,0x2b,0x2b,0x29,0x27,
	0x28,0x25,0x68,0x6b,0x69,0x6b,0x69,0x6a,0xaa,0xab,0xa9,0xa9,0xaa,0xaa,0xaa,0xaa,0xaa,0xaa,0xaa,0xaa,
	0xaa,0xaa,0xaa,0xaa,0xaa,0xaa,0xaa,0xaa,0x5b,0x5b,0x28,0x27,0x26,0x27,0x29,0x2a,0x30,0x32,0x33,0x30,
	0x30,0x32,0x35,0x35,0x3a,0x3b,0x3a,0x39,0x37,0x36,0x36,0x35,0x35,0x34,0x34,0x33,0x32,0x31,0x31,0x30,
	0x30,0x30,0x31,0x33,0x2f,0x31,0x31,0x31,0x31,0x30,0x30,0x31,0x3d,0x3f,0x3f,0x3e,0x3e,0x3e,0x3f,0x40,
	0x40,0x40,0x40,0x40,0x40,0x40,0x40,0x41,0x41,0x41,0x40,0x3f,0x18,0x16,0x14,0x14,0x14,0x14,0x14,0x15,
	0x16,0x16,0x12,0x17,0x14,0x1a,0x2f,0x31,0x2e,0x30,0x30,0x31,0x33,0x30,0x29,0x28,0x2b,0x27,0x24,0x23,
	0x22,0x21,0x20,0x21,0x23,0x28,0x2a,0x27,0x26,0x25,0x69,0x69,0x6a,0x6b,0x69,0x6a,0xaa,0xab,0xa9,0xa9,
	0xaa,0xaa,0xaa,0xaa,0xaa,0xaa,0xaa,0xaa,0xaa,0xaa,0xaa,0xaa,0xaa,0xaa,0xaa,0xaa,0x5a,0x5a,0x29,0x28,
	0x28,0x2b,0x2d,0x2b,0x2e,0x2a,0x2b,0x2f,0x35,0x35,0x36,0x36,0x39,0x3a,0x3a,0x3a,0x3a,0x3a,0x3a,0x39,
	0x39,0x38,0x36,0x35,0x33,0x32,0x2f,0x2e,0x2f,0x30,0x31,0x34,0x30,0x31,0x30,0x30,0x31,0x30,0x30,0x32,
	0x3c,0x3f,0x3e,0x3e,0x3d,0x3e,0x3f,0x3f,0x3f,0x3f,0x3f,0x40,0x40,0x40,0x40,0x40,0x40,0x40,0x3f,0x3e,
	0x19,0x17,0x15,0x15,0x15,0x15,0x15,0x16,0x16,0x16,0x13,0x16,0x14,0x1a,0x31,0x33,0x2e,0x2e,0x2c,0x29,
	0x31,0x32,0x2c,0x2a,0x2e,0x2a,0x2a,0x2e,0x2c,0x2a,0x27,0x27,0x26,0x26,0x2b,0x28,0x24,0x25,0x6a,0x68,
	0x6a,0x6b,0x69,0x6a,0xaa,0xab,0xa9,0xa9,0xaa,0xaa,0xaa,0xaa,0xaa,0xaa,0xaa,0xaa,0xaa,0xaa,0xaa,0xaa,
	0xaa,0xaa,0xaa,0xaa,0x57,0x58,0x28,0x29,0x28,0x28,0x29,0x26,0x2a,0x2b,0x2d,0x30,0x34,0x35,0x37,0x36,
	0x39,0x3a,0x3b,0x3d,0x3d,0x3d,0x3d,0x3c,0x3b,0x3a,0x38,0x36,0x35,0x32,0x30,0x2f,0x2e,0x2f,0x31,0x34,
	0x30,0x30,0x30,0x30,0x30,0x30,0x31,0x33,0x3d,0x40,0x3f,0x3e,0x3e,0x3e,0x3f,0x3f,0x3f,0x3f,0x3f,0x3f,
	0x3e,0x3e,0x3e,0x3e,0x3e,0x3e,0x3d,0x3c,0x18,0x16,0x14,0x14,0x14,0x14,0x14,0x15,0x15,0x16,0x13,0x17,
	0x14,0x19,0x2e,0x2f,0x2c,0x2c,0x2c,0x2c,0x2b,0x31,0x31,0x2e,0x2d,0x2d,0x2d,0x2d,0x2c,0x2b,0x25,0x24,
	0x2c,0x26,0x2a,0x2a,0x24,0x25,0x6b,0x68,0x6a,0x6b,0x69,0x6a,0xaa,0xab,0xa9,0xa9,0xaa,0xaa,0xaa,0xaa,
	0xaa,0xaa,0xaa,0xaa,0xaa,0xaa,0xaa,0xaa,0xaa,0xaa,0xaa,0xaa,0x55,0x56,0x27,0x28,0x27,0x2b,0x2c,0x2a,
	0x2e,0x2e,0x2e,0x2f,0x32,0x32,0x33,0x33,0x39,0x3b,0x3c,0x3e,0x3f,0x3f,0x3f,0x3d,0x3d,0x3a,0x38,0x37,
	0x36,0x32,0x31,0x2f,0x2f,0x2f,0x31,0x33,0x2e,0x2f,0x2f,0x2f,0x30,0x31,0x32,0x34,0x3f,0x41,0x41,0x40,
	0x3f,0x3f,0x40,0x40,0x3f,0x3f,0x3f,0x3f,0x3f,0x3f,0x3f,0x3f,0x3e,0x3e,0x3d,0x3c,0x18,0x16,0x14,0x14,
	0x14,0x14,0x14,0x15,0x15,0x15,0x14,0x18,0x14,0x16,0x27,0x26,0x29,0x2c,0x2f,0x30,0x2b,0x2c,0x31,0x2e,
	0x2e,0x2e,0x2e,0x2e,0x2e,0x2e,0x27,0x27,0x3b,0x28,0x28,0x2b,0x26,0x24,0x6c,0x69,0x6a,0x6b,0x69,0x6a,
	0xaa,0xab,0xa9,0xa9,0xaa,0xaa,0xaa,0xaa,0xaa,0xaa,0xaa,0xaa,0xaa,0xaa,0xaa,0xaa,0xaa,0xaa,0xaa,0xaa,
	0x56,0x56,0x26,0x26,0x26,0x29,0x2b,0x2a,0x30,0x2f,0x2e,0x2d,0x30,0x30,0x33,0x35,0x3a,0x3c,0x3e,0x3f,
	0x40,0x3f,0x3f,0x3d,0x3b,0x3b,0x3a,0x38,0x36,0x35,0x33,0x31,0x31,0x31,0x31,0x33,0x2d,0x2e,0x2e,0x2f,
	0x31,0x31,0x32,0x34,0x3f,0x42,0x43,0x41,0x41,0x41,0x41,0x41,0x40,0x40,0x40,0x40,0x40,0x40,0x40,0x40,
	0x3f,0x3f,0x3e,0x3d,0x19,0x17,0x15,0x15,0x15,0x15,0x14,0x15,0x15,0x14,0x15,0x19,0x14,0x12,0x1f,0x1a,
	0x1a,0x19,0x18,0x18,0x2e,0x2b,0x2d,0x2e,0x2f,0x30,0x31,0x30,0x30,0x30,0x2c,0x8b,0x7d,0x2b,0x25,0x2c,
	0x27,0x24,0x6d,0x6a,0x6a,0x6b,0x69,0x6a,0xaa,0xab,0xa9,0xa9,0xaa,0xaa,0xaa,0xaa,0xaa,0xaa,0xaa,0xaa,
	0xaa,0xaa,0xaa,0xaa,0xaa,0xaa,0xaa,0xaa,0x54,0x55,0x24,0x24,0x25,0x28,0x2a,0x2a,0x30,0x2f,0x2e,0x2c,
	0x2f,0x31,0x36,0x39,0x3a,0x3c,0x3e,0x40,0x3f,0x3f,0x3f,0x3d,0x3c,0x3a,0x38,0x38,0x36,0x36,0x35,0x34,
	0x34,0x33,0x32,0x34,0x2e,0x2e,0x2e,0x30,0x31,0x31,0x32,0x34,0x3f,0x43,0x43,0x41,0x41,0x41,0x41,0x41,
	0x41,0x41,0x41,0x41,0x41,0x41,0x41,0x41,0x41,0x41,0x40,0x3f,0x1a,0x18,0x16,0x16,0x16,0x16,0x15,0x15,
	0x14,0x14,0x16,0x19,0x15,0x12,0x19,0x15,0x16,0x18,0x18,0x18,0x2c,0x2b,0x2c,0x2e,0x2f,0x30,0x31,0x31,
	0x32,0x32,0x94,0x8f,0x8a,0x2d,0x23,0x2d,0x29,0x24,0x6e,0x6b,0x6a,0x6b,0x69,0x6a,0xaa,0xab,0xa9,0xa9,
	0xaa,0xaa,0xaa,0xaa,0xaa,0xaa,0xaa,0xaa,0xaa,0xaa,0xaa,0xaa,0xaa,0xaa,0xaa,0xaa,0x50,0x51,0x22,0x23,
	0x24,0x28,0x2a,0x2a,0x2e,0x2c,0x2b,0x2c,0x30,0x33,0x35,0x35,0x39,0x3f,0x3f,0x3f,0x3f,0x3e,0x3d,0x3c,
	0x3b,0x39,0x38,0x38,0x38,0x37,0x37,0x37,0x36,0x35,0x34,0x35,0x2f,0x2f,0x2f,0x30,0x30,0x30,0x31,0x33,
	0x3f,0x42,0x42,0x40,0x40,0x40,0x40,0x40,0x40,0x40,0x40,0x41,0x41,0x41,0x41,0x41,0x41,0x41,0x40,0x3f,
	0x1a,0x18,0x16,0x16,0x16,0x16,0x16,0x15,0x14,0x15,0x16,0x18,0x15,0x14,0x16,0x16,0x15,0x16,0x17,0x17,
	0x2b,0x2c,0x2d,0x2e,0x2d,0x32,0x35,0x2e,0x37,0x89,0x98,0x95,0x92,0x2b,0x29,0x28,0x29,0x23,0x6d,0x6a,
	0x6a,0x6b,0x69,0x6a,0xaa,0xab,0xa9,0xa9,0xaa,0xaa,0xaa,0xaa,0xaa,0xaa,0xaa,0xaa,0xaa,0xaa,0xaa,0xaa,
	0xaa,0xaa,0xaa,0xaa,0x4d,0x4e,0x1f,0x21,0x23,0x27,0x29,0x29,0x2d,0x2d,0x2d,0x2e,0x33,0x35,0x38,0x37,
	0x39,0x3f,0x3e,0x3e,0x3e,0x3e,0x3d,0x3c,0x3b,0x3a,0x39,0x38,0x38,0x38,0x38,0x38,0x38,0x37,0x36,0x37,
	0x30,0x31,0x30,0x30,0x30,0x30,0x31,0x33,0x3e,0x41,0x41,0x41,0x40,0x40,0x41,0x41,0x41,0x41,0x41,0x41,
	0x41,0x41,0x41,0x41,0x41,0x41,0x40,0x3f,0x1a,0x18,0x16,0x16,0x16,0x16,0x16,0x15,0x15,0x15,0x16,0x17,
	0x15,0x15,0x16,0x16,0x16,0x16,0x17,0x17,0x2b,0x2f,0x2f,0x2f,0x38,0x31,0x30,0x37,0x33,0x32,0x32,0x90,
	0x97,0x26,0x20,0x28,0x27,0x20,0x68,0x66,0x6a,0x6b,0x69,0x6a,0xaa,0xab,0xa9,0xa9,0xaa,0xaa,0xaa,0xaa,
	0xaa,0xaa,0xaa,0xaa,0xaa,0xaa,0xaa,0xaa,0xaa,0xaa,0xaa,0xaa,0x4e,0x4f,0x1e,0x1f,0x1f,0x23,0x25,0x26,
	0x2d,0x2e,0x2f,0x30,0x34,0x35,0x37,0x37,0x3a,0x3d,0x3e,0x3f,0x3e,0x3e,0x3d,0x3c,0x3c,0x3a,0x39,0x3a,
	0x39,0x39,0x39,0x38,0x38,0x37,0x36,0x37,0x32,0x31,0x30,0x30,0x31,0x30,0x30,0x32,0x3d,0x40,0x40,0x40,
	0x3f,0x3f,0x40,0x40,0x40,0x40,0x40,0x41,0x41,0x41,0x41,0x41,0x41,0x41,0x40,0x3f,0x1a,0x18,0x16,0x16,
	0x16,0x16,0x16,0x16,0x16,0x16,0x16,0x16,0x16,0x16,0x16,0x16,0x17,0x17,0x17,0x17,0x2f,0x2f,0x2f,0x2f,
	0x2e,0x28,0x33,0x31,0x2a,0x2d,0x33,0x8c,0x98,0x33,0x2b,0x27,0x28,0x23,0x68,0x64,0x69,0x6b,0x69,0x6a,
	0xaa,0xab,0xa9,0xa9,0xaa,0xaa,0xaa,0xaa,0xaa,0xaa,0xaa,0xaa,0xaa,0xaa,0xaa,0xaa,0xaa,0xaa,0xaa,0xaa,
	0x51,0x51,0x1f,0x1e,0x1d,0x1f,0x21,0x22,0x2a,0x2b,0x2d,0x2f,0x33,0x34,0x36,0x35,0x3e,0x3e,0x3e,0x3e,
	0x3e,0x3e,0x3d,0x3d,0x3d,0x3c,0x3b,0x3b,0x3a,0x39,0x38,0x37,0x37,0x36,0x36,0x38,0x32,0x32,0x31,0x31,
	0x31,0x31,0x31,0x32,0x3d,0x40,0x40,0x3f,0x3f,0x3f,0x40,0x40,0x40,0x40,0x40,0x41,0x41,0x41,0x41,0x41,
	0x41,0x41,0x40,0x3f,0x1a,0x18,0x16,0x16,0x16,0x16,0x16,0x16,0x16,0x16,0x16,0x16,0x16,0x16,0x16,0x16,
	0x17,0x17,0x17,0x17,0x2f,0x2f,0x2f,0x2f,0x2e,0x2a,0x35,0x30,0x2e,0x2d,0x31,0x90,0x93,0x30,0x22,0x21,
	0x2f,0x2b,0x69,0x6a,0x69,0x6b,0x69,0x6a,0xaa,0xab,0xa9,0xa9,0xaa,0xaa,0xaa,0xaa,0xaa,0xaa,0xaa,0xaa,
	0xaa,0xaa,0xaa,0xaa,0xaa,0xaa,0xaa,0xaa,0x53,0x53,0x21,0x1f,0x1d,0x1f,0x1f,0x1f,0x25,0x25,0x27,0x29,
	0x2e,0x31,0x34,0x34,0x39,0x3b,0x3c,0x3d,0x3d,0x3d,0x3d,0x3d,0x3e,0x3d,0x3c,0x3b,0x3a,0x39,0x38,0x37,
	0x36,0x35,0x36,0x37,0x32,0x32,0x31,0x32,0x32,0x31,0x31,0x32,0x3c,0x3e,0x3e,0x3d,0x3d,0x3f,0x40,0x40,
	0x40,0x40,0x40,0x41,0x41,0x41,0x41,0x41,0x41,0x42,0x41,0x40,0x1a,0x18,0x16,0x16,0x16,0x16,0x16,0x16,
	0x16,0x16,0x16,0x16,0x16,0x16,0x16,0x16,0x17,0x17,0x17,0x17,0x17,0x18,0x1b,0x1e,0x2c,0x28,0x33,0x30,
	0x2d,0x2c,0x2f,0x94,0x90,0x32,0x28,0x24,0x2b,0x26,0x6b,0x6d,0x6a,0x6b,0x69,0x6a,0xaa,0xab,0xa9,0xa9,
	0xaa,0xaa,0xaa,0xaa,0xaa,0xaa,0xaa,0xaa,0xaa,0xaa,0xaa,0xaa,0xaa,0xaa,0xaa,0xaa,0x52,0x53,0x22,0x21,
	0x1f,0x21,0x20,0x1e,0x22,0x21,0x22,0x23,0x28,0x2b,0x2f,0x30,0x38,0x3a,0x3c,0x3c,0x3c,0x3c,0x3c,0x3d,
	0x3d,0x3e,0x3c,0x3c,0x3a,0x3a,0x38,0x37,0x36,0x36,0x35,0x37,0x32,0x33,0x32,0x32,0x32,0x31,0x30,0x30,
	0x3a,0x3b,0x3a,0x3a,0x3d,0x3f,0x40,0x40,0x40,0x40,0x40,0x41,0x41,0x41,0x41,0x41,0x41,0x42,0x41,0x40,
	0x1a,0x18,0x16,0x16,0x16,0x16,0x16,0x16,0x16,0x16,0x16,0x16,0x16,0x16,0x16,0x16,0x17,0x17,0x17,0x17,
	0x16,0x19,0x1e,0x23,0x26,0x21,0x2c,0x31,0x28,0x2c,0x2c,0x96,0x90,0x2b,0x26,0x26,0x27,0x1d,0x67,0x6e,
	0x6a,0x6b,0x69,0x6a,0xaa,0xab,0xa9,0xa9,0xaa,0xaa,0xaa,0xaa,0xaa,0xaa,0xaa,0xaa,0xaa,0xaa,0xaa,0xaa,
	0xaa,0xaa,0xaa,0xaa,0x52,0x52,0x20,0x21,0x20,0x22,0x21,0x1f,0x23,0x21,0x21,0x21,0x24,0x25,0x27,0x27,
	0x3b,0x3c,0x3e,0x3d,0x3c,0x3b,0x3b,0x3b,0x3d,0x3d,0x3c,0x3c,0x3a,0x39,0x38,0x37,0x36,0x36,0x35,0x37,
	0x32,0x33,0x32,0x32,0x33,0x31,0x30,0x30,0x37,0x38,0x37,0x36,0x3b,0x3e,0x3e,0x3e,0x3e,0x3f,0x3f,0x40,
	0x40,0x40,0x40,0x40,0x41,0x42,0x41,0x40,0x18,0x17,0x15,0x15,0x15,0x15,0x15,0x15,0x15,0x15,0x15,0x15,
	0x15,0x15,0x15,0x15,0x17,0x17,0x17,0x17,0x16,0x1a,0x21,0x25,0x2c,0x27,0x27,0x37,0x30,0x30,0x28,0x96,
	0x8d,0x3a,0x29,0x20,0x2d,0x22,0x61,0x70,0x6a,0x6a,0x69,0x6a,0xaa,0xaa,0xa9,0xa9,0xaa,0xaa,0xa9,0xa9,
	0xa9,0xab,0xaa,0xab,0xaa,0xa9,0xaa,0xaa,0xaa,0xab,0xaa,0xaa,0x53,0x51,0x21,0x20,0x20,0x21,0x21,0x21,
	0x25,0x23,0x22,0x20,0x21,0x20,0x21,0x20,0x3d,0x3e,0x3d,0x3c,0x3a,0x39,0x39,0x3b,0x3c,0x3c,0x3b,0x3b,
	0x3a,0x3a,0x39,0x38,0x37,0x36,0x36,0x37,0x32,0x33,0x32,0x33,0x33,0x32,0x31,0x30,0x35,0x35,0x34,0x33,
	0x39,0x3b,0x3c,0x3c,0x3c,0x3e,0x3e,0x3f,0x3f,0x3f,0x3e,0x3f,0x3f,0x40,0x40,0x3f,0x17,0x16,0x15,0x15,
	0x15,0x15,0x15,0x15,0x14,0x14,0x15,0x15,0x15,0x15,0x15,0x15,0x17,0x17,0x17,0x17,0x16,0x1a,0x23,0x28,
	0x1d,0x26,0x2a,0x2e,0x33,0x86,0x89,0x8f,0x8f,0x92,0x7c,0x28,0x25,0x2c,0x65,0x71,0x69,0x6a,0x69,0x6a,
	0xab,0xaa,0xa9,0xaa,0xaa,0xaa,0xa9,0xa9,0xa9,0xac,0xaa,0xac,0xaa,0xa9,0xab,0xab,0xab,0xac,0xab,0xab,
	0x52,0x51,0x22,0x20,0x1f,0x20,0x21,0x21,0x21,0x1f,0x20,0x20,0x1f,0x1f,0x20,0x20,0x23,0x25,0x27,0x28,
	0x2e,0x31,0x38,0x3a,0x3c,0x3b,0x3b,0x3b,0x3a,0x39,0x38,0x38,0x38,0x36,0x35,0x36,0x33,0x32,0x32,0x32,
	0x32,0x32,0x31,0x31,0x34,0x34,0x32,0x31,0x31,0x31,0x34,0x37,0x3a,0x3c,0x3d,0x3e,0x3e,0x3e,0x3f,0x3f,
	0x40,0x41,0x40,0x3f,0x17,0x16,0x15,0x15,0x15,0x15,0x15,0x15,0x15,0x15,0x15,0x15,0x15,0x15,0x15,0x16,
	0x16,0x16,0x17,0x17,0x16,0x1b,0x23,0x2a,0x28,0x25,0x2a,0x30,0x31,0x2e,0x30,0x32,0x35,0x31,0x2c,0x27,
	0x2b,0x2d,0x68,0x6a,0x67,0x69,0x68,0x6a,0xaa,0xaa,0xa9,0xaa,0xab,0xac,0xaa,0xa8,0xa9,0xab,0xa9,0xab,
	0xa9,0xa9,0xaa,0xaa,0xaa,0xab,0xaa,0xaa,0x52,0x50,0x1f,0x1f,0x1f,0x20,0x20,0x21,0x20,0x1f,0x20,0x20,
	0x1f,0x20,0x21,0x21,0x22,0x24,0x25,0x26,0x2a,0x2c,0x37,0x3a,0x3b,0x3b,0x3a,0x3a,0x39,0x38,0x37,0x38,
	0x37,0x36,0x35,0x35,0x33,0x32,0x32,0x31,0x32,0x31,0x31,0x31,0x32,0x32,0x31,0x31,0x30,0x30,0x31,0x34,
	0x37,0x3a,0x3b,0x3d,0x3f,0x40,0x41,0x42,0x43,0x44,0x44,0x43,0x1a,0x19,0x18,0x18,0x18,0x18,0x18,0x18,
	0x18,0x18,0x18,0x18,0x18,0x18,0x18,0x18,0x17,0x17,0x17,0x16,0x17,0x1b,0x24,0x2a,0x29,0x25,0x28,0x2e,
	0x2d,0x2d,0x2e,0x30,0x32,0x30,0x2c,0x26,0x28,0x29,0x63,0x68,0x66,0x68,0x68,0x68,0xa9,0xa9,0xa9,0xab,
	0xac,0xae,0xac,0xa9,0xa9,0xab,0xa6,0xa9,0xa7,0xa8,0xaa,0xaa,0xa9,0xab,0xa9,0xaa,0x50,0x50,0x1b,0x20,
	0x20,0x20,0x21,0x22,0x22,0x21,0x22,0x21,0x21,0x22,0x22,0x22,0x22,0x23,0x24,0x24,0x28,0x26,0x35,0x37,
	0x38,0x38,0x38,0x38,0x39,0x38,0x38,0x38,0x37,0x36,0x35,0x34,0x33,0x32,0x32,0x31,0x31,0x31,0x31,0x31,
	0x31,0x31,0x31,0x31,0x30,0x30,0x31,0x31,0x32,0x33,0x35,0x37,0x3d,0x3f,0x40,0x41,0x43,0x44,0x43,0x43,
	0x16,0x15,0x14,0x14,0x14,0x14,0x14,0x14,0x14,0x14,0x14,0x14,0x14,0x14,0x14,0x15,0x16,0x16,0x17,0x17,
	0x17,0x1c,0x25,0x2a,0x2a,0x25,0x26,0x2c,0x2b,0x2b,0x2a,0x29,0x28,0x26,0x28,0x26,0x2a,0x2d,0x65,0x6c,
	0x6d,0x6e,0x6b,0x6a,0xaa,0xaa,0xaa,0xaa,0xa9,0xab,0xab,0xab,0xab,0xac,0xa7,0xaa,0xa8,0xa9,0xaa,0xa9,
	0xa7,0xaa,0xab,0xac,0x50,0x4f,0x19,0x20,0x1f,0x1f,0x21,0x22,0x22,0x22,0x23,0x22,0x22,0x22,0x23,0x22,
	0x22,0x22,0x22,0x21,0x25,0x22,0x32,0x35,0x35,0x36,0x36,0x37,0x38,0x38,0x38,0x38,0x37,0x36,0x35,0x34,
	0x33,0x32,0x31,0x31,0x31,0x31,0x31,0x31,0x31,0x31,0x31,0x31,0x32,0x32,0x31,0x31,0x31,0x30,0x31,0x33,
	0x3b,0x3c,0x3e,0x3f,0x40,0x41,0x41,0x41,0x18,0x17,0x16,0x16,0x16,0x16,0x16,0x16,0x16,0x16,0x16,0x16,
	0x16,0x16,0x16,0x16,0x17,0x17,0x16,0x19,0x17,0x1c,0x25,0x2a,0x2b,0x26,0x25,0x2a,0x2a,0x2a,0x29,0x28,
	0x28,0x28,0x2c,0x28,0x2c,0x2f,0x62,0x6a,0x6d,0x6c,0x6a,0x68,0xa9,0xaa,0xab,0xab,0xa8,0xaa,0xac,0xad,
	0xac,0xac,0xa7,0xa8,0xa7,0xa9,0xa9,0xaa,0xa7,0xa8,0xaa,0xab,0x4e,0x51,0x22,0x1d,0x1e,0x1e,0x20,0x22,
	0x22,0x23,0x24,0x23,0x23,0x24,0x24,0x23,0x22,0x23,0x22,0x21,0x23,0x22,0x2d,0x2f,0x33,0x34,0x34,0x36,
	0x37,0x37,0x37,0x38,0x38,0x37,0x36,0x35,0x33,0x32,0x32,0x31,0x31,0x31,0x31,0x31,0x31,0x31,0x31,0x32,
	0x32,0x32,0x32,0x31,0x30,0x2f,0x30,0x31,0x36,0x37,0x39,0x3a,0x3b,0x3c,0x3c,0x3b,0x18,0x17,0x16,0x16,
	0x16,0x16,0x16,0x16,0x16,0x16,0x16,0x16,0x16,0x16,0x15,0x14,0x13,0x13,0x14,0x15,0x16,0x15,0x2a,0x2a,
	0x28,0x25,0x23,0x25,0x25,0x25,0x25,0x26,0x27,0x28,0x2b,0x26,0x2b,0x2f,0x5f,0x6a,0x6f,0x6f,0x6d,0x6a,
	0xa9,0xaa,0xab,0xaa,0xa8,0xa9,0xac,0xad,0xaa,0xa8,0xa3,0xa4,0xa6,0xaa,0xac,0xaf,0xac,0xab,0xac,0xa9,
	0x4f,0x51,0x24,0x1e,0x1e,0x1f,0x21,0x21,0x21,0x21,0x22,0x22,0x22,0x23,0x23,0x23,0x22,0x23,0x22,0x21,
	0x21,0x19,0x32,0x32,0x30,0x31,0x31,0x32,0x33,0x34,0x35,0x36,0x36,0x36,0x36,0x35,0x34,0x33,0x32,0x31,
	0x30,0x2f,0x2f,0x2f,0x2f,0x2f,0x30,0x31,0x34,0x34,0x35,0x34,0x33,0x33,0x33,0x33,0x34,0x35,0x37,0x38,
	0x39,0x3a,0x3a,0x39,0x19,0x18,0x17,0x17,0x17,0x17,0x17,0x17,0x17,0x17,0x17,0x17,0x17,0x17,0x17,0x17,
	0x16,0x13,0x11,0x0f,0x1b,0x15,0x2f,0x22,0x24,0x27,0x28,0x29,0x29,0x29,0x2a,0x2b,0x2c,0x2d,0x31,0x2d,
	0x34,0x38,0x5e,0x66,0x6c,0x6c,0x6c,0x6a,0xa9,0xaa,0xaa,0xab,0xaa,0xac,0xae,0xaf,0xac,0xaa,0xa7,0xa8,
	0xa8,0xab,0xab,0xad,0xaa,0xa7,0xa9,0xa6,0x4d,0x54,0x4c,0x57,0x54,0x51,0x4f,0x4c,0x4b,0x4d,0x4f,0x4e,
	0x4e,0x4f,0x4f,0x4f,0x4f,0x50,0x4f,0x4e,0x51,0x53,0x8c,0x8e,0x92,0x92,0x92,0x92,0x93,0x93,0x95,0x96,
	0x9e,0x9e,0x9e,0x9d,0x9c,0x9b,0x99,0x98,0x93,0x92,0x91,0x91,0x91,0x91,0x92,0x93,0x98,0x99,0x9a,0x99,
	0x9a,0x9a,0x9c,0x9d,0x9d,0x9e,0xa0,0xa1,0xa2,0xa3,0xa4,0xa4,0x24,0x24,0x24,0x24,0x24,0x24,0x24,0x24,
	0x24,0x24,0x24,0x24,0x24,0x24,0x25,0x26,0x27,0x29,0x2a,0x2a,0x26,0x2c,0x69,0x6d,0x6b,0x69,0x68,0x67,
	0x67,0x67,0x67,0x67,0x66,0x65,0x68,0x61,0x63,0x5e,0x72,0x6f,0x6e,0x6b,0x6d,0x6b,0xaa,0xa9,0xa9,0xaa,
	0xa8,0xa8,0xaa,0xa9,0xa8,0xa9,0xab,0xac,0xac,0xac,0xaa,0xab,0xa8,0xa8,0xae,0xac,0x51,0x50,0x4f,0x4f,
	0x50,0x50,0x52,0x53,0x52,0x51,0x52,0x51,0x51,0x52,0x53,0x53,0x53,0x54,0x53,0x53,0x54,0x4c,0x94,0x93,
	0x92,0x92,0x92,0x92,0x93,0x92,0x93,0x95,0xa4,0xa4,0xa4,0xa3,0xa2,0xa1,0xa0,0x9e,0x94,0x93,0x92,0x92,
	0x92,0x92,0x93,0x94,0x99,0x9b,0x9c,0x9d,0x9e,0x9e,0xa0,0xa1,0xa3,0xa4,0xa5,0xa6,0xa7,0xa8,0xa9,0xa9,
	0x27,0x27,0x27,0x27,0x27,0x27,0x27,0x27,0x27,0x27,0x27,0x27,0x27,0x27,0x27,0x28,0x28,0x28,0x28,0x28,
	0x26,0x29,0x68,0x67,0x68,0x69,0x69,0x69,0x69,0x69,0x69,0x69,0x69,0x69,0x6c,0x66,0x6a,0x64,0x71,0x6b,
	0x6b,0x69,0x6d,0x6c,0xab,0xa9,0xaa,0xac,0xaa,0xaa,0xab,0xaa,0xa9,0xa9,0xab,0xad,0xac,0xac,0xa8,0xa9,
	0xa6,0xa5,0xac,0xab,0x54,0x53,0x53,0x52,0x51,0x51,0x50,0x50,0x50,0x50,0x50,0x4f,0x4f,0x50,0x51,0x52,
	0x53,0x52,0x51,0x53,0x52,0x51,0x91,0x93,0x91,0x91,0x90,0x90,0x91,0x90,0x90,0x92,0x94,0x96,0x98,0x9a,
	0x9b,0x9d,0x9d,0x9b,0x96,0x93,0x8e,0x99,0x94,0x9e,0x9a,0x99,0x9a,0x9c,0x9c,0x9d,0x9e,0x9e,0xa0,0xa1,
	0xa3,0xa4,0xa5,0xa6,0xa7,0xa8,0xa8,0xa7,0x9f,0x9a,0x98,0x95,0x2e,0x2a,0x2a,0x25,0x29,0x29,0x29,0x29,
	0x29,0x29,0x29,0x2a,0x29,0x28,0x28,0x28,0x26,0x29,0x68,0x67,0x6a,0x6a,0x6a,0x6a,0x6b,0x6a,0x6a,0x6a,
	0x6a,0x69,0x6b,0x66,0x6a,0x66,0x6f,0x6b,0x6a,0x68,0x6c,0x69,0xa9,0xa8,0xa9,0xac,0xaa,0xaa,0xac,0xaa,
	0xa9,0xa8,0xa9,0xaa,0xa9,0xaa,0xa9,0xac,0xaa,0xa9,0xae,0xac,0x54,0x53,0x53,0x52,0x51,0x50,0x50,0x50,
	0x50,0x4f,0x50,0x50,0x4f,0x50,0x51,0x52,0x52,0x52,0x51,0x52,0x52,0x51,0x91,0x93,0x91,0x91,0x90,0x90,
	0x90,0x90,0x8f,0x91,0x92,0x94,0x96,0x97,0x99,0x9a,0x9a,0x98,0x95,0x94,0x8f,0x97,0x91,0x98,0x94,0x96,
	0x98,0x9c,0x9c,0x9d,0x9e,0x9e,0xa0,0xa1,0xa3,0xa4,0xa5,0xa6,0xa7,0xa8,0xa8,0xa7,0x9f,0x9e,0x95,0x8c,
	0x3b,0x32,0x2a,0x29,0x26,0x26,0x26,0x26,0x26,0x26,0x26,0x27,0x27,0x28,0x28,0x28,0x26,0x29,0x68,0x67,
	0x6a,0x6a,0x6a,0x6a,0x6a,0x6a,0x6a,0x6a,0x6a,0x6c,0x6d,0x68,0x6b,0x67,0x6f,0x6b,0x6a,0x67,0x6b,0x69,
	0xab,0xac,0xac,0xac,0xa8,0xa6,0xa8,0xa7,0xa9,0xa8,0xa8,0xa9,0xa8,0xa9,0xa9,0xad,0xac,0xab,0xae,0xac,
	0x53,0x52,0x52,0x52,0x51,0x51,0x51,0x51,0x51,0x51,0x51,0x50,0x50,0x51,0x51,0x51,0x52,0x51,0x50,0x52,
	0x51,0x51,0x91,0x93,0x91,0x91,0x90,0x90,0x90,0x90,0x8f,0x90,0x91,0x93,0x94,0x94,0x95,0x96,0x96,0x94,
	0x93,0x95,0x92,0x96,0x93,0x97,0x94,0x97,0x9a,0x9c,0x9c,0x9d,0x9e,0x9e,0xa0,0xa1,0xa3,0xa4,0xa5,0xa6,
	0xa7,0xa8,0xa8,0xa7,0xa5,0xa2,0x95,0x99,0x83,0x87,0x7b,0x78,0x2c,0x27,0x25,0x30,0x25,0x1f,0x22,0x24,
	0x26,0x28,0x28,0x28,0x26,0x29,0x68,0x67,0x6a,0x6a,0x6a,0x6a,0x6a,0x6a,0x6a,0x67,0x67,0x68,0x69,0x65,
	0x69,0x67,0x6e,0x6b,0x69,0x66,0x69,0x68,0xaa,0xab,0xab,0xab,0xa6,0xa6,0xa8,0xa9,0xac,0xab,0xab,0xac,
	0xaa,0xa8,0xa8,0xab,0xab,0xaa,0xab,0xa9,0x52,0x51,0x52,0x52,0x52,0x51,0x52,0x52,0x52,0x51,0x52,0x51,
	0x50,0x51,0x51,0x51,0x51,0x51,0x50,0x51,0x51,0x50,0x91,0x93,0x91,0x91,0x90,0x90,0x91,0x90,0x8f,0x90,
	0x90,0x91,0x91,0x92,0x93,0x93,0x92,0x91,0x92,0x96,0x94,0x93,0x93,0x93,0x91,0x96,0x99,0x9c,0x9c,0x9d,
	0x9e,0x9e,0xa0,0xa1,0xa3,0xa4,0xa5,0xa6,0xa7,0xa8,0xa8,0xa8,0xa6,0xa5,0x98,0x96,0x8d,0x8b,0x7f,0x7d,
	0x2c,0x2c,0x22,0x30,0x22,0x27,0x25,0x23,0x24,0x28,0x28,0x28,0x26,0x29,0x68,0x67,0x6a,0x6a,0x6a,0x6a,
	0x6a,0x6a,0x6a,0x68,0x69,0x6b,0x6c,0x68,0x6a,0x68,0x6d,0x6a,0x68,0x66,0x6a,0x67,0xa9,0xaa,0xaa,0xaa,
	0xa8,0xa9,0xac,0xab,0xad,0xab,0xab,0xac,0xaa,0xa7,0xa7,0xa9,0xa9,0xa9,0xa9,0xa7,0x52,0x51,0x51,0x52,
	0x52,0x51,0x52,0x52,0x52,0x52,0x52,0x51,0x50,0x51,0x51,0x51,0x51,0x51,0x50,0x51,0x51,0x51,0x91,0x93,
	0x92,0x91,0x91,0x91,0x91,0x90,0x8f,0x90,0x90,0x91,0x91,0x91,0x91,0x91,0x90,0x90,0x91,0x96,0x94,0x91,
	0x9a,0x97,0x95,0x9b,0x98,0x9c,0x9c,0x9d,0x9e,0x9e,0x9f,0xa1,0xa2,0xa4,0xa5,0xa6,0xa7,0xa8,0xa9,0xa9,
	0xa0,0x9d,0x94,0x91,0x8b,0x88,0x80,0x7b,0x70,0x75,0x5f,0x63,0x34,0x2b,0x2c,0x2d,0x2c,0x28,0x28,0x28,
	0x26,0x29,0x68,0x67,0x69,0x6a,0x6a,0x6a,0x6a,0x6a,0x69,0x68,0x6a,0x6c,0x6c,0x69,0x69,0x68,0x6c,0x69,
	0x68,0x68,0x6e,0x6b,0xac,0xab,0xaa,0xab,0xab,0xab,0xad,0xaa,0xac,0xaa,0xaa,0xae,0xad,0xa9,0xa8,0xaa,
	0xaa,0xab,0xab,0xaa,0x51,0x51,0x51,0x52,0x52,0x51,0x52,0x52,0x52,0x52,0x52,0x51,0x50,0x50,0x50,0x51,
	0x51,0x51,0x50,0x51,0x51,0x51,0x92,0x94,0x92,0x92,0x91,0x91,0x91,0x90,0x8f,0x90,0x92,0x92,0x92,0x91,
	0x91,0x91,0x90,0x90,0x92,0x96,0x91,0x8d,0x9f,0x9a,0x96,0x99,0x98,0x9c,0x9c,0x9d,0x9e,0x9e,0x9f,0xa1,
	0xa2,0xa4,0xa5,0xa6,0xa7,0xa8,0xa9,0xa9,0xa3,0x9b,0x91,0x92,0x8d,0x8e,0x84,0x7b,0x6b,0x76,0x67,0x60,
	0x28,0x2a,0x29,0x28,0x29,0x28,0x28,0x28,0x26,0x29,0x68,0x67,0x69,0x6a,0x6a,0x6a,0x6a,0x6a,0x69,0x68,
	0x6a,0x6c,0x6c,0x6a,0x69,0x69,0x6d,0x6a,0x69,0x69,0x6e,0x6b,0xab,0xaa,0xa9,0xab,0xad,0xad,0xaf,0xac,
	0xae,0xac,0xab,0xae,0xad,0xa9,0xa9,0xaa,0xaa,0xab,0xab,0xab,0x51,0x51,0x51,0x52,0x51,0x51,0x51,0x51,
	0x51,0x51,0x51,0x51,0x50,0x50,0x50,0x50,0x51,0x51,0x50,0x52,0x52,0x51,0x92,0x94,0x92,0x92,0x91,0x91,
	0x91,0x90,0x8f,0x91,0x93,0x94,0x94,0x93,0x91,0x91,0x8f,0x8e,0x8e,0x91,0x93,0x9a,0xc2,0xc9,0xcb,0xd0,
	0x97,0x9c,0x9d,0x9d,0x9e,0x9e,0x9f,0xa1,0xa2,0xa3,0xa5,0xa6,0xa7,0xa7,0xa8,0xa8,0xa1,0xa4,0x98,0x96,
	0x87,0x86,0x7b,0x7c,0x71,0x70,0x64,0x63,0x5a,0x5a,0x4e,0x45,0x38,0x28,0x28,0x28,0x26,0x29,0x68,0x67,
	0x69,0x6a,0x6a,0x6a,0x6a,0x6a,0x69,0x69,0x6b,0x6d,0x6b,0x69,0x68,0x69,0x6c,0x6a,0x68,0x69,0x6d,0x6a,
	0xa9,0xa9,0xa9,0xaa,0xac,0xab,0xac,0xa9,0xac,0xaa,0xa8,0xaa,0xaa,0xa6,0xa7,0xa8,0xa7,0xa8,0xa7,0xa8,
	0x51,0x50,0x51,0x51,0x51,0x50,0x51,0x51,0x51,0x51,0x51,0x50,0x50,0x50,0x50,0x50,0x51,0x51,0x50,0x51,
	0x51,0x51,0x92,0x94,0x92,0x92,0x91,0x91,0x91,0x90,0x8f,0x92,0x92,0x93,0x93,0x92,0x91,0x91,0x90,0x90,
	0x90,0x91,0x90,0x96,0xc4,0xca,0xc9,0xcb,0x97,0x9c,0x9e,0x9d,0x9e,0x9e,0x9f,0xa1,0xa2,0xa3,0xa5,0xa6,
	0xa6,0xa7,0xa8,0xa8,0xa2,0xa3,0x90,0x93,0x8b,0x8d,0x7b,0x7c,0x6f,0x6f,0x63,0x62,0x57,0x57,0x4b,0x42,
	0x36,0x28,0x28,0x28,0x26,0x29,0x68,0x67,0x6a,0x6a,0x6a,0x6a,0x6a,0x6a,0x6a,0x69,0x6a,0x6c,0x6a,0x69,
	0x66,0x68,0x6b,0x69,0x68,0x68,0x6d,0x6a,0xaa,0xab,0xaa,0xaa,0xac,0xa8,0xa8,0xa7,0xab,0xaa,0xa9,0xaa,
	0xab,0xa8,0xa8,0xa8,0xa7,0xa7,0xa6,0xa8,0x51,0x51,0x51,0x52,0x51,0x51,0x51,0x52,0x52,0x52,0x52,0x51,
	0x51,0x51,0x51,0x52,0x51,0x50,0x4f,0x51,0x51,0x50,0x91,0x93,0x92,0x92,0x91,0x91,0x91,0x91,0x90,0x91,
	0x92,0x92,0x93,0x92,0x92,0x91,0x91,0x91,0x91,0x92,0x91,0x93,0xcf,0xd1,0xd0,0xd0,0xd1,0xd1,0xcb,0xd0,
	0x92,0x9b,0xa0,0x9b,0xa0,0xa5,0xa5,0xa5,0xa6,0xa6,0xa7,0xa7,0xa3,0xa2,0x94,0x93,0x8d,0x89,0x7b,0x7b,
	0x6d,0x6f,0x65,0x63,0x59,0x58,0x4e,0x48,0x44,0x47,0x36,0x39,0x23,0x31,0x6d,0x63,0x6a,0x69,0x69,0x69,
	0x6a,0x6a,0x6a,0x6a,0x6b,0x6c,0x6c,0x6b,0x69,0x6b,0x6d,0x6a,0x69,0x68,0x6c,0x69,0xaa,0xac,0xab,0xab,
	0xad,0xa9,0xaa,0xa9,0xad,0xac,0xab,0xab,0xac,0xa9,0xa8,0xa9,0xa8,0xa9,0xa9,0xab,0x51,0x50,0x50,0x51,
	0x51,0x50,0x51,0x51,0x51,0x51,0x52,0x51,0x51,0x51,0x51,0x52,0x51,0x50,0x4f,0x51,0x50,0x50,0x90,0x92,
	0x91,0x91,0x90,0x91,0x91,0x91,0x91,0x91,0x92,0x91,0x92,0x91,0x91,0x91,0x91,0x91,0x91,0x92,0x91,0x93,
	0xcf,0xd1,0xd0,0xd0,0xd1,0xd1,0xd4,0xce,0x9b,0x9d,0xa0,0x9d,0x9d,0xac,0xa7,0xa5,0xa6,0xa6,0xa7,0xa7,
	0xa2,0xa1,0x95,0x94,0x8c,0x88,0x7b,0x7b,0x6d,0x70,0x66,0x64,0x59,0x58,0x4e,0x48,0x3b,0x47,0x38,0x37,
	0x24,0x31,0x6d,0x63,0x69,0x69,0x69,0x69,0x69,0x69,0x6a,0x6b,0x6c,0x6d,0x6d,0x6a,0x68,0x6b,0x6c,0x6a,
	0x6a,0x68,0x6b,0x68,0xa9,0xab,0xaa,0xaa,0xac,0xa8,0xa9,0xa9,0xab,0xaa,0xab,0xab,0xad,0xab,0xa9,0xaa,
	0xaa,0xab,0xaa,0xac,0x51,0x50,0x50,0x51,0x50,0x50,0x50,0x51,0x51,0x51,0x52,0x51,0x51,0x51,0x52,0x52,
	0x51,0x50,0x4f,0x50,0x50,0x4f,0x90,0x92,0x90,0x91,0x90,0x91,0x92,0x91,0x91,0x91,0x92,0x91,0x91,0x91,
	0x91,0x91,0x91,0x91,0x91,0x92,0x91,0x93,0xcf,0xd1,0xd0,0xd0,0xd1,0xd1,0xd3,0xd4,0xd5,0xd6,0xcc,0xc9,
	0x9f,0x9d,0xa3,0xa5,0xa5,0xa5,0xa6,0xa6,0xa2,0xa1,0x96,0x95,0x8b,0x87,0x7b,0x7b,0x6e,0x71,0x67,0x65,
	0x59,0x58,0x4e,0x48,0x42,0x41,0x35,0x31,0x2d,0x2b,0x2c,0x2d,0x6e,0x6c,0x65,0x64,0x67,0x65,0x6a,0x6a,
	0x6b,0x6c,0x6c,0x69,0x67,0x6a,0x6b,0x6a,0x6b,0x69,0x6c,0x69,0xaa,0xad,0xab,0xab,0xad,0xaa,0xac,0xab,
	0xab,0xa9,0xab,0xab,0xad,0xaa,0xa9,0xaa,0xab,0xac,0xaa,0xac,0x51,0x50,0x50,0x51,0x50,0x50,0x50,0x50,
	0x50,0x50,0x51,0x51,0x50,0x51,0x52,0x52,0x51,0x51,0x4f,0x51,0x50,0x4f,0x90,0x91,0x90,0x90,0x90,0x91,
	0x91,0x91,0x91,0x91,0x92,0x91,0x91,0x91,0x91,0x91,0x91,0x91,0x91,0x92,0x91,0x93,0xcf,0xd1,0xd0,0xd0,
	0xd1,0xd1,0xd5,0xd1,0xd1,0xd3,0xd1,0xd7,0x9d,0xa1,0xa4,0xa5,0xa5,0xa5,0xa6,0xa6,0xa2,0xa1,0x96,0x95,
	0x8b,0x87,0x7b,0x7b,0x6e,0x71,0x67,0x65,0x59,0x58,0x4e,0x48,0x43,0x41,0x36,0x31,0x2b,0x28,0x27,0x28,
	0x6d,0x65,0x6d,0x6c,0x70,0x66,0x6a,0x6a,0x6a,0x6b,0x6c,0x68,0x68,0x6c,0x6c,0x6d,0x6e,0x6b,0x6b,0x68,
	0xa8,0xa9,0xa7,0xa7,0xaa,0xa8,0xac,0xaa,0xaa,0xa7,0xa9,0xaa,0xab,0xaa,0xa8,0xaa,0xac,0xad,0xac,0xad,
	0x52,0x51,0x51,0x51,0x50,0x4f,0x50,0x50,0x50,0x50,0x51,0x50,0x50,0x51,0x51,0x52,0x51,0x51,0x50,0x51,
	0x50,0x50,0x90,0x92,0x90,0x90,0x90,0x90,0x91,0x91,0x91,0x91,0x91,0x91,0x91,0x91,0x91,0x91,0x91,0x91,
	0x91,0x92,0x91,0x93,0xcf,0xd1,0xd0,0xd0,0xd1,0xd1,0xd1,0xd1,0xd1,0xd1,0xd1,0xd2,0xd2,0xd3,0xd5,0xd5,
	0xae,0xa8,0xaf,0xa9,0xa2,0xa1,0x96,0x95,0x8b,0x87,0x7b,0x7b,0x6e,0x71,0x67,0x65,0x59,0x58,0x4e,0x48,
	0x45,0x41,0x37,0x32,0x2d,0x2a,0x29,0x2b,0x46,0x3a,0x41,0x46,0x65,0x6a,0x69,0x69,0x6a,0x6a,0x6b,0x66,
	0x67,0x6a,0x69,0x6b,0x6f,0x6e,0x6d,0x6a,0xaa,0xac,0xaa,0xa9,0xab,0xa9,0xad,0xac,0xab,0xa7,0xaa,0xab,
	0xac,0xac,0xa9,0xa9,0xaa,0xaa,0xa9,0xaa,0x52,0x51,0x51,0x51,0x50,0x50,0x50,0x4f,0x50,0x50,0x50,0x50,
	0x50,0x51,0x51,0x52,0x51,0x51,0x50,0x51,0x51,0x50,0x90,0x92,0x91,0x90,0x90,0x90,0x91,0x91,0x91,0x91,
	0x91,0x91,0x91,0x91,0x91,0x91,0x91,0x91,0x91,0x92,0x91,0x93,0xcf,0xd1,0xd0,0xd0,0xd1,0xd1,0xd1,0xd1,
	0xd1,0xd1,0xd1,0xd2,0xd2,0xd3,0xd3,0xcf,0xa7,0xaa,0xa9,0xa2,0xa2,0xa1,0x96,0x95,0x8b,0x87,0x7b,0x7b,
	0x6e,0x71,0x67,0x65,0x59,0x58,0x4e,0x48,0x46,0x40,0x38,0x33,0x2f,0x2c,0x2c,0x2e,0x36,0x36,0x3e,0x46,
	0x68,0x6c,0x6b,0x6a,0x6a,0x6c,0x6d,0x69,0x6b,0x6c,0x6a,0x6b,0x6f,0x6e,0x6d,0x6b,0xac,0xae,0xac,0xac,
	0xac,0xa8,0xac,0xaa,0xab,0xa7,0xa9,0xaa,0xaa,0xaa,0xa8,0xa8,0xaa,0xab,0xab,0xae,0x52,0x52,0x52,0x52,
	0x51,0x50,0x50,0x50,0x50,0x50,0x50,0x50,0x50,0x51,0x51,0x52,0x51,0x51,0x50,0x51,0x51,0x50,0x90,0x92,
	0x91,0x91,0x90,0x90,0x91,0x91,0x91,0x91,0x91,0x91,0x91,0x91,0x91,0x91,0x91,0x91,0x91,0x92,0x91,0x93,
	0xcf,0xd1,0xd0,0xd0,0xd1,0xd1,0xd1,0xd1,0xd1,0xd1,0xd1,0xd2,0xd2,0xd3,0xd4,0xd8,0xcd,0xd9,0xce,0xcd,
	0xa3,0xa0,0x97,0x95,0x8d,0x8b,0x7c,0x7b,0x6e,0x70,0x66,0x64,0x59,0x58,0x4d,0x47,0x43,0x3f,0x35,0x33,
	0x2a,0x2c,0x28,0x2d,0x38,0x38,0x3f,0x3e,0x44,0x45,0x4b,0x50,0x67,0x69,0x6c,0x68,0x6c,0x6d,0x6a,0x6a,
	0x6d,0x6b,0x69,0x67,0xa7,0xa9,0xa9,0xaa,0xaa,0xa7,0xab,0xab,0xad,0xaa,0xac,0xab,0xa8,0xa9,0xa7,0xa6,
	0xa7,0xa7,0xa7,0xaa,0x52,0x52,0x52,0x52,0x51,0x50,0x50,0x50,0x50,0x50,0x51,0x51,0x50,0x51,0x51,0x52,
	0x51,0x51,0x50,0x51,0x51,0x50,0x91,0x92,0x91,0x91,0x90,0x90,0x91,0x91,0x91,0x91,0x91,0x91,0x91,0x91,
	0x91,0x91,0x91,0x91,0x91,0x92,0x91,0x93,0xcf,0xd1,0xd0,0xd0,0xd1,0xd1,0xd1,0xd1,0xd1,0xd1,0xd1,0xd2,
	0xd2,0xd3,0xd2,0xd4,0xd5,0xd9,0xcd,0xd2,0xa2,0xa4,0x91,0x97,0x87,0x80,0x7d,0x7b,0x6f,0x70,0x65,0x63,
	0x59,0x58,0x4c,0x47,0x42,0x3f,0x34,0x32,0x29,0x2b,0x29,0x2d,0x38,0x37,0x3e,0x3d,0x44,0x45,0x49,0x4d,
	0x66,0x68,0x69,0x65,0x6c,0x6e,0x6b,0x6a,0x6c,0x6a,0x69,0x67,0xa7,0xa9,0xaa,0xab,0xab,0xa7,0xab,0xaa,
	0xad,0xab,0xac,0xab,0xa8,0xaa,0xab,0xab,0xac,0xac,0xab,0xad,0x52,0x51,0x52,0x52,0x51,0x51,0x51,0x51,
	0x51,0x51,0x51,0x51,0x50,0x51,0x51,0x52,0x51,0x51,0x50,0x51,0x51,0x50,0x91,0x92,0x91,0x91,0x90,0x91,
	0x91,0x91,0x91,0x91,0x91,0x91,0x91,0x91,0x91,0x91,0x91,0x91,0x91,0x92,0x91,0x93,0xcf,0xd1,0xd0,0xd1,
	0xd2,0xd2,0xd2,0xd2,0xd2,0xd2,0xd2,0xd2,0xd2,0xd2,0xd0,0xd1,0xd2,0xd2,0xd2,0xd2,0x26,0x2b,0x22,0x2f,
	0x87,0x86,0x79,0x77,0x6f,0x6e,0x65,0x62,0x59,0x57,0x4c,0x47,0x42,0x3e,0x34,0x32,0x28,0x2a,0x2d,0x2d,
	0x39,0x37,0x3e,0x3d,0x42,0x43,0x47,0x4b,0x4f,0x54,0x58,0x59,0x65,0x69,0x6a,0x6a,0x6d,0x6b,0x6b,0x6b,
	0xaa,0xac,0xad,0xae,0xae,0xa9,0xaa,0xa9,0xad,0xab,0xac,0xaa,0xa6,0xa8,0xa9,0xab,0xad,0xae,0xae,0xb1,
	0x52,0x51,0x52,0x52,0x51,0x51,0x51,0x51,0x51,0x51,0x52,0x51,0x51,0x51,0x51,0x52,0x51,0x51,0x50,0x51,
	0x51,0x50,0x91,0x93,0x91,0x91,0x90,0x91,0x91,0x91,0x91,0x91,0x91,0x91,0x91,0x91,0x91,0x91,0x91,0x91,
	0x91,0x92,0x91,0x93,0xcf,0xd1,0xd0,0xd1,0xd2,0xd2,0xd2,0xd2,0xd2,0xd2,0xd2,0xd2,0xd2,0xd2,0xd1,0xd1,
	0xd2,0xd2,0xd2,0xd2,0x25,0x28,0x2c,0x2d,0x80,0x8b,0x7a,0x77,0x70,0x6d,0x64,0x60,0x59,0x57,0x4b,0x47,
	0x42,0x3e,0x34,0x32,0x28,0x2a,0x2e,0x2d,0x38,0x36,0x3d,0x3c,0x42,0x43,0x47,0x49,0x4c,0x50,0x57,0x59,
	0x65,0x68,0x6b,0x6b,0x6e,0x6b,0x6b,0x6b,0xa7,0xa9,0xa9,0xaa,0xac,0xa8,0xa9,0xa8,0xad,0xac,0xad,0xac,
	0xa9,0xaa,0xaa,0xab,0xab,0xab,0xaa,0xac,0x52,0x51,0x52,0x52,0x51,0x51,0x51,0x51,0x51,0x51,0x52,0x51,
	0x51,0x51,0x51,0x52,0x51,0x51,0x50,0x51,0x51,0x50,0x91,0x93,0x91,0x91,0x90,0x91,0x91,0x90,0x90,0x90,
	0x91,0x91,0x91,0x91,0x91,0x91,0x91,0x91,0x91,0x92,0x91,0x93,0xcf,0xd1,0xd0,0xd1,0xd2,0xd2,0xd2,0xd2,
	0xd2,0xd2,0xd2,0xd2,0xd2,0xd2,0xd2,0xd2,0xd2,0xd2,0xd2,0xd2,0x26,0x2a,0x2a,0x29,0x29,0x29,0x2a,0x2c,
	0x63,0x71,0x5e,0x62,0x57,0x59,0x4b,0x47,0x42,0x3f,0x34,0x32,0x28,0x2a,0x2f,0x2e,0x38,0x36,0x3d,0x3c,
	0x42,0x43,0x47,0x4a,0x4c,0x50,0x56,0x54,0x5c,0x5d,0x62,0x64,0x6a,0x69,0x6a,0x6b,0xa5,0xa8,0xa9,0xa9,
	0xaf,0xab,0xab,0xa9,0xab,0xa9,0xa9,0xa9,0xa8,0xac,0xad,0xae,0xab,0xaa,0xa8,0xa8,0x52,0x52,0x52,0x52,
	0x51,0x51,0x51,0x51,0x51,0x51,0x52,0x51,0x50,0x51,0x51,0x52,0x51,0x51,0x50,0x51,0x51,0x51,0x91,0x93,
	0x92,0x91,0x90,0x91,0x91,0x90,0x90,0x90,0x91,0x91,0x91,0x91,0x91,0x91,0x91,0x91,0x91,0x92,0x91,0x93,
	0xcf,0xd1,0xd0,0xd1,0xd2,0xd2,0xd2,0xd2,0xd2,0xd2,0xd2,0xd2,0xd2,0xd2,0xd2,0xd2,0xd2,0xd2,0xd2,0xd2,
	0x27,0x2b,0x2b,0x2b,0x2b,0x2a,0x2a,0x2f,0x6c,0x71,0x61,0x64,0x58,0x50,0x4c,0x48,0x42,0x3f,0x34,0x32,
	0x28,0x2a,0x2f,0x2e,0x38,0x36,0x3d,0x3c,0x42,0x43,0x47,0x4a,0x4e,0x52,0x59,0x56,0x5c,0x5b,0x62,0x65,
	0x6b,0x69,0x6b,0x6d,0xa5,0xa9,0xaa,0xa7,0xaf,0xaa,0xa9,0xa8,0xab,0xaa,0xaa,0xa9,0xa9,0xac,0xad,0xae,
	0xaa,0xa9,0xa8,0xa8,0x52,0x51,0x52,0x52,0x51,0x51,0x51,0x51,0x51,0x51,0x51,0x51,0x50,0x51,0x51,0x52,
	0x51,0x51,0x50,0x51,0x51,0x51,0x91,0x93,0x92,0x91,0x90,0x91,0x91,0x90,0x90,0x90,0x91,0x91,0x91,0x91,
	0x91,0x91,0x91,0x91,0x91,0x92,0x91,0x93,0xcf,0xd1,0xd0,0xd1,0xd2,0xd2,0xd2,0xd2,0xd2,0xd2,0xd2,0xd2,
	0xd2,0xd2,0xd2,0xd2,0xd2,0xd2,0xd2,0xd2,0x28,0x2b,0x2b,0x2b,0x2b,0x2a,0x28,0x22,0x34,0x2b,0x33,0x33,
	0x52,0x5d,0x4b,0x47,0x41,0x3f,0x35,0x32,0x29,0x2b,0x2e,0x2e,0x38,0x36,0x3d,0x3c,0x42,0x43,0x47,0x49,
	0x48,0x4b,0x53,0x51,0x56,0x55,0x5d,0x5f,0x66,0x65,0x6a,0x6f,0xa6,0xab,0xab,0xa7,0xb0,0xa9,0xa6,0xa8,
	0xac,0xae,0xad,0xab,0xa9,0xaa,0xaa,0xab,0xa8,0xa9,0xab,0xab,0x52,0x51,0x51,0x52,0x51,0x51,0x51,0x51,
	0x51,0x51,0x51,0x51,0x50,0x51,0x51,0x52,0x51,0x51,0x50,0x51,0x51,0x50,0x91,0x93,0x91,0x91,0x90,0x90,
	0x91,0x90,0x90,0x90,0x91,0x91,0x91,0x91,0x91,0x91,0x91,0x91,0x91,0x92,0x91,0x93,0xcf,0xd1,0xd0,0xd1,
	0xd2,0xd2,0xd2,0xd2,0xd2,0xd2,0xd2,0xd2,0xd2,0xd2,0xd2,0xd2,0xd2,0xd2,0xd2,0xd2,0x2a,0x2b,0x2b,0x2b,
	0x2c,0x2b,0x2c,0x28,0x24,0x1f,0x2c,0x24,0x52,0x55,0x4b,0x47,0x41,0x40,0x36,0x33,0x2b,0x2b,0x2e,0x2e,
	0x38,0x36,0x3d,0x3c,0x42,0x43,0x47,0x49,0x4c,0x4d,0x55,0x52,0x56,0x55,0x5f,0x61,0x69,0x69,0x6f,0x71,
	0xa0,0xa1,0xa1,0xa0,0xb1,0xaf,0xab,0xab,0xac,0xad,0xab,0xa8,0xa8,0xa7,0xa8,0xab,0xa7,0xa8,0xab,0xab,
	0x52,0x51,0x51,0x52,0x51,0x51,0x51,0x51,0x51,0x51,0x52,0x51,0x51,0x51,0x51,0x52,0x51,0x50,0x4f,0x51,
	0x50,0x50,0x90,0x92,0x91,0x91,0x90,0x90,0x91,0x90,0x90,0x91,0x91,0x91,0x91,0x91,0x91,0x91,0x91,0x91,
	0x91,0x92,0x91,0x93,0xcf,0xd1,0xd0,0xd1,0xd2,0xd2,0xd2,0xd2,0xd2,0xd2,0xd2,0xd2,0xd2,0xd2,0xd2,0xd2,
	0xd2,0xd2,0xd2,0xd2,0x2a,0x2b,0x2a,0x2a,0x2b,0x2b,0x2a,0x2a,0x2a,0x2a,0x2a,0x2a,0x2b,0x2c,0x30,0x31,
	0x3c,0x3f,0x35,0x32,0x2a,0x2c,0x2e,0x2e,0x38,0x36,0x3d,0x3c,0x42,0x43,0x46,0x49,0x52,0x51,0x58,0x54,
	0x58,0x56,0x5e,0x5e,0x64,0x61,0x63,0x5b,0x7a,0x74,0x73,0x7a,0x9b,0xa4,0xa5,0xa7,0xa7,0xa8,0xa9,0xa9,
	0xac,0xad,0xad,0xb0,0xab,0xac,0xaf,0xad,0x51,0x51,0x51,0x51,0x51,0x51,0x51,0x51,0x51,0x51,0x52,0x51,
	0x51,0x51,0x51,0x52,0x51,0x50,0x50,0x51,0x50,0x50,0x90,0x92,0x91,0x91,0x90,0x91,0x91,0x91,0x90,0x91,
	0x91,0x91,0x91,0x91,0x91,0x91,0x91,0x91,0x91,0x92,0x91,0x93,0xcf,0xd1,0xd0,0xd1,0xd2,0xd2,0xd2,0xd2,
	0xd2,0xd2,0xd2,0xd2,0xd2,0xd2,0xd2,0xd2,0xd2,0xd2,0xd2,0xd2,0x2a,0x29,0x29,0x29,0x29,0x29,0x2a,0x2a,
	0x2a,0x2a,0x2a,0x2a,0x2a,0x2a,0x29,0x28,0x35,0x3b,0x32,0x31,0x29,0x2a,0x2d,0x2e,0x38,0x36,0x3d,0x3c,
	0x42,0x43,0x46,0x49,0x50,0x50,0x58,0x56,0x5a,0x58,0x5f,0x60,0x66,0x65,0x69,0x5e,0x76,0x6a,0x68,0x73,
	0x9c,0xaa,0xab,0xaa,0xa7,0xa6,0xa7,0xa8,0xac,0xac,0xaa,0xac,0xa6,0xa7,0xab,0xaa,0x51,0x51,0x51,0x51,
	0x51,0x51,0x51,0x51,0x51,0x51,0x51,0x51,0x51,0x51,0x51,0x51,0x51,0x51,0x50,0x51,0x51,0x4f,0x91,0x93,
	0x91,0x91,0x91,0x91,0x91,0x91,0x91,0x91,0x91,0x91,0x91,0x91,0x91,0x91,0x91,0x91,0x91,0x92,0x91,0x93,
	0xcf,0xd1,0xd0,0xd1,0xd2,0xd2,0xd2,0xd2,0xd2,0xd2,0xd2,0xd2,0xd2,0xd2,0xd2,0xd2,0xd2,0xd2,0xd2,0xd2,
	0x29,0x29,0x29,0x29,0x29,0x29,0x2a,0x2a,0x29,0x29,0x29,0x29,0x29,0x29,0x29,0x29,0x2a,0x28,0x2b,0x2d,
	0x2b,0x2a,0x25,0x26,0x34,0x33,0x3a,0x3a,0x41,0x42,0x46,0x49,0x4f,0x4f,0x57,0x59,0x5b,0x5d,0x60,0x63,
	0x66,0x68,0x69,0x69,0x68,0x67,0x65,0x63,0x62,0x62,0x5c,0x67,0xa4,0xab,0xaa,0xaa,0xaa,0xaa,0xaa,0xaa,
	0xaa,0xaa,0xaa,0xaa,0x51,0x51,0x51,0x51,0x51,0x51,0x51,0x51,0x51,0x51,0x51,0x51,0x51,0x51,0x51,0x52,
	0x51,0x51,0x51,0x52,0x51,0x50,0x91,0x93,0x91,0x91,0x91,0x91,0x91,0x91,0x91,0x91,0x91,0x91,0x91,0x91,
	0x91,0x91,0x91,0x91,0x91,0x92,0x91,0x93,0xcf,0xd1,0xd0,0xd1,0xd2,0xd2,0xd2,0xd2,0xd2,0xd2,0xd2,0xd2,
	0xd2,0xd2,0xd2,0xd2,0xd2,0xd2,0xd2,0xd2,0x2a,0x28,0x29,0x29,0x28,0x28,0x2a,0x2a,0x29,0x29,0x29,0x29,
	0x29,0x29,0x29,0x29,0x29,0x28,0x27,0x29,0x28,0x27,0x32,0x35,0x33,0x34,0x3a,0x3b,0x40,0x42,0x45,0x49,
	0x4f,0x50,0x57,0x5a,0x5c,0x5e,0x60,0x63,0x66,0x68,0x69,0x69,0x68,0x67,0x65,0x68,0x63,0x5b,0x5c,0x5b,
	0xa8,0xaf,0xaa,0xaa,0xaa,0xaa,0xaa,0xaa,0xaa,0xaa,0xaa,0xaa,0x51,0x51,0x51,0x51,0x51,0x51,0x51,0x51,
	0x51,0x51,0x51,0x51,0x51,0x51,0x51,0x51,0x51,0x51,0x51,0x52,0x51,0x50,0x91,0x93,0x91,0x91,0x91,0x91,
	0x91,0x91,0x91,0x91,0x91,0x91,0x91,0x91,0x91,0x91,0x91,0x91,0x91,0x92,0x91,0x93,0xcf,0xd1,0xd0,0xd1,
	0xd2,0xd2,0xd2,0xd2,0xd2,0xd2,0xd2,0xd2,0xd2,0xd2,0xd2,0xd2,0xd2,0xd2,0xd2,0xd2,0x2a,0x28,0x29,0x29,
	0x28,0x28,0x2a,0x2a,0x29,0x29,0x29,0x29,0x29,0x29,0x29,0x29,0x2a,0x2a,0x2a,0x2a,0x2f,0x29,0x6b,0x6f,
	0x3d,0x38,0x37,0x44,0x44,0x3e,0x44,0x4a,0x4f,0x50,0x57,0x5a,0x5c,0x5e,0x60,0x63,0x66,0x68,0x69,0x69,
	0x67,0x66,0x66,0x65,0x61,0x5d,0x5c,0x5b,0x5b,0x5b,0x5d,0x5c,0xa8,0xa5,0xb0,0xa4,0xa9,0xa5,0xa5,0xa5,
	0x51,0x51,0x51,0x51,0x51,0x51,0x51,0x51,0x51,0x51,0x51,0x51,0x51,0x51,0x51,0x51,0x51,0x51,0x51,0x52,
	0x51,0x50,0x91,0x93,0x91,0x91,0x91,0x91,0x91,0x91,0x91,0x91,0x91,0x91,0x91,0x91,0x91,0x91,0x91,0x91,
	0x91,0x92,0x91,0x93,0xcf,0xd1,0xd0,0xd1,0xd2,0xd2,0xd2,0xd2,0xd2,0xd2,0xd2,0xd2,0xd2,0xd2,0xd2,0xd2,
	0xd2,0xd2,0xd2,0xd2,0x2a,0x28,0x29,0x29,0x28,0x28,0x2a,0x2a,0x29,0x29,0x29,0x29,0x29,0x29,0x29,0x29,
	0x2a,0x2a,0x2a,0x2a,0x34,0x2a,0x6f,0x67,0x35,0x35,0x32,0x41,0x44,0x49,0x4a,0x4a,0x4f,0x50,0x57,0x5a,
	0x5c,0x5e,0x60,0x63,0x66,0x68,0x69,0x69,0x67,0x66,0x66,0x65,0x62,0x5f,0x5e,0x5d,0x5d,0x5c,0x59,0x63,
	0xa6,0xae,0xaf,0xab,0xaa,0xad,0xad,0xad,0x51,0x51,0x51,0x51,0x51,0x51,0x51,0x51,0x51,0x51,0x51,0x51,
	0x51,0x51,0x51,0x51,0x51,0x51,0x51,0x52,0x51,0x50,0x91,0x93,0x91,0x91,0x91,0x91,0x91,0x91,0x91,0x91,
	0x91,0x91,0x91,0x91,0x91,0x91,0x91,0x91,0x91,0x92,0x91,0x93,0xcf,0xd1,0xd0,0xd1,0xd2,0xd2,0xd2,0xd2,
	0xd2,0xd2,0xd2,0xd2,0xd2,0xd2,0xd2,0xd2,0xd2,0xd2,0xd2,0xd2,0x2a,0x28,0x29,0x29,0x28,0x28,0x2a,0x2a,
	0x29,0x29,0x29,0x29,0x29,0x29,0x29,0x29,0x2a,0x2a,0x2a,0x2a,0x2e,0x29,0x69,0x61,0x64,0x6d,0x64,0x65,
	0x48,0x3e,0x45,0x4b,0x4f,0x50,0x56,0x59,0x5c,0x5e,0x60,0x63,0x66,0x68,0x69,0x69,0x68,0x67,0x65,0x64,
	0x62,0x60,0x60,0x5f,0x5f,0x5e,0x5b,0x58,0x57,0x56,0x58,0x57,0xac,0xa3,0xa3,0xa3,0x51,0x51,0x51,0x51,
	0x51,0x51,0x51,0x51,0x51,0x51,0x51,0x51,0x51,0x51,0x51,0x51,0x51,0x51,0x51,0x52,0x51,0x50,0x91,0x93,
	0x91,0x91,0x91,0x91,0x91,0x91,0x91,0x91,0x91,0x91,0x91,0x91,0x91,0x91,0x91,0x91,0x91,0x92,0x91,0x93,
	0xcf,0xd1,0xd0,0xd1,0xd2,0xd2,0xd2,0xd2,0xd2,0xd2,0xd2,0xd2,0xd2,0xd2,0xd2,0xd2,0xd2,0xd2,0xd2,0xd2,
	0x2a,0x28,0x29,0x29,0x28,0x28,0x2a,0x2a,0x29,0x29,0x29,0x29,0x29,0x29,0x29,0x29,0x2a,0x2a,0x2a,0x2a,
	0x25,0x27,0x68,0x6a,0x6e,0x6b,0x6d,0x67,0x45,0x48,0x4a,0x4b,0x4f,0x50,0x56,0x59,0x5c,0x5e,0x61,0x63,
	0x66,0x68,0x69,0x69,0x68,0x67,0x66,0x64,0x63,0x62,0x61,0x60,0x60,0x5f,0x5c,0x5d,0x58,0x4f,0x57,0x50,
	0xa5,0xab,0xab,0xab,0x51,0x51,0x51,0x51,0x51,0x51,0x51,0x51,0x51,0x51,0x51,0x51,0x51,0x51,0x51,0x51,
	0x51,0x51,0x51,0x52,0x51,0x50,0x91,0x93,0x91,0x91,0x91,0x91,0x91,0x91,0x91,0x91,0x91,0x91,0x91,0x91,
	0x91,0x91,0x91,0x91,0x91,0x92,0x91,0x93,0xcf,0xd1,0xd0,0xd1,0xd2,0xd2,0xd2,0xd2,0xd2,0xd2,0xd2,0xd2,
	0xd2,0xd2,0xd2,0xd2,0xd2,0xd2,0xd2,0xd2,0x2a,0x28,0x29,0x29,0x28,0x28,0x2a,0x2a,0x29,0x29,0x29,0x29,
	0x29,0x29,0x29,0x29,0x2a,0x2a,0x2a,0x2a,0x29,0x2a,0x69,0x69,0x69,0x69,0x69,0x6a,0x6b,0x6c,0x69,0x63,
	0x57,0x4f,0x58,0x5a,0x5b,0x5e,0x60,0x64,0x68,0x68,0x68,0x69,0x67,0x67,0x67,0x63,0x63,0x62,0x61,0x60,
	0x60,0x5f,0x5d,0x5c,0x5b,0x5a,0x57,0x56,0x56,0x55,0x55,0x55,0x51,0x51,0x51,0x51,0x51,0x51,0x51,0x51,
	0x51,0x51,0x51,0x51,0x51,0x51,0x51,0x51,0x51,0x51,0x51,0x52,0x51,0x50,0x91,0x93,0x91,0x91,0x91,0x91,
	0x91,0x91,0x91,0x91,0x91,0x91,0x91,0x91,0x91,0x91,0x91,0x91,0x91,0x92,0x91,0x93,0xcf,0xd1,0xd0,0xd1,
	0xd2,0xd2,0xd2,0xd2,0xd2,0xd2,0xd2,0xd2,0xd2,0xd2,0xd2,0xd2,0xd2,0xd2,0xd2,0xd2,0x2a,0x28,0x29,0x29,
	0x28,0x28,0x2a,0x2a,0x29,0x29,0x29,0x29,0x29,0x29,0x29,0x29,0x2a,0x2a,0x2a,0x2a,0x28,0x2a,0x69,0x69,
	0x69,0x69,0x6a,0x6a,0x6b,0x6c,0x6b,0x68,0x5d,0x56,0x5b,0x5b,0x5b,0x5d,0x60,0x64,0x69,0x67,0x68,0x6a,
	0x67,0x68,0x67,0x62,0x63,0x62,0x61,0x60,0x5f,0x5e,0x5d,0x5b,0x5b,0x59,0x57,0x56,0x56,0x55,0x55,0x55,
	0x51,0x51,0x51,0x51,0x51,0x51,0x51,0x51,0x51,0x51,0x51,0x51,0x51,0x51,0x51,0x51,0x51,0x51,0x51,0x52,
	0x51,0x50,0x91,0x93,0x91,0x91,0x91,0x91,0x91,0x91,0x91,0x91,0x91,0x91,0x91,0x91,0x91,0x91,0x91,0x91,
	0x91,0x92,0x91,0x93,0xcf,0xd1,0xd0,0xd1,0xd2,0xd2,0xd2,0xd2,0xd2,0xd2,0xd2,0xd2,0xd2,0xd2,0xd2,0xd2,
	0xd2,0xd2,0xd2,0xd2,0x2a,0x28,0x29,0x29,0x28,0x28,0x2a,0x2a,0x29,0x29,0x29,0x29,0x29,0x29,0x29,0x29,
	0x2a,0x2a,0x2a,0x2a,0x28,0x2a,0x69,0x69,0x6a,0x6a,0x6a,0x6a,0x6a,0x6a,0x6a,0x6a,0x6a,0x6a,0x65,0x60,
	0x5d,0x5d,0x62,0x66,0x69,0x65,0x67,0x69,0x65,0x66,0x67,0x62,0x60,0x61,0x61,0x60,0x5f,0x5e,0x5c,0x5b,
	0x5a,0x59,0x57,0x56,0x56,0x55,0x55,0x55,0x51,0x51,0x51,0x51,0x51,0x51,0x51,0x51,0x51,0x51,0x51,0x51,
	0x51,0x51,0x51,0x51,0x51,0x51,0x51,0x52,0x51,0x50,0x91,0x93,0x91,0x91,0x91,0x91,0x91,0x91,0x91,0x91,
	0x91,0x91,0x91,0x91,0x91,0x91,0x91,0x91,0x91,0x92,0x91,0x93,0xcf,0xd1,0xd0,0xd1,0xd2,0xd2,0xd2,0xd2,
	0xd2,0xd2,0xd2,0xd2,0xd2,0xd2,0xd2,0xd2,0xd2,0xd2,0xd2,0xd2,0x2a,0x28,0x29,0x29,0x28,0x28,0x2a,0x2a,
	0x29,0x29,0x29,0x29,0x29,0x29,0x29,0x29,0x2a,0x2a,0x2a,0x2a,0x28,0x2a,0x69,0x69,0x6a,0x6a,0x6a,0x6a,
	0x6a,0x6a,0x6a,0x69,0x6c,0x70,0x69,0x64,0x60,0x5d,0x62,0x67,0x6a,0x63,0x67,0x69,0x62,0x64,0x67,0x62,
	0x5f,0x60,0x60,0x60,0x5f,0x5d,0x5c,0x5a,0x5a,0x59,0x57,0x56,0x56,0x55,0x55,0x55,0x51,0x51,0x51,0x51,
	0x51,0x51,0x51,0x51,0x51,0x51,0x51,0x51,0x51,0x51,0x51,0x51,0x51,0x51,0x51,0x52,0x51,0x50,0x91,0x93,
	0x91,0x91,0x91,0x91,0x91,0x91,0x91,0x91,0x91,0x91,0x91,0x91,0x91,0x91,0x91,0x91,0x91,0x92,0x91,0x93,
	0xcf,0xd1,0xd0,0xd1,0xd2,0xd2,0xd2,0xd2,0xd2,0xd2,0xd2,0xd2,0xd2,0xd2,0xd2,0xd2,0xd2,0xd2,0xd2,0xd2,
	0x2a,0x28,0x29,0x29,0x28,0x28,0x2a,0x2a,0x29,0x29,0x29,0x29,0x29,0x29,0x29,0x29,0x2a,0x2a,0x2a,0x2a,
	0x28,0x2a,0x69,0x69,0x6a,0x6a,0x6a,0x6a,0x6a,0x6a,0x6a,0x6a,0x6a,0x6a,0x6a,0x6a,0x6a,0x6a,0x6b,0x6c,
	0x6d,0x6b,0x6d,0x6b,0x62,0x60,0x62,0x60,0x5f,0x60,0x60,0x60,0x5f,0x5d,0x5b,0x5a,0x5a,0x59,0x57,0x56,
	0x56,0x55,0x55,0x55,0x51,0x51,0x51,0x51,0x51,0x51,0x51,0x51,0x51,0x51,0x51,0x51,0x51,0x51,0x51,0x51,
	0x51,0x51,0x51,0x52,0x51,0x50,0x91,0x93,0x91,0x91,0x91,0x91,0x91,0x91,0x91,0x91,0x91,0x91,0x91,0x91,
	0x91,0x91,0x91,0x91,0x91,0x92,0x91,0x93,0xcf,0xd1,0xd0,0xd1,0xd2,0xd2,0xd2,0xd2,0xd2,0xd2,0xd2,0xd2,
	0xd2,0xd2,0xd2,0xd2,0xd2,0xd2,0xd2,0xd2,0x2a,0x28,0x29,0x29,0x28,0x28,0x2a,0x2a,0x29,0x29,0x29,0x29,
	0x29,0x29,0x29,0x29,0x2a,0x2a,0x2a,0x2a,0x28,0x2a,0x69,0x69,0x6a,0x6a,0x6a,0x6a,0x6a,0x6a,0x6a,0x6a,
	0x6a,0x6a,0x6a,0x6a,0x6a,0x6a,0x6a,0x6b,0x6b,0x6c,0x6e,0x6e,0x69,0x68,0x6a,0x68,0x65,0x62,0x60,0x60,
	0x5e,0x5c,0x5b,0x5a,0x5a,0x59,0x57,0x56,0x56,0x55,0x55,0x55,0x51,0x51,0x51,0x51,0x51,0x51,0x51,0x51,
	0x51,0x51,0x51,0x51,0x51,0x51,0x51,0x51,0x51,0x51,0x51,0x52,0x51,0x50,0x91,0x93,0x91,0x91,0x91,0x91,
	0x91,0x91,0x91,0x91,0x91,0x91,0x91,0x91,0x91,0x91,0x91,0x91,0x91,0x92,0x91,0x93,0xcf,0xd1,0xd0,0xd1,
	0xd2,0xd2,0xd2,0xd2,0xd2,0xd2,0xd2,0xd2,0xd2,0xd2,0xd2,0xd2,0xd2,0xd2,0xd2,0xd2,0x2a,0x28,0x29,0x29,
	0x28,0x28,0x2a,0x2a,0x29,0x29,0x29,0x29,0x29,0x29,0x29,0x29,0x2a,0x2a,0x2a,0x2a,0x28,0x2a,0x69,0x69,
	0x6a,0x6a,0x6a,0x6a,0x6a,0x6a,0x6a,0x6a,0x6a,0x6a,0x6a,0x6a,0x6a,0x6a,0x6b,0x6c,0x6c,0x6e,0x6b,0x68,
	0x66,0x63,0x60,0x61,0x61,0x60,0x60,0x60,0x5e,0x5c,0x5c,0x5a,0x5a,0x5a,0x57,0x56,0x56,0x55,0x55,0x55,
	0x51,0x51,0x51,0x51,0x51,0x51,0x51,0x51,0x51,0x51,0x51,0x51,0x51,0x51,0x51,0x51,0x51,0x51,0x51,0x52,
	0x51,0x50,0x91,0x93,0x91,0x91,0x91,0x91,0x91,0x91,0x91,0x91,0x91,0x91,0x91,0x91,0x91,0x91,0x91,0x91,
	0x91,0x92,0x91,0x93,0xcf,0xd1,0xd0,0xd1,0xd2,0xd2,0xd2,0xd2,0xd2,0xd2,0xd2,0xd2,0xd2,0xd2,0xd2,0xd2,
	0xd2,0xd2,0xd2,0xd2,0x2a,0x28,0x29,0x29,0x28,0x28,0x2a,0x2a,0x29,0x29,0x29,0x29,0x29,0x29,0x29,0x29,
	0x2a,0x2a,0x2a,0x2a,0x28,0x2a,0x69,0x69,0x6a,0x6a,0x6a,0x6a,0x6a,0x6a,0x6a,0x6a,0x6a,0x6a,0x6a,0x6a,
	0x6a,0x69,0x6b,0x6c,0x6c,0x6e,0x68,0x69,0x73,0x73,0x6d,0x6a,0x65,0x62,0x60,0x60,0x5e,0x5c,0x5c,0x5a,
	0x5a,0x5a,0x57,0x56,0x56,0x55,0x55,0x55,0x51,0x51,0x51,0x51,0x51,0x51,0x51,0x51,0x51,0x51,0x51,0x51,
	0x51,0x51,0x51,0x51,0x51,0x51,0x51,0x52,0x51,0x50,0x91,0x93,0x91,0x91,0x91,0x91,0x91,0x91,0x91,0x91,
	0x91,0x91,0x91,0x91,0x91,0x91,0x91,0x91,0x91,0x92,0x91,0x93,0xcf,0xd1,0xd0,0xd1,0xd2,0xd2,0xd2,0xd2,
	0xd2,0xd2,0xd2,0xd2,0xd2,0xd2,0xd2,0xd2,0xd2,0xd2,0xd2,0xd2,0x2a,0x28,0x29,0x29,0x28,0x28,0x2a,0x2a,
	0x29,0x29,0x29,0x29,0x29,0x29,0x29,0x29,0x2a,0x2a,0x2a,0x2a,0x28,0x2a,0x69,0x69,0x6a,0x6a,0x6a,0x6a,
	0x6a,0x6a,0x6a,0x6a,0x6a,0x6a,0x6a,0x6a,0x69,0x69,0x69,0x69,0x69,0x6a,0x68,0x77,0x98,0xa7,0xa5,0xa4,
	0x61,0x61,0x5e,0x5e,0x67,0x64,0x5b,0x5b,0x5b,0x5a,0x56,0x56,0x55,0x55,0x55,0x55,0x51,0x51,0x51,0x51,
	0x51,0x51,0x51,0x51,0x51,0x51,0x51,0x51,0x51,0x51,0x51,0x51,0x51,0x51,0x51,0x52,0x51,0x50,0x91,0x93,
	0x91,0x91,0x91,0x91,0x91,0x91,0x91,0x91,0x91,0x91,0x91,0x91,0x91,0x91,0x91,0x91,0x91,0x92,0x91,0x93,
	0xcf,0xd1,0xd0,0xd1,0xd2,0xd2,0xd2,0xd2,0xd2,0xd2,0xd2,0xd2,0xd2,0xd2,0xd2,0xd2,0xd2,0xd2,0xd2,0xd2,
	0x2a,0x28,0x29,0x29,0x28,0x28,0x2a,0x2a,0x29,0x29,0x29,0x29,0x29,0x29,0x29,0x29,0x2a,0x2a,0x2a,0x2a,
	0x28,0x2a,0x69,0x69,0x6a,0x6a,0x6a,0x6a,0x6a,0x6a,0x6a,0x6a,0x6a,0x6a,0x6a,0x6a,0x69,0x69,0x69,0x6a,
	0x69,0x6a,0x67,0x73,0x9c,0xad,0xa8,0xa5,0x68,0x64,0x64,0x62,0x5a,0x59,0x5b,0x5b,0x5b,0x5b,0x56,0x56,
	0x55,0x55,0x55,0x55,0x51,0x51,0x51,0x51,0x51,0x51,0x51,0x51,0x51,0x51,0x51,0x51,0x51,0x51,0x51,0x51,
	0x51,0x51,0x51,0x52,0x51,0x50,0x91,0x93,0x91,0x91,0x91,0x91,0x91,0x91,0x91,0x91,0x91,0x91,0x91,0x91,
	0x91,0x91,0x91,0x91,0x91,0x92,0x91,0x93,0xcf,0xd1,0xd0,0xd1,0xd2,0xd2,0xd2,0xd2,0xd2,0xd2,0xd2,0xd2,
	0xd2,0xd2,0xd2,0xd2,0xd2,0xd2,0xd2,0xd2,0x2a,0x28,0x29,0x29,0x28,0x28,0x2a,0x2a,0x29,0x29,0x29,0x29,
	0x29,0x29,0x29,0x29,0x3e,0x57,0x62,0x77,0x2f,0x5a,0x91,0x8a,0x71,0x8c,0x74,0x7e,0x89,0x91,0x77,0x96,
	0x6a,0x6a,0x6a,0x6a,0x6a,0x6a,0x6a,0x69,0x6a,0x6a,0x68,0x6d,0xaa,0xaa,0xab,0xad,0xb0,0xa9,0xaa,0xa6,
	0x63,0x54,0x5b,0x5b,0x5b,0x5b,0x56,0x55,0x55,0x55,0x55,0x55,0x51,0x51,0x51,0x51,0x51,0x51,0x51,0x51,
	0x51,0x51,0x51,0x51,0x51,0x51,0x51,0x51,0x51,0x51,0x51,0x52,0x51,0x50,0x91,0x93,0x91,0x91,0x91,0x91,
	0x91,0x91,0x91,0x91,0x91,0x91,0x91,0x91,0x91,0x91,0x91,0x91,0x91,0x92,0x91,0x93,0xcf,0xd1,0xd0,0xd1,
	0xd2,0xd2,0xd2,0xd2,0xd2,0xd2,0xd2,0xd2,0xd2,0xd2,0xd2,0xd2,0xd2,0xd2,0xd2,0xd2,0x2a,0x28,0x29,0x29,
	0x28,0x28,0x2a,0x2a,0x29,0x29,0x29,0x29,0x29,0x29,0x29,0x29,0x89,0x54,0x7a,0x6b,0x46,0x37,0x6e,0x78,
	0x6c,0x8a,0x85,0x7f,0x78,0x91,0x92,0x76,0x6a,0x6a,0x6a,0x6a,0x6a,0x6a,0x6a,0x68,0x69,0x6a,0x6a,0x6b,
	0xaa,0xaa,0xab,0xad,0xb0,0xaa,0xac,0xa9,0x55,0x5e,0x5c,0x5b,0x5b,0x5b,0x56,0x55,0x55,0x55,0x55,0x55,
	0x51,0x51,0x51,0x51,0x51,0x51,0x51,0x51,0x51,0x51,0x51,0x51,0x51,0x51,0x51,0x51,0x51,0x51,0x51,0x52,
	0x51,0x50,0x91,0x93,0x91,0x91,0x91,0x91,0x91,0x91,0x91,0x91,0x91,0x91,0x91,0x91,0x91,0x91,0x91,0x91,
	0x91,0x92,0x91,0x93,0xcf,0xd1,0xd0,0xd1,0xd2,0xd2,0xd2,0xd2,0xd2,0xd2,0xd2,0xd2,0xd2,0xd2,0xd2,0xd2,
	0xd2,0xd2,0xd2,0xd2,0x2a,0x28,0x29,0x29,0x28,0x28,0x2a,0x2a,0x29,0x29,0x29,0x29,0x29,0x29,0x29,0x29,
	0x51,0x9f,0x5a,0x6a,0x60,0x9a,0x98,0x8d,0x97,0x96,0x75,0x7d,0x8a,0x72,0x81,0x74,0x6a,0x6a,0x6a,0x6a,
	0x6a,0x6a,0x6a,0x68,0x68,0x69,0x6b,0x6b,0xa9,0xa9,0xaa,0xaa,0xab,0xab,0xa9,0xa9,0xa8,0xa8,0xab,0xa7,
	0x55,0x56,0x59,0x57,0x5a,0x51,0x51,0x51,0x51,0x51,0x51,0x51,0x51,0x51,0x51,0x51,0x51,0x51,0x51,0x51,
	0x51,0x51,0x51,0x51,0x51,0x51,0x51,0x52,0x51,0x50,0x91,0x93,0x91,0x91,0x91,0x91,0x91,0x91,0x91,0x91,
	0x91,0x91,0x91,0x91,0x91,0x91,0x91,0x91,0x91,0x92,0x91,0x93,0xcf,0xd1,0xd0,0xd1,0xd2,0xd2,0xd2,0xd2,
	0xd2,0xd2,0xd2,0xd2,0xd2,0xd2,0xd2,0xd2,0xd2,0xd2,0xd2,0xd2,0x2a,0x28,0x29,0x29,0x28,0x28,0x2a,0x2a,
	0x29,0x29,0x29,0x29,0x29,0x29,0x29,0x29,0x6e,0x8f,0x4c,0x2d,0x94,0x49,0x96,0x6d,0x7e,0x71,0x79,0x78,
	0x93,0x80,0x70,0x85,0x6a,0x6a,0x6a,0x6a,0x6a,0x6a,0x6a,0x68,0x68,0x69,0x6b,0x6b,0xa9,0xa9,0xaa,0xaa,
	0xa9,0xa8,0xa9,0xa9,0xaa,0xab,0xae,0xaf,0x5d,0x58,0x57,0x54,0x4c,0x4f,0x4f,0x4f,0x51,0x51,0x51,0x51,
	0x51,0x51,0x51,0x51,0x51,0x51,0x51,0x51,0x51,0x51,0x51,0x51,0x51,0x51,0x51,0x52,0x51,0x50,0x91,0x93,
	0x91,0x91,0x91,0x91,0x91,0x91,0x91,0x91,0x91,0x91,0x91,0x91,0x91,0x91,0x91,0x91,0x91,0x92,0x91,0x93,
	0xcf,0xd1,0xd0,0xd1,0xd2,0xd2,0xd2,0xd2,0xd2,0xd2,0xd2,0xd2,0xd2,0xd2,0xd2,0xd2,0xd2,0xd2,0xd2,0xd2,
	0x2a,0x28,0x29,0x29,0x28,0x28,0x2a,0x2a,0x29,0x29,0x29,0x29,0x29,0x29,0x29,0x29,0x81,0x93,0x2b,0x32,
	0x96,0x86,0x7e,0x80,0x8d,0x98,0x8f,0x88,0x7e,0x6f,0x92,0x94,0x6a,0x6a,0x6a,0x6a,0x6a,0x6a,0x69,0x69,
	0x69,0x6a,0x6b,0x6b,0xa9,0xa9,0xa9,0xa9,0xa9,0xa9,0xa9,0xa9,0xaa,0xab,0xae,0xa8,0xa9,0xae,0xa2,0x9d,
	0x5e,0x54,0x54,0x54,0x51,0x51,0x51,0x51,0x51,0x51,0x51,0x51,0x51,0x51,0x51,0x51,0x51,0x51,0x51,0x51,
	0x51,0x51,0x51,0x52,0x51,0x50,0x91,0x93,0x91,0x91,0x91,0x91,0x91,0x91,0x91,0x91,0x91,0x91,0x91,0x91,
	0x91,0x91,0x91,0x91,0x91,0x92,0x91,0x93,0xcf,0xd1,0xd0,0xd1,0xd2,0xd2,0xd2,0xd2,0xd2,0xd2,0xd2,0xd2,
	0xd2,0xd2,0xd2,0xd2,0xd2,0xd2,0xd2,0xd2,0x2a,0x28,0x29,0x29,0x28,0x28,0x2a,0x2a,0x29,0x29,0x29,0x29,
	0x29,0x29,0x29,0x29,0x76,0x6b,0x5f,0x32,0x56,0x6e,0x9a,0x7c,0x92,0x7a,0x95,0x98,0x7e,0x7d,0x7b,0x6f,
	0x6a,0x6a,0x6a,0x6a,0x6a,0x6a,0x68,0x69,0x6a,0x6a,0x6b,0x6b,0xa9,0xa9,0xa9,0xa9,0xa9,0xa9,0xa9,0xaa,
	0xab,0xac,0xab,0xa7,0xa5,0xa5,0xae,0xac,0x55,0x5a,0x5a,0x5a,0x51,0x51,0x51,0x51,0x51,0x51,0x51,0x51,
	0x51,0x51,0x51,0x51,0x51,0x51,0x51,0x51,0x51,0x51,0x51,0x52,0x51,0x50,0x91,0x93,0x91,0x91,0x91,0x91,
	0x90,0x90,0x90,0x90,0x90,0x90,0x90,0x90,0x91,0x91,0x91,0x91,0x90,0x91,0x90,0x92,0xd0,0xd1,0xd1,0xd1,
	0xd2,0xd2,0xd2,0xd2,0xd2,0xd2,0xd2,0xd2,0xd2,0xd2,0xd2,0xd2,0xd2,0xd2,0xd2,0xd2,0x2a,0x28,0x29,0x29,
	0x28,0x28,0x2a,0x2a,0x29,0x29,0x29,0x29,0x29,0x29,0x29,0x29,0x79,0x82,0x5d,0x5e,0x8c,0x49,0x71,0x7a,
	0x8d,0x6f,0x7a,0x77,0x7c,0x90,0x84,0x8c,0x6a,0x6a,0x6a,0x6a,0x6a,0x6a,0x67,0x6a,0x6b,0x6a,0x6b,0x6b,
	0xa9,0xa9,0xaa,0xaa,0xa9,0xa8,0xa9,0xab,0xab,0xab,0xaa,0xaa,0xaa,0xaa,0xaa,0xaa,0xaa,0xaa,0xaa,0xaa,
	0x51,0x51,0x51,0x51,0x51,0x51,0x51,0x51,0x51,0x51,0x51,0x51,0x51,0x51,0x51,0x51,0x51,0x51,0x51,0x51,
	0x51,0x50,0x90,0x92,0x90,0x90,0x90,0x90,0x8e,0x8e,0x8e,0x8e,0x8e,0x8e,0x8e,0x8e,0x90,0x90,0x90,0x90,
	0x8f,0x90,0x8f,0x91,0xd0,0xd1,0xd1,0xd1,0xd2,0xd2,0xd2,0xd2,0xd2,0xd2,0xd2,0xd2,0xd2,0xd2,0xd2,0xd2,
	0xd2,0xd2,0xd2,0xd2,0x2a,0x28,0x29,0x29,0x28,0x28,0x2a,0x2a,0x29,0x29,0x29,0x29,0x29,0x29,0x29,0x29,
	0x68,0x95,0x63,0x49,0x96,0x78,0x86,0x86,0x87,0x73,0x96,0x98,0x6b,0x76,0x89,0x6c,0x6a,0x6a,0x6a,0x6a,
	0x6a,0x69,0x68,0x6a,0x6b,0x6a,0x6b,0x6b,0xa9,0xa9,0xaa,0xaa,0xa9,0xa9,0xa9,0xaa,0xaa,0xaa,0xaa,0xaa,
	0xaa,0xaa,0xaa,0xaa,0xaa,0xaa,0xaa,0xaa,0x51,0x51,0x51,0x51,0x51,0x51,0x51,0x51,0x51,0x51,0x51,0x51,
	0x51,0x51,0x51,0x50,0x51,0x52,0x50,0x4f,0x7f,0x80,0x7e,0x7f,0x80,0x7f,0x80,0x80,0x80,0x80,0x80,0x80,
	0x7f,0x7f,0x80,0x80,0x80,0x80,0x7f,0x7f,0x81,0x84,0x83,0x81,0xd0,0xd2,0xd2,0xd2,0xd1,0xd1,0xd2,0xd2,
	0xd2,0xd2,0xd2,0xd2,0xd2,0xd2,0xd2,0xd2,0xd2,0xd2,0xd2,0xd2,0x2a,0x28,0x29,0x29,0x28,0x28,0x2a,0x2a,
	0x29,0x29,0x29,0x29,0x29,0x29,0x29,0x29,0x6a,0x5e,0x5b,0x59,0x2f,0x77,0x9d,0x92,0x85,0x91,0x80,0x8d,
	0x98,0x7d,0x90,0x88,0x6a,0x6a,0x6a,0x6a,0x6a,0x69,0x69,0x6a,0x6b,0x6a,0x6b,0x6b,0xa9,0xa9,0xaa,0xaa,
	0xaa,0xaa,0xaa,0xaa,0xaa,0xaa,0xaa,0xaa,0xaa,0xaa,0xaa,0xaa,0xaa,0xaa,0xaa,0xaa,0x51,0x51,0x51,0x51,
	0x51,0x51,0x51,0x51,0x51,0x51,0x51,0x51,0x51,0x51,0x51,0x50,0x51,0x52,0x50,0x4e,0x7f,0x80,0x7d,0x7f,
	0x7f,0x7f,0x80,0x80,0x80,0x80,0x80,0x80,0x7f,0x7f,0x80,0x80,0x80,0x80,0x7f,0x7f,0x80,0x83,0x82,0x80,
	0xd1,0xd2,0xd2,0xd2,0xd1,0xd1,0xd2,0xd2,0xd2,0xd2,0xd2,0xd2,0xd2,0xd2,0xd2,0xd2,0xd2,0xd2,0xd2,0xd2,
	0x2a,0x28,0x29,0x29,0x28,0x28,0x2a,0x2a,0x29,0x29,0x29,0x29,0x29,0x29,0x29,0x29,0x6e,0x3e,0x2c,0x6c,
	0x87,0x38,0x6d,0x98,0x76,0x7f,0x7c,0x82,0x8d,0x7a,0x7a,0x73,0x6a,0x6a,0x6a,0x6a,0x69,0x68,0x69,0x6b,
	0x6b,0x6a,0x6b,0x6b,0xa9,0xa9,0xaa,0xaa,0xaa,0xaa,0xaa,0xaa,0xaa,0xaa,0xaa,0xaa,0xaa,0xaa,0xaa,0xaa,
	0xaa,0xaa,0xaa,0xaa,0x51,0x51,0x51,0x51,0x51,0x51,0x51,0x51,0x51,0x51,0x51,0x51,0x51,0x51,0x51,0x50,
	0x51,0x52,0x50,0x4e,0x7f,0x80,0x7d,0x7e,0x7f,0x7e,0x7f,0x7f,0x7f,0x7f,0x7f,0x7f,0x7e,0x7e,0x7f,0x7f,
	0x7f,0x7f,0x7e,0x7e,0x7f,0x82,0x81,0x7f,0xd1,0xd2,0xd3,0xd2,0xd1,0xd1,0xd2,0xd2,0xd2,0xd2,0xd2,0xd2,
	0xd2,0xd2,0xd2,0xd2,0xd2,0xd2,0xd2,0xd2,0x2a,0x28,0x29,0x29,0x28,0x28,0x2a,0x2a,0x29,0x29,0x29,0x29,
	0x29,0x29,0x29,0x29,0x75,0x70,0x63,0x60,0x54,0x2c,0x8f,0x6b,0x97,0x8f,0x88,0x86,0x8c,0x76,0x8a,0x80,
	0x6a,0x6a,0x6a,0x6a,0x69,0x68,0x6a,0x6b,0x6b,0x6a,0x6b,0x6b,0xa9,0xa9,0xaa,0xaa,0xaa,0xaa,0xaa,0xaa,
	0xaa,0xaa,0xaa,0xaa,0xaa,0xaa,0xaa,0xaa,0xaa,0xaa,0xaa,0xaa,0x51,0x51,0x51,0x51,0x51,0x51,0x51,0x51,
	0x51,0x51,0x51,0x51,0x51,0x51,0x51,0x50,0x51,0x52,0x50,0x4e,0x7f,0x80,0x7d,0x7e,0x7f,0x7e,0x7f,0x7f,
	0x7f,0x7f,0x7f,0x7f,0x7e,0x7e,0x7f,0x7f,0x7f,0x7f,0x7e,0x7e,0x7f,0x82,0x81,0x7f,0xd1,0xd2,0xd3,0xd2,
	0xd1,0xd1,0xd2,0xd2,0xd2,0xd2,0xd2,0xd2,0xd2,0xd2,0xd2,0xd2,0xd2,0xd2,0xd2,0xd2,0x2a,0x28,0x29,0x29,
	0x28,0x28,0x2a,0x2a,0x29,0x29,0x29,0x29,0x29,0x29,0x29,0x29,0x54,0x72,0x7c,0x85,0xa0,0x82,0x7b,0x92,
	0x6e,0x8d,0x70,0x71,0x74,0x8e,0x7f,0x8c,0x6a,0x6a,0x6a,0x6a,0x69,0x68,0x6a,0x6b,0x6b,0x6a,0x6b,0x6b,
	0xa9,0xa9,0xaa,0xaa,0xaa,0xaa,0xaa,0xaa,0xaa,0xaa,0xaa,0xaa,0xaa,0xaa,0xaa,0xaa,0xaa,0xaa,0xaa,0xaa,
	0x51,0x51,0x51,0x51,0x51,0x51,0x51,0x51,0x51,0x51,0x51,0x51,0x51,0x51,0x51,0x50,0x51,0x52,0x50,0x4e,
	0x7f,0x80,0x7d,0x7e,0x7f,0x7e,0x7f,0x7f,0x7f,0x7f,0x7f,0x7f,0x7e,0x7e,0x7f,0x7f,0x7f,0x7f,0x7e,0x7e,
	0x7f,0x82,0x81,0x7f,0xd1,0xd2,0xd3,0xd2,0xd1,0xd1,0xd2,0xd2,0xd2,0xd2,0xd2,0xd2,0xd2,0xd2,0xd2,0xd2,
	0xd2,0xd2,0xd2,0xd2,0x2a,0x28,0x29,0x29,0x28,0x28,0x2a,0x2a,0x29,0x29,0x29,0x29,0x29,0x29,0x29,0x29,
	0x8d,0x59,0x87,0x5c,0x72,0x31,0x88,0x7d,0x7c,0x75,0x6e,0x6e,0x91,0x7c,0x89,0x88,0x6a,0x6a,0x6a,0x6a,
	0x69,0x69,0x6a,0x6b,0x6b,0x6a,0x6b,0x6b,0xa9,0xa9,0xaa,0xaa,0xaa,0xaa,0xaa,0xaa,0xaa,0xaa,0xaa,0xaa,
	0xaa,0xaa,0xaa,0xaa,0xaa,0xaa,0xaa,0xaa,0x51,0x51,0x51,0x51,0x51,0x51,0x51,0x51,0x51,0x51,0x51,0x51,
	0x51,0x51,0x51,0x50,0x51,0x52,0x50,0x4e,0x7f,0x80,0x7d,0x7e,0x7f,0x7e,0x7f,0x7f,0x7f,0x7f,0x7f,0x7f,
	0x7e,0x7e,0x7f,0x7f,0x7f,0x7f,0x7e,0x7e,0x7f,0x82,0x81,0x7f,0xd1,0xd2,0xd3,0xd2,0xd1,0xd1,0xd2,0xd2,
	0xd2,0xd2,0xd2,0xd2,0xd2,0xd2,0xd2,0xd2,0xd2,0xd2,0xd2,0xd2,0x2a,0x28,0x29,0x29,0x28,0x28,0x2a,0x2a,
	0x29,0x29,0x29,0x29,0x29,0x29,0x29,0x29,0x52,0x65,0x96,0x39,0x42,0x81,0x84,0x84,0x91,0x94,0x80,0x8a,
	0x77,0x88,0x75,0x96,0x6a,0x6a,0x6a,0x69,0x68,0x69,0x6b,0x6b,0x6a,0x6a,0x6b,0x6b,0xa9,0xa9,0xaa,0xaa,
	0xaa,0xaa,0xaa,0xaa,0xaa,0xaa,0xaa,0xaa,0xaa,0xaa,0xaa,0xaa,0xaa,0xaa,0xaa,0xaa,0x51,0x51,0x51,0x51,
	0x51,0x51,0x51,0x51,0x51,0x51,0x51,0x51,0x51,0x51,0x51,0x50,0x51,0x52,0x50,0x4f,0x7f,0x80,0x7e,0x7e,
	0x7f,0x7e,0x7f,0x7f,0x7f,0x7f,0x7f,0x7f,0x7e,0x7e,0x7f,0x7f,0x7f,0x7f,0x7e,0x7e,0x7f,0x82,0x81,0x7f,
	0xd1,0xd2,0xd3,0xd2,0xd1,0xd1,0xd2,0xd2,0xd2,0xd2,0xd2,0xd2,0xd2,0xd2,0xd2,0xd2,0xd2,0xd2,0xd2,0xd2,
	0x2a,0x28,0x29,0x29,0x28,0x28,0x2a,0x2a,0x29,0x29,0x29,0x29,0x29,0x29,0x29,0x29,0x56,0x4b,0x42,0x40,
	0x45,0x55,0x91,0x8e,0x72,0x90,0x8b,0x82,0x81,0x8c,0x81,0x85,0x6a,0x6a,0x6a,0x69,0x68,0x6a,0x6b,0x6b,
	0x6a,0x6a,0x6b,0x6b,0xa8,0xa8,0xaa,0xaa,0xa9,0xa9,0xaa,0xaa,0xaa,0xaa,0xaa,0xaa,0xaa,0xaa,0xaa,0xaa,
	0xaa,0xaa,0xaa,0xaa,0x51,0x51,0x51,0x51,0x51,0x51,0x51,0x51,0x51,0x51,0x51,0x51,0x51,0x51,0x51,0x50,
	0x51,0x51,0x50,0x4f,0x7e,0x80,0x7e,0x7e,0x7f,0x7e,0x7f,0x7f,0x7f,0x7f,0x7f,0x7f,0x7e,0x7e,0x7f,0x7f,
	0x7f,0x7f,0x7e,0x7e,0x7f,0x82,0x81,0x7f,0xd1,0xd2,0xd3,0xd2,0xd1,0xd1,0xd2,0xd2,0xd2,0xd2,0xd2,0xd2,
	0xd2,0xd2,0xd2,0xd2,0xd2,0xd2,0xd2,0xd2,0x2a,0x28,0x29,0x29,0x28,0x28,0x2a,0x2a,0x29,0x29,0x29,0x29,
	0x29,0x29,0x29,0x29,0x43,0x55,0x70,0x7e,0x53,0x7c,0x90,0x8e,0x8f,0x94,0x98,0x8f,0x96,0x82,0x81,0x7b,
	0x6a,0x6a,0x6a,0x69,0x69,0x6a,0x6b,0x6b,0x6a,0x6a,0x6b,0x6b,0xa8,0xa8,0xaa,0xaa,0xa9,0xa9,0xaa,0xaa,
	0xaa,0xaa,0xaa,0xaa,0xaa,0xaa,0xaa,0xaa,0xaa,0xaa,0xaa,0xaa,0x51,0x51,0x51,0x51,0x51,0x51,0x51,0x51,
	0x51,0x51,0x51,0x51,0x51,0x51,0x51,0x51,0x51,0x51,0x50,0x4f,0x7e,0x80,0x7e,0x7e,0x7e,0x7e,0x7f,0x7f,
	0x7f,0x7f,0x7f,0x7f,0x7e,0x7e,0x7f,0x7f,0x7f,0x7f,0x7e,0x7e,0x7f,0x82,0x81,0x7f,0xd1,0xd2,0xd3,0xd2,
	0xd1,0xd1,0xd2,0xd2,0xd2,0xd2,0xd2,0xd2,0xd2,0xd2,0xd2,0xd2,0xd2,0xd2,0xd2,0xd2,0x2a,0x28,0x29,0x29,
	0x28,0x28,0x2a,0x2a,0x29,0x29,0x29,0x29,0x29,0x29,0x29,0x28,0x28,0x28,0x27,0x29,0x29,0x2b,0x68,0x6a,
	0x6a,0x6a,0x6a,0x6a,0x6a,0x6a,0x6a,0x6a,0x79,0x7d,0x82,0x83,0x84,0x78,0x97,0x70,0x8f,0x74,0x90,0x81,
	0xaf,0xa0,0xa7,0xa4,0xaa,0xaa,0xaa,0xaa,0xaa,0xaa,0xaa,0xaa,0xaa,0xaa,0xaa,0xaa,0xaa,0xaa,0xaa,0xaa,
	0x51,0x51,0x51,0x51,0x51,0x51,0x51,0x51,0x51,0x51,0x51,0x51,0x51,0x51,0x51,0x51,0x51,0x51,0x50,0x50,
	0x7e,0x80,0x7f,0x7e,0x7e,0x7e,0x7f,0x7f,0x7f,0x7f,0x7f,0x7f,0x7e,0x7e,0x7f,0x7f,0x7f,0x7f,0x7e,0x7e,
	0x7f,0x82,0x81,0x7f,0xd1,0xd2,0xd3,0xd2,0xd1,0xd1,0xd2,0xd2,0xd2,0xd2,0xd2,0xd2,0xd2,0xd2,0xd2,0xd2,
	0xd2,0xd2,0xd2,0xd2,0x2a,0x28,0x29,0x29,0x28,0x28,0x2a,0x2a,0x29,0x29,0x29,0x29,0x29,0x29,0x29,0x28,
	0x28,0x28,0x27,0x29,0x29,0x2b,0x68,0x6a,0x6a,0x6a,0x6a,0x6a,0x6a,0x6a,0x6a,0x6a,0x8e,0x81,0x80,0x92,
	0x8c,0x71,0x89,0x86,0x95,0x73,0x86,0x87,0x9b,0xa7,0xa5,0xa1,0xaa,0xaa,0xaa,0xaa,0xaa,0xaa,0xaa,0xaa,
	0xaa,0xaa,0xaa,0xaa,0xaa,0xaa,0xaa,0xaa,0x51,0x51,0x51,0x51,0x51,0x51,0x51,0x51,0x51,0x51,0x51,0x51,
	0x51,0x51,0x51,0x51,0x51,0x50,0x50,0x50,0x7d,0x80,0x7f,0x7e,0x7e,0x7e,0x7f,0x7f,0x7f,0x7f,0x7f,0x7f,
	0x7e,0x7e,0x7f,0x7f,0x7f,0x7f,0x7e,0x7e,0x7f,0x82,0x81,0x7f,0xd1,0xd2,0xd3,0xd2,0xd1,0xd1,0xd2,0xd2,
	0xd2,0xd2,0xd2,0xd2,0xd2,0xd2,0xd2,0xd2,0xd2,0xd2,0xd2,0xd2,0x2a,0x28,0x29,0x29,0x28,0x28,0x2a,0x2a,
	0x29,0x29,0x29,0x29,0x29,0x29,0x29,0x28,0x28,0x28,0x27,0x29,0x29,0x2b,0x68,0x6a,0x6a,0x6a,0x6a,0x6a,
	0x6a,0x6a,0x6a,0x6a,0x8e,0x80,0x86,0x78,0x8c,0x94,0x90,0x84,0x7f,0x8f,0x6f,0x72,0xa7,0x9e,0xad,0xa7,
	0xaa,0xaa,0xaa,0xaa,0xaa,0xaa,0xaa,0xaa,0xaa,0xaa,0xaa,0xaa,0xaa,0xaa,0xaa,0xaa,0x51,0x51,0x51,0x51,
	0x51,0x51,0x51,0x51,0x51,0x51,0x51,0x51,0x51,0x51,0x51,0x51,0x51,0x50,0x50,0x50,0x7d,0x80,0x7f,0x7e,
	0x7e,0x7e,0x7f,0x7f,0x7f,0x7f,0x7f,0x7f,0x7e,0x7e,0x7f,0x7f,0x7f,0x7f,0x7e,0x7e,0x7f,0x82,0x81,0x7f,
	0xd1,0xd2,0xd3,0xd2,0xd1,0xd1,0xd2,0xd2,0xd2,0xd2,0xd2,0xd2,0xd2,0xd2,0xd2,0xd2,0xd2,0xd2,0xd2,0xd2,
	0x2a,0x28,0x29,0x29,0x28,0x28,0x2a,0x2a,0x29,0x29,0x29,0x29,0x29,0x29,0x29,0x28,0x28,0x28,0x27,0x29,
	0x29,0x2b,0x68,0x6a,0x6a,0x6a,0x6a,0x6a,0x6a,0x6a,0x6a,0x6a,0x8c,0x6f,0x8f,0x81,0x9a,0x97,0x8d,0x82,
	0x95,0x95,0x7c,0x7b,0xa4,0xa3,0xa4,0xa0,0xaa,0xaa,0xaa,0xaa,0xaa,0xaa,0xaa,0xaa,0xaa,0xaa,0xaa,0xaa,
	0xaa,0xaa,0xaa,0xaa,0x51,0x51,0x51,0x51,0x51,0x51,0x51,0x51,0x51,0x51,0x51,0x51,0x51,0x51,0x51,0x51,
	0x51,0x50,0x50,0x50,0x7d,0x80,0x7f,0x7e,0x7e,0x7e,0x7f,0x7f,0x7f,0x7f,0x7f,0x7f,0x7e,0x7e,0x7f,0x7f,
	0x7f,0x7f,0x7e,0x7e,0x7f,0x82,0x81,0x7f,0xd1,0xd2,0xd3,0xd2,0xd1,0xd1,0xd2,0xd2,0xd2,0xd2,0xd2,0xd2,
	0xd2,0xd2,0xd2,0xd2,0xd2,0xd2,0xd2,0xd2,0x2a,0x28,0x29,0x29,0x28,0x28,0x2a,0x2a,0x29,0x29,0x29,0x29,
	0x29,0x29,0x29,0x28,0x28,0x28,0x27,0x29,0x29,0x2b,0x68,0x6a,0x6a,0x6a,0x6a,0x6a,0x6a,0x6a,0x6a,0x6a,
	0x7d,0x81,0x89,0x6f,0x91,0x98,0x95,0x7c,0x9b,0x7a,0x7f,0x7c,0xa3,0xa9,0xa8,0xa2,0xaa,0xaa,0xaa,0xaa,
	0xaa,0xaa,0xaa,0xaa,0xaa,0xaa,0xaa,0xaa,0xaa,0xaa,0xaa,0xaa,0x51,0x51,0x51,0x51,0x51,0x51,0x51,0x51,
	0x51,0x51,0x51,0x51,0x51,0x51,0x51,0x51,0x51,0x50,0x50,0x50,0x7d,0x80,0x7f,0x7e,0x7e,0x7e,0x7f,0x7f,
	0x7f,0x7f,0x7f,0x7f,0x7e,0x7e,0x7f,0x7f,0x7f,0x7f,0x7e,0x7e,0x7f,0x82,0x81,0x7f,0xd1,0xd2,0xd3,0xd2,
	0xd1,0xd1,0xd2,0xd2,0xd2,0xd2,0xd2,0xd2,0xd2,0xd2,0xd2,0xd2,0xd2,0xd2,0xd2,0xd2,0x2a,0x28,0x29,0x29,
	0x28,0x28,0x2a,0x2a,0x29,0x29,0x29,0x29,0x29,0x29,0x29,0x28,0x28,0x28,0x27,0x29,0x29,0x2b,0x68,0x6a,
	0x6a,0x6a,0x6a,0x6a,0x6a,0x6a,0x6a,0x6a,0x95,0x8f,0x86,0x81,0x8b,0x83,0x7d,0x83,0x80,0x89,0x75,0x8a,
	0xa7,0xa7,0xa2,0x99,0xaa,0xaa,0xaa,0xaa,0xaa,0xaa,0xaa,0xaa,0xaa,0xaa,0xaa,0xaa,0xaa,0xaa,0xaa,0xaa,
	0x51,0x51,0x51,0x51,0x51,0x51,0x51,0x51,0x51,0x51,0x51,0x51,0x51,0x51,0x51,0x51,0x51,0x50,0x50,0x51,
	0x7d,0x80,0x7f,0x7f,0x7e,0x7f,0x80,0x80,0x80,0x80,0x80,0x80,0x7f,0x7f,0x80,0x80,0x80,0x80,0x7f,0x7f,
	0x80,0x83,0x82,0x80,0xd1,0xd2,0xd2,0xd2,0xd1,0xd1,0xd2,0xd2,0xd2,0xd2,0xd2,0xd2,0xd2,0xd2,0xd2,0xd2,
	0xd2,0xd2,0xd2,0xd2,0x2a,0x28,0x29,0x29,0x28,0x28,0x2a,0x2a,0x29,0x29,0x29,0x29,0x29,0x29,0x29,0x28,
	0x28,0x28,0x28,0x29,0x29,0x2b,0x68,0x6a,0x6a,0x6a,0x6a,0x6a,0x6a,0x6a,0x6a,0x6a,0x7f,0x73,0x80,0x8d,
	0x8d,0x9c,0x98,0x8b,0x85,0x75,0x72,0x93,0xa1,0xa5,0xa9,0xa0,0xaa,0xaa,0xaa,0xaa,0xaa,0xaa,0xaa,0xaa,
	0xaa,0xaa,0xaa,0xaa,0xaa,0xaa,0xaa,0xaa,0x51,0x51,0x51,0x51,0x51,0x51,0x51,0x51,0x51,0x51,0x51,0x51,
	0x51,0x51,0x51,0x51,0x51,0x50,0x50,0x51,0x7b,0x7e,0x81,0x80,0x7f,0x7f,0x80,0x80,0x80,0x80,0x80,0x80,
	0x7f,0x7f,0x80,0x80,0x80,0x80,0x7f,0x7f,0x81,0x84,0x83,0x81,0xd0,0xd2,0xd2,0xd2,0xd1,0xd1,0xd2,0xd2,
	0xd2,0xd2,0xd2,0xd2,0xd2,0xd2,0xd2,0xd2,0xd2,0xd2,0xd2,0xd2,0x2a,0x28,0x29,0x29,0x28,0x28,0x2a,0x2a,
	0x29,0x29,0x29,0x29,0x29,0x29,0x29,0x28,0x28,0x28,0x28,0x29,0x29,0x2b,0x68,0x6a,0x6a,0x6a,0x6a,0x6a,
	0x6a,0x6a,0x6a,0x6a,0x82,0x95,0x93,0x84,0x80,0x84,0x87,0x7b,0x88,0x92,0x6d,0x91,0x9e,0xa6,0xa0,0xa6,
	0xaa,0xaa,0xaa,0xaa,0xaa,0xaa,0xaa,0xaa,0xaa,0xaa,0xaa,0xaa,0xaa,0xaa,0xaa,0xaa,0x51,0x51,0x51,0x51,
	0x51,0x51,0x51,0x51,0x51,0x51,0x51,0x51,0x51,0x51,0x51,0x51,0x51,0x51,0x51,0x51,0x53,0x52,0x8f,0x91,
	0x90,0x90,0x90,0x90,0x8e,0x8e,0x8e,0x8e,0x8e,0x8e,0x8e,0x8e,0x90,0x90,0x90,0x90,0x8f,0x90,0x8f,0x91,
	0xd0,0xd1,0xd1,0xd1,0xd2,0xd2,0xd2,0xd2,0xd2,0xd2,0xd2,0xd2,0xd2,0xd2,0xd2,0xd2,0xd2,0xd2,0xd2,0xd2,
	0x2a,0x28,0x29,0x29,0x28,0x28,0x2a,0x2a,0x29,0x29,0x29,0x29,0x29,0x29,0x29,0x29,0x29,0x29,0x28,0x29,
	0x29,0x2b,0x68,0x6a,0x6a,0x6a,0x6a,0x6a,0x6a,0x6a,0x6a,0x6a,0x7f,0x88,0x72,0x9c,0x89,0x8b,0x80,0x85,
	0x87,0x78,0x9b,0x96,0x9f,0x9f,0x9e,0xa6,0xaa,0xaa,0xaa,0xaa,0xaa,0xaa,0xaa,0xaa,0xaa,0xaa,0xaa,0xaa,
	0xaa,0xaa,0xaa,0xaa,0x51,0x51,0x51,0x51,0x51,0x51,0x51,0x51,0x51,0x51,0x51,0x51,0x51,0x51,0x51,0x51,
	0x51,0x51,0x51,0x52,0x52,0x51,0x90,0x92,0x91,0x91,0x91,0x91,0x90,0x90,0x90,0x90,0x90,0x90,0x90,0x90,
	0x91,0x91,0x91,0x91,0x90,0x91,0x90,0x92,0xd0,0xd1,0xd1,0xd1,0xd2,0xd2,0xd2,0xd2,0xd2,0xd2,0xd2,0xd2,
	0xd2,0xd2,0xd2,0xd2,0xd2,0xd2,0xd2,0xd2,0x2a,0x28,0x29,0x29,0x28,0x28,0x2a,0x2a,0x29,0x29,0x29,0x29,
	0x29,0x29,0x29,0x29,0x29,0x29,0x29,0x29,0x29,0x2b,0x68,0x6a,0x6a,0x6a,0x6a,0x6a,0x6a,0x6a,0x6a,0x6a,
	0x76,0x96,0x75,0x8d,0x8a,0x71,0x6c,0x71,0x72,0x81,0x7f,0x8c,0xa3,0xa1,0xa9,0x9e,0xa9,0xaa,0xaa,0xaa,
	0xaa,0xaa,0xaa,0xaa,0xaa,0xaa,0xaa,0xaa,0xaa,0xaa,0xaa,0xaa,0x51,0x51,0x51,0x51,0x51,0x51,0x51,0x51,
	0x51,0x51,0x51,0x51,0x51,0x51,0x51,0x51,0x51,0x51,0x51,0x52,0x51,0x50,0x91,0x93,0x91,0x91,0x91,0x91,
	0x91,0x91,0x91,0x91,0x91,0x91,0x91,0x91,0x91,0x91,0x91,0x91,0x91,0x92,0x91,0x93,0xcf,0xd1,0xd0,0xd1,
	0xd2,0xd2,0xd2,0xd2,0xd2,0xd2,0xd2,0xd2,0xd2,0xd2,0xd2,0xd2,0xd2,0xd2,0xd2,0xd2,0x2a,0x28,0x29,0x29,
	0x28,0x28,0x2a,0x2a,0x29,0x29,0x29,0x29,0x29,0x29,0x29,0x29,0x29,0x29,0x29,0x29,0x29,0x2b,0x68,0x6a,
	0x6a,0x6a,0x6a,0x6a,0x6a,0x6a,0x6a,0x6a,0x74,0x86,0x7b,0x7c,0x86,0x92,0x96,0x8a,0x71,0x9a,0x96,0x98,
	0xa5,0x9d,0x9b,0xa0,0xa9,0xaa,0xaa,0xaa,0xaa,0xaa,0xaa,0xaa,0xaa,0xaa,0xaa,0xaa,0xaa,0xaa,0xaa,0xaa,
	0x51,0x51,0x51,0x51,0x51,0x51,0x51,0x51,0x51,0x51,0x51,0x51,0x51,0x51,0x51,0x51,0x51,0x51,0x51,0x52,
	0x51,0x50,0x91,0x93,0x91,0x91,0x91,0x91,0x91,0x91,0x91,0x91,0x91,0x91,0x91,0x91,0x91,0x91,0x91,0x91,
	0x91,0x92,0x91,0x93,0xcf,0xd1,0xd0,0xd1,0xd2,0xd2,0xd2,0xd2,0xd2,0xd2,0xd2,0xd2,0xd2,0xd2,0xd2,0xd2,
	0xd2,0xd2,0xd2,0xd2,0x2a,0x28,0x29,0x29,0x28,0x28,0x2a,0x2a,0x29,0x29,0x29,0x29,0x29,0x29,0x29,0x29,
	0x29,0x29,0x29,0x29,0x29,0x2b,0x68,0x6a,0x6a,0x6a,0x6a,0x6a,0x6a,0x6a,0x6a,0x6a,0x7c,0x7e,0x86,0x91,
	0x73,0x92,0x91,0x79,0x83,0x94,0x73,0x9b,0xab,0x9c,0xa2,0xa6,0xa9,0xaa,0xaa,0xaa,0xaa,0xaa,0xaa,0xaa,
	0xaa,0xaa,0xaa,0xaa,0xaa,0xaa,0xaa,0xaa,0x51,0x51,0x51,0x51,0x51,0x51,0x51,0x51,0x51,0x51,0x51,0x51,
	0x51,0x51,0x51,0x51,0x51,0x51,0x51,0x52,0x51,0x50,0x91,0x93,0x91,0x91,0x91,0x91,0x91,0x91,0x91,0x91,
	0x91,0x91,0x91,0x91,0x91,0x91,0x91,0x91,0x91,0x92,0x91,0x93,0xcf,0xd1,0xd0,0xd1,0xd2,0xd2,0xd2,0xd2,
	0xd2,0xd2,0xd2,0xd2,0xd2,0xd2,0xd2,0xd2,0xd2,0xd2,0xd2,0xd2,0x2a,0x28,0x29,0x29,0x28,0x28,0x2a,0x2a,
	0x29,0x29,0x29,0x29,0x29,0x29,0x29,0x29,0x29,0x29,0x29,0x29,0x29,0x2b,0x68,0x6a,0x6a,0x6a,0x6a,0x6a,
	0x6a,0x6a,0x6a,0x6a,0x9a,0x82,0x84,0x8a,0x91,0x8e,0x8f,0x80,0x86,0x9a,0x8e,0x98,0x9d,0x9d,0xa6,0x9a,
	0xaa,0xaa,0xaa,0xaa,0xaa,0xaa,0xaa,0xaa,0xaa,0xaa,0xaa,0xaa,0xaa,0xaa,0xaa,0xaa,0x51,0x51,0x51,0x51,
	0x51,0x51,0x51,0x51,0x51,0x51,0x51,0x51,0x51,0x51,0x51,0x51,0x51,0x51,0x51,0x52,0x51,0x50,0x91,0x93,
	0x91,0x91,0x91,0x91,0x91,0x91,0x91,0x91,0x91,0x91,0x91,0x91,0x91,0x91,0x91,0x91,0x91,0x92,0x91,0x93,
	0xcf,0xd1,0xd0,0xd1,0xd2,0xd2,0xd2,0xd2,0xd2,0xd2,0xd2,0xd2,0xd2,0xd2,0xd2,0xd2,0xd2,0xd2,0xd2,0xd2,
	0x2a,0x28,0x29,0x29,0x28,0x28,0x2a,0x2a,0x29,0x29,0x29,0x29,0x29,0x29,0x29,0x29,0x29,0x29,0x29,0x29,
	0x29,0x2b,0x68,0x6a,0x6a,0x6a,0x6a,0x6a,0x6a,0x6a,0x6a,0x6a,0x74,0x78,0x67,0x8e,0x7e,0x85,0x75,0x6c,
	0x90,0x75,0x99,0x9d,0xa3,0xa7,0xa3,0xa1,0xaa,0xaa,0xaa,0xaa,0xaa,0xaa,0xaa,0xaa,0xaa,0xaa,0xaa,0xaa,
	0xaa,0xaa,0xaa,0xaa,0x51,0x51,0x51,0x51,0x51,0x51,0x51,0x51,0x51,0x51,0x51,0x51,0x51,0x51,0x51,0x51,
	0x51,0x51,0x51,0x52,0x51,0x50,0x91,0x93,0x91,0x91,0x91,0x91,0x91,0x91,0x91,0x91,0x91,0x91,0x91,0x91,
	0x91,0x91,0x91,0x91,0x91,0x92,0x91,0x93,0xcf,0xd1,0xd0,0xd1,0xd2,0xd2,0xd2,0xd2,0xd2,0xd2,0xd2,0xd2,
	0xd2,0xd2,0xd2,0xd2,0xd2,0xd2,0xd2,0xd2,0x2a,0x28,0x29,0x29,0x28,0x28,0x2a,0x2a,0x29,0x29,0x29,0x29,
	0x29,0x29,0x29,0x29,0x29,0x29,0x29,0x29,0x29,0x2b,0x68,0x6a,0x6a,0x6a,0x6a,0x6a,0x6a,0x6a,0x6a,0x6a,
	0x8a,0x85,0x92,0x71,0x98,0x90,0x94,0x8b,0x84,0x93,0x6e,0x8e,0xa7,0x9f,0xa8,0xa1,0xaa,0xaa,0xaa,0xaa,
	0xaa,0xaa,0xaa,0xaa,0xaa,0xaa,0xaa,0xaa,0xaa,0xaa,0xaa,0xaa,0x51,0x51,0x51,0x51,0x51,0x51,0x51,0x51,
	0x51,0x51,0x51,0x51,0x51,0x51,0x51,0x51,0x51,0x51,0x51,0x52,0x51,0x50,0x91,0x93,0x91,0x91,0x91,0x91,
	0x91,0x91,0x91,0x91,0x91,0x91,0x91,0x91,0x91,0x91,0x91,0x91,0x91,0x92,0x91,0x93,0xcf,0xd1,0xd0,0xd1,
	0xd2,0xd2,0xd2,0xd2,0xd2,0xd2,0xd2,0xd2,0xd2,0xd2,0xd2,0xd2,0xd2,0xd2,0xd2,0xd2,0x2a,0x28,0x29,0x29,
	0x28,0x28,0x2a,0x2a,0x29,0x29,0x29,0x29,0x29,0x29,0x29,0x29,0x29,0x29,0x29,0x29,0x29,0x2b,0x68,0x6a,
	0x6a,0x6a,0x6a,0x6a,0x6a,0x6a,0x6a,0x6a,0x93,0x8d,0x76,0x84,0x81,0x82,0x79,0x82,0x99,0x92,0x8c,0x9e,
	0xa9,0xa4,0xa6,0xa6,0xaa,0xaa,0xaa,0xaa,0xaa,0xaa,0xaa,0xaa,0xaa,0xaa,0xaa,0xaa,0xaa,0xaa,0xaa,0xaa,
	0x51,0x51,0x51,0x51,0x51,0x51,0x51,0x51,0x51,0x51,0x51,0x51,0x51,0x51,0x51,0x51,0x51,0x51,0x51,0x52,
	0x51,0x50,0x91,0x93,0x91,0x91,0x91,0x91,0x91,0x91,0x91,0x91,0x91,0x91,0x91,0x91,0x91,0x91,0x91,0x91,
	0x91,0x92,0x91,0x93,0xcf,0xd1,0xd0,0xd1,0xd2,0xd2,0xd2,0xd2,0xd2,0xd2,0xd2,0xd2,0xd2,0xd2,0xd2,0xd2,
	0xd2,0xd2,0xd2,0xd2,0x2a,0x28,0x29,0x29,0x28,0x28,0x2a,0x2a,0x29,0x29,0x29,0x29,0x29,0x29,0x29,0x29,
	0x29,0x29,0x29,0x29,0x29,0x2b,0x68,0x6a,0x6a,0x6a,0x6a,0x6a,0x6a,0x6a,0x6a,0x6a,0x6a,0x6a,0x6a,0x6a,
	0x6a,0x6a,0x6a,0x6a,0x6a,0x6a,0x6a,0x6a,0xa9,0xa8,0xa5,0xa9,0xa9,0xaa,0xaa,0xaa,0xaa,0xaa,0xaa,0xaa,
	0xaa,0xaa,0xaa,0xaa,0xaa,0xaa,0xaa,0xaa,0x51,0x51,0x51,0x51,0x51,0x51,0x51,0x51,0x51,0x51,0x51,0x51,
	0x51,0x51,0x51,0x51,0x51,0x51,0x51,0x52,0x51,0x50,0x91,0x93,0x91,0x91,0x91,0x91,0x91,0x91,0x91,0x91,
	0x91,0x91,0x91,0x91,0x91,0x91,0x91,0x91,0x91,0x92,0x91,0x93,0xcf,0xd1,0xd0,0xd1,0xd2,0xd2,0xd2,0xd2,
	0xd2,0xd2,0xd2,0xd2,0xd2,0xd2,0xd2,0xd2,0xd2,0xd2,0xd2,0xd2,0x2a,0x28,0x29,0x29,0x28,0x28,0x2a,0x2a,
	0x29,0x29,0x29,0x29,0x29,0x29,0x29,0x29,0x29,0x29,0x29,0x29,0x29,0x2b,0x68,0x6a,0x6a,0x6a,0x6a,0x6a,
	0x6a,0x6a,0x6a,0x6a,0x6a,0x6a,0x6a,0x6a,0x6a,0x6a,0x6a,0x6a,0x6a,0x6a,0x6a,0x6a,0xa9,0xaa,0xa8,0xa9,
	0xa9,0xaa,0xaa,0xaa,0xaa,0xaa,0xaa,0xaa,0xaa,0xaa,0xaa,0xaa,0xaa,0xaa,0xaa,0xaa,0x51,0x51,0x51,0x51,
	0x51,0x51,0x51,0x51,0x51,0x51,0x51,0x51,0x51,0x51,0x51,0x51,0x51,0x51,0x51,0x52,0x51,0x50,0x91,0x93,
	0x91,0x91,0x91,0x91,0x91,0x91,0x91,0x91,0x91,0x91,0x91,0x91,0x91,0x91,0x91,0x91,0x91,0x92,0x91,0x93,
	0xcf,0xd1,0xd0,0xd1,0xd2,0xd2,0xd2,0xd2,0xd2,0xd2,0xd2,0xd2,0xd2,0xd2,0xd2,0xd2,0xd2,0xd2,0xd2,0xd2,
	0x2a,0x28,0x29,0x29,0x28,0x28,0x2a,0x2a,0x29,0x29,0x29,0x29,0x29,0x29,0x29,0x29,0x29,0x29,0x29,0x29,
	0x29,0x2b,0x68,0x6a,0x6a,0x6a,0x6a,0x6a,0x6a,0x6a,0x6a,0x6a,0x6a,0x6a,0x6a,0x6a,0x6a,0x6a,0x6a,0x6a,
	0x6a,0x6a,0x6a,0x6a,0xa9,0xaa,0xa8,0xa9,0xaa,0xaa,0xaa,0xaa,0xaa,0xaa,0xaa,0xaa,0xaa,0xaa,0xaa,0xaa,
	0xaa,0xaa,0xaa,0xaa,0x51,0x51,0x51,0x51,0x51,0x51,0x51,0x51,0x51,0x51,0x51,0x51,0x51,0x51,0x51,0x51,
	0x51,0x51,0x51,0x52,0x51,0x50,0x91,0x93,0x91,0x91,0x91,0x91,0x91,0x91,0x91,0x91,0x91,0x91,0x91,0x91,
	0x91,0x91,0x91,0x91,0x91,0x92,0x91,0x93,0xcf,0xd1,0xd0,0xd1,0xd2,0xd2,0xd2,0xd2,0xd2,0xd2,0xd2,0xd2,
	0xd2,0xd2,0xd2,0xd2,0xd2,0xd2,0xd2,0xd2,0x2a,0x28,0x29,0x29,0x28,0x28,0x2a,0x2a,0x29,0x29,0x29,0x29,
	0x29,0x29,0x29,0x29,0x29,0x29,0x29,0x29,0x29,0x2b,0x68,0x6a,0x6a,0x6a,0x6a,0x6a,0x6a,0x6a,0x6a,0x6a,
	0x6a,0x6a,0x6a,0x6a,0x6a,0x6a,0x6a,0x6a,0x6a,0x6a,0x6a,0x6a,0xaa,0xaa,0xa8,0xa9,0xaa,0xaa,0xaa,0xaa,
	0xaa,0xaa,0xaa,0xaa,0xaa,0xaa,0xaa,0xaa,0xaa,0xaa,0xaa,0xaa,0x51,0x51,0x51,0x51,0x51,0x51,0x51,0x51,
	0x51,0x51,0x51,0x51,0x51,0x51,0x51,0x51,0x51,0x51,0x51,0x52,0x51,0x50,0x91,0x93,0x91,0x91,0x91,0x91,
	0x91,0x91,0x91,0x91,0x91,0x91,0x91,0x91,0x91,0x91,0x91,0x91,0x91,0x92,0x91,0x93,0xcf,0xd1,0xd0,0xd1,
	0xd2,0xd2,0xd2,0xd2,0xd2,0xd2,0xd2,0xd2,0xd2,0xd2,0xd2,0xd2,0xd2,0xd2,0xd2,0xd2,0x2a,0x28,0x29,0x29,
	0x28,0x28,0x2a,0x2a,0x29,0x29,0x29,0x29,0x29,0x29,0x29,0x29,0x29,0x29,0x29,0x29,0x29,0x2b,0x68,0x6a,
	0x6a,0x6a,0x6a,0x6a,0x6a,0x6a,0x6a,0x6a,0x6a,0x6a,0x6a,0x6a,0x6a,0x6a,0x6a,0x6a,0x6a,0x6a,0x6a,0x6a,
	0xaa,0xaa,0xa8,0xa9,0xaa,0xaa,0xaa,0xaa,0xaa,0xaa,0xaa,0xaa,0xaa,0xaa,0xaa,0xaa,0xaa,0xaa,0xaa,0xaa,
	0x51,0x51,0x51,0x51,0x51,0x51,0x51,0x51,0x51,0x51,0x51,0x51,0x51,0x51,0x51,0x51,0x51,0x51,0x51,0x52,
	0x51,0x50,0x91,0x93,0x91,0x91,0x91,0x91,0x91,0x91,0x91,0x91,0x91,0x91,0x91,0x91,0x91,0x91,0x91,0x91,
	0x91,0x92,0x91,0x93,0xcf,0xd1,0xd0,0xd1,0xd2,0xd2,0xd2,0xd2,0xd2,0xd2,0xd2,0xd2,0xd2,0xd2,0xd2,0xd2,
	0xd2,0xd2,0xd2,0xd2,0x2a,0x28,0x29,0x29,0x28,0x28,0x2a,0x2a,0x29,0x29,0x29,0x29,0x29,0x29,0x29,0x29,
	0x29,0x29,0x29,0x29,0x29,0x2b,0x68,0x6a,0x6a,0x6a,0x6a,0x6a,0x6a,0x6a,0x6a,0x6a,0x6a,0x6a,0x6a,0x6a,
	0x6a,0x6a,0x6a,0x6a,0x6a,0x6a,0x6a,0x6a,0xaa,0xaa,0xa8,0xa9,0xaa,0xaa,0xaa,0xaa,0xaa,0xaa,0xaa,0xaa,
	0xaa,0xaa,0xaa,0xaa,0xaa,0xaa,0xaa,0xaa,0x51,0x51,0x51,0x51,0x51,0x51,0x51,0x51,0x51,0x51,0x51,0x51,
	0x51,0x51,0x51,0x51,0x51,0x51,0x51,0x52,0x51,0x50,0x91,0x93,0x91,0x91,0x91,0x91,0x91,0x91,0x91,0x91,
	0x91,0x91,0x91,0x91,0x91,0x91,0x91,0x91,0x91,0x92,0x91,0x93,0xcf,0xd1,0xd0,0xd1,0xd2,0xd2,0xd2,0xd2,
	0xd2,0xd2,0xd2,0xd2,0xd2,0xd2,0xd2,0xd2,0xd2,0xd2,0xd2,0xd2,0x2a,0x28,0x29,0x29,0x28,0x28,0x2a,0x2a,
	0x29,0x29,0x29,0x29,0x29,0x29,0x29,0x29,0x29,0x29,0x29,0x29,0x29,0x2b,0x68,0x6a,0x6a,0x6a,0x6a,0x6a,
	0x6a,0x6a,0x6a,0x6a,0x6a,0x6a,0x6a,0x6a,0x6a,0x6a,0x6a,0x6a,0x6a,0x6a,0x6a,0x6a,0xaa,0xaa,0xa8,0xa9,
	0xaa,0xaa,0xaa,0xaa,0xaa,0xaa,0xaa,0xaa,0xaa,0xaa,0xaa,0xaa,0xaa,0xaa,0xaa,0xaa,0x51,0x51,0x51,0x51,
	0x51,0x51,0x51,0x51,0x51,0x51,0x51,0x51,0x51,0x51,0x51,0x51,0x51,0x51,0x51,0x52,0x51,0x50,0x91,0x93,
	0x91,0x91,0x91,0x91,0x91,0x91,0x91,0x91,0x91,0x91,0x91,0x91,0x91,0x91,0x91,0x91,0x91,0x92,0x91,0x93,
	0xcf,0xd1,0xd0,0xd1,0xd2,0xd2,0xd2,0xd2,0xd2,0xd2,0xd2,0xd2,0xd2,0xd2,0xd2,0xd2,0xd2,0xd2,0xd2,0xd2,
	0x2a,0x28,0x29,0x29,0x28,0x28,0x2a,0x2a,0x29,0x29,0x29,0x29,0x29,0x29,0x29,0x29,0x29,0x29,0x29,0x29,
	0x29,0x2b,0x68,0x6a,0x6a,0x6a,0x6a,0x6a,0x6a,0x6a,0x6a,0x6a,0x6a,0x6a,0x6a,0x6a,0x6a,0x6a,0x6a,0x6a,
	0x6a,0x6a,0x6a,0x6a,0xaa,0xaa,0xa8,0xa9,0xaa,0xaa,0xaa,0xaa,0xaa,0xaa,0xaa,0xaa,0xaa,0xaa,0xaa,0xaa,
	0xaa,0xaa,0xaa,0xaa,0x51,0x51,0x51,0x51,0x51,0x51,0x51,0x51,0x51,0x51,0x51,0x51,0x51,0x51,0x51,0x51,
	0x51,0x51,0x51,0x52,0x51,0x50,0x91,0x93,0x91,0x91,0x91,0x91,0x91,0x91,0x91,0x91,0x91,0x91,0x91,0x91,
	0x91,0x91,0x91,0x91,0x91,0x92,0x91,0x93,0xcf,0xd1,0xd0,0xd1,0xd2,0xd2,0xd2,0xd2,0xd2,0xd2,0xd2,0xd2,
	0xd2,0xd2,0xd2,0xd2,0xd2,0xd2,0xd2,0xd2,0x2a,0x28,0x29,0x29,0x28,0x28,0x2a,0x2a,0x29,0x29,0x29,0x29,
	0x29,0x29,0x29,0x29,0x29,0x29,0x29,0x29,0x29,0x2b,0x68,0x6a,0x6a,0x6a,0x6a,0x6a,0x6a,0x6a,0x6a,0x6a,
	0x6a,0x6a,0x6a,0x6a,0x6a,0x6a,0x6a,0x6a,0x6a,0x6a,0x6a,0x6a,0xaa,0xaa,0xa8,0xa9,0xaa,0xaa,0xaa,0xaa,
	0xaa,0xaa,0xaa,0xaa,0xaa,0xaa,0xaa,0xaa,0xaa,0xaa,0xaa,0xaa,0x51,0x51,0x51,0x51,0x51,0x51,0x51,0x51,
	0x51,0x51,0x51,0x51,0x51,0x51,0x51,0x51,0x51,0x51,0x51,0x52,0x51,0x50,0x91,0x93,0x91,0x91,0x91,0x91,
	0x91,0x91,0x91,0x91,0x91,0x91,0x91,0x91,0x91,0x91,0x91,0x91,0x91,0x92,0x91,0x93,0xcf,0xd1,0xd0,0xd1,
	0xd2,0xd2,0xd2,0xd2,0xd2,0xd2,0xd2,0xd2,0xd2,0xd2,0xd2,0xd2,0xd2,0xd2,0xd2,0xd2,0x2a,0x28,0x29,0x29,
	0x28,0x28,0x2a,0x2a,0x29,0x29,0x29,0x29,0x29,0x29,0x29,0x29,0x29,0x29,0x29,0x29,0x29,0x2b,0x68,0x6a,
	0x6a,0x6a,0x6a,0x6a,0x6a,0x6a,0x6a,0x6a,0x6a,0x6a,0x6a,0x6a,0x6a,0x6a,0x6a,0x6a,0x6a,0x6a,0x6a,0x6a,
	0xaa,0xaa,0xa8,0xa9,0xaa,0xaa,0xaa,0xaa,0xaa,0xaa,0xaa,0xaa,0xaa,0xaa,0xaa,0xaa,0xaa,0xaa,0xaa,0xaa,
	0x51,0x51,0x51,0x51,0x51,0x51,0x51,0x51,0x51,0x51,0x51,0x51,0x51,0x51,0x51,0x51,0x51,0x51,0x51,0x52,
	0x51,0x50,0x91,0x93,0x91,0x91,0x91,0x91,0x91,0x91,0x91,0x91,0x91,0x91,0x91,0x91,0x91,0x91,0x91,0x91,
	0x91,0x92,0x91,0x93,0xcf,0xd1,0xd0,0xd1,0xd2,0xd2,0xd2,0xd2,0xd2,0xd2,0xd2,0xd2,0xd2,0xd2,0xd2,0xd2,
	0xd2,0xd2,0xd2,0xd2,0x2a,0x28,0x29,0x29,0x28,0x28,0x2a,0x2a,0x29,0x29,0x29,0x29,0x29,0x29,0x29,0x29,
	0x29,0x29,0x29,0x29,0x29,0x2b,0x68,0x6a,0x6a,0x6a,0x6a,0x6a,0x6a,0x6a,0x6a,0x6a,0x6a,0x6a,0x6a,0x6a,
	0x6a,0x6a,0x6a,0x6a,0x6a,0x6a,0x6a,0x6a,0xaa,0xaa,0xa8,0xa9,0xaa,0xaa,0xaa,0xaa,0xaa,0xaa,0xaa,0xaa,
	0xaa,0xaa,0xaa,0xaa,0xaa,0xaa,0xaa,0xaa,0x51,0x51,0x51,0x51,0x51,0x51,0x51,0x51,0x51,0x51,0x51,0x51,
	0x51,0x51,0x51,0x51,0x51,0x51,0x51,0x52,0x51,0x50,0x91,0x93,0x91,0x91,0x91,0x91,0x91,0x91,0x91,0x91,
	0x91,0x91,0x91,0x91,0x91,0x91,0x91,0x91,0x91,0x92,0x91,0x93,0xcf,0xd1,0xd0,0xd1,0xd2,0xd2,0xd2,0xd2,
	0xd2,0xd2,0xd2,0xd2,0xd2,0xd2,0xd2,0xd2,0xd2,0xd2,0xd2,0xd2,0x2a,0x28,0x29,0x29,0x28,0x28,0x2a,0x2a,
	0x29,0x29,0x29,0x29,0x29,0x29,0x29,0x29,0x29,0x29,0x29,0x29,0x29,0x2b,0x68,0x6a,0x6a,0x6a,0x6a,0x6a,
	0x6a,0x6a,0x6a,0x6a,0x6a,0x6a,0x6a,0x6a,0x6a,0x6a,0x6a,0x6a,0x6a,0x6a,0x6a,0x6a,0xaa,0xaa,0xa8,0xa9,
	0xaa,0xaa,0xaa,0xaa,0xaa,0xaa,0xaa,0xaa,0xaa,0xaa,0xaa,0xaa,0xaa,0xaa,0xaa,0xaa,0x51,0x51,0x51,0x51,
	0x51,0x51,0x51,0x51,0x51,0x51,0x51,0x51,0x51,0x51,0x51,0x51,0x51,0x51,0x51,0x52,0x51,0x50,0x91,0x93,
	0x91,0x91,0x91,0x91,0x91,0x91,0x91,0x91,0x91,0x91,0x91,0x91,0x91,0x91,0x91,0x91,0x91,0x92,0x91,0x93,
	0xcf,0xd1,0xd0,0xd1,0xd2,0xd2,0xd2,0xd2,0xd2,0xd2,0xd2,0xd2,0xd2,0xd2,0xd2,0xd2,0xd2,0xd2,0xd2,0xd2,
	0x2a,0x28,0x29,0x29,0x28,0x28,0x2a,0x2a,0x29,0x29,0x29,0x29,0x29,0x29,0x29,0x29,0x29,0x29,0x29,0x29,
	0x29,0x2b,0x68,0x6a,0x6a,0x6a,0x6a,0x6a,0x6a,0x6a,0x6a,0x6a,0x6a,0x6a,0x6a,0x6a,0x6a,0x6a,0x6a,0x6a,
	0x6a,0x6a,0x6a,0x6a,0xaa,0xaa,0xa8,0xa9,0xaa,0xaa,0xaa,0xaa,0xaa,0xaa,0xaa,0xaa,0xaa,0xaa,0xaa,0xaa,
	0xaa,0xaa,0xaa,0xaa,0x51,0x51,0x51,0x51,0x51,0x51,0x51,0x51,0x51,0x51,0x51,0x51,0x51,0x51,0x51,0x51,
	0x51,0x51,0x51,0x52,0x51,0x50,0x91,0x93,0x91,0x91,0x91,0x91,0x91,0x91,0x91,0x91,0x91,0x91,0x91,0x91,
	0x91,0x91,0x91,0x91,0x91,0x92,0x91,0x93,0xcf,0xd1,0xd0,0xd1,0xd2,0xd2,0xd2,0xd2,0xd2,0xd2,0xd2,0xd2,
	0xd2,0xd2,0xd2,0xd2,0xd2,0xd2,0xd2,0xd2,0x2a,0x28,0x29,0x29,0x28,0x28,0x2a,0x2a,0x29,0x29,0x29,0x29,
	0x29,0x29,0x29,0x29,0x29,0x29,0x29,0x29,0x29,0x2b,0x68,0x6a,0x6a,0x6a,0x6a,0x6a,0x6a,0x6a,0x6a,0x6a,
	0x6a,0x6a,0x6a,0x6a,0x6a,0x6a,0x6a,0x6a,0x6a,0x6a,0x6a,0x6a,0xaa,0xaa,0xa8,0xa9,0xaa,0xaa,0xaa,0xaa,
	0xaa,0xaa,0xaa,0xaa,0xaa,0xaa,0xaa,0xaa,0xaa,0xaa,0xaa,0xaa,0x51,0x51,0x51,0x51,0x51,0x51,0x51,0x51,
	0x51,0x51,0x51,0x51,0x51,0x51,0x51,0x51,0x51,0x51,0x51,0x52,0x51,0x50,0x91,0x93,0x91,0x91,0x91,0x91,
	0x91,0x91,0x91,0x91,0x91,0x91,0x91,0x91,0x91,0x91,0x91,0x91,0x91,0x92,0x91,0x93,0xcf,0xd1,0xd0,0xd1,
	0xd2,0xd2,0xd2,0xd2,0xd2,0xd2,0xd2,0xd2,0xd2,0xd2,0xd2,0xd2,0xd2,0xd2,0xd2,0xd2,0x2a,0x28,0x29,0x29,
	0x28,0x28,0x2a,0x2a,0x29,0x29,0x29,0x29,0x29,0x29,0x29,0x29,0x29,0x29,0x29,0x29,0x29,0x2b,0x68,0x6a,
	0x6a,0x6a,0x6a,0x6a,0x6a,0x6a,0x6a,0x6a,0x6a,0x6a,0x6a,0x6a,0x6a,0x6a,0x6a,0x6a,0x6a,0x6a,0x6a,0x6a,
	0xaa,0xaa,0xa8,0xa9,0xaa,0xaa,0xaa,0xaa,0xaa,0xaa,0xaa,0xaa,0xaa,0xaa,0xaa,0xaa,0xaa,0xaa,0xaa,0xaa,
	0x51,0x51,0x51,0x51,0x51,0x51,0x51,0x51,0x51,0x51,0x51,0x51,0x51,0x51,0x51,0x51,0x51,0x51,0x51,0x52,
	0x51,0x50,0x91,0x93,0x91,0x91,0x91,0x91,0x91,0x91,0x91,0x91,0x91,0x91,0x91,0x91,0x91,0x91,0x91,0x91,
	0x91,0x92,0x91,0x93,0xcf,0xd1,0xd0,0xd1,0xd2,0xd2,0xd2,0xd2,0xd2,0xd2,0xd2,0xd2,0xd2,0xd2,0xd2,0xd2,
	0xd2,0xd2,0xd2,0xd2,0x2a,0x28,0x29,0x29,0x28,0x28,0x2a,0x2a,0x29,0x29,0x29,0x29,0x29,0x29,0x29,0x29,
	0x29,0x29,0x29,0x29,0x29,0x2b,0x68,0x6a,0x6a,0x6a,0x6a,0x6a,0x6a,0x6a,0x6a,0x6a,0x6a,0x6a,0x6a,0x6a,
	0x6a,0x6a,0x6a,0x6a,0x6a,0x6a,0x6a,0x6a,0xaa,0xaa,0xa8,0xa9,0xaa,0xaa,0xaa,0xaa,0xaa,0xaa,0xaa,0xaa,
	0xaa,0xaa,0xaa,0xaa,0xaa,0xaa,0xaa,0xaa,0x52,0x51,0x51,0x55,0x55,0x54,0x50,0x4d,0x54,0x53,0x4f,0x4c,
	0x4b,0x4c,0x51,0x53,0x51,0x51,0x51,0x51,0x4c,0x57,0x87,0x8a,0x8d,0x8f,0x91,0x92,0x92,0x92,0x92,0x92,
	0x92,0x92,0x92,0x92,0x92,0x92,0x92,0x92,0x92,0x92,0x92,0x92,0xcb,0xd9,0xce,0xcd,0xcd,0xcd,0xd0,0xd3,
	0xd3,0xd1,0xd1,0xd2,0xd2,0xd2,0xd3,0xd1,0xd1,0xd3,0xd3,0xd0,0x2d,0x24,0x28,0x25,0x25,0x25,0x26,0x27,
	0x23,0x2f,0x25,0x2a,0x22,0x27,0x2b,0x1c,0x27,0x27,0x2f,0x2e,0x22,0x2b,0x6c,0x68,0x6e,0x65,0x67,0x6d,
	0x6c,0x72,0x6c,0x67,0x67,0x6c,0x68,0x6e,0x6d,0x69,0x6c,0x6c,0x6b,0x6b,0x69,0x6a,0xaa,0xab,0xa9,0xa9,
	0xaa,0xaa,0xaa,0xaa,0xaa,0xaa,0xaa,0xaa,0xaa,0xaa,0xaa,0xaa,0xaa,0xaa,0xaa,0xaa,0x4e,0x56,0x4b,0x49,
	0x4c,0x4d,0x4c,0x4a,0x50,0x50,0x50,0x4e,0x4d,0x4e,0x4f,0x51,0x4f,0x4f,0x4f,0x4f,0x4e,0x5a,0x8b,0x85,
	0x88,0x8b,0x8d,0x8e,0x8e,0x8e,0x8e,0x8e,0x8e,0x8e,0x8e,0x8e,0x8e,0x8e,0x8e,0x8e,0x8e,0x8e,0x8e,0x8e,
	0xc9,0xd7,0xd2,0xd5,0xd5,0xd5,0xd4,0xd2,0xd2,0xd3,0xd3,0xd3,0xd3,0xd2,0xd2,0xd3,0xd3,0xd2,0xd2,0xd4,
	0x2e,0x2b,0x29,0x28,0x28,0x28,0x27,0x27,0x2d,0x2a,0x26,0x2f,0x2a,0x21,0x24,0x23,0x2d,0x29,0x26,0x32,
	0x23,0x20,0x64,0x68,0x68,0x66,0x65,0x6c,0x67,0x60,0x69,0x68,0x69,0x6b,0x69,0x6f,0x6b,0x66,0x6f,0x67,
	0x6b,0x6b,0x69,0x6a,0xaa,0xab,0xa9,0xa9,0xaa,0xaa,0xaa,0xaa,0xaa,0xaa,0xaa,0xaa,0xaa,0xaa,0xaa,0xaa,
	0xaa,0xaa,0xaa,0xaa,0x4e,0x4c,0x28,0x1e,0x23,0x26,0x26,0x23,0x21,0x20,0x27,0x23,0x22,0x24,0x1e,0x20,
	0x25,0x25,0x25,0x25,0x22,0x24,0x38,0x2f,0x31,0x33,0x34,0x34,0x34,0x34,0x34,0x34,0x34,0x34,0x34,0x34,
	0x34,0x34,0x34,0x34,0x34,0x34,0x34,0x34,0x44,0x42,0x3e,0x41,0x44,0x45,0x42,0x3f,0x40,0x42,0x41,0x41,
	0x41,0x40,0x40,0x42,0x42,0x3f,0x3f,0x43,0x12,0x12,0x0e,0x14,0x15,0x17,0x18,0x17,0x15,0x15,0x1a,0x17,
	0x17,0x17,0x1b,0x18,0x15,0x10,0x20,0x1c,0x10,0x15,0x21,0x26,0x1d,0x20,0x22,0x2d,0x2c,0x20,0x31,0x23,
	0x21,0x29,0x29,0x26,0x28,0x2c,0x65,0x61,0x6b,0x6b,0x69,0x6a,0xaa,0xab,0xa9,0xa9,0xaa,0xaa,0xaa,0xaa,
	0xaa,0xaa,0xaa,0xaa,0xaa,0xaa,0xaa,0xaa,0xaa,0xaa,0xaa,0xaa,0x52,0x4d,0x25,0x22,0x24,0x24,0x22,0x21,
	0x20,0x24,0x1a,0x1e,0x1d,0x19,0x24,0x20,0x1e,0x1e,0x1e,0x1e,0x1e,0x22,0x2b,0x30,0x30,0x30,0x31,0x31,
	0x31,0x31,0x31,0x31,0x31,0x31,0x31,0x31,0x31,0x31,0x31,0x31,0x31,0x31,0x31,0x31,0x38,0x3c,0x3f,0x41,
	0x42,0x43,0x44,0x44,0x44,0x44,0x44,0x44,0x44,0x44,0x44,0x44,0x44,0x44,0x44,0x44,0x14,0x15,0x1d,0x1a,
	0x1a,0x19,0x18,0x18,0x1d,0x0f,0x16,0x1f,0x1e,0x13,0x18,0x0e,0x0f,0x16,0x12,0x13,0x1a,0x16,0x20,0x22,
	0x2a,0x34,0x22,0x2a,0x2c,0x26,0x26,0x25,0x26,0x27,0x28,0x2b,0x26,0x1f,0x6b,0x6a,0x6b,0x6b,0x69,0x6a,
	0xaa,0xab,0xa9,0xa9,0xaa,0xaa,0xaa,0xaa,0xaa,0xaa,0xaa,0xaa,0xaa,0xaa,0xaa,0xaa,0xaa,0xaa,0xaa,0xaa,
	0x52,0x4d,0x23,0x20,0x20,0x21,0x1e,0x25,0x1f,0x22,0x1b,0x16,0x21,0x1d,0x15,0x1a,0x1d,0x23,0x21,0x24,
	0x21,0x22,0x2b,0x2f,0x31,0x31,0x31,0x31,0x31,0x31,0x2f,0x2c,0x2e,0x37,0x34,0x32,0x32,0x31,0x2f,0x2c,
	0x30,0x2e,0x34,0x2e,0x3c,0x3f,0x42,0x43,0x44,0x42,0x43,0x47,0x43,0x3c,0x3d,0x43,0x44,0x48,0x48,0x41,
	0x41,0x3f,0x40,0x41,0x19,0x18,0x18,0x14,0x17,0x17,0x18,0x19,0x1a,0x10,0x14,0x19,0x1a,0x13,0x18,0x0b,
	0x17,0x1e,0x18,0x0d,0x14,0x18,0x27,0x27,0x1e,0x22,0x22,0x26,0x2b,0x29,0x25,0x26,0x25,0x2c,0x2f,0x21,
	0x27,0x28,0x6a,0x69,0x6b,0x6b,0x69,0x6a,0xaa,0xab,0xa9,0xa9,0xaa,0xaa,0xaa,0xaa,0xaa,0xaa,0xaa,0xaa,
	0xaa,0xaa,0xaa,0xaa,0xaa,0xaa,0xaa,0xaa,0x52,0x4c,0x22,0x1e,0x19,0x21,0x1b,0x21,0x22,0x2a,0x26,0x1d,
	0x23,0x23,0x15,0x1c,0x16,0x20,0x1c,0x21,0x1f,0x22,0x2b,0x2f,0x31,0x31,0x31,0x31,0x2f,0x31,0x33,0x31,
	0x31,0x35,0x2a,0x2f,0x2f,0x31,0x33,0x31,0x30,0x30,0x34,0x31,0x3f,0x42,0x42,0x43,0x42,0x42,0x42,0x43,
	0x46,0x3f,0x3a,0x3b,0x41,0x42,0x3f,0x3e,0x45,0x40,0x3b,0x3b,0x11,0x1a,0x19,0x13,0x15,0x16,0x15,0x15,
	0x14,0x13,0x15,0x13,0x1e,0x1d,0x0b,0x1e,0x14,0x0f,0x1d,0x16,0x1b,0x10,0x29,0x23,0x25,0x1e,0x19,0x24,
	0x1e,0x29,0x21,0x24,0x25,0x27,0x28,0x23,0x2d,0x23,0x60,0x6a,0x6b,0x6b,0x69,0x6a,0xaa,0xab,0xa9,0xa9,
	0xaa,0xaa,0xaa,0xaa,0xaa,0xaa,0xaa,0xaa,0xaa,0xaa,0xaa,0xaa,0xaa,0xaa,0xaa,0xaa,0x54,0x4e,0x21,0x1e,
	0x19,0x19,0x93,0x96,0x8e,0x8f,0x1f,0x23,0x29,0x2c,0x92,0x9a,0x92,0x8a,0x21,0x1f,0x1e,0x22,0x2b,0x2f,
	0x31,0x31,0x31,0x31,0x2f,0x33,0x87,0x95,0x8e,0x8b,0x30,0x33,0x30,0x34,0x88,0x95,0x91,0x8e,0x2e,0x32,
	0x42,0x42,0x42,0x41,0x40,0x43,0x43,0x40,0x36,0x46,0x97,0x8d,0x90,0x8b,0x40,0x42,0x38,0x43,0x94,0x8f,
	0x97,0x94,0x1a,0x10,0x15,0x16,0x16,0x17,0x18,0x17,0x16,0x1f,0x16,0x9e,0x99,0x7f,0x87,0x80,0x14,0x0f,
	0x84,0x96,0x8b,0x95,0x8f,0x96,0x8e,0x2a,0x1e,0x37,0x8a,0x94,0x92,0x89,0x28,0x26,0x29,0x2b,0x68,0x62,
	0x6b,0x6b,0x69,0x6a,0xaa,0xab,0xa9,0xa9,0xaa,0xaa,0xaa,0xaa,0xaa,0xaa,0xaa,0xaa,0xaa,0xaa,0xaa,0xaa,
	0xaa,0xaa,0xaa,0xaa,0x56,0x51,0x21,0x1f,0x1c,0x94,0x96,0x20,0x29,0x8c,0x8b,0x28,0x26,0x8a,0x8f,0x22,
	0x26,0x8d,0x91,0x22,0x20,0x22,0x2b,0x2f,0x31,0x31,0x31,0x31,0x31,0x89,0x95,0x31,0x36,0x91,0x8d,0x32,
	0x32,0x8a,0x96,0x32,0x27,0x93,0x91,0x33,0x42,0x42,0x42,0x42,0x42,0x44,0x44,0x42,0x42,0x8e,0x96,0x3c,
	0x40,0x8c,0x95,0x3b,0x44,0x8c,0x94,0x3d,0x1a,0x8f,0x92,0x12,0x15,0x16,0x17,0x18,0x19,0x19,0x1a,0x16,
	0x92,0x84,0x2f,0x1a,0x2a,0x8e,0x88,0x20,0x94,0x9f,0x1e,0x28,0x30,0x23,0x36,0x3e,0x26,0x89,0x89,0x1c,
	0x2a,0x84,0x86,0x26,0x27,0x2d,0x70,0x66,0x6b,0x6b,0x69,0x6a,0xaa,0xab,0xa9,0xa9,0xaa,0xaa,0xaa,0xaa,
	0xaa,0xaa,0xaa,0xaa,0xaa,0xaa,0xaa,0xaa,0xaa,0xaa,0xaa,0xaa,0x55,0x54,0x21,0x1f,0x8a,0x92,0x23,0x1d,
	0x1a,0x1e,0x92,0x94,0x92,0x8f,0x1e,0x20,0x1b,0x22,0x8e,0x92,0x1d,0x25,0x32,0x92,0x98,0x35,0x2c,0x30,
	0x91,0x91,0x2e,0x35,0x39,0x34,0x90,0x93,0x91,0x8c,0x31,0x34,0x2a,0x35,0x89,0x8f,0x49,0x3a,0x3d,0x8b,
	0x95,0x40,0x40,0x3e,0x90,0x8d,0x41,0x3f,0x3f,0x40,0x92,0x8e,0x8f,0x8c,0x3e,0x3f,0x13,0x1b,0x91,0x92,
	0x16,0x16,0x18,0x19,0x2e,0x3a,0x2c,0x28,0x2f,0x2e,0x2c,0x2b,0x25,0x95,0x80,0x1b,0x83,0x98,0x38,0x38,
	0x28,0x28,0x3b,0x37,0x84,0x8c,0x20,0x27,0x27,0x22,0x8a,0x8b,0x20,0x21,0x6d,0x6f,0x6a,0x6b,0x69,0x6a,
	0xaa,0xab,0xa9,0xa9,0xaa,0xaa,0xaa,0xaa,0xaa,0xaa,0xaa,0xaa,0xaa,0xaa,0xaa,0xaa,0xaa,0xaa,0xaa,0xaa,
	0x51,0x50,0x22,0x1f,0x92,0x90,0x22,0x27,0x1a,0x20,0x8f,0x8e,0x8d,0x8f,0x26,0x25,0x1a,0x27,0x8c,0x8b,
	0x13,0x11,0x27,0x8d,0x8f,0x2d,0x2d,0x31,0x97,0x97,0x32,0x30,0x2f,0x32,0x8b,0x90,0x91,0x8d,0x35,0x32,
	0x2c,0x2c,0x8e,0x8a,0x40,0x3c,0x44,0x93,0x8b,0x44,0x41,0x44,0x8a,0x8e,0x3e,0x3b,0x3e,0x3c,0x8e,0x8d,
	0x8d,0x90,0x3e,0x48,0x20,0x17,0x97,0x8b,0x16,0x16,0x17,0x17,0x3a,0x2d,0x2a,0x21,0x23,0x1f,0x1e,0x2b,
	0x91,0x86,0x1b,0x11,0x8e,0x92,0x2a,0x30,0x39,0x45,0x2d,0x2d,0x8e,0x92,0x24,0x28,0x27,0x1e,0x90,0x8e,
	0x1f,0x2d,0x6f,0x6a,0x6a,0x6b,0x69,0x6a,0xaa,0xab,0xa9,0xa9,0xaa,0xaa,0xaa,0xaa,0xaa,0xaa,0xaa,0xaa,
	0xaa,0xaa,0xaa,0xaa,0xaa,0xaa,0xaa,0xaa,0x4d,0x4c,0x22,0x20,0x8a,0x91,0x1c,0x8d,0x90,0x1b,0x97,0x92,
	0x91,0x97,0x1f,0x94,0x8a,0x28,0x92,0x92,0x21,0x2d,0x31,0x2e,0x3c,0x2b,0x30,0x33,0x8f,0x97,0x2c,0x90,
	0x96,0x2b,0x92,0x91,0x92,0x94,0x2f,0x93,0x93,0x2c,0x91,0x98,0x44,0x46,0x38,0x47,0x43,0x43,0x42,0x42,
	0x8d,0x90,0x3d,0x8c,0x99,0x42,0x8e,0x90,0x91,0x91,0x47,0x96,0x99,0x19,0x94,0x95,0x16,0x16,0x18,0x1a,
	0x24,0x31,0x21,0x24,0x2a,0x2f,0x33,0x94,0x8d,0x31,0x10,0x0f,0x88,0x8b,0x85,0x92,0x94,0x89,0x3a,0x22,
	0x92,0x8e,0x2f,0x95,0x9c,0x2e,0x89,0x96,0x22,0x23,0x72,0x6a,0x6a,0x6b,0x69,0x6a,0xaa,0xab,0xa9,0xa9,
	0xaa,0xaa,0xaa,0xaa,0xaa,0xaa,0xaa,0xaa,0xaa,0xaa,0xaa,0xaa,0xaa,0xaa,0xaa,0xaa,0x4d,0x49,0x24,0x21,
	0x8d,0x92,0x22,0x8c,0x90,0x1c,0x94,0x92,0x91,0x93,0x1d,0x92,0x93,0x29,0x85,0x93,0x27,0x23,0x2e,0x2f,
	0x26,0x31,0x2c,0x33,0x91,0x92,0x34,0x96,0x96,0x32,0x93,0x8e,0x8e,0x94,0x31,0x91,0x8f,0x2f,0x8e,0x91,
	0x43,0x43,0x3e,0x3c,0x3d,0x3b,0x44,0x3a,0x8f,0x8c,0x47,0x8e,0x94,0x44,0x93,0x8f,0x91,0x95,0x45,0x8f,
	0x95,0x15,0x8c,0x94,0x16,0x16,0x18,0x1a,0x2f,0x37,0x2c,0x30,0x1f,0x35,0x84,0x8e,0x25,0x29,0x17,0x11,
	0x36,0x32,0x38,0x31,0x3c,0x92,0x91,0x37,0x8f,0x93,0x26,0x89,0x83,0x29,0x96,0x88,0x25,0x28,0x6a,0x62,
	0x69,0x6b,0x69,0x6a,0xaa,0xab,0xa9,0xa9,0xaa,0xaa,0xaa,0xaa,0xaa,0xaa,0xaa,0xaa,0xaa,0xaa,0xaa,0xaa,
	0xaa,0xaa,0xaa,0xaa,0x52,0x4e,0x27,0x21,0x92,0x9b,0x22,0x1f,0x1d,0x1a,0x95,0x94,0x94,0x95,0x1f,0x27,
	0x28,0x1f,0x95,0x95,0x23,0x25,0x37,0x33,0x3d,0x37,0x31,0x32,0x95,0x96,0x38,0x31,0x2f,0x31,0x93,0x91,
	0x92,0x94,0x33,0x30,0x2f,0x30,0x8e,0x94,0x3f,0x44,0x3f,0x3c,0x41,0x42,0x3b,0x3d,0x92,0x90,0x3f,0x3f,
	0x42,0x3c,0x97,0x95,0x94,0x95,0x39,0x46,0x1a,0x17,0x95,0x90,0x20,0x1b,0x14,0x0d,0x37,0x39,0x32,0x24,
	0x2c,0x8e,0x84,0x39,0x2e,0x2a,0x23,0x17,0x2f,0x34,0x2e,0x33,0x29,0x99,0x95,0x34,0x8b,0x8f,0x26,0x28,
	0x31,0x2d,0x9d,0x94,0x27,0x25,0x6c,0x67,0x69,0x6b,0x69,0x6a,0xaa,0xab,0xa9,0xa9,0xaa,0xaa,0xaa,0xaa,
	0xaa,0xaa,0xaa,0xaa,0xaa,0xaa,0xaa,0xaa,0xaa,0xaa,0xaa,0xaa,0x59,0x56,0x28,0x23,0x8e,0x8e,0x1c,0x22,
	0x1b,0x26,0x90,0x8f,0x8e,0x8f,0x2b,0x25,0x26,0x22,0x9a,0x92,0x23,0x1f,0x37,0x86,0x88,0x33,0x2e,0x2a,
	0x8d,0x92,0x3a,0x2c,0x2e,0x2e,0x86,0x8f,0x8f,0x87,0x30,0x31,0x34,0x32,0x8d,0x8b,0x3b,0x3e,0x41,0x8a,
	0x89,0x41,0x39,0x3d,0x8b,0x91,0x45,0x44,0x45,0x45,0x91,0x92,0x90,0x8d,0x41,0x44,0x0c,0x18,0x8f,0x8e,
	0x12,0x18,0x12,0x14,0x37,0x2e,0x27,0x29,0x8b,0x89,0x2f,0x30,0x29,0x22,0x14,0x17,0x3d,0x2b,0x2e,0x2a,
	0x2b,0x95,0x85,0x2b,0x8f,0x8d,0x20,0x24,0x24,0x27,0x95,0x91,0x28,0x29,0x62,0x6a,0x68,0x6b,0x69,0x6a,
	0xaa,0xab,0xa9,0xa9,0xaa,0xaa,0xaa,0xaa,0xaa,0xaa,0xaa,0xaa,0xaa,0xaa,0xaa,0xaa,0xaa,0xaa,0xaa,0xaa,
	0x5c,0x5c,0x28,0x25,0x1e,0x8c,0x8a,0x22,0x27,0x91,0x93,0x25,0x23,0x91,0x93,0x2c,0x25,0x90,0x89,0x29,
	0x21,0x24,0x30,0x91,0x8b,0x2e,0x2f,0x2e,0x30,0x8f,0x92,0x2f,0x34,0x92,0x91,0x2f,0x2e,0x8f,0x91,0x31,
	0x2b,0x8e,0x96,0x2e,0x3d,0x3a,0x41,0x95,0x8f,0x3e,0x3b,0x3b,0x40,0x93,0x92,0x3f,0x3c,0x90,0x94,0x41,
	0x41,0x94,0x8f,0x42,0x1a,0x93,0x8d,0x15,0x1a,0x16,0x21,0x8a,0x92,0x2d,0x20,0x2b,0x93,0x91,0x2c,0x37,
	0x30,0x91,0x92,0x2d,0x99,0x8a,0x31,0x31,0x30,0x8f,0x91,0x34,0x34,0x92,0x7c,0x27,0x2a,0x8f,0x92,0x30,
	0x21,0x21,0x65,0x66,0x68,0x6b,0x69,0x6a,0xaa,0xab,0xa9,0xa9,0xaa,0xaa,0xaa,0xaa,0xaa,0xaa,0xaa,0xaa,
	0xaa,0xaa,0xaa,0xaa,0xaa,0xaa,0xaa,0xaa,0x5f,0x61,0x28,0x27,0x1e,0x2c,0x8a,0x8e,0x92,0x94,0x29,0x1f,
	0x1c,0x22,0x8f,0x8c,0x92,0x8c,0x23,0x1f,0x1f,0x22,0x2c,0x34,0x38,0x30,0x33,0x3b,0x2b,0x36,0x8a,0x94,
	0x90,0x94,0x33,0x2f,0x2f,0x32,0x92,0x8c,0x8f,0x8e,0x2d,0x34,0x42,0x3b,0x41,0x3d,0x43,0x45,0x43,0x41,
	0x3c,0x42,0x93,0x91,0x96,0x93,0x40,0x43,0x44,0x42,0x97,0x92,0x88,0x96,0x17,0x15,0x17,0x16,0x10,0x90,
	0x8c,0x3f,0x20,0x2a,0x8e,0x96,0x92,0x90,0x8b,0x96,0x8d,0x2e,0x33,0x91,0x98,0x97,0x88,0x96,0x3e,0x33,
	0x2b,0x31,0x8c,0x93,0x90,0x9a,0x30,0x24,0x24,0x23,0x70,0x6c,0x68,0x6b,0x69,0x6a,0xaa,0xab,0xa9,0xa9,
	0xaa,0xaa,0xaa,0xaa,0xaa,0xaa,0xaa,0xaa,0xaa,0xaa,0xaa,0xaa,0xaa,0xaa,0xaa,0xaa,0x61,0x62,0x2c,0x28,
	0x2a,0x29,0x26,0x21,0x1f,0x1d,0x19,0x18,0x1e,0x21,0x23,0x23,0x2a,0x29,0x1f,0x20,0x20,0x21,0x2c,0x2d,
	0x30,0x2f,0x2b,0x2e,0x2e,0x30,0x31,0x31,0x31,0x2f,0x2d,0x2d,0x2b,0x2f,0x2e,0x2f,0x30,0x2f,0x2e,0x32,
	0x3f,0x41,0x42,0x41,0x40,0x40,0x3f,0x3f,0x3f,0x3f,0x3f,0x3f,0x3e,0x3e,0x3e,0x3e,0x3e,0x3d,0x3c,0x3b,
	0x19,0x17,0x15,0x15,0x15,0x15,0x14,0x14,0x15,0x15,0x13,0x17,0x15,0x17,0x29,0x28,0x28,0x27,0x25,0x27,
	0x29,0x2e,0x33,0x34,0x2d,0x31,0x2e,0x23,0x2f,0x2b,0x23,0x2b,0x26,0x25,0x28,0x1f,0x24,0x26,0x6c,0x65,
	0x68,0x6b,0x69,0x6a,0xaa,0xab,0xa9,0xa9,0xaa,0xaa,0xaa,0xaa,0xaa,0xaa,0xaa,0xaa,0xaa,0xaa,0xaa,0xaa,
	0xaa,0xaa,0xaa,0xaa,0x62,0x63,0x2d,0x2a,0x2a,0x29,0x28,0x24,0x23,0x21,0x20,0x1e,0x23,0x21,0x1d,0x1e,
	0x21,0x23,0x1b,0x1c,0x1e,0x20,0x2b,0x2b,0x30,0x31,0x2d,0x30,0x30,0x31,0x31,0x31,0x30,0x30,0x2e,0x30,
	0x2d,0x31,0x30,0x30,0x30,0x2e,0x2d,0x31,0x3e,0x41,0x40,0x40,0x40,0x3f,0x40,0x40,0x40,0x40,0x40,0x41,
	0x41,0x41,0x41,0x41,0x41,0x41,0x40,0x3f,0x18,0x16,0x14,0x14,0x14,0x14,0x14,0x14,0x15,0x15,0x12,0x16,
	0x15,0x18,0x2b,0x2c,0x2d,0x2c,0x2b,0x2a,0x2c,0x2e,0x2c,0x2c,0x2a,0x2f,0x2c,0x32,0x2d,0x2e,0x27,0x24,
	0x22,0x23,0x25,0x2c,0x28,0x28,0x6a,0x74,0x69,0x6b,0x69,0x6a,0xaa,0xab,0xa9,0xa9,0xaa,0xaa,0xaa,0xaa,
	0xaa,0xaa,0xaa,0xaa,0xaa,0xaa,0xaa,0xaa,0xaa,0xaa,0xaa,0xaa,0x63,0x64,0x2d,0x2c,0x2c,0x2a,0x2b,0x29,
	0x28,0x27,0x26,0x20,0x21,0x22,0x21,0x22,0x20,0x22,0x1b,0x20,0x22,0x23,0x2c,0x2c,0x32,0x32,0x2f,0x31,
	0x31,0x31,0x31,0x30,0x2f,0x30,0x30,0x31,0x2f,0x33,0x31,0x30,0x30,0x2e,0x2d,0x30,0x3f,0x40,0x3f,0x3f,
	0x3e,0x3e,0x3f,0x40,0x40,0x40,0x40,0x40,0x40,0x40,0x40,0x41,0x41,0x41,0x40,0x3f,0x18,0x16,0x14,0x14,
	0x14,0x14,0x14,0x15,0x16,0x16,0x12,0x17,0x14,0x1a,0x2f,0x31,0x31,0x30,0x2c,0x2a,0x2c,0x2c,0x29,0x2b,
	0x36,0x2e,0x2f,0x27,0x2c,0x32,0x26,0x2a,0x25,0x22,0x24,0x24,0x2a,0x2d,0x6b,0x6d,0x6a,0x6b,0x69,0x6a,
	0xaa,0xab,0xa9,0xa9,0xaa,0xaa,0xaa,0xaa,0xaa,0xaa,0xaa,0xaa,0xaa,0xaa,0xaa,0xaa,0xaa,0xaa,0xaa,0xaa,
	0x61,0x62,0x2d,0x2b,0x2c,0x2d,0x2f,0x2d,0x2b,0x26,0x25,0x26,0x2b,0x29,0x24,0x24,0x1e,0x20,0x1c,0x1f,
	0x22,0x23,0x2c,0x2d,0x32,0x33,0x30,0x31,0x30,0x30,0x31,0x2f,0x30,0x31,0x31,0x33,0x30,0x33,0x30,0x2f,
	0x30,0x2e,0x2d,0x31,0x3e,0x40,0x3e,0x3f,0x3e,0x3e,0x3f,0x3f,0x3f,0x3f,0x3f,0x40,0x40,0x40,0x40,0x40,
	0x40,0x40,0x3f,0x3e,0x19,0x17,0x15,0x15,0x15,0x15,0x15,0x16,0x16,0x16,0x13,0x16,0x14,0x1a,0x31,0x33,
	0x2f,0x2d,0x29,0x24,0x2c,0x2f,0x2b,0x2b,0x3b,0x2b,0x2f,0x32,0x2e,0x2f,0x1d,0x24,0x25,0x28,0x1e,0x2d,
	0x29,0x21,0x6d,0x69,0x6a,0x6b,0x69,0x6a,0xaa,0xab,0xa9,0xa9,0xaa,0xaa,0xaa,0xaa,0xaa,0xaa,0xaa,0xaa,
	0xaa,0xaa,0xaa,0xaa,0xaa,0xaa,0xaa,0xaa,0x5f,0x5f,0x2b,0x2a,0x2b,0x29,0x2c,0x2a,0x2b,0x2c,0x2e,0x2d,
	0x30,0x2d,0x29,0x27,0x21,0x22,0x1c,0x1e,0x20,0x21,0x2b,0x2d,0x32,0x33,0x2f,0x30,0x30,0x30,0x30,0x2f,
	0x2f,0x30,0x31,0x33,0x31,0x32,0x30,0x2f,0x2f,0x2e,0x2e,0x32,0x3f,0x41,0x3f,0x3f,0x3f,0x3e,0x3f,0x3f,
	0x3f,0x3f,0x3f,0x3f,0x3e,0x3e,0x3e,0x3e,0x3e,0x3e,0x3d,0x3c,0x18,0x16,0x14,0x14,0x14,0x14,0x14,0x15,
	0x15,0x16,0x13,0x17,0x14,0x19,0x2e,0x2f,0x2c,0x2b,0x29,0x28,0x27,0x2e,0x30,0x2d,0x2d,0x32,0x31,0x2f,
	0x34,0x25,0x2f,0x2b,0x38,0x31,0x30,0x26,0x2a,0x22,0x71,0x6d,0x6a,0x6b,0x69,0x6a,0xaa,0xab,0xa9,0xa9,
	0xaa,0xaa,0xaa,0xaa,0xaa,0xaa,0xaa,0xaa,0xaa,0xaa,0xaa,0xaa,0xaa,0xaa,0xaa,0xaa,0x5c,0x5d,0x2a,0x2a,
	0x2a,0x2d,0x30,0x2f,0x30,0x31,0x31,0x2f,0x32,0x2f,0x2b,0x2a,0x28,0x27,0x1e,0x1d,0x1f,0x21,0x2d,0x30,
	0x32,0x32,0x2e,0x2f,0x2f,0x2f,0x30,0x30,0x30,0x30,0x31,0x31,0x2e,0x31,0x30,0x2e,0x2f,0x2f,0x2f,0x33,
	0x40,0x42,0x41,0x40,0x40,0x3f,0x40,0x40,0x3f,0x3f,0x3f,0x3f,0x3f,0x3f,0x3f,0x3f,0x3e,0x3e,0x3d,0x3c,
	0x18,0x16,0x14,0x14,0x14,0x14,0x14,0x15,0x15,0x15,0x14,0x18,0x14,0x16,0x27,0x26,0x28,0x2a,0x2d,0x2d,
	0x28,0x2a,0x2f,0x2f,0x31,0x2d,0x30,0x29,0x2b,0x2b,0x32,0x2f,0x33,0x32,0x2a,0x22,0x2c,0x23,0x65,0x6e,
	0x6a,0x6b,0x69,0x6a,0xaa,0xab,0xa9,0xa9,0xaa,0xaa,0xaa,0xaa,0xaa,0xaa,0xaa,0xaa,0xaa,0xaa,0xaa,0xaa,
	0xaa,0xaa,0xaa,0xaa,0x5d,0x5d,0x29,0x29,0x2b,0x2c,0x30,0x2f,0x32,0x32,0x32,0x2f,0x33,0x32,0x31,0x33,
	0x35,0x33,0x24,0x22,0x21,0x23,0x32,0x34,0x32,0x32,0x2d,0x2f,0x2f,0x30,0x30,0x30,0x30,0x30,0x30,0x31,
	0x2d,0x30,0x2f,0x2e,0x30,0x2f,0x2f,0x33,0x40,0x42,0x42,0x41,0x41,0x41,0x41,0x41,0x40,0x40,0x40,0x40,
	0x40,0x40,0x40,0x40,0x3f,0x3f,0x3e,0x3d,0x19,0x17,0x15,0x15,0x15,0x15,0x14,0x15,0x15,0x14,0x15,0x19,
	0x14,0x12,0x1f,0x1a,0x18,0x17,0x16,0x16,0x2c,0x29,0x2b,0x2a,0x2b,0x2c,0x32,0x31,0x33,0x81,0x90,0x96,
	0x8f,0x7d,0x2b,0x28,0x2d,0x2c,0x67,0x6d,0x6a,0x6b,0x69,0x6a,0xaa,0xab,0xa9,0xa9,0xaa,0xaa,0xaa,0xaa,
	0xaa,0xaa,0xaa,0xaa,0xaa,0xaa,0xaa,0xaa,0xaa,0xaa,0xaa,0xaa,0x5f,0x5f,0x2a,0x28,0x2a,0x2b,0x2e,0x2f,
	0x32,0x32,0x32,0x2f,0x34,0x35,0x36,0x39,0x3c,0x3a,0x29,0x24,0x21,0x24,0x32,0x34,0x33,0x32,0x2e,0x2f,
	0x2f,0x30,0x30,0x30,0x31,0x31,0x2f,0x31,0x2d,0x30,0x2f,0x30,0x31,0x2f,0x2f,0x32,0x3f,0x42,0x41,0x41,
	0x40,0x41,0x41,0x41,0x41,0x41,0x41,0x41,0x41,0x41,0x41,0x41,0x41,0x41,0x40,0x3f,0x1a,0x18,0x16,0x16,
	0x16,0x16,0x15,0x15,0x14,0x14,0x16,0x19,0x15,0x12,0x19,0x15,0x13,0x16,0x16,0x17,0x2b,0x2a,0x2b,0x2c,
	0x2b,0x2a,0x2e,0x36,0x87,0x93,0x3b,0x3b,0x41,0x89,0x85,0x1f,0x27,0x28,0x6e,0x71,0x6a,0x6b,0x69,0x6a,
	0xaa,0xab,0xa9,0xa9,0xaa,0xaa,0xaa,0xaa,0xaa,0xaa,0xaa,0xaa,0xaa,0xaa,0xaa,0xaa,0xaa,0xaa,0xaa,0xaa,
	0x60,0x60,0x2b,0x28,0x29,0x2a,0x2d,0x2e,0x30,0x31,0x32,0x31,0x36,0x37,0x34,0x35,0x3b,0x3e,0x3c,0x3b,
	0x3a,0x38,0x35,0x35,0x34,0x33,0x30,0x2f,0x2f,0x30,0x31,0x31,0x31,0x31,0x30,0x31,0x2e,0x30,0x30,0x30,
	0x30,0x2e,0x2e,0x31,0x3f,0x40,0x3f,0x3f,0x3f,0x40,0x40,0x40,0x40,0x40,0x40,0x41,0x41,0x41,0x41,0x41,
	0x41,0x41,0x40,0x3f,0x1a,0x18,0x16,0x16,0x16,0x16,0x16,0x15,0x14,0x15,0x16,0x18,0x15,0x14,0x16,0x16,
	0x15,0x16,0x17,0x17,0x2b,0x2b,0x2c,0x2d,0x29,0x2f,0x33,0x3e,0x37,0x34,0x37,0x3a,0x3b,0x8d,0x87,0x26,
	0x2b,0x22,0x6f,0x6a,0x6a,0x6b,0x69,0x6a,0xaa,0xab,0xa9,0xa9,0xaa,0xaa,0xaa,0xaa,0xaa,0xaa,0xaa,0xaa,
	0xaa,0xaa,0xaa,0xaa,0xaa,0xaa,0xaa,0xaa,0x60,0x60,0x2a,0x29,0x29,0x2a,0x2d,0x2e,0x30,0x32,0x34,0x33,
	0x38,0x38,0x36,0x36,0x38,0x3f,0x3e,0x3c,0x3b,0x3a,0x38,0x36,0x35,0x34,0x32,0x31,0x31,0x31,0x31,0x31,
	0x31,0x31,0x30,0x32,0x2e,0x32,0x30,0x30,0x30,0x2f,0x2e,0x31,0x3e,0x3f,0x3e,0x3f,0x40,0x40,0x41,0x41,
	0x41,0x41,0x41,0x41,0x41,0x41,0x41,0x41,0x41,0x41,0x40,0x3f,0x1a,0x18,0x16,0x16,0x16,0x16,0x16,0x15,
	0x15,0x15,0x16,0x17,0x15,0x15,0x16,0x16,0x16,0x16,0x17,0x17,0x2b,0x2f,0x2f,0x2f,0x31,0x2d,0x2e,0x2a,
	0x27,0x29,0x34,0x2f,0x8b,0x84,0x27,0x23,0x23,0x25,0x66,0x6a,0x6a,0x6b,0x69,0x6a,0xaa,0xab,0xa9,0xa9,
	0xaa,0xaa,0xaa,0xaa,0xaa,0xaa,0xaa,0xaa,0xaa,0xaa,0xaa,0xaa,0xaa,0xaa,0xaa,0xaa,0x5f,0x60,0x2a,0x29,
	0x2a,0x2b,0x2d,0x2e,0x31,0x33,0x34,0x33,0x39,0x38,0x36,0x38,0x39,0x3d,0x3e,0x3e,0x3c,0x3c,0x3a,0x38,
	0x37,0x35,0x34,0x33,0x33,0x33,0x32,0x31,0x31,0x31,0x30,0x31,0x2f,0x31,0x30,0x30,0x31,0x2f,0x2e,0x31,
	0x3e,0x3f,0x3e,0x3f,0x3f,0x3f,0x40,0x40,0x40,0x40,0x40,0x41,0x41,0x41,0x41,0x41,0x41,0x41,0x40,0x3f,
	0x1a,0x18,0x16,0x16,0x16,0x16,0x16,0x16,0x16,0x16,0x16,0x16,0x16,0x16,0x16,0x16,0x17,0x17,0x17,0x17,
	0x2f,0x2f,0x2f,0x2f,0x2a,0x1b,0x34,0x37,0x2f,0x31,0x37,0x96,0x8b,0x29,0x2b,0x2e,0x23,0x2c,0x6a,0x6f,
	0x69,0x6b,0x69,0x6a,0xaa,0xab,0xa9,0xa9,0xaa,0xaa,0xaa,0xaa,0xaa,0xaa,0xaa,0xaa,0xaa,0xaa,0xaa,0xaa,
	0xaa,0xaa,0xaa,0xaa,0x5f,0x60,0x2b,0x29,0x2a,0x2a,0x2c,0x2d,0x30,0x30,0x33,0x33,0x38,0x39,0x37,0x39,
	0x3c,0x3e,0x3e,0x3e,0x3d,0x3d,0x3c,0x3b,0x39,0x37,0x36,0x35,0x35,0x34,0x33,0x32,0x31,0x30,0x30,0x32,
	0x2f,0x32,0x31,0x30,0x31,0x30,0x2f,0x32,0x3f,0x41,0x40,0x40,0x3f,0x3f,0x40,0x40,0x40,0x40,0x40,0x41,
	0x41,0x41,0x41,0x41,0x41,0x41,0x40,0x3f,0x1a,0x18,0x16,0x16,0x16,0x16,0x16,0x16,0x16,0x16,0x16,0x16,
	0x16,0x16,0x16,0x16,0x17,0x17,0x17,0x17,0x2f,0x2f,0x2f,0x2f,0x2b,0x1f,0x26,0x32,0x2e,0x36,0x8b,0x8b,
	0x34,0x31,0x30,0x2e,0x27,0x1d,0x72,0x63,0x69,0x6b,0x69,0x6a,0xaa,0xab,0xa9,0xa9,0xaa,0xaa,0xaa,0xaa,
	0xaa,0xaa,0xaa,0xaa,0xaa,0xaa,0xaa,0xaa,0xaa,0xaa,0xaa,0xaa,0x5f,0x60,0x2a,0x28,0x28,0x29,0x2a,0x2b,
	0x2e,0x2e,0x31,0x31,0x37,0x3a,0x39,0x39,0x39,0x3b,0x3c,0x3d,0x3e,0x3e,0x3d,0x3d,0x3b,0x39,0x38,0x37,
	0x36,0x35,0x34,0x33,0x31,0x30,0x30,0x31,0x2f,0x32,0x30,0x31,0x32,0x30,0x30,0x33,0x40,0x41,0x41,0x40,
	0x3e,0x3f,0x40,0x40,0x40,0x40,0x40,0x41,0x41,0x41,0x41,0x41,0x41,0x42,0x41,0x40,0x1a,0x18,0x16,0x16,
	0x16,0x16,0x16,0x16,0x16,0x16,0x16,0x16,0x16,0x16,0x16,0x16,0x17,0x17,0x17,0x17,0x17,0x18,0x1b,0x20,
	0x28,0x25,0x26,0x21,0x38,0x87,0x8e,0x36,0x38,0x3a,0x2d,0x24,0x21,0x24,0x66,0x68,0x6a,0x6b,0x69,0x6a,
	0xaa,0xab,0xa9,0xa9,0xaa,0xaa,0xaa,0xaa,0xaa,0xaa,0xaa,0xaa,0xaa,0xaa,0xaa,0xaa,0xaa,0xaa,0xaa,0xaa,
	0x5c,0x5d,0x28,0x27,0x27,0x29,0x2a,0x2b,0x2d,0x2e,0x31,0x31,0x37,0x39,0x39,0x38,0x39,0x3a,0x3c,0x3d,
	0x3e,0x3e,0x3e,0x3f,0x3d,0x3b,0x39,0x38,0x38,0x37,0x35,0x34,0x32,0x32,0x30,0x32,0x2f,0x33,0x31,0x31,
	0x32,0x30,0x30,0x33,0x40,0x41,0x3f,0x40,0x3e,0x3f,0x40,0x40,0x40,0x40,0x40,0x41,0x41,0x41,0x41,0x41,
	0x41,0x42,0x41,0x40,0x1a,0x18,0x16,0x16,0x16,0x16,0x16,0x16,0x16,0x16,0x16,0x16,0x16,0x16,0x16,0x16,
	0x17,0x17,0x17,0x17,0x16,0x19,0x1e,0x25,0x2e,0x1d,0x24,0x29,0x90,0x8b,0x39,0x28,0x34,0x33,0x41,0x2b,
	0x26,0x24,0x6f,0x6e,0x6a,0x6b,0x69,0x6a,0xaa,0xab,0xa9,0xa9,0xaa,0xaa,0xaa,0xaa,0xaa,0xaa,0xaa,0xaa,
	0xaa,0xaa,0xaa,0xaa,0xaa,0xaa,0xaa,0xaa,0x57,0x58,0x23,0x25,0x27,0x2a,0x2c,0x2c,0x2e,0x2f,0x31,0x31,
	0x37,0x39,0x38,0x39,0x3a,0x3c,0x3e,0x3f,0x3f,0x3f,0x3f,0x3f,0x3d,0x3c,0x3a,0x3a,0x38,0x37,0x35,0x35,
	0x33,0x33,0x31,0x32,0x2f,0x32,0x31,0x30,0x31,0x30,0x30,0x33,0x3e,0x40,0x3e,0x3e,0x3c,0x3e,0x3f,0x3f,
	0x3f,0x40,0x40,0x41,0x41,0x40,0x41,0x41,0x41,0x42,0x41,0x40,0x18,0x17,0x15,0x15,0x15,0x15,0x15,0x15,
	0x15,0x15,0x15,0x15,0x15,0x15,0x15,0x15,0x17,0x17,0x17,0x17,0x16,0x1a,0x21,0x23,0x26,0x2b,0x28,0x2c,
	0x8f,0x8f,0x39,0x3b,0x36,0x94,0x89,0x2a,0x24,0x25,0x6b,0x6c,0x6a,0x6a,0x69,0x6a,0xaa,0xaa,0xa9,0xa9,
	0xaa,0xaa,0xa9,0xa9,0xa9,0xab,0xaa,0xab,0xaa,0xa9,0xaa,0xaa,0xaa,0xab,0xaa,0xaa,0x54,0x54,0x23,0x22,
	0x28,0x2a,0x2d,0x2f,0x30,0x30,0x31,0x31,0x35,0x37,0x37,0x38,0x3b,0x3e,0x3e,0x3e,0x3e,0x3e,0x3e,0x41,
	0x3e,0x3d,0x3b,0x3b,0x39,0x38,0x36,0x36,0x35,0x35,0x33,0x34,0x31,0x32,0x31,0x30,0x31,0x30,0x30,0x33,
	0x3c,0x3e,0x3d,0x3c,0x3b,0x3d,0x3e,0x3e,0x3e,0x40,0x40,0x41,0x41,0x40,0x40,0x41,0x41,0x41,0x41,0x3f,
	0x17,0x16,0x15,0x15,0x15,0x15,0x15,0x15,0x14,0x14,0x15,0x15,0x15,0x15,0x15,0x15,0x17,0x17,0x17,0x17,
	0x16,0x1a,0x23,0x27,0x28,0x27,0x27,0x2f,0x89,0x96,0x8b,0x8b,0x90,0x9c,0x93,0x2e,0x29,0x24,0x68,0x72,
	0x69,0x6a,0x69,0x6a,0xac,0xab,0xaa,0xab,0xab,0xaa,0xa8,0xa9,0xa9,0xac,0xaa,0xab,0xaa,0xa9,0xab,0xaa,
	0xab,0xab,0xaa,0xac,0x52,0x51,0x21,0x21,0x21,0x25,0x2a,0x2d,0x30,0x2f,0x32,0x31,0x33,0x34,0x36,0x38,
	0x3b,0x3a,0x41,0x3f,0x40,0x42,0x3e,0x40,0x3d,0x3c,0x3b,0x3a,0x39,0x38,0x36,0x36,0x37,0x35,0x35,0x35,
	0x32,0x32,0x31,0x31,0x30,0x2f,0x30,0x33,0x39,0x3b,0x3b,0x3c,0x3c,0x3c,0x41,0x45,0x47,0x47,0x44,0x42,
	0x41,0x41,0x3f,0x40,0x40,0x41,0x40,0x3f,0x1a,0x17,0x15,0x15,0x15,0x15,0x15,0x15,0x15,0x15,0x15,0x15,
	0x15,0x15,0x15,0x16,0x16,0x16,0x17,0x17,0x16,0x1b,0x23,0x2a,0x29,0x25,0x28,0x30,0x31,0x2e,0x30,0x31,
	0x31,0x31,0x32,0x30,0x2a,0x29,0x68,0x68,0x64,0x68,0x68,0x6a,0xab,0xac,0xaa,0xaa,0xab,0xaa,0xa9,0xa9,
	0xa8,0xac,0xa9,0xab,0xa9,0xa9,0xac,0xab,0xab,0xab,0xaa,0xac,0x53,0x51,0x20,0x21,0x22,0x25,0x27,0x2b,
	0x2c,0x2e,0x31,0x33,0x34,0x35,0x37,0x37,0x37,0x3b,0x40,0x43,0x3f,0x3d,0x3e,0x3d,0x3a,0x3a,0x3a,0x39,
	0x38,0x38,0x37,0x37,0x37,0x36,0x35,0x35,0x33,0x32,0x31,0x30,0x2f,0x2f,0x30,0x33,0x37,0x39,0x3b,0x3d,
	0x3e,0x3f,0x41,0x44,0x45,0x46,0x44,0x44,0x43,0x42,0x41,0x41,0x40,0x40,0x3f,0x3e,0x1d,0x1a,0x18,0x18,
	0x18,0x18,0x18,0x18,0x18,0x18,0x18,0x18,0x18,0x18,0x18,0x18,0x17,0x17,0x17,0x16,0x17,0x1b,0x24,0x2a,
	0x29,0x25,0x27,0x2e,0x2d,0x2d,0x2e,0x2f,0x31,0x32,0x32,0x2e,0x27,0x27,0x65,0x67,0x63,0x66,0x66,0x66,
	0xa8,0xa8,0xa7,0xa9,0xac,0xac,0xa9,0xa9,0xa7,0xac,0xa8,0xaa,0xa9,0xaa,0xad,0xac,0xac,0xad,0xa9,0xad,
	0x52,0x52,0x1d,0x21,0x1f,0x1e,0x1e,0x20,0x24,0x27,0x2d,0x31,0x34,0x36,0x36,0x35,0x3c,0x3d,0x3c,0x3d,
	0x3b,0x3a,0x3b,0x3d,0x3c,0x3c,0x3b,0x3b,0x3a,0x3a,0x3a,0x39,0x37,0x36,0x35,0x34,0x33,0x32,0x31,0x2f,
	0x2f,0x2f,0x2f,0x32,0x35,0x38,0x3b,0x3e,0x3f,0x3f,0x3e,0x3c,0x3b,0x3b,0x3d,0x3f,0x40,0x40,0x40,0x40,
	0x40,0x40,0x3f,0x3d,0x19,0x16,0x14,0x14,0x14,0x14,0x14,0x14,0x14,0x14,0x14,0x14,0x14,0x14,0x14,0x15,
	0x16,0x16,0x17,0x17,0x17,0x1c,0x25,0x2a,0x2a,0x25,0x26,0x2c,0x2b,0x2b,0x2a,0x28,0x24,0x22,0x26,0x26,
	0x25,0x2b,0x69,0x6d,0x6c,0x6e,0x6c,0x6a,0xab,0xa9,0xa8,0xa9,0xaa,0xaa,0xa9,0xa9,0xa6,0xab,0xa8,0xab,
	0xa8,0xa7,0xaa,0xa9,0xa9,0xaa,0xa8,0xaa,0x54,0x53,0x1d,0x23,0x21,0x1f,0x20,0x21,0x22,0x26,0x2b,0x2f,
	0x32,0x35,0x37,0x37,0x3d,0x3e,0x3a,0x3e,0x40,0x40,0x3c,0x3e,0x3c,0x3c,0x3b,0x3b,0x3a,0x39,0x39,0x38,
	0x38,0x36,0x35,0x34,0x33,0x32,0x30,0x2f,0x2e,0x2e,0x2f,0x32,0x35,0x38,0x3b,0x3f,0x46,0x47,0x43,0x41,
	0x3f,0x3e,0x3f,0x41,0x40,0x3f,0x3e,0x3e,0x3e,0x3e,0x3d,0x3b,0x1b,0x18,0x16,0x16,0x16,0x16,0x16,0x16,
	0x16,0x16,0x16,0x16,0x16,0x16,0x16,0x16,0x17,0x17,0x16,0x19,0x17,0x1c,0x25,0x2a,0x2b,0x26,0x25,0x2a,
	0x2a,0x2a,0x29,0x28,0x26,0x25,0x29,0x27,0x27,0x2e,0x66,0x6b,0x6b,0x69,0x68,0x66,0xa7,0xa7,0xa8,0xa9,
	0xa9,0xaa,0xaa,0xac,0xa8,0xae,0xac,0xad,0xaa,0xa9,0xaa,0xab,0xab,0xaa,0xa8,0xaa,0x4e,0x51,0x23,0x1e,
	0x20,0x1f,0x1f,0x20,0x1e,0x1f,0x22,0x24,0x29,0x2f,0x34,0x36,0x3e,0x3a,0x40,0x41,0x3b,0x3c,0x3b,0x3c,
	0x3c,0x3c,0x3b,0x3a,0x39,0x38,0x37,0x37,0x37,0x37,0x36,0x35,0x33,0x32,0x31,0x2f,0x2e,0x2e,0x2f,0x32,
	0x35,0x38,0x3a,0x3c,0x3d,0x3c,0x3c,0x3c,0x3b,0x3a,0x3d,0x3f,0x40,0x41,0x42,0x42,0x42,0x42,0x41,0x3f,
	0x1b,0x18,0x16,0x16,0x16,0x16,0x16,0x16,0x16,0x16,0x16,0x16,0x16,0x16,0x15,0x14,0x13,0x13,0x14,0x15,
	0x16,0x15,0x2a,0x2a,0x28,0x25,0x23,0x25,0x25,0x25,0x25,0x25,0x24,0x24,0x26,0x23,0x26,0x2e,0x62,0x6b,
	0x6e,0x6e,0x6c,0x6a,0xab,0xab,0xac,0xab,0xab,0xaa,0xab,0xac,0xa6,0xaa,0xa8,0xa8,0xa7,0xa8,0xaa,0xad,
	0xad,0xab,0xa9,0xa7,0x53,0x55,0x27,0x20,0x1f,0x20,0x21,0x20,0x1f,0x1e,0x20,0x21,0x25,0x2b,0x2f,0x32,
	0x3e,0x37,0x43,0x40,0x44,0x40,0x3d,0x3e,0x3e,0x3e,0x3c,0x3a,0x38,0x36,0x35,0x35,0x35,0x36,0x36,0x35,
	0x34,0x33,0x31,0x2f,0x2d,0x2c,0x2d,0x30,0x33,0x36,0x38,0x39,0x3a,0x3a,0x41,0x46,0x48,0x48,0x46,0x45,
	0x44,0x44,0x44,0x44,0x44,0x44,0x43,0x41,0x1c,0x19,0x17,0x17,0x17,0x17,0x17,0x17,0x17,0x17,0x17,0x17,
	0x17,0x17,0x17,0x17,0x16,0x13,0x11,0x0f,0x1b,0x15,0x2f,0x22,0x24,0x27,0x28,0x29,0x29,0x29,0x2a,0x2a,
	0x27,0x27,0x2a,0x28,0x2e,0x35,0x5e,0x65,0x6b,0x6b,0x6b,0x6b,0xac,0xad,0xad,0xad,0xac,0xab,0xab,0xad,
	0xa8,0xab,0xaa,0xaa,0xa8,0xa8,0xa9,0xab,0xac,0xa8,0xa9,0xa7,0x51,0x57,0x4d,0x56,0x52,0x50,0x4f,0x4d,
	0x4d,0x4f,0x51,0x50,0x50,0x51,0x51,0x52,0x52,0x52,0xc7,0xc8,0xc7,0xcf,0xc1,0xc6,0xc3,0xc0,0xbe,0xbb,
	0xb8,0xb5,0xb2,0xb0,0x9f,0x9e,0x9e,0x9d,0x9c,0x9b,0x98,0x96,0x90,0x8f,0x8f,0x92,0x95,0x98,0x9b,0x9f,
	0xa5,0xaf,0xbd,0xc7,0xcf,0xce,0xcd,0xcd,0xcd,0xcf,0xd0,0xd0,0xd0,0xd0,0xd0,0xd0,0x24,0x24,0x24,0x24,
	0x24,0x24,0x24,0x24,0x24,0x24,0x24,0x24,0x24,0x24,0x25,0x26,0x27,0x29,0x2a,0x2a,0x26,0x2c,0x69,0x6d,
	0x6b,0x69,0x68,0x67,0x67,0x67,0x67,0x67,0x68,0x68,0x6a,0x64,0x62,0x5d,0x71,0x6c,0x6c,0x68,0x69,0x68,
	0xaa,0xa9,0xaa,0xab,0xa9,0xa6,0xa9,0xaa,0xa7,0xac,0xaf,0xae,0xac,0xab,0xa9,0xa9,0xa8,0xa8,0xad,0xad,
	0x52,0x51,0x4f,0x4f,0x4f,0x4e,0x50,0x52,0x52,0x52,0x54,0x53,0x52,0x53,0x53,0x52,0x54,0x53,0xcc,0xca,
	0xcb,0xc8,0xc3,0xc7,0xc5,0xc2,0xc0,0xbc,0xb8,0xb5,0xb2,0xaf,0xa5,0xa4,0xa4,0xa3,0xa2,0xa1,0x9f,0x9c,
	0x91,0x90,0x90,0x93,0x96,0x99,0x9b,0x9c,0xa1,0xab,0xbd,0xcd,0xd6,0xd5,0xd2,0xd0,0xcf,0xd0,0xd1,0xd1,
	0xd1,0xd1,0xd1,0xd1,0x27,0x27,0x27,0x27,0x27,0x27,0x27,0x27,0x27,0x27,0x27,0x27,0x27,0x27,0x27,0x28,
	0x28,0x28,0x28,0x28,0x26,0x29,0x68,0x67,0x68,0x69,0x69,0x69,0x69,0x69,0x69,0x69,0x6a,0x6c,0x6e,0x69,
	0x6a,0x63,0x6e,0x67,0x69,0x68,0x6b,0x6a,0xab,0xa9,0xaa,0xac,0xa9,0xa8,0xaa,0xac,0xa8,0xab,0xae,0xad,
	0xab,0xab,0xa8,0xa8,0xa7,0xa5,0xac,0xad,0x53,0x53,0x54,0x53,0x52,0x51,0x50,0x50,0x50,0x51,0x53,0x52,
	0x52,0x52,0x51,0x51,0x51,0x4f,0x4e,0x51,0x51,0x55,0xc3,0xc8,0xc6,0xc2,0xb9,0xb9,0xb5,0xb6,0xb1,0xae,
	0xac,0xa9,0xa6,0xa4,0xa2,0xa0,0x9c,0x96,0x93,0x92,0x92,0x94,0x95,0x97,0x99,0x9c,0x9d,0x9b,0x95,0x96,
	0x9f,0xae,0xc1,0xcb,0xcf,0xcf,0xce,0xcf,0xd1,0xd3,0xd4,0xd6,0x29,0x29,0x29,0x29,0x29,0x29,0x28,0x27,
	0x27,0x27,0x27,0x29,0x2a,0x2a,0x26,0x2c,0x29,0x28,0x28,0x28,0x26,0x29,0x68,0x67,0x6a,0x6a,0x6a,0x6a,
	0x6b,0x6a,0x6a,0x6a,0x6a,0x6b,0x6c,0x69,0x6c,0x67,0x6d,0x69,0x6c,0x6b,0x6e,0x6b,0xac,0xa9,0xaa,0xac,
	0xaa,0xa9,0xac,0xac,0xa8,0xa9,0xaa,0xa9,0xa7,0xa8,0xa9,0xaa,0xaa,0xa8,0xad,0xad,0x50,0x50,0x50,0x50,
	0x4f,0x4e,0x4e,0x4f,0x50,0x50,0x52,0x52,0x50,0x4f,0x4f,0x50,0x54,0x52,0x4f,0x4e,0x51,0x57,0xc0,0xc7,
	0xc2,0xbf,0xbd,0xbc,0xb5,0xb6,0xb2,0xaf,0xac,0xa8,0xa5,0xa3,0xa1,0x9f,0x9c,0x96,0x93,0x92,0x92,0x94,
	0x95,0x97,0x98,0x9a,0x9b,0x9b,0x97,0x98,0x9f,0xaa,0xb9,0xc5,0xd1,0xd5,0xd3,0xd0,0xcd,0xcf,0xd3,0xd5,
	0x2c,0x2c,0x2c,0x2c,0x2c,0x2c,0x2b,0x2a,0x29,0x29,0x28,0x28,0x28,0x28,0x26,0x29,0x27,0x28,0x28,0x28,
	0x26,0x29,0x68,0x67,0x6a,0x6a,0x6a,0x6a,0x6a,0x6a,0x6a,0x69,0x6b,0x6e,0x6d,0x6a,0x6d,0x69,0x6e,0x6a,
	0x6d,0x6b,0x6e,0x6d,0xaf,0xae,0xae,0xae,0xaa,0xa8,0xab,0xac,0xaa,0xab,0xab,0xaa,0xa8,0xa9,0xaa,0xac,
	0xab,0xa9,0xab,0xaa,0x52,0x51,0x51,0x51,0x50,0x50,0x50,0x50,0x50,0x50,0x50,0x50,0x50,0x52,0x53,0x52,
	0x51,0x4f,0x53,0x53,0x51,0x4b,0x97,0x95,0x94,0x96,0xb6,0xb8,0xb7,0xb9,0xac,0xab,0xa9,0xa6,0xa4,0xa2,
	0xa0,0x9e,0x9b,0x95,0x93,0x92,0x92,0x94,0x95,0x97,0x98,0x9a,0x9b,0x9b,0x99,0x9a,0x9f,0xa4,0xac,0xae,
	0xb0,0xb9,0xc4,0xce,0xd4,0xd3,0xd0,0xce,0x2a,0x2a,0x2a,0x2a,0x2a,0x2a,0x29,0x29,0x2a,0x2a,0x29,0x28,
	0x28,0x28,0x26,0x29,0x26,0x28,0x28,0x28,0x26,0x29,0x68,0x67,0x6a,0x6a,0x6a,0x6a,0x6a,0x6a,0x6a,0x68,
	0x68,0x6b,0x6a,0x67,0x6c,0x69,0x6c,0x6a,0x6c,0x6a,0x6a,0x69,0xab,0xa9,0xa9,0xa9,0xa4,0xa4,0xa7,0xa9,
	0xa9,0xaa,0xab,0xab,0xa9,0xa8,0xaa,0xab,0xab,0xa9,0xaa,0xa8,0x50,0x4f,0x4f,0x4f,0x50,0x50,0x51,0x52,
	0x52,0x50,0x50,0x4f,0x4e,0x4f,0x50,0x51,0x52,0x51,0x52,0x4f,0x52,0x4e,0x92,0x93,0x91,0x94,0xb5,0xb8,
	0xb5,0xb4,0xae,0xad,0xa9,0xa5,0xa2,0xa1,0x9f,0x9d,0x9a,0x95,0x93,0x92,0x92,0x94,0x95,0x97,0x98,0x99,
	0x9a,0x9b,0x9b,0x9d,0x9e,0x9f,0xa1,0xa4,0xaa,0xb5,0xc2,0xcc,0xd1,0xd2,0xcf,0xcc,0x26,0x26,0x26,0x26,
	0x26,0x26,0x26,0x26,0x26,0x27,0x27,0x28,0x28,0x28,0x26,0x29,0x24,0x28,0x28,0x28,0x26,0x29,0x68,0x67,
	0x6a,0x6a,0x6a,0x6a,0x6a,0x6a,0x6a,0x69,0x6a,0x6e,0x6c,0x69,0x6c,0x69,0x6b,0x69,0x6c,0x69,0x6a,0x66,
	0xa9,0xa8,0xaa,0xaa,0xa7,0xa7,0xab,0xab,0xaa,0xaa,0xaa,0xaa,0xa9,0xa8,0xaa,0xaa,0xa9,0xa7,0xa7,0xa5,
	0x52,0x51,0x50,0x50,0x50,0x4f,0x51,0x52,0x52,0x52,0x52,0x51,0x4f,0x4f,0x4f,0x50,0x50,0x50,0x51,0x4f,
	0x53,0x51,0x8e,0x8f,0x91,0x93,0x94,0x96,0x92,0x92,0xae,0xaf,0xa6,0xa4,0xa2,0xa0,0x9e,0x9c,0x99,0x94,
	0x92,0x92,0x92,0x94,0x95,0x97,0x98,0x99,0x9a,0x9c,0x9d,0x9e,0x9e,0x9b,0x9b,0x9d,0xa6,0xa7,0xa6,0xa7,
	0xad,0xb6,0xc3,0xcc,0x2b,0x2b,0x2b,0x2b,0x2b,0x2b,0x2b,0x29,0x24,0x25,0x26,0x28,0x28,0x28,0x26,0x29,
	0x2c,0x28,0x28,0x28,0x26,0x29,0x68,0x67,0x69,0x6a,0x6a,0x6a,0x6a,0x6a,0x69,0x68,0x6a,0x6d,0x6a,0x68,
	0x69,0x68,0x69,0x68,0x6b,0x6a,0x6d,0x69,0xab,0xaa,0xab,0xab,0xaa,0xa9,0xaa,0xa8,0xa9,0xa8,0xa7,0xab,
	0xac,0xaa,0xac,0xab,0xab,0xaa,0xaa,0xa9,0x51,0x51,0x51,0x52,0x52,0x50,0x51,0x51,0x50,0x50,0x51,0x50,
	0x50,0x50,0x50,0x52,0x51,0x50,0x4f,0x4f,0x52,0x53,0x91,0x92,0x94,0x97,0x8e,0x93,0x92,0x95,0xb1,0xb2,
	0xa2,0xa0,0x9f,0x9d,0x9c,0x9a,0x98,0x94,0x92,0x92,0x92,0x94,0x95,0x97,0x98,0x9a,0x9b,0x9e,0x9e,0x9e,
	0x9d,0x9b,0x9b,0x9d,0xa3,0xa3,0xa2,0xa3,0xa8,0xb4,0xc1,0xcb,0x28,0x28,0x28,0x28,0x28,0x28,0x28,0x27,
	0x26,0x24,0x24,0x28,0x28,0x28,0x26,0x29,0x29,0x28,0x28,0x28,0x26,0x29,0x68,0x67,0x69,0x6a,0x6a,0x6a,
	0x6a,0x6a,0x69,0x69,0x6a,0x6d,0x6b,0x6a,0x6a,0x6a,0x6b,0x69,0x6b,0x69,0x6b,0x67,0xa8,0xa8,0xa9,0xab,
	0xab,0xaa,0xab,0xaa,0xab,0xab,0xa9,0xab,0xab,0xa9,0xab,0xaa,0xaa,0xaa,0xab,0xaa,0x4e,0x4e,0x50,0x52,
	0x52,0x53,0x52,0x52,0x51,0x50,0x50,0x50,0x50,0x50,0x51,0x52,0x51,0x51,0x4f,0x53,0x52,0x51,0x91,0x90,
	0x90,0x91,0x91,0x94,0x92,0x91,0x91,0x90,0x99,0x99,0x99,0x98,0x98,0x97,0x95,0x92,0x91,0x91,0x91,0x93,
	0x95,0x97,0x99,0x9b,0x9c,0x9f,0x9e,0x9d,0x9d,0x9d,0x9f,0xa1,0xa4,0xa4,0xa5,0xa6,0xa4,0xa4,0xa2,0xa4,
	0x98,0x95,0x2e,0x2a,0x2a,0x25,0x29,0x2a,0x2b,0x2c,0x2c,0x28,0x27,0x27,0x26,0x29,0x38,0x28,0x28,0x28,
	0x27,0x2a,0x69,0x68,0x6a,0x6a,0x6a,0x6a,0x6a,0x6a,0x69,0x69,0x6a,0x6c,0x69,0x69,0x6a,0x6b,0x6b,0x6a,
	0x69,0x68,0x6a,0x67,0xa8,0xa9,0xab,0xac,0xae,0xac,0xac,0xab,0xaf,0xae,0xaa,0xab,0xab,0xa8,0xaa,0xa9,
	0xa7,0xa8,0xa8,0xa8,0x50,0x50,0x51,0x51,0x51,0x50,0x51,0x51,0x52,0x51,0x52,0x51,0x51,0x51,0x51,0x52,
	0x53,0x52,0x4f,0x52,0x51,0x50,0x93,0x92,0x92,0x92,0x91,0x94,0x93,0x98,0x92,0x93,0x95,0x95,0x95,0x95,
	0x95,0x94,0x93,0x91,0x8f,0x90,0x8f,0x91,0x95,0x97,0x99,0x9c,0x9d,0x9f,0x9f,0x9d,0x9e,0x9f,0xa2,0xa5,
	0xa7,0xa7,0xa8,0xa7,0xa6,0xa6,0xa6,0xa7,0x95,0x8c,0x3b,0x32,0x2a,0x29,0x26,0x27,0x28,0x28,0x29,0x28,
	0x26,0x27,0x27,0x2a,0x36,0x28,0x28,0x28,0x27,0x2a,0x69,0x68,0x6a,0x6a,0x6a,0x6a,0x6b,0x6a,0x6a,0x69,
	0x6a,0x6c,0x69,0x6a,0x69,0x6c,0x6d,0x6b,0x69,0x67,0x6c,0x68,0xa9,0xaa,0xaa,0xaa,0xac,0xa7,0xa6,0xa6,
	0xab,0xac,0xa9,0xa9,0xaa,0xa8,0xaa,0xa9,0xa8,0xa8,0xa9,0xaa,0x52,0x51,0x51,0x51,0x50,0x50,0x50,0x51,
	0x51,0x52,0x52,0x52,0x52,0x52,0x52,0x53,0x52,0x51,0x4f,0x52,0x50,0x50,0x92,0x93,0x93,0x93,0x90,0x92,
	0x91,0x91,0x90,0x91,0x92,0x92,0x93,0x92,0x92,0x92,0x91,0x90,0x8f,0x90,0x85,0x8c,0x97,0x9c,0x91,0x98,
	0x9c,0x9f,0x9f,0x9e,0x9f,0xa0,0xa3,0xa5,0xa7,0xa8,0xa8,0xa8,0xa8,0xa7,0xa5,0xa2,0x97,0x9b,0x85,0x89,
	0x7d,0x7a,0x2e,0x29,0x27,0x32,0x27,0x21,0x26,0x27,0x27,0x29,0x2b,0x2a,0x2a,0x2a,0x27,0x2a,0x69,0x68,
	0x6a,0x6a,0x6a,0x6a,0x6a,0x6a,0x6a,0x69,0x69,0x68,0x68,0x69,0x68,0x6c,0x6d,0x6b,0x6a,0x68,0x6c,0x68,
	0xa9,0xab,0xaa,0xab,0xae,0xaa,0xa9,0xa9,0xae,0xae,0xaa,0xaa,0xab,0xa9,0xaa,0xaa,0xaa,0xab,0xac,0xad,
	0x51,0x50,0x50,0x51,0x51,0x50,0x51,0x51,0x51,0x51,0x52,0x51,0x51,0x51,0x51,0x52,0x51,0x50,0x4f,0x51,
	0x50,0x50,0x90,0x92,0x91,0x91,0x90,0x91,0x91,0x91,0x91,0x91,0x92,0x91,0x92,0x91,0x91,0x91,0x91,0x91,
	0x91,0x8f,0x8f,0x98,0xa1,0xa6,0x9b,0x97,0x99,0x9c,0x9e,0x9e,0x9f,0xa0,0xa3,0xa4,0xa6,0xa7,0xa7,0xa8,
	0xa8,0xa8,0xa6,0xa5,0x9a,0x98,0x8f,0x8d,0x81,0x7f,0x2e,0x2e,0x24,0x32,0x24,0x29,0x27,0x25,0x26,0x29,
	0x2a,0x2a,0x2a,0x2a,0x28,0x2b,0x6a,0x69,0x6a,0x6a,0x6a,0x6a,0x6a,0x6a,0x6a,0x6a,0x6b,0x6b,0x6a,0x68,
	0x66,0x6a,0x6c,0x6b,0x6b,0x68,0x6c,0x68,0xa9,0xaa,0xa9,0xaa,0xae,0xaa,0xa9,0xa9,0xac,0xab,0xa9,0xa8,
	0xac,0xab,0xaa,0xa9,0xa9,0xaa,0xaa,0xab,0x51,0x50,0x50,0x51,0x50,0x50,0x50,0x51,0x51,0x51,0x52,0x51,
	0x51,0x51,0x52,0x52,0x51,0x50,0x4f,0x50,0x50,0x4f,0x90,0x92,0x90,0x91,0x90,0x91,0x92,0x91,0x91,0x91,
	0x92,0x91,0x91,0x91,0x91,0x91,0x91,0x91,0x90,0x90,0x98,0x97,0x94,0x96,0x9d,0x9d,0x9e,0x9e,0x9e,0x9e,
	0x9f,0xa1,0xa2,0xa4,0xa5,0xa6,0xa7,0xa8,0xa9,0xa9,0xa0,0x9d,0x96,0x93,0x8d,0x8a,0x82,0x7d,0x72,0x77,
	0x61,0x65,0x36,0x2d,0x2e,0x2f,0x2d,0x2a,0x28,0x2a,0x2a,0x2a,0x28,0x2b,0x6a,0x69,0x6a,0x6a,0x6a,0x6a,
	0x6a,0x6a,0x6a,0x68,0x6a,0x6a,0x69,0x67,0x64,0x67,0x69,0x69,0x68,0x66,0x6a,0x65,0xa6,0xa9,0xa8,0xa9,
	0xad,0xab,0xaa,0xaa,0xab,0xaa,0xa9,0xa9,0xac,0xab,0xaa,0xa9,0xaa,0xab,0xaa,0xab,0x51,0x50,0x50,0x51,
	0x50,0x50,0x50,0x50,0x50,0x50,0x51,0x51,0x50,0x51,0x52,0x52,0x51,0x51,0x4f,0x51,0x50,0x4f,0x90,0x91,
	0x90,0x90,0x90,0x91,0x91,0x91,0x91,0x91,0x92,0x91,0x91,0x91,0x91,0x91,0x90,0x8e,0x90,0x93,0x96,0x95,
	0x9d,0x98,0x9a,0x9c,0x9d,0x9d,0x9e,0x9e,0x9f,0xa1,0xa2,0xa4,0xa5,0xa6,0xa7,0xa8,0xa9,0xa9,0xa3,0x9b,
	0x94,0x95,0x90,0x91,0x87,0x7e,0x6e,0x79,0x6a,0x63,0x2b,0x2d,0x2c,0x2b,0x2b,0x29,0x28,0x2a,0x2a,0x2a,
	0x28,0x2b,0x6a,0x69,0x6a,0x6a,0x6a,0x6a,0x6a,0x6a,0x6a,0x69,0x68,0x69,0x6a,0x68,0x66,0x6b,0x6c,0x6d,
	0x6c,0x68,0x6b,0x66,0xa8,0xa8,0xa7,0xa7,0xac,0xab,0xab,0xaa,0xac,0xa9,0xa9,0xaa,0xab,0xab,0xa8,0xa8,
	0xaa,0xab,0xab,0xac,0x52,0x51,0x51,0x51,0x50,0x4f,0x50,0x50,0x50,0x50,0x51,0x50,0x50,0x51,0x51,0x52,
	0x51,0x51,0x50,0x51,0x50,0x50,0x90,0x92,0x90,0x90,0x90,0x90,0x91,0x91,0x91,0x91,0x91,0x91,0x91,0x91,
	0x91,0x91,0x91,0x91,0x93,0x95,0x93,0x9f,0xd1,0xcc,0xaf,0xa1,0x9d,0x9d,0x9e,0x9e,0x9f,0xa1,0xa2,0xa3,
	0xa5,0xa6,0xa7,0xa7,0xa8,0xa8,0xa1,0xa4,0x9b,0x99,0x8a,0x89,0x7e,0x7f,0x74,0x73,0x67,0x66,0x5d,0x5d,
	0x51,0x48,0x3b,0x2b,0x2e,0x2a,0x2a,0x2a,0x28,0x2b,0x6a,0x69,0x69,0x6a,0x6a,0x6a,0x6a,0x6a,0x69,0x69,
	0x68,0x67,0x69,0x67,0x66,0x6b,0x6b,0x6c,0x6c,0x6b,0x6d,0x6a,0xab,0xad,0xab,0xaa,0xae,0xad,0xad,0xad,
	0xae,0xab,0xac,0xad,0xae,0xad,0xa9,0xa7,0xa9,0xa9,0xa9,0xa8,0x52,0x51,0x51,0x51,0x50,0x50,0x50,0x4f,
	0x50,0x50,0x50,0x50,0x50,0x51,0x51,0x52,0x51,0x51,0x50,0x51,0x51,0x50,0x90,0x92,0x91,0x90,0x90,0x90,
	0x91,0x91,0x91,0x91,0x91,0x91,0x91,0x91,0x91,0x91,0x91,0x91,0x92,0x96,0x8c,0x95,0xd0,0xcc,0xae,0xa5,
	0x9e,0x9d,0x9e,0x9e,0x9f,0xa1,0xa2,0xa3,0xa5,0xa6,0xa6,0xa7,0xa8,0xa8,0xa2,0xa3,0x93,0x96,0x8e,0x90,
	0x7e,0x7f,0x72,0x72,0x66,0x65,0x5a,0x5a,0x4e,0x45,0x39,0x2b,0x2b,0x2a,0x2a,0x2a,0x28,0x2b,0x6a,0x69,
	0x69,0x6a,0x6a,0x6a,0x6a,0x6a,0x69,0x69,0x6b,0x6b,0x6d,0x6b,0x6b,0x6d,0x6c,0x6b,0x6b,0x6a,0x6d,0x6a,
	0xad,0xad,0xaa,0xab,0xad,0xaa,0xab,0xa9,0xac,0xa8,0xa9,0xab,0xab,0xab,0xa8,0xa7,0xab,0xab,0xab,0xac,
	0x52,0x52,0x52,0x52,0x51,0x50,0x50,0x50,0x50,0x50,0x50,0x50,0x50,0x51,0x51,0x52,0x51,0x51,0x50,0x51,
	0x51,0x50,0x90,0x92,0x91,0x91,0x90,0x90,0x91,0x91,0x91,0x91,0x91,0x91,0x91,0x91,0x91,0x91,0x90,0x8f,
	0x90,0x91,0x8f,0x91,0xcf,0xd5,0xd7,0xdb,0xcb,0xd0,0x92,0x9b,0xa0,0x9b,0xa0,0xa5,0xa5,0xa5,0xa6,0xa6,
	0xa7,0xa7,0xa3,0xa2,0x97,0x96,0x90,0x8c,0x7e,0x7e,0x70,0x72,0x68,0x66,0x5c,0x5b,0x51,0x4b,0x47,0x4a,
	0x3a,0x2a,0x2a,0x2a,0x28,0x2b,0x6a,0x69,0x69,0x6a,0x6a,0x6a,0x69,0x69,0x69,0x6a,0x6a,0x69,0x6c,0x69,
	0x6b,0x6e,0x6c,0x6c,0x6c,0x6c,0x6e,0x6b,0xac,0xac,0xa9,0xaa,0xab,0xa8,0xa9,0xa9,0xab,0xa7,0xa8,0xa8,
	0xa6,0xa9,0xa7,0xa7,0xaa,0xa8,0xa8,0xa9,0x52,0x52,0x52,0x52,0x51,0x50,0x50,0x50,0x50,0x50,0x51,0x51,
	0x50,0x51,0x51,0x52,0x51,0x51,0x50,0x51,0x51,0x50,0x91,0x92,0x91,0x91,0x90,0x90,0x91,0x91,0x91,0x91,
	0x91,0x91,0x91,0x91,0x91,0x91,0x92,0x94,0x95,0x91,0x91,0x94,0xcc,0xd3,0xd7,0xcf,0xd4,0xce,0x9b,0x9d,
	0xa0,0x9d,0x9d,0xac,0xa7,0xa5,0xa6,0xa6,0xa6,0xa6,0xa3,0xa2,0x98,0x97,0x8f,0x8b,0x7e,0x7e,0x70,0x73,
	0x69,0x67,0x5c,0x5b,0x51,0x4b,0x3e,0x4a,0x38,0x2a,0x2a,0x2a,0x28,0x2b,0x6a,0x69,0x6a,0x6a,0x6a,0x6a,
	0x69,0x69,0x6a,0x6a,0x6e,0x6d,0x6d,0x67,0x69,0x6b,0x69,0x68,0x68,0x69,0x6c,0x69,0xab,0xab,0xaa,0xab,
	0xac,0xa9,0xab,0xaa,0xac,0xa9,0xa8,0xa8,0xa6,0xaa,0xab,0xaa,0xad,0xaa,0xa8,0xa7,0x52,0x51,0x52,0x52,
	0x51,0x51,0x51,0x51,0x51,0x51,0x51,0x51,0x50,0x51,0x51,0x52,0x51,0x51,0x50,0x51,0x51,0x50,0x91,0x92,
	0x91,0x91,0x90,0x91,0x91,0x91,0x91,0x91,0x91,0x91,0x91,0x91,0x91,0x91,0x91,0x91,0x94,0x92,0x91,0x94,
	0xcf,0xd1,0xd0,0xd1,0xd3,0xd4,0xd5,0xd6,0xcc,0xc9,0x9f,0x9d,0xa0,0x9b,0xa0,0xa5,0xa6,0xa6,0xa4,0xa3,
	0x9c,0x99,0x8f,0x8b,0x7f,0x7f,0x72,0x75,0x6b,0x69,0x5d,0x5c,0x52,0x4c,0x46,0x45,0x36,0x36,0x2e,0x29,
	0x2e,0x2c,0x69,0x6b,0x63,0x62,0x65,0x63,0x69,0x69,0x69,0x69,0x65,0x65,0x66,0x63,0x68,0x69,0x68,0x66,
	0x67,0x67,0x6b,0x6a,0xab,0xab,0xab,0xad,0xad,0xa9,0xa9,0xa9,0xac,0xaa,0xaa,0xa9,0xa6,0xa9,0xa8,0xa9,
	0xac,0xaa,0xaa,0xac,0x52,0x51,0x52,0x52,0x51,0x51,0x51,0x51,0x51,0x51,0x52,0x51,0x51,0x51,0x51,0x52,
	0x51,0x51,0x50,0x51,0x51,0x50,0x91,0x93,0x91,0x91,0x90,0x91,0x91,0x91,0x91,0x91,0x91,0x91,0x91,0x91,
	0x91,0x91,0x91,0x91,0x92,0x92,0x91,0x93,0xcf,0xd1,0xd0,0xd3,0xd3,0xd1,0xd1,0xd3,0xd1,0xd7,0x9d,0xa1,
	0xa0,0x9d,0x9d,0xac,0xa7,0xa5,0xa5,0xa4,0x9c,0x99,0x8f,0x8b,0x7f,0x7f,0x72,0x75,0x6b,0x69,0x5d,0x5c,
	0x52,0x4c,0x47,0x45,0x37,0x36,0x2c,0x26,0x29,0x27,0x68,0x64,0x6b,0x6a,0x6e,0x64,0x68,0x68,0x68,0x68,
	0x66,0x65,0x69,0x67,0x6c,0x6d,0x6c,0x6a,0x6a,0x69,0x6c,0x6b,0xaa,0xab,0xaa,0xab,0xab,0xa7,0xa8,0xa8,
	0xac,0xab,0xae,0xae,0xab,0xac,0xa9,0xa9,0xac,0xab,0xab,0xad,0x52,0x51,0x52,0x52,0x51,0x51,0x51,0x51,
	0x51,0x51,0x52,0x51,0x51,0x51,0x51,0x52,0x51,0x51,0x50,0x51,0x51,0x50,0x91,0x93,0x91,0x91,0x90,0x91,
	0x91,0x90,0x90,0x90,0x91,0x91,0x91,0x91,0x91,0x91,0x91,0x91,0x91,0x92,0x91,0x93,0xcf,0xd1,0xd0,0xd1,
	0xd1,0xd1,0xd1,0xd1,0xd1,0xd2,0xd2,0xd3,0xcc,0xc9,0x9f,0x9d,0xa3,0xa5,0xa4,0xa3,0x9c,0x99,0x8f,0x8b,
	0x7f,0x7f,0x72,0x75,0x6b,0x69,0x5d,0x5c,0x52,0x4c,0x49,0x45,0x38,0x37,0x2e,0x28,0x2b,0x2a,0x41,0x39,
	0x3f,0x44,0x63,0x68,0x67,0x67,0x68,0x68,0x69,0x69,0x6b,0x65,0x68,0x68,0x68,0x66,0x69,0x68,0x6a,0x6a,
	0xa7,0xa9,0xa9,0xaa,0xae,0xa9,0xaa,0xa8,0xa8,0xa7,0xaa,0xab,0xa9,0xab,0xa9,0xa9,0xaa,0xa9,0xa9,0xaa,
	0x52,0x52,0x52,0x52,0x51,0x51,0x51,0x51,0x51,0x51,0x52,0x51,0x50,0x51,0x51,0x52,0x51,0x51,0x50,0x51,
	0x51,0x51,0x91,0x93,0x92,0x91,0x90,0x91,0x91,0x90,0x90,0x90,0x91,0x91,0x91,0x91,0x91,0x91,0x91,0x91,
	0x91,0x92,0x91,0x93,0xcf,0xd1,0xd0,0xd1,0xd1,0xd1,0xd1,0xd1,0xd1,0xd2,0xd2,0xd3,0xd1,0xd7,0x9d,0xa1,
	0xa4,0xa5,0xa4,0xa3,0x9c,0x99,0x8f,0x8b,0x7f,0x7f,0x72,0x75,0x6b,0x69,0x5d,0x5c,0x52,0x4c,0x4a,0x44,
	0x39,0x38,0x30,0x2a,0x2e,0x2d,0x31,0x35,0x3c,0x44,0x66,0x6a,0x69,0x68,0x68,0x69,0x6a,0x69,0x6c,0x66,
	0x6a,0x69,0x6c,0x6b,0x6d,0x6a,0x6c,0x6c,0xa8,0xab,0xac,0xab,0xb0,0xaa,0xaa,0xa9,0xa9,0xa8,0xac,0xac,
	0xaa,0xac,0xa9,0xab,0xac,0xab,0xab,0xab,0x52,0x51,0x52,0x52,0x51,0x51,0x51,0x51,0x51,0x51,0x51,0x51,
	0x50,0x51,0x51,0x52,0x51,0x51,0x50,0x51,0x51,0x51,0x91,0x93,0x92,0x91,0x90,0x91,0x91,0x90,0x90,0x90,
	0x91,0x91,0x91,0x91,0x91,0x91,0x91,0x91,0x91,0x92,0x91,0x93,0xcf,0xd0,0xd1,0xd1,0xd1,0xd1,0xd1,0xd1,
	0xd1,0xd2,0xd2,0xd2,0xd2,0xd2,0xd2,0xd3,0xd5,0xd5,0xae,0xa8,0x9c,0x9a,0x92,0x90,0x81,0x80,0x73,0x75,
	0x6b,0x69,0x5e,0x5d,0x52,0x4c,0x48,0x44,0x36,0x38,0x2b,0x2a,0x2a,0x2c,0x33,0x37,0x3d,0x3c,0x42,0x43,
	0x49,0x4e,0x65,0x67,0x67,0x66,0x6b,0x66,0x69,0x69,0x6b,0x67,0x69,0x65,0x68,0x6c,0xa8,0xae,0xae,0xab,
	0xb0,0xa7,0xa5,0xa8,0xa8,0xab,0xae,0xad,0xaa,0xaa,0xa8,0xaa,0xac,0xab,0xad,0xac,0x52,0x51,0x51,0x52,
	0x51,0x51,0x51,0x51,0x51,0x51,0x51,0x51,0x50,0x51,0x51,0x52,0x51,0x51,0x50,0x51,0x51,0x50,0x91,0x93,
	0x91,0x91,0x90,0x90,0x91,0x90,0x90,0x90,0x91,0x91,0x91,0x91,0x91,0x91,0x91,0x91,0x91,0x92,0x91,0x93,
	0xcf,0xd0,0xd1,0xd1,0xd1,0xd1,0xd1,0xd1,0xd1,0xd2,0xd2,0xd2,0xd2,0xd2,0xd2,0xd3,0xd3,0xcf,0xa7,0xaa,
	0x96,0x9c,0x8c,0x85,0x82,0x80,0x74,0x75,0x6a,0x68,0x5e,0x5d,0x51,0x4c,0x47,0x44,0x35,0x37,0x2a,0x29,
	0x2b,0x2c,0x33,0x36,0x3c,0x3b,0x42,0x43,0x47,0x4b,0x64,0x66,0x66,0x65,0x6c,0x67,0x6a,0x69,0x6c,0x68,
	0x6a,0x67,0x6c,0x6f,0xa9,0xae,0xaf,0xac,0xb3,0xac,0xa9,0xab,0xa9,0xac,0xae,0xab,0xa9,0xa9,0xa8,0xab,
	0xac,0xaa,0xac,0xab,0x52,0x51,0x51,0x52,0x51,0x51,0x51,0x51,0x51,0x51,0x52,0x51,0x51,0x51,0x51,0x52,
	0x51,0x50,0x4f,0x51,0x50,0x50,0x90,0x92,0x91,0x91,0x90,0x90,0x91,0x90,0x90,0x91,0x90,0x90,0x90,0x90,
	0x90,0x91,0x90,0x91,0x91,0x91,0x90,0x92,0xcf,0xd1,0xd1,0xd1,0xd2,0xd2,0xd3,0xd2,0xd2,0xd2,0xd2,0xd1,
	0xd2,0xd1,0xd2,0xd2,0xd4,0xd8,0xcd,0xd9,0x27,0x34,0x8c,0x8b,0x7e,0x7c,0x74,0x73,0x6a,0x67,0x5e,0x5c,
	0x51,0x4c,0x47,0x43,0x36,0x37,0x2a,0x29,0x2f,0x2c,0x34,0x36,0x3c,0x3b,0x40,0x41,0x45,0x49,0x4d,0x52,
	0x57,0x58,0x63,0x62,0x68,0x68,0x6b,0x67,0x6b,0x68,0x6c,0x6c,0x9c,0x9f,0x9f,0x9e,0xac,0xa8,0xa7,0xab,
	0xa8,0xaa,0xac,0xab,0xab,0xad,0xaa,0xac,0xa9,0xa7,0xaa,0xa9,0x50,0x51,0x51,0x52,0x52,0x52,0x51,0x52,
	0x52,0x52,0x53,0x52,0x52,0x51,0x51,0x51,0x50,0x51,0x50,0x51,0x51,0x50,0x91,0x92,0x92,0x91,0x91,0x90,
	0x91,0x91,0x90,0x91,0x90,0x90,0x90,0x90,0x90,0x91,0x90,0x92,0x91,0x91,0x90,0x92,0xd0,0xd2,0xd2,0xd1,
	0xd2,0xd3,0xd4,0xd3,0xd2,0xd3,0xd2,0xd1,0xd2,0xd1,0xd2,0xd1,0xd2,0xd4,0xd5,0xd9,0x31,0x32,0x85,0x90,
	0x7f,0x7c,0x75,0x72,0x69,0x65,0x5e,0x5c,0x51,0x4c,0x47,0x44,0x37,0x38,0x2b,0x2a,0x2f,0x2c,0x34,0x35,
	0x3b,0x3a,0x40,0x41,0x45,0x47,0x4a,0x4e,0x52,0x56,0x65,0x68,0x6d,0x6c,0x6c,0x67,0x69,0x6b,0x70,0x6e,
	0x9e,0x9d,0x9c,0x9c,0xac,0xa9,0xa9,0xaa,0xa8,0xa9,0xaa,0xab,0xad,0xae,0xab,0xab,0xa7,0xa6,0xa9,0xaa,
	0x50,0x51,0x51,0x53,0x52,0x52,0x50,0x52,0x52,0x52,0x54,0x53,0x54,0x51,0x50,0x51,0x4f,0x51,0x50,0x52,
	0x51,0x51,0x93,0x92,0x91,0x91,0x90,0x91,0x90,0x91,0x90,0x91,0x91,0x90,0x91,0x91,0x90,0x92,0x91,0x93,
	0x91,0x91,0x8f,0x92,0xd0,0xd2,0xd2,0xd1,0xd2,0xd2,0xd3,0xd3,0xd1,0xd3,0xd2,0xd2,0xd2,0xd0,0xd2,0xd1,
	0xd1,0xcc,0xcc,0xcc,0x29,0x28,0x28,0x29,0x2a,0x2d,0x65,0x73,0x61,0x66,0x5b,0x5e,0x50,0x4d,0x48,0x44,
	0x39,0x38,0x2c,0x2b,0x2e,0x2d,0x34,0x35,0x3b,0x3a,0x40,0x41,0x45,0x47,0x4a,0x4e,0x56,0x54,0x5c,0x5d,
	0x62,0x64,0x6a,0x69,0x66,0x6c,0x70,0x70,0xa6,0xa9,0xa2,0xae,0xab,0xa9,0xaa,0xa9,0xa8,0xa8,0xa9,0xac,
	0xad,0xae,0xaa,0xa9,0xa7,0xa6,0xa9,0xaa,0x50,0x51,0x51,0x54,0x52,0x53,0x4f,0x52,0x52,0x51,0x53,0x53,
	0x54,0x51,0x50,0x51,0x4e,0x51,0x50,0x52,0x51,0x51,0x93,0x91,0x91,0x90,0x90,0x90,0x90,0x91,0x91,0x92,
	0x91,0x91,0x92,0x92,0x91,0x94,0x91,0x95,0x92,0x91,0x8f,0x91,0xd0,0xd2,0xd1,0xcf,0xd0,0xd1,0xd3,0xd3,
	0xd0,0xd3,0xd3,0xd3,0xd2,0xd0,0xd4,0xd1,0xd3,0xcf,0xcf,0xcf,0x2a,0x2a,0x2a,0x2a,0x2a,0x30,0x6d,0x73,
	0x64,0x68,0x5c,0x55,0x51,0x4e,0x48,0x45,0x39,0x38,0x2d,0x2d,0x2e,0x2d,0x34,0x34,0x3a,0x3a,0x40,0x41,
	0x45,0x47,0x4a,0x4e,0x59,0x56,0x5c,0x5b,0x62,0x65,0x6b,0x69,0x6a,0x6e,0x6e,0x70,0xaa,0xac,0xa5,0xa8,
	0xa9,0xa8,0xab,0xaa,0xaa,0xa9,0xa9,0xac,0xad,0xae,0xaa,0xa9,0xa8,0xa8,0xa8,0xa8,0x50,0x51,0x51,0x53,
	0x52,0x52,0x4f,0x51,0x51,0x50,0x52,0x52,0x53,0x50,0x4f,0x50,0x4e,0x51,0x50,0x51,0x50,0x4f,0x91,0x90,
	0x90,0x8f,0x90,0x90,0x90,0x91,0x91,0x93,0x93,0x93,0x93,0x91,0x90,0x92,0x8f,0x93,0x91,0x91,0x91,0x93,
	0xd3,0xd4,0xd3,0xd1,0xd0,0xd2,0xd4,0xd4,0xd1,0xd4,0xd3,0xd2,0xd1,0xce,0xd2,0xd0,0xd3,0xd0,0xd1,0xd2,
	0x2a,0x2a,0x2a,0x29,0x28,0x22,0x35,0x2d,0x35,0x36,0x56,0x61,0x50,0x4c,0x46,0x45,0x3a,0x38,0x2f,0x2e,
	0x2e,0x2e,0x34,0x34,0x3a,0x3a,0x40,0x41,0x45,0x47,0x4a,0x4e,0x53,0x51,0x56,0x55,0x5d,0x5f,0x66,0x65,
	0x6e,0x6f,0x72,0x78,0xac,0xaf,0xa9,0xa4,0xa6,0xa8,0xac,0xae,0xad,0xab,0xa9,0xaa,0xaa,0xab,0xa8,0xa9,
	0xab,0xab,0xab,0xab,0x4e,0x4f,0x4f,0x52,0x51,0x51,0x4f,0x51,0x51,0x50,0x52,0x52,0x53,0x51,0x50,0x51,
	0x4f,0x52,0x51,0x52,0x50,0x50,0x92,0x90,0x90,0x8f,0x90,0x8f,0x8e,0x8f,0x8e,0x90,0x94,0x94,0x93,0x91,
	0x8f,0x90,0x8d,0x91,0x8f,0x90,0x91,0x95,0xd4,0xd6,0xd5,0xd2,0xd0,0xd1,0xd3,0xd3,0xd0,0xd3,0xd3,0xd2,
	0xd1,0xcf,0xd2,0xd0,0xd3,0xd1,0xd2,0xd2,0x2a,0x2a,0x2b,0x2a,0x2c,0x28,0x25,0x20,0x2e,0x27,0x55,0x59,
	0x4f,0x4b,0x46,0x45,0x3b,0x38,0x2f,0x2f,0x2f,0x2d,0x34,0x35,0x3b,0x3a,0x40,0x41,0x45,0x47,0x4a,0x4e,
	0x55,0x52,0x56,0x55,0x5f,0x61,0x69,0x69,0x73,0x72,0x77,0x7a,0xa0,0xa3,0xad,0xac,0xab,0xab,0xac,0xad,
	0xab,0xa8,0xa8,0xa7,0xa8,0xab,0xa7,0xa8,0xab,0xab,0xab,0xab,0x4e,0x4f,0x4f,0x52,0x51,0x52,0x50,0x52,
	0x52,0x50,0x53,0x52,0x53,0x51,0x50,0x52,0x50,0x52,0x52,0x52,0x51,0x50,0x92,0x91,0x90,0x90,0x90,0x8f,
	0x8e,0x8f,0x8e,0x90,0x92,0x93,0x93,0x93,0x93,0x94,0x90,0x93,0x91,0x91,0x90,0x93,0xd3,0xd5,0xd4,0xd3,
	0xd0,0xd1,0xd2,0xd1,0xcf,0xd3,0xd4,0xd5,0xd5,0xd4,0xd6,0xd3,0xd5,0xd1,0xd0,0xcf,0x28,0x28,0x2a,0x2a,
	0x29,0x2a,0x2a,0x2b,0x2b,0x2c,0x2d,0x2f,0x33,0x35,0x40,0x43,0x38,0x38,0x2f,0x2f,0x2f,0x2e,0x35,0x34,
	0x3a,0x3a,0x40,0x41,0x45,0x47,0x4a,0x50,0x56,0x54,0x58,0x56,0x5e,0x5e,0x64,0x61,0x64,0x5e,0x62,0x5c,
	0x6d,0x74,0x9a,0xa6,0xa5,0xa7,0xa7,0xa8,0xa9,0xa9,0xac,0xad,0xad,0xb0,0xab,0xac,0xaf,0xad,0xad,0xad,
	0x52,0x52,0x53,0x54,0x53,0x53,0x51,0x52,0x51,0x4f,0x51,0x50,0x51,0x4f,0x4f,0x50,0x4f,0x50,0x50,0x51,
	0x4f,0x4f,0x91,0x91,0x90,0x90,0x92,0x91,0x91,0x93,0x92,0x92,0x90,0x90,0x90,0x91,0x91,0x92,0x90,0x92,
	0x8f,0x8e,0x8d,0x8f,0xcf,0xd1,0xd2,0xd1,0xd0,0xd1,0xd2,0xd1,0xcf,0xd1,0xd2,0xd3,0xd2,0xd1,0xd3,0xd1,
	0xd2,0xce,0xcd,0xcd,0x27,0x27,0x28,0x28,0x29,0x2a,0x2a,0x2a,0x2b,0x2b,0x2c,0x2c,0x2b,0x2b,0x38,0x3e,
	0x35,0x35,0x2d,0x2d,0x2d,0x2d,0x35,0x34,0x3a,0x3a,0x40,0x41,0x45,0x47,0x4a,0x50,0x56,0x56,0x5a,0x58,
	0x5f,0x60,0x66,0x65,0x6a,0x62,0x6a,0x5e,0x5f,0x69,0x9e,0xae,0xab,0xaa,0xa7,0xa6,0xa7,0xa8,0xac,0xac,
	0xaa,0xac,0xa6,0xa7,0xab,0xaa,0xaa,0xaa,0x52,0x52,0x53,0x54,0x52,0x52,0x51,0x52,0x51,0x4f,0x51,0x51,
	0x52,0x51,0x50,0x52,0x51,0x52,0x52,0x52,0x50,0x4f,0x91,0x91,0x8f,0x8f,0x91,0x91,0x90,0x93,0x92,0x93,
	0x94,0x94,0x93,0x93,0x93,0x93,0x90,0x92,0x91,0x91,0x8f,0x90,0xd1,0xd2,0xd2,0xd3,0xd2,0xd5,0xd5,0xd4,
	0xd3,0xd4,0xd3,0xd3,0xd1,0xd0,0xd1,0xd1,0xd5,0xd3,0xd4,0xd5,0x27,0x27,0x28,0x28,0x29,0x29,0x29,0x29,
	0x29,0x2a,0x2a,0x2a,0x2b,0x2b,0x2c,0x2a,0x30,0x30,0x2a,0x2b,0x2c,0x2c,0x33,0x34,0x3a,0x3a,0x40,0x41,
	0x46,0x46,0x4b,0x4f,0x55,0x59,0x5b,0x5d,0x60,0x63,0x66,0x68,0x6e,0x6c,0x60,0x61,0x5e,0x5b,0x68,0x63,
	0x5c,0x67,0xa4,0xab,0xaa,0xaa,0xaa,0xaa,0xaa,0xaa,0xaa,0xaa,0xab,0xab,0xa9,0xa9,0x51,0x50,0x51,0x52,
	0x51,0x52,0x51,0x53,0x52,0x50,0x52,0x52,0x52,0x52,0x51,0x53,0x52,0x53,0x53,0x53,0x51,0x50,0x92,0x92,
	0x90,0x8f,0x91,0x90,0x8f,0x91,0x90,0x90,0x8f,0x8f,0x8e,0x8e,0x90,0x92,0x91,0x94,0x95,0x94,0x91,0x91,
	0xd0,0xd0,0xce,0xcf,0xce,0xd1,0xd2,0xd2,0xd3,0xd5,0xd4,0xd4,0xd3,0xd1,0xd0,0xcf,0xd2,0xd0,0xd0,0xd0,
	0x28,0x28,0x27,0x27,0x29,0x29,0x28,0x29,0x29,0x29,0x29,0x2a,0x2a,0x2a,0x2a,0x29,0x2b,0x2d,0x2a,0x2a,
	0x2b,0x2c,0x34,0x34,0x3a,0x3a,0x40,0x41,0x47,0x46,0x4c,0x4e,0x53,0x58,0x5b,0x5d,0x5f,0x62,0x65,0x67,
	0x72,0x6b,0x60,0x63,0x60,0x65,0x6b,0x57,0x5c,0x5b,0xa8,0xaf,0xaa,0xaa,0xaa,0xaa,0xaa,0xaa,0xaa,0xaa,
	0xab,0xad,0xa7,0xa7,0x51,0x50,0x52,0x53,0x51,0x52,0x53,0x54,0x53,0x50,0x52,0x50,0x50,0x4f,0x4e,0x4f,
	0x4f,0x4f,0x50,0x51,0x50,0x50,0x92,0x93,0x91,0x90,0x92,0x91,0x8f,0x91,0x90,0x91,0x91,0x92,0x8f,0x8f,
	0x90,0x90,0x8f,0x91,0x92,0x92,0x8f,0x90,0xd3,0xd4,0xd3,0xd4,0xd3,0xd5,0xd2,0xcf,0xd0,0xd0,0xcf,0xd1,
	0xd1,0xd2,0xd2,0xd1,0xd5,0xd2,0xd2,0xd2,0x28,0x28,0x27,0x27,0x29,0x29,0x28,0x29,0x29,0x29,0x29,0x29,
	0x29,0x29,0x2a,0x29,0x29,0x2b,0x2a,0x29,0x2e,0x23,0x3c,0x32,0x30,0x36,0x3d,0x42,0x48,0x47,0x4e,0x4d,
	0x51,0x55,0x5a,0x5c,0x5e,0x60,0x63,0x67,0x6b,0x69,0x64,0x65,0x66,0x65,0x61,0x5d,0x5c,0x5b,0x5b,0x5b,
	0x5d,0x5c,0xa8,0xa5,0xad,0xaa,0xaf,0xac,0xab,0xad,0xa4,0xa8,0x4f,0x4f,0x50,0x51,0x51,0x52,0x53,0x54,
	0x53,0x50,0x52,0x51,0x50,0x50,0x4e,0x50,0x4f,0x4f,0x51,0x51,0x50,0x51,0x92,0x93,0x91,0x90,0x92,0x91,
	0x8e,0x90,0x8f,0x8f,0x8e,0x8e,0x8d,0x8d,0x8f,0x91,0x90,0x93,0x94,0x95,0x92,0x92,0xd3,0xd3,0xd2,0xd2,
	0xd1,0xd3,0xcf,0xcd,0xd0,0xd1,0xd1,0xd3,0xd3,0xd4,0xd3,0xd2,0xd3,0xd0,0xcf,0xcf,0x28,0x28,0x27,0x27,
	0x29,0x2a,0x29,0x29,0x29,0x29,0x29,0x29,0x29,0x29,0x2a,0x29,0x2a,0x2c,0x2d,0x2a,0x2d,0x22,0x41,0x3a,
	0x37,0x3a,0x3f,0x41,0x49,0x49,0x49,0x4a,0x50,0x54,0x59,0x5b,0x5d,0x5f,0x62,0x66,0x69,0x68,0x66,0x66,
	0x66,0x65,0x62,0x5f,0x5e,0x5d,0x5d,0x5c,0x59,0x63,0xa6,0xae,0xa7,0xa6,0xaf,0xac,0xaa,0xa7,0xac,0xaa,
	0x4f,0x4f,0x50,0x51,0x50,0x51,0x52,0x52,0x52,0x4f,0x51,0x51,0x51,0x52,0x50,0x52,0x52,0x51,0x52,0x51,
	0x51,0x51,0x91,0x93,0x8f,0x8f,0x91,0x90,0x8e,0x90,0x8e,0x90,0x91,0x92,0x8f,0x8f,0x90,0x90,0x8f,0x92,
	0x94,0x94,0x92,0x91,0xd4,0xd3,0xd1,0xd2,0xd1,0xd3,0xd0,0xcf,0xd2,0xd3,0xd2,0xd2,0xd1,0xd1,0xd0,0xd1,
	0xd4,0xd3,0xd4,0xd5,0x29,0x29,0x28,0x28,0x2a,0x2a,0x29,0x29,0x29,0x29,0x29,0x28,0x28,0x28,0x29,0x29,
	0x2a,0x2b,0x29,0x26,0x2c,0x2e,0x63,0x67,0x62,0x63,0x47,0x45,0x49,0x46,0x4f,0x50,0x4f,0x53,0x58,0x5a,
	0x5d,0x5f,0x62,0x66,0x68,0x68,0x68,0x67,0x65,0x64,0x62,0x60,0x60,0x5f,0x5f,0x5e,0x5b,0x58,0x57,0x56,
	0x5d,0x5c,0xa0,0xa1,0xa8,0xa8,0xa0,0x9f,0x52,0x51,0x52,0x52,0x51,0x51,0x52,0x52,0x52,0x4e,0x50,0x50,
	0x50,0x52,0x4f,0x51,0x52,0x51,0x51,0x50,0x50,0x50,0x90,0x92,0x8f,0x8f,0x92,0x92,0x90,0x92,0x91,0x91,
	0x91,0x91,0x8f,0x90,0x90,0x90,0x90,0x92,0x93,0x93,0x91,0x90,0xd2,0xd1,0xd0,0xd2,0xd0,0xd3,0xd1,0xd1,
	0xd3,0xd4,0xd3,0xd3,0xd0,0xd0,0xcf,0xd0,0xd3,0xd3,0xd3,0xd4,0x2a,0x2a,0x29,0x28,0x2a,0x2a,0x29,0x29,
	0x29,0x29,0x29,0x28,0x28,0x28,0x29,0x28,0x25,0x28,0x28,0x27,0x2b,0x2d,0x69,0x6f,0x67,0x69,0x47,0x46,
	0x49,0x48,0x4a,0x4d,0x4f,0x53,0x58,0x5a,0x5d,0x60,0x63,0x66,0x67,0x68,0x68,0x67,0x66,0x64,0x63,0x62,
	0x61,0x60,0x60,0x5f,0x5c,0x5d,0x58,0x4f,0x5a,0x56,0xa0,0x9c,0xa2,0x9f,0xa7,0xa5,0x50,0x50,0x52,0x52,
	0x52,0x52,0x53,0x52,0x52,0x4f,0x50,0x50,0x50,0x52,0x4f,0x51,0x52,0x50,0x51,0x50,0x50,0x50,0x90,0x93,
	0x90,0x90,0x92,0x92,0x90,0x92,0x90,0x90,0x8f,0x90,0x8f,0x91,0x91,0x91,0x92,0x92,0x91,0x91,0x90,0x8f,
	0xd1,0xd0,0xd0,0xd1,0xcf,0xd2,0xcf,0xd0,0xd2,0xd3,0xd3,0xd4,0xd1,0xd1,0xd1,0xd1,0xd2,0xd1,0xd0,0xd0,
	0x2a,0x2a,0x29,0x29,0x2b,0x2b,0x29,0x29,0x29,0x29,0x29,0x28,0x28,0x28,0x29,0x29,0x27,0x2c,0x2a,0x29,
	0x29,0x29,0x69,0x6c,0x6a,0x6a,0x67,0x65,0x67,0x69,0x4a,0x4e,0x51,0x53,0x5a,0x5a,0x5d,0x5f,0x62,0x66,
	0x68,0x69,0x67,0x67,0x67,0x63,0x63,0x62,0x61,0x60,0x60,0x5f,0x5d,0x5c,0x5b,0x5a,0x5b,0x59,0x60,0x5d,
	0x61,0x5c,0xa6,0xa1,0x4e,0x4e,0x50,0x51,0x51,0x52,0x54,0x52,0x53,0x50,0x51,0x50,0x51,0x53,0x50,0x51,
	0x52,0x50,0x51,0x50,0x50,0x51,0x90,0x94,0x91,0x91,0x92,0x92,0x8f,0x91,0x8e,0x8e,0x90,0x91,0x8f,0x91,
	0x90,0x90,0x90,0x91,0x90,0x91,0x91,0x91,0xd3,0xd1,0xd2,0xd2,0xcf,0xd2,0xcf,0xd1,0xd2,0xd4,0xd4,0xd5,
	0xd1,0xd1,0xd2,0xd1,0xd1,0xd0,0xcf,0xcf,0x2b,0x2b,0x2a,0x2a,0x2b,0x2b,0x2a,0x2a,0x29,0x29,0x29,0x28,
	0x28,0x28,0x29,0x29,0x28,0x2b,0x27,0x29,0x29,0x2c,0x71,0x72,0x68,0x66,0x6b,0x67,0x69,0x67,0x4a,0x4c,
	0x58,0x58,0x5c,0x5a,0x5c,0x5f,0x62,0x66,0x69,0x6a,0x67,0x68,0x67,0x62,0x63,0x62,0x61,0x60,0x5f,0x5e,
	0x5d,0x5b,0x5b,0x59,0x62,0x61,0x58,0x58,0x5d,0x5d,0xa0,0xa0,0x4e,0x4e,0x50,0x51,0x52,0x52,0x53,0x51,
	0x53,0x4f,0x50,0x50,0x50,0x53,0x4f,0x50,0x52,0x4f,0x50,0x4f,0x50,0x51,0x8f,0x93,0x91,0x91,0x92,0x92,
	0x90,0x91,0x8e,0x8f,0x91,0x91,0x8f,0x91,0x8f,0x8f,0x90,0x92,0x90,0x92,0x94,0x93,0xd5,0xd3,0xd4,0xd4,
	0xd0,0xd3,0xd1,0xd3,0xd4,0xd5,0xd5,0xd5,0xd1,0xcf,0xd2,0xd1,0xd1,0xd1,0xd0,0xd0,0x2b,0x2b,0x2a,0x2a,
	0x2c,0x2b,0x2a,0x2a,0x29,0x29,0x29,0x29,0x28,0x28,0x29,0x29,0x24,0x28,0x26,0x2b,0x2a,0x29,0x6a,0x65,
	0x6d,0x6b,0x6b,0x67,0x6c,0x6a,0x69,0x69,0x6a,0x68,0x62,0x5e,0x5d,0x60,0x64,0x68,0x69,0x6a,0x65,0x65,
	0x67,0x62,0x60,0x61,0x61,0x60,0x5f,0x5e,0x5c,0x5b,0x5a,0x59,0x54,0x54,0x5a,0x57,0x56,0x54,0x5e,0x5f,
	0x4f,0x4f,0x50,0x50,0x51,0x51,0x52,0x4f,0x51,0x4f,0x4f,0x50,0x51,0x53,0x50,0x51,0x53,0x50,0x50,0x50,
	0x50,0x50,0x8e,0x92,0x90,0x8f,0x91,0x91,0x90,0x92,0x8f,0x90,0x91,0x92,0x90,0x92,0x90,0x90,0x92,0x92,
	0x8f,0x91,0x92,0x91,0xd2,0xd1,0xd2,0xd2,0xcf,0xd1,0xce,0xd1,0xd1,0xd2,0xd2,0xd2,0xcf,0xcf,0xd2,0xd2,
	0xd3,0xd3,0xd3,0xd2,0x2b,0x2a,0x2a,0x2a,0x2b,0x2b,0x2a,0x2a,0x29,0x29,0x29,0x29,0x28,0x28,0x29,0x29,
	0x2e,0x2d,0x26,0x2a,0x29,0x2b,0x71,0x6b,0x6b,0x66,0x6f,0x69,0x6c,0x69,0x69,0x68,0x6c,0x6b,0x67,0x64,
	0x61,0x62,0x66,0x69,0x6b,0x6c,0x63,0x61,0x67,0x62,0x5f,0x60,0x60,0x60,0x5f,0x5d,0x5c,0x5a,0x5a,0x59,
	0x56,0x5b,0x54,0x56,0x56,0x54,0x5b,0x5d,0x50,0x50,0x51,0x51,0x51,0x50,0x51,0x4e,0x50,0x4e,0x50,0x50,
	0x51,0x54,0x51,0x51,0x53,0x51,0x50,0x51,0x50,0x50,0x8d,0x91,0x8f,0x8f,0x90,0x91,0x90,0x93,0x90,0x91,
	0x93,0x93,0x92,0x93,0x91,0x92,0x93,0x94,0x91,0x92,0x92,0x91,0xd3,0xd2,0xd3,0xd3,0xd2,0xd3,0xcf,0xd1,
	0xd2,0xd3,0xd2,0xd2,0xd1,0xd0,0xd4,0xd3,0xd4,0xd5,0xd4,0xd4,0x2a,0x29,0x29,0x29,0x29,0x29,0x2a,0x2a,
	0x2a,0x29,0x29,0x29,0x29,0x29,0x29,0x29,0x41,0x57,0x43,0x78,0x76,0x33,0x73,0x86,0x83,0x8c,0x90,0x6f,
	0x86,0x8f,0x7f,0x7b,0x6d,0x6c,0x69,0x68,0x68,0x69,0x6a,0x6b,0x6b,0x69,0x62,0x5a,0x63,0x67,0x57,0x65,
	0x60,0x60,0x5f,0x5d,0x5b,0x5a,0x5a,0x59,0x57,0x59,0x53,0x55,0x55,0x55,0x55,0x55,0x52,0x52,0x52,0x51,
	0x52,0x51,0x51,0x4e,0x51,0x4f,0x50,0x50,0x51,0x53,0x51,0x50,0x52,0x50,0x50,0x51,0x50,0x51,0x8e,0x92,
	0x90,0x8f,0x90,0x91,0x91,0x94,0x92,0x93,0x92,0x92,0x8f,0x91,0x8f,0x90,0x91,0x92,0x91,0x92,0x91,0x92,
	0xd3,0xd3,0xd3,0xd2,0xd3,0xd3,0xce,0xd0,0xd2,0xd4,0xd2,0xd2,0xd2,0xd0,0xd2,0xd0,0xd2,0xd2,0xd2,0xd2,
	0x2a,0x28,0x29,0x29,0x28,0x28,0x2a,0x2a,0x29,0x29,0x29,0x29,0x29,0x29,0x29,0x29,0x29,0x50,0x96,0x62,
	0x94,0x70,0x8f,0x7b,0x7c,0x74,0x74,0x73,0x6f,0x80,0x89,0x7c,0x6b,0x6b,0x69,0x69,0x6a,0x6b,0x6b,0x6e,
	0x6a,0x63,0x63,0x60,0x68,0x6d,0x5c,0x5a,0x60,0x60,0x5e,0x5c,0x5b,0x5a,0x5a,0x59,0x57,0x57,0x55,0x55,
	0x55,0x55,0x55,0x55,0x52,0x52,0x52,0x51,0x52,0x50,0x51,0x4f,0x51,0x51,0x51,0x51,0x52,0x52,0x52,0x50,
	0x52,0x51,0x51,0x54,0x51,0x52,0x8f,0x93,0x90,0x90,0x90,0x91,0x91,0x94,0x92,0x93,0x93,0x93,0x90,0x92,
	0x91,0x92,0x92,0x92,0x91,0x92,0x8f,0x91,0xd2,0xd3,0xd2,0xd2,0xd4,0xd3,0xce,0xd0,0xd2,0xd4,0xd1,0xd3,
	0xd3,0xd1,0xd3,0xd0,0xd2,0xd2,0xd2,0xd3,0x2a,0x28,0x29,0x29,0x28,0x28,0x2a,0x2a,0x29,0x29,0x29,0x29,
	0x29,0x29,0x29,0x29,0x4f,0x72,0x7e,0x63,0x53,0x82,0x8c,0x8f,0x8e,0x9a,0x8b,0x94,0x78,0x6f,0x95,0x9a,
	0x6a,0x6a,0x6a,0x6a,0x6b,0x6c,0x6c,0x6d,0x6b,0x66,0x6c,0x63,0x5c,0x61,0x5f,0x67,0x60,0x60,0x5e,0x5c,
	0x5c,0x5a,0x5a,0x5a,0x57,0x56,0x56,0x55,0x55,0x55,0x55,0x55,0x52,0x52,0x52,0x51,0x52,0x50,0x51,0x4f,
	0x51,0x51,0x52,0x51,0x51,0x50,0x52,0x50,0x52,0x51,0x52,0x55,0x51,0x52,0x8f,0x93,0x91,0x90,0x90,0x90,
	0x91,0x94,0x92,0x93,0x93,0x92,0x90,0x92,0x92,0x94,0x93,0x91,0x91,0x91,0x8e,0x91,0xd0,0xd4,0xd2,0xd2,
	0xd6,0xd3,0xd0,0xd0,0xd2,0xd4,0xd1,0xd2,0xd4,0xd1,0xd2,0xcf,0xd2,0xd3,0xd3,0xd4,0x2a,0x28,0x29,0x29,
	0x28,0x28,0x2a,0x2a,0x29,0x29,0x29,0x29,0x29,0x29,0x29,0x29,0x86,0x45,0x6f,0x89,0x2a,0x32,0x88,0x7e,
	0x78,0x87,0x88,0x94,0x81,0x97,0x71,0x8e,0x6a,0x6a,0x6a,0x69,0x6b,0x6c,0x6c,0x6d,0x6d,0x6d,0x6f,0x66,
	0x6b,0x6c,0x5f,0x65,0x60,0x60,0x5e,0x5c,0x5c,0x5a,0x5a,0x5a,0x57,0x56,0x56,0x55,0x55,0x55,0x55,0x55,
	0x50,0x51,0x50,0x50,0x52,0x50,0x51,0x4f,0x52,0x51,0x52,0x51,0x50,0x4f,0x52,0x51,0x52,0x52,0x53,0x57,
	0x50,0x52,0x8f,0x93,0x91,0x90,0x90,0x90,0x90,0x92,0x90,0x91,0x91,0x91,0x8f,0x91,0x92,0x93,0x92,0x91,
	0x91,0x92,0x8f,0x94,0xd0,0xd4,0xd2,0xd2,0xd5,0xd1,0xd2,0xd2,0xd4,0xd5,0xd2,0xd3,0xd4,0xd1,0xd1,0xce,
	0xd0,0xd2,0xd3,0xd4,0x2a,0x28,0x29,0x29,0x28,0x28,0x2a,0x2a,0x29,0x29,0x29,0x29,0x29,0x29,0x29,0x29,
	0x3e,0x6a,0x77,0x47,0x83,0x5b,0x6c,0x99,0x6c,0x8b,0x9b,0x72,0x96,0x6b,0x98,0x91,0x6a,0x6a,0x69,0x69,
	0x69,0x69,0x6a,0x6c,0x6d,0x6e,0x68,0x71,0x9f,0x9f,0x6e,0x63,0x5e,0x5e,0x67,0x64,0x5b,0x5b,0x5b,0x5a,
	0x56,0x56,0x55,0x55,0x55,0x55,0x55,0x55,0x4f,0x4f,0x4f,0x4f,0x52,0x51,0x52,0x50,0x52,0x52,0x52,0x50,
	0x4f,0x4d,0x54,0x52,0x53,0x53,0x55,0x59,0x50,0x52,0x90,0x94,0x92,0x91,0x90,0x90,0x90,0x91,0x8e,0x90,
	0x92,0x92,0x90,0x92,0x92,0x93,0x91,0x8f,0x8f,0x91,0x90,0x96,0xcc,0xd2,0xd0,0xd0,0xd1,0xcd,0xd3,0xd2,
	0xd2,0xd3,0xd1,0xd3,0xd4,0xd3,0xd4,0xd0,0xd2,0xd3,0xd3,0xd4,0x2a,0x28,0x29,0x29,0x28,0x28,0x2a,0x2a,
	0x29,0x29,0x29,0x29,0x29,0x29,0x29,0x29,0x4f,0x79,0x75,0x71,0x7c,0x68,0x92,0x74,0x86,0x9b,0x82,0x99,
	0x89,0x74,0x96,0x99,0x6a,0x6a,0x69,0x69,0x69,0x6a,0x6a,0x6b,0x6e,0x72,0x68,0x6c,0xa5,0xa8,0x74,0x6d,
	0x64,0x62,0x5a,0x59,0x5b,0x5b,0x5b,0x5b,0x56,0x56,0x55,0x55,0x55,0x55,0x55,0x55,0x51,0x52,0x51,0x52,
	0x54,0x53,0x54,0x51,0x51,0x50,0x51,0x4e,0x4c,0x4a,0x55,0x54,0x54,0x55,0x57,0x5b,0x4e,0x50,0x8f,0x94,
	0x93,0x92,0x92,0x92,0x91,0x92,0x90,0x91,0x92,0x92,0x91,0x93,0x93,0x92,0x91,0x8d,0x8b,0x8d,0x8e,0x96,
	0xc7,0xcd,0xce,0xce,0xce,0xc9,0xd7,0xd4,0xd1,0xd1,0xd0,0xd2,0xd3,0xd3,0xd6,0xd2,0xd4,0xd3,0xd2,0xd2,
	0x2a,0x28,0x29,0x29,0x28,0x28,0x2a,0x2a,0x29,0x29,0x29,0x29,0x29,0x29,0x29,0x29,0x81,0x57,0x4b,0x64,
	0x45,0x84,0x7f,0x88,0x85,0x90,0x89,0x80,0x7e,0x87,0x67,0x7c,0x6a,0x6a,0x6a,0x6a,0x6a,0x69,0x69,0x69,
	0x6b,0x6e,0x6e,0x69,0xac,0xab,0x9d,0xaa,0xaa,0xa6,0x63,0x54,0x5b,0x5b,0x5b,0x5b,0x56,0x55,0x55,0x55,
	0x54,0x54,0x56,0x56,0x52,0x53,0x52,0x52,0x54,0x52,0x53,0x50,0x4f,0x4f,0x50,0x4f,0x4e,0x4d,0x5e,0x5e,
	0x5d,0x5e,0x5f,0x60,0x4f,0x4f,0x8d,0x91,0x90,0x90,0x91,0x91,0x8f,0x90,0x8e,0x8f,0x90,0x90,0x8f,0x8f,
	0x90,0x8f,0x90,0x8d,0x8c,0x8f,0x92,0x9a,0xc2,0xc6,0xc7,0xc9,0xc7,0xc5,0xdf,0xde,0xd8,0xd6,0xd5,0xd4,
	0xd1,0xd1,0xd4,0xd0,0xd2,0xd2,0xd1,0xd1,0x2a,0x28,0x29,0x29,0x28,0x28,0x2a,0x2a,0x29,0x29,0x29,0x29,
	0x29,0x29,0x29,0x29,0x66,0x86,0x59,0x34,0x6e,0x88,0x70,0x93,0x84,0x82,0x89,0x99,0x8b,0x92,0x7d,0x85,
	0x6a,0x6a,0x6a,0x6a,0x6a,0x68,0x69,0x6a,0x69,0x64,0x6b,0x6a,0xab,0xb2,0xa9,0xac,0xac,0xa9,0x55,0x5e,
	0x5c,0x5b,0x5b,0x5b,0x56,0x55,0x55,0x55,0x52,0x53,0x58,0x57,0x4e,0x4f,0x4e,0x4e,0x50,0x4e,0x51,0x4e,
	0x4d,0x4e,0x53,0x54,0x55,0x58,0x6f,0x70,0x6f,0x70,0x6d,0x6a,0x83,0x81,0x7b,0x7d,0x7d,0x7c,0x7e,0x7d,
	0x7e,0x7e,0x7c,0x7e,0x81,0x82,0x82,0x82,0x82,0x81,0x83,0x80,0x80,0x7f,0x7c,0x75,0x96,0x90,0x8c,0x8b,
	0x87,0x8d,0xbd,0xc7,0xc9,0xcd,0xd4,0xd4,0xd1,0xd1,0xd4,0xd1,0xd2,0xd3,0xd3,0xd3,0x2a,0x28,0x29,0x29,
	0x28,0x28,0x2a,0x2a,0x29,0x29,0x29,0x29,0x29,0x29,0x29,0x29,0x7d,0x83,0x7c,0x71,0x54,0x86,0x71,0x82,
	0x75,0x7b,0x70,0x93,0x7d,0x7a,0x85,0x99,0x6a,0x6a,0x6a,0x6a,0x6a,0x68,0x68,0x68,0x67,0x67,0x6a,0x6b,
	0xa9,0xa9,0xaa,0xaa,0xa9,0xa9,0xa8,0xa8,0xab,0xa7,0x55,0x56,0x55,0x4e,0x53,0x4f,0x52,0x55,0x54,0x57,
	0x4e,0x50,0x4e,0x4e,0x50,0x4e,0x50,0x4e,0x4c,0x4e,0x54,0x56,0x58,0x5b,0x78,0x7a,0x79,0x7a,0x76,0x70,
	0x84,0x81,0x7a,0x7c,0x7b,0x7b,0x7d,0x7d,0x7d,0x7d,0x7c,0x7e,0x7f,0x7f,0x7f,0x7f,0x7e,0x7e,0x82,0x81,
	0x81,0x82,0x7f,0x79,0x90,0x87,0x83,0x83,0x7f,0x88,0xc5,0xcf,0xd0,0xd2,0xd8,0xd6,0xce,0xce,0xd1,0xcd,
	0xcf,0xcf,0xd0,0xd0,0x2a,0x28,0x29,0x29,0x28,0x28,0x2a,0x2a,0x29,0x29,0x29,0x29,0x29,0x29,0x29,0x29,
	0x83,0x8a,0x7a,0x53,0x34,0x7b,0x88,0x77,0x9c,0x96,0x75,0x75,0x86,0x83,0x72,0x70,0x6c,0x6b,0x6a,0x6a,
	0x6a,0x68,0x68,0x68,0x68,0x69,0x6a,0x6b,0xa9,0xa9,0xaa,0xaa,0xa9,0xa9,0xaa,0xab,0xae,0xaf,0x5d,0x58,
	0x5a,0x54,0x54,0x50,0x51,0x5a,0x4d,0x55,0x51,0x53,0x51,0x51,0x53,0x50,0x53,0x50,0x4c,0x4d,0x53,0x54,
	0x55,0x58,0x79,0x7c,0x79,0x7b,0x78,0x72,0x83,0x80,0x7a,0x7b,0x7c,0x7c,0x7f,0x7f,0x7f,0x7f,0x7d,0x7f,
	0x81,0x81,0x80,0x7f,0x7f,0x7d,0x82,0x7f,0x81,0x81,0x80,0x7a,0x8c,0x84,0x82,0x83,0x7f,0x88,0xcc,0xd4,
	0xd1,0xd1,0xd8,0xd6,0xce,0xd0,0xd3,0xd0,0xd2,0xd2,0xd1,0xd1,0x2a,0x28,0x29,0x29,0x28,0x28,0x2a,0x2a,
	0x29,0x29,0x29,0x29,0x29,0x29,0x29,0x29,0x2e,0x90,0x44,0x71,0x92,0x93,0x86,0x99,0x89,0x81,0x92,0x83,
	0x95,0x97,0x87,0x7c,0x6c,0x6b,0x6a,0x6a,0x69,0x69,0x69,0x69,0x6a,0x6a,0x6b,0x6b,0xa9,0xa9,0xa9,0xa9,
	0xa9,0xa9,0xaa,0xab,0xae,0xa8,0xa9,0xae,0xa2,0x9e,0x60,0x5b,0x54,0x58,0x5a,0x5f,0x51,0x53,0x50,0x51,
	0x53,0x51,0x55,0x52,0x4d,0x4d,0x53,0x53,0x52,0x55,0x79,0x7d,0x79,0x7c,0x7a,0x74,0x82,0x80,0x7b,0x7d,
	0x7d,0x7d,0x80,0x80,0x7f,0x7e,0x7c,0x7e,0x7f,0x80,0x7e,0x7d,0x7e,0x7c,0x7f,0x7c,0x7f,0x7e,0x7d,0x7a,
	0x86,0x80,0x7e,0x80,0x7b,0x83,0xcc,0xd1,0xce,0xcd,0xd4,0xd3,0xcc,0xd0,0xd3,0xd0,0xd2,0xd1,0xd0,0xcf,
	0x2a,0x28,0x29,0x29,0x28,0x28,0x2a,0x2a,0x29,0x29,0x29,0x29,0x29,0x29,0x29,0x29,0x33,0x46,0x83,0x4c,
	0x97,0x7c,0x88,0x7a,0x86,0x8b,0x81,0x79,0x92,0x7d,0x76,0x6f,0x6b,0x6a,0x6a,0x6a,0x68,0x69,0x6a,0x6a,
	0x6a,0x6a,0x6b,0x6b,0xa9,0xa9,0xa9,0xa9,0xa9,0xaa,0xab,0xac,0xab,0xa7,0xa5,0xa5,0xa4,0xa6,0x5f,0x60,
	0x5b,0x5f,0x55,0x59,0x51,0x52,0x50,0x51,0x53,0x51,0x55,0x52,0x4d,0x4d,0x53,0x53,0x50,0x53,0x7a,0x7e,
	0x79,0x7d,0x7b,0x76,0x82,0x7f,0x7b,0x7d,0x7d,0x7d,0x80,0x7f,0x7e,0x7d,0x7c,0x7d,0x7e,0x7f,0x7d,0x7d,
	0x80,0x7e,0x81,0x7d,0x82,0x81,0x7f,0x7d,0x85,0x81,0x7e,0x80,0x7b,0x83,0xce,0xd2,0xcf,0xce,0xd5,0xd5,
	0xcf,0xd4,0xd4,0xd1,0xd3,0xd2,0xd0,0xcf,0x2a,0x28,0x29,0x29,0x28,0x28,0x2a,0x2a,0x29,0x29,0x29,0x29,
	0x29,0x29,0x29,0x29,0x78,0x8f,0x43,0x51,0x7d,0x7c,0x6f,0x91,0x7c,0x80,0x93,0x8b,0x88,0x80,0x95,0x7d,
	0x6a,0x6a,0x6a,0x6a,0x67,0x6a,0x6b,0x6b,0x6a,0x6a,0x6b,0x6b,0xa9,0xa9,0xa9,0xa9,0xaa,0xab,0xab,0xab,
	0xaa,0xaa,0xa9,0xa7,0xa6,0xa6,0x9d,0xa2,0x9d,0xa0,0x59,0x5d,0x51,0x53,0x4f,0x50,0x52,0x50,0x55,0x52,
	0x4d,0x4d,0x53,0x53,0x4f,0x51,0x7b,0x7f,0x7a,0x7e,0x7d,0x78,0x82,0x7f,0x7c,0x7d,0x7d,0x7c,0x7f,0x7e,
	0x7d,0x7c,0x7b,0x7c,0x7e,0x7f,0x7e,0x7e,0x82,0x7f,0x81,0x7b,0x81,0x80,0x7d,0x7c,0x83,0x82,0x7d,0x81,
	0x7d,0x83,0xcf,0xd1,0xcf,0xcd,0xd3,0xd4,0xd0,0xd5,0xd3,0xd0,0xd4,0xd3,0xd2,0xd2,0x2a,0x28,0x29,0x29,
	0x28,0x28,0x2a,0x2a,0x29,0x29,0x29,0x29,0x29,0x29,0x29,0x29,0x54,0x44,0x6a,0x72,0x4b,0x55,0x7f,0x76,
	0x78,0x8e,0x8d,0x8f,0x7a,0x85,0x8c,0x75,0x6a,0x6a,0x6a,0x69,0x68,0x6a,0x6b,0x6b,0x6a,0x6a,0x6b,0x6b,
	0xa9,0xa9,0xa9,0xa9,0xaa,0xaa,0xaa,0xaa,0xaa,0xaa,0xa9,0xa7,0x9f,0xa1,0xa3,0xa8,0xa3,0x9f,0x61,0x5d,
	0x51,0x52,0x4f,0x4f,0x51,0x4f,0x55,0x53,0x4d,0x4d,0x54,0x53,0x4f,0x50,0x7c,0x80,0x7b,0x7f,0x7f,0x7b,
	0x83,0x7f,0x7d,0x7d,0x7c,0x7b,0x7f,0x7e,0x7d,0x7b,0x7b,0x7c,0x80,0x81,0x7f,0x7e,0x83,0x7f,0x7f,0x79,
	0x80,0x7f,0x7a,0x7b,0x82,0x82,0x7d,0x81,0x7d,0x81,0xce,0xcf,0xce,0xcc,0xd2,0xd4,0xd1,0xd6,0xd3,0xcf,
	0xd4,0xd4,0xd4,0xd5,0x2a,0x28,0x29,0x29,0x28,0x28,0x2a,0x2a,0x29,0x29,0x29,0x29,0x29,0x29,0x29,0x29,
	0x61,0x86,0x91,0x8d,0x5b,0x5a,0x97,0x90,0x82,0x73,0x8e,0x6d,0x75,0x80,0x93,0x81,0x6a,0x6a,0x6a,0x69,
	0x69,0x6a,0x6b,0x6b,0x6a,0x6a,0x6b,0x6b,0xa9,0xa9,0xaa,0xaa,0xaa,0xaa,0xaa,0xaa,0xaa,0xaa,0xaa,0xaa,
	0xab,0xaf,0xa1,0xa9,0xaa,0xa6,0xa6,0x9d,0x52,0x53,0x4f,0x4f,0x51,0x50,0x55,0x54,0x4e,0x4e,0x55,0x52,
	0x4e,0x4f,0x79,0x7f,0x79,0x7d,0x7e,0x7a,0x82,0x7f,0x7d,0x7d,0x7d,0x7b,0x7f,0x7e,0x7d,0x7c,0x7c,0x7e,
	0x7f,0x7f,0x7e,0x7d,0x81,0x7e,0x7f,0x79,0x80,0x80,0x7b,0x7c,0x84,0x83,0x7e,0x81,0x7d,0x81,0xce,0xd0,
	0xcf,0xce,0xd4,0xd6,0xd2,0xd6,0xd1,0xce,0xd2,0xd2,0xd2,0xd2,0x2a,0x28,0x29,0x29,0x28,0x28,0x2a,0x2a,
	0x29,0x29,0x29,0x29,0x29,0x29,0x29,0x29,0x4f,0x54,0x97,0x5e,0x87,0x58,0x6d,0x85,0x8a,0x82,0x84,0x74,
	0x7f,0x8b,0x6f,0x87,0x6a,0x6a,0x69,0x68,0x69,0x6b,0x6b,0x6b,0x6a,0x6a,0x6b,0x6b,0xa9,0xa9,0xaa,0xaa,
	0xaa,0xaa,0xaa,0xaa,0xaa,0xaa,0xaa,0xaa,0xa9,0xa8,0xa8,0xaa,0xaa,0xa5,0xa8,0xa0,0x54,0x54,0x4f,0x50,
	0x4e,0x50,0x52,0x54,0x4f,0x4f,0x55,0x50,0x51,0x50,0x77,0x7d,0x7b,0x81,0x7c,0x7a,0x82,0x80,0x7c,0x7c,
	0x7d,0x7a,0x80,0x7d,0x7e,0x7d,0x7d,0x7f,0x7e,0x7d,0x7d,0x7c,0x80,0x7e,0x82,0x7b,0x80,0x80,0x7d,0x7b,
	0x81,0x84,0x80,0x82,0x7e,0x80,0xce,0xd1,0xd0,0xcf,0xd5,0xd7,0xcf,0xd0,0xd0,0xce,0xd1,0xd3,0xd2,0xd2,
	0x2a,0x28,0x29,0x29,0x28,0x28,0x2a,0x2a,0x29,0x29,0x29,0x29,0x29,0x29,0x29,0x28,0x28,0x28,0x27,0x29,
	0x29,0x2b,0x68,0x6a,0x6a,0x6a,0x6a,0x6a,0x6a,0x6a,0x6a,0x6a,0x84,0x77,0x8a,0x8f,0x92,0x78,0x6b,0x9d,
	0x94,0x7f,0x93,0x76,0xa1,0xa7,0xa7,0xa8,0xa9,0xaa,0xaa,0xaa,0xaa,0xaa,0xaa,0xaa,0xa9,0xa8,0xab,0xab,
	0xaa,0xaa,0xaa,0xaa,0x54,0x54,0x4f,0x50,0x4e,0x50,0x52,0x54,0x4f,0x4f,0x55,0x4f,0x51,0x51,0x76,0x7d,
	0x7b,0x80,0x7b,0x79,0x82,0x80,0x7c,0x7b,0x7d,0x7a,0x80,0x7d,0x7e,0x7d,0x7d,0x7f,0x7f,0x7d,0x7e,0x7c,
	0x7f,0x7e,0x84,0x7d,0x81,0x81,0x7f,0x7c,0x82,0x83,0x81,0x82,0x7e,0x80,0xcd,0xd3,0xd0,0xcf,0xd5,0xd6,
	0xce,0xcf,0xd1,0xd0,0xd2,0xd5,0xd3,0xd3,0x2a,0x28,0x29,0x29,0x28,0x28,0x2a,0x2a,0x29,0x29,0x29,0x29,
	0x29,0x29,0x29,0x28,0x28,0x28,0x27,0x29,0x29,0x2b,0x68,0x6a,0x6a,0x6a,0x6a,0x6a,0x6a,0x6a,0x6a,0x6a,
	0x70,0x6d,0x7d,0x97,0x7b,0x7a,0x76,0x8e,0x8d,0x80,0x70,0x98,0x9a,0xa1,0xa8,0xa1,0xa9,0xaa,0xaa,0xaa,
	0xaa,0xaa,0xaa,0xaa,0xa9,0xa9,0xaa,0xaa,0xaa,0xaa,0xaa,0xaa,0x53,0x54,0x4f,0x50,0x4f,0x51,0x52,0x53,
	0x4f,0x4e,0x54,0x4f,0x51,0x52,0x76,0x7d,0x7b,0x7f,0x7b,0x78,0x82,0x80,0x7c,0x7b,0x7d,0x7b,0x80,0x7d,
	0x7e,0x7d,0x7d,0x7f,0x7e,0x7c,0x7d,0x7b,0x7e,0x7c,0x83,0x7d,0x80,0x80,0x7e,0x7a,0x82,0x82,0x80,0x81,
	0x7d,0x81,0xcd,0xd4,0xd0,0xcf,0xd5,0xd6,0xcd,0xce,0xd1,0xd0,0xd1,0xd3,0xd1,0xd0,0x2a,0x28,0x29,0x29,
	0x28,0x28,0x2a,0x2a,0x29,0x29,0x29,0x29,0x29,0x29,0x29,0x28,0x28,0x28,0x27,0x29,0x29,0x2b,0x68,0x6a,
	0x6a,0x6a,0x6a,0x6a,0x6a,0x6a,0x6a,0x6a,0x76,0x98,0x8b,0x88,0x7e,0x8f,0x89,0x70,0x7e,0x89,0x8c,0x6e,
	0xa3,0xa4,0x9f,0xa6,0xa9,0xaa,0xaa,0xaa,0xaa,0xaa,0xaa,0xaa,0xaa,0xaa,0xaa,0xaa,0xaa,0xaa,0xaa,0xaa,
	0x53,0x53,0x4f,0x51,0x50,0x51,0x51,0x52,0x4e,0x4e,0x54,0x50,0x53,0x54,0x77,0x7e,0x7c,0x7f,0x7b,0x77,
	0x82,0x80,0x7d,0x7b,0x7d,0x7c,0x80,0x7e,0x7e,0x7d,0x7c,0x7e,0x7e,0x7d,0x7e,0x7c,0x7e,0x7c,0x83,0x7d,
	0x7e,0x7e,0x7c,0x77,0x81,0x7f,0x7f,0x80,0x7d,0x83,0xcc,0xd4,0xd0,0xcf,0xd6,0xd5,0xcd,0xcd,0xd2,0xd0,
	0xd0,0xd1,0xcf,0xce,0x2a,0x28,0x29,0x29,0x28,0x28,0x2a,0x2a,0x29,0x29,0x29,0x29,0x29,0x29,0x29,0x28,
	0x28,0x28,0x27,0x29,0x29,0x2b,0x68,0x6a,0x6a,0x6a,0x6a,0x6a,0x6a,0x6a,0x6a,0x6a,0x8e,0x7e,0x8b,0x87,
	0x73,0x8c,0x99,0x82,0x81,0x9d,0x82,0x8a,0x9f,0xa4,0xa5,0x9d,0xa9,0xaa,0xaa,0xaa,0xaa,0xaa,0xaa,0xaa,
	0xaa,0xaa,0xaa,0xaa,0xaa,0xaa,0xaa,0xaa,0x53,0x54,0x50,0x51,0x51,0x51,0x51,0x51,0x4e,0x4d,0x53,0x51,
	0x55,0x57,0x77,0x7e,0x7c,0x7f,0x7a,0x76,0x83,0x81,0x7d,0x7b,0x7d,0x7c,0x80,0x7e,0x7e,0x7e,0x7c,0x7e,
	0x7f,0x7e,0x80,0x7e,0x7f,0x7e,0x84,0x80,0x80,0x7f,0x7d,0x76,0x84,0x7f,0x80,0x80,0x7e,0x85,0xcb,0xd4,
	0xcf,0xd0,0xd5,0xd5,0xcd,0xcd,0xd3,0xd1,0xd2,0xd4,0xd2,0xd2,0x2a,0x28,0x29,0x29,0x28,0x28,0x2a,0x2a,
	0x29,0x29,0x29,0x29,0x29,0x29,0x29,0x28,0x28,0x28,0x27,0x29,0x29,0x2b,0x68,0x6a,0x6a,0x6a,0x6a,0x6a,
	0x6a,0x6a,0x6a,0x6a,0x69,0x93,0x8e,0x90,0x97,0x72,0x85,0x7e,0x9f,0x98,0x82,0x91,0x9c,0x9f,0xac,0x9b,
	0xaa,0xaa,0xaa,0xaa,0xaa,0xaa,0xaa,0xaa,0xaa,0xaa,0xaa,0xaa,0xaa,0xaa,0xaa,0xaa,0x52,0x52,0x4f,0x50,
	0x51,0x50,0x50,0x51,0x4e,0x4e,0x53,0x53,0x57,0x5a,0x77,0x7e,0x7c,0x7e,0x79,0x74,0x84,0x82,0x7e,0x7b,
	0x7d,0x7d,0x7f,0x7e,0x7d,0x7e,0x7b,0x7d,0x7e,0x7d,0x7d,0x7b,0x7d,0x7d,0x84,0x82,0x82,0x81,0x7f,0x77,
	0x89,0x82,0x81,0x81,0x7f,0x87,0xc8,0xd3,0xcf,0xd1,0xd6,0xd4,0xcc,0xcc,0xd1,0xcf,0xd0,0xd2,0xd1,0xd2,
	0x2a,0x28,0x29,0x29,0x28,0x28,0x2a,0x2a,0x29,0x29,0x29,0x29,0x29,0x29,0x29,0x28,0x28,0x28,0x27,0x29,
	0x29,0x2b,0x68,0x6a,0x6a,0x6a,0x6a,0x6a,0x6a,0x6a,0x6a,0x6a,0x85,0x73,0x98,0x91,0x88,0x77,0x87,0x90,
	0x93,0x83,0x8d,0x7f,0xa1,0xa7,0xa2,0xa3,0xaa,0xaa,0xaa,0xaa,0xaa,0xaa,0xaa,0xaa,0xaa,0xaa,0xaa,0xaa,
	0xaa,0xaa,0xaa,0xaa,0x4f,0x4f,0x4d,0x4f,0x50,0x4f,0x50,0x50,0x4f,0x4f,0x54,0x55,0x58,0x5b,0x74,0x7a,
	0x78,0x79,0x75,0x71,0x84,0x83,0x7f,0x7c,0x7d,0x7e,0x7f,0x7e,0x7c,0x7d,0x7a,0x7c,0x80,0x7f,0x7f,0x7c,
	0x7d,0x7d,0x82,0x82,0x81,0x81,0x7d,0x74,0x8e,0x84,0x82,0x81,0x80,0x89,0xc2,0xce,0xcc,0xd1,0xd6,0xd4,
	0xce,0xcd,0xd2,0xce,0xcf,0xd1,0xd0,0xd1,0x2a,0x28,0x29,0x29,0x28,0x28,0x2a,0x2a,0x29,0x29,0x29,0x29,
	0x29,0x29,0x29,0x28,0x28,0x28,0x28,0x29,0x29,0x2b,0x68,0x6a,0x6a,0x6a,0x6a,0x6a,0x6a,0x6a,0x6a,0x6a,
	0x8c,0x75,0x99,0x9d,0x95,0x8b,0x6f,0x77,0x8c,0x6f,0x6a,0x98,0xa2,0x9e,0xa4,0xa3,0xaa,0xaa,0xaa,0xaa,
	0xaa,0xaa,0xaa,0xaa,0xaa,0xaa,0xaa,0xaa,0xaa,0xaa,0xaa,0xaa,0x4f,0x4f,0x4e,0x4f,0x51,0x4f,0x50,0x51,
	0x50,0x50,0x53,0x54,0x55,0x56,0x6b,0x6f,0x6d,0x6e,0x6b,0x69,0x7f,0x7f,0x81,0x7d,0x7e,0x7f,0x80,0x7f,
	0x7d,0x7f,0x7c,0x7d,0x80,0x80,0x81,0x7e,0x7f,0x80,0x83,0x82,0x81,0x80,0x7c,0x74,0x97,0x8f,0x8d,0x8c,
	0x8b,0x92,0xbf,0xca,0xc8,0xcf,0xd4,0xd4,0xd2,0xd2,0xd6,0xd1,0xd1,0xd2,0xd0,0xd1,0x2a,0x28,0x29,0x29,
	0x28,0x28,0x2a,0x2a,0x29,0x29,0x29,0x29,0x29,0x29,0x29,0x28,0x28,0x28,0x28,0x29,0x29,0x2b,0x68,0x6a,
	0x6a,0x6a,0x6a,0x6a,0x6a,0x6a,0x6a,0x6a,0x83,0x77,0x83,0x8f,0x99,0x83,0x81,0x97,0x99,0x98,0x8a,0x8e,
	0xa9,0xa6,0xa2,0x9d,0xaa,0xaa,0xaa,0xaa,0xaa,0xaa,0xaa,0xaa,0xaa,0xaa,0xaa,0xaa,0xaa,0xaa,0xaa,0xaa,
	0x51,0x51,0x50,0x51,0x54,0x51,0x52,0x52,0x51,0x50,0x51,0x51,0x50,0x4f,0x5d,0x60,0x5e,0x60,0x60,0x5e,
	0x52,0x50,0x8e,0x8e,0x90,0x91,0x91,0x91,0x8e,0x90,0x8e,0x8f,0x91,0x90,0x8f,0x8c,0x8d,0x8c,0x8e,0x8e,
	0x8d,0x8f,0x92,0x98,0xc0,0xbf,0xc4,0xc5,0xc6,0xc6,0xdf,0xe0,0xd6,0xd6,0xd3,0xd1,0xd0,0xd0,0xd4,0xd1,
	0xd2,0xd4,0xd2,0xd4,0x2a,0x28,0x29,0x29,0x28,0x28,0x2a,0x2a,0x29,0x29,0x29,0x29,0x29,0x29,0x29,0x29,
	0x29,0x29,0x28,0x29,0x29,0x2b,0x68,0x6a,0x6a,0x6a,0x6a,0x6a,0x6a,0x6a,0x6a,0x6a,0x7c,0x89,0x7a,0x95,
	0x94,0x94,0x8c,0x90,0x8e,0x90,0x83,0x96,0xa4,0xa4,0xa3,0x9f,0xa9,0xaa,0xaa,0xaa,0xaa,0xaa,0xaa,0xaa,
	0xaa,0xaa,0xaa,0xaa,0xaa,0xaa,0xaa,0xaa,0x52,0x52,0x51,0x51,0x54,0x51,0x52,0x52,0x52,0x50,0x50,0x50,
	0x4d,0x4b,0x55,0x56,0x54,0x56,0x57,0x58,0x4f,0x4e,0x8f,0x8f,0x91,0x93,0x92,0x93,0x91,0x94,0x91,0x92,
	0x92,0x92,0x90,0x8f,0x90,0x8f,0x8e,0x8d,0x8c,0x8e,0x91,0x98,0xc9,0xcb,0xd0,0xd1,0xd2,0xd0,0xdd,0xdb,
	0xd2,0xd3,0xd0,0xd0,0xd2,0xd3,0xd6,0xd2,0xd3,0xd3,0xd1,0xd3,0x2a,0x28,0x29,0x29,0x28,0x28,0x2a,0x2a,
	0x29,0x29,0x29,0x29,0x29,0x29,0x29,0x29,0x29,0x29,0x29,0x29,0x29,0x2b,0x68,0x6a,0x6a,0x6a,0x6a,0x6a,
	0x6a,0x6a,0x6a,0x6a,0x8a,0x8c,0x76,0x79,0x6c,0x8a,0x79,0x8b,0x70,0x8d,0x73,0x6f,0xa1,0xa3,0xa3,0xaf,
	0xaa,0xaa,0xaa,0xaa,0xaa,0xaa,0xaa,0xaa,0xaa,0xaa,0xaa,0xaa,0xaa,0xaa,0xaa,0xaa,0x50,0x50,0x4f,0x50,
	0x53,0x50,0x51,0x51,0x52,0x52,0x51,0x52,0x4f,0x4c,0x52,0x52,0x50,0x52,0x54,0x55,0x4f,0x4f,0x91,0x91,
	0x91,0x92,0x91,0x91,0x90,0x93,0x91,0x92,0x92,0x92,0x91,0x90,0x91,0x90,0x8f,0x8e,0x8d,0x8d,0x8f,0x95,
	0xcc,0xcd,0xd0,0xd1,0xd2,0xd0,0xd6,0xd6,0xcf,0xd2,0xd0,0xd1,0xd5,0xd5,0xd7,0xd2,0xd2,0xd2,0xd0,0xd2,
	0x2a,0x28,0x29,0x29,0x28,0x28,0x2a,0x2a,0x29,0x29,0x29,0x29,0x29,0x29,0x29,0x29,0x29,0x29,0x29,0x29,
	0x29,0x2b,0x68,0x6a,0x6a,0x6a,0x6a,0x6a,0x6a,0x6a,0x6a,0x6a,0x8e,0x93,0x8c,0xa1,0x8b,0x75,0x75,0x86,
	0x92,0x88,0x7a,0x88,0x9e,0xa2,0xa3,0xa6,0xa8,0xaa,0xaa,0xaa,0xaa,0xaa,0xaa,0xaa,0xaa,0xaa,0xaa,0xaa,
	0xaa,0xaa,0xaa,0xaa,0x50,0x50,0x50,0x4f,0x52,0x4f,0x50,0x51,0x53,0x52,0x52,0x54,0x51,0x4f,0x52,0x51,
	0x50,0x51,0x53,0x54,0x50,0x50,0x92,0x91,0x91,0x92,0x90,0x91,0x90,0x93,0x92,0x92,0x8d,0x8c,0x8c,0x8d,
	0x8f,0x90,0x8f,0x90,0x90,0x91,0x92,0x97,0xd2,0xd0,0xd2,0xd2,0xd3,0xd2,0xd4,0xd5,0xd0,0xd5,0xd1,0xd2,
	0xd4,0xd3,0xd4,0xcf,0xce,0xcf,0xce,0xd0,0x2a,0x28,0x29,0x29,0x28,0x28,0x2a,0x2a,0x29,0x29,0x29,0x29,
	0x29,0x29,0x29,0x29,0x29,0x29,0x29,0x29,0x29,0x2b,0x68,0x6a,0x6a,0x6a,0x6a,0x6a,0x6a,0x6a,0x6a,0x6a,
	0x7f,0x9a,0x8a,0x86,0x82,0x6c,0x7c,0x8c,0x77,0x93,0x9a,0x82,0xa2,0xa0,0xa0,0xa7,0xaa,0xaa,0xaa,0xaa,
	0xaa,0xaa,0xaa,0xaa,0xaa,0xaa,0xaa,0xaa,0xaa,0xaa,0xaa,0xaa,0x52,0x52,0x51,0x51,0x53,0x50,0x50,0x50,
	0x52,0x52,0x52,0x54,0x52,0x50,0x52,0x51,0x4f,0x50,0x52,0x53,0x50,0x51,0x92,0x92,0x91,0x92,0x90,0x91,
	0x92,0x94,0x93,0x93,0x8f,0x8e,0x8e,0x8f,0x91,0x91,0x91,0x92,0x90,0x91,0x92,0x95,0xd3,0xd0,0xd1,0xd0,
	0xd0,0xd1,0xd1,0xd3,0xcf,0xd3,0xd0,0xd0,0xd2,0xd1,0xd3,0xd0,0xd0,0xd3,0xd3,0xd6,0x2a,0x28,0x29,0x29,
	0x28,0x28,0x2a,0x2a,0x29,0x29,0x29,0x29,0x29,0x29,0x29,0x29,0x29,0x29,0x29,0x29,0x29,0x2b,0x68,0x6a,
	0x6a,0x6a,0x6a,0x6a,0x6a,0x6a,0x6a,0x6a,0x82,0x76,0x79,0x93,0x88,0x77,0x85,0x8f,0x73,0x93,0x98,0x7c,
	0x9f,0x9e,0xa0,0xa1,0xaa,0xaa,0xaa,0xaa,0xaa,0xaa,0xaa,0xaa,0xaa,0xaa,0xaa,0xaa,0xaa,0xaa,0xaa,0xaa,
	0x52,0x52,0x52,0x51,0x53,0x50,0x50,0x50,0x52,0x52,0x51,0x54,0x53,0x51,0x52,0x51,0x50,0x50,0x52,0x52,
	0x51,0x51,0x93,0x92,0x91,0x92,0x90,0x91,0x92,0x93,0x92,0x92,0x91,0x90,0x90,0x91,0x91,0x90,0x90,0x91,
	0x8e,0x8f,0x91,0x93,0xd3,0xcf,0xd1,0xd0,0xd0,0xd2,0xd1,0xd4,0xcf,0xd3,0xd1,0xd0,0xd1,0xd0,0xd3,0xd0,
	0xd0,0xd3,0xd2,0xd5,0x2a,0x28,0x29,0x29,0x28,0x28,0x2a,0x2a,0x29,0x29,0x29,0x29,0x29,0x29,0x29,0x29,
	0x29,0x29,0x29,0x29,0x29,0x2b,0x68,0x6a,0x6a,0x6a,0x6a,0x6a,0x6a,0x6a,0x6a,0x6a,0x70,0x84,0x89,0x7a,
	0x90,0x86,0x78,0x81,0x8e,0x8f,0x6d,0x99,0x9e,0xa7,0xa2,0xa5,0xaa,0xaa,0xaa,0xaa,0xaa,0xaa,0xaa,0xaa,
	0xaa,0xaa,0xaa,0xaa,0xaa,0xaa,0xaa,0xaa,0x51,0x51,0x51,0x50,0x52,0x50,0x50,0x50,0x52,0x51,0x51,0x54,
	0x53,0x52,0x51,0x51,0x50,0x50,0x51,0x51,0x52,0x52,0x93,0x93,0x91,0x93,0x90,0x91,0x91,0x92,0x90,0x90,
	0x91,0x90,0x90,0x91,0x91,0x90,0x90,0x92,0x8f,0x8f,0x92,0x93,0xd4,0xce,0xd1,0xd0,0xcf,0xd3,0xd1,0xd5,
	0xd1,0xd4,0xd2,0xd2,0xd1,0xd1,0xd4,0xd1,0xcf,0xd1,0xd0,0xd2,0x2a,0x28,0x29,0x29,0x28,0x28,0x2a,0x2a,
	0x29,0x29,0x29,0x29,0x29,0x29,0x29,0x29,0x29,0x29,0x29,0x29,0x29,0x2b,0x68,0x6a,0x6a,0x6a,0x6a,0x6a,
	0x6a,0x6a,0x6a,0x6a,0x88,0x79,0x95,0x7d,0x84,0x75,0x7b,0x75,0x95,0x83,0x73,0x7a,0x9b,0x9f,0xa8,0xa3,
	0xaa,0xaa,0xaa,0xaa,0xaa,0xaa,0xaa,0xaa,0xaa,0xaa,0xaa,0xaa,0xaa,0xaa,0xaa,0xaa,0x50,0x51,0x51,0x50,
	0x52,0x51,0x51,0x51,0x52,0x51,0x50,0x52,0x52,0x51,0x50,0x50,0x4f,0x4f,0x50,0x50,0x51,0x52,0x93,0x94,
	0x92,0x93,0x91,0x91,0x91,0x90,0x8f,0x91,0x91,0x92,0x91,0x92,0x91,0x8f,0x91,0x92,0x8f,0x91,0x94,0x94,
	0xd5,0xcf,0xd2,0xd0,0xce,0xd2,0xd0,0xd4,0xd0,0xd3,0xd1,0xd2,0xd0,0xd1,0xd5,0xd3,0xd1,0xd3,0xd2,0xd2,
	0x2a,0x28,0x29,0x29,0x28,0x28,0x2a,0x2a,0x29,0x29,0x29,0x29,0x29,0x29,0x29,0x29,0x29,0x29,0x29,0x29,
	0x29,0x2b,0x68,0x6a,0x6a,0x6a,0x6a,0x6a,0x6a,0x6a,0x6a,0x6a,0x7a,0x92,0x81,0x72,0x83,0x6f,0x7f,0x6a,
	0x94,0x9b,0x87,0x85,0x9f,0xa5,0xad,0xa1,0xaa,0xaa,0xaa,0xaa,0xaa,0xaa,0xaa,0xaa,0xaa,0xaa,0xaa,0xaa,
	0xaa,0xaa,0xaa,0xaa,0x4f,0x51,0x50,0x50,0x51,0x52,0x51,0x51,0x52,0x50,0x50,0x51,0x52,0x52,0x50,0x50,
	0x50,0x4f,0x50,0x50,0x51,0x52,0x93,0x94,0x92,0x93,0x91,0x91,0x91,0x8f,0x8e,0x90,0x91,0x91,0x90,0x91,
	0x90,0x8e,0x90,0x91,0x8e,0x90,0x93,0x93,0xd7,0xd2,0xd5,0xd5,0xd2,0xd6,0xd3,0xd5,0xd1,0xd2,0xd0,0xd0,
	0xcf,0xd1,0xd4,0xd3,0xd1,0xd2,0xd0,0xd0,0x2a,0x28,0x29,0x29,0x28,0x28,0x2a,0x2a,0x29,0x29,0x29,0x29,
	0x29,0x29,0x29,0x29,0x29,0x29,0x29,0x29,0x29,0x2b,0x68,0x6a,0x6a,0x6a,0x6a,0x6a,0x6a,0x6a,0x6a,0x6a,
	0x6a,0x6a,0x6a,0x6a,0x6c,0x6c,0x6c,0x68,0x6a,0x6a,0x6a,0x6a,0xa8,0xa8,0xa6,0xa8,0xa9,0xaa,0xaa,0xaa,
	0xaa,0xaa,0xaa,0xaa,0xaa,0xaa,0xaa,0xaa,0xaa,0xaa,0xaa,0xaa,0x4f,0x50,0x50,0x50,0x51,0x52,0x51,0x51,
	0x52,0x51,0x51,0x52,0x52,0x53,0x51,0x52,0x51,0x51,0x51,0x51,0x52,0x52,0x92,0x94,0x92,0x92,0x91,0x91,
	0x91,0x8f,0x8e,0x90,0x92,0x92,0x92,0x93,0x93,0x90,0x92,0x91,0x8e,0x8e,0x90,0x8f,0xd4,0xd1,0xd4,0xd5,
	0xd3,0xd8,0xd3,0xd4,0xd1,0xd1,0xd0,0xd1,0xd0,0xd3,0xd5,0xd4,0xd1,0xd2,0xcf,0xce,0x2a,0x28,0x29,0x29,
	0x28,0x28,0x2a,0x2a,0x29,0x29,0x29,0x29,0x29,0x29,0x29,0x29,0x29,0x29,0x29,0x29,0x29,0x2b,0x68,0x6a,
	0x6a,0x6a,0x6a,0x6a,0x6a,0x6a,0x6a,0x6a,0x6a,0x6a,0x6a,0x6a,0x6b,0x6b,0x6b,0x69,0x6a,0x6a,0x6a,0x6a,
	0xa9,0xaa,0xa8,0xa9,0xa9,0xaa,0xaa,0xaa,0xaa,0xaa,0xaa,0xaa,0xaa,0xaa,0xaa,0xaa,0xaa,0xaa,0xaa,0xaa,
	0x50,0x52,0x52,0x51,0x51,0x53,0x51,0x52,0x52,0x51,0x51,0x51,0x53,0x53,0x51,0x52,0x51,0x51,0x51,0x51,
	0x52,0x51,0x92,0x94,0x92,0x92,0x91,0x91,0x93,0x90,0x90,0x91,0x90,0x8f,0x8f,0x92,0x94,0x92,0x94,0x93,
	0x90,0x90,0x90,0x8e,0xd4,0xd2,0xd3,0xd4,0xd3,0xd7,0xd2,0xd3,0xd2,0xd1,0xd0,0xd2,0xd1,0xd3,0xd4,0xd3,
	0xd1,0xd2,0xcf,0xcd,0x2a,0x28,0x29,0x29,0x28,0x28,0x2a,0x2a,0x29,0x29,0x29,0x29,0x29,0x29,0x29,0x29,
	0x29,0x29,0x29,0x29,0x29,0x2b,0x68,0x6a,0x6a,0x6a,0x6a,0x6a,0x6a,0x6a,0x6a,0x6a,0x6a,0x6a,0x6a,0x6a,
	0x6a,0x6a,0x6a,0x6a,0x6a,0x6a,0x6a,0x6a,0xa9,0xaa,0xa8,0xa9,0xaa,0xaa,0xaa,0xaa,0xaa,0xaa,0xaa,0xaa,
	0xaa,0xaa,0xaa,0xaa,0xaa,0xaa,0xaa,0xaa,0x51,0x53,0x52,0x51,0x50,0x53,0x51,0x52,0x52,0x51,0x52,0x51,
	0x53,0x53,0x51,0x51,0x51,0x50,0x50,0x50,0x51,0x51,0x91,0x94,0x92,0x91,0x91,0x91,0x93,0x90,0x91,0x91,
	0x91,0x8f,0x8e,0x90,0x93,0x91,0x92,0x92,0x92,0x92,0x91,0x90,0xd6,0xd4,0xd4,0xd4,0xd3,0xd7,0xd0,0xd1,
	0xd2,0xd1,0xcf,0xd1,0xcf,0xd1,0xd1,0xd1,0xd1,0xd3,0xd2,0xd1,0x2a,0x28,0x29,0x29,0x28,0x28,0x2a,0x2a,
	0x29,0x29,0x29,0x29,0x29,0x29,0x29,0x29,0x29,0x29,0x29,0x29,0x29,0x2b,0x68,0x6a,0x6a,0x6a,0x6a,0x6a,
	0x6a,0x6a,0x6a,0x6a,0x6a,0x6a,0x6a,0x6a,0x6a,0x6a,0x6a,0x6a,0x6a,0x6a,0x6a,0x6a,0xaa,0xaa,0xa8,0xa9,
	0xaa,0xaa,0xaa,0xaa,0xaa,0xaa,0xaa,0xaa,0xaa,0xaa,0xaa,0xaa,0xaa,0xaa,0xaa,0xaa,0x50,0x51,0x51,0x50,
	0x4f,0x53,0x51,0x53,0x53,0x52,0x53,0x52,0x53,0x53,0x52,0x52,0x52,0x51,0x51,0x52,0x52,0x52,0x91,0x94,
	0x91,0x90,0x90,0x90,0x92,0x8f,0x90,0x92,0x94,0x93,0x92,0x92,0x94,0x91,0x91,0x90,0x91,0x92,0x91,0x8f,
	0xd5,0xd6,0xd4,0xd4,0xd3,0xd6,0xd0,0xd1,0xd3,0xd2,0xcf,0xd1,0xcf,0xd1,0xd0,0xd1,0xd2,0xd6,0xd6,0xd5,
	0x2a,0x28,0x29,0x29,0x28,0x28,0x2a,0x2a,0x29,0x29,0x29,0x29,0x29,0x29,0x29,0x29,0x29,0x29,0x29,0x29,
	0x29,0x2b,0x68,0x6a,0x6a,0x6a,0x6a,0x6a,0x6a,0x6a,0x6a,0x6a,0x6a,0x6a,0x6a,0x6a,0x6a,0x6a,0x6a,0x6a,
	0x6a,0x6a,0x6a,0x6a,0xaa,0xaa,0xa8,0xa9,0xaa,0xaa,0xaa,0xaa,0xaa,0xaa,0xaa,0xaa,0xaa,0xaa,0xaa,0xaa,
	0xaa,0xaa,0xaa,0xaa,0x4f,0x51,0x50,0x4f,0x4e,0x53,0x50,0x53,0x53,0x53,0x54,0x52,0x53,0x52,0x50,0x51,
	0x51,0x51,0x51,0x51,0x52,0x52,0x91,0x94,0x91,0x90,0x90,0x8f,0x91,0x8e,0x90,0x91,0x91,0x90,0x8f,0x91,
	0x93,0x91,0x91,0x91,0x91,0x93,0x91,0x91,0xd7,0xd9,0xd7,0xd7,0xd6,0xd8,0xd2,0xd2,0xd4,0xd3,0xd1,0xd4,
	0xd1,0xd2,0xd0,0xd0,0xd0,0xd2,0xd1,0xd0,0x2a,0x28,0x29,0x29,0x28,0x28,0x2a,0x2a,0x29,0x29,0x29,0x29,
	0x29,0x29,0x29,0x29,0x29,0x29,0x29,0x29,0x29,0x2b,0x68,0x6a,0x6a,0x6a,0x6a,0x6a,0x6a,0x6a,0x6a,0x6a,
	0x6a,0x6a,0x6a,0x6a,0x6a,0x6a,0x6a,0x6a,0x6a,0x6a,0x6a,0x6a,0xaa,0xaa,0xa8,0xa9,0xaa,0xaa,0xaa,0xaa,
	0xaa,0xaa,0xaa,0xaa,0xaa,0xaa,0xaa,0xaa,0xaa,0xaa,0xaa,0xaa,0x52,0x52,0x52,0x51,0x50,0x54,0x50,0x53,
	0x52,0x52,0x53,0x50,0x51,0x51,0x4e,0x4f,0x4f,0x4f,0x4f,0x50,0x51,0x51,0x91,0x94,0x92,0x90,0x91,0x90,
	0x93,0x90,0x91,0x91,0x8f,0x8e,0x8f,0x91,0x95,0x93,0x93,0x92,0x92,0x92,0x90,0x8e,0xd2,0xd4,0xd2,0xd1,
	0xcf,0xd0,0xcc,0xcc,0xcf,0xce,0xce,0xd3,0xd1,0xd3,0xd2,0xd2,0xd2,0xd3,0xd1,0xd0,0x2a,0x28,0x29,0x29,
	0x28,0x28,0x2a,0x2a,0x29,0x29,0x29,0x29,0x29,0x29,0x29,0x29,0x29,0x29,0x29,0x29,0x29,0x2b,0x68,0x6a,
	0x6a,0x6a,0x6a,0x6a,0x6a,0x6a,0x6a,0x6a,0x6a,0x6a,0x6a,0x6a,0x6a,0x6a,0x6a,0x6a,0x6a,0x6a,0x6a,0x6a,
	0xaa,0xaa,0xa8,0xa9,0xaa,0xaa,0xaa,0xaa,0xaa,0xaa,0xaa,0xaa,0xaa,0xaa,0xaa,0xaa,0xaa,0xaa,0xaa,0xaa,
	0x53,0x53,0x53,0x52,0x50,0x54,0x50,0x52,0x51,0x52,0x52,0x50,0x51,0x51,0x4f,0x50,0x4f,0x50,0x50,0x51,
	0x52,0x51,0x91,0x94,0x92,0x90,0x91,0x90,0x93,0x90,0x91,0x92,0x91,0x90,0x91,0x93,0x95,0x92,0x92,0x90,
	0x90,0x92,0x92,0x92,0xd6,0xda,0xd8,0xd8,0xd6,0xd6,0xd3,0xd2,0xd1,0xcf,0xce,0xd1,0xce,0xd0,0xd0,0xd2,
	0xd4,0xd5,0xd5,0xd4,0x2a,0x28,0x29,0x29,0x28,0x28,0x2a,0x2a,0x29,0x29,0x29,0x29,0x29,0x29,0x29,0x29,
	0x29,0x29,0x29,0x29,0x29,0x2b,0x68,0x6a,0x6a,0x6a,0x6a,0x6a,0x6a,0x6a,0x6a,0x6a,0x6a,0x6a,0x6a,0x6a,
	0x6a,0x6a,0x6a,0x6a,0x6a,0x6a,0x6a,0x6a,0xaa,0xaa,0xa8,0xa9,0xaa,0xaa,0xaa,0xaa,0xaa,0xaa,0xaa,0xaa,
	0xaa,0xaa,0xaa,0xaa,0xaa,0xaa,0xaa,0xaa,0x53,0x52,0x53,0x52,0x50,0x53,0x4f,0x52,0x51,0x52,0x53,0x51,
	0x53,0x53,0x51,0x52,0x52,0x53,0x53,0x53,0x54,0x52,0x92,0x94,0x92,0x90,0x91,0x8f,0x91,0x8f,0x90,0x8f,
	0x8e,0x8c,0x8e,0x90,0x92,0x91,0x92,0x91,0x91,0x92,0x92,0x90,0xcf,0xd1,0xcf,0xce,0xcb,0xcd,0xcf,0xd1,
	0xd2,0xd1,0xd2,0xd5,0xd0,0xcf,0xcf,0xd0,0xd0,0xd0,0xcf,0xcd,0x2a,0x28,0x29,0x29,0x28,0x28,0x2a,0x2a,
	0x29,0x29,0x29,0x29,0x29,0x29,0x29,0x29,0x29,0x29,0x29,0x29,0x29,0x2b,0x68,0x6a,0x6a,0x6a,0x6a,0x6a,
	0x6a,0x6a,0x6a,0x6a,0x6a,0x6a,0x6a,0x6a,0x6a,0x6a,0x6a,0x6a,0x6a,0x6a,0x6a,0x6a,0xaa,0xaa,0xa8,0xa9,
	0xaa,0xaa,0xaa,0xaa,0xaa,0xaa,0xaa,0xaa,0xaa,0xaa,0xaa,0xaa,0xaa,0xaa,0xaa,0xaa,0x54,0x53,0x54,0x53,
	0x51,0x54,0x4f,0x52,0x50,0x51,0x52,0x50,0x52,0x53,0x51,0x52,0x52,0x53,0x53,0x53,0x54,0x51,0x91,0x93,
	0x93,0x90,0x91,0x8f,0x91,0x8f,0x90,0x91,0x91,0x91,0x93,0x92,0x93,0x90,0x91,0x91,0x90,0x93,0x95,0x94,
	0xd3,0xd6,0xd5,0xd3,0xd1,0xd2,0xd6,0xd6,0xd5,0xd3,0xd3,0xd4,0xce,0xce,0xcf,0xd1,0xd3,0xd4,0xd4,0xd3,
	0x2a,0x28,0x29,0x29,0x28,0x28,0x2a,0x2a,0x29,0x29,0x29,0x29,0x29,0x29,0x29,0x29,0x29,0x29,0x29,0x29,
	0x29,0x2b,0x68,0x6a,0x6a,0x6a,0x6a,0x6a,0x6a,0x6a,0x6a,0x6a,0x6a,0x6a,0x6a,0x6a,0x6a,0x6a,0x6a,0x6a,
	0x6a,0x6a,0x6a,0x6a,0xaa,0xaa,0xa8,0xa9,0xaa,0xaa,0xaa,0xaa,0xaa,0xaa,0xaa,0xaa,0xaa,0xaa,0xaa,0xaa,
	0xaa,0xaa,0xaa,0xaa,0x55,0x53,0x55,0x54,0x53,0x55,0x4f,0x52,0x4f,0x50,0x50,0x4e,0x50,0x50,0x4e,0x4f,
	0x4f,0x50,0x50,0x51,0x52,0x50,0x91,0x93,0x93,0x91,0x93,0x90,0x92,0x91,0x91,0x91,0x91,0x90,0x93,0x92,
	0x93,0x91,0x91,0x91,0x8f,0x92,0x93,0x92,0xd0,0xd2,0xd0,0xce,0xcb,0xcc,0xd0,0xd1,0xcf,0xcf,0xd0,0xd3,
	0xce,0xce,0xd1,0xd3,0xd4,0xd4,0xd4,0xd3,0x2a,0x28,0x29,0x29,0x28,0x28,0x2a,0x2a,0x29,0x29,0x29,0x29,
	0x29,0x29,0x29,0x29,0x29,0x29,0x29,0x29,0x29,0x2b,0x68,0x6a,0x6a,0x6a,0x6a,0x6a,0x6a,0x6a,0x6a,0x6a,
	0x6a,0x6a,0x6a,0x6a,0x6a,0x6a,0x6a,0x6a,0x6a,0x6a,0x6a,0x6a,0xaa,0xaa,0xa8,0xa9,0xaa,0xaa,0xaa,0xaa,
	0xaa,0xaa,0xaa,0xaa,0xaa,0xaa,0xaa,0xaa,0xaa,0xaa,0xaa,0xaa,0x53,0x51,0x54,0x53,0x53,0x55,0x4e,0x52,
	0x4f,0x51,0x50,0x4e,0x50,0x50,0x4d,0x4e,0x4f,0x4f,0x50,0x50,0x52,0x50,0x91,0x93,0x93,0x91,0x92,0x8f,
	0x91,0x90,0x8f,0x8f,0x90,0x90,0x93,0x92,0x92,0x90,0x8f,0x90,0x8f,0x91,0x92,0x92,0xd0,0xd4,0xd2,0xd0,
	0xce,0xce,0xd1,0xd1,0xcf,0xcf,0xd0,0xd4,0xd0,0xd0,0xd2,0xd3,0xd4,0xd2,0xd1,0xd0,0x2a,0x28,0x29,0x29,
	0x28,0x28,0x2a,0x2a,0x29,0x29,0x29,0x29,0x29,0x29,0x29,0x29,0x29,0x29,0x29,0x29,0x29,0x2b,0x68,0x6a,
	0x6a,0x6a,0x6a,0x6a,0x6a,0x6a,0x6a,0x6a,0x6a,0x6a,0x6a,0x6a,0x6a,0x6a,0x6a,0x6a,0x6a,0x6a,0x6a,0x6a,
	0xaa,0xaa,0xa8,0xa9,0xaa,0xaa,0xaa,0xaa,0xaa,0xaa,0xaa,0xaa,0xaa,0xaa,0xaa,0xaa,0xaa,0xaa,0xaa,0xaa,
	0x50,0x4d,0x51,0x51,0x52,0x54,0x4e,0x52,0x4f,0x52,0x51,0x50,0x52,0x52,0x4f,0x50,0x50,0x51,0x51,0x51,
	0x53,0x50,0x91,0x92,0x93,0x91,0x91,0x8e,0x8f,0x8e,0x8d,0x8c,0x96,0x95,0x96,0x93,0x93,0x91,0x8e,0x8f,
	0x8f,0x92,0x92,0x93,0xd2,0xd6,0xd4,0xd2,0xd1,0xd1,0xd3,0xd3,0xd1,0xd2,0xd2,0xd5,0xd3,0xd1,0xd3,0xd4,
	0xd5,0xd4,0xd3,0xd2,0x2a,0x28,0x29,0x29,0x28,0x28,0x2a,0x2a,0x29,0x29,0x29,0x29,0x29,0x29,0x29,0x29,
	0x29,0x29,0x29,0x29,0x29,0x2b,0x68,0x6a,0x6a,0x6a,0x6a,0x6a,0x6a,0x6a,0x6a,0x6a,0x6a,0x6a,0x6a,0x6a,
	0x6a,0x6a,0x6a,0x6a,0x6a,0x6a,0x6a,0x6a,0xaa,0xaa,0xa8,0xa9,0xaa,0xaa,0xaa,0xaa,0xaa,0xaa,0xaa,0xaa,
	0xaa,0xaa,0xaa,0xaa,0xaa,0xaa,0xaa,0xaa,0x50,0x4d,0x52,0x52,0x53,0x54,0x4d,0x51,0x4f,0x52,0x52,0x51,
	0x53,0x53,0x4f,0x50,0x50,0x51,0x51,0x51,0x53,0x50,0x90,0x92,0x93,0x91,0x91,0x8e,0x8f,0x8f,0x8e,0x8d,
	0x94,0x93,0x94,0x91,0x91,0x90,0x8e,0x8f,0x90,0x94,0x92,0x93,0xd3,0xd7,0xd4,0xd1,0xd2,0xd2,0xd2,0xd1,
	0xd1,0xd1,0xd0,0xd4,0xd2,0xd0,0xd1,0xd2,0xd5,0xd4,0xd4,0xd4,0x2a,0x28,0x29,0x29,0x28,0x28,0x2a,0x2a,
	0x29,0x29,0x29,0x29,0x29,0x29,0x29,0x29,0x29,0x29,0x29,0x29,0x29,0x2b,0x68,0x6a,0x6a,0x6a,0x6a,0x6a,
	0x6a,0x6a,0x6a,0x6a,0x6a,0x6a,0x6a,0x6a,0x6a,0x6a,0x6a,0x6a,0x6a,0x6a,0x6a,0x6a,0xaa,0xaa,0xa8,0xa9,
	0xaa,0xaa,0xaa,0xaa,0xaa,0xaa,0xaa,0xaa,0xaa,0xaa,0xaa,0xaa,0xaa,0xaa,0xaa,0xaa,0x53,0x50,0x54,0x53,
	0x54,0x55,0x4d,0x51,0x4f,0x52,0x52,0x51,0x53,0x53,0x4f,0x51,0x50,0x50,0x50,0x50,0x52,0x4f,0x90,0x91,
	0x92,0x91,0x92,0x90,0x91,0x92,0x91,0x91,0x90,0x90,0x92,0x8f,0x91,0x91,0x8e,0x90,0x92,0x95,0x91,0x91,
	0xd2,0xd6,0xd2,0xd0,0xd2,0xd2,0xd0,0xd0,0xd0,0xd1,0xcf,0xd3,0xd2,0xcf,0xcf,0xd0,0xd3,0xd3,0xd3,0xd4,
	0x2a,0x28,0x29,0x29,0x28,0x28,0x2a,0x2a,0x29,0x29,0x29,0x29,0x29,0x29,0x29,0x29,0x29,0x29,0x29,0x29,
	0x29,0x2b,0x68,0x6a,0x6a,0x6a,0x6a,0x6a,0x6a,0x6a,0x6a,0x6a,0x6a,0x6a,0x6a,0x6a,0x6a,0x6a,0x6a,0x6a,
	0x6a,0x6a,0x6a,0x6a,0xaa,0xaa,0xa8,0xa9,0xaa,0xaa,0xaa,0xaa,0xaa,0xaa,0xaa,0xaa,0xaa,0xaa,0xaa,0xaa,
	0xaa,0xaa,0xaa,0xaa,0x54,0x51,0x55,0x54,0x55,0x55,0x4d,0x51,0x4f,0x52,0x52,0x52,0x54,0x54,0x50,0x52,
	0x51,0x51,0x51,0x50,0x52,0x4e,0x8f,0x90,0x92,0x91,0x92,0x90,0x92,0x94,0x93,0x92,0x91,0x90,0x92,0x90,
	0x93,0x94,0x90,0x92,0x93,0x94,0x8f,0x8e,0xd0,0xd5,0xd1,0xd0,0xd4,0xd3,0xd1,0xd1,0xd1,0xd3,0xd0,0xd4,
	0xd4,0xd0,0xd0,0xd0,0xd3,0xd2,0xd2,0xd3,0x2a,0x28,0x29,0x29,0x28,0x28,0x2a,0x2a,0x29,0x29,0x29,0x29,
	0x29,0x29,0x29,0x29,0x29,0x29,0x29,0x29,0x29,0x2b,0x68,0x6a,0x6a,0x6a,0x6a,0x6a,0x6a,0x6a,0x6a,0x6a,
	0x6a,0x6a,0x6a,0x6a,0x6a,0x6a,0x6a,0x6a,0x6a,0x6a,0x6a,0x6a,0xaa,0xaa,0xa8,0xa9,0xaa,0xaa,0xaa,0xaa,
	0xaa,0xaa,0xaa,0xaa,0xaa,0xaa,0xaa,0xaa,0xaa,0xaa,0xaa,0xaa,0x52,0x51,0x51,0x55,0x55,0x54,0x50,0x4d,
	0x54,0x53,0x4f,0x4c,0x4b,0x4c,0x51,0x53,0x51,0x51,0x51,0x51,0x4c,0x57,0x87,0x8a,0x8d,0x8f,0x91,0x92,
	0x92,0x92,0x92,0x92,0x92,0x92,0x92,0x92,0x92,0x92,0x92,0x92,0x92,0x92,0x92,0x92,0xcb,0xd9,0xce,0xcd,
	0xcd,0xcd,0xd0,0xd3,0xd3,0xd1,0xd1,0xd2,0xd2,0xd2,0xd3,0xd1,0xd1,0xd3,0xd3,0xd0,0x2d,0x24,0x28,0x25,
	0x25,0x25,0x26,0x27,0x23,0x2f,0x25,0x2a,0x22,0x27,0x2b,0x1c,0x27,0x27,0x2f,0x2e,0x22,0x2b,0x6c,0x68,
	0x6b,0x6a,0x69,0x6c,0x68,0x68,0x68,0x67,0x66,0x6a,0x6a,0x6d,0x65,0x63,0x6f,0x69,0x6b,0x6b,0x69,0x6a,
	0xaa,0xab,0xa9,0xa9,0xaa,0xaa,0xaa,0xaa,0xaa,0xaa,0xaa,0xaa,0xaa,0xaa,0xaa,0xaa,0xaa,0xaa,0xaa,0xaa,
	0x4e,0x56,0x4b,0x49,0x4c,0x4d,0x4c,0x4a,0x50,0x50,0x50,0x4e,0x4d,0x4e,0x4f,0x51,0x4f,0x4f,0x4f,0x4f,
	0x4e,0x5a,0x8b,0x85,0x88,0x8b,0x8d,0x8e,0x8e,0x8e,0x8e,0x8e,0x8e,0x8e,0x8e,0x8e,0x8e,0x8e,0x8e,0x8e,
	0x8e,0x8e,0x8e,0x8e,0xc9,0xd7,0xd2,0xd5,0xd5,0xd5,0xd4,0xd2,0xd2,0xd3,0xd3,0xd3,0xd3,0xd2,0xd2,0xd3,
	0xd3,0xd2,0xd2,0xd4,0x2e,0x2b,0x29,0x28,0x28,0x28,0x27,0x27,0x2d,0x2a,0x26,0x2f,0x2a,0x21,0x24,0x23,
	0x2d,0x29,0x26,0x32,0x23,0x20,0x64,0x68,0x6b,0x6c,0x67,0x6f,0x6f,0x6b,0x5f,0x69,0x69,0x67,0x6a,0x6e,
	0x69,0x70,0x64,0x65,0x6b,0x6b,0x69,0x6a,0xaa,0xab,0xa9,0xa9,0xaa,0xaa,0xaa,0xaa,0xaa,0xaa,0xaa,0xaa,
	0xaa,0xaa,0xaa,0xaa,0xaa,0xaa,0xaa,0xaa,0x4e,0x4c,0x28,0x1e,0x23,0x26,0x26,0x23,0x21,0x20,0x27,0x23,
	0x22,0x24,0x1e,0x20,0x25,0x25,0x25,0x25,0x22,0x24,0x38,0x2f,0x31,0x33,0x34,0x34,0x34,0x34,0x34,0x34,
	0x34,0x34,0x34,0x34,0x34,0x34,0x34,0x34,0x34,0x34,0x34,0x34,0x44,0x42,0x3e,0x41,0x44,0x45,0x42,0x3f,
	0x40,0x42,0x41,0x41,0x41,0x40,0x40,0x42,0x42,0x3f,0x3f,0x43,0x12,0x12,0x0e,0x14,0x15,0x17,0x18,0x17,
	0x15,0x15,0x1a,0x17,0x17,0x17,0x1b,0x18,0x15,0x10,0x20,0x1c,0x10,0x15,0x21,0x26,0x2f,0x22,0x1b,0x26,
	0x1c,0x2a,0x20,0x22,0x23,0x24,0x24,0x29,0x2d,0x21,0x6c,0x6a,0x6b,0x6b,0x69,0x6a,0xaa,0xab,0xa9,0xa9,
	0xaa,0xaa,0xaa,0xaa,0xaa,0xaa,0xaa,0xaa,0xaa,0xaa,0xaa,0xaa,0xaa,0xaa,0xaa,0xaa,0x52,0x4d,0x25,0x22,
	0x24,0x24,0x22,0x21,0x20,0x24,0x1a,0x1e,0x1d,0x19,0x24,0x20,0x1e,0x1e,0x1e,0x1e,0x1e,0x22,0x2b,0x30,
	0x30,0x30,0x31,0x31,0x31,0x31,0x31,0x31,0x31,0x31,0x31,0x31,0x31,0x31,0x31,0x31,0x31,0x31,0x31,0x31,
	0x38,0x3c,0x3f,0x41,0x42,0x43,0x44,0x44,0x44,0x44,0x44,0x44,0x44,0x44,0x44,0x44,0x44,0x44,0x44,0x44,
	0x14,0x15,0x1d,0x1a,0x1a,0x19,0x18,0x18,0x1d,0x0f,0x16,0x1f,0x1e,0x13,0x18,0x0e,0x0f,0x16,0x12,0x13,
	0x1a,0x16,0x20,0x22,0x27,0x27,0x2b,0x28,0x28,0x21,0x26,0x27,0x27,0x25,0x24,0x26,0x2f,0x28,0x6b,0x69,
	0x6b,0x6b,0x69,0x6a,0xaa,0xab,0xa9,0xa9,0xaa,0xaa,0xaa,0xaa,0xaa,0xaa,0xaa,0xaa,0xaa,0xaa,0xaa,0xaa,
	0xaa,0xaa,0xaa,0xaa,0x52,0x4d,0x23,0x20,0x20,0x21,0x1e,0x25,0x1f,0x22,0x1b,0x16,0x21,0x1d,0x15,0x1a,
	0x1d,0x23,0x21,0x24,0x21,0x22,0x2b,0x2f,0x31,0x31,0x31,0x31,0x31,0x31,0x2f,0x2c,0x2e,0x37,0x34,0x32,
	0x32,0x31,0x2f,0x2c,0x30,0x2e,0x34,0x2e,0x3c,0x3f,0x42,0x43,0x44,0x42,0x43,0x47,0x43,0x3c,0x3d,0x43,
	0x44,0x48,0x48,0x41,0x41,0x3f,0x40,0x41,0x19,0x18,0x18,0x14,0x17,0x17,0x18,0x19,0x1a,0x10,0x14,0x19,
	0x1a,0x13,0x18,0x0b,0x17,0x1e,0x18,0x0d,0x14,0x18,0x27,0x27,0x20,0x29,0x1f,0x27,0x2c,0x25,0x25,0x2c,
	0x26,0x29,0x21,0x27,0x2c,0x25,0x63,0x6a,0x6b,0x6b,0x69,0x6a,0xaa,0xab,0xa9,0xa9,0xaa,0xaa,0xaa,0xaa,
	0xaa,0xaa,0xaa,0xaa,0xaa,0xaa,0xaa,0xaa,0xaa,0xaa,0xaa,0xaa,0x52,0x4c,0x22,0x1e,0x19,0x21,0x1b,0x21,
	0x22,0x2a,0x26,0x1d,0x23,0x23,0x15,0x1c,0x16,0x20,0x1c,0x21,0x1f,0x22,0x2b,0x2f,0x31,0x31,0x31,0x31,
	0x2f,0x31,0x33,0x31,0x31,0x35,0x2a,0x2f,0x2f,0x31,0x33,0x31,0x30,0x30,0x34,0x31,0x3f,0x42,0x42,0x43,
	0x42,0x42,0x42,0x43,0x46,0x3f,0x3a,0x3b,0x41,0x42,0x3f,0x3e,0x45,0x40,0x3b,0x3b,0x11,0x1a,0x19,0x13,
	0x15,0x16,0x15,0x15,0x14,0x13,0x15,0x13,0x1e,0x1d,0x0b,0x1e,0x14,0x0f,0x1d,0x16,0x1b,0x10,0x29,0x23,
	0x22,0x22,0x24,0x2a,0x2b,0x22,0x1f,0x2b,0x24,0x2a,0x27,0x27,0x1f,0x29,0x6c,0x68,0x6b,0x6b,0x69,0x6a,
	0xaa,0xab,0xa9,0xa9,0xaa,0xaa,0xaa,0xaa,0xaa,0xaa,0xaa,0xaa,0xaa,0xaa,0xaa,0xaa,0xaa,0xaa,0xaa,0xaa,
	0x54,0x4f,0x21,0x1f,0x19,0x19,0x93,0x96,0x8e,0x8f,0x1f,0x23,0x29,0x2c,0x92,0x9a,0x92,0x8a,0x21,0x1f,
	0x1e,0x22,0x2b,0x2f,0x31,0x31,0x31,0x31,0x2f,0x33,0x87,0x95,0x8e,0x8b,0x30,0x33,0x30,0x34,0x88,0x95,
	0x91,0x8e,0x2e,0x32,0x42,0x42,0x42,0x41,0x40,0x43,0x43,0x40,0x36,0x46,0x97,0x8d,0x90,0x8b,0x40,0x42,
	0x38,0x43,0x94,0x8f,0x97,0x94,0x1a,0x10,0x15,0x16,0x16,0x17,0x18,0x17,0x16,0x1f,0x16,0x9e,0x99,0x7f,
	0x87,0x80,0x14,0x0f,0x84,0x96,0x8b,0x95,0x90,0x94,0x7e,0x26,0x81,0x90,0x9a,0x8b,0x92,0x97,0x80,0x29,
	0x1d,0x28,0x6a,0x6b,0x6b,0x6b,0x69,0x6a,0xaa,0xab,0xa9,0xa9,0xaa,0xaa,0xaa,0xaa,0xaa,0xaa,0xaa,0xaa,
	0xaa,0xaa,0xaa,0xaa,0xaa,0xaa,0xaa,0xaa,0x56,0x53,0x21,0x20,0x1c,0x94,0x96,0x20,0x29,0x8c,0x8b,0x28,
	0x26,0x8a,0x8f,0x22,0x26,0x8d,0x91,0x22,0x20,0x22,0x2b,0x2f,0x31,0x31,0x31,0x31,0x31,0x89,0x95,0x31,
	0x36,0x91,0x8d,0x32,0x32,0x8a,0x96,0x32,0x27,0x93,0x91,0x33,0x42,0x42,0x42,0x42,0x42,0x44,0x44,0x42,
	0x42,0x8e,0x96,0x3c,0x40,0x8c,0x95,0x3b,0x44,0x8c,0x94,0x3d,0x1a,0x8f,0x92,0x12,0x15,0x16,0x17,0x18,
	0x19,0x19,0x1a,0x16,0x92,0x84,0x2f,0x1a,0x2a,0x8e,0x88,0x20,0x94,0x9f,0x1e,0x28,0x29,0x87,0x8f,0x36,
	0x96,0x98,0x26,0x2c,0x28,0x39,0x34,0x22,0x26,0x29,0x61,0x6a,0x6b,0x6b,0x69,0x6a,0xaa,0xab,0xa9,0xa9,
	0xaa,0xaa,0xaa,0xaa,0xaa,0xaa,0xaa,0xaa,0xaa,0xaa,0xaa,0xaa,0xaa,0xaa,0xaa,0xaa,0x55,0x53,0x22,0x20,
	0x8d,0x96,0x27,0x22,0x1a,0x1e,0x92,0x94,0x92,0x8f,0x1e,0x20,0x1b,0x22,0x8e,0x92,0x1d,0x25,0x32,0x92,
	0x98,0x35,0x2c,0x30,0x91,0x91,0x2e,0x35,0x39,0x34,0x90,0x93,0x91,0x8c,0x31,0x34,0x2a,0x35,0x89,0x8f,
	0x49,0x3a,0x3d,0x8b,0x95,0x40,0x40,0x3e,0x90,0x8d,0x41,0x3f,0x3f,0x40,0x92,0x8e,0x8f,0x8c,0x3e,0x3f,
	0x13,0x1b,0x91,0x92,0x16,0x16,0x18,0x19,0x34,0x38,0x2d,0x2a,0x2b,0x27,0x26,0x2c,0x23,0x91,0x90,0x1c,
	0x16,0x19,0x25,0x24,0x24,0x8d,0x8e,0x36,0x91,0x9a,0x33,0x39,0x34,0x32,0x24,0x21,0x25,0x1d,0x70,0x68,
	0x6a,0x6b,0x69,0x6a,0xaa,0xab,0xa9,0xa9,0xaa,0xaa,0xaa,0xaa,0xaa,0xaa,0xaa,0xaa,0xaa,0xaa,0xaa,0xaa,
	0xaa,0xaa,0xaa,0xaa,0x52,0x50,0x23,0x21,0x94,0x93,0x25,0x2a,0x1a,0x20,0x8f,0x8e,0x8d,0x8f,0x26,0x25,
	0x1a,0x27,0x8c,0x8b,0x13,0x11,0x27,0x8d,0x8f,0x2d,0x2d,0x31,0x97,0x97,0x32,0x30,0x2f,0x32,0x8b,0x90,
	0x91,0x8d,0x35,0x32,0x2c,0x2c,0x8e,0x8a,0x40,0x3c,0x44,0x93,0x8b,0x44,0x41,0x44,0x8a,0x8e,0x3e,0x3b,
	0x3e,0x3c,0x8e,0x8d,0x8d,0x90,0x3e,0x48,0x20,0x17,0x97,0x8b,0x16,0x16,0x17,0x17,0x31,0x3b,0x32,0x34,
	0x32,0x27,0x2e,0x27,0x2b,0x8a,0x87,0x2e,0x17,0x17,0x26,0x2c,0x2a,0x91,0x8e,0x32,0x92,0x93,0x2d,0x30,
	0x32,0x32,0x26,0x28,0x27,0x2b,0x66,0x6f,0x6a,0x6b,0x69,0x6a,0xaa,0xab,0xa9,0xa9,0xaa,0xaa,0xaa,0xaa,
	0xaa,0xaa,0xaa,0xaa,0xaa,0xaa,0xaa,0xaa,0xaa,0xaa,0xaa,0xaa,0x4f,0x4e,0x24,0x22,0x8b,0x92,0x1d,0x8e,
	0x90,0x1b,0x97,0x92,0x91,0x97,0x1f,0x94,0x8a,0x28,0x92,0x92,0x21,0x2d,0x31,0x2e,0x3c,0x2b,0x30,0x33,
	0x8f,0x97,0x2c,0x90,0x96,0x2b,0x92,0x91,0x92,0x94,0x2f,0x93,0x93,0x2c,0x91,0x98,0x44,0x46,0x38,0x47,
	0x43,0x43,0x42,0x42,0x8d,0x90,0x3d,0x8c,0x99,0x42,0x8e,0x90,0x91,0x91,0x47,0x96,0x99,0x19,0x94,0x95,
	0x16,0x16,0x18,0x1a,0x38,0x33,0x3b,0x32,0x29,0x29,0x81,0x8b,0x88,0x86,0x3a,0x2c,0x1c,0x1e,0x24,0x33,
	0x90,0x89,0x35,0x32,0x87,0x92,0x8b,0x92,0x89,0x88,0x29,0x1d,0x21,0x22,0x6f,0x68,0x6a,0x6b,0x69,0x6a,
	0xaa,0xab,0xa9,0xa9,0xaa,0xaa,0xaa,0xaa,0xaa,0xaa,0xaa,0xaa,0xaa,0xaa,0xaa,0xaa,0xaa,0xaa,0xaa,0xaa,
	0x4f,0x4b,0x25,0x22,0x8d,0x92,0x21,0x8b,0x90,0x1c,0x94,0x92,0x91,0x93,0x1d,0x92,0x93,0x29,0x85,0x93,
	0x27,0x23,0x2e,0x2f,0x26,0x31,0x2c,0x33,0x91,0x92,0x34,0x96,0x96,0x32,0x93,0x8e,0x8e,0x94,0x31,0x91,
	0x8f,0x2f,0x8e,0x91,0x43,0x43,0x3e,0x3c,0x3d,0x3b,0x44,0x3a,0x8f,0x8c,0x47,0x8e,0x94,0x44,0x93,0x8f,
	0x91,0x95,0x45,0x8f,0x95,0x15,0x8c,0x94,0x16,0x16,0x18,0x1a,0x36,0x33,0x37,0x35,0x27,0x31,0x2c,0x37,
	0x33,0x8c,0x88,0x2d,0x18,0x15,0x2f,0x8a,0x83,0x27,0x34,0x31,0x35,0x32,0x2f,0x3a,0x31,0x92,0x85,0x24,
	0x23,0x2e,0x6a,0x71,0x69,0x6b,0x69,0x6a,0xaa,0xab,0xa9,0xa9,0xaa,0xaa,0xaa,0xaa,0xaa,0xaa,0xaa,0xaa,
	0xaa,0xaa,0xaa,0xaa,0xaa,0xaa,0xaa,0xaa,0x52,0x4e,0x27,0x21,0x91,0x9a,0x21,0x1e,0x1d,0x1a,0x95,0x94,
	0x94,0x95,0x1f,0x27,0x28,0x1f,0x95,0x95,0x23,0x25,0x37,0x33,0x3d,0x37,0x31,0x32,0x95,0x96,0x38,0x31,
	0x2f,0x31,0x93,0x91,0x92,0x94,0x33,0x30,0x2f,0x30,0x8e,0x94,0x3f,0x44,0x3f,0x3c,0x41,0x42,0x3b,0x3d,
	0x92,0x90,0x3f,0x3f,0x42,0x3c,0x97,0x95,0x94,0x95,0x39,0x46,0x1a,0x17,0x95,0x90,0x20,0x1b,0x14,0x0d,
	0x2f,0x3d,0x36,0x37,0x23,0x35,0x3b,0x2a,0x25,0x8b,0x90,0x32,0x18,0x1a,0x83,0x8b,0x1c,0x37,0x3d,0x33,
	0x32,0x2f,0x31,0x34,0x33,0x8d,0x8b,0x2a,0x24,0x30,0x6e,0x64,0x69,0x6b,0x69,0x6a,0xaa,0xab,0xa9,0xa9,
	0xaa,0xaa,0xaa,0xaa,0xaa,0xaa,0xaa,0xaa,0xaa,0xaa,0xaa,0xaa,0xaa,0xaa,0xaa,0xaa,0x55,0x52,0x25,0x21,
	0x8d,0x8e,0x1d,0x24,0x1b,0x26,0x90,0x8f,0x8e,0x8f,0x2b,0x25,0x26,0x22,0x9a,0x92,0x23,0x1f,0x37,0x86,
	0x88,0x33,0x2e,0x2a,0x8d,0x92,0x3a,0x2c,0x2e,0x2e,0x86,0x8f,0x8f,0x87,0x30,0x31,0x34,0x32,0x8d,0x8b,
	0x3b,0x3e,0x41,0x8a,0x89,0x41,0x39,0x3d,0x8b,0x91,0x45,0x44,0x45,0x45,0x91,0x92,0x90,0x8d,0x41,0x44,
	0x0c,0x18,0x8f,0x8e,0x12,0x18,0x12,0x14,0x30,0x39,0x35,0x30,0x2e,0x2f,0x28,0x2b,0x31,0x92,0x8d,0x2a,
	0x11,0x1c,0x8d,0x94,0x28,0x23,0x2d,0x34,0x3d,0x37,0x29,0x25,0x2a,0x8e,0x8b,0x2f,0x23,0x2d,0x6e,0x67,
	0x68,0x6b,0x69,0x6a,0xaa,0xab,0xa9,0xa9,0xaa,0xaa,0xaa,0xaa,0xaa,0xaa,0xaa,0xaa,0xaa,0xaa,0xaa,0xaa,
	0xaa,0xaa,0xaa,0xaa,0x53,0x53,0x22,0x21,0x1d,0x8e,0x8e,0x27,0x27,0x91,0x93,0x25,0x23,0x91,0x93,0x2c,
	0x25,0x90,0x89,0x29,0x21,0x24,0x30,0x91,0x8b,0x2e,0x2f,0x2e,0x30,0x8f,0x92,0x2f,0x34,0x92,0x91,0x2f,
	0x2e,0x8f,0x91,0x31,0x2b,0x8e,0x96,0x2e,0x3d,0x3a,0x41,0x95,0x8f,0x3e,0x3b,0x3b,0x40,0x93,0x92,0x3f,
	0x3c,0x90,0x94,0x41,0x41,0x94,0x8f,0x42,0x1a,0x93,0x8d,0x15,0x1a,0x16,0x21,0x8a,0x8a,0x39,0x2f,0x2d,
	0x8d,0x96,0x2f,0x20,0x2e,0x94,0x8d,0x27,0x27,0x33,0x94,0x94,0x2b,0x32,0x31,0x30,0x84,0x96,0x3b,0x2a,
	0x2f,0x91,0x8a,0x27,0x24,0x28,0x6b,0x68,0x68,0x6b,0x69,0x6a,0xaa,0xab,0xa9,0xa9,0xaa,0xaa,0xaa,0xaa,
	0xaa,0xaa,0xaa,0xaa,0xaa,0xaa,0xaa,0xaa,0xaa,0xaa,0xaa,0xaa,0x52,0x55,0x20,0x21,0x1d,0x2f,0x8f,0x95,
	0x92,0x94,0x29,0x1f,0x1c,0x22,0x8f,0x8c,0x92,0x8c,0x23,0x1f,0x1f,0x22,0x2c,0x34,0x38,0x30,0x33,0x3b,
	0x2b,0x36,0x8a,0x94,0x90,0x94,0x33,0x2f,0x2f,0x32,0x92,0x8c,0x8f,0x8e,0x2d,0x34,0x42,0x3b,0x41,0x3d,
	0x43,0x45,0x43,0x41,0x3c,0x42,0x93,0x91,0x96,0x93,0x40,0x43,0x44,0x42,0x97,0x92,0x88,0x96,0x17,0x15,
	0x17,0x16,0x10,0x90,0x9b,0x38,0x33,0x37,0x38,0x90,0x97,0x97,0x94,0x8a,0x32,0x27,0x2a,0x2d,0x8e,0x91,
	0x2a,0x2f,0x27,0x33,0x2e,0x8c,0x86,0x96,0x92,0x89,0x2f,0x2c,0x23,0x27,0x68,0x69,0x68,0x6b,0x69,0x6a,
	0xaa,0xab,0xa9,0xa9,0xaa,0xaa,0xaa,0xaa,0xaa,0xaa,0xaa,0xaa,0xaa,0xaa,0xaa,0xaa,0xaa,0xaa,0xaa,0xaa,
	0x52,0x55,0x1f,0x1f,0x22,0x24,0x23,0x20,0x21,0x25,0x25,0x22,0x21,0x1f,0x1d,0x1c,0x1c,0x1e,0x20,0x20,
	0x20,0x23,0x29,0x2e,0x30,0x2f,0x2b,0x2e,0x2e,0x30,0x31,0x31,0x31,0x2f,0x2d,0x2d,0x2b,0x2f,0x2e,0x2f,
	0x30,0x2f,0x2e,0x32,0x3f,0x41,0x42,0x41,0x40,0x40,0x3f,0x3f,0x3f,0x3f,0x3f,0x3f,0x3e,0x3e,0x3e,0x3e,
	0x3e,0x3d,0x3c,0x3b,0x19,0x17,0x15,0x15,0x15,0x15,0x14,0x14,0x15,0x15,0x13,0x17,0x15,0x17,0x29,0x28,
	0x34,0x2f,0x28,0x27,0x29,0x2b,0x2b,0x28,0x29,0x2c,0x32,0x2a,0x2e,0x2c,0x2e,0x35,0x30,0x2b,0x24,0x1d,
	0x20,0x2a,0x6d,0x67,0x68,0x6b,0x69,0x6a,0xaa,0xab,0xa9,0xa9,0xaa,0xaa,0xaa,0xaa,0xaa,0xaa,0xaa,0xaa,
	0xaa,0xaa,0xaa,0xaa,0xaa,0xaa,0xaa,0xaa,0x51,0x54,0x1f,0x1f,0x21,0x23,0x24,0x23,0x23,0x25,0x22,0x21,
	0x1f,0x1e,0x1d,0x1c,0x1c,0x1e,0x20,0x20,0x20,0x23,0x29,0x2e,0x30,0x31,0x2d,0x30,0x30,0x31,0x31,0x31,
	0x30,0x30,0x2e,0x30,0x2d,0x31,0x30,0x30,0x30,0x2e,0x2d,0x31,0x3e,0x41,0x40,0x40,0x40,0x3f,0x40,0x40,
	0x40,0x40,0x40,0x41,0x41,0x41,0x41,0x41,0x41,0x41,0x40,0x3f,0x18,0x16,0x14,0x14,0x14,0x14,0x14,0x14,
	0x15,0x15,0x12,0x16,0x15,0x18,0x2b,0x2c,0x35,0x30,0x2b,0x2a,0x2c,0x2e,0x28,0x24,0x24,0x29,0x2e,0x37,
	0x2c,0x31,0x32,0x2f,0x2a,0x29,0x25,0x30,0x28,0x2b,0x66,0x6e,0x69,0x6b,0x69,0x6a,0xaa,0xab,0xa9,0xa9,
	0xaa,0xaa,0xaa,0xaa,0xaa,0xaa,0xaa,0xaa,0xaa,0xaa,0xaa,0xaa,0xaa,0xaa,0xaa,0xaa,0x51,0x53,0x1e,0x1f,
	0x22,0x23,0x26,0x26,0x24,0x22,0x21,0x1f,0x1e,0x1d,0x1c,0x1c,0x1c,0x1e,0x20,0x20,0x20,0x23,0x29,0x2f,
	0x31,0x32,0x2f,0x31,0x31,0x31,0x31,0x30,0x2f,0x30,0x30,0x31,0x2f,0x33,0x31,0x30,0x30,0x2e,0x2d,0x30,
	0x3f,0x40,0x3f,0x3f,0x3e,0x3e,0x3f,0x40,0x40,0x40,0x40,0x40,0x40,0x40,0x40,0x41,0x41,0x41,0x40,0x3f,
	0x18,0x16,0x14,0x14,0x14,0x14,0x14,0x15,0x16,0x16,0x12,0x17,0x14,0x1a,0x2f,0x31,0x34,0x30,0x2a,0x29,
	0x2d,0x2e,0x29,0x28,0x2e,0x26,0x2e,0x2a,0x2c,0x36,0x31,0x35,0x31,0x2c,0x25,0x26,0x27,0x2d,0x66,0x68,
	0x6a,0x6b,0x69,0x6a,0xaa,0xab,0xa9,0xa9,0xaa,0xaa,0xaa,0xaa,0xaa,0xaa,0xaa,0xaa,0xaa,0xaa,0xaa,0xaa,
	0xaa,0xaa,0xaa,0xaa,0x50,0x52,0x1e,0x1e,0x21,0x24,0x28,0x26,0x23,0x21,0x1f,0x1e,0x1d,0x1d,0x1c,0x1c,
	0x1c,0x1e,0x20,0x20,0x20,0x23,0x29,0x2e,0x32,0x33,0x30,0x31,0x30,0x30,0x31,0x2f,0x30,0x31,0x31,0x33,
	0x30,0x33,0x30,0x2f,0x30,0x2e,0x2d,0x31,0x3e,0x40,0x3e,0x3f,0x3e,0x3e,0x3f,0x3f,0x3f,0x3f,0x3f,0x40,
	0x40,0x40,0x40,0x40,0x40,0x40,0x3f,0x3e,0x19,0x17,0x15,0x15,0x15,0x15,0x15,0x16,0x16,0x16,0x13,0x16,
	0x14,0x1a,0x31,0x33,0x33,0x2e,0x27,0x23,0x2d,0x31,0x2a,0x27,0x31,0x23,0x2b,0x32,0x2f,0x34,0x27,0x2f,
	0x30,0x31,0x1f,0x2f,0x24,0x20,0x6a,0x67,0x6a,0x6b,0x69,0x6a,0xaa,0xab,0xa9,0xa9,0xaa,0xaa,0xaa,0xaa,
	0xaa,0xaa,0xaa,0xaa,0xaa,0xaa,0xaa,0xaa,0xaa,0xaa,0xaa,0xaa,0x53,0x53,0x20,0x1f,0x21,0x1f,0x22,0x21,
	0x20,0x1f,0x1e,0x1d,0x1d,0x1d,0x1c,0x1c,0x1c,0x1e,0x20,0x20,0x20,0x23,0x29,0x2e,0x32,0x33,0x2f,0x30,
	0x30,0x30,0x30,0x2f,0x2f,0x30,0x31,0x33,0x31,0x32,0x30,0x2f,0x2f,0x2e,0x2e,0x32,0x3f,0x41,0x3f,0x3f,
	0x3f,0x3e,0x3f,0x3f,0x3f,0x3f,0x3f,0x3f,0x3e,0x3e,0x3e,0x3e,0x3e,0x3e,0x3d,0x3c,0x18,0x16,0x14,0x14,
	0x14,0x14,0x14,0x15,0x15,0x16,0x13,0x17,0x14,0x19,0x2e,0x2f,0x33,0x2e,0x29,0x27,0x28,0x2e,0x2d,0x26,
	0x24,0x2b,0x2b,0x2c,0x36,0x2a,0x35,0x33,0x38,0x35,0x33,0x2e,0x2b,0x25,0x6e,0x6a,0x6a,0x6b,0x69,0x6a,
	0xaa,0xab,0xa9,0xa9,0xaa,0xaa,0xaa,0xaa,0xaa,0xaa,0xaa,0xaa,0xaa,0xaa,0xaa,0xaa,0xaa,0xaa,0xaa,0xaa,
	0x58,0x58,0x24,0x22,0x21,0x22,0x24,0x21,0x20,0x1e,0x1d,0x1d,0x1d,0x1d,0x1c,0x1c,0x1c,0x1e,0x20,0x20,
	0x20,0x23,0x29,0x2f,0x31,0x32,0x2e,0x2f,0x2f,0x2f,0x30,0x30,0x30,0x30,0x31,0x31,0x2e,0x31,0x30,0x2e,
	0x2f,0x2f,0x2f,0x33,0x40,0x42,0x41,0x40,0x40,0x3f,0x40,0x40,0x3f,0x3f,0x3f,0x3f,0x3f,0x3f,0x3f,0x3f,
	0x3e,0x3e,0x3d,0x3c,0x18,0x16,0x14,0x14,0x14,0x14,0x14,0x15,0x15,0x15,0x14,0x18,0x14,0x16,0x27,0x26,
	0x2f,0x2d,0x2d,0x2c,0x29,0x2a,0x2c,0x28,0x2b,0x29,0x29,0x23,0x2d,0x2f,0x33,0x32,0x32,0x35,0x2d,0x29,
	0x2c,0x25,0x63,0x6e,0x6a,0x6b,0x69,0x6a,0xaa,0xab,0xa9,0xa9,0xaa,0xaa,0xaa,0xaa,0xaa,0xaa,0xaa,0xaa,
	0xaa,0xaa,0xaa,0xaa,0xaa,0xaa,0xaa,0xaa,0x61,0x60,0x29,0x25,0x23,0x22,0x22,0x20,0x1e,0x1d,0x1d,0x1d,
	0x1d,0x1d,0x1d,0x1d,0x1d,0x1e,0x1f,0x20,0x20,0x23,0x2a,0x2e,0x31,0x31,0x2c,0x2e,0x2e,0x30,0x30,0x30,
	0x30,0x30,0x30,0x31,0x2d,0x30,0x2f,0x2e,0x30,0x2f,0x2f,0x33,0x40,0x42,0x42,0x41,0x41,0x41,0x41,0x41,
	0x40,0x40,0x40,0x40,0x40,0x40,0x40,0x40,0x3f,0x3f,0x3e,0x3d,0x19,0x17,0x15,0x15,0x15,0x15,0x14,0x15,
	0x15,0x14,0x15,0x19,0x14,0x12,0x1f,0x1a,0x1b,0x17,0x13,0x14,0x2e,0x2c,0x2b,0x27,0x29,0x2c,0x2b,0x2a,
	0x35,0x83,0x8c,0x93,0x92,0x84,0x2f,0x2e,0x2a,0x2b,0x64,0x6e,0x6a,0x6b,0x69,0x6a,0xaa,0xab,0xa9,0xa9,
	0xaa,0xaa,0xaa,0xaa,0xaa,0xaa,0xaa,0xaa,0xaa,0xaa,0xaa,0xaa,0xaa,0xaa,0xaa,0xaa,0x68,0x65,0x2c,0x27,
	0x25,0x21,0x20,0x1f,0x1d,0x1d,0x1d,0x1d,0x1e,0x1e,0x1e,0x1e,0x1e,0x1f,0x1f,0x21,0x20,0x23,0x2b,0x2e,
	0x32,0x31,0x2c,0x2e,0x2e,0x30,0x30,0x30,0x31,0x31,0x2f,0x31,0x2d,0x30,0x2f,0x30,0x31,0x2f,0x2f,0x32,
	0x3f,0x42,0x41,0x41,0x40,0x41,0x41,0x41,0x41,0x41,0x41,0x41,0x41,0x41,0x41,0x41,0x41,0x41,0x40,0x3f,
	0x1a,0x18,0x16,0x16,0x16,0x16,0x15,0x15,0x14,0x14,0x16,0x19,0x15,0x12,0x19,0x15,0x11,0x12,0x11,0x15,
	0x2d,0x2f,0x2f,0x2e,0x29,0x2a,0x26,0x2d,0x89,0x94,0x34,0x35,0x42,0x90,0x8e,0x2a,0x28,0x26,0x66,0x6a,
	0x6a,0x6b,0x69,0x6a,0xaa,0xab,0xa9,0xa9,0xaa,0xaa,0xaa,0xaa,0xaa,0xaa,0xaa,0xaa,0xaa,0xaa,0xaa,0xaa,
	0xaa,0xaa,0xaa,0xaa,0x6c,0x68,0x2d,0x29,0x29,0x2a,0x2b,0x28,0x21,0x20,0x1f,0x1f,0x1f,0x1f,0x1f,0x20,
	0x21,0x1f,0x1e,0x21,0x21,0x24,0x2e,0x2c,0x31,0x30,0x2d,0x2f,0x2f,0x30,0x31,0x31,0x31,0x31,0x30,0x31,
	0x2e,0x30,0x30,0x30,0x30,0x2e,0x2e,0x31,0x3f,0x40,0x3f,0x3f,0x3f,0x40,0x40,0x40,0x40,0x40,0x40,0x41,
	0x41,0x41,0x41,0x41,0x41,0x41,0x40,0x3f,0x1a,0x18,0x16,0x16,0x16,0x16,0x16,0x15,0x14,0x15,0x16,0x18,
	0x15,0x14,0x16,0x16,0x15,0x16,0x17,0x17,0x2b,0x2b,0x2c,0x2d,0x20,0x2a,0x23,0x2e,0x2f,0x2f,0x29,0x36,
	0x37,0x96,0x8d,0x32,0x25,0x29,0x6d,0x71,0x6a,0x6b,0x69,0x6a,0xaa,0xab,0xa9,0xa9,0xaa,0xaa,0xaa,0xaa,
	0xaa,0xaa,0xaa,0xaa,0xaa,0xaa,0xaa,0xaa,0xaa,0xaa,0xaa,0xaa,0x6c,0x67,0x2c,0x29,0x2b,0x2c,0x2d,0x2a,
	0x22,0x21,0x20,0x21,0x21,0x22,0x22,0x22,0x20,0x1e,0x1c,0x20,0x20,0x24,0x32,0x2d,0x30,0x31,0x2d,0x30,
	0x30,0x31,0x31,0x31,0x31,0x31,0x30,0x32,0x2e,0x32,0x30,0x30,0x30,0x2f,0x2e,0x31,0x3e,0x3f,0x3e,0x3f,
	0x40,0x40,0x41,0x41,0x41,0x41,0x41,0x41,0x41,0x41,0x41,0x41,0x41,0x41,0x40,0x3f,0x1a,0x18,0x16,0x16,
	0x16,0x16,0x16,0x15,0x15,0x15,0x16,0x17,0x15,0x15,0x16,0x16,0x16,0x16,0x17,0x17,0x2b,0x2f,0x2f,0x2f,
	0x23,0x36,0x25,0x2b,0x2c,0x31,0x34,0x33,0x30,0x95,0x8f,0x2e,0x23,0x25,0x6d,0x6c,0x6a,0x6b,0x69,0x6a,
	0xaa,0xab,0xa9,0xa9,0xaa,0xaa,0xaa,0xaa,0xaa,0xaa,0xaa,0xaa,0xaa,0xaa,0xaa,0xaa,0xaa,0xaa,0xaa,0xaa,
	0x6c,0x67,0x2c,0x29,0x2b,0x2c,0x2d,0x2e,0x2f,0x2f,0x2e,0x2b,0x28,0x26,0x23,0x21,0x1f,0x1c,0x19,0x1f,
	0x1d,0x21,0x2e,0x2c,0x32,0x32,0x2f,0x31,0x31,0x31,0x31,0x31,0x30,0x30,0x30,0x31,0x2f,0x31,0x30,0x30,
	0x31,0x2f,0x2e,0x31,0x3e,0x3f,0x3e,0x3f,0x3f,0x3f,0x40,0x40,0x40,0x40,0x40,0x41,0x41,0x41,0x41,0x41,
	0x41,0x41,0x40,0x3f,0x1a,0x18,0x16,0x16,0x16,0x16,0x16,0x16,0x16,0x16,0x16,0x16,0x16,0x16,0x16,0x16,
	0x17,0x17,0x17,0x17,0x2f,0x2f,0x2f,0x2f,0x27,0x27,0x2b,0x31,0x21,0x35,0x89,0x90,0x94,0x90,0x3f,0x28,
	0x30,0x37,0x6a,0x66,0x69,0x6b,0x69,0x6a,0xaa,0xab,0xa9,0xa9,0xaa,0xaa,0xaa,0xaa,0xaa,0xaa,0xaa,0xaa,
	0xaa,0xaa,0xaa,0xaa,0xaa,0xaa,0xaa,0xaa,0x6c,0x67,0x2c,0x29,0x2b,0x2c,0x2d,0x2e,0x32,0x31,0x30,0x2d,
	0x29,0x26,0x24,0x22,0x21,0x20,0x20,0x23,0x20,0x23,0x32,0x31,0x32,0x33,0x30,0x31,0x30,0x30,0x31,0x30,
	0x30,0x30,0x30,0x32,0x2f,0x32,0x31,0x30,0x31,0x30,0x2f,0x32,0x3f,0x41,0x40,0x40,0x3f,0x3f,0x40,0x40,
	0x40,0x40,0x40,0x41,0x41,0x41,0x41,0x41,0x41,0x41,0x40,0x3f,0x1a,0x18,0x16,0x16,0x16,0x16,0x16,0x16,
	0x16,0x16,0x16,0x16,0x16,0x16,0x16,0x16,0x17,0x17,0x17,0x17,0x2f,0x2f,0x2f,0x2f,0x2f,0x24,0x2d,0x26,
	0x2f,0x33,0x38,0x41,0x35,0x8e,0x8f,0x32,0x2c,0x24,0x69,0x67,0x69,0x6b,0x69,0x6a,0xaa,0xab,0xa9,0xa9,
	0xaa,0xaa,0xaa,0xaa,0xaa,0xaa,0xaa,0xaa,0xaa,0xaa,0xaa,0xaa,0xaa,0xaa,0xaa,0xaa,0x6c,0x67,0x2c,0x29,
	0x2b,0x2c,0x2d,0x2e,0x31,0x32,0x34,0x35,0x36,0x36,0x36,0x35,0x26,0x24,0x23,0x25,0x1f,0x20,0x30,0x31,
	0x32,0x33,0x2f,0x30,0x30,0x30,0x30,0x30,0x30,0x30,0x30,0x31,0x2f,0x32,0x30,0x31,0x32,0x30,0x30,0x33,
	0x40,0x41,0x41,0x40,0x3e,0x3f,0x40,0x40,0x40,0x40,0x40,0x41,0x41,0x41,0x41,0x41,0x41,0x42,0x41,0x40,
	0x1a,0x18,0x16,0x16,0x16,0x16,0x16,0x16,0x16,0x16,0x16,0x16,0x16,0x16,0x16,0x16,0x17,0x17,0x17,0x17,
	0x17,0x18,0x1b,0x20,0x27,0x23,0x27,0x28,0x28,0x29,0x3f,0x32,0x36,0x8d,0x97,0x2a,0x27,0x2f,0x6a,0x6d,
	0x6a,0x6b,0x69,0x6a,0xaa,0xab,0xa9,0xa9,0xaa,0xaa,0xaa,0xaa,0xaa,0xaa,0xaa,0xaa,0xaa,0xaa,0xaa,0xaa,
	0xaa,0xaa,0xaa,0xaa,0x6c,0x67,0x2c,0x29,0x2b,0x2c,0x2d,0x2d,0x2e,0x2f,0x31,0x33,0x35,0x36,0x37,0x36,
	0x28,0x27,0x26,0x26,0x1e,0x1d,0x2d,0x2e,0x32,0x32,0x2e,0x2f,0x2f,0x2f,0x30,0x31,0x31,0x32,0x30,0x32,
	0x2f,0x33,0x31,0x31,0x32,0x30,0x30,0x33,0x40,0x41,0x3f,0x40,0x3e,0x3f,0x40,0x40,0x40,0x40,0x40,0x41,
	0x41,0x41,0x41,0x41,0x41,0x42,0x41,0x40,0x1a,0x18,0x16,0x16,0x16,0x16,0x16,0x16,0x16,0x16,0x16,0x16,
	0x16,0x16,0x16,0x16,0x17,0x17,0x17,0x17,0x16,0x19,0x1e,0x25,0x31,0x2b,0x1a,0x28,0x28,0x32,0x36,0x27,
	0x31,0x8f,0x98,0x2c,0x2d,0x29,0x6e,0x6d,0x6a,0x6b,0x69,0x6a,0xaa,0xab,0xa9,0xa9,0xaa,0xaa,0xaa,0xaa,
	0xaa,0xaa,0xaa,0xaa,0xaa,0xaa,0xaa,0xaa,0xaa,0xaa,0xaa,0xaa,0x6b,0x66,0x2c,0x28,0x2b,0x2b,0x2e,0x2f,
	0x35,0x36,0x38,0x38,0x39,0x39,0x39,0x38,0x37,0x37,0x34,0x34,0x28,0x24,0x34,0x34,0x32,0x32,0x2d,0x2f,
	0x2f,0x30,0x30,0x31,0x31,0x33,0x31,0x32,0x2f,0x32,0x31,0x30,0x31,0x30,0x30,0x33,0x3e,0x40,0x3e,0x3e,
	0x3d,0x3e,0x3f,0x3f,0x3f,0x40,0x40,0x41,0x41,0x40,0x41,0x41,0x41,0x42,0x41,0x40,0x18,0x17,0x15,0x15,
	0x15,0x15,0x15,0x15,0x15,0x15,0x15,0x15,0x15,0x15,0x15,0x15,0x17,0x17,0x17,0x17,0x16,0x1a,0x21,0x23,
	0x23,0x25,0x2e,0x2c,0x8a,0x94,0x35,0x31,0x2f,0x8e,0x90,0x38,0x2a,0x27,0x66,0x6d,0x6a,0x6a,0x69,0x6a,
	0xaa,0xaa,0xa9,0xa9,0xaa,0xaa,0xa9,0xa9,0xa9,0xab,0xaa,0xab,0xaa,0xa9,0xaa,0xaa,0xaa,0xab,0xaa,0xaa,
	0x6a,0x66,0x2c,0x28,0x2c,0x2b,0x2f,0x30,0x30,0x32,0x34,0x36,0x38,0x39,0x3a,0x3b,0x39,0x3b,0x38,0x36,
	0x27,0x23,0x30,0x2f,0x32,0x31,0x2e,0x2f,0x2f,0x30,0x30,0x31,0x32,0x34,0x32,0x33,0x30,0x31,0x31,0x32,
	0x31,0x30,0x30,0x33,0x3c,0x3e,0x3d,0x3c,0x3c,0x3e,0x3e,0x3f,0x3f,0x41,0x40,0x41,0x41,0x40,0x40,0x41,
	0x41,0x41,0x41,0x3f,0x17,0x16,0x15,0x15,0x15,0x15,0x15,0x15,0x14,0x14,0x15,0x15,0x15,0x15,0x15,0x15,
	0x17,0x17,0x17,0x17,0x16,0x1a,0x23,0x27,0x2a,0x22,0x21,0x21,0x29,0x8a,0x94,0x96,0x94,0x91,0x43,0x2c,
	0x32,0x30,0x6b,0x69,0x69,0x6a,0x69,0x6a,0xac,0xab,0xaa,0xab,0xaa,0xa9,0xa9,0xaa,0xaa,0xad,0xab,0xac,
	0xab,0xa9,0xab,0xaa,0xaa,0xaa,0xa9,0xab,0x68,0x66,0x2c,0x28,0x2c,0x2b,0x32,0x32,0x32,0x30,0x32,0x34,
	0x37,0x3a,0x3b,0x3c,0x3f,0x3f,0x40,0x42,0x3e,0x40,0x3d,0x3b,0x33,0x32,0x30,0x30,0x30,0x30,0x30,0x31,
	0x33,0x33,0x32,0x32,0x31,0x30,0x31,0x32,0x32,0x2d,0x32,0x31,0x3e,0x3c,0x41,0x3d,0x3e,0x3f,0x3f,0x3f,
	0x3f,0x40,0x40,0x40,0x40,0x40,0x3f,0x40,0x40,0x41,0x40,0x3f,0x1a,0x17,0x15,0x15,0x15,0x15,0x15,0x15,
	0x15,0x15,0x15,0x15,0x15,0x15,0x15,0x16,0x16,0x16,0x17,0x17,0x16,0x1b,0x23,0x2a,0x29,0x25,0x28,0x30,
	0x31,0x2e,0x30,0x30,0x2f,0x2f,0x33,0x32,0x2e,0x2f,0x6e,0x6e,0x6a,0x6c,0x6b,0x6c,0xaa,0xab,0xa7,0xa6,
	0xaa,0xa9,0xa8,0xaa,0xa9,0xae,0xab,0xab,0xaa,0xaa,0xac,0xab,0xab,0xaa,0xa9,0xa9,0x6b,0x69,0x2c,0x29,
	0x2d,0x2a,0x2e,0x30,0x31,0x32,0x33,0x35,0x37,0x3a,0x3b,0x3c,0x3f,0x43,0x3f,0x3d,0x3e,0x3d,0x3a,0x39,
	0x33,0x32,0x32,0x31,0x30,0x30,0x2e,0x2f,0x33,0x32,0x31,0x30,0x2f,0x2f,0x31,0x34,0x35,0x31,0x36,0x35,
	0x43,0x42,0x47,0x44,0x43,0x42,0x41,0x41,0x3f,0x40,0x40,0x40,0x41,0x41,0x41,0x41,0x40,0x40,0x3f,0x3e,
	0x1d,0x1a,0x18,0x18,0x18,0x18,0x18,0x18,0x18,0x18,0x18,0x18,0x18,0x18,0x18,0x18,0x17,0x17,0x17,0x16,
	0x17,0x1b,0x24,0x2a,0x29,0x25,0x27,0x2e,0x2d,0x2d,0x2e,0x2f,0x2f,0x30,0x32,0x2f,0x2a,0x2c,0x69,0x6b,
	0x67,0x68,0x68,0x67,0xa7,0xa7,0xa5,0xa6,0xab,0xab,0xa9,0xab,0xa9,0xae,0xaa,0xaa,0xa9,0xaa,0xac,0xac,
	0xab,0xac,0xa8,0xab,0x69,0x6a,0x28,0x2d,0x2e,0x2d,0x2d,0x2f,0x31,0x31,0x33,0x35,0x37,0x3a,0x3c,0x3c,
	0x3d,0x3d,0x3b,0x3a,0x3b,0x3d,0x3c,0x3b,0x3a,0x38,0x37,0x36,0x34,0x33,0x32,0x31,0x32,0x32,0x31,0x2f,
	0x2f,0x2f,0x30,0x32,0x30,0x2c,0x2d,0x2d,0x3d,0x3c,0x41,0x40,0x3f,0x3f,0x40,0x40,0x40,0x40,0x40,0x3f,
	0x3e,0x3f,0x40,0x40,0x40,0x40,0x3f,0x3d,0x19,0x16,0x14,0x14,0x14,0x14,0x14,0x14,0x14,0x14,0x14,0x14,
	0x14,0x14,0x14,0x15,0x16,0x16,0x17,0x17,0x17,0x1c,0x25,0x2a,0x2a,0x25,0x26,0x2c,0x2b,0x2b,0x2a,0x28,
	0x26,0x23,0x27,0x27,0x25,0x2c,0x6a,0x6e,0x6e,0x6f,0x6d,0x6b,0xac,0xaa,0xa9,0xaa,0xab,0xaa,0xa9,0xaa,
	0xa7,0xac,0xa9,0xac,0xa9,0xa8,0xab,0xaa,0xaa,0xaa,0xa8,0xaa,0x67,0x67,0x23,0x2b,0x2d,0x2c,0x2d,0x2e,
	0x30,0x32,0x34,0x36,0x38,0x3a,0x3c,0x3b,0x3c,0x3e,0x40,0x40,0x3c,0x3e,0x3c,0x3b,0x3a,0x39,0x38,0x37,
	0x35,0x34,0x34,0x33,0x32,0x32,0x30,0x2f,0x2e,0x2e,0x30,0x33,0x33,0x31,0x2f,0x2e,0x42,0x40,0x41,0x40,
	0x40,0x3f,0x3e,0x3e,0x3e,0x3e,0x3e,0x3d,0x3e,0x3e,0x3e,0x3e,0x3e,0x3e,0x3d,0x3b,0x1b,0x18,0x16,0x16,
	0x16,0x16,0x16,0x16,0x16,0x16,0x16,0x16,0x16,0x16,0x16,0x16,0x17,0x17,0x16,0x19,0x17,0x1c,0x25,0x2a,
	0x2b,0x26,0x25,0x2a,0x2a,0x2a,0x29,0x29,0x27,0x26,0x29,0x26,0x26,0x2d,0x66,0x6b,0x6b,0x68,0x67,0x65,
	0xa7,0xa8,0xa9,0xaa,0xaa,0xaa,0xaa,0xac,0xa8,0xae,0xac,0xad,0xa9,0xa8,0xa9,0xab,0xab,0xab,0xa9,0xab,
	0x69,0x6a,0x2e,0x29,0x32,0x2f,0x2f,0x2d,0x32,0x33,0x34,0x36,0x38,0x3a,0x3b,0x3d,0x3f,0x41,0x3b,0x3c,
	0x3b,0x3c,0x3c,0x3b,0x38,0x37,0x37,0x36,0x36,0x35,0x35,0x34,0x34,0x32,0x31,0x2f,0x2e,0x2e,0x2f,0x33,
	0x34,0x32,0x2d,0x2c,0x44,0x43,0x3f,0x3f,0x3f,0x40,0x42,0x42,0x42,0x42,0x41,0x40,0x3f,0x40,0x42,0x42,
	0x42,0x42,0x41,0x3f,0x1b,0x18,0x16,0x16,0x16,0x16,0x16,0x16,0x16,0x16,0x16,0x16,0x16,0x16,0x15,0x14,
	0x13,0x13,0x14,0x15,0x16,0x15,0x2a,0x2a,0x28,0x25,0x23,0x25,0x25,0x25,0x25,0x26,0x25,0x25,0x26,0x23,
	0x26,0x2f,0x64,0x6d,0x6f,0x6e,0x6b,0x69,0xab,0xac,0xae,0xad,0xad,0xab,0xac,0xad,0xa7,0xab,0xa9,0xa8,
	0xa6,0xa7,0xaa,0xad,0xae,0xad,0xab,0xa9,0x69,0x67,0x2f,0x26,0x33,0x31,0x35,0x2f,0x30,0x31,0x33,0x35,
	0x38,0x3b,0x3d,0x40,0x41,0x40,0x44,0x40,0x3d,0x3e,0x3e,0x3d,0x39,0x38,0x37,0x36,0x35,0x34,0x34,0x34,
	0x34,0x33,0x32,0x2f,0x2d,0x2c,0x2d,0x2f,0x2f,0x2c,0x27,0x27,0x47,0x48,0x43,0x43,0x44,0x44,0x44,0x44,
	0x44,0x44,0x44,0x43,0x42,0x43,0x44,0x44,0x44,0x44,0x43,0x41,0x1c,0x19,0x17,0x17,0x17,0x17,0x17,0x17,
	0x17,0x17,0x17,0x17,0x17,0x17,0x17,0x17,0x16,0x13,0x11,0x0f,0x1b,0x15,0x2f,0x22,0x24,0x27,0x28,0x29,
	0x29,0x29,0x2a,0x29,0x29,0x28,0x29,0x27,0x2d,0x35,0x5f,0x66,0x6b,0x6b,0x6a,0x6a,0xac,0xad,0xae,0xae,
	0xab,0xaa,0xaa,0xac,0xa8,0xab,0xaa,0xaa,0xa7,0xa7,0xa9,0xaa,0xac,0xa8,0xa8,0xa6,0x4e,0x52,0x4b,0x59,
	0x78,0x79,0x89,0x85,0x9c,0x9e,0xa2,0xa7,0xac,0xb0,0xb4,0xb8,0xc5,0xc8,0xc7,0xcf,0xc1,0xc6,0xc3,0xc0,
	0xbe,0xbb,0xb9,0xb6,0xb3,0xb1,0xae,0xab,0x9d,0x9b,0x99,0x97,0x91,0x8f,0x8f,0x92,0x93,0x94,0x8f,0x95,
	0xbe,0xc3,0xc1,0xc8,0xcc,0xce,0xd0,0xd0,0xd0,0xd0,0xcf,0xcf,0xce,0xcf,0xd0,0xd0,0xd0,0xd0,0xd0,0xd0,
	0x24,0x24,0x24,0x24,0x24,0x24,0x24,0x24,0x24,0x24,0x24,0x24,0x24,0x24,0x25,0x26,0x27,0x29,0x2a,0x2a,
	0x26,0x2c,0x69,0x6d,0x6b,0x69,0x68,0x67,0x67,0x67,0x67,0x67,0x68,0x68,0x69,0x64,0x62,0x5e,0x73,0x6e,
	0x6d,0x69,0x68,0x67,0xaa,0xa9,0xaa,0xab,0xa8,0xa6,0xa9,0xaa,0xa8,0xad,0xb0,0xae,0xab,0xaa,0xa9,0xa9,
	0xa8,0xa9,0xad,0xad,0x52,0x4d,0x51,0x52,0x7a,0x79,0x8e,0x8c,0x9a,0x9c,0xa1,0xa8,0xaf,0xb6,0xbb,0xc0,
	0xca,0xca,0xcb,0xc8,0xc3,0xc7,0xc5,0xc3,0xc1,0xbe,0xbc,0xb7,0xb2,0xae,0xab,0xa6,0xa3,0xa1,0x9f,0x9e,
	0x93,0x90,0x90,0x90,0x90,0x90,0x8d,0x96,0xc6,0xcf,0xce,0xd0,0xd1,0xd1,0xd1,0xd1,0xd1,0xd1,0xd0,0xd0,
	0xd0,0xd0,0xd1,0xd1,0xd1,0xd1,0xd1,0xd1,0x27,0x27,0x27,0x27,0x27,0x27,0x27,0x27,0x27,0x27,0x27,0x27,
	0x27,0x27,0x27,0x28,0x28,0x28,0x28,0x28,0x26,0x29,0x68,0x67,0x68,0x69,0x69,0x69,0x69,0x69,0x69,0x69,
	0x69,0x6b,0x6c,0x67,0x69,0x62,0x6d,0x66,0x68,0x67,0x6a,0x69,0xaa,0xa8,0xa9,0xab,0xa7,0xa6,0xa9,0xab,
	0xa8,0xab,0xad,0xac,0xaa,0xaa,0xa8,0xa8,0xa7,0xa5,0xab,0xab,0x53,0x53,0x54,0x53,0x52,0x51,0x50,0x50,
	0x9a,0x99,0xa6,0xa7,0xb0,0xb1,0xbe,0xbc,0xc9,0xcd,0xcd,0xd1,0xc6,0xca,0xc7,0xc5,0xc2,0xbd,0xb9,0xb9,
	0xb0,0xb1,0xac,0xa7,0xa0,0x9e,0x9c,0x9b,0x98,0x96,0x90,0x8f,0x95,0x93,0x97,0x91,0xd2,0xcd,0xd1,0xd3,
	0xd5,0xd4,0xd2,0xd1,0xd3,0xd3,0xd0,0xcd,0xce,0xd0,0xd1,0xd1,0xd1,0xd1,0xd1,0xd1,0x29,0x29,0x28,0x27,
	0x27,0x27,0x27,0x28,0x28,0x27,0x27,0x29,0x2a,0x2a,0x26,0x2c,0x29,0x28,0x28,0x28,0x26,0x29,0x68,0x67,
	0x6a,0x6a,0x6a,0x6a,0x6b,0x6a,0x6a,0x6a,0x6a,0x6a,0x6b,0x68,0x6a,0x65,0x6a,0x66,0x6a,0x69,0x6d,0x6b,
	0xad,0xaa,0xaa,0xab,0xa9,0xa7,0xab,0xab,0xa8,0xa9,0xaa,0xa9,0xa7,0xa9,0xaa,0xac,0xab,0xa8,0xad,0xac,
	0x50,0x50,0x50,0x50,0x4f,0x4e,0x4e,0x4f,0x97,0x97,0xa6,0xa9,0xae,0xb2,0xc0,0xc0,0xc9,0xce,0xd0,0xd1,
	0xc8,0xc5,0xc4,0xc5,0xc2,0xbd,0xb8,0xb8,0xb0,0xb1,0xac,0xa8,0xa5,0xa3,0xa2,0xa1,0x9f,0x9c,0x91,0x90,
	0x93,0x92,0x98,0x93,0xd0,0xcd,0xd3,0xd1,0xd0,0xcf,0xce,0xd0,0xd3,0xd5,0xd3,0xd2,0xd2,0xd1,0xd1,0xd1,
	0xd1,0xd1,0xd1,0xd1,0x2c,0x2c,0x2b,0x2a,0x29,0x29,0x28,0x28,0x29,0x29,0x28,0x28,0x28,0x28,0x26,0x29,
	0x27,0x28,0x28,0x28,0x26,0x29,0x68,0x67,0x6a,0x6a,0x6a,0x6a,0x6a,0x6a,0x6a,0x68,0x69,0x6b,0x6c,0x69,
	0x6b,0x68,0x6c,0x67,0x6b,0x69,0x6d,0x6c,0xad,0xad,0xad,0xac,0xaa,0xa8,0xab,0xad,0xaa,0xab,0xab,0xa8,
	0xa7,0xa9,0xa9,0xad,0xac,0xa9,0xac,0xab,0x52,0x51,0x51,0x51,0x50,0x50,0x50,0x50,0x4c,0x50,0x51,0x58,
	0xaf,0xb6,0xb8,0xb9,0xc9,0xca,0xd2,0xd0,0xcb,0xc5,0xc6,0xc3,0xc1,0xbd,0xb8,0xb8,0xaf,0xb0,0xab,0xa9,
	0xa6,0xa4,0xa2,0xa0,0x9c,0x96,0x93,0x92,0x92,0x91,0x98,0x96,0xcd,0xca,0xd2,0xd4,0xd5,0xd6,0xd7,0xd5,
	0xd2,0xcf,0xcf,0xd0,0xd1,0xd1,0xd1,0xd1,0xd1,0xd1,0xd1,0xd1,0x2a,0x2a,0x29,0x29,0x2a,0x2a,0x29,0x29,
	0x29,0x29,0x29,0x28,0x28,0x28,0x26,0x29,0x26,0x28,0x28,0x28,0x26,0x29,0x68,0x67,0x6a,0x6a,0x6a,0x6a,
	0x6a,0x6a,0x6a,0x67,0x67,0x68,0x6a,0x67,0x6b,0x6a,0x6b,0x68,0x6c,0x69,0x6a,0x69,0xa9,0xa8,0xa8,0xa7,
	0xa5,0xa5,0xa8,0xab,0xa9,0xaa,0xac,0xaa,0xa9,0xa8,0xa9,0xac,0xab,0xa9,0xac,0xa9,0x50,0x4f,0x4f,0x4f,
	0x50,0x50,0x51,0x52,0x52,0x50,0x58,0x5c,0xae,0xb2,0xb9,0xb8,0xc6,0xcb,0xd2,0xd1,0xc9,0xc7,0xc7,0xc4,
	0xc0,0xbd,0xb8,0xb8,0xaf,0xb0,0xab,0xa8,0xa6,0xa3,0xa1,0x9f,0x9c,0x96,0x93,0x92,0x91,0x90,0x98,0x99,
	0xc8,0xc9,0xd1,0xcf,0xcf,0xd0,0xd1,0xd0,0xcd,0xcc,0xce,0xd0,0xd1,0xd1,0xd1,0xd1,0xd1,0xd1,0xd1,0xd1,
	0x26,0x26,0x26,0x26,0x26,0x27,0x27,0x27,0x27,0x27,0x27,0x28,0x28,0x28,0x26,0x29,0x24,0x28,0x28,0x28,
	0x26,0x29,0x68,0x67,0x6a,0x6a,0x6a,0x6a,0x6a,0x6a,0x6a,0x68,0x69,0x6c,0x6d,0x6a,0x6c,0x6b,0x6b,0x69,
	0x6e,0x69,0x6b,0x67,0xa7,0xa7,0xa9,0xa8,0xa9,0xa8,0xac,0xad,0xaa,0xaa,0xab,0xa9,0xaa,0xa9,0xa9,0xaa,
	0xa8,0xa6,0xa9,0xa6,0x52,0x51,0x50,0x50,0x50,0x4f,0x51,0x52,0x50,0x4f,0x56,0x53,0x53,0x50,0x56,0x55,
	0xc8,0xc9,0xca,0xcd,0xc8,0xc6,0xc2,0xbd,0xbf,0xbc,0xb7,0xb7,0xaf,0xb0,0xab,0xa8,0xa5,0xa2,0xa0,0x9e,
	0x9b,0x95,0x93,0x95,0x94,0x92,0x93,0x8b,0xa3,0x9b,0x9b,0x9b,0xd0,0xd3,0xd4,0xd3,0xd3,0xd4,0xd4,0xd3,
	0xd2,0xd1,0xd1,0xd1,0xd1,0xd1,0xd1,0xd1,0x2b,0x2b,0x2b,0x2a,0x25,0x25,0x25,0x26,0x26,0x26,0x26,0x28,
	0x28,0x28,0x26,0x29,0x2c,0x28,0x28,0x28,0x26,0x29,0x68,0x67,0x69,0x6a,0x6a,0x6a,0x6a,0x6a,0x69,0x68,
	0x68,0x6a,0x6b,0x69,0x6a,0x6b,0x6a,0x69,0x6e,0x6a,0x6e,0x69,0xa7,0xa8,0xa9,0xa9,0xac,0xab,0xab,0xab,
	0xa8,0xa7,0xa8,0xa9,0xac,0xaa,0xa9,0xa9,0xa9,0xa8,0xac,0xab,0x51,0x51,0x51,0x52,0x52,0x50,0x51,0x51,
	0x4f,0x52,0x53,0x51,0x4f,0x4d,0x4e,0x51,0xc4,0xca,0xc9,0xc8,0xd0,0xcb,0xc4,0xc5,0xbf,0xbc,0xb7,0xb7,
	0xaf,0xb0,0xab,0xa7,0xa4,0xa2,0x9f,0x9d,0x9a,0x95,0x93,0x94,0x93,0x91,0x93,0x8e,0x9d,0x98,0x9b,0x9a,
	0xcf,0xce,0xcb,0xcd,0xd3,0xd5,0xd3,0xd1,0xcf,0xd0,0xd1,0xd1,0xd1,0xd1,0xd1,0xd1,0x28,0x28,0x28,0x27,
	0x26,0x25,0x24,0x26,0x27,0x25,0x24,0x28,0x28,0x28,0x26,0x29,0x29,0x28,0x28,0x28,0x26,0x29,0x68,0x67,
	0x69,0x6a,0x6a,0x6a,0x6a,0x6a,0x69,0x6a,0x6a,0x6c,0x6d,0x6b,0x6a,0x6c,0x6a,0x69,0x6d,0x69,0x6c,0x68,
	0xa6,0xa8,0xa9,0xaa,0xad,0xab,0xab,0xab,0xa9,0xa9,0xaa,0xaa,0xad,0xaa,0xa9,0xa9,0xa8,0xa8,0xad,0xab,
	0x4e,0x4e,0x50,0x52,0x52,0x53,0x52,0x52,0x50,0x4e,0x51,0x4d,0x54,0x50,0x53,0x52,0x54,0x54,0x52,0x62,
	0xbe,0xcc,0xc4,0xc1,0xbe,0xbc,0xb7,0xb7,0xae,0xb0,0xaa,0xa7,0xa4,0xa1,0x9e,0x9c,0x9a,0x95,0x92,0x93,
	0x92,0x90,0x93,0x91,0x99,0x97,0x9a,0x9a,0xa9,0xa6,0xa6,0xb3,0xc6,0xd3,0xd3,0xd0,0xce,0xd0,0xd1,0xd1,
	0xd2,0xd2,0xd2,0xd1,0x2c,0x26,0x28,0x2a,0x2b,0x2c,0x2c,0x2a,0x2a,0x2b,0x2c,0x28,0x27,0x28,0x26,0x29,
	0x38,0x28,0x28,0x28,0x27,0x2a,0x69,0x68,0x6a,0x6a,0x6a,0x6a,0x6a,0x6a,0x69,0x69,0x6a,0x6b,0x6a,0x69,
	0x68,0x6b,0x68,0x68,0x69,0x67,0x6a,0x67,0xa6,0xa8,0xaa,0xaa,0xaf,0xac,0xab,0xaa,0xac,0xab,0xa9,0xaa,
	0xac,0xa9,0xa8,0xa8,0xa5,0xa5,0xa8,0xa8,0x50,0x50,0x51,0x51,0x51,0x50,0x51,0x51,0x4f,0x52,0x4f,0x4f,
	0x53,0x53,0x51,0x54,0x4f,0x57,0x53,0x56,0xc8,0xc9,0xc3,0xc7,0xbe,0xbc,0xb7,0xb7,0xae,0xb0,0xaa,0xa7,
	0xa3,0xa0,0x9e,0x9c,0x9a,0x95,0x92,0x92,0x92,0x90,0x94,0x94,0x98,0x99,0x9c,0x9b,0xa6,0xa2,0xa2,0xb1,
	0xca,0xda,0xd9,0xd3,0xcf,0xd0,0xd1,0xd1,0xd4,0xd4,0xd3,0xd1,0x2c,0x29,0x27,0x27,0x28,0x28,0x29,0x29,
	0x29,0x29,0x29,0x28,0x26,0x28,0x27,0x2a,0x36,0x28,0x28,0x28,0x27,0x2a,0x69,0x68,0x6a,0x6a,0x6a,0x6a,
	0x6b,0x6a,0x6a,0x69,0x69,0x6b,0x6a,0x6a,0x69,0x6d,0x6c,0x6a,0x69,0x66,0x6c,0x68,0xa7,0xa9,0xa9,0xa9,
	0xad,0xa8,0xa6,0xa7,0xaa,0xab,0xa9,0xa8,0xab,0xa9,0xa9,0xa9,0xa7,0xa7,0xab,0xab,0x52,0x51,0x51,0x51,
	0x50,0x50,0x50,0x51,0x4f,0x54,0x50,0x50,0x53,0x54,0x50,0x54,0x52,0x51,0x4f,0x52,0x50,0x50,0x92,0x93,
	0xbb,0xbb,0xbb,0xb8,0xb0,0xad,0xad,0xad,0xa6,0xa3,0xa0,0x9e,0x9a,0x95,0x93,0x92,0x91,0x92,0x94,0x95,
	0x98,0x9a,0x9c,0x9c,0x9a,0x9b,0x9b,0x9d,0x9d,0x9e,0xa0,0xa2,0xd0,0xd1,0xcf,0xd1,0xd2,0xd3,0xd0,0xcc,
	0x2a,0x2a,0x2a,0x2a,0x29,0x29,0x2a,0x2a,0x28,0x27,0x28,0x28,0x26,0x28,0x26,0x29,0x2a,0x2a,0x2a,0x2a,
	0x27,0x2a,0x69,0x68,0x6a,0x6a,0x6a,0x6a,0x6a,0x6a,0x6a,0x69,0x68,0x67,0x68,0x69,0x67,0x6b,0x6b,0x69,
	0x69,0x67,0x6c,0x69,0xa8,0xab,0xa9,0xa9,0xad,0xa9,0xa8,0xa9,0xad,0xad,0xaa,0xa9,0xab,0xaa,0xaa,0xaa,
	0xa9,0xaa,0xab,0xac,0x51,0x50,0x50,0x51,0x51,0x50,0x51,0x51,0x50,0x52,0x51,0x50,0x51,0x51,0x51,0x52,
	0x51,0x50,0x4f,0x51,0x50,0x50,0x90,0x92,0xbc,0xb8,0xb6,0xb3,0xb2,0xb0,0xac,0xa9,0xa6,0xa3,0xa0,0x9e,
	0x9b,0x95,0x93,0x92,0x91,0x93,0x94,0x96,0x98,0x99,0x9b,0x9b,0x9b,0x9b,0x9b,0x9d,0x9e,0x9f,0xa1,0xa3,
	0xd1,0xd1,0xcd,0xce,0xcf,0xcf,0xc9,0xc4,0x26,0x26,0x26,0x26,0x26,0x26,0x26,0x27,0x27,0x27,0x28,0x28,
	0x26,0x28,0x25,0x28,0x2a,0x2a,0x2a,0x2a,0x28,0x2b,0x6a,0x69,0x6a,0x6a,0x6a,0x6a,0x6a,0x6a,0x6a,0x6a,
	0x6b,0x6b,0x6b,0x6a,0x68,0x6c,0x6d,0x6c,0x6c,0x69,0x6d,0x69,0xaa,0xab,0xa9,0xaa,0xae,0xab,0xaa,0xaa,
	0xad,0xac,0xaa,0xa8,0xac,0xab,0xaa,0xaa,0xaa,0xaa,0xaa,0xab,0x51,0x50,0x50,0x51,0x50,0x50,0x50,0x51,
	0x51,0x51,0x52,0x51,0x51,0x51,0x52,0x52,0x51,0x50,0x4f,0x50,0x50,0x4f,0x90,0x92,0x92,0x8e,0x8e,0x96,
	0xa2,0xaa,0xaa,0xa7,0xa4,0xa2,0xa0,0x9e,0x9b,0x95,0x93,0x92,0x92,0x94,0x95,0x97,0x98,0x9a,0x9b,0x9a,
	0x9b,0x9b,0x9b,0x9d,0x9e,0x9f,0xa0,0xa1,0xa3,0xa6,0xac,0xb8,0xc7,0xd2,0xce,0xcc,0x2b,0x2b,0x2b,0x2b,
	0x2b,0x29,0x24,0x25,0x26,0x28,0x28,0x28,0x26,0x29,0x2c,0x28,0x28,0x2a,0x2a,0x2a,0x28,0x2b,0x6a,0x69,
	0x6a,0x6a,0x6a,0x6a,0x6a,0x6a,0x6a,0x69,0x6a,0x6b,0x6a,0x69,0x66,0x68,0x6a,0x69,0x68,0x67,0x6b,0x66,
	0xa7,0xaa,0xa8,0xa9,0xac,0xab,0xaa,0xaa,0xac,0xaa,0xa8,0xa8,0xab,0xaa,0xaa,0xa9,0xaa,0xab,0xa9,0xaa,
	0x51,0x50,0x50,0x51,0x50,0x50,0x50,0x50,0x50,0x50,0x51,0x51,0x50,0x51,0x52,0x52,0x51,0x51,0x4f,0x51,
	0x50,0x4f,0x90,0x91,0x95,0x91,0x91,0x9a,0xa7,0xaf,0xaf,0xaa,0xa4,0xa2,0x9f,0x9d,0x9a,0x95,0x93,0x92,
	0x92,0x94,0x95,0x97,0x98,0x99,0x9a,0x9a,0x9b,0x9b,0x9b,0x9d,0x9e,0x9f,0x9f,0x9f,0xa0,0xa1,0xa7,0xb3,
	0xc1,0xcc,0xcb,0xc4,0x28,0x28,0x28,0x28,0x28,0x27,0x26,0x24,0x24,0x28,0x28,0x28,0x26,0x29,0x29,0x28,
	0x28,0x2a,0x2a,0x2a,0x28,0x2b,0x6a,0x69,0x6a,0x6a,0x6a,0x6a,0x6a,0x6a,0x6a,0x6a,0x6a,0x6c,0x6c,0x69,
	0x67,0x6a,0x6b,0x6c,0x6b,0x69,0x6c,0x68,0xab,0xab,0xa9,0xa8,0xab,0xaa,0xaa,0xa8,0xab,0xa8,0xa8,0xaa,
	0xab,0xac,0xaa,0xa9,0xaa,0xab,0xa9,0xaa,0x52,0x51,0x51,0x51,0x50,0x4f,0x50,0x50,0x50,0x50,0x51,0x50,
	0x50,0x51,0x51,0x52,0x51,0x51,0x50,0x51,0x50,0x50,0x90,0x92,0x94,0x91,0x8e,0x90,0x94,0x95,0x94,0x93,
	0xa0,0x9f,0x9e,0x9c,0x99,0x94,0x92,0x92,0x92,0x94,0x95,0x97,0x98,0x99,0x9a,0x9b,0x9c,0x9c,0x9c,0x9e,
	0x9f,0xa0,0xa2,0xa4,0xa7,0xa8,0xa7,0xa8,0xac,0xad,0xa4,0xa3,0x2e,0x2a,0x2a,0x25,0x29,0x2a,0x2b,0x2c,
	0x2c,0x28,0x27,0x27,0x26,0x29,0x38,0x28,0x2e,0x2a,0x2a,0x2a,0x28,0x2b,0x6a,0x69,0x69,0x6a,0x6a,0x6a,
	0x6a,0x6a,0x69,0x69,0x69,0x68,0x69,0x67,0x65,0x69,0x6a,0x6b,0x6a,0x6b,0x6d,0x6a,0xac,0xad,0xab,0xaa,
	0xad,0xac,0xac,0xab,0xad,0xaa,0xab,0xad,0xad,0xac,0xa9,0xa6,0xa8,0xa8,0xa7,0xa6,0x52,0x51,0x51,0x51,
	0x50,0x50,0x50,0x4f,0x50,0x50,0x50,0x50,0x50,0x51,0x51,0x52,0x51,0x51,0x50,0x51,0x51,0x50,0x90,0x92,
	0x90,0x91,0x91,0x91,0x92,0x92,0x92,0x94,0x9d,0x9c,0x9c,0x9a,0x98,0x94,0x92,0x92,0x92,0x94,0x95,0x97,
	0x98,0x9a,0x9b,0x9d,0x9e,0x9e,0x9e,0xa0,0xa0,0xa1,0xa3,0xa5,0xa7,0xa8,0xa6,0xa9,0xad,0xaf,0xa7,0xa5,
	0x3b,0x32,0x2a,0x29,0x26,0x27,0x28,0x28,0x29,0x28,0x26,0x27,0x27,0x2a,0x36,0x28,0x2b,0x2a,0x2a,0x2a,
	0x28,0x2b,0x6a,0x69,0x69,0x6a,0x6a,0x6a,0x6a,0x6a,0x69,0x69,0x6a,0x6a,0x6b,0x69,0x69,0x6b,0x6a,0x69,
	0x69,0x69,0x6c,0x69,0xac,0xac,0xa9,0xaa,0xac,0xa9,0xa9,0xa7,0xaa,0xa7,0xa8,0xab,0xab,0xab,0xa8,0xa6,
	0xaa,0xaa,0xa9,0xab,0x52,0x52,0x52,0x52,0x51,0x50,0x50,0x50,0x50,0x50,0x50,0x50,0x50,0x51,0x51,0x52,
	0x51,0x51,0x50,0x51,0x51,0x50,0x90,0x92,0x93,0x93,0x94,0x93,0x93,0x93,0x94,0x96,0x97,0x97,0x98,0x96,
	0x95,0x92,0x91,0x90,0x91,0x94,0x96,0x98,0x98,0x9a,0x9c,0x9f,0x9e,0x9e,0x9e,0xa0,0xa2,0xa3,0xa4,0xa5,
	0xa3,0xa1,0xa0,0xa2,0xa7,0xa9,0xa3,0x9f,0x85,0x89,0x7d,0x7a,0x2e,0x29,0x27,0x32,0x27,0x21,0x26,0x27,
	0x27,0x29,0x2b,0x2a,0x3a,0x2a,0x2a,0x2a,0x28,0x2b,0x6a,0x69,0x6a,0x6a,0x6a,0x6a,0x69,0x69,0x69,0x6a,
	0x69,0x68,0x6a,0x67,0x69,0x6c,0x6b,0x6b,0x6b,0x6c,0x6d,0x6a,0xab,0xab,0xa8,0xa9,0xaa,0xa7,0xa7,0xa7,
	0xa9,0xa6,0xa8,0xa9,0xa7,0xa9,0xa7,0xa6,0xa9,0xa7,0xa7,0xa8,0x52,0x52,0x52,0x52,0x51,0x50,0x50,0x50,
	0x50,0x50,0x51,0x51,0x50,0x51,0x51,0x52,0x51,0x51,0x50,0x51,0x51,0x50,0x91,0x92,0x93,0x92,0x91,0x91,
	0x91,0x91,0x90,0x91,0x93,0x93,0x94,0x93,0x93,0x91,0x90,0x8f,0x90,0x93,0x97,0x99,0x98,0x9a,0x9d,0xa0,
	0x9c,0x9c,0x9e,0xa0,0xa1,0xa2,0xa4,0xa6,0xa9,0xa6,0xa4,0xa5,0xa8,0xa8,0xa2,0x9e,0x8f,0x8d,0x81,0x7f,
	0x2e,0x2e,0x24,0x32,0x24,0x29,0x27,0x25,0x26,0x29,0x2a,0x2a,0x38,0x2a,0x2a,0x2a,0x28,0x2b,0x6a,0x69,
	0x6a,0x6a,0x6a,0x6a,0x69,0x69,0x6a,0x6a,0x6b,0x6b,0x6c,0x66,0x69,0x6b,0x69,0x68,0x68,0x69,0x6b,0x67,
	0xa9,0xa8,0xa8,0xaa,0xac,0xa9,0xab,0xaa,0xab,0xa8,0xa7,0xa8,0xa5,0xa9,0xa9,0xa8,0xab,0xa9,0xa8,0xa8,
	0x52,0x51,0x52,0x52,0x51,0x51,0x51,0x51,0x51,0x51,0x51,0x51,0x50,0x51,0x51,0x52,0x51,0x51,0x50,0x51,
	0x51,0x50,0x91,0x92,0x92,0x92,0x90,0x91,0x91,0x90,0x8f,0x8f,0x91,0x92,0x92,0x92,0x91,0x91,0x8f,0x90,
	0x90,0x92,0x94,0x97,0x99,0x9c,0x9c,0xa0,0x93,0x98,0x9b,0x9f,0xa1,0xa1,0xa3,0xa5,0xa6,0xa7,0xa8,0xa8,
	0xa8,0xa7,0xa5,0x9f,0x91,0x8e,0x86,0x82,0x75,0x7c,0x66,0x6a,0x2b,0x26,0x25,0x26,0x2c,0x29,0x25,0x2b,
	0x2d,0x2a,0x2a,0x2a,0x28,0x2b,0x6a,0x69,0x6a,0x6a,0x6a,0x6a,0x6a,0x6a,0x6a,0x69,0x67,0x66,0x68,0x64,
	0x69,0x6a,0x69,0x67,0x68,0x68,0x6c,0x6b,0xac,0xab,0xac,0xae,0xae,0xaa,0xaa,0xa9,0xac,0xaa,0xaa,0xa9,
	0xa7,0xa9,0xa8,0xa8,0xab,0xaa,0xaa,0xad,0x52,0x51,0x52,0x52,0x51,0x51,0x51,0x51,0x51,0x51,0x52,0x51,
	0x51,0x51,0x51,0x52,0x51,0x51,0x50,0x51,0x51,0x50,0x91,0x93,0x91,0x91,0x90,0x91,0x91,0x90,0x90,0x90,
	0x91,0x91,0x91,0x91,0x91,0x91,0x91,0x92,0x93,0x93,0x8e,0x91,0x9c,0x9f,0x9a,0x9b,0x99,0x95,0x97,0x9b,
	0xa0,0xa0,0xa2,0xa4,0xa5,0xa6,0xa7,0xa8,0xa8,0xa8,0xa6,0xa3,0x94,0x94,0x8c,0x85,0x72,0x7b,0x6f,0x6d,
	0x26,0x2b,0x27,0x2c,0x24,0x28,0x24,0x29,0x2a,0x2a,0x2a,0x2a,0x28,0x2b,0x6a,0x69,0x6a,0x6a,0x6a,0x6a,
	0x6a,0x6a,0x6a,0x69,0x69,0x67,0x6b,0x69,0x6d,0x6d,0x6c,0x69,0x6a,0x6a,0x6d,0x6d,0xab,0xac,0xab,0xac,
	0xab,0xa7,0xa8,0xa7,0xab,0xaa,0xad,0xad,0xab,0xac,0xa9,0xa8,0xab,0xaa,0xaa,0xac,0x52,0x51,0x52,0x52,
	0x51,0x51,0x51,0x51,0x51,0x51,0x52,0x51,0x51,0x51,0x51,0x52,0x51,0x51,0x50,0x51,0x51,0x50,0x91,0x93,
	0x91,0x91,0x90,0x91,0x91,0x90,0x90,0x90,0x91,0x91,0x91,0x91,0x91,0x91,0x90,0x90,0x91,0x94,0x92,0x90,
	0x9d,0x9b,0x99,0x9b,0x9c,0x9b,0x9c,0x9d,0x9f,0xa0,0xa2,0xa4,0xa5,0xa6,0xa7,0xa8,0xaa,0xa7,0x9f,0x9c,
	0x90,0x8d,0x83,0x82,0x79,0x77,0x6c,0x6a,0x5f,0x61,0x53,0x53,0x30,0x29,0x2a,0x28,0x29,0x2a,0x2a,0x2a,
	0x28,0x2b,0x6a,0x69,0x6a,0x6a,0x6a,0x6a,0x6a,0x6a,0x6a,0x69,0x69,0x6b,0x6d,0x68,0x6b,0x6a,0x69,0x67,
	0x6a,0x6a,0x6c,0x6c,0xa9,0xaa,0xa9,0xab,0xae,0xaa,0xab,0xa9,0xa9,0xa7,0xa9,0xab,0xa8,0xaa,0xa9,0xa9,
	0xaa,0xa9,0xa8,0xa9,0x52,0x52,0x52,0x52,0x51,0x51,0x51,0x51,0x51,0x51,0x52,0x51,0x50,0x51,0x51,0x52,
	0x51,0x51,0x50,0x51,0x51,0x51,0x91,0x93,0x92,0x91,0x90,0x91,0x91,0x90,0x90,0x90,0x91,0x91,0x91,0x91,
	0x91,0x91,0x90,0x90,0x91,0x94,0x93,0x8e,0xa0,0x9b,0x9a,0x9d,0x99,0x9a,0x9b,0x9c,0x9f,0xa0,0xa2,0xa4,
	0xa5,0xa6,0xa7,0xa8,0xa9,0xa8,0xa1,0x99,0x92,0x94,0x84,0x82,0x77,0x76,0x6b,0x69,0x5d,0x62,0x55,0x51,
	0x33,0x29,0x28,0x2c,0x27,0x2a,0x2a,0x2a,0x28,0x2b,0x6a,0x69,0x6a,0x6a,0x6a,0x6a,0x6a,0x6a,0x6a,0x6a,
	0x69,0x6a,0x6c,0x67,0x6b,0x69,0x6c,0x6b,0x6c,0x6b,0x6d,0x6d,0xaa,0xab,0xab,0xaa,0xad,0xa8,0xa9,0xa7,
	0xa8,0xa7,0xaa,0xac,0xa9,0xab,0xa9,0xaa,0xab,0xa9,0xa7,0xa8,0x52,0x51,0x52,0x52,0x51,0x51,0x51,0x51,
	0x51,0x51,0x51,0x51,0x50,0x51,0x51,0x52,0x51,0x51,0x50,0x51,0x51,0x51,0x91,0x93,0x92,0x91,0x90,0x91,
	0x91,0x90,0x90,0x90,0x91,0x91,0x91,0x91,0x91,0x91,0x91,0x90,0x8f,0x8f,0x8e,0x96,0xca,0xd0,0xd2,0xd1,
	0xac,0x9e,0x9b,0x9c,0x9f,0xa0,0xa2,0xa4,0xa5,0xa6,0xa7,0xa7,0xa9,0xa6,0xa1,0xa3,0x94,0x91,0x83,0x82,
	0x75,0x75,0x6d,0x6a,0x5c,0x64,0x5b,0x52,0x49,0x4a,0x3b,0x33,0x2e,0x2a,0x2a,0x2a,0x28,0x2b,0x6a,0x69,
	0x69,0x6a,0x6a,0x6a,0x6a,0x6a,0x69,0x68,0x68,0x67,0x6b,0x67,0x6b,0x6a,0x6d,0x69,0x69,0x67,0x69,0x6c,
	0xaa,0xae,0xad,0xab,0xae,0xa6,0xa5,0xa7,0xa9,0xac,0xad,0xad,0xa9,0xa9,0xa9,0xa9,0xac,0xab,0xaa,0xaa,
	0x52,0x51,0x51,0x52,0x51,0x51,0x51,0x51,0x51,0x51,0x51,0x51,0x50,0x51,0x51,0x52,0x51,0x51,0x50,0x51,
	0x51,0x50,0x91,0x93,0x91,0x91,0x90,0x90,0x91,0x90,0x90,0x90,0x91,0x91,0x91,0x91,0x91,0x91,0x91,0x90,
	0x8f,0x8f,0x8f,0x94,0xce,0xd1,0xd3,0xd3,0xab,0xa2,0x9c,0x9c,0x9f,0xa0,0xa2,0xa4,0xa5,0xa6,0xa6,0xa7,
	0xa8,0xa6,0xa3,0xa0,0x94,0x90,0x83,0x82,0x75,0x76,0x6e,0x6b,0x5b,0x62,0x59,0x4e,0x45,0x4c,0x3b,0x35,
	0x2a,0x2a,0x2a,0x2a,0x28,0x2b,0x6a,0x69,0x69,0x6a,0x6a,0x6a,0x6a,0x6a,0x69,0x68,0x68,0x68,0x6c,0x68,
	0x6c,0x69,0x6e,0x6a,0x69,0x68,0x6b,0x6e,0xab,0xae,0xaf,0xad,0xb1,0xab,0xa9,0xa9,0xaa,0xac,0xac,0xaa,
	0xa6,0xa6,0xa7,0xa9,0xab,0xaa,0xa9,0xaa,0x52,0x51,0x51,0x52,0x51,0x51,0x51,0x51,0x51,0x51,0x52,0x51,
	0x51,0x51,0x51,0x52,0x51,0x50,0x4f,0x51,0x50,0x50,0x90,0x92,0x91,0x91,0x90,0x90,0x91,0x90,0x90,0x91,
	0x90,0x90,0x90,0x90,0x90,0x91,0x90,0x8f,0x8d,0x90,0x92,0x92,0xce,0xce,0xd2,0xd6,0xd4,0xd8,0xc9,0xcf,
	0x93,0x9d,0xa3,0xa0,0xa3,0xa4,0xa6,0xa6,0xa7,0xa5,0xa2,0x9f,0x94,0x90,0x84,0x83,0x77,0x78,0x70,0x6d,
	0x5e,0x61,0x55,0x52,0x49,0x4b,0x3a,0x3e,0x37,0x2b,0x2a,0x2a,0x29,0x2c,0x6a,0x69,0x68,0x6a,0x6a,0x6a,
	0x69,0x69,0x69,0x69,0x60,0x60,0x66,0x64,0x6a,0x67,0x6c,0x68,0x6a,0x6a,0x6c,0x6d,0xa1,0xa3,0xa4,0xa4,
	0xad,0xa9,0xa7,0xa8,0xa8,0xa9,0xa9,0xab,0xa9,0xab,0xab,0xab,0xa9,0xa8,0xa8,0xa8,0x4f,0x50,0x50,0x51,
	0x51,0x51,0x50,0x51,0x51,0x51,0x52,0x51,0x51,0x50,0x50,0x50,0x50,0x51,0x4f,0x52,0x51,0x51,0x92,0x92,
	0x91,0x91,0x91,0x91,0x90,0x90,0x8f,0x90,0x90,0x90,0x90,0x90,0x90,0x91,0x90,0x92,0x92,0x8e,0x8a,0x8b,
	0xd3,0xd4,0xd1,0xcc,0xd4,0xcc,0xd2,0xcd,0x9c,0x9f,0xa3,0xa2,0xa3,0xa4,0xa6,0xa6,0xa6,0xa4,0xa1,0x9e,
	0x93,0x8f,0x85,0x83,0x76,0x77,0x6f,0x6e,0x62,0x61,0x54,0x56,0x44,0x4d,0x3b,0x39,0x38,0x2b,0x2a,0x2b,
	0x29,0x2d,0x6b,0x69,0x6c,0x6c,0x6b,0x6b,0x69,0x68,0x69,0x69,0x5d,0x61,0x69,0x6b,0x70,0x6b,0x6e,0x68,
	0x68,0x6b,0x6e,0x6e,0xa4,0xa2,0xa3,0xa4,0xad,0xaa,0xa9,0xa9,0xaa,0xaa,0xa8,0xaa,0xa8,0xa8,0xaa,0xaa,
	0xa9,0xa9,0xa9,0xaa,0x4f,0x50,0x4f,0x4f,0x50,0x4f,0x51,0x50,0x53,0x4f,0x51,0x51,0x51,0x4f,0x50,0x51,
	0x4f,0x52,0x50,0x53,0x52,0x53,0x92,0x91,0x91,0x90,0x91,0x92,0x91,0x91,0x8c,0x8e,0x90,0x90,0x91,0x91,
	0x90,0x92,0x91,0x93,0x91,0x91,0x8f,0x92,0xd0,0xd2,0xd2,0xd1,0xd2,0xd2,0xd3,0xd3,0xd1,0xd3,0xd2,0xd2,
	0x9f,0xa0,0xa6,0xa2,0xa4,0xa5,0xa1,0x9c,0x93,0x90,0x84,0x84,0x75,0x77,0x6f,0x6e,0x63,0x60,0x54,0x58,
	0x46,0x4b,0x3d,0x3b,0x34,0x2f,0x29,0x2c,0x2d,0x2f,0x36,0x35,0x64,0x69,0x68,0x68,0x68,0x69,0x6a,0x69,
	0x6b,0x65,0x68,0x68,0x68,0x66,0x69,0x68,0x68,0x6c,0x6d,0x6e,0xa6,0xa7,0xa7,0xa6,0xa8,0xaa,0xaa,0xaa,
	0xab,0xac,0xa8,0xa9,0xa8,0xa8,0xaa,0xa9,0xa8,0xa9,0xa9,0xab,0x52,0x53,0x51,0x52,0x52,0x52,0x52,0x52,
	0x55,0x50,0x52,0x52,0x52,0x50,0x51,0x52,0x4f,0x53,0x50,0x54,0x51,0x54,0x92,0x90,0x8f,0x8e,0x91,0x92,
	0x91,0x91,0x8e,0x90,0x90,0x91,0x92,0x92,0x91,0x94,0x91,0x95,0x92,0x91,0x8f,0x91,0xd0,0xd2,0xd1,0xcf,
	0xd0,0xd1,0xd3,0xd3,0xd0,0xd3,0xd3,0xd3,0x9d,0xa3,0xa5,0xa3,0xa1,0xab,0xa0,0x9a,0x93,0x91,0x84,0x85,
	0x73,0x77,0x6d,0x6e,0x62,0x60,0x55,0x57,0x46,0x4b,0x3d,0x3b,0x33,0x30,0x29,0x2c,0x30,0x32,0x37,0x36,
	0x67,0x6b,0x6a,0x68,0x68,0x69,0x69,0x68,0x6c,0x66,0x6a,0x69,0x6c,0x6b,0x6d,0x6a,0x69,0x6a,0x6b,0x6d,
	0xa6,0xa7,0xa7,0xa7,0xa7,0xa9,0xa9,0xac,0xad,0xae,0xaa,0xa9,0xa8,0xa8,0xa8,0xa8,0xa8,0xa8,0xa8,0xa8,
	0x52,0x52,0x50,0x50,0x51,0x50,0x50,0x50,0x53,0x4f,0x51,0x52,0x52,0x50,0x51,0x52,0x51,0x54,0x51,0x53,
	0x51,0x52,0x91,0x8f,0x8e,0x8e,0x92,0x93,0x93,0x93,0x91,0x93,0x93,0x93,0x93,0x91,0x90,0x92,0x8f,0x93,
	0x91,0x91,0x91,0x93,0xd3,0xd4,0xd3,0xd1,0xd0,0xd2,0xd4,0xd4,0xd1,0xd4,0xd3,0xd2,0xd2,0xd5,0xd0,0xce,
	0xa2,0x9c,0x9d,0x9b,0x97,0x97,0x85,0x87,0x73,0x78,0x6b,0x6c,0x61,0x61,0x56,0x57,0x46,0x4b,0x3d,0x3b,
	0x32,0x31,0x2a,0x2d,0x30,0x32,0x37,0x36,0x3c,0x3e,0x46,0x4d,0x66,0x6a,0x6b,0x6b,0x6b,0x66,0x69,0x69,
	0x6b,0x67,0x69,0x65,0x66,0x6a,0x6b,0x6d,0xa6,0xa7,0xa7,0xa7,0xaa,0xab,0xa9,0xaa,0xaa,0xab,0xa8,0xa9,
	0xab,0xab,0xab,0xab,0xab,0xab,0xab,0xab,0x52,0x53,0x51,0x51,0x51,0x50,0x50,0x50,0x53,0x4f,0x51,0x51,
	0x51,0x50,0x51,0x52,0x51,0x54,0x52,0x54,0x51,0x53,0x93,0x90,0x90,0x90,0x94,0x94,0x93,0x94,0x91,0x93,
	0x94,0x94,0x93,0x91,0x8f,0x90,0x8d,0x91,0x8f,0x90,0x91,0x95,0xd4,0xd6,0xd5,0xd2,0xd0,0xd1,0xd3,0xd3,
	0xd0,0xd3,0xd3,0xd2,0xd2,0xd4,0xd4,0xdb,0x9f,0xa1,0xa0,0x9e,0x93,0x8d,0x85,0x87,0x74,0x79,0x6a,0x6a,
	0x60,0x61,0x56,0x57,0x46,0x4b,0x3d,0x3b,0x32,0x31,0x2a,0x2d,0x30,0x32,0x37,0x36,0x3b,0x3d,0x43,0x49,
	0x64,0x69,0x6a,0x6a,0x6c,0x67,0x6a,0x69,0x6c,0x68,0x6a,0x67,0x67,0x6a,0x6b,0x6d,0xa6,0xa7,0xa7,0xa7,
	0xa8,0xa8,0xa8,0xa7,0xa8,0xab,0xa7,0xa8,0xab,0xab,0xab,0xab,0xab,0xab,0xab,0xab,0x52,0x53,0x51,0x51,
	0x51,0x51,0x51,0x51,0x53,0x4e,0x50,0x50,0x4f,0x4e,0x4f,0x51,0x4f,0x52,0x51,0x52,0x51,0x52,0x92,0x90,
	0x90,0x90,0x93,0x93,0x92,0x93,0x90,0x91,0x93,0x93,0x93,0x93,0x93,0x94,0x90,0x93,0x91,0x91,0x90,0x93,
	0xd3,0xd5,0xd4,0xd3,0xd0,0xd1,0xd2,0xd1,0xcf,0xd3,0xd4,0xd4,0xd3,0xd3,0xd4,0xd4,0xd3,0xd3,0xd3,0xd2,
	0x92,0x91,0x81,0x82,0x76,0x78,0x6b,0x69,0x60,0x61,0x56,0x57,0x46,0x4b,0x3d,0x3b,0x32,0x31,0x2a,0x2d,
	0x30,0x32,0x37,0x36,0x40,0x41,0x44,0x48,0x4b,0x4f,0x54,0x55,0x63,0x62,0x68,0x68,0x6b,0x67,0x6b,0x68,
	0x68,0x6a,0x6b,0x6d,0xa6,0xa7,0xa7,0xa6,0xa7,0xa9,0xac,0xad,0xad,0xb0,0xab,0xac,0xaf,0xad,0xad,0xad,
	0xad,0xad,0xad,0xad,0x4e,0x4f,0x4f,0x4f,0x51,0x51,0x51,0x52,0x54,0x50,0x53,0x53,0x53,0x52,0x54,0x55,
	0x54,0x55,0x54,0x55,0x53,0x54,0x94,0x93,0x91,0x91,0x94,0x93,0x93,0x94,0x90,0x90,0x90,0x90,0x90,0x91,
	0x91,0x92,0x90,0x92,0x8f,0x8e,0x8d,0x8f,0xcf,0xd1,0xd2,0xd1,0xd0,0xd1,0xd2,0xd1,0xcf,0xd1,0xd2,0xd2,
	0xd3,0xd2,0xd3,0xd3,0xd2,0xd3,0xd2,0xce,0x8a,0x93,0x82,0x7f,0x7a,0x77,0x6e,0x68,0x5f,0x61,0x56,0x57,
	0x46,0x4b,0x3d,0x3b,0x32,0x31,0x2a,0x2d,0x30,0x32,0x37,0x36,0x41,0x42,0x45,0x45,0x47,0x4a,0x4d,0x51,
	0x65,0x68,0x6d,0x6c,0x6c,0x67,0x69,0x6a,0x6a,0x6a,0x6b,0x6d,0xa6,0xa7,0xa6,0xa5,0xa6,0xa8,0xac,0xac,
	0xaa,0xac,0xa6,0xa7,0xab,0xaa,0xaa,0xaa,0xaa,0xaa,0xaa,0xaa,0x51,0x52,0x52,0x53,0x53,0x53,0x52,0x54,
	0x54,0x50,0x51,0x51,0x51,0x50,0x50,0x52,0x50,0x51,0x50,0x50,0x4f,0x50,0x91,0x91,0x8f,0x8f,0x92,0x94,
	0x93,0x95,0x92,0x93,0x94,0x94,0x93,0x93,0x93,0x93,0x90,0x92,0x91,0x91,0x8f,0x90,0xd1,0xd2,0xd2,0xd3,
	0xd2,0xd5,0xd5,0xd4,0xd3,0xd4,0xd3,0xd3,0xd2,0xd1,0xd2,0xd1,0xd2,0xd2,0xd5,0xd9,0x2b,0x28,0x2d,0x2c,
	0x6e,0x78,0x69,0x6a,0x60,0x61,0x56,0x57,0x46,0x4b,0x3d,0x3b,0x32,0x31,0x2a,0x2d,0x31,0x32,0x37,0x36,
	0x3e,0x3f,0x43,0x45,0x47,0x4b,0x52,0x50,0x5c,0x5d,0x62,0x64,0x6a,0x69,0x66,0x6a,0x6b,0x69,0x6b,0x6d,
	0xa5,0xa6,0xa8,0xa7,0xa7,0xaa,0xaa,0xaa,0xaa,0xaa,0xaa,0xaa,0xaa,0xab,0xaa,0xaa,0xaa,0xaa,0xaa,0xaa,
	0x50,0x50,0x51,0x51,0x52,0x53,0x51,0x54,0x54,0x50,0x51,0x52,0x51,0x51,0x52,0x54,0x52,0x53,0x52,0x52,
	0x51,0x51,0x92,0x92,0x90,0x8e,0x91,0x91,0x90,0x91,0x8f,0x8f,0x8e,0x8f,0x8e,0x8e,0x90,0x92,0x91,0x94,
	0x95,0x94,0x91,0x91,0xd0,0xd0,0xce,0xcf,0xce,0xd1,0xd2,0xd2,0xd3,0xd4,0xd3,0xd3,0xd2,0xd1,0xd2,0xd0,
	0xd1,0xd1,0xd3,0xd6,0x2c,0x27,0x2d,0x2d,0x78,0x78,0x6f,0x6d,0x62,0x61,0x56,0x57,0x46,0x4b,0x3d,0x3b,
	0x31,0x31,0x2a,0x2c,0x31,0x32,0x37,0x36,0x40,0x41,0x44,0x45,0x47,0x4a,0x52,0x4f,0x5c,0x5b,0x62,0x65,
	0x6b,0x69,0x6a,0x6c,0x6a,0x67,0x6c,0x6e,0xa4,0xa5,0xa9,0xa8,0xa8,0xaa,0xab,0xac,0xaa,0xab,0xac,0xab,
	0xaa,0xac,0xa9,0xa9,0xa9,0xa9,0xa9,0xa9,0x4f,0x50,0x51,0x51,0x50,0x51,0x50,0x52,0x52,0x4d,0x50,0x4f,
	0x4f,0x4f,0x51,0x52,0x51,0x52,0x53,0x53,0x53,0x54,0x95,0x95,0x93,0x92,0x93,0x93,0x92,0x93,0x91,0x91,
	0x91,0x92,0x8f,0x8f,0x90,0x90,0x8f,0x91,0x92,0x92,0x8f,0x90,0xd3,0xd4,0xd3,0xd3,0xd3,0xd1,0xd2,0xd2,
	0xd3,0xd4,0xd2,0xd3,0xd3,0xd2,0xd1,0xd0,0xd2,0xd1,0xd1,0xcc,0x28,0x28,0x27,0x27,0x29,0x29,0x28,0x29,
	0x5f,0x64,0x54,0x51,0x48,0x48,0x3e,0x36,0x30,0x30,0x2b,0x2c,0x31,0x31,0x38,0x36,0x3f,0x42,0x44,0x45,
	0x48,0x49,0x52,0x4e,0x54,0x55,0x59,0x5e,0x63,0x65,0x69,0x6f,0x69,0x68,0x6b,0x6e,0xa5,0xa7,0xab,0xaa,
	0xa9,0xaa,0xa9,0xab,0xa8,0xa8,0xaa,0xa9,0xaa,0xab,0xa9,0xa9,0xa9,0xa9,0xa9,0xa9,0x4f,0x51,0x50,0x50,
	0x51,0x51,0x4f,0x52,0x51,0x4d,0x4f,0x50,0x4f,0x50,0x51,0x53,0x51,0x52,0x54,0x52,0x52,0x54,0x94,0x94,
	0x92,0x91,0x92,0x92,0x90,0x91,0x90,0x8f,0x8e,0x8e,0x8d,0x8d,0x8f,0x91,0x90,0x93,0x94,0x95,0x92,0x92,
	0xd3,0xd3,0xd2,0xd2,0xd1,0xcf,0xd0,0xd1,0xd3,0xd3,0xd0,0xd3,0xd3,0xd3,0xd2,0xd0,0xd4,0xd1,0xd3,0xcf,
	0x28,0x28,0x27,0x27,0x29,0x2a,0x29,0x29,0x60,0x60,0x55,0x51,0x4c,0x4b,0x40,0x39,0x31,0x30,0x2b,0x2b,
	0x32,0x31,0x38,0x36,0x3e,0x42,0x44,0x45,0x49,0x4a,0x51,0x4e,0x54,0x55,0x5a,0x60,0x65,0x69,0x6e,0x73,
	0x69,0x6a,0x6a,0x6e,0xaa,0xad,0xac,0xac,0xab,0xa9,0xa7,0xa9,0xa3,0xa4,0xa8,0xa7,0xa8,0xa9,0xa9,0xa9,
	0xa9,0xa9,0xa9,0xa9,0x52,0x54,0x54,0x53,0x53,0x53,0x50,0x52,0x51,0x4e,0x50,0x51,0x50,0x51,0x52,0x54,
	0x53,0x52,0x53,0x4f,0x51,0x51,0x91,0x92,0x8f,0x8f,0x91,0x92,0x91,0x92,0x91,0x91,0x92,0x92,0x8f,0x8f,
	0x90,0x90,0x8f,0x92,0x94,0x94,0x92,0x91,0xd4,0xd3,0xd1,0xd3,0xd2,0xd1,0xd0,0xd2,0xd4,0xd4,0xd1,0xd4,
	0xd3,0xd2,0xd1,0xce,0xd2,0xd0,0xd3,0xd0,0x29,0x29,0x28,0x28,0x2a,0x2a,0x29,0x29,0x28,0x2b,0x2d,0x31,
	0x41,0x46,0x39,0x39,0x31,0x30,0x2b,0x2b,0x32,0x31,0x38,0x36,0x3e,0x42,0x44,0x45,0x49,0x4a,0x51,0x4e,
	0x56,0x57,0x5a,0x5e,0x61,0x63,0x63,0x61,0x69,0x6c,0x67,0x6b,0xaa,0xae,0xa8,0xaa,0xaa,0xa9,0xa8,0xa8,
	0xa8,0xa8,0xa9,0xaa,0xa9,0xa9,0xa9,0xa9,0xa9,0xa9,0xa9,0xa9,0x53,0x53,0x53,0x52,0x51,0x52,0x4f,0x53,
	0x52,0x4f,0x51,0x52,0x51,0x53,0x52,0x55,0x55,0x53,0x53,0x50,0x51,0x50,0x90,0x91,0x8f,0x8f,0x92,0x93,
	0x92,0x93,0x93,0x92,0x91,0x91,0x8f,0x90,0x90,0x90,0x90,0x92,0x93,0x93,0x91,0x90,0xd2,0xd1,0xd0,0xd3,
	0xd4,0xd2,0xd0,0xd1,0xd3,0xd3,0xd0,0xd3,0xd3,0xd2,0xd1,0xcf,0xd2,0xd0,0xd3,0xd1,0x2a,0x2a,0x29,0x28,
	0x2a,0x2a,0x29,0x29,0x29,0x2c,0x28,0x29,0x3e,0x46,0x3a,0x3d,0x33,0x30,0x2b,0x2b,0x32,0x31,0x38,0x36,
	0x3e,0x42,0x44,0x45,0x49,0x4a,0x51,0x4e,0x58,0x59,0x5b,0x60,0x63,0x65,0x69,0x65,0x66,0x69,0x68,0x6f,
	0x9f,0xa4,0xa4,0xa7,0xa9,0xa9,0xa9,0xa9,0xa9,0xa9,0xaa,0xab,0xac,0xab,0xab,0xab,0xab,0xab,0xab,0xab,
	0x51,0x53,0x53,0x51,0x51,0x52,0x4f,0x52,0x52,0x50,0x51,0x52,0x51,0x53,0x51,0x55,0x55,0x53,0x54,0x51,
	0x53,0x51,0x91,0x92,0x90,0x90,0x91,0x93,0x91,0x92,0x91,0x90,0x8f,0x90,0x8f,0x91,0x91,0x91,0x92,0x92,
	0x91,0x91,0x90,0x8f,0xd1,0xd0,0xd0,0xd2,0xd3,0xd3,0xd0,0xd1,0xd2,0xd1,0xcf,0xd3,0xd4,0xd5,0xd5,0xd4,
	0xd6,0xd3,0xd5,0xd1,0x2a,0x2a,0x29,0x29,0x2b,0x2b,0x29,0x29,0x2a,0x2b,0x28,0x27,0x2d,0x2a,0x2b,0x2d,
	0x2b,0x30,0x2b,0x2b,0x32,0x31,0x38,0x36,0x3e,0x42,0x44,0x45,0x49,0x4a,0x51,0x4e,0x5a,0x5c,0x5e,0x61,
	0x65,0x67,0x6b,0x6f,0x6c,0x67,0x68,0x65,0x6e,0x6b,0x6b,0x66,0xa9,0xa6,0xae,0xab,0xb0,0xad,0xac,0xad,
	0xad,0xac,0xac,0xac,0xac,0xac,0xac,0xac,0x50,0x51,0x50,0x4f,0x4f,0x4f,0x4d,0x50,0x50,0x4e,0x50,0x4f,
	0x4e,0x50,0x4e,0x51,0x52,0x51,0x53,0x50,0x52,0x52,0x91,0x93,0x91,0x91,0x92,0x93,0x91,0x91,0x8f,0x8f,
	0x8f,0x91,0x8f,0x91,0x90,0x90,0x90,0x91,0x90,0x91,0x91,0x91,0xd3,0xd1,0xd2,0xd2,0xd2,0xd1,0xd0,0xd1,
	0xd2,0xd1,0xcf,0xd1,0xd2,0xd3,0xd2,0xd1,0xd3,0xd1,0xd2,0xce,0x2b,0x2b,0x2a,0x2a,0x2b,0x2b,0x2a,0x2a,
	0x2b,0x2c,0x29,0x28,0x2b,0x29,0x28,0x2a,0x29,0x30,0x2b,0x2b,0x32,0x31,0x38,0x36,0x3e,0x42,0x44,0x45,
	0x49,0x4a,0x51,0x4e,0x5a,0x5c,0x5e,0x60,0x64,0x65,0x6d,0x71,0x6b,0x65,0x69,0x69,0x62,0x63,0x66,0x61,
	0xa8,0xb0,0xa9,0xa8,0xb1,0xae,0xac,0xab,0xaa,0xab,0xac,0xac,0xac,0xac,0xac,0xac,0x51,0x51,0x50,0x4f,
	0x4f,0x4f,0x4c,0x4f,0x50,0x4e,0x50,0x4f,0x4e,0x51,0x4e,0x51,0x53,0x51,0x54,0x50,0x54,0x54,0x92,0x94,
	0x93,0x93,0x95,0x96,0x94,0x93,0x92,0x92,0x91,0x91,0x8f,0x91,0x8f,0x8f,0x90,0x92,0x90,0x92,0x94,0x93,
	0xd5,0xd3,0xd4,0xd3,0xd3,0xd3,0xd2,0xd5,0xd5,0xd4,0xd3,0xd4,0xd3,0xd3,0xd1,0xd0,0xd1,0xd1,0xd5,0xd3,
	0x2b,0x2b,0x2a,0x2a,0x2c,0x2b,0x2a,0x2b,0x2a,0x28,0x28,0x2a,0x2b,0x2c,0x2c,0x2b,0x2a,0x30,0x2b,0x2b,
	0x32,0x31,0x38,0x36,0x3e,0x42,0x44,0x45,0x49,0x4a,0x51,0x4e,0x58,0x5b,0x5d,0x5f,0x61,0x65,0x69,0x6b,
	0x6c,0x69,0x67,0x68,0x64,0x64,0x62,0x5f,0x5a,0x59,0x60,0x5f,0xa3,0xa4,0xab,0xaa,0xaa,0xa9,0xa9,0xa9,
	0xa9,0xa9,0xa9,0xa9,0x52,0x52,0x51,0x4f,0x4f,0x50,0x4e,0x50,0x50,0x51,0x51,0x52,0x52,0x53,0x4f,0x53,
	0x54,0x52,0x53,0x50,0x52,0x50,0x8f,0x91,0x90,0x8f,0x92,0x93,0x92,0x92,0x92,0x91,0x92,0x92,0x90,0x92,
	0x90,0x90,0x92,0x92,0x8f,0x91,0x92,0x91,0xd2,0xd1,0xd2,0xd1,0xcf,0xcf,0xce,0xd1,0xd2,0xd2,0xd3,0xd5,
	0xd4,0xd4,0xd3,0xd1,0xd0,0xcf,0xd2,0xd0,0x2b,0x2a,0x2a,0x2a,0x2b,0x2b,0x2a,0x2b,0x2c,0x29,0x29,0x2a,
	0x2a,0x2a,0x2b,0x29,0x28,0x30,0x2b,0x2b,0x32,0x31,0x38,0x36,0x3e,0x42,0x44,0x45,0x49,0x4a,0x51,0x4e,
	0x57,0x5a,0x5c,0x5e,0x60,0x64,0x68,0x69,0x6b,0x6c,0x65,0x65,0x68,0x68,0x61,0x61,0x5b,0x52,0x5d,0x59,
	0xa3,0x9f,0xa5,0xa4,0xa7,0xa7,0xa8,0xa8,0xa6,0xa6,0xa7,0xa8,0x55,0x55,0x54,0x53,0x52,0x52,0x50,0x52,
	0x51,0x52,0x54,0x53,0x53,0x55,0x50,0x52,0x54,0x51,0x51,0x50,0x51,0x50,0x8e,0x90,0x90,0x91,0x93,0x95,
	0x94,0x95,0x95,0x94,0x94,0x93,0x92,0x93,0x91,0x92,0x93,0x94,0x91,0x92,0x92,0x91,0xd3,0xd2,0xd3,0xd3,
	0xd3,0xd4,0xd3,0xd5,0xd2,0xcf,0xd0,0xd0,0xcf,0xd1,0xd1,0xd2,0xd2,0xd1,0xd5,0xd2,0x2a,0x29,0x29,0x29,
	0x29,0x29,0x2a,0x2a,0x2b,0x29,0x29,0x2a,0x29,0x29,0x2a,0x28,0x3f,0x6b,0x8a,0x7d,0x58,0x8a,0x8a,0x7d,
	0x46,0x81,0x5a,0x7f,0x75,0x8a,0x86,0x97,0x56,0x59,0x5b,0x5e,0x60,0x64,0x67,0x68,0x6b,0x6b,0x65,0x64,
	0x66,0x64,0x61,0x62,0x60,0x60,0x60,0x5f,0x5d,0x5c,0x5b,0x5a,0xaa,0xa9,0xad,0xab,0xa5,0xa5,0xa6,0xa7,
	0x50,0x51,0x51,0x4f,0x50,0x50,0x4f,0x50,0x50,0x51,0x52,0x52,0x53,0x54,0x4f,0x51,0x52,0x50,0x50,0x4f,
	0x50,0x51,0x8f,0x91,0x91,0x90,0x92,0x93,0x92,0x92,0x93,0x93,0x92,0x92,0x8f,0x91,0x8f,0x90,0x91,0x92,
	0x91,0x92,0x91,0x92,0xd3,0xd3,0xd3,0xd2,0xd2,0xd2,0xd1,0xd3,0xcf,0xcd,0xd0,0xd1,0xd1,0xd3,0xd3,0xd4,
	0xd3,0xd2,0xd3,0xd0,0x2a,0x28,0x29,0x29,0x28,0x28,0x2a,0x2a,0x29,0x29,0x29,0x29,0x29,0x29,0x29,0x29,
	0x38,0x4d,0x49,0x4e,0x77,0x43,0x80,0x87,0x64,0x7b,0x8c,0x8f,0x94,0x99,0x5f,0x76,0x56,0x59,0x5b,0x5f,
	0x61,0x65,0x67,0x68,0x69,0x69,0x66,0x65,0x64,0x64,0x62,0x61,0x60,0x5f,0x5f,0x5e,0x5d,0x5b,0x5b,0x59,
	0xaa,0xa4,0xa7,0xa1,0xa7,0xa6,0xa7,0xa8,0x51,0x52,0x52,0x52,0x52,0x51,0x52,0x53,0x51,0x53,0x53,0x52,
	0x54,0x53,0x4f,0x4f,0x51,0x4f,0x4f,0x51,0x50,0x51,0x90,0x92,0x91,0x91,0x92,0x92,0x91,0x91,0x92,0x92,
	0x93,0x93,0x90,0x92,0x91,0x92,0x92,0x92,0x91,0x92,0x8f,0x91,0xd2,0xd3,0xd2,0xd1,0xd2,0xd2,0xd1,0xd3,
	0xd0,0xcf,0xd2,0xd3,0xd2,0xd2,0xd1,0xd1,0xd0,0xd1,0xd4,0xd3,0x2a,0x28,0x29,0x29,0x28,0x28,0x2a,0x2a,
	0x29,0x29,0x29,0x29,0x29,0x29,0x29,0x29,0x4a,0x3f,0x43,0x56,0x39,0x75,0x8a,0x70,0x7f,0x90,0x7a,0x84,
	0x92,0x5c,0x6f,0x82,0x57,0x5b,0x5b,0x5e,0x60,0x64,0x67,0x69,0x68,0x67,0x68,0x65,0x63,0x63,0x61,0x61,
	0x60,0x5f,0x5f,0x5e,0x5c,0x5b,0x5b,0x5b,0x5c,0x5a,0x5d,0x59,0xa5,0xa3,0xa7,0xaa,0x50,0x51,0x52,0x51,
	0x52,0x50,0x53,0x53,0x50,0x52,0x53,0x51,0x54,0x52,0x4e,0x4e,0x50,0x4e,0x4f,0x51,0x4e,0x50,0x90,0x92,
	0x91,0x90,0x91,0x90,0x90,0x90,0x91,0x92,0x92,0x92,0x90,0x92,0x92,0x94,0x93,0x91,0x91,0x91,0x8e,0x91,
	0xd0,0xd4,0xd2,0xd1,0xd1,0xd2,0xd0,0xd3,0xd1,0xd1,0xd3,0xd4,0xd3,0xd3,0xd0,0xd0,0xcf,0xd0,0xd3,0xd3,
	0x2a,0x28,0x29,0x29,0x28,0x28,0x2a,0x2a,0x29,0x29,0x29,0x29,0x29,0x29,0x29,0x29,0x3f,0x69,0x78,0x82,
	0x31,0x81,0x7e,0x91,0x7c,0x73,0x97,0x84,0x5a,0x74,0x61,0xa0,0x5a,0x5c,0x5a,0x5e,0x60,0x64,0x68,0x6a,
	0x68,0x67,0x68,0x64,0x62,0x63,0x61,0x61,0x60,0x60,0x5f,0x5d,0x5c,0x5a,0x59,0x57,0x55,0x52,0x56,0x57,
	0x9c,0xa0,0xa4,0xa7,0x4f,0x50,0x51,0x50,0x51,0x4f,0x53,0x52,0x50,0x51,0x52,0x51,0x53,0x52,0x4e,0x50,
	0x51,0x50,0x51,0x55,0x4e,0x51,0x91,0x93,0x92,0x91,0x92,0x92,0x90,0x90,0x91,0x91,0x91,0x91,0x8f,0x91,
	0x92,0x93,0x92,0x91,0x91,0x92,0x8f,0x94,0xd0,0xd4,0xd2,0xd1,0xd1,0xd1,0xcf,0xd2,0xcf,0xd0,0xd2,0xd3,
	0xd3,0xd4,0xd1,0xd1,0xd1,0xd1,0xd2,0xd1,0x2a,0x28,0x29,0x29,0x28,0x28,0x2a,0x2a,0x29,0x29,0x29,0x29,
	0x29,0x29,0x29,0x29,0x59,0x47,0x5b,0x63,0x60,0x3a,0x8f,0x7f,0x7c,0x79,0x78,0x86,0x7c,0x96,0x93,0x83,
	0x65,0x60,0x5d,0x5e,0x62,0x66,0x69,0x6a,0x68,0x64,0x67,0x65,0x60,0x60,0x61,0x61,0x60,0x60,0x5f,0x5d,
	0x5b,0x5a,0x5b,0x5b,0x5d,0x59,0x55,0x4f,0x56,0x57,0x58,0x58,0x51,0x50,0x51,0x50,0x50,0x4e,0x55,0x53,
	0x51,0x52,0x52,0x4f,0x53,0x51,0x4f,0x4f,0x51,0x51,0x53,0x58,0x4e,0x50,0x91,0x93,0x93,0x91,0x92,0x91,
	0x90,0x8f,0x8f,0x91,0x91,0x92,0x90,0x92,0x92,0x93,0x91,0x8f,0x8f,0x91,0x90,0x96,0xcc,0xd2,0xd0,0xd1,
	0xd1,0xd2,0xcf,0xd2,0xcf,0xd1,0xd2,0xd4,0xd4,0xd5,0xd1,0xd1,0xd2,0xd1,0xd1,0xd0,0x2a,0x28,0x29,0x29,
	0x28,0x28,0x2a,0x2a,0x29,0x29,0x29,0x29,0x29,0x29,0x29,0x29,0x34,0x7d,0x88,0x4c,0x4a,0x59,0x83,0x93,
	0x9b,0x8d,0x70,0x70,0x87,0x6d,0x87,0x9a,0x69,0x65,0x62,0x61,0x64,0x68,0x6a,0x6d,0x68,0x60,0x65,0x66,
	0x5f,0x5f,0x60,0x60,0x60,0x60,0x5e,0x5c,0x5b,0x5a,0x5a,0x59,0x59,0x58,0x55,0x4f,0x54,0x56,0x57,0x58,
	0x50,0x50,0x51,0x50,0x4e,0x4d,0x58,0x56,0x53,0x54,0x55,0x51,0x54,0x51,0x51,0x52,0x53,0x54,0x57,0x5c,
	0x4c,0x4f,0x90,0x93,0x93,0x90,0x92,0x91,0x90,0x8e,0x90,0x91,0x91,0x92,0x91,0x93,0x93,0x92,0x91,0x8d,
	0x8b,0x8d,0x8e,0x96,0xc7,0xcd,0xce,0xd0,0xd2,0xd4,0xd0,0xd3,0xd1,0xd3,0xd4,0xd5,0xd5,0xd5,0xd1,0xcf,
	0xd1,0xd1,0xd1,0xd1,0x2a,0x28,0x29,0x29,0x28,0x28,0x2a,0x2a,0x29,0x29,0x29,0x29,0x29,0x29,0x29,0x29,
	0x91,0x90,0x3c,0x5e,0x6b,0x4b,0x94,0x93,0x74,0x7e,0x95,0x8d,0x8a,0x83,0x84,0x6b,0x6b,0x68,0x68,0x68,
	0x6a,0x6b,0x6b,0x6a,0x67,0x5d,0x5c,0x69,0x5d,0x5d,0x65,0x61,0x5e,0x60,0x5e,0x5c,0x5c,0x5a,0x59,0x58,
	0x53,0x52,0x50,0x50,0x51,0x54,0x58,0x5a,0x52,0x51,0x52,0x50,0x4e,0x4c,0x5b,0x5b,0x58,0x59,0x59,0x55,
	0x57,0x53,0x55,0x54,0x54,0x56,0x58,0x5b,0x46,0x47,0x89,0x8b,0x8c,0x8b,0x90,0x90,0x8e,0x8e,0x8f,0x90,
	0x90,0x90,0x8f,0x8f,0x90,0x8f,0x90,0x8d,0x8c,0x8f,0x92,0x9a,0xc2,0xc6,0xc7,0xcb,0xd0,0xd2,0xcf,0xd1,
	0xce,0xd1,0xd1,0xd2,0xd2,0xd2,0xd0,0xd1,0xd1,0xd2,0xd2,0xd3,0x2a,0x28,0x29,0x29,0x28,0x28,0x2a,0x2a,
	0x29,0x29,0x29,0x29,0x29,0x29,0x29,0x29,0x6a,0x6f,0x4c,0x82,0x3a,0x85,0x7c,0x77,0x82,0x8e,0x83,0x94,
	0x7b,0x6c,0x7a,0x6e,0x6a,0x69,0x69,0x6a,0x6a,0x6b,0x6b,0x67,0x64,0x60,0x60,0x6c,0x64,0x5a,0x60,0x5f,
	0x60,0x5f,0x5d,0x5b,0x5b,0x5a,0x58,0x58,0x57,0x55,0x53,0x52,0x52,0x54,0x58,0x5b,0x53,0x52,0x55,0x54,
	0x54,0x55,0x6d,0x70,0x71,0x75,0x79,0x77,0x7b,0x79,0x7d,0x7b,0x79,0x7a,0x78,0x76,0x88,0x86,0x82,0x81,
	0x81,0x7e,0x82,0x80,0x81,0x7f,0x80,0x81,0x81,0x82,0x82,0x82,0x82,0x81,0x83,0x80,0x7f,0x7f,0x7f,0x7f,
	0x7f,0x7f,0x80,0x80,0x80,0x80,0x80,0x80,0x80,0x80,0x80,0x80,0x83,0x83,0xd0,0xd1,0xd1,0xd3,0xd2,0xd3,
	0x2a,0x28,0x29,0x29,0x28,0x28,0x2a,0x2a,0x29,0x29,0x29,0x29,0x29,0x29,0x29,0x29,0x2f,0x37,0x93,0x90,
	0x8b,0x93,0x71,0x92,0x89,0x99,0x9d,0x6a,0x8a,0x7a,0x7d,0x7d,0x6b,0x69,0x6a,0x6b,0x6b,0x6a,0x69,0x66,
	0x65,0x65,0x65,0x64,0x68,0x63,0x60,0x61,0x60,0x5d,0x5d,0x5b,0x5b,0x5a,0x58,0x59,0x58,0x56,0x54,0x52,
	0x53,0x55,0x58,0x5a,0x51,0x51,0x54,0x53,0x53,0x55,0x70,0x75,0x76,0x7a,0x7e,0x7b,0x80,0x7b,0x81,0x7e,
	0x7c,0x7e,0x7a,0x77,0x83,0x80,0x7c,0x7c,0x7c,0x7a,0x7f,0x7f,0x80,0x7f,0x80,0x80,0x80,0x7f,0x7f,0x7f,
	0x7e,0x7e,0x82,0x81,0x81,0x81,0x81,0x81,0x80,0x80,0x80,0x80,0x80,0x80,0x80,0x80,0x7f,0x7f,0x7f,0x7f,
	0x82,0x83,0xd0,0xd2,0xd0,0xd3,0xd1,0xd3,0x2a,0x28,0x29,0x29,0x28,0x28,0x2a,0x2a,0x29,0x29,0x29,0x29,
	0x29,0x29,0x29,0x29,0x32,0x71,0x65,0x40,0x55,0x5a,0x87,0x8f,0x83,0x7b,0x8f,0x97,0x7a,0x9e,0x75,0x6f,
	0x6c,0x6a,0x6a,0x6a,0x6a,0x68,0x68,0x68,0x69,0x6d,0x6b,0x67,0x6a,0x65,0x64,0x65,0x60,0x5c,0x5c,0x5a,
	0x5b,0x5a,0x57,0x58,0x57,0x56,0x54,0x52,0x53,0x55,0x58,0x5a,0x51,0x51,0x54,0x53,0x52,0x54,0x73,0x78,
	0x78,0x7a,0x7e,0x7a,0x7d,0x78,0x80,0x7d,0x79,0x7c,0x7a,0x78,0x80,0x7e,0x7b,0x7b,0x7c,0x7a,0x80,0x80,
	0x81,0x80,0x80,0x81,0x81,0x81,0x80,0x7f,0x7f,0x7d,0x82,0x80,0x7e,0x7e,0x7e,0x7e,0x7e,0x7e,0x7e,0x7e,
	0x7e,0x7e,0x7e,0x7e,0x7e,0x7e,0x7e,0x7e,0x82,0x83,0xd1,0xd3,0xd0,0xd3,0xd1,0xd3,0x2a,0x28,0x29,0x29,
	0x28,0x28,0x2a,0x2a,0x29,0x29,0x29,0x29,0x29,0x29,0x29,0x29,0x53,0x47,0x8e,0x84,0x5e,0x89,0x87,0x92,
	0x74,0x75,0x92,0x85,0xa1,0x8c,0x7e,0x7c,0x6c,0x6b,0x6a,0x6a,0x69,0x69,0x68,0x67,0x68,0x6b,0x6c,0x63,
	0x6a,0x62,0x61,0x66,0x67,0x64,0x5b,0x5b,0x5b,0x5a,0x56,0x58,0x57,0x56,0x54,0x52,0x53,0x55,0x58,0x5b,
	0x4e,0x4f,0x52,0x52,0x51,0x54,0x76,0x7b,0x7a,0x7c,0x80,0x7b,0x7f,0x7a,0x83,0x81,0x7c,0x81,0x80,0x7e,
	0x82,0x81,0x7e,0x7e,0x7e,0x7a,0x80,0x7e,0x7e,0x7c,0x7c,0x7d,0x7e,0x80,0x7e,0x7d,0x7e,0x7c,0x7f,0x7d,
	0x7c,0x7c,0x7d,0x7d,0x7d,0x7d,0x7e,0x7e,0x7e,0x7e,0x7e,0x7e,0x7e,0x7e,0x7e,0x7e,0x82,0x83,0xd1,0xd3,
	0xd0,0xd3,0xd1,0xd3,0x2a,0x28,0x29,0x29,0x28,0x28,0x2a,0x2a,0x29,0x29,0x29,0x29,0x29,0x29,0x29,0x29,
	0x6f,0x85,0x86,0x81,0x9d,0x74,0x70,0x8b,0x9d,0x7e,0x98,0x89,0x84,0x90,0x79,0x85,0x6b,0x6a,0x6a,0x6a,
	0x68,0x69,0x69,0x69,0x69,0x6a,0x67,0x5e,0x71,0x68,0x65,0x64,0x5c,0x59,0x5b,0x5b,0x5b,0x5b,0x56,0x58,
	0x57,0x56,0x54,0x52,0x53,0x55,0x58,0x5b,0x4e,0x4e,0x53,0x53,0x51,0x53,0x77,0x7b,0x79,0x7a,0x7e,0x79,
	0x7c,0x78,0x82,0x7f,0x7a,0x80,0x7f,0x7e,0x80,0x7e,0x7e,0x7e,0x7e,0x7a,0x80,0x7e,0x7f,0x7e,0x7e,0x7e,
	0x7e,0x7f,0x7d,0x7d,0x80,0x7e,0x81,0x7f,0x7d,0x7e,0x7f,0x7f,0x7e,0x7e,0x7e,0x7e,0x7e,0x7e,0x7e,0x7e,
	0x7e,0x7e,0x7e,0x7e,0x82,0x83,0xd1,0xd3,0xd0,0xd3,0xd1,0xd3,0x2a,0x28,0x29,0x29,0x28,0x28,0x2a,0x2a,
	0x29,0x29,0x29,0x29,0x29,0x29,0x29,0x29,0x63,0x56,0x71,0x42,0x89,0x67,0x8d,0x7c,0x7c,0x86,0x89,0x6e,
	0x7a,0x84,0x9d,0x67,0x6a,0x6a,0x6a,0x6a,0x67,0x6a,0x6b,0x6b,0x6b,0x6b,0x6c,0x6f,0xa1,0xa5,0xa5,0xa5,
	0x63,0x54,0x5b,0x5b,0x5b,0x5b,0x56,0x57,0x56,0x55,0x54,0x52,0x53,0x55,0x58,0x5a,0x4f,0x50,0x54,0x55,
	0x53,0x54,0x7a,0x7d,0x7b,0x7b,0x7f,0x7b,0x7d,0x79,0x85,0x81,0x7c,0x81,0x81,0x80,0x7f,0x7e,0x7f,0x7f,
	0x7f,0x79,0x80,0x7e,0x7f,0x7f,0x7f,0x7e,0x7f,0x7f,0x7e,0x7e,0x82,0x7f,0x81,0x7d,0x7c,0x7d,0x7e,0x7e,
	0x7d,0x7d,0x7d,0x7d,0x7d,0x7d,0x7d,0x7d,0x7d,0x7d,0x7d,0x7d,0x81,0x83,0xd1,0xd3,0xd0,0xd3,0xd1,0xd3,
	0x2a,0x28,0x29,0x29,0x28,0x28,0x2a,0x2a,0x29,0x29,0x29,0x29,0x29,0x29,0x29,0x29,0x55,0x8b,0x2d,0x45,
	0x55,0x86,0x78,0x9a,0x80,0x78,0x8b,0x94,0x92,0x95,0x7d,0x76,0x6a,0x6a,0x6a,0x69,0x68,0x6a,0x6c,0x6d,
	0x6b,0x69,0x68,0x6a,0xa8,0xab,0xa8,0xa4,0x55,0x5e,0x5c,0x5b,0x5b,0x5b,0x56,0x56,0x56,0x55,0x54,0x52,
	0x52,0x55,0x58,0x5a,0x4f,0x50,0x56,0x55,0x53,0x55,0x7c,0x7f,0x7c,0x7b,0x7f,0x7b,0x7e,0x78,0x86,0x82,
	0x7b,0x80,0x80,0x81,0x7e,0x7c,0x7e,0x7e,0x7d,0x77,0x7e,0x7c,0x7d,0x7c,0x7e,0x7e,0x7f,0x81,0x7f,0x7e,
	0x83,0x7f,0x7f,0x7b,0x7c,0x7d,0x7d,0x7d,0x7d,0x7d,0x7d,0x7d,0x7d,0x7d,0x7d,0x7d,0x7d,0x7d,0x7d,0x7d,
	0x81,0x83,0xd1,0xd3,0xd0,0xd3,0xd1,0xd3,0x2a,0x28,0x29,0x29,0x28,0x28,0x2a,0x2a,0x29,0x29,0x29,0x29,
	0x29,0x29,0x29,0x29,0x75,0x5b,0x6a,0x82,0x88,0x57,0x91,0x93,0x8b,0x8b,0x8c,0x7d,0x77,0x77,0x73,0x6f,
	0x6a,0x6a,0x6a,0x69,0x69,0x6a,0x6b,0x6b,0x69,0x67,0x67,0x66,0xa8,0xa8,0xa7,0xa6,0xa8,0xa8,0xab,0xa7,
	0x55,0x56,0x55,0x51,0x53,0x54,0x53,0x51,0x52,0x55,0x58,0x5b,0x4e,0x4f,0x53,0x53,0x51,0x54,0x7c,0x80,
	0x7c,0x7a,0x7f,0x7a,0x7c,0x79,0x83,0x81,0x7b,0x80,0x80,0x81,0x7f,0x7e,0x7f,0x7f,0x7e,0x79,0x7f,0x7c,
	0x7d,0x7d,0x7e,0x7f,0x7f,0x7f,0x7e,0x7d,0x81,0x7e,0x7f,0x7b,0x7c,0x7d,0x7d,0x7d,0x7d,0x7d,0x7d,0x7d,
	0x7d,0x7d,0x7d,0x7d,0x7d,0x7d,0x7d,0x7d,0x81,0x83,0xd1,0xd3,0xd0,0xd3,0xd1,0xd3,0x2a,0x28,0x29,0x29,
	0x28,0x28,0x2a,0x2a,0x29,0x29,0x29,0x29,0x29,0x29,0x29,0x29,0x63,0x4e,0x53,0x43,0x5a,0x36,0x85,0x7b,
	0x88,0x71,0x71,0x7b,0x8f,0x88,0x94,0x8e,0x6a,0x6a,0x69,0x68,0x69,0x6b,0x6b,0x6b,0x6c,0x6e,0x6f,0x6b,
	0xaa,0xa8,0xa8,0xa9,0xaa,0xab,0xae,0xaf,0x5d,0x58,0x5a,0x57,0x54,0x54,0x54,0x52,0x52,0x55,0x59,0x5c,
	0x4e,0x4e,0x52,0x51,0x51,0x53,0x7b,0x80,0x7e,0x7a,0x7e,0x7d,0x7a,0x81,0x80,0x7d,0x7a,0x80,0x7d,0x7b,
	0x81,0x7f,0x7d,0x7d,0x7e,0x79,0x7f,0x7d,0x7e,0x7d,0x7d,0x7f,0x7e,0x7d,0x7d,0x7c,0x80,0x7e,0x82,0x7b,
	0x7c,0x7d,0x7e,0x7e,0x7e,0x7e,0x7e,0x7e,0x7e,0x7e,0x7e,0x7e,0x7e,0x7e,0x7e,0x7e,0x81,0x83,0xd1,0xd3,
	0xd0,0xd3,0xd1,0xd3,0x2a,0x28,0x29,0x29,0x28,0x28,0x2a,0x2a,0x29,0x29,0x29,0x29,0x29,0x29,0x29,0x28,
	0x28,0x28,0x27,0x29,0x29,0x2b,0x68,0x6a,0x6a,0x6a,0x6a,0x6a,0x6a,0x6a,0x6a,0x6a,0x87,0x95,0x94,0x9d,
	0x8b,0x6c,0x7f,0x97,0x7a,0xa0,0x6b,0x91,0xa4,0xa5,0xa7,0xa3,0xa9,0xaa,0xaa,0xaa,0xaa,0xaa,0xaa,0xaa,
	0x57,0x54,0x55,0x58,0x50,0x54,0x5a,0x5d,0x4e,0x4e,0x52,0x51,0x50,0x53,0x7b,0x80,0x80,0x7b,0x7e,0x7f,
	0x7b,0x83,0x7f,0x7d,0x7b,0x80,0x7b,0x79,0x82,0x80,0x7c,0x7b,0x7d,0x7a,0x80,0x7d,0x7e,0x7d,0x7d,0x7f,
	0x7f,0x7d,0x7e,0x7c,0x7f,0x7e,0x84,0x7d,0x7d,0x7d,0x7e,0x7e,0x7e,0x7e,0x7e,0x7e,0x7e,0x7e,0x7e,0x7e,
	0x7e,0x7e,0x7e,0x7e,0x81,0x83,0xd1,0xd3,0xd0,0xd3,0xd1,0xd3,0x2a,0x28,0x29,0x29,0x28,0x28,0x2a,0x2a,
	0x29,0x29,0x29,0x29,0x29,0x29,0x29,0x28,0x28,0x28,0x27,0x29,0x29,0x2b,0x68,0x6a,0x6a,0x6a,0x6a,0x6a,
	0x6a,0x6a,0x6a,0x6a,0x87,0x92,0x86,0x95,0x84,0x89,0x84,0x7c,0x77,0x85,0x95,0x6f,0x9f,0x9e,0xa2,0xa9,
	0xa9,0xaa,0xaa,0xaa,0xaa,0xaa,0xaa,0xaa,0x56,0x59,0x5c,0x60,0x4d,0x52,0x5a,0x5c,0x4f,0x4f,0x52,0x51,
	0x50,0x53,0x7c,0x81,0x7e,0x79,0x7e,0x7d,0x7a,0x82,0x7f,0x7d,0x7b,0x7f,0x7b,0x78,0x82,0x80,0x7c,0x7b,
	0x7d,0x7b,0x80,0x7d,0x7e,0x7d,0x7d,0x7f,0x7e,0x7c,0x7d,0x7b,0x7e,0x7c,0x83,0x7d,0x7e,0x7e,0x7e,0x7e,
	0x7e,0x7e,0x7e,0x7e,0x7e,0x7e,0x7e,0x7e,0x7e,0x7e,0x7e,0x7e,0x81,0x83,0xd1,0xd3,0xd0,0xd3,0xd1,0xd3,
	0x2a,0x28,0x29,0x29,0x28,0x28,0x2a,0x2a,0x29,0x29,0x29,0x29,0x29,0x29,0x29,0x28,0x28,0x28,0x27,0x29,
	0x29,0x2b,0x68,0x6a,0x6a,0x6a,0x6a,0x6a,0x6a,0x6a,0x6a,0x6a,0x76,0x81,0x78,0xa1,0x97,0x8c,0x84,0x8e,
	0x7d,0x7e,0x79,0x6e,0x9c,0xa0,0x9f,0xac,0xa9,0xaa,0xaa,0xaa,0xaa,0xaa,0xa9,0xa8,0xa0,0xa4,0xa4,0xa5,
	0x53,0x55,0x5b,0x5b,0x4f,0x4f,0x52,0x51,0x50,0x53,0x7c,0x81,0x7d,0x7b,0x81,0x7c,0x7a,0x82,0x80,0x7c,
	0x7c,0x7f,0x7b,0x77,0x82,0x80,0x7d,0x7b,0x7d,0x7c,0x80,0x7e,0x7e,0x7d,0x7c,0x7e,0x7e,0x7d,0x7e,0x7c,
	0x7e,0x7c,0x83,0x7d,0x7e,0x7e,0x7e,0x7e,0x7e,0x7e,0x7e,0x7e,0x7e,0x7e,0x7e,0x7e,0x7e,0x7e,0x7e,0x7e,
	0x81,0x83,0xd1,0xd3,0xd0,0xd3,0xd1,0xd3,0x2a,0x28,0x29,0x29,0x28,0x28,0x2a,0x2a,0x29,0x29,0x29,0x29,
	0x29,0x29,0x29,0x28,0x28,0x28,0x27,0x29,0x29,0x2b,0x68,0x6a,0x6a,0x6a,0x6a,0x6a,0x6a,0x6a,0x6a,0x6a,
	0x70,0x73,0x8b,0x95,0x88,0x7d,0x84,0x78,0x7d,0x99,0x75,0x86,0x9c,0xa3,0xb0,0xa4,0xa9,0xaa,0xaa,0xaa,
	0xaa,0xaa,0xa9,0xa9,0xa9,0xac,0xab,0xa6,0x5e,0x58,0x5d,0x5b,0x4f,0x4f,0x52,0x51,0x50,0x53,0x7c,0x81,
	0x7d,0x7b,0x7f,0x7b,0x79,0x82,0x80,0x7c,0x7c,0x7f,0x7a,0x76,0x83,0x81,0x7d,0x7b,0x7d,0x7c,0x80,0x7e,
	0x7e,0x7e,0x7c,0x7e,0x7f,0x7e,0x80,0x7e,0x7f,0x7e,0x84,0x81,0x7e,0x7e,0x7e,0x7e,0x7e,0x7e,0x7e,0x7e,
	0x7e,0x7e,0x7e,0x7e,0x7e,0x7e,0x7e,0x7e,0x81,0x83,0xd1,0xd3,0xd0,0xd3,0xd1,0xd3,0x2a,0x28,0x29,0x29,
	0x28,0x28,0x2a,0x2a,0x29,0x29,0x29,0x29,0x29,0x29,0x29,0x28,0x28,0x28,0x27,0x29,0x29,0x2b,0x68,0x6a,
	0x6a,0x6a,0x6a,0x6a,0x6a,0x6a,0x6a,0x6a,0x85,0x69,0x94,0x90,0x91,0x80,0x75,0x77,0x98,0x85,0x79,0x7a,
	0x9a,0xa9,0xa8,0xa4,0xa8,0xa9,0xaa,0xaa,0xaa,0xaa,0xa9,0xa8,0xa1,0xa6,0xac,0xab,0xa7,0xa0,0xa6,0xa5,
	0x4f,0x4f,0x52,0x51,0x50,0x53,0x7c,0x81,0x7d,0x7b,0x7f,0x7b,0x78,0x82,0x80,0x7c,0x7c,0x7e,0x79,0x74,
	0x84,0x82,0x7e,0x7b,0x7d,0x7d,0x7f,0x7e,0x7d,0x7e,0x7b,0x7d,0x7e,0x7d,0x7d,0x7b,0x7d,0x7d,0x84,0x81,
	0x80,0x7f,0x7e,0x7e,0x7e,0x7e,0x7e,0x7e,0x7e,0x7e,0x7e,0x7e,0x7e,0x7e,0x7e,0x7e,0x81,0x83,0xd1,0xd3,
	0xd0,0xd3,0xd1,0xd3,0x2a,0x28,0x29,0x29,0x28,0x28,0x2a,0x2a,0x29,0x29,0x29,0x29,0x29,0x29,0x29,0x28,
	0x28,0x28,0x27,0x29,0x29,0x2b,0x68,0x6a,0x6a,0x6a,0x6a,0x6a,0x6a,0x6a,0x6a,0x6a,0x7d,0x8b,0x7a,0x74,
	0x93,0x9e,0x68,0x91,0x81,0x76,0x73,0x76,0xa4,0x9e,0xa7,0xa2,0xa8,0xa9,0xaa,0xaa,0xaa,0xaa,0xa9,0xa9,
	0xa8,0xa7,0xab,0xa9,0xa9,0xa4,0xa8,0xa6,0x4f,0x4f,0x51,0x51,0x51,0x52,0x7b,0x80,0x7d,0x7b,0x7e,0x7a,
	0x76,0x81,0x7f,0x7b,0x79,0x79,0x75,0x71,0x84,0x83,0x7f,0x7c,0x7d,0x7e,0x7f,0x7e,0x7c,0x7d,0x7a,0x7c,
	0x80,0x7f,0x7f,0x7c,0x7d,0x7d,0x82,0x81,0x81,0x80,0x7f,0x7f,0x7e,0x7e,0x7e,0x7e,0x7e,0x7e,0x7e,0x7e,
	0x7e,0x7e,0x7e,0x7e,0x81,0x83,0xd2,0xd3,0xd0,0xd3,0xd1,0xd3,0x2a,0x28,0x29,0x29,0x28,0x28,0x2a,0x2a,
	0x29,0x29,0x29,0x29,0x29,0x29,0x29,0x28,0x28,0x28,0x28,0x29,0x29,0x2b,0x68,0x6a,0x6a,0x6a,0x6a,0x6a,
	0x6a,0x6a,0x6a,0x6a,0x8f,0x75,0x70,0x71,0x9b,0x81,0x7b,0x92,0x97,0x95,0x96,0x76,0xb0,0xa8,0xae,0xa7,
	0xa9,0xa9,0xaa,0xaa,0xaa,0xaa,0xab,0xac,0xaf,0xac,0xad,0xad,0xa9,0xa8,0xaa,0xa7,0x50,0x50,0x51,0x51,
	0x52,0x52,0x7a,0x7f,0x7c,0x7a,0x7d,0x78,0x74,0x81,0x7f,0x79,0x6f,0x6e,0x6b,0x69,0x7f,0x7f,0x81,0x7d,
	0x7e,0x7f,0x80,0x7f,0x7d,0x7f,0x7c,0x7d,0x80,0x80,0x81,0x7e,0x7f,0x80,0x83,0x81,0x82,0x81,0x80,0x80,
	0x7e,0x7e,0x7e,0x7e,0x7e,0x7e,0x7e,0x7e,0x7e,0x7e,0x7e,0x7e,0x81,0x83,0xd3,0xd3,0xd1,0xd3,0xd1,0xd3,
	0x2a,0x28,0x29,0x29,0x28,0x28,0x2a,0x2a,0x29,0x29,0x29,0x29,0x29,0x29,0x29,0x28,0x28,0x28,0x28,0x29,
	0x29,0x2b,0x68,0x6a,0x6a,0x6a,0x6a,0x6a,0x6a,0x6a,0x6a,0x6a,0x7a,0x84,0x99,0xa1,0x86,0x80,0x72,0x8a,
	0x8a,0x7b,0x88,0x9c,0xa4,0x9f,0x9d,0xa2,0xa9,0xa9,0xaa,0xaa,0xaa,0xaa,0xab,0xab,0xab,0xaa,0xab,0xab,
	0xa9,0xaa,0xab,0xa8,0x50,0x50,0x51,0x51,0x52,0x52,0x54,0x54,0x53,0x52,0x53,0x53,0x52,0x51,0x5f,0x62,
	0x5e,0x60,0x60,0x5e,0x52,0x50,0x8e,0x8e,0x90,0x91,0x91,0x91,0x8e,0x90,0x8e,0x8f,0x91,0x90,0x8f,0x8c,
	0x8d,0x8c,0x8e,0x8d,0x8b,0x8d,0x8f,0x96,0xc9,0xcb,0xd0,0xd1,0xd2,0xd0,0xdd,0xdb,0xd2,0xd3,0xd0,0xd0,
	0xd2,0xd3,0xd4,0xd2,0xd2,0xd3,0xd1,0xd3,0x2a,0x28,0x29,0x29,0x28,0x28,0x2a,0x2a,0x29,0x29,0x29,0x29,
	0x29,0x29,0x29,0x29,0x29,0x29,0x28,0x29,0x29,0x2b,0x68,0x6a,0x6a,0x6a,0x6a,0x6a,0x6a,0x6a,0x6a,0x6a,
	0x81,0x84,0x7b,0x98,0x72,0x6e,0x9f,0x73,0x92,0x7a,0x74,0x99,0xa4,0x9e,0x9d,0xa6,0xa9,0xaa,0xaa,0xaa,
	0xaa,0xaa,0xaa,0xab,0xaa,0xa8,0xa9,0xab,0xa9,0xaa,0xab,0xa9,0x52,0x52,0x51,0x51,0x53,0x51,0x53,0x53,
	0x52,0x50,0x50,0x50,0x4d,0x4b,0x55,0x56,0x54,0x56,0x57,0x58,0x4f,0x4e,0x8f,0x8f,0x91,0x93,0x92,0x93,
	0x91,0x94,0x91,0x92,0x92,0x92,0x90,0x8f,0x90,0x8f,0x8e,0x8d,0x8d,0x8d,0x8f,0x95,0xcc,0xcd,0xd0,0xd1,
	0xd2,0xd0,0xd6,0xd6,0xcf,0xd2,0xd0,0xd1,0xd5,0xd5,0xd7,0xd2,0xd2,0xd2,0xd0,0xd2,0x2a,0x28,0x29,0x29,
	0x28,0x28,0x2a,0x2a,0x29,0x29,0x29,0x29,0x29,0x29,0x29,0x29,0x29,0x29,0x29,0x29,0x29,0x2b,0x68,0x6a,
	0x6a,0x6a,0x6a,0x6a,0x6a,0x6a,0x6a,0x6a,0x79,0x82,0x7c,0x8a,0x7f,0x7c,0x80,0x76,0x6d,0x6a,0x99,0x8e,
	0x97,0xac,0x9c,0xa3,0xaa,0xaa,0xaa,0xaa,0xaa,0xaa,0xaa,0xaa,0xaa,0xa9,0xa9,0xaa,0xa9,0xaa,0xaa,0xa9,
	0x50,0x50,0x4f,0x50,0x53,0x50,0x51,0x51,0x52,0x52,0x51,0x52,0x4f,0x4c,0x52,0x52,0x50,0x52,0x54,0x55,
	0x4f,0x4f,0x91,0x91,0x91,0x92,0x91,0x91,0x90,0x93,0x91,0x92,0x92,0x92,0x91,0x90,0x91,0x90,0x8f,0x8f,
	0x8f,0x90,0x92,0x97,0xd2,0xd0,0xd2,0xd2,0xd3,0xd2,0xd4,0xd5,0xd0,0xd5,0xd1,0xd2,0xd4,0xd3,0xd4,0xcf,
	0xce,0xcf,0xce,0xd0,0x2a,0x28,0x29,0x29,0x28,0x28,0x2a,0x2a,0x29,0x29,0x29,0x29,0x29,0x29,0x29,0x29,
	0x29,0x29,0x29,0x29,0x29,0x2b,0x68,0x6a,0x6a,0x6a,0x6a,0x6a,0x6a,0x6a,0x6a,0x6a,0x79,0x97,0x74,0x84,
	0x92,0x77,0x81,0x85,0x8e,0x75,0x7e,0x98,0xa7,0x9e,0x9d,0x9d,0xaa,0xaa,0xaa,0xaa,0xaa,0xaa,0xaa,0xaa,
	0xaa,0xaa,0xaa,0xaa,0xaa,0xaa,0xaa,0xaa,0x50,0x50,0x50,0x4f,0x52,0x4f,0x50,0x51,0x53,0x52,0x52,0x54,
	0x51,0x4f,0x52,0x51,0x50,0x51,0x53,0x54,0x50,0x50,0x92,0x91,0x91,0x92,0x90,0x91,0x90,0x93,0x92,0x92,
	0x8d,0x8c,0x8c,0x8d,0x8f,0x90,0x8f,0x90,0x90,0x91,0x92,0x95,0xd3,0xd0,0xd1,0xd0,0xd0,0xd1,0xd1,0xd3,
	0xcf,0xd3,0xd0,0xd0,0xd2,0xd1,0xd3,0xd0,0xd0,0xd3,0xd3,0xd6,0x2a,0x28,0x29,0x29,0x28,0x28,0x2a,0x2a,
	0x29,0x29,0x29,0x29,0x29,0x29,0x29,0x29,0x29,0x29,0x29,0x29,0x29,0x2b,0x68,0x6a,0x6a,0x6a,0x6a,0x6a,
	0x6a,0x6a,0x6a,0x6a,0x7d,0x7a,0x86,0x83,0x92,0x76,0x93,0x7e,0x72,0x88,0x8e,0x9d,0x95,0xa0,0xab,0xa2,
	0xaa,0xaa,0xaa,0xaa,0xaa,0xaa,0xaa,0xaa,0xaa,0xaa,0xaa,0xaa,0xaa,0xaa,0xaa,0xaa,0x52,0x52,0x51,0x51,
	0x53,0x50,0x50,0x50,0x52,0x52,0x52,0x54,0x52,0x50,0x52,0x51,0x4f,0x50,0x52,0x53,0x50,0x51,0x92,0x92,
	0x91,0x92,0x90,0x91,0x92,0x94,0x93,0x93,0x8f,0x8e,0x8e,0x8f,0x91,0x91,0x90,0x90,0x90,0x90,0x91,0x93,
	0xd3,0xcf,0xd1,0xd0,0xd0,0xd2,0xd1,0xd4,0xcf,0xd3,0xd1,0xd0,0xd1,0xd0,0xd3,0xd0,0xd0,0xd3,0xd2,0xd5,
	0x2a,0x28,0x29,0x29,0x28,0x28,0x2a,0x2a,0x29,0x29,0x29,0x29,0x29,0x29,0x29,0x29,0x29,0x29,0x29,0x29,
	0x29,0x2b,0x68,0x6a,0x6a,0x6a,0x6a,0x6a,0x6a,0x6a,0x6a,0x6a,0x6e,0x88,0x81,0x6e,0x90,0x8d,0x79,0x94,
	0x83,0x7c,0x79,0x94,0x9f,0xa7,0x9e,0xa0,0xa8,0xa9,0xaa,0xaa,0xaa,0xaa,0xaa,0xaa,0xaa,0xaa,0xaa,0xaa,
	0xaa,0xaa,0xaa,0xaa,0x52,0x52,0x52,0x51,0x53,0x50,0x50,0x50,0x52,0x52,0x51,0x54,0x53,0x51,0x52,0x51,
	0x50,0x50,0x52,0x52,0x51,0x51,0x93,0x92,0x91,0x92,0x90,0x91,0x92,0x93,0x92,0x92,0x91,0x90,0x90,0x91,
	0x91,0x90,0x90,0x90,0x90,0x90,0x92,0x93,0xd4,0xce,0xd1,0xd0,0xcf,0xd3,0xd1,0xd5,0xd1,0xd4,0xd2,0xd2,
	0xd1,0xd1,0xd4,0xd1,0xcf,0xd1,0xd0,0xd2,0x2a,0x28,0x29,0x29,0x28,0x28,0x2a,0x2a,0x29,0x29,0x29,0x29,
	0x29,0x29,0x29,0x29,0x29,0x29,0x29,0x29,0x29,0x2b,0x68,0x6a,0x6a,0x6a,0x6a,0x6a,0x6a,0x6a,0x6a,0x6a,
	0x6c,0x86,0x71,0x6e,0x78,0x88,0x7b,0x90,0x82,0x7e,0x77,0x8f,0xaa,0xa0,0xa3,0xa8,0xab,0xaa,0xaa,0xaa,
	0xaa,0xaa,0xaa,0xaa,0xaa,0xaa,0xaa,0xaa,0xaa,0xaa,0xaa,0xaa,0x51,0x51,0x51,0x50,0x52,0x50,0x50,0x50,
	0x52,0x51,0x51,0x54,0x53,0x52,0x51,0x51,0x50,0x50,0x51,0x51,0x52,0x52,0x93,0x93,0x91,0x93,0x90,0x91,
	0x91,0x92,0x90,0x90,0x91,0x90,0x91,0x91,0x91,0x90,0x8f,0x90,0x91,0x92,0x94,0x94,0xd5,0xcf,0xd2,0xd0,
	0xce,0xd2,0xd0,0xd4,0xd0,0xd3,0xd1,0xd2,0xd0,0xd1,0xd5,0xd3,0xd1,0xd3,0xd2,0xd2,0x2a,0x28,0x29,0x29,
	0x28,0x28,0x2a,0x2a,0x29,0x29,0x29,0x29,0x29,0x29,0x29,0x29,0x29,0x29,0x29,0x29,0x29,0x2b,0x68,0x6a,
	0x6a,0x6a,0x6a,0x6a,0x6a,0x6a,0x6a,0x6a,0x86,0x74,0x97,0x85,0x8d,0x8b,0x93,0x88,0x7b,0x95,0x92,0x90,
	0xa2,0x9f,0x9f,0xa5,0xa8,0xa9,0xaa,0xaa,0xaa,0xaa,0xaa,0xaa,0xaa,0xaa,0xaa,0xaa,0xaa,0xaa,0xaa,0xaa,
	0x50,0x51,0x51,0x50,0x52,0x51,0x51,0x51,0x52,0x51,0x50,0x52,0x52,0x51,0x50,0x50,0x4f,0x4f,0x50,0x50,
	0x51,0x52,0x93,0x94,0x92,0x93,0x91,0x91,0x91,0x90,0x8f,0x91,0x92,0x92,0x92,0x92,0x92,0x8f,0x90,0x90,
	0x90,0x91,0x93,0x93,0xd7,0xd2,0xd5,0xd5,0xd2,0xd6,0xd3,0xd5,0xd1,0xd2,0xd0,0xd0,0xcf,0xd1,0xd4,0xd3,
	0xd1,0xd2,0xd0,0xd0,0x2a,0x28,0x29,0x29,0x28,0x28,0x2a,0x2a,0x29,0x29,0x29,0x29,0x29,0x29,0x29,0x29,
	0x29,0x29,0x29,0x29,0x29,0x2b,0x68,0x6a,0x6a,0x6a,0x6a,0x6a,0x6a,0x6a,0x6a,0x6a,0x88,0x71,0x92,0x7f,
	0x88,0x82,0x81,0x84,0x89,0x93,0x6b,0x7b,0xa0,0xaa,0xa6,0xa7,0xa8,0xa9,0xaa,0xaa,0xaa,0xaa,0xaa,0xaa,
	0xaa,0xaa,0xaa,0xaa,0xaa,0xaa,0xaa,0xaa,0x4f,0x51,0x50,0x50,0x51,0x52,0x51,0x51,0x52,0x50,0x50,0x51,
	0x52,0x52,0x50,0x50,0x50,0x4f,0x50,0x50,0x51,0x52,0x93,0x94,0x92,0x93,0x91,0x91,0x91,0x8f,0x8e,0x90,
	0x91,0x92,0x91,0x93,0x92,0x90,0x92,0x91,0x8e,0x8e,0x90,0x8f,0xd4,0xd1,0xd4,0xd5,0xd3,0xd8,0xd3,0xd4,
	0xd1,0xd1,0xd0,0xd1,0xd0,0xd3,0xd5,0xd4,0xd1,0xd2,0xcf,0xce,0x2a,0x28,0x29,0x29,0x28,0x28,0x2a,0x2a,
	0x29,0x29,0x29,0x29,0x29,0x29,0x29,0x29,0x29,0x29,0x29,0x29,0x29,0x2b,0x68,0x6a,0x6a,0x6a,0x6a,0x6a,
	0x6a,0x6a,0x6a,0x6a,0x6a,0x6a,0x6a,0x6a,0x6c,0x6c,0x6c,0x68,0x6a,0x6a,0x6a,0x6a,0xa6,0xaa,0xa8,0xa9,
	0xaa,0xaa,0xaa,0xaa,0xaa,0xaa,0xaa,0xaa,0xaa,0xaa,0xaa,0xaa,0xaa,0xaa,0xaa,0xaa,0x4f,0x50,0x50,0x50,
	0x51,0x52,0x51,0x51,0x52,0x51,0x51,0x52,0x52,0x53,0x51,0x52,0x51,0x51,0x51,0x51,0x52,0x52,0x92,0x94,
	0x92,0x92,0x91,0x91,0x91,0x8f,0x8e,0x90,0x90,0x8f,0x8f,0x92,0x94,0x92,0x94,0x93,0x90,0x90,0x90,0x8e,
	0xd4,0xd2,0xd3,0xd4,0xd3,0xd7,0xd2,0xd3,0xd2,0xd1,0xd0,0xd2,0xd1,0xd3,0xd4,0xd3,0xd1,0xd2,0xcf,0xcd,
	0x2a,0x28,0x29,0x29,0x28,0x28,0x2a,0x2a,0x29,0x29,0x29,0x29,0x29,0x29,0x29,0x29,0x29,0x29,0x29,0x29,
	0x29,0x2b,0x68,0x6a,0x6a,0x6a,0x6a,0x6a,0x6a,0x6a,0x6a,0x6a,0x6a,0x6a,0x6a,0x6a,0x6b,0x6b,0x6b,0x69,
	0x6a,0x6a,0x6a,0x6a,0xa8,0xaa,0xa8,0xa9,0xaa,0xaa,0xaa,0xaa,0xaa,0xaa,0xaa,0xaa,0xaa,0xaa,0xaa,0xaa,
	0xaa,0xaa,0xaa,0xaa,0x50,0x52,0x52,0x51,0x51,0x53,0x51,0x52,0x52,0x51,0x51,0x51,0x53,0x53,0x51,0x52,
	0x51,0x51,0x51,0x51,0x52,0x51,0x92,0x94,0x92,0x92,0x91,0x91,0x93,0x90,0x90,0x91,0x91,0x8f,0x8e,0x90,
	0x93,0x91,0x92,0x92,0x92,0x92,0x91,0x90,0xd6,0xd4,0xd4,0xd4,0xd3,0xd7,0xd0,0xd1,0xd2,0xd1,0xcf,0xd1,
	0xcf,0xd1,0xd1,0xd1,0xd1,0xd3,0xd2,0xd1,0x2a,0x28,0x29,0x29,0x28,0x28,0x2a,0x2a,0x29,0x29,0x29,0x29,
	0x29,0x29,0x29,0x29,0x29,0x29,0x29,0x29,0x29,0x2b,0x68,0x6a,0x6a,0x6a,0x6a,0x6a,0x6a,0x6a,0x6a,0x6a,
	0x6a,0x6a,0x6a,0x6a,0x6a,0x6a,0x6a,0x6a,0x6a,0x6a,0x6a,0x6a,0xa9,0xaa,0xa8,0xa9,0xaa,0xaa,0xaa,0xaa,
	0xaa,0xaa,0xaa,0xaa,0xaa,0xaa,0xaa,0xaa,0xaa,0xaa,0xaa,0xaa,0x51,0x53,0x52,0x51,0x50,0x53,0x51,0x52,
	0x52,0x51,0x52,0x51,0x53,0x53,0x51,0x51,0x51,0x50,0x50,0x50,0x51,0x51,0x91,0x94,0x92,0x91,0x91,0x91,
	0x93,0x90,0x91,0x92,0x93,0x92,0x92,0x92,0x94,0x91,0x91,0x90,0x91,0x92,0x91,0x8f,0xd5,0xd6,0xd4,0xd4,
	0xd3,0xd6,0xd0,0xd1,0xd3,0xd2,0xcf,0xd1,0xcf,0xd1,0xd0,0xd1,0xd2,0xd6,0xd6,0xd5,0x2a,0x28,0x29,0x29,
	0x28,0x28,0x2a,0x2a,0x29,0x29,0x29,0x29,0x29,0x29,0x29,0x29,0x29,0x29,0x29,0x29,0x29,0x2b,0x68,0x6a,
	0x6a,0x6a,0x6a,0x6a,0x6a,0x6a,0x6a,0x6a,0x6a,0x6a,0x6a,0x6a,0x6a,0x6a,0x6a,0x6a,0x6a,0x6a,0x6a,0x6a,
	0xaa,0xaa,0xa8,0xa9,0xaa,0xaa,0xaa,0xaa,0xaa,0xaa,0xaa,0xaa,0xaa,0xaa,0xaa,0xaa,0xaa,0xaa,0xaa,0xaa,
	0x50,0x51,0x51,0x50,0x4f,0x53,0x51,0x53,0x53,0x52,0x53,0x52,0x53,0x53,0x52,0x52,0x52,0x51,0x51,0x52,
	0x52,0x52,0x91,0x94,0x91,0x90,0x90,0x90,0x92,0x8f,0x90,0x91,0x92,0x90,0x8f,0x91,0x93,0x91,0x91,0x91,
	0x91,0x93,0x91,0x91,0xd7,0xd9,0xd7,0xd7,0xd6,0xd8,0xd2,0xd2,0xd4,0xd3,0xd1,0xd4,0xd1,0xd2,0xd0,0xd0,
	0xd0,0xd2,0xd1,0xd0,0x2a,0x28,0x29,0x29,0x28,0x28,0x2a,0x2a,0x29,0x29,0x29,0x29,0x29,0x29,0x29,0x29,
	0x29,0x29,0x29,0x29,0x29,0x2b,0x68,0x6a,0x6a,0x6a,0x6a,0x6a,0x6a,0x6a,0x6a,0x6a,0x6a,0x6a,0x6a,0x6a,
	0x6a,0x6a,0x6a,0x6a,0x6a,0x6a,0x6a,0x6a,0xaa,0xaa,0xa8,0xa9,0xaa,0xaa,0xaa,0xaa,0xaa,0xaa,0xaa,0xaa,
	0xaa,0xaa,0xaa,0xaa,0xaa,0xaa,0xaa,0xaa,0x4f,0x51,0x50,0x4f,0x4e,0x53,0x50,0x53,0x53,0x53,0x54,0x52,
	0x53,0x52,0x50,0x51,0x51,0x51,0x51,0x51,0x52,0x52,0x91,0x94,0x91,0x90,0x90,0x8f,0x91,0x8e,0x8f,0x90,
	0x90,0x8e,0x8f,0x91,0x95,0x93,0x93,0x92,0x92,0x92,0x90,0x8e,0xd2,0xd4,0xd2,0xd1,0xcf,0xd0,0xcc,0xcc,
	0xcf,0xce,0xce,0xd3,0xd1,0xd3,0xd2,0xd2,0xd2,0xd3,0xd1,0xd0,0x2a,0x28,0x29,0x29,0x28,0x28,0x2a,0x2a,
	0x29,0x29,0x29,0x29,0x29,0x29,0x29,0x29,0x29,0x29,0x29,0x29,0x29,0x2b,0x68,0x6a,0x6a,0x6a,0x6a,0x6a,
	0x6a,0x6a,0x6a,0x6a,0x6a,0x6a,0x6a,0x6a,0x6a,0x6a,0x6a,0x6a,0x6a,0x6a,0x6a,0x6a,0xaa,0xaa,0xa8,0xa9,
	0xaa,0xaa,0xaa,0xaa,0xaa,0xaa,0xaa,0xaa,0xaa,0xaa,0xaa,0xaa,0xaa,0xaa,0xaa,0xaa,0x52,0x52,0x52,0x51,
	0x50,0x54,0x50,0x53,0x52,0x52,0x53,0x50,0x51,0x51,0x4e,0x4f,0x4f,0x4f,0x4f,0x50,0x51,0x51,0x91,0x94,
	0x92,0x90,0x91,0x90,0x93,0x90,0x91,0x91,0x91,0x90,0x91,0x93,0x95,0x92,0x92,0x90,0x90,0x92,0x92,0x92,
	0xd6,0xda,0xd8,0xd8,0xd6,0xd6,0xd3,0xd2,0xd1,0xcf,0xce,0xd1,0xce,0xd0,0xd0,0xd2,0xd4,0xd5,0xd5,0xd4,
	0x2a,0x28,0x29,0x29,0x28,0x28,0x2a,0x2a,0x29,0x29,0x29,0x29,0x29,0x29,0x29,0x29,0x29,0x29,0x29,0x29,
	0x29,0x2b,0x68,0x6a,0x6a,0x6a,0x6a,0x6a,0x6a,0x6a,0x6a,0x6a,0x6a,0x6a,0x6a,0x6a,0x6a,0x6a,0x6a,0x6a,
	0x6a,0x6a,0x6a,0x6a,0xaa,0xaa,0xa8,0xa9,0xaa,0xaa,0xaa,0xaa,0xaa,0xaa,0xaa,0xaa,0xaa,0xaa,0xaa,0xaa,
	0xaa,0xaa,0xaa,0xaa,0x53,0x53,0x53,0x52,0x50,0x54,0x50,0x52,0x51,0x52,0x52,0x50,0x51,0x51,0x4f,0x50,
	0x4f,0x50,0x50,0x51,0x52,0x51,0x91,0x94,0x92,0x90,0x91,0x90,0x93,0x90,0x90,0x91,0x8f,0x8c,0x8e,0x90,
	0x92,0x91,0x92,0x91,0x91,0x92,0x92,0x90,0xcf,0xd1,0xcf,0xce,0xcb,0xcd,0xcf,0xd1,0xd2,0xd1,0xd2,0xd5,
	0xd0,0xcf,0xcf,0xd0,0xd0,0xd0,0xcf,0xcd,0x2a,0x28,0x29,0x29,0x28,0x28,0x2a,0x2a,0x29,0x29,0x29,0x29,
	0x29,0x29,0x29,0x29,0x29,0x29,0x29,0x29,0x29,0x2b,0x68,0x6a,0x6a,0x6a,0x6a,0x6a,0x6a,0x6a,0x6a,0x6a,
	0x6a,0x6a,0x6a,0x6a,0x6a,0x6a,0x6a,0x6a,0x6a,0x6a,0x6a,0x6a,0xaa,0xaa,0xa8,0xa9,0xaa,0xaa,0xaa,0xaa,
	0xaa,0xaa,0xaa,0xaa,0xaa,0xaa,0xaa,0xaa,0xaa,0xaa,0xaa,0xaa,0x53,0x52,0x53,0x52,0x50,0x53,0x4f,0x52,
	0x51,0x52,0x53,0x51,0x53,0x53,0x51,0x52,0x52,0x53,0x53,0x53,0x54,0x52,0x92,0x94,0x92,0x90,0x91,0x8f,
	0x91,0x8f,0x90,0x90,0x90,0x91,0x93,0x92,0x93,0x90,0x91,0x91,0x90,0x93,0x95,0x94,0xd3,0xd6,0xd5,0xd3,
	0xd1,0xd2,0xd6,0xd6,0xd5,0xd3,0xd3,0xd4,0xce,0xce,0xcf,0xd1,0xd3,0xd4,0xd4,0xd3,0x2a,0x28,0x29,0x29,
	0x28,0x28,0x2a,0x2a,0x29,0x29,0x29,0x29,0x29,0x29,0x29,0x29,0x29,0x29,0x29,0x29,0x29,0x2b,0x68,0x6a,
	0x6a,0x6a,0x6a,0x6a,0x6a,0x6a,0x6a,0x6a,0x6a,0x6a,0x6a,0x6a,0x6a,0x6a,0x6a,0x6a,0x6a,0x6a,0x6a,0x6a,
	0xaa,0xaa,0xa8,0xa9,0xaa,0xaa,0xaa,0xaa,0xaa,0xaa,0xaa,0xaa,0xaa,0xaa,0xaa,0xaa,0xaa,0xaa,0xaa,0xaa,
	0x54,0x53,0x54,0x53,0x51,0x54,0x4f,0x52,0x50,0x51,0x52,0x50,0x52,0x53,0x51,0x52,0x52,0x53,0x53,0x53,
	0x54,0x51,0x91,0x93,0x93,0x90,0x91,0x8f,0x91,0x8f,0x90,0x91,0x91,0x90,0x93,0x92,0x93,0x91,0x91,0x91,
	0x8f,0x92,0x93,0x92,0xd0,0xd2,0xd0,0xce,0xcb,0xcc,0xd0,0xd1,0xcf,0xcf,0xd0,0xd3,0xce,0xce,0xd1,0xd3,
	0xd4,0xd4,0xd4,0xd3,0x2a,0x28,0x29,0x29,0x28,0x28,0x2a,0x2a,0x29,0x29,0x29,0x29,0x29,0x29,0x29,0x29,
	0x29,0x29,0x29,0x29,0x29,0x2b,0x68,0x6a,0x6a,0x6a,0x6a,0x6a,0x6a,0x6a,0x6a,0x6a,0x6a,0x6a,0x6a,0x6a,
	0x6a,0x6a,0x6a,0x6a,0x6a,0x6a,0x6a,0x6a,0xaa,0xaa,0xa8,0xa9,0xaa,0xaa,0xaa,0xaa,0xaa,0xaa,0xaa,0xaa,
	0xaa,0xaa,0xaa,0xaa,0xaa,0xaa,0xaa,0xaa,0x55,0x53,0x55,0x54,0x53,0x55,0x4f,0x52,0x4f,0x50,0x50,0x4e,
	0x50,0x50,0x4e,0x4f,0x4f,0x50,0x50,0x51,0x52,0x50,0x91,0x93,0x93,0x91,0x93,0x90,0x92,0x91,0x91,0x91,
	0x90,0x90,0x93,0x92,0x92,0x90,0x8f,0x90,0x8f,0x91,0x92,0x92,0xd0,0xd4,0xd2,0xd0,0xce,0xce,0xd1,0xd1,
	0xcf,0xcf,0xd0,0xd4,0xd0,0xd0,0xd2,0xd3,0xd4,0xd2,0xd1,0xd0,0x2a,0x28,0x29,0x29,0x28,0x28,0x2a,0x2a,
	0x29,0x29,0x29,0x29,0x29,0x29,0x29,0x29,0x29,0x29,0x29,0x29,0x29,0x2b,0x68,0x6a,0x6a,0x6a,0x6a,0x6a,
	0x6a,0x6a,0x6a,0x6a,0x6a,0x6a,0x6a,0x6a,0x6a,0x6a,0x6a,0x6a,0x6a,0x6a,0x6a,0x6a,0xaa,0xaa,0xa8,0xa9,
	0xaa,0xaa,0xaa,0xaa,0xaa,0xaa,0xaa,0xaa,0xaa,0xaa,0xaa,0xaa,0xaa,0xaa,0xaa,0xaa,0x53,0x51,0x54,0x53,
	0x53,0x55,0x4e,0x52,0x4f,0x51,0x50,0x4e,0x50,0x50,0x4d,0x4e,0x4f,0x4f,0x50,0x50,0x52,0x50,0x91,0x93,
	0x93,0x91,0x92,0x8f,0x91,0x90,0x8f,0x91,0x94,0x95,0x96,0x93,0x93,0x91,0x8e,0x8f,0x8f,0x92,0x92,0x93,
	0xd2,0xd6,0xd4,0xd2,0xd1,0xd1,0xd3,0xd3,0xd1,0xd2,0xd2,0xd5,0xd3,0xd1,0xd3,0xd4,0xd5,0xd4,0xd3,0xd2,
	0x2a,0x28,0x29,0x29,0x28,0x28,0x2a,0x2a,0x29,0x29,0x29,0x29,0x29,0x29,0x29,0x29,0x29,0x29,0x29,0x29,
	0x29,0x2b,0x68,0x6a,0x6a,0x6a,0x6a,0x6a,0x6a,0x6a,0x6a,0x6a,0x6a,0x6a,0x6a,0x6a,0x6a,0x6a,0x6a,0x6a,
	0x6a,0x6a,0x6a,0x6a,0xaa,0xaa,0xa8,0xa9,0xaa,0xaa,0xaa,0xaa,0xaa,0xaa,0xaa,0xaa,0xaa,0xaa,0xaa,0xaa,
	0xaa,0xaa,0xaa,0xaa,0x50,0x4d,0x51,0x51,0x52,0x54,0x4e,0x52,0x4f,0x52,0x51,0x50,0x52,0x52,0x4f,0x50,
	0x50,0x51,0x51,0x51,0x53,0x50,0x91,0x92,0x93,0x91,0x91,0x8e,0x8f,0x8e,0x8e,0x8e,0x92,0x93,0x94,0x91,
	0x91,0x90,0x8e,0x8f,0x90,0x94,0x92,0x93,0xd3,0xd7,0xd4,0xd1,0xd2,0xd2,0xd2,0xd1,0xd1,0xd1,0xd0,0xd4,
	0xd2,0xd0,0xd1,0xd2,0xd5,0xd4,0xd4,0xd4,0x2a,0x28,0x29,0x29,0x28,0x28,0x2a,0x2a,0x29,0x29,0x29,0x29,
	0x29,0x29,0x29,0x29,0x29,0x29,0x29,0x29,0x29,0x2b,0x68,0x6a,0x6a,0x6a,0x6a,0x6a,0x6a,0x6a,0x6a,0x6a,
	0x6a,0x6a,0x6a,0x6a,0x6a,0x6a,0x6a,0x6a,0x6a,0x6a,0x6a,0x6a,0xaa,0xaa,0xa8,0xa9,0xaa,0xaa,0xaa,0xaa,
	0xaa,0xaa,0xaa,0xaa,0xaa,0xaa,0xaa,0xaa,0xaa,0xaa,0xaa,0xaa,0x50,0x4d,0x52,0x52,0x53,0x54,0x4d,0x51,
	0x4f,0x52,0x52,0x51,0x53,0x53,0x4f,0x50,0x50,0x51,0x51,0x51,0x53,0x50,0x90,0x92,0x93,0x91,0x91,0x8e,
	0x8f,0x8f,0x8e,0x8e,0x8f,0x90,0x92,0x8f,0x91,0x91,0x8e,0x90,0x92,0x95,0x91,0x91,0xd2,0xd6,0xd2,0xd0,
	0xd2,0xd2,0xd0,0xd0,0xd0,0xd1,0xcf,0xd3,0xd2,0xcf,0xcf,0xd0,0xd3,0xd3,0xd3,0xd4,0x2a,0x28,0x29,0x29,
	0x28,0x28,0x2a,0x2a,0x29,0x29,0x29,0x29,0x29,0x29,0x29,0x29,0x29,0x29,0x29,0x29,0x29,0x2b,0x68,0x6a,
	0x6a,0x6a,0x6a,0x6a,0x6a,0x6a,0x6a,0x6a,0x6a,0x6a,0x6a,0x6a,0x6a,0x6a,0x6a,0x6a,0x6a,0x6a,0x6a,0x6a,
	0xaa,0xaa,0xa8,0xa9,0xaa,0xaa,0xaa,0xaa,0xaa,0xaa,0xaa,0xaa,0xaa,0xaa,0xaa,0xaa,0xaa,0xaa,0xaa,0xaa,
	0x53,0x50,0x54,0x53,0x54,0x55,0x4d,0x51,0x4f,0x52,0x52,0x51,0x53,0x53,0x4f,0x51,0x50,0x50,0x50,0x50,
	0x52,0x4f,0x90,0x91,0x92,0x91,0x92,0x90,0x91,0x92,0x91,0x91,0x91,0x90,0x92,0x90,0x93,0x94,0x90,0x92,
	0x93,0x94,0x8f,0x8e,0xd0,0xd5,0xd1,0xd0,0xd4,0xd3,0xd1,0xd1,0xd1,0xd3,0xd0,0xd4,0xd4,0xd0,0xd0,0xd0,
	0xd3,0xd2,0xd2,0xd3,0x2a,0x28,0x29,0x29,0x28,0x28,0x2a,0x2a,0x29,0x29,0x29,0x29,0x29,0x29,0x29,0x29,
	0x29,0x29,0x29,0x29,0x29,0x2b,0x68,0x6a,0x6a,0x6a,0x6a,0x6a,0x6a,0x6a,0x6a,0x6a,0x6a,0x6a,0x6a,0x6a,
	0x6a,0x6a,0x6a,0x6a,0x6a,0x6a,0x6a,0x6a,0xaa,0xaa,0xa8,0xa9,0xaa,0xaa,0xaa,0xaa,0xaa,0xaa,0xaa,0xaa,
	0xaa,0xaa,0xaa,0xaa,0xaa,0xaa,0xaa,0xaa,0x54,0x51,0x55,0x54,0x55,0x55,0x4d,0x51,0x4f,0x52,0x52,0x52,
	0x54,0x54,0x50,0x52,0x51,0x51,0x51,0x50,0x52,0x4e,0x8f,0x90,0x92,0x91,0x92,0x90,0x92,0x94,0x93,0x92,
	0x91,0x90,0x92,0x90,0x93,0x94,0x90,0x92,0x93,0x94,0x8f,0x8e,0xd0,0xd5,0xd1,0xd0,0xd4,0xd3,0xd1,0xd1,
	0xd1,0xd3,0xd0,0xd4,0xd4,0xd0,0xd0,0xd0,0xd3,0xd2,0xd2,0xd3,0x2a,0x28,0x29,0x29,0x28,0x28,0x2a,0x2a,
	0x29,0x29,0x29,0x29,0x29,0x29,0x29,0x29,0x29,0x29,0x29,0x29,0x29,0x2b,0x68,0x6a,0x6a,0x6a,0x6a,0x6a,
	0x6a,0x6a,0x6a,0x6a,0x6a,0x6a,0x6a,0x6a,0x6a,0x6a,0x6a,0x6a,0x6a,0x6a,0x6a,0x6a,0xaa,0xaa,0xa8,0xa9,
	0xaa,0xaa,0xaa,0xaa,0xaa,0xaa,0xaa,0xaa,0xaa,0xaa,0xaa,0xaa,0xaa,0xaa,0xaa,0xaa,0x52,0x51,0x51,0x55,
	0x55,0x54,0x50,0x4d,0x54,0x53,0x4f,0x4c,0x4b,0x4c,0x51,0x53,0x51,0x51,0x51,0x51,0x4c,0x57,0x87,0x8a,
	0x8d,0x8f,0x91,0x92,0x92,0x92,0x92,0x92,0x92,0x92,0x92,0x92,0x92,0x92,0x92,0x92,0x92,0x92,0x92,0x92,
	0xcb,0xd9,0xce,0xcd,0xcd,0xcd,0xd0,0xd3,0xd3,0xd1,0xd1,0xd2,0xd2,0xd2,0xd3,0xd1,0xd1,0xd3,0xd3,0xd0,
	0x2d,0x24,0x28,0x25,0x25,0x25,0x26,0x27,0x2a,0x34,0x2b,0x24,0x2c,0x2a,0x21,0x27,0x29,0x2d,0x2e,0x2b,
	0x33,0x28,0x65,0x67,0x64,0x6b,0x66,0x68,0x64,0x61,0x68,0x69,0x72,0x6d,0x6a,0x6c,0x69,0x69,0x68,0x68,
	0x6b,0x6b,0x69,0x6a,0xaa,0xab,0xa9,0xa9,0xaa,0xaa,0xaa,0xaa,0xaa,0xaa,0xaa,0xaa,0xaa,0xaa,0xaa,0xaa,
	0xaa,0xaa,0xaa,0xaa,0x4e,0x56,0x4b,0x49,0x4c,0x4d,0x4c,0x4a,0x50,0x50,0x50,0x4e,0x4d,0x4e,0x4f,0x51,
	0x4f,0x4f,0x4f,0x4f,0x4e,0x5a,0x8b,0x85,0x88,0x8b,0x8d,0x8e,0x8e,0x8e,0x8e,0x8e,0x8e,0x8e,0x8e,0x8e,
	0x8e,0x8e,0x8e,0x8e,0x8e,0x8e,0x8e,0x8e,0xc9,0xd7,0xd2,0xd5,0xd5,0xd5,0xd4,0xd2,0xd2,0xd3,0xd3,0xd3,
	0xd3,0xd2,0xd2,0xd3,0xd3,0xd2,0xd2,0xd4,0x2e,0x2b,0x29,0x28,0x28,0x28,0x27,0x27,0x2c,0x26,0x2d,0x27,
	0x2c,0x28,0x28,0x2a,0x29,0x26,0x2a,0x29,0x2a,0x20,0x66,0x6a,0x6d,0x6e,0x61,0x69,0x72,0x6b,0x65,0x66,
	0x6b,0x6c,0x6b,0x66,0x6a,0x6d,0x69,0x6c,0x6b,0x6b,0x69,0x6a,0xaa,0xab,0xa9,0xa9,0xaa,0xaa,0xaa,0xaa,
	0xaa,0xaa,0xaa,0xaa,0xaa,0xaa,0xaa,0xaa,0xaa,0xaa,0xaa,0xaa,0x4e,0x4c,0x28,0x1e,0x23,0x26,0x26,0x23,
	0x21,0x20,0x27,0x23,0x22,0x24,0x1e,0x20,0x25,0x25,0x25,0x25,0x22,0x24,0x38,0x2f,0x31,0x33,0x34,0x34,
	0x34,0x34,0x34,0x34,0x34,0x34,0x34,0x34,0x34,0x34,0x34,0x34,0x34,0x34,0x34,0x34,0x44,0x42,0x3e,0x41,
	0x44,0x45,0x42,0x3f,0x40,0x42,0x41,0x41,0x41,0x40,0x40,0x42,0x42,0x3f,0x3f,0x43,0x12,0x12,0x0e,0x14,
	0x15,0x17,0x18,0x17,0x1c,0x19,0x19,0x1e,0x18,0x14,0x18,0x18,0x11,0x1e,0x14,0x1d,0x1a,0x11,0x21,0x2d,
	0x2e,0x29,0x25,0x2a,0x26,0x27,0x23,0x28,0x20,0x24,0x23,0x27,0x29,0x29,0x69,0x68,0x6b,0x6b,0x69,0x6a,
	0xaa,0xab,0xa9,0xa9,0xaa,0xaa,0xaa,0xaa,0xaa,0xaa,0xaa,0xaa,0xaa,0xaa,0xaa,0xaa,0xaa,0xaa,0xaa,0xaa,
	0x52,0x4d,0x25,0x22,0x24,0x24,0x22,0x21,0x20,0x24,0x1a,0x1e,0x1d,0x19,0x24,0x20,0x1e,0x1e,0x1e,0x1e,
	0x1e,0x22,0x2b,0x30,0x30,0x30,0x31,0x31,0x31,0x31,0x31,0x31,0x31,0x31,0x31,0x31,0x31,0x31,0x31,0x31,
	0x31,0x31,0x31,0x31,0x38,0x3c,0x3f,0x41,0x42,0x43,0x44,0x44,0x44,0x44,0x44,0x44,0x44,0x44,0x44,0x44,
	0x44,0x44,0x44,0x44,0x14,0x15,0x1d,0x1a,0x1a,0x19,0x18,0x18,0x1c,0x18,0x0e,0x15,0x1a,0x15,0x12,0x19,
	0x1a,0x17,0x0f,0x14,0x14,0x13,0x28,0x21,0x2c,0x26,0x24,0x2b,0x29,0x24,0x23,0x27,0x27,0x26,0x2a,0x25,
	0x23,0x26,0x6c,0x6b,0x6b,0x6b,0x69,0x6a,0xaa,0xab,0xa9,0xa9,0xaa,0xaa,0xaa,0xaa,0xaa,0xaa,0xaa,0xaa,
	0xaa,0xaa,0xaa,0xaa,0xaa,0xaa,0xaa,0xaa,0x52,0x4d,0x23,0x20,0x20,0x21,0x1e,0x25,0x1f,0x22,0x1b,0x16,
	0x21,0x1d,0x15,0x1a,0x1d,0x23,0x21,0x24,0x21,0x22,0x2b,0x2f,0x31,0x31,0x31,0x31,0x31,0x31,0x2f,0x2c,
	0x2e,0x37,0x34,0x32,0x32,0x31,0x2f,0x2c,0x30,0x2e,0x34,0x2e,0x3c,0x3f,0x42,0x43,0x44,0x42,0x43,0x47,
	0x43,0x3c,0x3d,0x43,0x44,0x48,0x48,0x41,0x41,0x3f,0x40,0x41,0x19,0x18,0x18,0x14,0x17,0x17,0x18,0x19,
	0x1c,0x16,0x19,0x14,0x15,0x20,0x17,0x15,0x1c,0x1e,0x15,0x18,0x15,0x1a,0x29,0x2a,0x25,0x2a,0x25,0x20,
	0x2c,0x29,0x27,0x2a,0x2c,0x29,0x24,0x24,0x29,0x25,0x6f,0x68,0x6b,0x6b,0x69,0x6a,0xaa,0xab,0xa9,0xa9,
	0xaa,0xaa,0xaa,0xaa,0xaa,0xaa,0xaa,0xaa,0xaa,0xaa,0xaa,0xaa,0xaa,0xaa,0xaa,0xaa,0x52,0x4c,0x22,0x1e,
	0x19,0x21,0x1b,0x21,0x22,0x2a,0x26,0x1d,0x23,0x23,0x15,0x1c,0x16,0x20,0x1c,0x21,0x1f,0x22,0x2b,0x2f,
	0x31,0x31,0x31,0x31,0x2f,0x31,0x33,0x31,0x31,0x35,0x2a,0x2f,0x2f,0x31,0x33,0x31,0x30,0x30,0x34,0x31,
	0x3f,0x42,0x42,0x43,0x42,0x42,0x42,0x43,0x46,0x3f,0x3a,0x3b,0x41,0x42,0x3f,0x3e,0x45,0x40,0x3b,0x3b,
	0x11,0x1a,0x19,0x13,0x15,0x16,0x15,0x15,0x1d,0x18,0x16,0x15,0x16,0x16,0x17,0x19,0x15,0x1e,0x14,0x0f,
	0x19,0x19,0x21,0x25,0x21,0x25,0x27,0x24,0x28,0x28,0x1f,0x2d,0x27,0x20,0x27,0x24,0x24,0x28,0x6d,0x67,
	0x6b,0x6b,0x69,0x6a,0xaa,0xab,0xa9,0xa9,0xaa,0xaa,0xaa,0xaa,0xaa,0xaa,0xaa,0xaa,0xaa,0xaa,0xaa,0xaa,
	0xaa,0xaa,0xaa,0xaa,0x54,0x4f,0x21,0x1f,0x19,0x19,0x93,0x96,0x8e,0x8f,0x1f,0x23,0x29,0x2c,0x92,0x9a,
	0x92,0x8a,0x21,0x1f,0x1e,0x22,0x2b,0x2f,0x31,0x31,0x31,0x31,0x2f,0x33,0x87,0x95,0x8e,0x8b,0x30,0x33,
	0x30,0x34,0x88,0x95,0x91,0x8e,0x2e,0x32,0x42,0x42,0x42,0x41,0x40,0x43,0x43,0x40,0x36,0x46,0x97,0x8d,
	0x90,0x8b,0x40,0x42,0x38,0x43,0x94,0x8f,0x97,0x94,0x1a,0x10,0x15,0x16,0x16,0x17,0x14,0x1b,0x21,0x19,
	0x7e,0x83,0x8f,0x94,0x8c,0x94,0x8e,0x16,0x15,0x29,0x85,0x96,0x93,0x8e,0x2a,0x27,0x2f,0x2d,0x93,0x90,
	0x8f,0x91,0x2f,0x26,0x29,0x24,0x69,0x6a,0x6b,0x6b,0x69,0x6a,0xaa,0xab,0xa9,0xa9,0xaa,0xaa,0xaa,0xaa,
	0xaa,0xaa,0xaa,0xaa,0xaa,0xaa,0xaa,0xaa,0xaa,0xaa,0xaa,0xaa,0x56,0x53,0x21,0x20,0x1c,0x94,0x96,0x20,
	0x29,0x8c,0x8b,0x28,0x26,0x8a,0x8f,0x22,0x26,0x8d,0x91,0x22,0x20,0x22,0x2b,0x2f,0x31,0x31,0x31,0x31,
	0x31,0x89,0x95,0x31,0x36,0x91,0x8d,0x32,0x32,0x8a,0x96,0x32,0x27,0x93,0x91,0x33,0x42,0x42,0x42,0x42,
	0x42,0x44,0x44,0x42,0x42,0x8e,0x96,0x3c,0x40,0x8c,0x95,0x3b,0x44,0x8c,0x94,0x3d,0x1a,0x8f,0x92,0x12,
	0x15,0x16,0x17,0x18,0x12,0x1c,0x0f,0x14,0x8a,0x85,0x1e,0x18,0x15,0x22,0x27,0x1e,0x0e,0x8c,0x93,0x21,
	0x2e,0x8e,0x8e,0x32,0x31,0x96,0x97,0x24,0x26,0x88,0x83,0x26,0x24,0x21,0x69,0x6b,0x6b,0x6b,0x69,0x6a,
	0xaa,0xab,0xa9,0xa9,0xaa,0xaa,0xaa,0xaa,0xaa,0xaa,0xaa,0xaa,0xaa,0xaa,0xaa,0xaa,0xaa,0xaa,0xaa,0xaa,
	0x55,0x53,0x22,0x20,0x8d,0x96,0x27,0x22,0x1a,0x1e,0x92,0x94,0x92,0x8f,0x1e,0x20,0x1b,0x22,0x8e,0x92,
	0x1d,0x25,0x32,0x92,0x98,0x35,0x2c,0x30,0x91,0x91,0x2e,0x35,0x39,0x34,0x90,0x93,0x91,0x8c,0x31,0x34,
	0x2a,0x35,0x89,0x8f,0x49,0x3a,0x3d,0x8b,0x95,0x40,0x40,0x3e,0x90,0x8d,0x41,0x3f,0x3f,0x40,0x92,0x8e,
	0x8f,0x8c,0x3e,0x3f,0x13,0x1b,0x91,0x92,0x16,0x16,0x18,0x19,0x13,0x18,0x32,0x30,0x95,0x96,0x29,0x2d,
	0x25,0x2f,0x25,0x29,0x8b,0x90,0x29,0x22,0x25,0x28,0x8d,0x94,0x97,0x92,0x26,0x23,0x2f,0x2f,0x8f,0x8d,
	0x2f,0x2e,0x93,0x92,0x6a,0x6b,0x69,0x6a,0xaa,0xab,0xa9,0xa9,0xaa,0xaa,0xaa,0xaa,0xaa,0xaa,0xaa,0xaa,
	0xaa,0xaa,0xaa,0xaa,0xaa,0xaa,0xaa,0xaa,0x52,0x50,0x23,0x21,0x94,0x93,0x25,0x2a,0x1a,0x20,0x8f,0x8e,
	0x8d,0x8f,0x26,0x25,0x1a,0x27,0x8c,0x8b,0x13,0x11,0x27,0x8d,0x8f,0x2d,0x2d,0x31,0x97,0x97,0x32,0x30,
	0x2f,0x32,0x8b,0x90,0x91,0x8d,0x35,0x32,0x2c,0x2c,0x8e,0x8a,0x40,0x3c,0x44,0x93,0x8b,0x44,0x41,0x44,
	0x8a,0x8e,0x3e,0x3b,0x3e,0x3c,0x8e,0x8d,0x8d,0x90,0x3e,0x48,0x20,0x17,0x97,0x8b,0x16,0x16,0x17,0x17,
	0x19,0x1e,0x36,0x38,0x88,0x82,0x34,0x2b,0x27,0x2b,0x2e,0x2e,0x88,0x91,0x2a,0x28,0x21,0x25,0x91,0x8a,
	0x89,0x90,0x26,0x30,0x2e,0x2c,0x8d,0x8e,0x2e,0x2f,0x91,0x96,0x6a,0x6b,0x69,0x6a,0xaa,0xab,0xa9,0xa9,
	0xaa,0xaa,0xaa,0xaa,0xaa,0xaa,0xaa,0xaa,0xaa,0xaa,0xaa,0xaa,0xaa,0xaa,0xaa,0xaa,0x4f,0x4e,0x24,0x22,
	0x8b,0x92,0x1d,0x8e,0x90,0x1b,0x97,0x92,0x91,0x97,0x1f,0x94,0x8a,0x28,0x92,0x92,0x21,0x2d,0x31,0x2e,
	0x3c,0x2b,0x30,0x33,0x8f,0x97,0x2c,0x90,0x96,0x2b,0x92,0x91,0x92,0x94,0x2f,0x93,0x93,0x2c,0x91,0x98,
	0x44,0x46,0x38,0x47,0x43,0x43,0x42,0x42,0x8d,0x90,0x3d,0x8c,0x99,0x42,0x8e,0x90,0x91,0x91,0x47,0x96,
	0x99,0x19,0x94,0x95,0x16,0x16,0x18,0x1a,0x1c,0x14,0x32,0x33,0x86,0x89,0x92,0x95,0x8b,0x90,0x28,0x28,
	0x8d,0x94,0x25,0x89,0x8a,0x23,0x92,0x99,0x96,0x8e,0x28,0x8b,0x9c,0x36,0x90,0x96,0x2d,0x2e,0x92,0x91,
	0x6a,0x6b,0x69,0x6a,0xaa,0xab,0xa9,0xa9,0xaa,0xaa,0xaa,0xaa,0xaa,0xaa,0xaa,0xaa,0xaa,0xaa,0xaa,0xaa,
	0xaa,0xaa,0xaa,0xaa,0x4f,0x4b,0x25,0x22,0x8d,0x92,0x21,0x8b,0x90,0x1c,0x94,0x92,0x91,0x93,0x1d,0x92,
	0x93,0x29,0x85,0x93,0x27,0x23,0x2e,0x2f,0x26,0x31,0x2c,0x33,0x91,0x92,0x34,0x96,0x96,0x32,0x93,0x8e,
	0x8e,0x94,0x31,0x91,0x8f,0x2f,0x8e,0x91,0x43,0x43,0x3e,0x3c,0x3d,0x3b,0x44,0x3a,0x8f,0x8c,0x47,0x8e,
	0x94,0x44,0x93,0x8f,0x91,0x95,0x45,0x8f,0x95,0x15,0x8c,0x94,0x16,0x16,0x18,0x1a,0x12,0x10,0x39,0x33,
	0x40,0x40,0x1f,0x30,0x2e,0x94,0x90,0x2c,0x93,0x8c,0x2a,0x99,0x98,0x22,0x8f,0x92,0x90,0x8d,0x25,0x8f,
	0x8b,0x39,0x99,0x94,0x36,0x30,0x8c,0x91,0x69,0x6b,0x69,0x6a,0xaa,0xab,0xa9,0xa9,0xaa,0xaa,0xaa,0xaa,
	0xaa,0xaa,0xaa,0xaa,0xaa,0xaa,0xaa,0xaa,0xaa,0xaa,0xaa,0xaa,0x52,0x4e,0x27,0x21,0x91,0x9a,0x21,0x1e,
	0x1d,0x1a,0x95,0x94,0x94,0x95,0x1f,0x27,0x28,0x1f,0x95,0x95,0x23,0x25,0x37,0x33,0x3d,0x37,0x31,0x32,
	0x95,0x96,0x38,0x31,0x2f,0x31,0x93,0x91,0x92,0x94,0x33,0x30,0x2f,0x30,0x8e,0x94,0x3f,0x44,0x3f,0x3c,
	0x41,0x42,0x3b,0x3d,0x92,0x90,0x3f,0x3f,0x42,0x3c,0x97,0x95,0x94,0x95,0x39,0x46,0x1a,0x17,0x95,0x90,
	0x20,0x1b,0x14,0x0d,0x0d,0x1f,0x36,0x30,0x35,0x3b,0x30,0x31,0x29,0x9b,0x8b,0x2e,0x92,0x8f,0x2d,0x24,
	0x2c,0x23,0x97,0x90,0x91,0x99,0x20,0x31,0x3a,0x32,0x98,0x96,0x2d,0x32,0x90,0x93,0x69,0x6b,0x69,0x6a,
	0xaa,0xab,0xa9,0xa9,0xaa,0xaa,0xaa,0xaa,0xaa,0xaa,0xaa,0xaa,0xaa,0xaa,0xaa,0xaa,0xaa,0xaa,0xaa,0xaa,
	0x55,0x52,0x25,0x21,0x8d,0x8e,0x1d,0x24,0x1b,0x26,0x90,0x8f,0x8e,0x8f,0x2b,0x25,0x26,0x22,0x9a,0x92,
	0x23,0x1f,0x37,0x86,0x88,0x33,0x2e,0x2a,0x8d,0x92,0x3a,0x2c,0x2e,0x2e,0x86,0x8f,0x8f,0x87,0x30,0x31,
	0x34,0x32,0x8d,0x8b,0x3b,0x3e,0x41,0x8a,0x89,0x41,0x39,0x3d,0x8b,0x91,0x45,0x44,0x45,0x45,0x91,0x92,
	0x90,0x8d,0x41,0x44,0x0c,0x18,0x8f,0x8e,0x12,0x18,0x12,0x14,0x1c,0x13,0x3e,0x3a,0x3a,0x34,0x2b,0x2f,
	0x2c,0x98,0x94,0x2c,0x92,0x85,0x2d,0x25,0x22,0x31,0x91,0x8e,0x91,0x94,0x2c,0x20,0x33,0x2f,0x92,0x8a,
	0x2a,0x34,0x9a,0x8b,0x68,0x6b,0x69,0x6a,0xaa,0xab,0xa9,0xa9,0xaa,0xaa,0xaa,0xaa,0xaa,0xaa,0xaa,0xaa,
	0xaa,0xaa,0xaa,0xaa,0xaa,0xaa,0xaa,0xaa,0x53,0x53,0x22,0x20,0x1d,0x8e,0x8e,0x27,0x27,0x91,0x93,0x25,
	0x23,0x91,0x93,0x2c,0x25,0x90,0x89,0x29,0x21,0x24,0x30,0x91,0x8b,0x2e,0x2f,0x2e,0x30,0x8f,0x92,0x2f,
	0x34,0x92,0x91,0x2f,0x2e,0x8f,0x91,0x31,0x2b,0x8e,0x96,0x2e,0x3d,0x3a,0x41,0x95,0x8f,0x3e,0x3b,0x3b,
	0x40,0x93,0x92,0x3f,0x3c,0x90,0x94,0x41,0x41,0x94,0x8f,0x42,0x1a,0x93,0x8d,0x15,0x1a,0x16,0x21,0x8a,
	0x87,0x19,0x35,0x2d,0x91,0x97,0x2c,0x27,0x28,0x91,0x97,0x26,0x38,0x87,0x8d,0x2c,0x29,0x8f,0x8d,0x2c,
	0x2c,0x8e,0x8e,0x31,0x31,0x8d,0x95,0x32,0x2b,0x2d,0x8e,0x91,0x68,0x6b,0x69,0x6a,0xaa,0xab,0xa9,0xa9,
	0xaa,0xaa,0xaa,0xaa,0xaa,0xaa,0xaa,0xaa,0xaa,0xaa,0xaa,0xaa,0xaa,0xaa,0xaa,0xaa,0x52,0x54,0x20,0x20,
	0x1d,0x2f,0x8f,0x95,0x92,0x94,0x29,0x1f,0x1c,0x22,0x8f,0x8c,0x92,0x8c,0x23,0x1f,0x1f,0x22,0x2c,0x34,
	0x38,0x30,0x33,0x3b,0x2b,0x36,0x8a,0x94,0x90,0x94,0x33,0x2f,0x2f,0x32,0x92,0x8c,0x8f,0x8e,0x2d,0x34,
	0x42,0x3b,0x41,0x3d,0x43,0x45,0x43,0x41,0x3c,0x42,0x93,0x91,0x96,0x93,0x40,0x43,0x44,0x42,0x97,0x92,
	0x88,0x96,0x17,0x15,0x17,0x16,0x10,0x90,0x9a,0x0e,0x39,0x3a,0x35,0x8b,0x8c,0x8b,0x91,0x94,0x29,0x2d,
	0x2c,0x33,0x8d,0x95,0x94,0x97,0x2c,0x29,0x26,0x29,0x9c,0x90,0x8a,0x98,0x3b,0x2d,0x34,0x2f,0x90,0x8d,
	0x68,0x6b,0x69,0x6a,0xaa,0xab,0xa9,0xa9,0xaa,0xaa,0xaa,0xaa,0xaa,0xaa,0xaa,0xaa,0xaa,0xaa,0xaa,0xaa,
	0xaa,0xaa,0xaa,0xaa,0x51,0x55,0x1e,0x1f,0x21,0x23,0x22,0x20,0x1f,0x20,0x1e,0x1c,0x1d,0x1f,0x1f,0x1e,
	0x1e,0x1f,0x20,0x20,0x20,0x23,0x29,0x2e,0x30,0x2f,0x2b,0x2e,0x2e,0x30,0x31,0x31,0x31,0x2f,0x2d,0x2d,
	0x2b,0x2f,0x2e,0x2f,0x30,0x2f,0x2e,0x32,0x3f,0x41,0x42,0x41,0x40,0x40,0x3f,0x3f,0x3f,0x3f,0x3f,0x3f,
	0x3e,0x3e,0x3e,0x3e,0x3e,0x3d,0x3c,0x3b,0x19,0x17,0x15,0x15,0x15,0x15,0x14,0x14,0x15,0x15,0x13,0x17,
	0x15,0x17,0x29,0x28,0x34,0x2f,0x28,0x27,0x29,0x2b,0x2b,0x29,0x28,0x29,0x26,0x27,0x2a,0x30,0x28,0x2c,
	0x2e,0x31,0x2e,0x32,0x2f,0x37,0x94,0x92,0x68,0x6b,0x69,0x6a,0xaa,0xab,0xa9,0xa9,0xaa,0xaa,0xaa,0xaa,
	0xaa,0xaa,0xaa,0xaa,0xaa,0xaa,0xaa,0xaa,0xaa,0xaa,0xaa,0xaa,0x51,0x54,0x1e,0x1e,0x1f,0x21,0x21,0x21,
	0x1f,0x1e,0x1c,0x1d,0x1f,0x20,0x1f,0x1e,0x1e,0x1f,0x20,0x20,0x20,0x23,0x29,0x2e,0x30,0x31,0x2d,0x30,
	0x30,0x31,0x31,0x31,0x30,0x30,0x2e,0x30,0x2d,0x31,0x30,0x30,0x30,0x2e,0x2d,0x31,0x3e,0x41,0x40,0x40,
	0x40,0x3f,0x40,0x40,0x40,0x40,0x40,0x41,0x41,0x41,0x41,0x41,0x41,0x41,0x40,0x3f,0x18,0x16,0x14,0x14,
	0x14,0x14,0x14,0x14,0x15,0x15,0x12,0x16,0x15,0x18,0x2b,0x2c,0x35,0x30,0x2b,0x2a,0x2c,0x2e,0x28,0x26,
	0x2a,0x26,0x22,0x22,0x27,0x2c,0x35,0x2a,0x31,0x32,0x33,0x33,0x2f,0x35,0x91,0x8f,0x69,0x6b,0x69,0x6a,
	0xaa,0xab,0xa9,0xa9,0xaa,0xaa,0xaa,0xaa,0xaa,0xaa,0xaa,0xaa,0xaa,0xaa,0xaa,0xaa,0xaa,0xaa,0xaa,0xaa,
	0x52,0x54,0x1e,0x1e,0x1f,0x1f,0x21,0x20,0x1f,0x1c,0x1d,0x1f,0x20,0x20,0x1f,0x1e,0x1e,0x1f,0x20,0x20,
	0x20,0x23,0x29,0x2f,0x31,0x32,0x2f,0x31,0x31,0x31,0x31,0x30,0x2f,0x30,0x30,0x31,0x2f,0x33,0x31,0x30,
	0x30,0x2e,0x2d,0x30,0x3f,0x40,0x3f,0x3f,0x3e,0x3e,0x3f,0x40,0x40,0x40,0x40,0x40,0x40,0x40,0x40,0x41,
	0x41,0x41,0x40,0x3f,0x18,0x16,0x14,0x14,0x14,0x14,0x14,0x15,0x16,0x16,0x12,0x17,0x14,0x1a,0x2f,0x31,
	0x34,0x30,0x2a,0x29,0x2d,0x2e,0x29,0x2a,0x2a,0x27,0x26,0x2c,0x24,0x2c,0x28,0x2a,0x33,0x2f,0x33,0x2f,
	0x2c,0x32,0x93,0x93,0x6a,0x6b,0x69,0x6a,0xaa,0xab,0xa9,0xa9,0xaa,0xaa,0xaa,0xaa,0xaa,0xaa,0xaa,0xaa,
	0xaa,0xaa,0xaa,0xaa,0xaa,0xaa,0xaa,0xaa,0x51,0x52,0x1d,0x1c,0x1d,0x1f,0x22,0x1e,0x1d,0x1d,0x1f,0x20,
	0x20,0x20,0x1f,0x1e,0x1e,0x1f,0x20,0x20,0x20,0x23,0x29,0x2e,0x32,0x33,0x30,0x31,0x30,0x30,0x31,0x2f,
	0x30,0x31,0x31,0x33,0x30,0x33,0x30,0x2f,0x30,0x2e,0x2d,0x31,0x3e,0x40,0x3e,0x3f,0x3e,0x3e,0x3f,0x3f,
	0x3f,0x3f,0x3f,0x40,0x40,0x40,0x40,0x40,0x40,0x40,0x3f,0x3e,0x19,0x17,0x15,0x15,0x15,0x15,0x15,0x16,
	0x16,0x16,0x13,0x16,0x14,0x1a,0x31,0x33,0x33,0x2e,0x27,0x23,0x2d,0x31,0x2a,0x29,0x2d,0x28,0x25,0x2f,
	0x21,0x29,0x30,0x2d,0x32,0x2f,0x34,0x30,0x30,0x33,0x93,0x92,0x6a,0x6b,0x69,0x6a,0xaa,0xab,0xa9,0xa9,
	0xaa,0xaa,0xaa,0xaa,0xaa,0xaa,0xaa,0xaa,0xaa,0xaa,0xaa,0xaa,0xaa,0xaa,0xaa,0xaa,0x51,0x51,0x1d,0x1b,
	0x1c,0x1a,0x1c,0x1b,0x1c,0x1e,0x20,0x20,0x20,0x20,0x1f,0x1e,0x1e,0x1f,0x20,0x20,0x20,0x23,0x29,0x2e,
	0x32,0x33,0x2f,0x30,0x30,0x30,0x30,0x2f,0x2f,0x30,0x31,0x33,0x31,0x32,0x30,0x2f,0x2f,0x2e,0x2e,0x32,
	0x3f,0x41,0x3f,0x3f,0x3f,0x3e,0x3f,0x3f,0x3f,0x3f,0x3f,0x3f,0x3e,0x3e,0x3e,0x3e,0x3e,0x3e,0x3d,0x3c,
	0x18,0x16,0x14,0x14,0x14,0x14,0x14,0x15,0x15,0x16,0x13,0x17,0x14,0x19,0x2e,0x2f,0x33,0x2e,0x29,0x27,
	0x28,0x2e,0x2d,0x28,0x2a,0x2b,0x24,0x22,0x29,0x29,0x2a,0x34,0x35,0x35,0x2f,0x30,0x33,0x35,0x93,0x91,
	0x6a,0x6b,0x69,0x6a,0xaa,0xab,0xa9,0xa9,0xaa,0xaa,0xaa,0xaa,0xaa,0xaa,0xaa,0xaa,0xaa,0xaa,0xaa,0xaa,
	0xaa,0xaa,0xaa,0xaa,0x53,0x53,0x1f,0x1d,0x1c,0x1d,0x20,0x1e,0x1e,0x1f,0x20,0x20,0x20,0x20,0x1f,0x1f,
	0x1e,0x1f,0x20,0x20,0x20,0x23,0x2a,0x2f,0x31,0x32,0x2e,0x2f,0x2f,0x2f,0x30,0x30,0x30,0x30,0x31,0x31,
	0x2e,0x31,0x30,0x2e,0x2f,0x2f,0x2f,0x33,0x40,0x42,0x41,0x40,0x40,0x3f,0x40,0x40,0x3f,0x3f,0x3f,0x3f,
	0x3f,0x3f,0x3f,0x3f,0x3e,0x3e,0x3d,0x3c,0x18,0x16,0x14,0x14,0x14,0x14,0x14,0x15,0x15,0x15,0x14,0x18,
	0x14,0x16,0x27,0x26,0x2f,0x2d,0x2d,0x2c,0x29,0x2a,0x2c,0x28,0x28,0x2a,0x26,0x29,0x27,0x27,0x21,0x2b,
	0x31,0x39,0x24,0x2c,0x34,0x35,0x8d,0x8b,0x6a,0x6b,0x69,0x6a,0xaa,0xab,0xa9,0xa9,0xaa,0xaa,0xaa,0xaa,
	0xaa,0xaa,0xaa,0xaa,0xaa,0xaa,0xaa,0xaa,0xaa,0xaa,0xaa,0xaa,0x56,0x56,0x20,0x1d,0x1d,0x1e,0x1f,0x1f,
	0x1f,0x1f,0x20,0x20,0x20,0x20,0x1f,0x1f,0x1f,0x1f,0x1f,0x20,0x20,0x23,0x2b,0x2f,0x31,0x31,0x2c,0x2e,
	0x2e,0x30,0x30,0x30,0x30,0x30,0x30,0x31,0x2d,0x30,0x2f,0x2e,0x30,0x2f,0x2f,0x33,0x40,0x42,0x42,0x41,
	0x41,0x41,0x41,0x41,0x40,0x40,0x40,0x40,0x40,0x40,0x40,0x40,0x3f,0x3f,0x3e,0x3d,0x19,0x17,0x15,0x15,
	0x15,0x15,0x14,0x15,0x15,0x14,0x15,0x19,0x14,0x12,0x1f,0x1a,0x1b,0x17,0x13,0x14,0x2e,0x2c,0x2b,0x29,
	0x28,0x29,0x25,0x27,0x2a,0x29,0x28,0x33,0x85,0x81,0x39,0x31,0x2f,0x30,0x8e,0x93,0x6a,0x6b,0x69,0x6a,
	0xaa,0xab,0xa9,0xa9,0xaa,0xaa,0xaa,0xaa,0xaa,0xaa,0xaa,0xaa,0xaa,0xaa,0xaa,0xaa,0xaa,0xaa,0xaa,0xaa,
	0x59,0x57,0x21,0x1e,0x1e,0x1d,0x1e,0x1f,0x20,0x20,0x20,0x20,0x20,0x20,0x1f,0x1f,0x1f,0x1f,0x1f,0x20,
	0x1f,0x23,0x2b,0x2f,0x32,0x31,0x2c,0x2e,0x2e,0x30,0x30,0x30,0x31,0x31,0x2f,0x31,0x2d,0x30,0x2f,0x30,
	0x31,0x2f,0x2f,0x32,0x3f,0x42,0x41,0x41,0x40,0x41,0x41,0x41,0x41,0x41,0x41,0x41,0x41,0x41,0x41,0x41,
	0x41,0x41,0x40,0x3f,0x1a,0x18,0x16,0x16,0x16,0x16,0x15,0x15,0x14,0x14,0x16,0x19,0x15,0x12,0x19,0x15,
	0x11,0x12,0x11,0x15,0x2d,0x2f,0x2f,0x2e,0x2d,0x2d,0x2c,0x27,0x28,0x24,0x2b,0x87,0x8b,0x8b,0x36,0x33,
	0x32,0x32,0x8c,0x8f,0x6a,0x6b,0x69,0x6a,0xaa,0xab,0xa9,0xa9,0xaa,0xaa,0xaa,0xaa,0xaa,0xaa,0xaa,0xaa,
	0xaa,0xaa,0xaa,0xaa,0xaa,0xaa,0xaa,0xaa,0x54,0x56,0x22,0x20,0x1d,0x1b,0x1e,0x20,0x21,0x20,0x20,0x20,
	0x20,0x20,0x20,0x20,0x20,0x20,0x1e,0x20,0x1f,0x22,0x2c,0x2f,0x31,0x30,0x2d,0x2f,0x2f,0x30,0x31,0x31,
	0x31,0x31,0x30,0x31,0x2e,0x30,0x30,0x30,0x30,0x2e,0x2e,0x31,0x3f,0x40,0x3f,0x3f,0x3f,0x40,0x40,0x40,
	0x40,0x40,0x40,0x41,0x41,0x41,0x41,0x41,0x41,0x41,0x40,0x3f,0x1a,0x18,0x16,0x16,0x16,0x16,0x16,0x15,
	0x14,0x15,0x16,0x18,0x15,0x14,0x16,0x16,0x15,0x16,0x17,0x17,0x2b,0x2b,0x2d,0x2f,0x2d,0x27,0x2c,0x26,
	0x25,0x2a,0x82,0x8d,0x92,0x93,0x2f,0x31,0x2c,0x30,0x91,0x98,0x6a,0x6b,0x69,0x6a,0xaa,0xab,0xa9,0xa9,
	0xaa,0xaa,0xaa,0xaa,0xaa,0xaa,0xaa,0xaa,0xaa,0xaa,0xaa,0xaa,0xaa,0xaa,0xaa,0xaa,0x4e,0x52,0x21,0x21,
	0x21,0x1e,0x20,0x20,0x20,0x20,0x20,0x20,0x20,0x20,0x20,0x20,0x20,0x20,0x1e,0x20,0x1f,0x22,0x2c,0x30,
	0x30,0x31,0x2d,0x30,0x30,0x31,0x31,0x31,0x31,0x31,0x30,0x32,0x2e,0x32,0x30,0x30,0x30,0x2f,0x2e,0x31,
	0x3e,0x3f,0x3e,0x3f,0x40,0x40,0x41,0x41,0x41,0x41,0x41,0x41,0x41,0x41,0x41,0x41,0x41,0x41,0x40,0x3f,
	0x1a,0x18,0x16,0x16,0x16,0x16,0x16,0x15,0x15,0x15,0x16,0x17,0x15,0x15,0x16,0x16,0x16,0x16,0x17,0x17,
	0x2b,0x2f,0x2e,0x2d,0x2c,0x2a,0x2d,0x2f,0x35,0x91,0x89,0x27,0x93,0x92,0x36,0x30,0x2d,0x2f,0x94,0x90,
	0x6a,0x6b,0x69,0x6a,0xaa,0xab,0xa9,0xa9,0xaa,0xaa,0xaa,0xaa,0xaa,0xaa,0xaa,0xaa,0xaa,0xaa,0xaa,0xaa,
	0xaa,0xaa,0xaa,0xaa,0x4f,0x53,0x23,0x25,0x24,0x21,0x21,0x21,0x20,0x20,0x20,0x20,0x20,0x20,0x20,0x20,
	0x20,0x20,0x1e,0x1f,0x1e,0x22,0x2c,0x30,0x32,0x32,0x2f,0x31,0x31,0x31,0x31,0x31,0x30,0x30,0x30,0x31,
	0x2f,0x31,0x30,0x30,0x31,0x2f,0x2e,0x31,0x3e,0x3f,0x3e,0x3f,0x3f,0x3f,0x40,0x40,0x40,0x40,0x40,0x41,
	0x41,0x41,0x41,0x41,0x41,0x41,0x40,0x3f,0x1a,0x18,0x16,0x16,0x16,0x16,0x16,0x16,0x16,0x16,0x16,0x16,
	0x16,0x16,0x16,0x16,0x17,0x17,0x17,0x17,0x2f,0x2f,0x2e,0x2e,0x2c,0x27,0x24,0x2d,0x85,0x8d,0x38,0x2a,
	0x97,0x91,0x30,0x37,0x2d,0x30,0x96,0x90,0x69,0x6b,0x69,0x6a,0xaa,0xab,0xa9,0xa9,0xaa,0xaa,0xaa,0xaa,
	0xaa,0xaa,0xaa,0xaa,0xaa,0xaa,0xaa,0xaa,0xaa,0xaa,0xaa,0xaa,0x59,0x59,0x25,0x25,0x24,0x22,0x22,0x21,
	0x20,0x20,0x20,0x20,0x20,0x20,0x20,0x20,0x20,0x20,0x1e,0x1f,0x1e,0x22,0x2c,0x30,0x32,0x33,0x30,0x31,
	0x30,0x30,0x31,0x30,0x30,0x30,0x30,0x32,0x2f,0x32,0x31,0x30,0x31,0x30,0x2f,0x32,0x3f,0x41,0x40,0x40,
	0x3f,0x3f,0x40,0x40,0x40,0x40,0x40,0x41,0x41,0x41,0x41,0x41,0x41,0x41,0x40,0x3f,0x1a,0x18,0x16,0x16,
	0x16,0x16,0x16,0x16,0x16,0x16,0x16,0x16,0x16,0x16,0x16,0x16,0x17,0x17,0x17,0x17,0x2f,0x2f,0x2f,0x30,
	0x2d,0x28,0x25,0x28,0x85,0x8f,0x89,0x90,0x8d,0x91,0x82,0x2f,0x2e,0x33,0x90,0x93,0x69,0x6b,0x69,0x6a,
	0xaa,0xab,0xa9,0xa9,0xaa,0xaa,0xaa,0xaa,0xaa,0xaa,0xaa,0xaa,0xaa,0xaa,0xaa,0xaa,0xaa,0xaa,0xaa,0xaa,
	0x69,0x64,0x29,0x23,0x22,0x20,0x21,0x21,0x20,0x20,0x20,0x20,0x20,0x20,0x20,0x20,0x20,0x20,0x1e,0x1f,
	0x1e,0x22,0x2c,0x30,0x32,0x33,0x2f,0x30,0x30,0x30,0x30,0x30,0x30,0x30,0x30,0x31,0x2f,0x32,0x30,0x31,
	0x32,0x30,0x30,0x33,0x40,0x41,0x41,0x40,0x3e,0x3f,0x40,0x40,0x40,0x40,0x40,0x41,0x41,0x41,0x41,0x41,
	0x41,0x42,0x41,0x40,0x1a,0x18,0x16,0x16,0x16,0x16,0x16,0x16,0x16,0x16,0x16,0x16,0x16,0x16,0x16,0x16,
	0x17,0x17,0x17,0x17,0x17,0x18,0x1b,0x22,0x29,0x27,0x26,0x32,0x28,0x29,0x30,0x25,0x92,0x92,0x3d,0x35,
	0x2e,0x30,0x8c,0x97,0x6a,0x6b,0x69,0x6a,0xaa,0xab,0xa9,0xa9,0xaa,0xaa,0xaa,0xaa,0xaa,0xaa,0xaa,0xaa,
	0xaa,0xaa,0xaa,0xaa,0xaa,0xaa,0xaa,0xaa,0x73,0x6b,0x2b,0x24,0x22,0x21,0x21,0x21,0x20,0x20,0x20,0x20,
	0x20,0x20,0x20,0x20,0x20,0x20,0x1e,0x1f,0x1e,0x22,0x2c,0x30,0x32,0x32,0x2e,0x2f,0x2f,0x2f,0x30,0x31,
	0x31,0x32,0x30,0x32,0x2f,0x33,0x31,0x31,0x32,0x30,0x30,0x33,0x40,0x41,0x3f,0x40,0x3e,0x3f,0x40,0x40,
	0x40,0x40,0x40,0x41,0x41,0x41,0x41,0x41,0x41,0x42,0x41,0x40,0x1a,0x18,0x16,0x16,0x16,0x16,0x16,0x16,
	0x16,0x16,0x16,0x16,0x16,0x16,0x16,0x16,0x17,0x17,0x17,0x17,0x16,0x19,0x1e,0x23,0x1c,0x29,0x22,0x32,
	0x2b,0x21,0x2d,0x24,0x8f,0x93,0x36,0x2f,0x30,0x2d,0x8a,0x8f,0x6a,0x6b,0x69,0x6a,0xaa,0xab,0xa9,0xa9,
	0xaa,0xaa,0xaa,0xaa,0xaa,0xaa,0xaa,0xaa,0xaa,0xaa,0xaa,0xaa,0xaa,0xaa,0xaa,0xaa,0x74,0x6b,0x2c,0x27,
	0x27,0x26,0x25,0x23,0x21,0x20,0x20,0x20,0x20,0x20,0x20,0x20,0x20,0x20,0x1e,0x1f,0x1d,0x23,0x2c,0x30,
	0x31,0x31,0x2d,0x2e,0x2e,0x30,0x30,0x30,0x31,0x32,0x30,0x32,0x2f,0x32,0x31,0x30,0x31,0x30,0x30,0x33,
	0x3e,0x40,0x3e,0x3e,0x3c,0x3e,0x3f,0x3f,0x3f,0x40,0x40,0x40,0x40,0x40,0x41,0x40,0x40,0x41,0x40,0x3f,
	0x18,0x17,0x15,0x15,0x15,0x15,0x15,0x15,0x15,0x15,0x15,0x15,0x15,0x15,0x15,0x15,0x16,0x16,0x16,0x16,
	0x15,0x19,0x20,0x25,0x29,0x29,0x27,0x2f,0x30,0x33,0x2e,0x39,0x92,0x92,0x30,0x35,0x30,0x2e,0x8d,0x90,
	0x6a,0x6a,0x69,0x6a,0xaa,0xaa,0xa9,0xa9,0xaa,0xaa,0xa9,0xa9,0xa9,0xab,0xaa,0xab,0xaa,0xa9,0xaa,0xaa,
	0xaa,0xab,0xaa,0xaa,0x70,0x6a,0x2e,0x2b,0x2d,0x2c,0x28,0x25,0x20,0x20,0x20,0x20,0x20,0x20,0x20,0x20,
	0x20,0x20,0x1e,0x1f,0x1d,0x24,0x2c,0x30,0x31,0x30,0x2e,0x2e,0x2e,0x30,0x30,0x30,0x31,0x32,0x31,0x32,
	0x2f,0x30,0x31,0x31,0x31,0x30,0x30,0x33,0x3c,0x3e,0x3d,0x3c,0x3b,0x3d,0x3e,0x3e,0x3e,0x40,0x40,0x40,
	0x40,0x40,0x40,0x40,0x40,0x40,0x40,0x3e,0x17,0x16,0x15,0x15,0x15,0x15,0x15,0x15,0x14,0x14,0x15,0x15,
	0x15,0x15,0x15,0x15,0x16,0x16,0x16,0x16,0x15,0x19,0x21,0x27,0x29,0x27,0x28,0x2f,0x2a,0x2e,0x2a,0x8f,
	0x8c,0x91,0x90,0x33,0x31,0x34,0x88,0x91,0x69,0x6a,0x69,0x6a,0xac,0xab,0xaa,0xab,0xaa,0xa8,0xa9,0xaa,
	0xab,0xae,0xab,0xab,0xaa,0xa8,0xaa,0xaa,0xaa,0xab,0xa9,0xaa,0x71,0x6b,0x2f,0x2d,0x32,0x2f,0x2e,0x28,
	0x38,0x31,0x29,0x22,0x1f,0x20,0x23,0x26,0x1e,0x16,0x28,0x27,0x1c,0x26,0x2b,0x2f,0x31,0x30,0x2e,0x2f,
	0x2f,0x2f,0x2f,0x30,0x30,0x31,0x30,0x31,0x2f,0x30,0x30,0x32,0x30,0x2d,0x32,0x31,0x3e,0x3c,0x41,0x3e,
	0x3d,0x3e,0x3e,0x3f,0x3f,0x40,0x3f,0x40,0x40,0x3f,0x3f,0x40,0x40,0x40,0x3f,0x3d,0x1c,0x18,0x15,0x15,
	0x15,0x15,0x15,0x15,0x15,0x15,0x15,0x15,0x15,0x15,0x15,0x15,0x17,0x16,0x16,0x15,0x14,0x19,0x22,0x29,
	0x27,0x24,0x27,0x2f,0x30,0x2c,0x2d,0x2e,0x31,0x30,0x32,0x30,0x30,0x34,0x7f,0x7e,0x6e,0x6c,0x6b,0x6d,
	0xa8,0xab,0xa9,0xa9,0xaa,0xa9,0xa9,0xaa,0xab,0xae,0xab,0xab,0xa9,0xa9,0xaa,0xa9,0xaa,0xab,0xa8,0xa9,
	0x75,0x6f,0x30,0x2e,0x34,0x30,0x2e,0x2d,0x2f,0x2e,0x2c,0x28,0x25,0x23,0x21,0x21,0x19,0x19,0x22,0x21,
	0x1d,0x24,0x2b,0x2e,0x2f,0x2f,0x2f,0x2f,0x2f,0x2f,0x2f,0x2f,0x2f,0x2f,0x2f,0x2f,0x2f,0x2f,0x30,0x32,
	0x32,0x31,0x36,0x35,0x43,0x42,0x47,0x43,0x40,0x3f,0x3f,0x3f,0x3f,0x3f,0x3f,0x3f,0x3f,0x3f,0x3f,0x3f,
	0x3f,0x3f,0x3e,0x3d,0x1f,0x1b,0x18,0x18,0x18,0x18,0x18,0x18,0x18,0x18,0x18,0x18,0x18,0x18,0x18,0x18,
	0x17,0x16,0x15,0x14,0x14,0x19,0x22,0x28,0x28,0x24,0x27,0x2d,0x2c,0x2b,0x2b,0x2d,0x31,0x31,0x32,0x2e,
	0x2c,0x31,0x76,0x77,0x6a,0x68,0x69,0x69,0xa6,0xa6,0xa6,0xa8,0xab,0xaa,0xaa,0xaa,0xaa,0xad,0xa9,0xa9,
	0xa8,0xa9,0xa9,0xa9,0xa9,0xac,0xa6,0xa9,0x71,0x6e,0x28,0x2c,0x2f,0x30,0x2f,0x2f,0x30,0x32,0x35,0x36,
	0x34,0x30,0x29,0x25,0x27,0x26,0x23,0x24,0x20,0x25,0x31,0x2f,0x31,0x31,0x31,0x31,0x31,0x31,0x31,0x31,
	0x31,0x31,0x31,0x31,0x31,0x31,0x31,0x31,0x30,0x2c,0x2d,0x2d,0x3d,0x3c,0x41,0x41,0x40,0x40,0x41,0x41,
	0x41,0x41,0x41,0x41,0x41,0x41,0x41,0x41,0x41,0x41,0x40,0x3f,0x1b,0x17,0x14,0x14,0x14,0x14,0x14,0x14,
	0x14,0x14,0x14,0x14,0x14,0x14,0x14,0x15,0x16,0x15,0x16,0x15,0x14,0x19,0x23,0x28,0x29,0x25,0x26,0x2c,
	0x2a,0x29,0x28,0x26,0x25,0x22,0x26,0x26,0x26,0x2e,0x72,0x74,0x6e,0x6e,0x6e,0x6e,0xab,0xa9,0xa8,0xab,
	0xaa,0xa9,0xaa,0xa8,0xa7,0xaa,0xa7,0xac,0xab,0xaa,0xaa,0xa8,0xa8,0xab,0xa7,0xa9,0x74,0x71,0x28,0x2e,
	0x30,0x31,0x35,0x35,0x2c,0x2f,0x33,0x36,0x35,0x30,0x2b,0x25,0x23,0x27,0x1d,0x21,0x1e,0x23,0x35,0x34,
	0x2e,0x2e,0x2e,0x2e,0x2e,0x2e,0x2e,0x2e,0x2e,0x2e,0x2e,0x2e,0x2e,0x2e,0x2f,0x30,0x31,0x31,0x2f,0x2e,
	0x42,0x40,0x41,0x40,0x40,0x40,0x40,0x40,0x40,0x40,0x40,0x40,0x40,0x40,0x40,0x40,0x40,0x40,0x3f,0x3e,
	0x1d,0x19,0x16,0x16,0x16,0x16,0x16,0x16,0x16,0x16,0x16,0x16,0x16,0x16,0x16,0x16,0x17,0x17,0x15,0x18,
	0x15,0x1a,0x23,0x29,0x2a,0x26,0x25,0x2a,0x2a,0x29,0x27,0x26,0x26,0x24,0x28,0x25,0x26,0x2d,0x6a,0x6e,
	0x69,0x67,0x69,0x69,0xa7,0xa6,0xa7,0xaa,0xa9,0xaa,0xab,0xa9,0xa7,0xab,0xa9,0xad,0xac,0xab,0xa9,0xa9,
	0xa9,0xab,0xa7,0xaa,0x71,0x70,0x31,0x28,0x2f,0x2d,0x30,0x30,0x38,0x3a,0x3b,0x3c,0x3c,0x3c,0x3a,0x3a,
	0x44,0x44,0x28,0x25,0x24,0x23,0x31,0x31,0x2f,0x2f,0x2f,0x2f,0x2f,0x2f,0x2f,0x2f,0x2f,0x2f,0x2f,0x2f,
	0x2f,0x2f,0x30,0x31,0x32,0x32,0x2d,0x2c,0x44,0x43,0x3f,0x3f,0x40,0x40,0x40,0x40,0x40,0x40,0x40,0x40,
	0x40,0x40,0x40,0x40,0x40,0x40,0x3f,0x3e,0x1d,0x19,0x16,0x16,0x16,0x16,0x16,0x16,0x16,0x16,0x16,0x16,
	0x16,0x16,0x15,0x14,0x13,0x13,0x14,0x14,0x15,0x14,0x29,0x29,0x28,0x25,0x23,0x25,0x25,0x24,0x24,0x24,
	0x24,0x24,0x26,0x23,0x27,0x2f,0x67,0x6e,0x6c,0x6d,0x6d,0x6d,0xac,0xab,0xac,0xac,0xac,0xab,0xac,0xaa,
	0xa5,0xa7,0xa5,0xa7,0xa8,0xaa,0xa9,0xab,0xab,0xac,0xa8,0xa8,0x75,0x73,0x3a,0x2c,0x34,0x2f,0x34,0x31,
	0x36,0x35,0x35,0x35,0x37,0x3b,0x3f,0x43,0x41,0x3e,0x31,0x27,0x28,0x28,0x2c,0x2d,0x2d,0x2d,0x2d,0x2d,
	0x2d,0x2d,0x2d,0x2d,0x2d,0x2d,0x2d,0x2d,0x2d,0x2d,0x2d,0x2e,0x2e,0x2c,0x27,0x27,0x47,0x48,0x43,0x42,
	0x41,0x40,0x40,0x40,0x40,0x40,0x40,0x40,0x40,0x40,0x40,0x40,0x40,0x40,0x3f,0x3e,0x1e,0x1a,0x17,0x17,
	0x17,0x17,0x17,0x17,0x17,0x17,0x17,0x17,0x17,0x17,0x17,0x18,0x16,0x13,0x11,0x0f,0x1a,0x14,0x2f,0x22,
	0x24,0x28,0x29,0x2a,0x29,0x29,0x2a,0x28,0x26,0x26,0x28,0x27,0x2e,0x35,0x61,0x66,0x68,0x6a,0x6b,0x6d,
	0xac,0xac,0xab,0xad,0xaa,0xab,0xab,0xaa,0xa8,0xa9,0xa7,0xa9,0xa9,0xaa,0xa9,0xa9,0xab,0xa9,0xa7,0xa6,
	0x6e,0x75,0x6f,0x78,0x8e,0x88,0x97,0x94,0xa7,0xa8,0xaa,0xae,0xb4,0xba,0xc0,0xc6,0xd1,0xd2,0xca,0xc8,
	0xbc,0xb9,0xa2,0x9e,0x93,0x93,0x93,0x93,0x93,0x93,0x93,0x93,0x93,0x93,0x93,0x93,0x93,0x93,0x93,0x93,
	0x93,0x94,0x8f,0x95,0xbe,0xc3,0xc1,0xc9,0xcc,0xcc,0xcd,0xcd,0xcd,0xcd,0xcd,0xcd,0xcd,0xcd,0xcd,0xcd,
	0xcd,0xcd,0xcd,0xcd,0x24,0x24,0x24,0x24,0x24,0x24,0x24,0x24,0x24,0x24,0x24,0x24,0x24,0x24,0x25,0x26,
	0x28,0x2a,0x2b,0x2a,0x26,0x2c,0x69,0x6d,0x6c,0x6a,0x69,0x68,0x68,0x68,0x67,0x66,0x67,0x67,0x69,0x65,
	0x65,0x5f,0x76,0x6f,0x6c,0x69,0x69,0x69,0xab,0xa8,0xa8,0xaa,0xa9,0xa8,0xab,0xa9,0xa9,0xab,0xad,0xad,
	0xac,0xac,0xa8,0xa8,0xa7,0xaa,0xac,0xae,0x71,0x70,0x77,0x73,0x90,0x86,0x97,0x95,0xa2,0xa4,0xa9,0xb1,
	0xb9,0xc1,0xc7,0xcc,0xcf,0xcf,0xd3,0xc8,0xc6,0xbf,0x9b,0x96,0x94,0x94,0x94,0x94,0x94,0x94,0x94,0x94,
	0x94,0x94,0x94,0x94,0x94,0x94,0x93,0x93,0x91,0x90,0x8d,0x96,0xc6,0xcf,0xce,0xd0,0xd1,0xd1,0xd1,0xd1,
	0xd1,0xd1,0xd1,0xd1,0xd1,0xd1,0xd1,0xd1,0xd1,0xd1,0xd1,0xd1,0x27,0x27,0x27,0x27,0x27,0x27,0x27,0x27,
	0x27,0x27,0x27,0x27,0x27,0x27,0x27,0x28,0x29,0x29,0x29,0x29,0x27,0x2a,0x69,0x68,0x69,0x6a,0x6a,0x6a,
	0x6a,0x6a,0x6a,0x69,0x69,0x6b,0x6d,0x69,0x6d,0x65,0x71,0x68,0x68,0x69,0x6c,0x6b,0xab,0xa8,0xa7,0xab,
	0xa9,0xa9,0xab,0xaa,0xa9,0xaa,0xaa,0xab,0xab,0xab,0xa6,0xa6,0xa6,0xa6,0xab,0xad,0x76,0x77,0x7a,0x7c,
	0x91,0x82,0xa0,0x96,0xa6,0xa5,0xad,0xaf,0xbb,0xbd,0xc6,0xcb,0xce,0xd0,0xcd,0xca,0xc6,0xc3,0xc0,0xbf,
	0xb5,0xad,0x9b,0x95,0x8a,0x92,0x93,0x97,0x95,0x93,0x90,0x8f,0x8f,0x91,0x92,0x94,0x94,0x92,0x90,0x8f,
	0xd0,0xd0,0xd1,0xd1,0xd1,0xd1,0xd2,0xd2,0xd2,0xd2,0xd2,0xd2,0xd2,0xd2,0xd2,0xd2,0xd2,0xd2,0xd2,0xd2,
	0x29,0x29,0x28,0x27,0x27,0x27,0x27,0x28,0x28,0x27,0x27,0x29,0x2a,0x2a,0x26,0x2c,0x2a,0x29,0x29,0x29,
	0x27,0x2a,0x69,0x68,0x6b,0x6b,0x6b,0x6b,0x6c,0x6b,0x6b,0x6a,0x6a,0x69,0x6b,0x69,0x6d,0x66,0x6c,0x67,
	0x6a,0x6b,0x6e,0x6c,0xae,0xaa,0xa8,0xab,0xac,0xab,0xae,0xaa,0xa9,0xa9,0xa8,0xa9,0xaa,0xac,0xaa,0xab,
	0xab,0xaa,0xae,0xaf,0x78,0x76,0x7e,0x7b,0x8e,0x81,0x9a,0x93,0xa5,0xa5,0xad,0xaf,0xbb,0xbd,0xc6,0xcb,
	0xce,0xd0,0xcd,0xca,0xc6,0xc3,0xc0,0xbf,0xb6,0xb2,0xa5,0xa3,0x97,0x9b,0x95,0x95,0x95,0x93,0x91,0x90,
	0x90,0x91,0x92,0x94,0x94,0x92,0x90,0x8f,0xd0,0xd0,0xd1,0xd1,0xd1,0xd1,0xd2,0xd2,0xd2,0xd2,0xd2,0xd2,
	0xd2,0xd2,0xd2,0xd2,0xd2,0xd2,0xd2,0xd2,0x2c,0x2c,0x2b,0x2a,0x29,0x29,0x28,0x28,0x29,0x29,0x28,0x28,
	0x28,0x28,0x26,0x29,0x28,0x29,0x29,0x29,0x27,0x2a,0x69,0x68,0x6b,0x6b,0x6b,0x6b,0x6b,0x6b,0x6b,0x69,
	0x6a,0x6c,0x6c,0x69,0x6d,0x69,0x6e,0x68,0x6b,0x6b,0x6e,0x6d,0xaf,0xae,0xac,0xad,0xad,0xac,0xac,0xab,
	0xab,0xab,0xa9,0xa8,0xaa,0xac,0xa9,0xad,0xad,0xab,0xad,0xae,0x77,0x74,0x87,0x82,0x93,0x87,0x95,0x91,
	0xa4,0xa5,0xad,0xaf,0xbb,0xbd,0xc6,0xcb,0xce,0xd0,0xcd,0xca,0xc6,0xc3,0xc0,0xbf,0xb2,0xb2,0xad,0xb0,
	0xa4,0xa3,0x98,0x96,0x94,0x93,0x92,0x90,0x90,0x91,0x93,0x94,0x93,0x91,0x90,0x8f,0xd0,0xd0,0xd1,0xd1,
	0xd2,0xd2,0xd3,0xd3,0xd3,0xd3,0xd3,0xd3,0xd3,0xd3,0xd3,0xd3,0xd3,0xd3,0xd3,0xd3,0x2a,0x2a,0x29,0x29,
	0x2a,0x2a,0x29,0x29,0x29,0x29,0x29,0x28,0x28,0x28,0x26,0x29,0x26,0x29,0x29,0x29,0x28,0x2b,0x6a,0x68,
	0x6b,0x6b,0x6a,0x6a,0x6b,0x6b,0x6b,0x69,0x69,0x69,0x6a,0x66,0x6c,0x6a,0x6c,0x68,0x6c,0x6a,0x6a,0x69,
	0xab,0xab,0xa9,0xa8,0xa7,0xa7,0xa8,0xa8,0xaa,0xaa,0xab,0xaa,0xab,0xaa,0xa9,0xad,0xad,0xab,0xac,0xaa,
	0x74,0x6f,0x86,0x7c,0x8e,0x88,0x98,0x9b,0xa9,0xa5,0xad,0xaf,0xbb,0xbd,0xc6,0xcb,0xce,0xd0,0xcd,0xca,
	0xc6,0xc3,0xc0,0xbf,0xb3,0xb5,0xb1,0xb6,0xab,0xaa,0x9d,0x9a,0x97,0x95,0x93,0x92,0x91,0x91,0x93,0x94,
	0x93,0x91,0x90,0x8f,0xd0,0xd0,0xd1,0xd1,0xd0,0xd0,0xd1,0xd1,0xd1,0xd1,0xd1,0xd1,0xd1,0xd1,0xd1,0xd1,
	0xd1,0xd1,0xd1,0xd1,0x26,0x26,0x26,0x26,0x26,0x27,0x27,0x27,0x27,0x27,0x27,0x28,0x28,0x28,0x26,0x29,
	0x24,0x28,0x29,0x29,0x28,0x2b,0x6a,0x68,0x6b,0x6a,0x6a,0x6a,0x6a,0x6b,0x6b,0x6a,0x6a,0x6c,0x6a,0x67,
	0x6b,0x69,0x6a,0x68,0x6d,0x69,0x69,0x66,0xa9,0xaa,0xaa,0xa9,0xaa,0xa9,0xab,0xaa,0xab,0xac,0xab,0xaa,
	0xac,0xab,0xab,0xad,0xac,0xaa,0xa9,0xa7,0x54,0x57,0x7b,0x79,0x8c,0x82,0x8e,0x8f,0xa3,0xa5,0xad,0xaf,
	0xbb,0xbd,0xc6,0xcb,0xce,0xd0,0xcd,0xca,0xc6,0xc3,0xc0,0xbc,0xb9,0xb8,0xb2,0xb5,0xac,0xac,0xa2,0x9f,
	0x9b,0x98,0x95,0x93,0x92,0x92,0x93,0x94,0x93,0x91,0x90,0x8f,0xd0,0xd0,0xd1,0xd1,0xd0,0xd0,0xd1,0xd1,
	0xd1,0xd1,0xd1,0xd1,0xd1,0xd1,0xd1,0xd1,0xd1,0xd1,0xd1,0xd1,0x2b,0x2b,0x2b,0x2a,0x25,0x25,0x25,0x26,
	0x26,0x26,0x26,0x28,0x28,0x28,0x26,0x29,0x2c,0x28,0x28,0x29,0x28,0x2b,0x69,0x68,0x69,0x6a,0x6a,0x6a,
	0x6a,0x6b,0x6a,0x6a,0x6a,0x6b,0x69,0x66,0x69,0x6a,0x6a,0x69,0x6d,0x6a,0x6b,0x67,0xa9,0xac,0xab,0xaa,
	0xac,0xab,0xa9,0xa8,0xaa,0xa9,0xa8,0xa9,0xab,0xaa,0xaa,0xac,0xad,0xab,0xab,0xaa,0x4f,0x57,0x78,0x7a,
	0x8c,0x82,0x96,0x97,0xa7,0xa5,0xad,0xaf,0xbb,0xbd,0xc6,0xcb,0xce,0xd0,0xcd,0xca,0xc6,0xc3,0xc0,0xbd,
	0xba,0xb8,0xb1,0xb3,0xaa,0xad,0xa6,0xa3,0x9e,0x9b,0x97,0x94,0x92,0x92,0x93,0x93,0x92,0x91,0x90,0x8f,
	0xd0,0xd0,0xd1,0xd1,0xd1,0xd1,0xd2,0xd2,0xd2,0xd2,0xd2,0xd2,0xd1,0xd1,0xd1,0xd1,0xd1,0xd1,0xd1,0xd1,
	0x28,0x28,0x28,0x27,0x26,0x25,0x24,0x26,0x27,0x25,0x24,0x28,0x28,0x28,0x26,0x29,0x28,0x28,0x28,0x29,
	0x27,0x2b,0x69,0x68,0x69,0x69,0x69,0x69,0x6a,0x6a,0x6a,0x6b,0x6d,0x6d,0x6c,0x6a,0x6b,0x6c,0x6a,0x69,
	0x6d,0x69,0x6a,0x67,0xa8,0xab,0xaa,0xaa,0xac,0xab,0xaa,0xa9,0xab,0xab,0xaa,0xa9,0xab,0xa8,0xa9,0xab,
	0xab,0xaa,0xab,0xa9,0x51,0x52,0x58,0x51,0x62,0x5f,0x8e,0x99,0xa8,0xa5,0xad,0xaf,0xbb,0xbd,0xc6,0xcb,
	0xcd,0xd0,0xcc,0xc9,0xc5,0xc2,0xbf,0xbd,0xba,0xb7,0xb0,0xb5,0xac,0xae,0xa7,0xa4,0xa0,0x9c,0x98,0x95,
	0x93,0x92,0x93,0x93,0x92,0x91,0x91,0x8e,0xd0,0xd0,0xd1,0xd1,0xd0,0xd0,0xd1,0xd1,0xd1,0xd1,0xd1,0xd1,
	0xd1,0xd1,0xd1,0xd1,0xd1,0xd1,0xd1,0xd1,0x2c,0x26,0x28,0x2a,0x2b,0x2c,0x2c,0x2a,0x2a,0x2b,0x2c,0x28,
	0x27,0x28,0x26,0x29,0x37,0x27,0x28,0x29,0x28,0x2b,0x6a,0x68,0x6a,0x69,0x69,0x69,0x69,0x6a,0x6a,0x6a,
	0x6a,0x6b,0x69,0x69,0x6a,0x6b,0x67,0x67,0x68,0x67,0x69,0x67,0xa8,0xaa,0xaa,0xa9,0xae,0xac,0xac,0xaa,
	0xae,0xac,0xa9,0xaa,0xab,0xa8,0xa9,0xaa,0xa8,0xa7,0xa7,0xa8,0x51,0x56,0x5b,0x56,0x65,0x5c,0x8d,0x94,
	0xa5,0xa5,0xad,0xaf,0xbb,0xbd,0xc6,0xcb,0xcb,0xd0,0xcc,0xc9,0xc5,0xc2,0xbf,0xbe,0xba,0xb7,0xb4,0xb5,
	0xaf,0xae,0xa8,0xa5,0xa2,0x9e,0x9b,0x97,0x94,0x92,0x92,0x94,0x93,0x91,0x92,0x8e,0xd0,0xd0,0xd1,0xd1,
	0xd0,0xd0,0xd1,0xd1,0xd0,0xd1,0xd1,0xd1,0xd1,0xd1,0xd1,0xd1,0xd1,0xd1,0xd1,0xd1,0x2c,0x29,0x27,0x27,
	0x28,0x28,0x29,0x29,0x28,0x28,0x28,0x28,0x27,0x28,0x26,0x29,0x35,0x27,0x28,0x29,0x27,0x2a,0x69,0x68,
	0x6a,0x69,0x69,0x69,0x6a,0x6a,0x6a,0x69,0x6a,0x6c,0x6b,0x6d,0x6d,0x6e,0x6c,0x69,0x69,0x68,0x6e,0x69,
	0xa9,0xaa,0xa9,0xa8,0xac,0xa9,0xa8,0xa7,0xab,0xab,0xa8,0xa7,0xa9,0xa7,0xa9,0xaa,0xa8,0xa7,0xa9,0xaa,
	0x52,0x51,0x51,0x51,0x50,0x50,0x50,0x51,0x51,0x58,0xaf,0xb6,0xb8,0xb9,0xc9,0xca,0xce,0xd2,0xc9,0xc9,
	0xc6,0xc2,0xc1,0xbf,0xba,0xb7,0xb6,0xb2,0xb1,0xae,0xa8,0xa5,0xa2,0xa0,0x9e,0x9a,0x95,0x93,0x92,0x92,
	0x92,0x92,0x92,0x92,0xcf,0xd3,0xce,0xd7,0xd7,0xd5,0xd2,0xcf,0xd0,0xd0,0xd1,0xd1,0xd1,0xd1,0xd1,0xd1,
	0xd1,0xd1,0xd1,0xd1,0x2a,0x2b,0x2a,0x29,0x25,0x24,0x23,0x25,0x27,0x26,0x25,0x28,0x27,0x28,0x27,0x2a,
	0x2a,0x2a,0x2a,0x2a,0x28,0x2b,0x6a,0x68,0x6a,0x6a,0x6a,0x6a,0x6a,0x6a,0x6b,0x68,0x68,0x68,0x69,0x6d,
	0x6b,0x6c,0x6a,0x68,0x69,0x69,0x6e,0x6b,0xaa,0xab,0xa8,0xa8,0xab,0xaa,0xaa,0xaa,0xad,0xad,0xa9,0xa9,
	0xa9,0xa9,0xab,0xab,0xa9,0xa9,0xa9,0xab,0x51,0x50,0x50,0x51,0x51,0x50,0x51,0x51,0x58,0x5c,0xae,0xb2,
	0xb9,0xb8,0xc6,0xcb,0xd3,0xd7,0xc6,0xc8,0xc8,0xc1,0xc6,0xbe,0xbc,0xb7,0xb7,0xb0,0xb0,0xac,0xa8,0xa5,
	0xa2,0xa0,0x9e,0x9b,0x96,0x93,0x92,0x90,0x92,0x96,0x92,0x98,0xd0,0xd4,0xd7,0xd5,0xd1,0xd0,0xcd,0xcc,
	0xce,0xd0,0xd1,0xd1,0xd1,0xd1,0xd1,0xd1,0xd1,0xd1,0xd1,0xd1,0x29,0x26,0x28,0x28,0x29,0x29,0x28,0x28,
	0x29,0x28,0x28,0x28,0x28,0x28,0x26,0x29,0x2a,0x2a,0x2a,0x2a,0x28,0x2b,0x6a,0x69,0x6a,0x6a,0x6a,0x6a,
	0x6a,0x6a,0x6a,0x69,0x6a,0x6a,0x6a,0x6c,0x6a,0x6c,0x6c,0x6a,0x6b,0x6a,0x6e,0x69,0xab,0xab,0xa9,0xa9,
	0xac,0xab,0xac,0xac,0xae,0xad,0xab,0xa9,0xab,0xaa,0xac,0xac,0xab,0xaa,0xaa,0xac,0x51,0x50,0x50,0x51,
	0x50,0x50,0x50,0x51,0x56,0x53,0x53,0x50,0x56,0x55,0xc8,0xc9,0xd4,0xcf,0xc8,0xc8,0xc6,0xc2,0xc3,0xb9,
	0xbc,0xb7,0xb7,0xaf,0xb0,0xab,0xa8,0xa5,0xa2,0xa0,0x9e,0x9b,0x95,0x93,0x95,0x94,0x96,0x99,0x92,0x95,
	0xa0,0xa1,0xc2,0xcb,0xd4,0xd3,0xd3,0xd4,0xd4,0xd3,0xd2,0xd1,0xd1,0xd1,0xd1,0xd1,0xd1,0xd1,0xd1,0xd1,
	0x2d,0x27,0x27,0x28,0x2a,0x2b,0x2b,0x2a,0x2a,0x2b,0x2c,0x28,0x26,0x28,0x26,0x29,0x29,0x2a,0x2a,0x2a,
	0x28,0x2b,0x6a,0x69,0x6a,0x6a,0x6a,0x6a,0x6a,0x6a,0x6a,0x69,0x69,0x6b,0x69,0x6a,0x67,0x68,0x6a,0x69,
	0x68,0x68,0x6b,0x65,0xa7,0xa9,0xa8,0xa9,0xa9,0xaa,0xac,0xac,0xad,0xab,0xa9,0xa9,0xa9,0xa8,0xac,0xaa,
	0xab,0xab,0xa9,0xaa,0x51,0x50,0x50,0x51,0x50,0x50,0x50,0x50,0x53,0x51,0x4f,0x4d,0x4e,0x51,0xc4,0xca,
	0xcd,0xca,0xce,0xcd,0xc5,0xbf,0xce,0xc3,0xbc,0xb7,0xb7,0xaf,0xb0,0xab,0xa7,0xa4,0xa2,0x9f,0x9d,0x9a,
	0x95,0x93,0x94,0x95,0x95,0x98,0x97,0x9a,0x97,0x9c,0xc5,0xcc,0xcb,0xcd,0xd3,0xd5,0xd3,0xd1,0xcf,0xd0,
	0xd1,0xd1,0xd1,0xd1,0xd1,0xd1,0xd1,0xd1,0x2c,0x2b,0x29,0x29,0x29,0x28,0x29,0x29,0x28,0x28,0x28,0x28,
	0x26,0x28,0x27,0x29,0x29,0x2a,0x2a,0x2a,0x28,0x2b,0x6a,0x69,0x6a,0x6a,0x6a,0x6a,0x6a,0x6a,0x6a,0x69,
	0x69,0x6b,0x6a,0x69,0x67,0x69,0x6b,0x6d,0x6b,0x69,0x6b,0x66,0xaa,0xaa,0xa9,0xa8,0xa9,0xa9,0xac,0xab,
	0xac,0xa9,0xaa,0xac,0xaa,0xaa,0xac,0xab,0xab,0xac,0xaa,0xac,0x52,0x51,0x51,0x51,0x50,0x4f,0x50,0x51,
	0x50,0x4d,0x54,0x50,0x53,0x52,0x54,0x54,0x59,0x5f,0xc1,0xcb,0xc9,0xce,0xb4,0xb5,0xbc,0xb7,0xb7,0xae,
	0xb0,0xaa,0xa7,0xa4,0xa1,0x9e,0x9c,0x9a,0x95,0x92,0x93,0x92,0x94,0x99,0x92,0x8f,0x9b,0x9c,0xa0,0xa0,
	0xa6,0xb3,0xc6,0xd3,0xd3,0xd0,0xce,0xd0,0xd1,0xd1,0xd1,0xd1,0xd1,0xd1,0xd1,0xd1,0x27,0x27,0x28,0x28,
	0x27,0x27,0x29,0x29,0x27,0x27,0x28,0x28,0x26,0x28,0x24,0x28,0x2e,0x2a,0x2a,0x2a,0x28,0x2b,0x6a,0x69,
	0x69,0x6a,0x6a,0x6a,0x6a,0x6a,0x69,0x68,0x68,0x66,0x66,0x66,0x64,0x68,0x69,0x6b,0x6a,0x6b,0x6c,0x68,
	0xaa,0xab,0xab,0xab,0xab,0xac,0xaf,0xae,0xae,0xac,0xae,0xb1,0xad,0xac,0xac,0xa8,0xa9,0xa9,0xaa,0xaa,
	0x52,0x51,0x51,0x51,0x50,0x50,0x50,0x4f,0x4f,0x4f,0x53,0x53,0x51,0x54,0x4f,0x57,0x54,0x57,0xc5,0xc8,
	0xc1,0xc9,0xb9,0xc1,0xbc,0xb7,0xb7,0xae,0xb0,0xaa,0xa7,0xa3,0xa0,0x9e,0x9c,0x9a,0x95,0x92,0x92,0x92,
	0x93,0x95,0x95,0x8e,0x98,0x9e,0x95,0x98,0xa1,0xb1,0xca,0xda,0xd9,0xd3,0xcf,0xd0,0xd1,0xd1,0xd1,0xd1,
	0xd1,0xd1,0xd1,0xd1,0x29,0x28,0x28,0x28,0x29,0x27,0x24,0x26,0x27,0x28,0x28,0x28,0x26,0x28,0x2a,0x28,
	0x2b,0x2a,0x2a,0x2a,0x28,0x2b,0x6a,0x69,0x69,0x6a,0x6a,0x6a,0x6a,0x6a,0x69,0x69,0x69,0x6a,0x6a,0x6a,
	0x69,0x6b,0x6a,0x6a,0x6a,0x6a,0x6d,0x68,0xab,0xaa,0xaa,0xab,0xab,0xa9,0xac,0xaa,0xaa,0xa8,0xaa,0xaf,
	0xab,0xab,0xab,0xa6,0xa9,0xaa,0xab,0xae,0x52,0x52,0x52,0x52,0x51,0x50,0x50,0x50,0x50,0x50,0x53,0x54,
	0x50,0x54,0x52,0x51,0x58,0x53,0x57,0x58,0x4f,0x5a,0xbc,0xbf,0xbb,0xbb,0xb8,0xb0,0xad,0xad,0xad,0xa6,
	0xa3,0xa0,0x9e,0x9a,0x95,0x93,0x92,0x91,0x91,0x92,0x97,0x92,0x93,0x9d,0xa2,0x9f,0x9d,0x9d,0x9d,0x9e,
	0xa0,0xa2,0xd0,0xd1,0xd1,0xd1,0xd1,0xd1,0xd1,0xd1,0xd1,0xd1,0x29,0x29,0x29,0x2a,0x2a,0x28,0x24,0x23,
	0x24,0x28,0x28,0x28,0x26,0x29,0x2a,0x28,0x3a,0x2a,0x2a,0x2a,0x28,0x2b,0x6a,0x69,0x6a,0x6a,0x6a,0x6a,
	0x69,0x69,0x69,0x69,0x6a,0x69,0x6a,0x68,0x69,0x6b,0x6a,0x6b,0x6b,0x6d,0x6e,0x6a,0xac,0xaa,0xa9,0xaa,
	0xa9,0xa7,0xaa,0xaa,0xa9,0xa6,0xaa,0xad,0xa9,0xaa,0xab,0xa7,0xa8,0xa6,0xa9,0xab,0x52,0x52,0x52,0x52,
	0x51,0x50,0x50,0x51,0x50,0x50,0x51,0x52,0x50,0x52,0x51,0x51,0x62,0x54,0x51,0x50,0x49,0x56,0xbe,0xbe,
	0xb8,0xb6,0xb3,0xb2,0xb0,0xac,0xa9,0xa6,0xa3,0xa0,0x9e,0x9b,0x95,0x93,0x92,0x91,0x8e,0x94,0x94,0x93,
	0x9a,0x9f,0x9b,0x9a,0x9a,0x9d,0x9e,0x9f,0xa1,0xa3,0xd1,0xd1,0xd1,0xd1,0xd1,0xd1,0xd1,0xd1,0xd1,0xd1,
	0x2c,0x2b,0x2c,0x29,0x29,0x28,0x29,0x29,0x27,0x28,0x27,0x28,0x26,0x29,0x30,0x28,0x38,0x2a,0x2a,0x2a,
	0x28,0x2b,0x6a,0x69,0x6a,0x6a,0x6a,0x6a,0x69,0x69,0x6a,0x6b,0x6b,0x6d,0x6c,0x66,0x68,0x6a,0x67,0x67,
	0x68,0x6a,0x6c,0x67,0xab,0xa8,0xaa,0xab,0xab,0xa9,0xad,0xad,0xab,0xa9,0xa9,0xac,0xa7,0xab,0xae,0xaa,
	0xab,0xa9,0xaa,0xab,0x52,0x51,0x52,0x52,0x51,0x51,0x51,0x51,0x51,0x51,0x51,0x50,0x51,0x51,0x51,0x51,
	0x51,0x51,0x50,0x51,0x51,0x50,0x91,0x92,0x8e,0x8e,0x96,0xa2,0xaa,0xaa,0xa7,0xa4,0xa2,0xa0,0x9e,0x9b,
	0x95,0x93,0x92,0x92,0x92,0x94,0x95,0x96,0x9a,0x9b,0x9a,0x9b,0x9b,0x9b,0x9d,0x9e,0x9f,0xa0,0xa1,0xa3,
	0xad,0xa7,0xce,0xcf,0xd1,0xd4,0xce,0xc8,0x2a,0x2b,0x2d,0x2d,0x28,0x27,0x26,0x27,0x29,0x28,0x27,0x29,
	0x2c,0x28,0x28,0x2b,0x2c,0x2a,0x2a,0x2a,0x28,0x2b,0x6a,0x69,0x6a,0x6a,0x6a,0x6a,0x6a,0x6a,0x6a,0x6a,
	0x69,0x69,0x69,0x65,0x69,0x69,0x68,0x67,0x68,0x69,0x6d,0x6b,0xaf,0xac,0xae,0xaf,0xac,0xa9,0xab,0xab,
	0xac,0xaa,0xab,0xab,0xa7,0xaa,0xac,0xa8,0xaa,0xa9,0xaa,0xae,0x52,0x51,0x52,0x52,0x51,0x51,0x51,0x51,
	0x51,0x51,0x52,0x50,0x51,0x51,0x51,0x51,0x51,0x51,0x50,0x51,0x51,0x50,0x91,0x93,0x91,0x91,0x9a,0xa7,
	0xaf,0xaf,0xaa,0xa4,0xa2,0x9f,0x9d,0x9a,0x95,0x93,0x92,0x92,0x93,0x94,0x96,0x97,0x99,0x9a,0x9a,0x9b,
	0x9b,0x9b,0x9d,0x9e,0x9f,0x9f,0x9f,0xa0,0xa9,0xa8,0xd1,0xce,0xca,0xcb,0xce,0xce,0x28,0x29,0x2a,0x29,
	0x28,0x26,0x25,0x27,0x29,0x28,0x26,0x29,0x29,0x28,0x28,0x2a,0x2a,0x2a,0x2a,0x2a,0x28,0x2b,0x6a,0x69,
	0x6a,0x6a,0x6a,0x6a,0x6a,0x6a,0x6a,0x6a,0x69,0x69,0x6a,0x68,0x6c,0x6c,0x6a,0x67,0x69,0x69,0x6c,0x6c,
	0xad,0xad,0xac,0xac,0xa9,0xa6,0xa9,0xaa,0xac,0xab,0xad,0xaf,0xab,0xac,0xad,0xa9,0xab,0xa9,0xab,0xad,
	0x52,0x51,0x52,0x52,0x51,0x51,0x51,0x51,0x51,0x51,0x52,0x51,0x51,0x51,0x51,0x52,0x51,0x51,0x50,0x51,
	0x51,0x50,0x91,0x93,0x91,0x8e,0x90,0x94,0x95,0x94,0x93,0xa0,0x9f,0x9e,0x9c,0x99,0x94,0x92,0x92,0x92,
	0x94,0x95,0x97,0x98,0x99,0x9a,0x9b,0x9c,0x9c,0x9c,0x9e,0x9f,0xa0,0xa2,0xa4,0xa7,0xa3,0xa5,0xa6,0xa4,
	0xa3,0xaf,0xc6,0xd9,0x2c,0x27,0x2a,0x2a,0x2b,0x2d,0x2e,0x2a,0x27,0x27,0x26,0x29,0x38,0x28,0x2e,0x2a,
	0x29,0x2a,0x2a,0x2a,0x28,0x2b,0x6a,0x69,0x6a,0x6a,0x6a,0x6a,0x6a,0x6a,0x6a,0x68,0x69,0x6c,0x6b,0x66,
	0x69,0x68,0x66,0x64,0x68,0x68,0x6a,0x6a,0xab,0xaa,0xa9,0xaa,0xac,0xa9,0xac,0xac,0xab,0xa8,0xa8,0xac,
	0xa8,0xaa,0xac,0xa9,0xaa,0xa9,0xaa,0xab,0x52,0x52,0x52,0x52,0x51,0x51,0x51,0x51,0x51,0x51,0x52,0x51,
	0x50,0x51,0x51,0x52,0x51,0x51,0x50,0x51,0x51,0x51,0x91,0x93,0x91,0x91,0x91,0x92,0x92,0x92,0x94,0x9d,
	0x9c,0x9c,0x9a,0x98,0x94,0x92,0x92,0x92,0x94,0x95,0x97,0x98,0x9a,0x9b,0x9d,0x9e,0x9e,0x9e,0xa0,0xa0,
	0xa1,0xa3,0xa5,0xa7,0xa1,0xa4,0xa6,0xa1,0x9f,0xa9,0xbc,0xcd,0x2e,0x2b,0x26,0x26,0x27,0x28,0x2b,0x2b,
	0x27,0x27,0x27,0x2a,0x36,0x28,0x2b,0x29,0x28,0x2a,0x2a,0x2a,0x28,0x2b,0x6a,0x69,0x6a,0x6a,0x6a,0x6a,
	0x6a,0x6a,0x6a,0x69,0x6a,0x6c,0x6b,0x67,0x6a,0x68,0x69,0x69,0x6b,0x6a,0x6b,0x6b,0xac,0xaa,0xaa,0xa9,
	0xac,0xa8,0xaa,0xaa,0xa9,0xa7,0xa8,0xab,0xa8,0xaa,0xaa,0xa7,0xa9,0xa7,0xa8,0xaa,0x52,0x51,0x52,0x52,
	0x51,0x51,0x51,0x51,0x51,0x51,0x51,0x51,0x50,0x51,0x51,0x52,0x51,0x51,0x50,0x51,0x51,0x51,0x91,0x93,
	0x93,0x94,0x93,0x93,0x93,0x94,0x96,0x97,0x97,0x98,0x96,0x95,0x92,0x91,0x90,0x91,0x94,0x96,0x98,0x98,
	0x9a,0x9c,0x9f,0x9e,0x9e,0x9e,0xa0,0xa2,0xa3,0xa4,0xa5,0xa4,0xa5,0xa9,0xad,0xab,0xa4,0xa0,0xa0,0x9f,
	0x81,0x7c,0x2e,0x28,0x26,0x32,0x29,0x25,0x26,0x27,0x27,0x29,0x2b,0x2a,0x3a,0x2a,0x2e,0x2a,0x2a,0x2a,
	0x28,0x2b,0x6a,0x69,0x69,0x6a,0x6a,0x6a,0x6a,0x6a,0x69,0x68,0x68,0x69,0x6a,0x66,0x69,0x69,0x6a,0x66,
	0x68,0x66,0x67,0x69,0xac,0xad,0xac,0xaa,0xae,0xa7,0xa6,0xaa,0xaa,0xac,0xab,0xad,0xa9,0xaa,0xab,0xa6,
	0xaa,0xaa,0xac,0xae,0x52,0x51,0x51,0x52,0x51,0x51,0x51,0x51,0x51,0x51,0x51,0x51,0x50,0x51,0x51,0x52,
	0x51,0x51,0x50,0x51,0x51,0x50,0x91,0x93,0x92,0x91,0x91,0x91,0x91,0x90,0x91,0x93,0x93,0x94,0x93,0x93,
	0x91,0x90,0x8f,0x90,0x93,0x97,0x99,0x98,0x9a,0x9d,0xa0,0x9c,0x9c,0x9e,0xa0,0xa1,0xa2,0xa4,0xa6,0xa8,
	0xaa,0xaa,0xab,0xab,0xa6,0xa3,0x9d,0x98,0x83,0x81,0x2f,0x2e,0x24,0x33,0x26,0x2b,0x27,0x25,0x26,0x29,
	0x2a,0x2a,0x38,0x2a,0x2a,0x2a,0x2a,0x2a,0x28,0x2b,0x6a,0x69,0x69,0x6a,0x6a,0x6a,0x6a,0x6a,0x69,0x69,
	0x6a,0x6c,0x6c,0x67,0x6a,0x68,0x6b,0x68,0x68,0x68,0x69,0x6c,0xae,0xaf,0xaf,0xae,0xb2,0xac,0xa9,0xab,
	0xab,0xac,0xaa,0xab,0xa7,0xa8,0xa9,0xa7,0xa9,0xa9,0xab,0xad,0x52,0x51,0x51,0x52,0x51,0x51,0x51,0x51,
	0x51,0x51,0x52,0x51,0x51,0x51,0x51,0x52,0x51,0x50,0x4f,0x51,0x50,0x50,0x90,0x92,0x92,0x90,0x91,0x91,
	0x90,0x8f,0x8f,0x91,0x92,0x92,0x92,0x91,0x91,0x8f,0x90,0x90,0x92,0x94,0x97,0x99,0x9c,0x9c,0xa0,0x93,
	0x99,0x9c,0x9e,0xa0,0xa1,0xa3,0xa5,0xa8,0xa8,0xa8,0xa5,0xa2,0x9e,0x9b,0x99,0x95,0x86,0x83,0x77,0x7e,
	0x68,0x6c,0x2c,0x26,0x25,0x26,0x2c,0x29,0x25,0x2b,0x2d,0x2a,0x37,0x2b,0x2a,0x2a,0x29,0x2c,0x6a,0x69,
	0x68,0x6a,0x6a,0x6a,0x6a,0x69,0x69,0x69,0x68,0x68,0x68,0x64,0x69,0x67,0x6b,0x68,0x6c,0x6b,0x6b,0x6c,
	0xa7,0xa7,0xa7,0xa6,0xae,0xa9,0xa5,0xa8,0xa9,0xa9,0xa7,0xab,0xaa,0xac,0xad,0xa8,0xa6,0xa6,0xa8,0xa9,
	0x50,0x4f,0x4f,0x50,0x50,0x50,0x50,0x50,0x51,0x51,0x52,0x51,0x51,0x51,0x51,0x51,0x50,0x51,0x50,0x52,
	0x51,0x51,0x91,0x92,0x92,0x91,0x91,0x92,0x91,0x91,0x90,0x91,0x91,0x91,0x91,0x91,0x91,0x91,0x92,0x93,
	0x93,0x8e,0x91,0x9c,0x9f,0x9a,0x9b,0x99,0x97,0x99,0x99,0x9f,0xa0,0xa3,0xa4,0xa6,0xa7,0xa8,0xa9,0xa5,
	0x9f,0x9d,0x9d,0x9b,0x8b,0x85,0x74,0x7f,0x73,0x6f,0x26,0x2a,0x27,0x2c,0x24,0x28,0x24,0x29,0x2a,0x2a,
	0x36,0x2b,0x2a,0x2a,0x29,0x2c,0x6a,0x69,0x6b,0x6b,0x6a,0x6a,0x6a,0x69,0x69,0x69,0x68,0x69,0x6a,0x68,
	0x6c,0x69,0x6b,0x67,0x6a,0x6a,0x6b,0x6c,0xab,0xa8,0xa8,0xa7,0xaf,0xaa,0xa6,0xa9,0xaa,0xab,0xa7,0xaa,
	0xa9,0xaa,0xac,0xa9,0xa8,0xa8,0xa9,0xaa,0x50,0x4f,0x4f,0x51,0x51,0x51,0x51,0x51,0x51,0x52,0x52,0x52,
	0x52,0x50,0x50,0x51,0x50,0x51,0x50,0x54,0x50,0x52,0x92,0x91,0x91,0x90,0x91,0x92,0x90,0x91,0x91,0x91,
	0x92,0x91,0x91,0x91,0x91,0x90,0x90,0x91,0x96,0x8b,0x91,0x97,0x91,0x99,0xa4,0x9c,0x9d,0xa1,0x98,0x9c,
	0x9e,0xa1,0xa4,0xa4,0xa6,0xa8,0xaa,0xa6,0x9f,0x9c,0x90,0x8d,0x89,0x88,0x7e,0x7c,0x71,0x6e,0x63,0x65,
	0x56,0x56,0x32,0x2b,0x2c,0x29,0x2a,0x2c,0x2d,0x2a,0x2a,0x2b,0x28,0x2c,0x6a,0x69,0x6b,0x6b,0x6b,0x6b,
	0x6a,0x69,0x6a,0x69,0x68,0x6a,0x6c,0x6a,0x6c,0x6a,0x6c,0x67,0x68,0x6a,0x6b,0x6b,0xaa,0xaa,0xaa,0xaa,
	0xaa,0xaa,0xaa,0xaa,0xac,0xac,0xa8,0xaa,0xa9,0xa8,0xab,0xa9,0xa8,0xa9,0xa9,0xab,0x52,0x50,0x4f,0x52,
	0x51,0x53,0x52,0x51,0x52,0x52,0x53,0x52,0x52,0x51,0x51,0x52,0x4f,0x51,0x50,0x55,0x4f,0x53,0x91,0x90,
	0x90,0x8f,0x90,0x92,0x90,0x90,0x91,0x91,0x92,0x91,0x91,0x91,0x91,0x90,0x90,0x91,0x8c,0x8f,0x8f,0x8c,
	0x97,0x97,0x9a,0x9f,0x9d,0x9e,0x9c,0x98,0x9a,0x9e,0xa3,0xa4,0xa6,0xa7,0xa9,0xa8,0xa1,0x99,0x92,0x94,
	0x8a,0x87,0x7c,0x7b,0x70,0x6d,0x61,0x66,0x58,0x54,0x35,0x2b,0x2a,0x2d,0x28,0x2a,0x2b,0x2a,0x2a,0x2a,
	0x28,0x2c,0x6a,0x69,0x6a,0x6a,0x6a,0x6a,0x6a,0x6a,0x6a,0x69,0x68,0x69,0x6b,0x68,0x6b,0x6a,0x6c,0x67,
	0x68,0x69,0x6a,0x6a,0xaa,0xaa,0xaa,0xaa,0xa9,0xa9,0xa9,0xac,0xad,0xae,0xaa,0xa9,0xa8,0xa8,0xa8,0xa8,
	0xa8,0xa8,0xa8,0xa8,0x53,0x50,0x4f,0x51,0x52,0x52,0x51,0x50,0x51,0x52,0x52,0x52,0x51,0x50,0x50,0x51,
	0x50,0x52,0x51,0x53,0x50,0x52,0x91,0x90,0x90,0x90,0x92,0x93,0x92,0x92,0x93,0x94,0x92,0x91,0x91,0x91,
	0x91,0x91,0x90,0x8f,0x8f,0x94,0x8b,0x91,0xc3,0xbd,0xa2,0x9c,0x9c,0x9e,0x9f,0x9e,0x9f,0xa0,0xa2,0xa4,
	0xa6,0xa7,0xa9,0xa6,0xa1,0xa3,0x94,0x91,0x88,0x87,0x7a,0x7a,0x72,0x6e,0x60,0x68,0x5e,0x55,0x4b,0x4c,
	0x3d,0x35,0x2f,0x2a,0x29,0x2a,0x2a,0x2a,0x28,0x2b,0x6a,0x69,0x6a,0x6a,0x6a,0x6a,0x6a,0x6a,0x6a,0x69,
	0x69,0x6a,0x6c,0x69,0x6b,0x6a,0x6b,0x67,0x69,0x69,0x6a,0x6a,0xaa,0xaa,0xaa,0xab,0xab,0xab,0xa9,0xaa,
	0xaa,0xab,0xa8,0xa9,0xab,0xab,0xab,0xab,0xab,0xab,0xab,0xab,0x50,0x4e,0x4e,0x50,0x50,0x50,0x50,0x50,
	0x52,0x53,0x53,0x52,0x52,0x52,0x52,0x52,0x51,0x53,0x53,0x55,0x51,0x53,0x93,0x91,0x92,0x91,0x93,0x93,
	0x91,0x91,0x91,0x92,0x92,0x91,0x91,0x91,0x91,0x91,0x90,0x8f,0x90,0x97,0x8d,0x95,0xd8,0xce,0xaf,0xa6,
	0x9d,0xa0,0x9c,0x9d,0x9e,0x9f,0xa2,0xa4,0xa5,0xa6,0xa8,0xa6,0xa3,0xa0,0x94,0x90,0x88,0x87,0x7a,0x7b,
	0x72,0x6f,0x5f,0x66,0x5c,0x51,0x48,0x4e,0x3d,0x37,0x2c,0x2b,0x2a,0x2a,0x2a,0x2a,0x28,0x2b,0x6a,0x69,
	0x6a,0x6a,0x6a,0x6a,0x6a,0x6a,0x69,0x69,0x6a,0x6b,0x6c,0x69,0x6c,0x6a,0x6b,0x67,0x69,0x69,0x6a,0x6a,
	0xaa,0xaa,0xaa,0xaa,0xa9,0xa8,0xa8,0xa7,0xa8,0xab,0xa7,0xa8,0xab,0xab,0xab,0xab,0xab,0xab,0xab,0xab,
	0x51,0x50,0x50,0x52,0x51,0x52,0x52,0x51,0x52,0x52,0x52,0x52,0x50,0x50,0x50,0x51,0x4f,0x51,0x51,0x53,
	0x50,0x52,0x91,0x91,0x92,0x91,0x92,0x92,0x90,0x90,0x90,0x90,0x91,0x90,0x90,0x90,0x91,0x90,0x8f,0x8e,
	0x8f,0x90,0x8c,0x92,0xd2,0xd4,0xd0,0xcf,0xd5,0xd4,0xaf,0xa1,0x9e,0x9f,0xa2,0xa3,0xa6,0xa6,0xa7,0xa5,
	0xa2,0x9f,0x94,0x90,0x89,0x88,0x7c,0x7c,0x74,0x71,0x62,0x65,0x58,0x55,0x4c,0x4d,0x3c,0x40,0x39,0x2d,
	0x2d,0x2a,0x2a,0x2a,0x28,0x2b,0x6a,0x69,0x69,0x6a,0x6a,0x6a,0x6a,0x6a,0x69,0x68,0x68,0x6b,0x6d,0x6a,
	0x6c,0x6b,0x6c,0x68,0x69,0x69,0x6b,0x6a,0xaa,0xaa,0xaa,0xa9,0xa9,0xa9,0xac,0xad,0xad,0xb0,0xab,0xac,
	0xaf,0xad,0xad,0xad,0xad,0xad,0xad,0xad,0x50,0x4e,0x50,0x51,0x52,0x52,0x52,0x51,0x51,0x52,0x53,0x52,
	0x51,0x50,0x51,0x51,0x51,0x51,0x51,0x53,0x50,0x51,0x91,0x92,0x91,0x90,0x92,0x91,0x91,0x91,0x90,0x90,
	0x90,0x90,0x90,0x90,0x91,0x90,0x92,0x93,0x92,0x8d,0x8e,0x93,0xd1,0xd7,0xdb,0xd6,0xd6,0xd6,0xae,0xa5,
	0x9f,0x9f,0xa2,0xa3,0xa6,0xa6,0xa6,0xa4,0xa1,0x9e,0x93,0x8f,0x89,0x87,0x7a,0x7b,0x73,0x72,0x66,0x64,
	0x57,0x59,0x47,0x50,0x3e,0x3b,0x3a,0x2d,0x2c,0x2a,0x2a,0x2a,0x28,0x2b,0x69,0x68,0x68,0x6a,0x6a,0x6a,
	0x6a,0x6a,0x69,0x68,0x69,0x6b,0x6d,0x6a,0x6d,0x6b,0x6c,0x68,0x6a,0x6a,0x6b,0x6b,0xaa,0xa9,0xa9,0xa9,
	0xa8,0xa8,0xac,0xac,0xaa,0xac,0xa6,0xa7,0xab,0xaa,0xaa,0xaa,0xaa,0xaa,0xaa,0xaa,0x50,0x4f,0x51,0x52,
	0x51,0x51,0x51,0x51,0x50,0x51,0x51,0x50,0x50,0x50,0x50,0x51,0x4f,0x50,0x50,0x51,0x4f,0x50,0x90,0x92,
	0x91,0x90,0x91,0x93,0x92,0x93,0x92,0x93,0x91,0x91,0x91,0x90,0x92,0x91,0x93,0x91,0x8e,0x8c,0x93,0x96,
	0xd4,0xd2,0xd1,0xc9,0xd5,0xd9,0xd7,0xdb,0xcc,0xd2,0x96,0xa0,0xa6,0xa2,0xa4,0xa5,0xa1,0x9c,0x93,0x90,
	0x88,0x88,0x79,0x7b,0x73,0x72,0x67,0x63,0x57,0x5b,0x49,0x4e,0x40,0x3e,0x37,0x32,0x39,0x2b,0x2a,0x2a,
	0x29,0x2c,0x6e,0x6c,0x69,0x6b,0x6a,0x6a,0x69,0x69,0x69,0x69,0x6a,0x6b,0x6d,0x6a,0x6d,0x6b,0x6d,0x69,
	0x6a,0x6a,0x6b,0x6b,0xa9,0xa9,0xa9,0xa8,0xa9,0xaa,0xaa,0xaa,0xaa,0xaa,0xaa,0xaa,0xaa,0xab,0xaa,0xaa,
	0xaa,0xaa,0xaa,0xaa,0x51,0x50,0x52,0x53,0x52,0x53,0x52,0x53,0x53,0x53,0x52,0x53,0x52,0x52,0x53,0x54,
	0x52,0x53,0x52,0x53,0x51,0x51,0x91,0x93,0x92,0x8f,0x90,0x91,0x90,0x8f,0x90,0x91,0x92,0x93,0x91,0x90,
	0x93,0x90,0x94,0x91,0x8f,0x8a,0x86,0x8d,0xd2,0xd8,0xd5,0xcf,0xd4,0xcf,0xd7,0xcf,0xd5,0xd0,0x9f,0xa2,
	0xa5,0xa3,0xa1,0xab,0xa0,0x9a,0x93,0x91,0x88,0x89,0x77,0x7b,0x71,0x71,0x65,0x63,0x58,0x5a,0x49,0x4e,
	0x40,0x3e,0x36,0x33,0x35,0x2c,0x2c,0x2d,0x2a,0x2d,0x60,0x5e,0x6a,0x6b,0x6a,0x6a,0x69,0x68,0x69,0x69,
	0x69,0x6b,0x6d,0x6a,0x6d,0x6c,0x6d,0x69,0x6a,0x6a,0x6b,0x6b,0xa9,0xa9,0xa9,0xa9,0xa9,0xaa,0xab,0xac,
	0xab,0xac,0xac,0xac,0xab,0xad,0xaa,0xaa,0xaa,0xaa,0xaa,0xaa,0x4d,0x4e,0x50,0x51,0x4f,0x4f,0x50,0x50,
	0x50,0x4f,0x51,0x4f,0x4f,0x4f,0x51,0x50,0x4e,0x4f,0x50,0x51,0x51,0x51,0x91,0x93,0x92,0x91,0x91,0x91,
	0x90,0x90,0x90,0x91,0x91,0x91,0x90,0x90,0x91,0x91,0x90,0x92,0x92,0x92,0x8f,0x90,0xd3,0xd4,0xd3,0xd3,
	0xd3,0xd1,0xd2,0xd2,0xd3,0xd4,0xd2,0xd3,0xd2,0xd2,0x9f,0xa0,0xa6,0xa2,0xa4,0xa5,0x88,0x8a,0x76,0x7b,
	0x6e,0x6f,0x64,0x64,0x59,0x5a,0x49,0x4f,0x41,0x3f,0x36,0x33,0x2c,0x2c,0x2c,0x2e,0x35,0x34,0x3a,0x3c,
	0x46,0x4d,0x66,0x6a,0x6b,0x6b,0x6b,0x66,0x67,0x6a,0x6c,0x6a,0x6d,0x6b,0x6d,0x69,0x6a,0x6a,0x6b,0x6b,
	0xa9,0xa9,0xa9,0xa8,0xa9,0xa9,0xac,0xad,0xac,0xaf,0xab,0xab,0xae,0xac,0xac,0xac,0xac,0xac,0xac,0xac,
	0x4e,0x50,0x51,0x51,0x51,0x51,0x51,0x52,0x52,0x50,0x51,0x52,0x51,0x51,0x52,0x52,0x50,0x51,0x52,0x51,
	0x51,0x52,0x92,0x93,0x93,0x91,0x91,0x91,0x8f,0x8f,0x90,0x8f,0x8f,0x8e,0x8d,0x8d,0x8f,0x91,0x90,0x93,
	0x94,0x95,0x92,0x92,0xd3,0xd3,0xd2,0xd2,0xd1,0xcf,0xd0,0xd1,0xd3,0xd3,0xd0,0xd3,0xd3,0xd3,0x9d,0xa3,
	0xa5,0xa3,0xa1,0xab,0x88,0x8a,0x77,0x7c,0x6d,0x6d,0x63,0x64,0x59,0x5b,0x4a,0x4f,0x41,0x3f,0x36,0x33,
	0x2b,0x2c,0x2d,0x2f,0x35,0x34,0x39,0x3b,0x43,0x49,0x64,0x69,0x6a,0x6a,0x6c,0x67,0x67,0x69,0x6b,0x69,
	0x6c,0x6b,0x6d,0x69,0x6a,0x6a,0x6b,0x6b,0xa9,0xa9,0xa9,0xa8,0xa8,0xa8,0xac,0xac,0xaa,0xac,0xa6,0xa7,
	0xab,0xaa,0xaa,0xaa,0xaa,0xaa,0xaa,0xaa,0x4f,0x51,0x53,0x51,0x51,0x50,0x50,0x50,0x50,0x4f,0x50,0x51,
	0x51,0x51,0x53,0x53,0x51,0x51,0x52,0x4f,0x52,0x51,0x90,0x93,0x91,0x90,0x91,0x91,0x91,0x90,0x91,0x92,
	0x92,0x92,0x8f,0x8f,0x90,0x90,0x8f,0x92,0x94,0x94,0x92,0x91,0xd4,0xd3,0xd1,0xd3,0xd2,0xd1,0xd0,0xd2,
	0xd4,0xd4,0xd1,0xd4,0xd3,0xd2,0xd2,0xd5,0xd0,0xce,0xa2,0x9c,0x83,0x84,0x78,0x7b,0x6e,0x6c,0x63,0x64,
	0x59,0x5b,0x4a,0x4f,0x41,0x3f,0x36,0x33,0x2a,0x2c,0x2e,0x30,0x35,0x34,0x3e,0x3f,0x44,0x48,0x4b,0x4f,
	0x54,0x55,0x63,0x62,0x62,0x68,0x6a,0x68,0x6b,0x6a,0x6c,0x69,0x6a,0x6a,0x6b,0x6b,0xa9,0xa9,0xa9,0xa8,
	0xa9,0xaa,0xaa,0xaa,0xaa,0xaa,0xaa,0xaa,0xaa,0xab,0xaa,0xaa,0xaa,0xaa,0xaa,0xaa,0x50,0x51,0x52,0x51,
	0x4f,0x4f,0x4f,0x51,0x51,0x4f,0x50,0x52,0x51,0x52,0x53,0x54,0x53,0x52,0x52,0x50,0x51,0x4f,0x8f,0x91,
	0x8f,0x8f,0x90,0x90,0x90,0x8f,0x90,0x91,0x91,0x91,0x8f,0x90,0x90,0x90,0x90,0x92,0x93,0x93,0x91,0x90,
	0xd2,0xd1,0xd0,0xd3,0xd4,0xd2,0xd0,0xd1,0xd3,0xd3,0xd0,0xd3,0xd3,0xd2,0xd2,0xd4,0xd4,0xdb,0x9f,0xa1,
	0x84,0x81,0x7c,0x79,0x70,0x6b,0x62,0x64,0x5a,0x5b,0x4a,0x4f,0x41,0x40,0x37,0x34,0x2a,0x2c,0x2e,0x30,
	0x35,0x34,0x3f,0x40,0x45,0x45,0x47,0x4a,0x4d,0x51,0x65,0x68,0x64,0x66,0x69,0x67,0x6a,0x6a,0x6c,0x68,
	0x6a,0x6a,0x6b,0x6b,0xa9,0xa9,0xa9,0xa9,0xa9,0xaa,0xab,0xac,0xaa,0xab,0xac,0xab,0xaa,0xac,0xa9,0xa9,
	0xa9,0xa9,0xa9,0xa9,0x51,0x54,0x55,0x52,0x51,0x51,0x51,0x51,0x52,0x50,0x50,0x51,0x4f,0x50,0x50,0x52,
	0x50,0x50,0x50,0x4e,0x52,0x4f,0x8f,0x91,0x90,0x90,0x90,0x92,0x91,0x91,0x91,0x90,0x90,0x90,0x8f,0x91,
	0x91,0x91,0x92,0x92,0x91,0x91,0x90,0x8f,0xd1,0xd0,0xd0,0xd2,0xd3,0xd3,0xd0,0xd1,0xd2,0xd1,0xcf,0xd3,
	0xd4,0xd4,0xd3,0xd3,0xd4,0xd4,0xd3,0xd3,0x2f,0x2e,0x70,0x7a,0x6b,0x6d,0x63,0x64,0x5a,0x5b,0x4a,0x4f,
	0x42,0x40,0x37,0x36,0x28,0x2b,0x2f,0x30,0x35,0x34,0x3c,0x3f,0x41,0x45,0x47,0x4b,0x52,0x50,0x5c,0x5d,
	0x5d,0x65,0x68,0x66,0x69,0x69,0x6b,0x68,0x6a,0x6a,0x6b,0x6b,0xa9,0xa9,0xa9,0xa9,0xaa,0xaa,0xa9,0xab,
	0xa8,0xa8,0xaa,0xa9,0xaa,0xab,0xa9,0xa9,0xa9,0xa9,0xa9,0xa9,0x4f,0x51,0x51,0x50,0x50,0x4f,0x50,0x52,
	0x53,0x51,0x52,0x51,0x50,0x51,0x51,0x52,0x51,0x51,0x52,0x50,0x53,0x52,0x91,0x93,0x92,0x92,0x91,0x91,
	0x91,0x8f,0x8e,0x8e,0x90,0x91,0x8f,0x91,0x90,0x90,0x90,0x91,0x90,0x91,0x91,0x91,0xd3,0xd1,0xd2,0xd2,
	0xd2,0xd1,0xd0,0xd1,0xd2,0xd1,0xcf,0xd1,0xd2,0xd2,0xd3,0xd2,0xd3,0xd3,0xd2,0xd3,0x2e,0x2e,0x7a,0x7a,
	0x71,0x6f,0x65,0x64,0x5a,0x5b,0x4a,0x50,0x42,0x40,0x36,0x36,0x28,0x2a,0x2f,0x30,0x35,0x34,0x3e,0x41,
	0x42,0x45,0x47,0x4a,0x52,0x4f,0x5c,0x5b,0x5b,0x64,0x67,0x65,0x69,0x68,0x6a,0x67,0x69,0x6a,0x6b,0x6b,
	0xa9,0xa9,0xa9,0xab,0xaa,0xa9,0xa7,0xa9,0xa3,0xa4,0xa8,0xa7,0xa8,0xa9,0xa9,0xa9,0xa9,0xa9,0xa9,0xa9,
	0x50,0x51,0x51,0x50,0x50,0x50,0x50,0x51,0x53,0x51,0x52,0x51,0x4f,0x51,0x50,0x51,0x50,0x4f,0x52,0x4f,
	0x54,0x53,0x91,0x93,0x92,0x93,0x93,0x93,0x92,0x90,0x8f,0x90,0x91,0x91,0x8f,0x91,0x8f,0x8f,0x90,0x92,
	0x90,0x92,0x94,0x93,0xd5,0xd3,0xd4,0xd3,0xd3,0xd3,0xd2,0xd5,0xd5,0xd4,0xd3,0xd3,0xd4,0xd3,0xd2,0xd1,
	0xd2,0xd1,0xd2,0xd2,0x28,0x28,0x2a,0x2b,0x2a,0x2b,0x62,0x67,0x58,0x55,0x4c,0x4d,0x43,0x3c,0x35,0x35,
	0x29,0x2a,0x2f,0x2f,0x36,0x34,0x3d,0x41,0x43,0x45,0x48,0x49,0x52,0x4e,0x54,0x55,0x57,0x63,0x66,0x64,
	0x67,0x67,0x69,0x67,0x69,0x69,0x6b,0x6b,0xa9,0xa9,0xa9,0xaa,0xaa,0xa9,0xa8,0xa8,0xa8,0xa8,0xa9,0xaa,
	0xa9,0xa9,0xa9,0xa9,0xa9,0xa9,0xa9,0xa9,0x52,0x53,0x52,0x50,0x51,0x51,0x51,0x52,0x52,0x52,0x50,0x52,
	0x51,0x51,0x4f,0x51,0x50,0x4f,0x50,0x4f,0x52,0x50,0x90,0x91,0x90,0x90,0x91,0x91,0x91,0x90,0x90,0x91,
	0x91,0x92,0x90,0x92,0x90,0x90,0x92,0x92,0x8f,0x91,0x92,0x91,0xd2,0xd1,0xd2,0xd1,0xd1,0xd1,0xd0,0xd2,
	0xd3,0xd3,0xd3,0xd4,0xd4,0xd3,0xd2,0xd1,0xd2,0xd0,0xd1,0xd1,0x28,0x28,0x2a,0x2c,0x2b,0x2b,0x63,0x63,
	0x57,0x53,0x4e,0x4f,0x45,0x3c,0x35,0x34,0x29,0x29,0x30,0x2f,0x36,0x34,0x3c,0x41,0x43,0x45,0x49,0x4a,
	0x51,0x4e,0x54,0x55,0x57,0x60,0x63,0x62,0x66,0x65,0x68,0x68,0x69,0x69,0x6b,0x6b,0xa9,0xa9,0xa9,0xa9,
	0xaa,0xaa,0xa9,0xa9,0xaa,0xaa,0xaa,0xaa,0xab,0xaa,0xaa,0xaa,0xaa,0xaa,0xaa,0xaa,0x52,0x53,0x52,0x51,
	0x51,0x51,0x50,0x52,0x52,0x52,0x53,0x53,0x53,0x54,0x53,0x53,0x53,0x51,0x51,0x51,0x53,0x51,0x90,0x91,
	0x90,0x91,0x91,0x91,0x91,0x91,0x91,0x92,0x93,0x93,0x92,0x93,0x91,0x92,0x93,0x94,0x91,0x92,0x92,0x91,
	0xd3,0xd2,0xd3,0xd3,0xd1,0xd1,0xd1,0xd0,0xd1,0xd1,0xd3,0xd4,0xd2,0xd3,0xd3,0xd2,0xd1,0xd0,0xd2,0xd1,
	0x28,0x28,0x2a,0x2a,0x29,0x29,0x28,0x29,0x2b,0x33,0x43,0x49,0x42,0x3a,0x33,0x2d,0x3f,0x68,0x63,0x90,
	0x43,0x75,0x43,0x60,0x6f,0x94,0x73,0x76,0x70,0x7f,0x8f,0x6d,0x57,0x5c,0x60,0x62,0x65,0x65,0x63,0x68,
	0x65,0x67,0x6f,0x74,0xa8,0xa9,0xaa,0xa9,0xaa,0xa9,0xaa,0xaa,0xaa,0xab,0xab,0xab,0xab,0xaa,0xaa,0xaa,
	0xaa,0xaa,0xaa,0xaa,0x51,0x52,0x52,0x50,0x52,0x51,0x50,0x50,0x51,0x50,0x50,0x51,0x52,0x53,0x51,0x51,
	0x50,0x4f,0x4f,0x4f,0x51,0x52,0x91,0x92,0x91,0x91,0x92,0x92,0x92,0x92,0x93,0x93,0x93,0x92,0x8f,0x91,
	0x8f,0x90,0x91,0x92,0x91,0x92,0x91,0x92,0xd3,0xd3,0xd3,0xd2,0xd2,0xd2,0xd1,0xcf,0xd0,0xd1,0xd3,0xd3,
	0xd0,0xd3,0xd3,0xd3,0xd2,0xd0,0xd4,0xd1,0x29,0x28,0x2a,0x2a,0x29,0x29,0x29,0x2a,0x2c,0x32,0x3b,0x3d,
	0x39,0x33,0x30,0x30,0x4c,0x5d,0x78,0x49,0x57,0x87,0x4b,0x73,0x77,0x50,0x6b,0x7e,0x81,0x79,0x83,0x81,
	0x59,0x5c,0x61,0x63,0x65,0x69,0x65,0x66,0x67,0x6c,0x6f,0x75,0xa5,0xa1,0xaa,0xac,0xa9,0xa9,0xa9,0xa9,
	0xaa,0xab,0xac,0xab,0xab,0xab,0xab,0xab,0xab,0xab,0xab,0xab,0x4f,0x51,0x50,0x51,0x52,0x50,0x50,0x51,
	0x50,0x50,0x4f,0x50,0x52,0x52,0x51,0x50,0x50,0x4f,0x4e,0x52,0x51,0x52,0x92,0x92,0x91,0x92,0x91,0x91,
	0x91,0x92,0x92,0x93,0x93,0x93,0x90,0x92,0x91,0x92,0x92,0x92,0x91,0x92,0x8f,0x91,0xd2,0xd3,0xd2,0xd1,
	0xd1,0xd2,0xd2,0xd1,0xd0,0xd2,0xd4,0xd4,0xd1,0xd4,0xd3,0xd2,0xd1,0xce,0xd2,0xd0,0x29,0x29,0x2b,0x2b,
	0x29,0x29,0x2a,0x2c,0x2d,0x30,0x32,0x31,0x2e,0x2d,0x2f,0x32,0x55,0x7b,0x69,0x5b,0x3c,0x67,0x73,0x46,
	0x57,0x80,0x94,0x50,0x81,0x70,0x84,0x76,0x5c,0x5e,0x61,0x65,0x67,0x6b,0x6f,0x6c,0x6d,0x64,0x65,0x68,
	0x64,0x68,0x9c,0xa8,0xac,0xa9,0xae,0xab,0xaa,0xab,0xab,0xab,0xab,0xac,0xac,0xac,0xac,0xac,0xac,0xac,
	0x4e,0x50,0x50,0x50,0x52,0x51,0x50,0x51,0x4f,0x50,0x50,0x50,0x53,0x52,0x51,0x51,0x51,0x4f,0x50,0x53,
	0x50,0x52,0x93,0x93,0x91,0x91,0x91,0x8f,0x90,0x91,0x92,0x92,0x93,0x92,0x90,0x92,0x92,0x94,0x93,0x91,
	0x91,0x91,0x8e,0x91,0xd0,0xd4,0xd2,0xd0,0xd1,0xd3,0xd4,0xd2,0xd0,0xd1,0xd3,0xd3,0xd0,0xd3,0xd3,0xd2,
	0xd1,0xcf,0xd2,0xd0,0x2a,0x2a,0x2b,0x2b,0x2a,0x2a,0x2b,0x2c,0x2d,0x2d,0x2c,0x2a,0x29,0x2a,0x2d,0x2f,
	0x61,0xa2,0x8b,0x6d,0x40,0x72,0x5b,0x55,0x5f,0x82,0x63,0x57,0x86,0x57,0x67,0x5a,0x5c,0x5e,0x60,0x64,
	0x65,0x6d,0x71,0x6b,0x68,0x69,0x68,0x65,0x5e,0x66,0x9a,0xa9,0xa8,0xa7,0xb0,0xad,0xab,0xaa,0xa9,0xab,
	0xab,0xac,0xac,0xac,0xac,0xac,0xac,0xac,0x50,0x51,0x51,0x52,0x55,0x53,0x52,0x52,0x51,0x50,0x50,0x52,
	0x53,0x53,0x50,0x52,0x51,0x50,0x51,0x55,0x4f,0x52,0x93,0x93,0x92,0x92,0x92,0x91,0x90,0x92,0x92,0x92,
	0x91,0x91,0x8f,0x91,0x92,0x93,0x92,0x91,0x91,0x92,0x8f,0x94,0xd0,0xd4,0xd2,0xd0,0xd1,0xd2,0xd3,0xd3,
	0xd0,0xd1,0xd2,0xd1,0xcf,0xd3,0xd4,0xd5,0xd5,0xd4,0xd6,0xd3,0x2a,0x2a,0x2c,0x2b,0x2a,0x2b,0x2a,0x29,
	0x28,0x28,0x29,0x29,0x2a,0x2a,0x29,0x28,0x89,0x90,0x47,0x7b,0x54,0x85,0x72,0x98,0x81,0x92,0x78,0x60,
	0x88,0x87,0xa4,0x6a,0x5b,0x5d,0x5f,0x61,0x65,0x69,0x6b,0x6c,0x69,0x6c,0x65,0x59,0x64,0x62,0x65,0x5e,
	0x61,0x60,0xa4,0xa5,0xac,0xab,0xab,0xaa,0xa9,0xa9,0xa9,0xa9,0xa9,0xa9,0xa9,0xa9,0x50,0x51,0x50,0x52,
	0x54,0x54,0x53,0x52,0x52,0x51,0x50,0x50,0x53,0x52,0x50,0x50,0x50,0x4f,0x52,0x58,0x4e,0x50,0x93,0x93,
	0x93,0x92,0x92,0x91,0x90,0x91,0x90,0x91,0x91,0x92,0x90,0x92,0x92,0x93,0x91,0x8f,0x8f,0x91,0x90,0x96,
	0xcc,0xd2,0xd0,0xd1,0xd2,0xd2,0xd2,0xd1,0xd0,0xd1,0xd2,0xd1,0xcf,0xd1,0xd2,0xd3,0xd2,0xd1,0xd3,0xd1,
	0x2a,0x2a,0x2b,0x2b,0x2a,0x2b,0x2b,0x29,0x28,0x27,0x28,0x2a,0x2d,0x2d,0x28,0x24,0x9a,0x7f,0x92,0x8d,
	0x73,0x5e,0x5a,0x71,0x7c,0x5d,0x7e,0x54,0x81,0x89,0x54,0x98,0x5a,0x5c,0x5e,0x60,0x64,0x68,0x69,0x6b,
	0x6a,0x68,0x64,0x5f,0x64,0x63,0x5d,0x5d,0x5f,0x5b,0xa5,0xa1,0xa7,0xa6,0xa9,0xa9,0xa8,0xa8,0xa6,0xa6,
	0xa7,0xa8,0xa8,0xa8,0x51,0x52,0x52,0x53,0x54,0x54,0x54,0x53,0x51,0x52,0x51,0x50,0x51,0x50,0x4f,0x50,
	0x50,0x50,0x54,0x5a,0x4a,0x4e,0x91,0x93,0x93,0x92,0x92,0x92,0x91,0x91,0x92,0x91,0x92,0x92,0x91,0x93,
	0x93,0x92,0x91,0x8d,0x8b,0x8d,0x8e,0x96,0xc7,0xcd,0xce,0xd1,0xd3,0xd3,0xd3,0xd3,0xd2,0xd5,0xd5,0xd4,
	0xd3,0xd4,0xd3,0xd3,0xd1,0xd0,0xd1,0xd1,0x29,0x29,0x29,0x29,0x2a,0x2a,0x2b,0x2b,0x29,0x27,0x27,0x29,
	0x2e,0x2e,0x29,0x24,0x43,0x6c,0x9f,0x5b,0x89,0x83,0x4e,0x45,0x59,0x96,0x57,0x95,0x94,0x6c,0x61,0x88,
	0x59,0x5b,0x5e,0x60,0x64,0x67,0x68,0x6b,0x65,0x6c,0x62,0x65,0x61,0x67,0x66,0x64,0x60,0x5f,0x5d,0x5c,
	0x5b,0x5a,0xaa,0xa9,0xad,0xab,0xa5,0xa5,0xa6,0xa7,0xa7,0xa7,0x55,0x55,0x54,0x55,0x54,0x53,0x54,0x55,
	0x53,0x53,0x51,0x51,0x52,0x50,0x52,0x52,0x53,0x54,0x57,0x5c,0x47,0x4a,0x8d,0x8e,0x90,0x90,0x93,0x94,
	0x91,0x93,0x93,0x92,0x91,0x90,0x8f,0x8f,0x90,0x8f,0x90,0x8d,0x8c,0x8f,0x92,0x9a,0xc2,0xc6,0xc7,0xcd,
	0xd0,0xd0,0xcf,0xcf,0xce,0xd1,0xd2,0xd2,0xd3,0xd5,0xd4,0xd4,0xd3,0xd1,0xd0,0xcf,0x29,0x29,0x28,0x28,
	0x2a,0x2a,0x2a,0x2b,0x2b,0x29,0x27,0x28,0x2b,0x2c,0x2a,0x27,0x66,0x6e,0x4d,0x69,0x86,0x8c,0x89,0x5f,
	0x6e,0xa0,0x67,0x9a,0x92,0x81,0x63,0x83,0x5a,0x5c,0x5e,0x60,0x64,0x68,0x69,0x6a,0x67,0x6c,0x62,0x67,
	0x62,0x65,0x5d,0x64,0x5d,0x5c,0x5b,0x59,0x59,0x57,0xa8,0xa2,0xa7,0xa1,0xa7,0xa6,0xa7,0xa8,0xa8,0xa8,
	0x7b,0x7b,0x7a,0x7a,0x79,0x78,0x7c,0x7d,0x7c,0x7e,0x7d,0x7d,0x7f,0x7e,0x7e,0x7d,0x7b,0x7a,0x78,0x76,
	0x88,0x86,0x82,0x7f,0x7f,0x7d,0x7e,0x7d,0x7c,0x7c,0x7b,0x7c,0x80,0x82,0x82,0x82,0x82,0x81,0x83,0x80,
	0x7f,0x7f,0x7f,0x7f,0x7f,0x7f,0x80,0x80,0x80,0x80,0x80,0x80,0x80,0x80,0x80,0x80,0x80,0x80,0x80,0x80,
	0x80,0x80,0x80,0x80,0x29,0x29,0x28,0x28,0x2a,0x2a,0x29,0x29,0x2b,0x29,0x27,0x28,0x2a,0x2b,0x2a,0x29,
	0x47,0x4b,0x44,0x44,0x4c,0x4a,0x7a,0x85,0x7a,0x80,0x88,0x63,0x5b,0x72,0x67,0x7e,0x5c,0x5b,0x5f,0x60,
	0x65,0x68,0x6c,0x6d,0x69,0x6c,0x63,0x67,0x62,0x65,0x5a,0x63,0x5f,0x5f,0x5e,0x5c,0x5b,0x5b,0x5b,0x5c,
	0x55,0x61,0xab,0xa7,0xaa,0xaf,0xad,0xa8,0x7c,0x7d,0x7c,0x7b,0x7a,0x79,0x7c,0x7e,0x7e,0x80,0x7f,0x7f,
	0x82,0x7e,0x80,0x7f,0x7f,0x7f,0x7b,0x79,0x84,0x82,0x7e,0x7c,0x7d,0x7b,0x7e,0x7e,0x7e,0x7f,0x7d,0x7e,
	0x7f,0x7f,0x7f,0x7f,0x7e,0x7e,0x82,0x81,0x81,0x81,0x81,0x81,0x80,0x80,0x80,0x80,0x80,0x80,0x80,0x80,
	0x7f,0x7f,0x7f,0x7f,0x80,0x80,0x80,0x80,0x7f,0x7f,0x7f,0x7f,0x29,0x29,0x28,0x28,0x2a,0x2a,0x29,0x29,
	0x2a,0x29,0x28,0x28,0x29,0x2a,0x29,0x29,0x4f,0x59,0x54,0x9a,0x7a,0x43,0x7d,0x79,0x7d,0x8a,0x6d,0x7a,
	0x57,0x61,0x59,0x67,0x5a,0x59,0x5e,0x61,0x66,0x6a,0x6c,0x6a,0x68,0x6c,0x63,0x66,0x63,0x65,0x5c,0x63,
	0x60,0x5f,0x5d,0x5c,0x5a,0x59,0x57,0x55,0x5a,0x55,0x9e,0xa7,0xab,0xa7,0xaa,0xa7,0x7d,0x7f,0x7d,0x7c,
	0x7a,0x79,0x7e,0x80,0x7e,0x7f,0x7f,0x7e,0x7f,0x7c,0x7f,0x7e,0x7d,0x7d,0x7c,0x7a,0x81,0x80,0x7d,0x7b,
	0x7e,0x7c,0x7f,0x80,0x80,0x80,0x7e,0x7f,0x80,0x81,0x80,0x7f,0x7f,0x7d,0x82,0x80,0x7e,0x7e,0x7e,0x7e,
	0x7e,0x7e,0x7e,0x7e,0x7e,0x7e,0x7e,0x7e,0x7e,0x7e,0x7e,0x7e,0x7e,0x7e,0x7e,0x7e,0x7e,0x7e,0x7e,0x7e,
	0x29,0x29,0x28,0x28,0x2a,0x2a,0x29,0x29,0x29,0x29,0x29,0x29,0x29,0x29,0x29,0x29,0x70,0x5c,0x77,0x91,
	0x2b,0x7a,0x7c,0x8b,0x8e,0x98,0x8f,0x83,0x74,0x82,0x64,0x6f,0x5b,0x59,0x5d,0x63,0x68,0x6a,0x6a,0x67,
	0x68,0x6b,0x64,0x66,0x63,0x64,0x5d,0x62,0x60,0x5f,0x5d,0x5b,0x5a,0x5b,0x5b,0x5d,0x4e,0x52,0x53,0x58,
	0x55,0x5b,0xa4,0xaa,0x7b,0x7e,0x7c,0x7c,0x7a,0x7b,0x7f,0x81,0x7e,0x80,0x7f,0x7d,0x7f,0x7c,0x7e,0x7e,
	0x7c,0x7e,0x7e,0x7d,0x80,0x80,0x7e,0x7c,0x7f,0x7c,0x80,0x80,0x7f,0x7f,0x7d,0x7d,0x7e,0x80,0x7e,0x7d,
	0x7e,0x7c,0x7f,0x7d,0x7c,0x7c,0x7d,0x7d,0x7d,0x7d,0x7e,0x7e,0x7e,0x7e,0x7e,0x7e,0x7e,0x7e,0x7e,0x7e,
	0x7e,0x7e,0x7e,0x7e,0x7e,0x7e,0x7e,0x7e,0x29,0x29,0x28,0x28,0x2a,0x2a,0x29,0x29,0x29,0x29,0x29,0x29,
	0x29,0x29,0x29,0x29,0x53,0x6c,0x8f,0x52,0x2f,0x70,0x77,0x97,0x7f,0x79,0x72,0x93,0x6b,0x75,0x6c,0x62,
	0x60,0x5e,0x5f,0x63,0x68,0x6a,0x6c,0x67,0x68,0x6b,0x65,0x66,0x63,0x64,0x5e,0x62,0x60,0x5e,0x5c,0x5b,
	0x5a,0x5a,0x59,0x59,0x57,0x54,0x4f,0x53,0x57,0x60,0x9c,0xa3,0x7b,0x7e,0x7e,0x7f,0x7c,0x7c,0x81,0x82,
	0x7f,0x80,0x7f,0x7d,0x7e,0x7c,0x7e,0x7d,0x7c,0x7e,0x7e,0x7d,0x7e,0x7d,0x7d,0x7c,0x7f,0x7c,0x7f,0x7f,
	0x7e,0x7f,0x7d,0x7d,0x7d,0x7f,0x7d,0x7d,0x80,0x7e,0x81,0x7f,0x7d,0x7e,0x7f,0x7f,0x7e,0x7e,0x7e,0x7e,
	0x7e,0x7e,0x7e,0x7e,0x7e,0x7e,0x7e,0x7e,0x7e,0x7e,0x7e,0x7e,0x7e,0x7e,0x7e,0x7e,0x29,0x29,0x28,0x28,
	0x2a,0x2a,0x29,0x29,0x29,0x29,0x29,0x29,0x29,0x29,0x29,0x29,0x4f,0x87,0xa2,0x41,0x98,0x40,0x82,0x91,
	0x77,0x90,0x7c,0x87,0x94,0x8b,0x6c,0x85,0x66,0x65,0x64,0x66,0x68,0x6a,0x6a,0x69,0x68,0x6b,0x65,0x65,
	0x64,0x64,0x5e,0x61,0x60,0x5e,0x5c,0x5c,0x5a,0x59,0x58,0x53,0x53,0x52,0x57,0x4e,0x59,0x5c,0x68,0x6f,
	0x7b,0x7e,0x7e,0x7f,0x7d,0x7c,0x81,0x81,0x7e,0x7f,0x7f,0x7e,0x7e,0x7c,0x80,0x7e,0x7d,0x7f,0x7f,0x7f,
	0x7d,0x7d,0x7d,0x7c,0x80,0x7a,0x7e,0x7f,0x7d,0x7f,0x7d,0x7c,0x7e,0x7f,0x7e,0x7e,0x82,0x7f,0x81,0x7d,
	0x7c,0x7d,0x7e,0x7e,0x7d,0x7d,0x7d,0x7d,0x7d,0x7d,0x7d,0x7d,0x7d,0x7d,0x7d,0x7d,0x7d,0x7d,0x7d,0x7d,
	0x7d,0x7d,0x7d,0x7d,0x29,0x29,0x28,0x28,0x2a,0x2a,0x29,0x29,0x29,0x29,0x29,0x29,0x29,0x29,0x29,0x29,
	0x58,0x6c,0x70,0x73,0x5f,0x5f,0x7c,0x79,0x87,0x93,0x95,0x90,0x91,0x8d,0x95,0x86,0x69,0x68,0x67,0x66,
	0x68,0x6a,0x69,0x68,0x68,0x6b,0x66,0x65,0x64,0x64,0x5f,0x61,0x5f,0x5d,0x5b,0x5b,0x5a,0x58,0x58,0x57,
	0x57,0x4c,0x52,0x57,0x5a,0x59,0x66,0x65,0x78,0x7c,0x7e,0x7e,0x7b,0x7b,0x81,0x81,0x7d,0x7e,0x7e,0x7e,
	0x7f,0x7c,0x81,0x80,0x7d,0x7f,0x7f,0x81,0x7d,0x7c,0x7e,0x7c,0x7f,0x7a,0x7e,0x7e,0x7d,0x7e,0x7d,0x7d,
	0x7f,0x81,0x7f,0x7e,0x83,0x7f,0x7f,0x7b,0x7c,0x7d,0x7d,0x7d,0x7d,0x7d,0x7d,0x7d,0x7d,0x7d,0x7d,0x7d,
	0x7d,0x7d,0x7d,0x7d,0x7d,0x7d,0x7d,0x7d,0x7d,0x7d,0x7d,0x7d,0x29,0x29,0x28,0x28,0x2a,0x2a,0x29,0x29,
	0x29,0x29,0x29,0x29,0x29,0x29,0x29,0x29,0x7f,0x97,0x3e,0x74,0x30,0x5e,0x87,0x91,0x92,0x7a,0x94,0x99,
	0x69,0x92,0x85,0x8c,0x68,0x69,0x6a,0x6b,0x6b,0x6b,0x69,0x68,0x68,0x6a,0x66,0x65,0x64,0x64,0x5f,0x60,
	0x5d,0x5d,0x5b,0x5a,0x59,0x58,0x58,0x57,0x53,0x54,0x52,0x4a,0x55,0x5f,0x64,0x67,0x7a,0x7e,0x7d,0x7e,
	0x7b,0x7d,0x81,0x81,0x7e,0x7e,0x7e,0x7e,0x7e,0x7d,0x7e,0x7e,0x7d,0x7e,0x7e,0x7f,0x7e,0x7e,0x7f,0x7e,
	0x80,0x7b,0x7f,0x7e,0x7e,0x7f,0x7e,0x7e,0x7f,0x7f,0x7e,0x7d,0x81,0x7e,0x7f,0x7b,0x7c,0x7d,0x7d,0x7d,
	0x7d,0x7d,0x7d,0x7d,0x7d,0x7d,0x7d,0x7d,0x7d,0x7d,0x7d,0x7d,0x7d,0x7d,0x7d,0x7d,0x7d,0x7d,0x7d,0x7d,
	0x29,0x29,0x28,0x28,0x29,0x29,0x29,0x29,0x29,0x29,0x29,0x29,0x29,0x29,0x29,0x29,0x6e,0x3e,0x8e,0x8e,
	0x9c,0x82,0x77,0x74,0x78,0x99,0x8a,0x7d,0x74,0x91,0x80,0x99,0x68,0x69,0x6c,0x6e,0x6c,0x6c,0x6b,0x6b,
	0x69,0x6a,0x67,0x65,0x65,0x64,0x60,0x60,0x5c,0x5c,0x5b,0x5a,0x59,0x58,0x57,0x56,0x51,0x53,0x50,0x52,
	0x5a,0x59,0x63,0x68,0x7c,0x7e,0x7d,0x7e,0x7d,0x7d,0x81,0x81,0x7f,0x7e,0x7f,0x7d,0x7d,0x7e,0x7d,0x7d,
	0x7d,0x7f,0x7d,0x7c,0x80,0x80,0x81,0x7e,0x7f,0x7c,0x7f,0x7d,0x80,0x7e,0x7a,0x7d,0x7e,0x7d,0x7d,0x7c,
	0x80,0x7e,0x82,0x7b,0x7c,0x7d,0x7e,0x7e,0x7e,0x7e,0x7e,0x7e,0x7e,0x7e,0x7e,0x7e,0x7e,0x7e,0x7e,0x7e,
	0x7e,0x7e,0x7e,0x7e,0x7e,0x7e,0x7e,0x7e,0x2a,0x28,0x29,0x29,0x29,0x29,0x2a,0x2a,0x29,0x29,0x29,0x29,
	0x29,0x29,0x29,0x28,0x28,0x28,0x27,0x29,0x29,0x2b,0x68,0x6a,0x6a,0x6a,0x6a,0x6a,0x6a,0x6a,0x6a,0x6a,
	0x6d,0x84,0x74,0x84,0x9d,0x97,0x7c,0x87,0x83,0x82,0x7c,0x75,0x92,0x9e,0x7a,0x5e,0x5b,0x5b,0x5a,0x5b,
	0x57,0x57,0x57,0x56,0x54,0x55,0x52,0x53,0x5b,0x57,0x63,0x69,0x7e,0x7e,0x7e,0x7e,0x7e,0x7e,0x7e,0x7e,
	0x7e,0x7e,0x7e,0x7e,0x7e,0x7e,0x7e,0x7e,0x7e,0x80,0x7d,0x7b,0x82,0x81,0x80,0x7d,0x7e,0x7c,0x80,0x7d,
	0x81,0x80,0x7d,0x7f,0x80,0x7d,0x7e,0x7c,0x7f,0x7e,0x84,0x7d,0x7d,0x7d,0x7e,0x7e,0x7e,0x7e,0x7e,0x7e,
	0x7e,0x7e,0x7e,0x7e,0x7e,0x7e,0x7e,0x7e,0x7e,0x7e,0x7e,0x7e,0x7e,0x7e,0x7e,0x7e,0x2a,0x28,0x29,0x29,
	0x29,0x29,0x2a,0x2a,0x29,0x29,0x29,0x29,0x29,0x29,0x29,0x28,0x28,0x28,0x27,0x29,0x29,0x2b,0x68,0x6a,
	0x6a,0x6a,0x6a,0x6a,0x6a,0x6a,0x6a,0x6a,0x98,0x90,0x75,0x99,0x9a,0x8f,0x98,0x85,0x8c,0x88,0x8f,0x84,
	0x79,0x81,0x89,0x9f,0x5b,0x5b,0x5a,0x5b,0x56,0x57,0x56,0x55,0x54,0x55,0x52,0x53,0x5a,0x57,0x62,0x68,
	0x7e,0x7e,0x7e,0x7e,0x7e,0x7e,0x7e,0x7e,0x7e,0x7e,0x7e,0x7e,0x7e,0x7e,0x7d,0x7d,0x7d,0x80,0x7e,0x7b,
	0x82,0x80,0x7f,0x7d,0x7f,0x7e,0x81,0x7d,0x82,0x80,0x7e,0x80,0x7f,0x7c,0x7d,0x7b,0x7e,0x7c,0x83,0x7d,
	0x7e,0x7e,0x7e,0x7e,0x7e,0x7e,0x7e,0x7e,0x7e,0x7e,0x7e,0x7e,0x7e,0x7e,0x7e,0x7e,0x7e,0x7e,0x7e,0x7e,
	0x7e,0x7e,0x7e,0x7e,0x2a,0x28,0x29,0x29,0x28,0x28,0x2a,0x2a,0x29,0x29,0x29,0x29,0x29,0x29,0x29,0x28,
	0x28,0x28,0x27,0x29,0x29,0x2b,0x68,0x6a,0x6a,0x6a,0x6a,0x6a,0x6a,0x6a,0x6a,0x6a,0x89,0x94,0x80,0x82,
	0x7c,0x8d,0x7f,0x78,0x87,0x6f,0x88,0x72,0x9e,0xa3,0x66,0x8d,0x5b,0x5b,0x5b,0x5b,0x56,0x57,0x55,0x54,
	0x54,0x55,0x52,0x53,0x5a,0x57,0x62,0x67,0x7e,0x7e,0x7e,0x7e,0x7e,0x7e,0x7e,0x7e,0x7e,0x7e,0x7e,0x7e,
	0x7e,0x7e,0x7d,0x7d,0x7d,0x7f,0x7e,0x7a,0x80,0x7d,0x7c,0x7b,0x7d,0x7d,0x7f,0x7d,0x81,0x81,0x7e,0x80,
	0x7f,0x7d,0x7e,0x7c,0x7e,0x7c,0x83,0x7d,0x7e,0x7e,0x7e,0x7e,0x7e,0x7e,0x7e,0x7e,0x7e,0x7e,0x7e,0x7e,
	0x7e,0x7e,0x7e,0x7e,0x7e,0x7e,0x7e,0x7e,0x7e,0x7e,0x7e,0x7e,0x2a,0x28,0x29,0x29,0x28,0x28,0x2a,0x2a,
	0x29,0x29,0x29,0x29,0x29,0x29,0x29,0x28,0x28,0x28,0x27,0x29,0x29,0x2b,0x68,0x6a,0x6a,0x6a,0x6a,0x6a,
	0x6a,0x6a,0x6a,0x6a,0x7a,0x7c,0x80,0x93,0x9b,0x96,0x8a,0x75,0x93,0x6e,0x70,0x98,0xa5,0x9c,0x7d,0x7d,
	0x5c,0x5b,0x5b,0x5b,0x56,0x56,0x55,0x54,0x54,0x55,0x52,0x53,0x5a,0x57,0x62,0x67,0x7e,0x7e,0x7e,0x7e,
	0x7e,0x7e,0x7e,0x7e,0x7e,0x7e,0x7e,0x7e,0x7e,0x7e,0x7d,0x7c,0x7b,0x7e,0x7d,0x78,0x80,0x7d,0x7b,0x7a,
	0x7e,0x7d,0x7e,0x7c,0x7f,0x80,0x7d,0x7f,0x7f,0x7e,0x80,0x7e,0x7f,0x7e,0x84,0x81,0x7e,0x7e,0x7e,0x7e,
	0x7e,0x7e,0x7e,0x7e,0x7e,0x7e,0x7e,0x7e,0x7e,0x7e,0x7e,0x7e,0x7e,0x7e,0x7e,0x7e,0x7e,0x7e,0x7e,0x7e,
	0x2a,0x28,0x29,0x29,0x28,0x28,0x2a,0x2a,0x29,0x29,0x29,0x29,0x29,0x29,0x29,0x28,0x28,0x28,0x27,0x29,
	0x29,0x2b,0x68,0x6a,0x6a,0x6a,0x6a,0x6a,0x6a,0x6a,0x6a,0x6a,0x7a,0x77,0x94,0x8c,0x8e,0x84,0x72,0x6f,
	0x97,0x76,0x7b,0x96,0x9c,0x98,0xa2,0xaa,0xab,0xa7,0x55,0x56,0x55,0x51,0x53,0x54,0x52,0x55,0x52,0x53,
	0x5a,0x57,0x62,0x67,0x7e,0x7e,0x7e,0x7e,0x7e,0x7e,0x7e,0x7e,0x7e,0x7e,0x7e,0x7e,0x7e,0x7e,0x7d,0x7c,
	0x7a,0x7c,0x7b,0x77,0x83,0x80,0x7e,0x7d,0x81,0x80,0x7f,0x7d,0x7e,0x7f,0x7a,0x7d,0x7d,0x7d,0x7d,0x7b,
	0x7d,0x7d,0x84,0x81,0x80,0x7f,0x7e,0x7e,0x7e,0x7e,0x7e,0x7e,0x7e,0x7e,0x7e,0x7e,0x7e,0x7e,0x7e,0x7e,
	0x7e,0x7e,0x7e,0x7e,0x7e,0x7e,0x7e,0x7e,0x2a,0x28,0x29,0x29,0x28,0x28,0x2a,0x2a,0x29,0x29,0x29,0x29,
	0x29,0x29,0x29,0x28,0x28,0x28,0x27,0x29,0x29,0x2b,0x68,0x6a,0x6a,0x6a,0x6a,0x6a,0x6a,0x6a,0x6a,0x6a,
	0x6b,0x78,0x83,0x85,0x7e,0x98,0x8a,0x90,0x8c,0x64,0x71,0x92,0xa5,0x9e,0xa9,0xa3,0xae,0xaf,0x5d,0x58,
	0x5a,0x57,0x54,0x54,0x52,0x55,0x52,0x53,0x5a,0x57,0x62,0x67,0x7d,0x7d,0x7d,0x7d,0x7d,0x7d,0x7d,0x7d,
	0x7d,0x7d,0x7d,0x7d,0x7e,0x7e,0x7d,0x7d,0x7d,0x7d,0x7b,0x76,0x84,0x81,0x7d,0x7b,0x7d,0x7e,0x7d,0x7d,
	0x7d,0x80,0x7d,0x7f,0x80,0x7f,0x7f,0x7c,0x7d,0x7d,0x82,0x81,0x81,0x80,0x7f,0x7f,0x7e,0x7e,0x7e,0x7e,
	0x7e,0x7e,0x7e,0x7e,0x7e,0x7e,0x7e,0x7e,0x7e,0x7e,0x7e,0x7e,0x7e,0x7e,0x7e,0x7e,0x2a,0x28,0x29,0x29,
	0x28,0x28,0x2a,0x2a,0x29,0x29,0x29,0x29,0x29,0x29,0x29,0x28,0x28,0x28,0x28,0x29,0x29,0x2b,0x68,0x6a,
	0x6a,0x6a,0x6a,0x6a,0x6a,0x6a,0x6a,0x6a,0x94,0x81,0x78,0x7f,0x7a,0x95,0x7c,0x79,0xa5,0x84,0x9d,0x7f,
	0xa5,0xa8,0x9e,0xa3,0xaa,0xaa,0xaa,0xaa,0xaa,0xaa,0x57,0x54,0x52,0x55,0x52,0x53,0x5a,0x57,0x62,0x67,
	0x7c,0x7c,0x7c,0x7c,0x7c,0x7c,0x7c,0x7c,0x7c,0x7c,0x7c,0x7c,0x7e,0x7e,0x7d,0x7c,0x7b,0x78,0x74,0x70,
	0x83,0x80,0x80,0x7b,0x7b,0x7b,0x7b,0x7a,0x79,0x7c,0x79,0x7d,0x7e,0x80,0x81,0x7e,0x7f,0x80,0x83,0x81,
	0x82,0x81,0x80,0x80,0x7e,0x7e,0x7e,0x7e,0x7e,0x7e,0x7e,0x7e,0x7e,0x7e,0x7e,0x7e,0x7e,0x7e,0x7e,0x7e,
	0x7e,0x7e,0x7e,0x7e,0x2a,0x28,0x29,0x29,0x28,0x28,0x2a,0x2a,0x29,0x29,0x29,0x29,0x29,0x29,0x29,0x28,
	0x28,0x28,0x28,0x29,0x29,0x2b,0x68,0x6a,0x6a,0x6a,0x6a,0x6a,0x6a,0x6a,0x6a,0x6a,0x70,0x88,0x82,0x78,
	0x9c,0x96,0x8c,0x7b,0x71,0x86,0x84,0x9c,0xae,0xa5,0xae,0xaa,0xaa,0xaa,0xaa,0xaa,0xaa,0xaa,0x56,0x59,
	0x55,0x55,0x52,0x53,0x5a,0x57,0x62,0x67,0x52,0x52,0x53,0x53,0x54,0x54,0x56,0x56,0x55,0x54,0x55,0x55,
	0x52,0x51,0x5f,0x62,0x54,0x56,0x57,0x57,0x4e,0x4f,0x8f,0x90,0x93,0x95,0x96,0x96,0x92,0x93,0x91,0x91,
	0x91,0x90,0x8f,0x8c,0x8d,0x8c,0x8e,0x8d,0x8b,0x8d,0x8f,0x96,0xc9,0xcb,0xd0,0xd1,0xd2,0xd0,0xdd,0xdb,
	0xd2,0xd3,0xd0,0xd0,0xd2,0xd3,0xd4,0xd2,0xd2,0xd3,0xd1,0xd3,0x2a,0x28,0x29,0x29,0x28,0x28,0x2a,0x2a,
	0x29,0x29,0x29,0x29,0x29,0x29,0x29,0x29,0x29,0x29,0x28,0x29,0x29,0x2b,0x68,0x6a,0x6a,0x6a,0x6a,0x6a,
	0x6a,0x6a,0x6a,0x6a,0x89,0x85,0x79,0x87,0x7b,0x73,0x75,0x80,0x71,0x89,0x89,0x76,0xab,0xa8,0x9f,0x9b,
	0xa7,0xa9,0xaa,0xaa,0xaa,0xaa,0xaa,0xab,0xa9,0xb0,0x56,0x5a,0x5d,0x5a,0x67,0x69,0x52,0x52,0x51,0x51,
	0x53,0x51,0x53,0x53,0x52,0x50,0x50,0x50,0x4d,0x4b,0x55,0x56,0x51,0x52,0x51,0x53,0x4f,0x50,0x91,0x90,
	0x91,0x93,0x94,0x94,0x90,0x91,0x8f,0x90,0x91,0x91,0x90,0x8f,0x90,0x8f,0x8e,0x8d,0x8d,0x8d,0x8f,0x95,
	0xcc,0xcd,0xd0,0xd1,0xd2,0xd0,0xd6,0xd6,0xcf,0xd2,0xd0,0xd1,0xd5,0xd5,0xd7,0xd2,0xd2,0xd2,0xd0,0xd2,
	0x2a,0x28,0x29,0x29,0x28,0x28,0x2a,0x2a,0x29,0x29,0x29,0x29,0x29,0x29,0x29,0x29,0x29,0x29,0x29,0x29,
	0x29,0x2b,0x68,0x6a,0x6a,0x6a,0x6a,0x6a,0x6a,0x6a,0x6a,0x6a,0x85,0x77,0x7e,0x6f,0x8b,0x71,0x88,0x8d,
	0x8b,0x7a,0x8b,0x70,0x95,0x9f,0xac,0xa6,0xa9,0xaa,0xaa,0xaa,0xaa,0xaa,0xaa,0xaa,0xb3,0xab,0x58,0x50,
	0x57,0x5a,0x65,0x68,0x50,0x50,0x4f,0x50,0x53,0x50,0x51,0x51,0x52,0x52,0x51,0x52,0x4f,0x4c,0x52,0x52,
	0x54,0x54,0x52,0x52,0x50,0x51,0x91,0x8f,0x8d,0x8f,0x91,0x92,0x8f,0x92,0x92,0x92,0x93,0x92,0x91,0x90,
	0x91,0x90,0x8f,0x8f,0x8f,0x90,0x92,0x97,0xd2,0xd0,0xd2,0xd2,0xd3,0xd2,0xd4,0xd5,0xd0,0xd5,0xd1,0xd2,
	0xd4,0xd3,0xd4,0xcf,0xce,0xcf,0xce,0xd0,0x2a,0x28,0x29,0x29,0x28,0x28,0x2a,0x2a,0x29,0x29,0x29,0x29,
	0x29,0x29,0x29,0x29,0x29,0x29,0x29,0x29,0x29,0x2b,0x68,0x6a,0x6a,0x6a,0x6a,0x6a,0x6a,0x6a,0x6a,0x6a,
	0x83,0x6f,0x70,0x77,0x71,0x7f,0x8b,0x7b,0x8c,0x6d,0x8d,0x83,0xa8,0xa6,0xa3,0xa1,0xa6,0xab,0xa9,0xaa,
	0xaa,0xaa,0xaa,0xaa,0xb0,0xae,0xb1,0xaa,0xa9,0x98,0x7b,0x6b,0x50,0x50,0x50,0x4f,0x52,0x4f,0x50,0x51,
	0x53,0x52,0x52,0x54,0x51,0x4f,0x52,0x51,0x53,0x52,0x50,0x52,0x53,0x54,0x94,0x92,0x90,0x91,0x92,0x93,
	0x8f,0x91,0x90,0x90,0x8e,0x8d,0x8c,0x8d,0x8f,0x90,0x8f,0x90,0x90,0x91,0x92,0x95,0xd3,0xd0,0xd1,0xd0,
	0xd0,0xd1,0xd1,0xd3,0xcf,0xd3,0xd0,0xd0,0xd2,0xd1,0xd3,0xd0,0xd0,0xd3,0xd3,0xd6,0x2a,0x28,0x29,0x29,
	0x28,0x28,0x2a,0x2a,0x29,0x29,0x29,0x29,0x29,0x29,0x29,0x29,0x29,0x29,0x29,0x29,0x29,0x2b,0x68,0x6a,
	0x6a,0x6a,0x6a,0x6a,0x6a,0x6a,0x6a,0x6a,0x85,0x8f,0x85,0x79,0x75,0x7f,0x78,0x85,0x8f,0x84,0x89,0x88,
	0xa6,0x9d,0xa9,0xa0,0xa4,0xac,0xa9,0xaa,0xaa,0xaa,0xaa,0xaa,0xa9,0xa6,0xb3,0xac,0xa8,0x99,0x7a,0x6e,
	0x52,0x52,0x51,0x51,0x53,0x50,0x50,0x50,0x52,0x52,0x52,0x54,0x52,0x50,0x52,0x50,0x50,0x50,0x4f,0x50,
	0x52,0x54,0x93,0x92,0x91,0x91,0x91,0x92,0x8f,0x90,0x91,0x90,0x8f,0x8e,0x8e,0x8f,0x91,0x91,0x90,0x90,
	0x90,0x90,0x91,0x93,0xd3,0xcf,0xd1,0xd0,0xd0,0xd2,0xd1,0xd4,0xcf,0xd3,0xd1,0xd0,0xd1,0xd0,0xd3,0xd0,
	0xd0,0xd3,0xd2,0xd5,0x2a,0x28,0x29,0x29,0x28,0x28,0x2a,0x2a,0x29,0x29,0x29,0x29,0x29,0x29,0x29,0x29,
	0x29,0x29,0x29,0x29,0x29,0x2b,0x68,0x6a,0x6a,0x6a,0x6a,0x6a,0x6a,0x6a,0x6a,0x6a,0x7e,0x85,0x8a,0x6d,
	0x90,0x7e,0x6d,0x69,0x7a,0x76,0x8c,0x8f,0xa2,0x9a,0xa5,0xa4,0xa4,0xaa,0xa9,0xaa,0xaa,0xaa,0xaa,0xaa,
	0xab,0xa7,0xaa,0xa3,0xa4,0xa7,0xa5,0xad,0x52,0x52,0x52,0x51,0x53,0x50,0x50,0x50,0x52,0x52,0x51,0x54,
	0x53,0x51,0x52,0x50,0x50,0x4f,0x4f,0x4f,0x51,0x51,0x90,0x90,0x90,0x91,0x90,0x91,0x8e,0x90,0x91,0x91,
	0x90,0x90,0x90,0x91,0x91,0x90,0x90,0x90,0x90,0x90,0x92,0x93,0xd4,0xce,0xd1,0xd0,0xcf,0xd3,0xd1,0xd5,
	0xd1,0xd4,0xd2,0xd2,0xd1,0xd1,0xd4,0xd1,0xcf,0xd1,0xd0,0xd2,0x2a,0x28,0x29,0x29,0x28,0x28,0x2a,0x2a,
	0x29,0x29,0x29,0x29,0x29,0x29,0x29,0x29,0x29,0x29,0x29,0x29,0x29,0x2b,0x68,0x6a,0x6a,0x6a,0x6a,0x6a,
	0x6a,0x6a,0x6a,0x6a,0x8d,0x91,0x87,0x96,0x7c,0x7a,0x76,0x88,0x82,0x6c,0x81,0x82,0xa9,0xa2,0xac,0x9e,
	0xa8,0xaa,0xaa,0xaa,0xaa,0xaa,0xaa,0xaa,0xa7,0xaa,0xaf,0xad,0xab,0xa9,0xaa,0xb1,0x51,0x51,0x51,0x50,
	0x52,0x50,0x50,0x50,0x52,0x51,0x51,0x54,0x53,0x52,0x51,0x50,0x4e,0x50,0x4f,0x4f,0x52,0x51,0x8f,0x91,
	0x91,0x91,0x90,0x91,0x8e,0x8f,0x90,0x90,0x90,0x90,0x91,0x91,0x91,0x90,0x8f,0x90,0x91,0x92,0x94,0x94,
	0xd5,0xcf,0xd2,0xd0,0xce,0xd2,0xd0,0xd4,0xd0,0xd3,0xd1,0xd2,0xd0,0xd1,0xd5,0xd3,0xd1,0xd3,0xd2,0xd2,
	0x2a,0x28,0x29,0x29,0x28,0x28,0x2a,0x2a,0x29,0x29,0x29,0x29,0x29,0x29,0x29,0x29,0x29,0x29,0x29,0x29,
	0x29,0x2b,0x68,0x6a,0x6a,0x6a,0x6a,0x6a,0x6a,0x6a,0x6a,0x6a,0x86,0x97,0x96,0x8a,0x86,0x88,0x8c,0x8b,
	0x8a,0x84,0x95,0x7a,0x9f,0xa1,0xa9,0xa1,0xa9,0xaa,0xaa,0xaa,0xaa,0xaa,0xaa,0xaa,0xa5,0xab,0xa8,0xac,
	0xac,0xa6,0xa7,0xa5,0x50,0x51,0x51,0x50,0x52,0x51,0x51,0x51,0x52,0x51,0x50,0x52,0x52,0x51,0x50,0x4f,
	0x4f,0x50,0x50,0x50,0x51,0x51,0x8f,0x93,0x91,0x91,0x91,0x91,0x90,0x8f,0x92,0x92,0x93,0x92,0x92,0x92,
	0x92,0x8f,0x90,0x90,0x90,0x91,0x93,0x93,0xd7,0xd2,0xd5,0xd5,0xd2,0xd6,0xd3,0xd5,0xd1,0xd2,0xd0,0xd0,
	0xcf,0xd1,0xd4,0xd3,0xd1,0xd2,0xd0,0xd0,0x2a,0x28,0x29,0x29,0x28,0x28,0x2a,0x2a,0x29,0x29,0x29,0x29,
	0x29,0x29,0x29,0x29,0x29,0x29,0x29,0x29,0x29,0x2b,0x68,0x6a,0x6a,0x6a,0x6a,0x6a,0x6a,0x6a,0x6a,0x6a,
	0x68,0x7e,0x72,0x92,0x7b,0x9d,0x84,0x98,0x88,0x90,0x97,0x8d,0xa0,0xa7,0xa7,0x9d,0xa7,0xa8,0xa9,0xaa,
	0xaa,0xaa,0xaa,0xaa,0xaa,0xac,0xa5,0xaa,0xab,0xa8,0xaa,0xa6,0x4f,0x51,0x50,0x50,0x51,0x52,0x51,0x51,
	0x52,0x50,0x50,0x51,0x52,0x52,0x50,0x50,0x50,0x50,0x51,0x50,0x51,0x51,0x92,0x93,0x92,0x92,0x91,0x91,
	0x90,0x90,0x8f,0x91,0x91,0x92,0x91,0x93,0x92,0x90,0x92,0x91,0x8e,0x8e,0x90,0x8f,0xd4,0xd1,0xd4,0xd5,
	0xd3,0xd8,0xd3,0xd4,0xd1,0xd1,0xd0,0xd1,0xd0,0xd3,0xd5,0xd4,0xd1,0xd2,0xcf,0xce,0x2a,0x28,0x29,0x29,
	0x28,0x28,0x2a,0x2a,0x29,0x29,0x29,0x29,0x29,0x29,0x29,0x29,0x29,0x29,0x29,0x29,0x29,0x2b,0x68,0x6a,
	0x6a,0x6a,0x6a,0x6a,0x6a,0x6a,0x6a,0x6a,0x6a,0x6a,0x6a,0x6a,0x6c,0x6c,0x6c,0x68,0x6a,0x6a,0x6a,0x6a,
	0xa6,0xaa,0xa8,0xa9,0xaa,0xaa,0xaa,0xaa,0xaa,0xaa,0xaa,0xaa,0xac,0xac,0xa8,0xa9,0xab,0xaa,0xac,0xa8,
	0x4f,0x50,0x50,0x50,0x51,0x52,0x51,0x51,0x52,0x51,0x51,0x52,0x52,0x53,0x51,0x52,0x51,0x51,0x51,0x51,
	0x52,0x52,0x92,0x94,0x92,0x92,0x91,0x91,0x91,0x8f,0x8e,0x90,0x90,0x8f,0x8f,0x92,0x94,0x92,0x94,0x93,
	0x90,0x90,0x90,0x8e,0xd4,0xd2,0xd3,0xd4,0xd3,0xd7,0xd2,0xd3,0xd2,0xd1,0xd0,0xd2,0xd1,0xd3,0xd4,0xd3,
	0xd1,0xd2,0xcf,0xcd,0x2a,0x28,0x29,0x29,0x28,0x28,0x2a,0x2a,0x29,0x29,0x29,0x29,0x29,0x29,0x29,0x29,
	0x29,0x29,0x29,0x29,0x29,0x2b,0x68,0x6a,0x6a,0x6a,0x6a,0x6a,0x6a,0x6a,0x6a,0x6a,0x6a,0x6a,0x6a,0x6a,
	0x6b,0x6b,0x6b,0x69,0x6a,0x6a,0x6a,0x6a,0xa8,0xaa,0xa8,0xa9,0xaa,0xaa,0xaa,0xaa,0xaa,0xaa,0xaa,0xaa,
	0xab,0xab,0xa9,0xa9,0xaa,0xaa,0xab,0xa9,0x50,0x52,0x52,0x51,0x51,0x53,0x51,0x52,0x52,0x51,0x51,0x51,
	0x53,0x53,0x51,0x52,0x51,0x51,0x51,0x51,0x52,0x51,0x92,0x94,0x92,0x92,0x91,0x91,0x93,0x90,0x90,0x91,
	0x91,0x8f,0x8e,0x90,0x93,0x91,0x92,0x92,0x92,0x92,0x91,0x90,0xd6,0xd4,0xd4,0xd4,0xd3,0xd7,0xd0,0xd1,
	0xd2,0xd1,0xcf,0xd1,0xcf,0xd1,0xd1,0xd1,0xd1,0xd3,0xd2,0xd1,0x2a,0x28,0x29,0x29,0x28,0x28,0x2a,0x2a,
	0x29,0x29,0x29,0x29,0x29,0x29,0x29,0x29,0x29,0x29,0x29,0x29,0x29,0x2b,0x68,0x6a,0x6a,0x6a,0x6a,0x6a,
	0x6a,0x6a,0x6a,0x6a,0x6a,0x6a,0x6a,0x6a,0x6a,0x6a,0x6a,0x6a,0x6a,0x6a,0x6a,0x6a,0xa9,0xaa,0xa8,0xa9,
	0xaa,0xaa,0xaa,0xaa,0xaa,0xaa,0xaa,0xaa,0xaa,0xaa,0xaa,0xaa,0xaa,0xaa,0xaa,0xaa,0x51,0x53,0x52,0x51,
	0x50,0x53,0x51,0x52,0x52,0x51,0x52,0x51,0x53,0x53,0x51,0x51,0x51,0x50,0x50,0x50,0x51,0x51,0x91,0x94,
	0x92,0x91,0x91,0x91,0x93,0x90,0x91,0x92,0x93,0x92,0x92,0x92,0x94,0x91,0x91,0x90,0x91,0x92,0x91,0x8f,
	0xd5,0xd6,0xd4,0xd4,0xd3,0xd6,0xd0,0xd1,0xd3,0xd2,0xcf,0xd1,0xcf,0xd1,0xd0,0xd1,0xd2,0xd6,0xd6,0xd5,
	0x2a,0x28,0x29,0x29,0x28,0x28,0x2a,0x2a,0x29,0x29,0x29,0x29,0x29,0x29,0x29,0x29,0x29,0x29,0x29,0x29,
	0x29,0x2b,0x68,0x6a,0x6a,0x6a,0x6a,0x6a,0x6a,0x6a,0x6a,0x6a,0x6a,0x6a,0x6a,0x6a,0x6a,0x6a,0x6a,0x6a,
	0x6a,0x6a,0x6a,0x6a,0xaa,0xaa,0xa8,0xa9,0xaa,0xaa,0xaa,0xaa,0xaa,0xaa,0xaa,0xaa,0xaa,0xaa,0xaa,0xaa,
	0xaa,0xaa,0xaa,0xaa,0x50,0x51,0x51,0x50,0x4f,0x53,0x51,0x53,0x53,0x52,0x53,0x52,0x53,0x53,0x52,0x52,
	0x52,0x51,0x51,0x52,0x52,0x52,0x91,0x94,0x91,0x90,0x90,0x90,0x92,0x8f,0x90,0x91,0x92,0x90,0x8f,0x91,
	0x93,0x91,0x91,0x91,0x91,0x93,0x91,0x91,0xd7,0xd9,0xd7,0xd7,0xd6,0xd8,0xd2,0xd2,0xd4,0xd3,0xd1,0xd4,
	0xd1,0xd2,0xd0,0xd0,0xd0,0xd2,0xd1,0xd0,0x2a,0x28,0x29,0x29,0x28,0x28,0x2a,0x2a,0x29,0x29,0x29,0x29,
	0x29,0x29,0x29,0x29,0x29,0x29,0x29,0x29,0x29,0x2b,0x68,0x6a,0x6a,0x6a,0x6a,0x6a,0x6a,0x6a,0x6a,0x6a,
	0x6a,0x6a,0x6a,0x6a,0x6a,0x6a,0x6a,0x6a,0x6a,0x6a,0x6a,0x6a,0xaa,0xaa,0xa8,0xa9,0xaa,0xaa,0xaa,0xaa,
	0xaa,0xaa,0xaa,0xaa,0xaa,0xaa,0xaa,0xaa,0xaa,0xaa,0xaa,0xaa,0x4f,0x51,0x50,0x4f,0x4e,0x53,0x50,0x53,
	0x53,0x53,0x54,0x52,0x53,0x52,0x50,0x51,0x51,0x51,0x51,0x51,0x52,0x52,0x91,0x94,0x91,0x90,0x90,0x8f,
	0x91,0x8e,0x8f,0x90,0x90,0x8e,0x8f,0x91,0x95,0x93,0x93,0x92,0x92,0x92,0x90,0x8e,0xd2,0xd4,0xd2,0xd1,
	0xcf,0xd0,0xcc,0xcc,0xcf,0xce,0xce,0xd3,0xd1,0xd3,0xd2,0xd2,0xd2,0xd3,0xd1,0xd0,0x2a,0x28,0x29,0x29,
	0x28,0x28,0x2a,0x2a,0x29,0x29,0x29,0x29,0x29,0x29,0x29,0x29,0x29,0x29,0x29,0x29,0x29,0x2b,0x68,0x6a,
	0x6a,0x6a,0x6a,0x6a,0x6a,0x6a,0x6a,0x6a,0x6a,0x6a,0x6a,0x6a,0x6a,0x6a,0x6a,0x6a,0x6a,0x6a,0x6a,0x6a,
	0xaa,0xaa,0xa8,0xa9,0xaa,0xaa,0xaa,0xaa,0xaa,0xaa,0xaa,0xaa,0xaa,0xaa,0xaa,0xaa,0xaa,0xaa,0xaa,0xaa,
	0x52,0x52,0x52,0x51,0x50,0x54,0x50,0x53,0x52,0x52,0x53,0x50,0x51,0x51,0x4e,0x4f,0x4f,0x4f,0x4f,0x50,
	0x51,0x51,0x91,0x94,0x92,0x90,0x91,0x90,0x93,0x90,0x91,0x91,0x91,0x90,0x91,0x93,0x95,0x92,0x92,0x90,
	0x90,0x92,0x92,0x92,0xd6,0xda,0xd8,0xd8,0xd6,0xd6,0xd3,0xd2,0xd1,0xcf,0xce,0xd1,0xce,0xd0,0xd0,0xd2,
	0xd4,0xd5,0xd5,0xd4,0x2a,0x28,0x29,0x29,0x28,0x28,0x2a,0x2a,0x29,0x29,0x29,0x29,0x29,0x29,0x29,0x29,
	0x29,0x29,0x29,0x29,0x29,0x2b,0x68,0x6a,0x6a,0x6a,0x6a,0x6a,0x6a,0x6a,0x6a,0x6a,0x6a,0x6a,0x6a,0x6a,
	0x6a,0x6a,0x6a,0x6a,0x6a,0x6a,0x6a,0x6a,0xaa,0xaa,0xa8,0xa9,0xaa,0xaa,0xaa,0xaa,0xaa,0xaa,0xaa,0xaa,
	0xaa,0xaa,0xaa,0xaa,0xaa,0xaa,0xaa,0xaa,0x53,0x53,0x53,0x52,0x50,0x54,0x50,0x52,0x51,0x52,0x52,0x50,
	0x51,0x51,0x4f,0x50,0x4f,0x50,0x50,0x51,0x52,0x51,0x91,0x94,0x92,0x90,0x91,0x90,0x93,0x90,0x90,0x91,
	0x8f,0x8c,0x8e,0x90,0x92,0x91,0x92,0x91,0x91,0x92,0x92,0x90,0xcf,0xd1,0xcf,0xce,0xcb,0xcd,0xcf,0xd1,
	0xd2,0xd1,0xd2,0xd5,0xd0,0xcf,0xcf,0xd0,0xd0,0xd0,0xcf,0xcd,0x2a,0x28,0x29,0x29,0x28,0x28,0x2a,0x2a,
	0x29,0x29,0x29,0x29,0x29,0x29,0x29,0x29,0x29,0x29,0x29,0x29,0x29,0x2b,0x68,0x6a,0x6a,0x6a,0x6a,0x6a,
	0x6a,0x6a,0x6a,0x6a,0x6a,0x6a,0x6a,0x6a,0x6a,0x6a,0x6a,0x6a,0x6a,0x6a,0x6a,0x6a,0xaa,0xaa,0xa8,0xa9,
	0xaa,0xaa,0xaa,0xaa,0xaa,0xaa,0xaa,0xaa,0xaa,0xaa,0xaa,0xaa,0xaa,0xaa,0xaa,0xaa,0x53,0x52,0x53,0x52,
	0x50,0x53,0x4f,0x52,0x51,0x52,0x53,0x51,0x53,0x53,0x51,0x52,0x52,0x53,0x53,0x53,0x54,0x52,0x92,0x94,
	0x92,0x90,0x91,0x8f,0x91,0x8f,0x90,0x90,0x90,0x91,0x93,0x92,0x93,0x90,0x91,0x91,0x90,0x93,0x95,0x94,
	0xd3,0xd6,0xd5,0xd3,0xd1,0xd2,0xd6,0xd6,0xd5,0xd3,0xd3,0xd4,0xce,0xce,0xcf,0xd1,0xd3,0xd4,0xd4,0xd3,
	0x2a,0x28,0x29,0x29,0x28,0x28,0x2a,0x2a,0x29,0x29,0x29,0x29,0x29,0x29,0x29,0x29,0x29,0x29,0x29,0x29,
	0x29,0x2b,0x68,0x6a,0x6a,0x6a,0x6a,0x6a,0x6a,0x6a,0x6a,0x6a,0x6a,0x6a,0x6a,0x6a,0x6a,0x6a,0x6a,0x6a,
	0x6a,0x6a,0x6a,0x6a,0xaa,0xaa,0xa8,0xa9,0xaa,0xaa,0xaa,0xaa,0xaa,0xaa,0xaa,0xaa,0xaa,0xaa,0xaa,0xaa,
	0xaa,0xaa,0xaa,0xaa,0x54,0x53,0x54,0x53,0x51,0x54,0x4f,0x52,0x50,0x51,0x52,0x50,0x52,0x53,0x51,0x52,
	0x52,0x53,0x53,0x53,0x54,0x51,0x91,0x93,0x93,0x90,0x91,0x8f,0x91,0x8f,0x90,0x91,0x91,0x90,0x93,0x92,
	0x93,0x91,0x91,0x91,0x8f,0x92,0x93,0x92,0xd0,0xd2,0xd0,0xce,0xcb,0xcc,0xd0,0xd1,0xcf,0xcf,0xd0,0xd3,
	0xce,0xce,0xd1,0xd3,0xd4,0xd4,0xd4,0xd3,0x2a,0x28,0x29,0x29,0x28,0x28,0x2a,0x2a,0x29,0x29,0x29,0x29,
	0x29,0x29,0x29,0x29,0x29,0x29,0x29,0x29,0x29,0x2b,0x68,0x6a,0x6a,0x6a,0x6a,0x6a,0x6a,0x6a,0x6a,0x6a,
	0x6a,0x6a,0x6a,0x6a,0x6a,0x6a,0x6a,0x6a,0x6a,0x6a,0x6a,0x6a,0xaa,0xaa,0xa8,0xa9,0xaa,0xaa,0xaa,0xaa,
	0xaa,0xaa,0xaa,0xaa,0xaa,0xaa,0xaa,0xaa,0xaa,0xaa,0xaa,0xaa,0x55,0x53,0x55,0x54,0x53,0x55,0x4f,0x52,
	0x4f,0x50,0x50,0x4e,0x50,0x50,0x4e,0x4f,0x4f,0x50,0x50,0x51,0x52,0x50,0x91,0x93,0x93,0x91,0x93,0x90,
	0x92,0x91,0x91,0x91,0x90,0x90,0x93,0x92,0x92,0x90,0x8f,0x90,0x8f,0x91,0x92,0x92,0xd0,0xd4,0xd2,0xd0,
	0xce,0xce,0xd1,0xd1,0xcf,0xcf,0xd0,0xd4,0xd0,0xd0,0xd2,0xd3,0xd4,0xd2,0xd1,0xd0,0x2a,0x28,0x29,0x29,
	0x28,0x28,0x2a,0x2a,0x29,0x29,0x29,0x29,0x29,0x29,0x29,0x29,0x29,0x29,0x29,0x29,0x29,0x2b,0x68,0x6a,
	0x6a,0x6a,0x6a,0x6a,0x6a,0x6a,0x6a,0x6a,0x6a,0x6a,0x6a,0x6a,0x6a,0x6a,0x6a,0x6a,0x6a,0x6a,0x6a,0x6a,
	0xaa,0xaa,0xa8,0xa9,0xaa,0xaa,0xaa,0xaa,0xaa,0xaa,0xaa,0xaa,0xaa,0xaa,0xaa,0xaa,0xaa,0xaa,0xaa,0xaa,
	0x53,0x51,0x54,0x53,0x53,0x55,0x4e,0x52,0x4f,0x51,0x50,0x4e,0x50,0x50,0x4d,0x4e,0x4f,0x4f,0x50,0x50,
	0x52,0x50,0x91,0x93,0x93,0x91,0x92,0x8f,0x91,0x90,0x8f,0x91,0x94,0x95,0x96,0x93,0x93,0x91,0x8e,0x8f,
	0x8f,0x92,0x92,0x93,0xd2,0xd6,0xd4,0xd2,0xd1,0xd1,0xd3,0xd3,0xd1,0xd2,0xd2,0xd5,0xd3,0xd1,0xd3,0xd4,
	0xd5,0xd4,0xd3,0xd2,0x2a,0x28,0x29,0x29,0x28,0x28,0x2a,0x2a,0x29,0x29,0x29,0x29,0x29,0x29,0x29,0x29,
	0x29,0x29,0x29,0x29,0x29,0x2b,0x68,0x6a,0x6a,0x6a,0x6a,0x6a,0x6a,0x6a,0x6a,0x6a,0x6a,0x6a,0x6a,0x6a,
	0x6a,0x6a,0x6a,0x6a,0x6a,0x6a,0x6a,0x6a,0xaa,0xaa,0xa8,0xa9,0xaa,0xaa,0xaa,0xaa,0xaa,0xaa,0xaa,0xaa,
	0xaa,0xaa,0xaa,0xaa,0xaa,0xaa,0xaa,0xaa,0x50,0x4d,0x51,0x51,0x52,0x54,0x4e,0x52,0x4f,0x52,0x51,0x50,
	0x52,0x52,0x4f,0x50,0x50,0x51,0x51,0x51,0x53,0x50,0x91,0x92,0x93,0x91,0x91,0x8e,0x8f,0x8e,0x8e,0x8e,
	0x92,0x93,0x94,0x91,0x91,0x90,0x8e,0x8f,0x90,0x94,0x92,0x93,0xd3,0xd7,0xd4,0xd1,0xd2,0xd2,0xd2,0xd1,
	0xd1,0xd1,0xd0,0xd4,0xd2,0xd0,0xd1,0xd2,0xd5,0xd4,0xd4,0xd4,0x2a,0x28,0x29,0x29,0x28,0x28,0x2a,0x2a,
	0x29,0x29,0x29,0x29,0x29,0x29,0x29,0x29,0x29,0x29,0x29,0x29,0x29,0x2b,0x68,0x6a,0x6a,0x6a,0x6a,0x6a,
	0x6a,0x6a,0x6a,0x6a,0x6a,0x6a,0x6a,0x6a,0x6a,0x6a,0x6a,0x6a,0x6a,0x6a,0x6a,0x6a,0xaa,0xaa,0xa8,0xa9,
	0xaa,0xaa,0xaa,0xaa,0xaa,0xaa,0xaa,0xaa,0xaa,0xaa,0xaa,0xaa,0xaa,0xaa,0xaa,0xaa,0x50,0x4d,0x52,0x52,
	0x53,0x54,0x4d,0x51,0x4f,0x52,0x52,0x51,0x53,0x53,0x4f,0x50,0x50,0x51,0x51,0x51,0x53,0x50,0x90,0x92,
	0x93,0x91,0x91,0x8e,0x8f,0x8f,0x8e,0x8e,0x8f,0x90,0x92,0x8f,0x91,0x91,0x8e,0x90,0x92,0x95,0x91,0x91,
	0xd2,0xd6,0xd2,0xd0,0xd2,0xd2,0xd0,0xd0,0xd0,0xd1,0xcf,0xd3,0xd2,0xcf,0xcf,0xd0,0xd3,0xd3,0xd3,0xd4,
	0x2a,0x28,0x29,0x29,0x28,0x28,0x2a,0x2a,0x29,0x29,0x29,0x29,0x29,0x29,0x29,0x29,0x29,0x29,0x29,0x29,
	0x29,0x2b,0x68,0x6a,0x6a,0x6a,0x6a,0x6a,0x6a,0x6a,0x6a,0x6a,0x6a,0x6a,0x6a,0x6a,0x6a,0x6a,0x6a,0x6a,
	0x6a,0x6a,0x6a,0x6a,0xaa,0xaa,0xa8,0xa9,0xaa,0xaa,0xaa,0xaa,0xaa,0xaa,0xaa,0xaa,0xaa,0xaa,0xaa,0xaa,
	0xaa,0xaa,0xaa,0xaa,0x53,0x50,0x54,0x53,0x54,0x55,0x4d,0x51,0x4f,0x52,0x52,0x51,0x53,0x53,0x4f,0x51,
	0x50,0x50,0x50,0x50,0x52,0x4f,0x90,0x91,0x92,0x91,0x92,0x90,0x91,0x92,0x91,0x91,0x91,0x90,0x92,0x90,
	0x93,0x94,0x90,0x92,0x93,0x94,0x8f,0x8e,0xd0,0xd5,0xd1,0xd0,0xd4,0xd3,0xd1,0xd1,0xd1,0xd3,0xd0,0xd4,
	0xd4,0xd0,0xd0,0xd0,0xd3,0xd2,0xd2,0xd3,0x2a,0x28,0x29,0x29,0x28,0x28,0x2a,0x2a,0x29,0x29,0x29,0x29,
	0x29,0x29,0x29,0x29,0x29,0x29,0x29,0x29,0x29,0x2b,0x68,0x6a,0x6a,0x6a,0x6a,0x6a,0x6a,0x6a,0x6a,0x6a,
	0x6a,0x6a,0x6a,0x6a,0x6a,0x6a,0x6a,0x6a,0x6a,0x6a,0x6a,0x6a,0xaa,0xaa,0xa8,0xa9,0xaa,0xaa,0xaa,0xaa,
	0xaa,0xaa,0xaa,0xaa,0xaa,0xaa,0xaa,0xaa,0xaa,0xaa,0xaa,0xaa,0x54,0x51,0x55,0x54,0x55,0x55,0x4d,0x51,
	0x4f,0x52,0x52,0x52,0x54,0x54,0x50,0x52,0x51,0x51,0x51,0x50,0x52,0x4e,0x8f,0x90,0x92,0x91,0x92,0x90,
	0x92,0x94,0x93,0x92,0x91,0x90,0x92,0x90,0x93,0x94,0x90,0x92,0x93,0x94,0x8f,0x8e,0xd0,0xd5,0xd1,0xd0,
	0xd4,0xd3,0xd1,0xd1,0xd1,0xd3,0xd0,0xd4,0xd4,0xd0,0xd0,0xd0,0xd3,0xd2,0xd2,0xd3,0x2a,0x28,0x29,0x29,
	0x28,0x28,0x2a,0x2a,0x29,0x29,0x29,0x29,0x29,0x29,0x29,0x29,0x29,0x29,0x29,0x29,0x29,0x2b,0x68,0x6a,
	0x6a,0x6a,0x6a,0x6a,0x6a,0x6a,0x6a,0x6a,0x6a,0x6a,0x6a,0x6a,0x6a,0x6a,0x6a,0x6a,0x6a,0x6a,0x6a,0x6a,
	0xaa,0xaa,0xa8,0xa9,0xaa,0xaa,0xaa,0xaa,0xaa,0xaa,0xaa,0xaa,0xaa,0xaa,0xaa,0xaa,0xaa,0xaa,0xaa,0xaa,
	0x52,0x51,0x51,0x55,0x55,0x54,0x50,0x4d,0x54,0x53,0x4f,0x4c,0x4b,0x4c,0x51,0x53,0x51,0x51,0x51,0x51,
	0x4c,0x57,0x87,0x8a,0x8d,0x8f,0x91,0x92,0x92,0x92,0x92,0x92,0x92,0x92,0x92,0x92,0x92,0x92,0x92,0x92,
	0x92,0x92,0x92,0x92,0xcb,0xd9,0xce,0xcd,0xcd,0xcd,0xd0,0xd3,0xd3,0xd1,0xd1,0xd2,0xd2,0xd2,0xd3,0xd1,
	0xd1,0xd3,0xd3,0xd0,0x2d,0x24,0x28,0x25,0x25,0x25,0x27,0x29,0x2d,0x2a,0x28,0x2c,0x1f,0x2d,0x30,0x25,
	0x27,0x2e,0x2a,0x25,0x2b,0x34,0x6f,0x69,0x72,0x71,0x6d,0x67,0x67,0x63,0x68,0x6c,0x6a,0x69,0x68,0x62,
	0x6a,0x63,0x6f,0x6b,0x70,0x6a,0x6e,0x6a,0xa6,0xa8,0xad,0xa7,0xa8,0xaa,0xad,0xaa,0xa5,0xa9,0xab,0xac,
	0xa6,0xaa,0xaa,0xac,0xac,0xa8,0xac,0xac,0x4e,0x56,0x4b,0x49,0x4c,0x4d,0x4c,0x4a,0x50,0x50,0x50,0x4e,
	0x4d,0x4e,0x4f,0x51,0x4f,0x4f,0x4f,0x4f,0x4e,0x5a,0x8b,0x85,0x88,0x8b,0x8d,0x8e,0x8e,0x8e,0x8e,0x8e,
	0x8e,0x8e,0x8e,0x8e,0x8e,0x8e,0x8e,0x8e,0x8e,0x8e,0x8e,0x8e,0xc9,0xd7,0xd2,0xd5,0xd5,0xd5,0xd4,0xd2,
	0xd2,0xd3,0xd3,0xd3,0xd3,0xd2,0xd2,0xd3,0xd3,0xd2,0xd2,0xd4,0x2e,0x2b,0x29,0x28,0x28,0x28,0x26,0x25,
	0x28,0x2e,0x30,0x21,0x22,0x24,0x30,0x2d,0x2f,0x2b,0x24,0x2c,0x24,0x32,0x6c,0x5c,0x65,0x68,0x6a,0x65,
	0x5f,0x65,0x6c,0x61,0x68,0x62,0x68,0x62,0x68,0x5e,0x6e,0x6b,0x6f,0x69,0x6b,0x66,0xa5,0xa5,0xa8,0xa7,
	0xa9,0xac,0xac,0xab,0xa6,0xa8,0xac,0xaa,0xa3,0xab,0xab,0xa9,0xa9,0xa6,0xb0,0xaa,0x4e,0x4c,0x28,0x1e,
	0x23,0x26,0x26,0x23,0x21,0x20,0x27,0x23,0x22,0x24,0x1e,0x20,0x25,0x25,0x25,0x25,0x22,0x24,0x38,0x2f,
	0x31,0x33,0x34,0x34,0x34,0x34,0x34,0x34,0x34,0x34,0x34,0x34,0x34,0x34,0x34,0x34,0x34,0x34,0x34,0x34,
	0x44,0x42,0x3e,0x41,0x44,0x45,0x42,0x3f,0x40,0x42,0x41,0x41,0x41,0x40,0x40,0x42,0x42,0x3f,0x3f,0x43,
	0x12,0x12,0x0e,0x14,0x15,0x17,0x17,0x15,0x17,0x1c,0x18,0x1c,0x21,0x18,0x17,0x12,0x18,0x14,0x22,0x11,
	0x16,0x16,0x2e,0x25,0x26,0x19,0x24,0x2f,0x26,0x26,0x28,0x23,0x28,0x26,0x27,0x2e,0x2b,0x29,0x68,0x68,
	0x6b,0x6b,0x6f,0x6e,0xa8,0xaa,0xb0,0xaa,0xaa,0xab,0xa6,0xaa,0xa6,0xa8,0xaa,0xad,0xac,0xad,0xac,0xa9,
	0xaa,0xaa,0xad,0xab,0x52,0x4d,0x25,0x22,0x24,0x24,0x22,0x21,0x20,0x24,0x1a,0x1e,0x1d,0x19,0x24,0x20,
	0x1e,0x1e,0x1e,0x1e,0x1e,0x22,0x2b,0x30,0x30,0x30,0x31,0x31,0x31,0x31,0x31,0x31,0x31,0x31,0x31,0x31,
	0x31,0x31,0x31,0x31,0x31,0x31,0x31,0x31,0x38,0x3c,0x3f,0x41,0x42,0x43,0x44,0x44,0x44,0x44,0x44,0x44,
	0x44,0x44,0x44,0x44,0x44,0x44,0x44,0x44,0x14,0x15,0x1d,0x1a,0x1a,0x19,0x19,0x1a,0x19,0x18,0x1a,0x10,
	0x14,0x16,0x19,0x12,0x1b,0x15,0x1b,0x14,0x18,0x20,0x1b,0x26,0x26,0x23,0x20,0x29,0x29,0x2b,0x26,0x28,
	0x28,0x2a,0x2e,0x2b,0x28,0x2d,0x6b,0x6a,0x6c,0x69,0x6b,0x6b,0xa8,0xa9,0xaa,0xab,0xad,0xb0,0xae,0xac,
	0xa8,0xad,0xae,0xac,0xa8,0xac,0xae,0xa9,0xa9,0xa6,0xaa,0xab,0x52,0x4d,0x23,0x20,0x20,0x21,0x1e,0x25,
	0x1f,0x22,0x1b,0x16,0x21,0x1d,0x15,0x1a,0x1d,0x23,0x21,0x24,0x21,0x22,0x2b,0x2f,0x31,0x31,0x31,0x31,
	0x31,0x31,0x2f,0x2c,0x2e,0x37,0x34,0x32,0x32,0x31,0x2f,0x2c,0x30,0x2e,0x34,0x2e,0x3c,0x3f,0x42,0x43,
	0x44,0x42,0x43,0x47,0x43,0x3c,0x3d,0x43,0x44,0x48,0x48,0x41,0x41,0x3f,0x40,0x41,0x19,0x18,0x18,0x14,
	0x17,0x17,0x19,0x1b,0x19,0x16,0x17,0x19,0x16,0x24,0x13,0x19,0x18,0x11,0x16,0x11,0x11,0x19,0x25,0x22,
	0x2a,0x25,0x26,0x2d,0x28,0x21,0x28,0x25,0x23,0x23,0x2b,0x25,0x25,0x2a,0x68,0x6b,0x6d,0x6b,0x65,0x69,
	0xab,0xaa,0xa9,0xa4,0xab,0xad,0xaa,0xa9,0xa8,0xb0,0xab,0xab,0xaa,0xab,0xa9,0xa5,0xaa,0xac,0xab,0xab,
	0x52,0x4c,0x22,0x1e,0x19,0x21,0x1b,0x21,0x22,0x2a,0x26,0x1d,0x23,0x23,0x15,0x1c,0x16,0x20,0x1c,0x21,
	0x1f,0x22,0x2b,0x2f,0x31,0x31,0x31,0x31,0x2f,0x31,0x33,0x31,0x31,0x35,0x2a,0x2f,0x2f,0x31,0x33,0x31,
	0x30,0x30,0x34,0x31,0x3f,0x42,0x42,0x43,0x42,0x42,0x42,0x43,0x46,0x3f,0x3a,0x3b,0x41,0x42,0x3f,0x3e,
	0x45,0x40,0x3b,0x3b,0x11,0x1a,0x19,0x13,0x15,0x16,0x16,0x16,0x16,0x18,0x14,0x20,0x19,0x0d,0x11,0x1d,
	0x1b,0x1f,0x1a,0x13,0x1b,0x1f,0x22,0x29,0x31,0x27,0x15,0x19,0x2e,0x25,0x2d,0x2c,0x29,0x2c,0x2b,0x28,
	0x25,0x26,0x6e,0x68,0x6a,0x6c,0x6b,0x71,0xa7,0xaa,0xaa,0xa8,0xac,0xad,0xaa,0xa8,0xa9,0xac,0xaa,0xa9,
	0xa8,0xa9,0xa9,0xa8,0xa9,0xab,0xa7,0xa7,0x54,0x4f,0x21,0x1f,0x19,0x19,0x93,0x96,0x8e,0x8f,0x1f,0x23,
	0x29,0x2c,0x92,0x9a,0x92,0x8a,0x21,0x1f,0x1e,0x22,0x2b,0x2f,0x31,0x31,0x31,0x31,0x2f,0x33,0x87,0x95,
	0x8e,0x8b,0x30,0x33,0x30,0x34,0x88,0x95,0x91,0x8e,0x2e,0x32,0x42,0x42,0x42,0x41,0x40,0x43,0x43,0x40,
	0x36,0x46,0x97,0x8d,0x90,0x8b,0x40,0x42,0x38,0x43,0x94,0x8f,0x97,0x94,0x1a,0x10,0x15,0x16,0x17,0x19,
	0x1b,0x16,0x15,0x1d,0x18,0x2a,0x97,0x91,0x99,0x36,0x22,0x17,0x0d,0x90,0x93,0x99,0x9f,0x95,0x28,0x22,
	0x77,0x8f,0x87,0x8a,0x86,0x8d,0x7f,0x2f,0x20,0x28,0x6f,0x6e,0x6a,0x70,0x68,0x6d,0xa4,0xa5,0xaa,0xa7,
	0xa8,0xa9,0xa8,0xa9,0xa8,0xab,0xaa,0xa8,0xaa,0xad,0xab,0xa7,0xa7,0xa7,0xab,0xaa,0x56,0x53,0x21,0x20,
	0x1c,0x94,0x96,0x20,0x29,0x8c,0x8b,0x28,0x26,0x8a,0x8f,0x22,0x26,0x8d,0x91,0x22,0x20,0x22,0x2b,0x2f,
	0x31,0x31,0x31,0x31,0x31,0x89,0x95,0x31,0x36,0x91,0x8d,0x32,0x32,0x8a,0x96,0x32,0x27,0x93,0x91,0x33,
	0x42,0x42,0x42,0x42,0x42,0x44,0x44,0x42,0x42,0x8e,0x96,0x3c,0x40,0x8c,0x95,0x3b,0x44,0x8c,0x94,0x3d,
	0x1a,0x8f,0x92,0x12,0x15,0x16,0x17,0x19,0x17,0x10,0x0b,0x17,0x0c,0x81,0xa1,0x22,0x17,0x0a,0x15,0x0a,
	0x9a,0x94,0x20,0x29,0x31,0xa3,0x89,0x22,0x90,0x94,0x37,0x1c,0x25,0x2c,0x2b,0x1f,0x21,0x1f,0x69,0x6a,
	0x71,0x6e,0x6d,0x74,0xa2,0xa3,0xa9,0xac,0xab,0xac,0xad,0xac,0xae,0xb0,0xaa,0xa9,0xad,0xad,0xad,0xaa,
	0xad,0xad,0xab,0xac,0x55,0x53,0x22,0x20,0x8d,0x96,0x27,0x22,0x1a,0x1e,0x92,0x94,0x92,0x8f,0x1e,0x20,
	0x1b,0x22,0x8e,0x92,0x1d,0x25,0x32,0x92,0x98,0x35,0x2c,0x30,0x91,0x91,0x2e,0x35,0x39,0x34,0x90,0x93,
	0x91,0x8c,0x31,0x34,0x2a,0x35,0x89,0x8f,0x49,0x3a,0x3d,0x8b,0x95,0x40,0x40,0x3e,0x90,0x8d,0x41,0x3f,
	0x3f,0x40,0x92,0x8e,0x8f,0x8c,0x3e,0x3f,0x13,0x1b,0x91,0x92,0x16,0x16,0x18,0x19,0x14,0x0f,0x36,0x39,
	0x8b,0x91,0x38,0x33,0x2e,0x2c,0x2e,0x34,0x30,0x29,0x26,0x2f,0x2c,0x8e,0x89,0x2d,0x95,0x88,0x2a,0x27,
	0x24,0x2e,0x2b,0x25,0x25,0x27,0x8c,0x8e,0x8d,0x8d,0x91,0x8b,0x9b,0x99,0xa9,0xae,0xa6,0xa9,0xa9,0xa7,
	0xa9,0xad,0xaa,0xa8,0xab,0xa8,0xab,0xa9,0xaa,0xaa,0xa6,0xa8,0x52,0x50,0x23,0x21,0x94,0x93,0x25,0x2a,
	0x1a,0x20,0x8f,0x8e,0x8d,0x8f,0x26,0x25,0x1a,0x27,0x8c,0x8b,0x13,0x11,0x27,0x8d,0x8f,0x2d,0x2d,0x31,
	0x97,0x97,0x32,0x30,0x2f,0x32,0x8b,0x90,0x91,0x8d,0x35,0x32,0x2c,0x2c,0x8e,0x8a,0x40,0x3c,0x44,0x93,
	0x8b,0x44,0x41,0x44,0x8a,0x8e,0x3e,0x3b,0x3e,0x3c,0x8e,0x8d,0x8d,0x90,0x3e,0x48,0x20,0x17,0x97,0x8b,
	0x16,0x16,0x17,0x17,0x0b,0x19,0x33,0x39,0x9b,0x93,0x31,0x2a,0x2d,0x29,0x26,0x28,0x2e,0x2f,0x30,0x33,
	0x93,0x88,0x36,0x23,0x91,0x8b,0x1e,0x2c,0x21,0x30,0x26,0x22,0x25,0x2a,0x8e,0x92,0x8f,0x8e,0x93,0x8e,
	0x9a,0x91,0xa8,0xae,0xa9,0xad,0xad,0xaa,0xa8,0xad,0xb1,0xad,0xab,0xab,0xac,0xaa,0xa8,0xa7,0xa9,0xaa,
	0x4f,0x4e,0x24,0x22,0x8b,0x92,0x1d,0x8e,0x90,0x1b,0x97,0x92,0x91,0x97,0x1f,0x94,0x8a,0x28,0x92,0x92,
	0x21,0x2d,0x31,0x2e,0x3c,0x2b,0x30,0x33,0x8f,0x97,0x2c,0x90,0x96,0x2b,0x92,0x91,0x92,0x94,0x2f,0x93,
	0x93,0x2c,0x91,0x98,0x44,0x46,0x38,0x47,0x43,0x43,0x42,0x42,0x8d,0x90,0x3d,0x8c,0x99,0x42,0x8e,0x90,
	0x91,0x91,0x47,0x96,0x99,0x19,0x94,0x95,0x16,0x16,0x18,0x1a,0x19,0x0e,0x34,0x33,0x93,0x9b,0x91,0x97,
	0x92,0x8a,0x28,0x26,0x2c,0x2a,0x31,0x8a,0x91,0x2e,0x2c,0x30,0x89,0x94,0x8a,0x8e,0x8f,0x84,0x32,0x28,
	0x2b,0x2d,0x91,0x8b,0x97,0x94,0x91,0x8e,0x93,0x8b,0xa5,0xac,0xa8,0xa9,0xa6,0xa4,0xa7,0xa5,0xac,0xab,
	0xaa,0xab,0xab,0xae,0xab,0xab,0xa8,0xac,0x4f,0x4b,0x25,0x22,0x8d,0x92,0x21,0x8b,0x90,0x1c,0x94,0x92,
	0x91,0x93,0x1d,0x92,0x93,0x29,0x85,0x93,0x27,0x23,0x2e,0x2f,0x26,0x31,0x2c,0x33,0x91,0x92,0x34,0x96,
	0x96,0x32,0x93,0x8e,0x8e,0x94,0x31,0x91,0x8f,0x2f,0x8e,0x91,0x43,0x43,0x3e,0x3c,0x3d,0x3b,0x44,0x3a,
	0x8f,0x8c,0x47,0x8e,0x94,0x44,0x93,0x8f,0x91,0x95,0x45,0x8f,0x95,0x15,0x8c,0x94,0x16,0x16,0x18,0x1a,
	0x14,0x0e,0x31,0x37,0x85,0x8e,0x2d,0x38,0x30,0x90,0x9e,0x2d,0x33,0x33,0x82,0x90,0x2d,0x1e,0x30,0x1b,
	0x2d,0x2e,0x2d,0x26,0x33,0x8f,0x84,0x29,0x22,0x2b,0x96,0x94,0x91,0x99,0x90,0x91,0x97,0x91,0xa9,0xac,
	0xab,0xac,0xa9,0xaa,0xaa,0xa7,0xab,0xaa,0xad,0xa9,0xa8,0xa8,0xa8,0xa8,0xa6,0xab,0x52,0x4e,0x27,0x21,
	0x91,0x9a,0x21,0x1e,0x1d,0x1a,0x95,0x94,0x94,0x95,0x1f,0x27,0x28,0x1f,0x95,0x95,0x23,0x25,0x37,0x33,
	0x3d,0x37,0x31,0x32,0x95,0x96,0x38,0x31,0x2f,0x31,0x93,0x91,0x92,0x94,0x33,0x30,0x2f,0x30,0x8e,0x94,
	0x3f,0x44,0x3f,0x3c,0x41,0x42,0x3b,0x3d,0x92,0x90,0x3f,0x3f,0x42,0x3c,0x97,0x95,0x94,0x95,0x39,0x46,
	0x1a,0x17,0x95,0x90,0x20,0x1b,0x14,0x0d,0x13,0x1d,0x2b,0x33,0x7e,0x8d,0x39,0x2c,0x27,0x94,0x91,0x32,
	0x33,0x94,0x8b,0x29,0x27,0x2d,0x2d,0x24,0x2c,0x28,0x2a,0x25,0x2c,0x91,0x89,0x2a,0x23,0x2c,0x8e,0x90,
	0x8f,0x90,0x92,0x90,0x94,0x96,0xa8,0xab,0xa6,0xa9,0xaa,0xaa,0xaf,0xaa,0xad,0xab,0xab,0xaa,0xaf,0xad,
	0xaa,0xaa,0xaa,0xac,0x55,0x52,0x25,0x21,0x8d,0x8e,0x1d,0x24,0x1b,0x26,0x90,0x8f,0x8e,0x8f,0x2b,0x25,
	0x26,0x22,0x9a,0x92,0x23,0x1f,0x37,0x86,0x88,0x33,0x2e,0x2a,0x8d,0x92,0x3a,0x2c,0x2e,0x2e,0x86,0x8f,
	0x8f,0x87,0x30,0x31,0x34,0x32,0x8d,0x8b,0x3b,0x3e,0x41,0x8a,0x89,0x41,0x39,0x3d,0x8b,0x91,0x45,0x44,
	0x45,0x45,0x91,0x92,0x90,0x8d,0x41,0x44,0x0c,0x18,0x8f,0x8e,0x12,0x18,0x12,0x14,0x13,0x11,0x33,0x3e,
	0x82,0x7f,0x35,0x34,0x2c,0x94,0x8c,0x2b,0x98,0x8b,0x26,0x24,0x1c,0x2a,0x30,0x25,0x23,0x29,0x1a,0x29,
	0x28,0x8d,0x86,0x2c,0x28,0x2b,0x96,0x94,0x8d,0x92,0x94,0x92,0x90,0x96,0xad,0xaa,0xa9,0xad,0xa9,0xab,
	0xac,0xa7,0xa7,0xa7,0xad,0xaa,0xaf,0xac,0xaa,0xac,0xa9,0xa7,0x53,0x53,0x22,0x20,0x1d,0x8e,0x8e,0x27,
	0x27,0x91,0x93,0x25,0x23,0x91,0x93,0x2c,0x25,0x90,0x89,0x29,0x21,0x24,0x30,0x91,0x8b,0x2e,0x2f,0x2e,
	0x30,0x8f,0x92,0x2f,0x34,0x92,0x91,0x2f,0x2e,0x8f,0x91,0x31,0x2b,0x8e,0x96,0x2e,0x3d,0x3a,0x41,0x95,
	0x8f,0x3e,0x3b,0x3b,0x40,0x93,0x92,0x3f,0x3c,0x90,0x94,0x41,0x41,0x94,0x8f,0x42,0x1a,0x93,0x8d,0x15,
	0x1a,0x16,0x21,0x8a,0x8a,0x19,0x38,0x2f,0x94,0x9e,0x34,0x32,0x2a,0x8e,0x8e,0x2d,0x8e,0xa1,0x38,0x2b,
	0x2b,0x9b,0x8a,0x28,0x8f,0x96,0x20,0x18,0x2f,0x8a,0x8a,0x31,0x31,0x31,0x90,0x93,0x90,0x91,0x91,0x92,
	0x93,0x93,0xab,0xae,0xaa,0xaa,0xa6,0xac,0xac,0xa7,0xab,0xa7,0xac,0xad,0xae,0xaa,0xa8,0xa9,0xad,0xa6,
	0x52,0x54,0x20,0x20,0x1d,0x2f,0x8f,0x95,0x92,0x94,0x29,0x1f,0x1c,0x22,0x8f,0x8c,0x92,0x8c,0x23,0x1f,
	0x1f,0x22,0x2c,0x34,0x38,0x30,0x33,0x3b,0x2b,0x36,0x8a,0x94,0x90,0x94,0x33,0x2f,0x2f,0x32,0x92,0x8c,
	0x8f,0x8e,0x2d,0x34,0x42,0x3b,0x41,0x3d,0x43,0x45,0x43,0x41,0x3c,0x42,0x93,0x91,0x96,0x93,0x40,0x43,
	0x44,0x42,0x97,0x92,0x88,0x96,0x17,0x15,0x17,0x16,0x10,0x90,0xa1,0x1a,0x37,0x35,0x3d,0x90,0x8b,0x90,
	0x89,0x99,0x1f,0x31,0x93,0x87,0x81,0x99,0x92,0x90,0x83,0x2c,0x1f,0x8d,0x9a,0x91,0x8a,0x89,0x3e,0x20,
	0x2d,0x36,0x91,0x91,0x94,0x90,0x8f,0x8a,0x92,0x91,0xa9,0xa8,0xa8,0xa8,0xa9,0xab,0xa9,0xa4,0xa5,0xa6,
	0xab,0xad,0xaa,0xac,0xa9,0xa9,0xaa,0xa7,0x51,0x55,0x1e,0x1f,0x21,0x23,0x22,0x20,0x1f,0x20,0x1e,0x1c,
	0x1d,0x1f,0x1f,0x1e,0x1e,0x1f,0x20,0x20,0x20,0x23,0x29,0x2e,0x30,0x2f,0x2b,0x2e,0x2e,0x30,0x31,0x31,
	0x31,0x2f,0x2d,0x2d,0x2b,0x2f,0x2e,0x2f,0x30,0x2f,0x2e,0x32,0x3f,0x41,0x42,0x41,0x40,0x40,0x3f,0x3f,
	0x3f,0x3f,0x3f,0x3f,0x3e,0x3e,0x3e,0x3e,0x3e,0x3d,0x3c,0x3b,0x19,0x17,0x15,0x15,0x15,0x15,0x14,0x14,
	0x15,0x15,0x13,0x17,0x15,0x17,0x29,0x28,0x34,0x32,0x2d,0x2b,0x29,0x2a,0x2d,0x2e,0x25,0x28,0x23,0x35,
	0x22,0x27,0x31,0x29,0x21,0x2a,0x1c,0x24,0x35,0x30,0x8f,0x92,0x91,0x91,0x92,0x91,0xa3,0xa4,0xac,0xa7,
	0xab,0xac,0xab,0xa6,0xaa,0xad,0xaa,0xaa,0xab,0xa8,0xa7,0xab,0xaa,0xa9,0xa5,0xa8,0x51,0x54,0x1e,0x1e,
	0x1f,0x21,0x21,0x21,0x1f,0x1e,0x1c,0x1d,0x1f,0x20,0x1f,0x1e,0x1e,0x1f,0x20,0x20,0x20,0x23,0x29,0x2e,
	0x30,0x31,0x2d,0x30,0x30,0x31,0x31,0x31,0x30,0x30,0x2e,0x30,0x2d,0x31,0x30,0x30,0x30,0x2e,0x2d,0x31,
	0x3e,0x41,0x40,0x40,0x40,0x3f,0x40,0x40,0x40,0x40,0x40,0x41,0x41,0x41,0x41,0x41,0x41,0x41,0x40,0x3f,
	0x18,0x16,0x14,0x14,0x14,0x14,0x14,0x14,0x15,0x15,0x12,0x16,0x15,0x18,0x2b,0x2c,0x35,0x33,0x30,0x2e,
	0x2c,0x2d,0x2a,0x2b,0x28,0x2d,0x21,0x2b,0x1f,0x20,0x25,0x22,0x29,0x28,0x29,0x27,0x37,0x31,0x8a,0x93,
	0x93,0x94,0x8f,0x8a,0xa6,0xa8,0xa8,0xaa,0xaa,0xa9,0xad,0xa7,0xab,0xa9,0xa9,0xab,0xac,0xac,0xa8,0xaa,
	0xab,0xaa,0xa7,0xa9,0x52,0x54,0x1e,0x1e,0x1f,0x1f,0x21,0x20,0x1f,0x1c,0x1d,0x1f,0x20,0x20,0x1f,0x1e,
	0x1e,0x1f,0x20,0x20,0x20,0x23,0x29,0x2f,0x31,0x32,0x2f,0x31,0x31,0x31,0x31,0x30,0x2f,0x30,0x30,0x31,
	0x2f,0x33,0x31,0x30,0x30,0x2e,0x2d,0x30,0x3f,0x40,0x3f,0x3f,0x3e,0x3e,0x3f,0x40,0x40,0x40,0x40,0x40,
	0x40,0x40,0x40,0x41,0x41,0x41,0x40,0x3f,0x18,0x16,0x14,0x14,0x14,0x14,0x14,0x15,0x16,0x16,0x12,0x17,
	0x14,0x1a,0x2f,0x31,0x34,0x33,0x2f,0x2d,0x2d,0x2d,0x2b,0x2f,0x27,0x2c,0x21,0x27,0x22,0x21,0x21,0x21,
	0x28,0x2a,0x23,0x2d,0x2e,0x28,0x8e,0x91,0x92,0x92,0x91,0x90,0xaa,0xa9,0xa9,0xab,0xa9,0xa7,0xab,0xa7,
	0xa8,0xa7,0xab,0xad,0xac,0xad,0xaa,0xab,0xab,0xae,0xaa,0xab,0x51,0x52,0x1d,0x1c,0x1d,0x1f,0x22,0x1e,
	0x1d,0x1d,0x1f,0x20,0x20,0x20,0x1f,0x1e,0x1e,0x1f,0x20,0x20,0x20,0x23,0x29,0x2e,0x32,0x33,0x30,0x31,
	0x30,0x30,0x31,0x2f,0x30,0x31,0x31,0x33,0x30,0x33,0x30,0x2f,0x30,0x2e,0x2d,0x31,0x3e,0x40,0x3e,0x3f,
	0x3e,0x3e,0x3f,0x3f,0x3f,0x3f,0x3f,0x40,0x40,0x40,0x40,0x40,0x40,0x40,0x3f,0x3e,0x19,0x17,0x15,0x15,
	0x15,0x15,0x15,0x16,0x16,0x16,0x13,0x16,0x14,0x1a,0x31,0x33,0x33,0x31,0x2c,0x27,0x2d,0x30,0x2c,0x2e,
	0x29,0x29,0x23,0x22,0x1f,0x23,0x2b,0x30,0x25,0x2a,0x32,0x25,0x2e,0x2a,0x92,0x91,0x8e,0x8e,0x8d,0x91,
	0xa8,0xa9,0xa6,0xad,0xaa,0xa8,0xab,0xaa,0xa9,0xa6,0xae,0xa9,0xa8,0xac,0xae,0xac,0xa8,0xa8,0xab,0xab,
	0x51,0x51,0x1d,0x1b,0x1c,0x1a,0x1c,0x1b,0x1c,0x1e,0x20,0x20,0x20,0x20,0x1f,0x1e,0x1e,0x1f,0x20,0x20,
	0x20,0x23,0x29,0x2e,0x32,0x33,0x2f,0x30,0x30,0x30,0x30,0x2f,0x2f,0x30,0x31,0x33,0x31,0x32,0x30,0x2f,
	0x2f,0x2e,0x2e,0x32,0x3f,0x41,0x3f,0x3f,0x3f,0x3e,0x3f,0x3f,0x3f,0x3f,0x3f,0x3f,0x3e,0x3e,0x3e,0x3e,
	0x3e,0x3e,0x3d,0x3c,0x18,0x16,0x14,0x14,0x14,0x14,0x14,0x15,0x15,0x16,0x13,0x17,0x14,0x19,0x2e,0x2f,
	0x33,0x31,0x2e,0x2b,0x28,0x2d,0x2f,0x2d,0x26,0x23,0x2a,0x29,0x28,0x2b,0x30,0x31,0x23,0x29,0x35,0x31,
	0x32,0x2f,0x8f,0x94,0x93,0x93,0x8f,0x8d,0xa9,0xab,0xab,0xa9,0xa9,0xa7,0xa8,0xaa,0xa9,0xaa,0xae,0xab,
	0xa8,0xa9,0xab,0xac,0xad,0xac,0xab,0xa7,0x53,0x53,0x1f,0x1d,0x1c,0x1d,0x20,0x1e,0x1e,0x1f,0x20,0x20,
	0x20,0x20,0x1f,0x1f,0x1e,0x1f,0x20,0x20,0x20,0x23,0x2a,0x2f,0x31,0x32,0x2e,0x2f,0x2f,0x2f,0x30,0x30,
	0x30,0x30,0x31,0x31,0x2e,0x31,0x30,0x2e,0x2f,0x2f,0x2f,0x33,0x40,0x42,0x41,0x40,0x40,0x3f,0x40,0x40,
	0x3f,0x3f,0x3f,0x3f,0x3f,0x3f,0x3f,0x3f,0x3e,0x3e,0x3d,0x3c,0x18,0x16,0x14,0x14,0x14,0x14,0x14,0x15,
	0x15,0x15,0x14,0x18,0x14,0x16,0x27,0x26,0x2f,0x30,0x32,0x30,0x29,0x29,0x2e,0x2d,0x2d,0x27,0x29,0x23,
	0x31,0x30,0x27,0x24,0x26,0x30,0x2e,0x33,0x2e,0x32,0x96,0x92,0x95,0x93,0x91,0x8f,0xac,0xac,0xaa,0xaa,
	0xac,0xa9,0xa9,0xa6,0xa8,0xa9,0xaa,0xab,0xac,0xaf,0xad,0xab,0xa8,0xa8,0xa8,0xac,0x55,0x55,0x20,0x1e,
	0x1d,0x1e,0x1f,0x1f,0x1f,0x1f,0x20,0x20,0x20,0x20,0x1f,0x1f,0x1f,0x1f,0x1f,0x20,0x20,0x23,0x2b,0x2f,
	0x32,0x32,0x2d,0x2f,0x2f,0x30,0x30,0x30,0x30,0x30,0x30,0x31,0x2d,0x30,0x2f,0x2e,0x30,0x2f,0x2f,0x33,
	0x40,0x42,0x42,0x41,0x41,0x41,0x41,0x41,0x40,0x40,0x40,0x40,0x40,0x40,0x40,0x40,0x3f,0x3f,0x3e,0x3d,
	0x19,0x17,0x15,0x15,0x15,0x15,0x14,0x15,0x15,0x14,0x15,0x19,0x14,0x12,0x1f,0x1a,0x1b,0x1a,0x18,0x18,
	0x2e,0x2b,0x2d,0x2e,0x28,0x2a,0x2c,0x39,0x83,0x97,0x88,0x90,0x88,0x89,0x86,0x38,0x30,0x30,0x8b,0x92,
	0x91,0x95,0x6b,0x6c,0xaa,0xaf,0xac,0xa8,0xad,0xa8,0xa7,0xaa,0xa9,0xa9,0xa9,0xa7,0xa9,0xa9,0xa8,0xaa,
	0xac,0xa5,0xa9,0xae,0x57,0x56,0x21,0x1f,0x1f,0x1e,0x1f,0x1f,0x20,0x20,0x20,0x20,0x20,0x20,0x1f,0x1f,
	0x1f,0x1f,0x1f,0x20,0x1f,0x23,0x2b,0x30,0x33,0x32,0x2e,0x2f,0x2f,0x31,0x31,0x31,0x31,0x31,0x2f,0x31,
	0x2d,0x30,0x2f,0x30,0x31,0x2f,0x2f,0x32,0x3f,0x42,0x41,0x41,0x40,0x41,0x41,0x41,0x41,0x41,0x41,0x41,
	0x41,0x41,0x41,0x41,0x41,0x41,0x40,0x3f,0x1a,0x18,0x16,0x16,0x16,0x16,0x15,0x15,0x14,0x14,0x16,0x19,
	0x15,0x12,0x19,0x15,0x11,0x15,0x16,0x19,0x2e,0x2d,0x30,0x32,0x25,0x2d,0x28,0x32,0x86,0x7b,0x34,0x27,
	0x27,0x2a,0x31,0x33,0x33,0x32,0x8b,0x8e,0x92,0x8f,0x6b,0x6b,0xae,0xae,0xaa,0xa9,0xad,0xa9,0xa9,0xa9,
	0xab,0xa9,0xa9,0xab,0xab,0xb0,0xa9,0xa7,0xa8,0xa8,0xa9,0xa8,0x56,0x55,0x21,0x1f,0x20,0x1f,0x1e,0x1f,
	0x20,0x20,0x20,0x20,0x20,0x20,0x1f,0x1f,0x1f,0x1f,0x1f,0x20,0x1f,0x22,0x29,0x2f,0x32,0x31,0x2f,0x30,
	0x30,0x30,0x30,0x30,0x32,0x31,0x30,0x31,0x2e,0x30,0x30,0x30,0x30,0x2e,0x2e,0x31,0x3f,0x40,0x3f,0x3f,
	0x3f,0x40,0x40,0x40,0x40,0x40,0x40,0x41,0x41,0x41,0x41,0x41,0x41,0x41,0x40,0x3f,0x1a,0x18,0x16,0x16,
	0x16,0x16,0x16,0x15,0x14,0x15,0x16,0x18,0x15,0x14,0x15,0x15,0x15,0x16,0x17,0x19,0x2d,0x30,0x32,0x33,
	0x29,0x2b,0x2c,0x2d,0x8d,0x96,0x29,0x27,0x28,0x2c,0x30,0x35,0x2f,0x2d,0x96,0x96,0x91,0x90,0x6f,0x6a,
	0xa3,0xa5,0xaa,0xaa,0xab,0xa9,0xa9,0xa9,0xab,0xab,0xab,0xac,0xaa,0xac,0xa8,0xa7,0xaa,0xaa,0xaa,0xaa,
	0x55,0x54,0x21,0x1f,0x20,0x1f,0x1e,0x1f,0x20,0x20,0x20,0x20,0x20,0x20,0x1f,0x1f,0x1f,0x1f,0x1f,0x20,
	0x20,0x21,0x27,0x2d,0x30,0x30,0x2f,0x30,0x30,0x30,0x30,0x30,0x31,0x31,0x30,0x32,0x2e,0x32,0x30,0x30,
	0x30,0x2f,0x2e,0x31,0x3e,0x3f,0x3e,0x3f,0x40,0x40,0x41,0x41,0x41,0x41,0x41,0x41,0x41,0x41,0x41,0x41,
	0x41,0x41,0x40,0x3f,0x1a,0x18,0x16,0x16,0x16,0x16,0x16,0x15,0x15,0x15,0x16,0x17,0x15,0x15,0x15,0x15,
	0x16,0x16,0x17,0x19,0x2e,0x33,0x32,0x30,0x2d,0x27,0x2b,0x2d,0x8e,0x89,0x26,0x33,0x21,0x2d,0x30,0x2d,
	0x34,0x2f,0x8e,0x95,0x96,0x8e,0x67,0x69,0xa8,0xaa,0xaa,0xa7,0xaa,0xaa,0xa7,0xa8,0xaa,0xad,0xae,0xac,
	0xaa,0xaa,0xa9,0xad,0xb2,0xab,0xab,0xaf,0x54,0x54,0x21,0x20,0x21,0x20,0x1f,0x1f,0x20,0x20,0x20,0x20,
	0x20,0x20,0x1f,0x1f,0x1f,0x1f,0x1f,0x1f,0x20,0x20,0x24,0x2b,0x2f,0x2f,0x2f,0x30,0x30,0x30,0x30,0x30,
	0x30,0x30,0x30,0x31,0x2f,0x31,0x30,0x30,0x31,0x2f,0x2e,0x31,0x3e,0x3f,0x3e,0x3f,0x3f,0x3f,0x40,0x40,
	0x40,0x40,0x40,0x41,0x41,0x41,0x41,0x41,0x41,0x41,0x40,0x3f,0x1a,0x18,0x16,0x16,0x16,0x16,0x16,0x16,
	0x16,0x16,0x16,0x16,0x16,0x16,0x16,0x16,0x16,0x17,0x17,0x19,0x32,0x33,0x33,0x33,0x2c,0x20,0x23,0x28,
	0x8e,0x96,0x8e,0x95,0x8d,0x87,0x36,0x35,0x33,0x36,0x8f,0x88,0x97,0x88,0x71,0x74,0xa8,0xa7,0xaa,0xac,
	0xab,0xac,0xa8,0xa6,0xaa,0xa6,0xaa,0xab,0xac,0xb0,0xa9,0xaa,0xaa,0xa8,0xa9,0xad,0x54,0x54,0x21,0x20,
	0x21,0x20,0x1f,0x1f,0x20,0x20,0x20,0x20,0x20,0x20,0x1f,0x1f,0x1f,0x1f,0x1f,0x1f,0x20,0x1f,0x23,0x29,
	0x2c,0x2d,0x2e,0x30,0x31,0x30,0x2f,0x2f,0x30,0x30,0x30,0x32,0x2f,0x32,0x31,0x30,0x31,0x30,0x2f,0x32,
	0x3f,0x41,0x40,0x40,0x3f,0x3f,0x40,0x40,0x40,0x40,0x40,0x41,0x41,0x41,0x41,0x41,0x41,0x41,0x40,0x3f,
	0x1a,0x18,0x16,0x16,0x16,0x16,0x16,0x16,0x16,0x16,0x16,0x16,0x16,0x16,0x16,0x16,0x16,0x17,0x17,0x19,
	0x32,0x33,0x33,0x33,0x27,0x26,0x24,0x25,0x22,0x29,0x20,0x29,0x30,0x8f,0x8c,0x33,0x2d,0x30,0x91,0x8f,
	0x90,0x8f,0x6c,0x71,0xa4,0xaa,0xad,0xab,0xab,0xae,0xa9,0xac,0xab,0xa5,0xac,0xab,0xab,0xa9,0xa8,0xaa,
	0xae,0xaa,0xaa,0xa8,0x54,0x54,0x21,0x20,0x21,0x20,0x1f,0x1f,0x20,0x20,0x20,0x20,0x20,0x20,0x1f,0x1f,
	0x1f,0x1f,0x1f,0x1f,0x20,0x1f,0x21,0x26,0x28,0x2a,0x2d,0x30,0x31,0x31,0x2f,0x2f,0x2f,0x2f,0x30,0x31,
	0x2f,0x32,0x30,0x31,0x32,0x30,0x30,0x33,0x40,0x41,0x41,0x40,0x3e,0x3f,0x40,0x40,0x40,0x40,0x40,0x41,
	0x41,0x41,0x41,0x41,0x41,0x42,0x41,0x40,0x1a,0x18,0x16,0x16,0x16,0x16,0x16,0x16,0x16,0x16,0x16,0x16,
	0x16,0x16,0x16,0x16,0x16,0x17,0x17,0x19,0x1a,0x1c,0x20,0x27,0x25,0x27,0x29,0x40,0x26,0x2a,0x2b,0x2e,
	0x2c,0x94,0x93,0x2c,0x30,0x35,0x8e,0x90,0x93,0x8d,0x68,0x6e,0xa6,0xad,0xa5,0xa8,0xa7,0xab,0xab,0xab,
	0xad,0xa6,0xac,0xa9,0xa8,0xaa,0xac,0xa9,0xa9,0xab,0xae,0xab,0x54,0x54,0x21,0x20,0x21,0x20,0x1f,0x1f,
	0x20,0x20,0x20,0x20,0x20,0x20,0x1f,0x1f,0x1f,0x1f,0x1f,0x1f,0x1f,0x20,0x20,0x24,0x24,0x27,0x2c,0x30,
	0x32,0x31,0x2f,0x2f,0x2f,0x31,0x30,0x32,0x2f,0x33,0x31,0x31,0x32,0x30,0x30,0x33,0x40,0x41,0x3f,0x40,
	0x3e,0x3f,0x40,0x40,0x40,0x40,0x40,0x41,0x41,0x41,0x41,0x41,0x41,0x42,0x41,0x40,0x1a,0x18,0x16,0x16,
	0x16,0x16,0x16,0x16,0x16,0x16,0x16,0x16,0x16,0x16,0x16,0x16,0x16,0x17,0x17,0x19,0x19,0x1d,0x23,0x28,
	0x29,0x2c,0x3b,0x36,0x32,0x25,0x22,0x2d,0x29,0x92,0x8a,0x36,0x35,0x38,0x91,0x94,0x96,0x91,0x6c,0x6c,
	0xa5,0xa9,0xa5,0xa5,0xa9,0xaf,0xb0,0xa9,0xa9,0xa8,0xab,0xab,0xaa,0xaa,0xae,0xa9,0xa9,0xad,0xa7,0xa6,
	0x55,0x54,0x20,0x1f,0x20,0x1f,0x20,0x1f,0x20,0x20,0x20,0x20,0x20,0x20,0x1f,0x1f,0x1f,0x1e,0x1e,0x1e,
	0x1e,0x1f,0x1e,0x21,0x21,0x26,0x2b,0x30,0x33,0x32,0x2f,0x2f,0x30,0x31,0x30,0x32,0x2f,0x32,0x31,0x30,
	0x31,0x2f,0x30,0x32,0x3e,0x3f,0x3e,0x3e,0x3c,0x3e,0x3f,0x3f,0x3f,0x40,0x40,0x40,0x40,0x40,0x41,0x40,
	0x40,0x41,0x40,0x3f,0x19,0x16,0x16,0x15,0x16,0x15,0x15,0x16,0x15,0x16,0x15,0x15,0x16,0x16,0x16,0x15,
	0x15,0x16,0x17,0x18,0x18,0x1c,0x25,0x29,0x25,0x2a,0x37,0x3d,0x7d,0x8f,0x31,0x39,0x2f,0x8e,0x8d,0x36,
	0x33,0x2e,0x8c,0x94,0x93,0x92,0x68,0x6c,0xa8,0xaa,0xab,0xac,0xac,0xab,0xaa,0xaa,0xa9,0xa9,0xa9,0xa7,
	0xa9,0xa7,0xa9,0xa6,0xa9,0xaa,0xa8,0xa7,0x57,0x55,0x1f,0x1d,0x1e,0x1e,0x21,0x20,0x21,0x20,0x20,0x20,
	0x20,0x20,0x1f,0x1f,0x1f,0x1e,0x1d,0x1c,0x1c,0x1e,0x1d,0x1f,0x20,0x26,0x2a,0x30,0x33,0x33,0x30,0x30,
	0x31,0x32,0x31,0x33,0x30,0x31,0x31,0x31,0x30,0x2f,0x31,0x32,0x3d,0x3d,0x3e,0x3c,0x3b,0x3d,0x3e,0x3e,
	0x3e,0x40,0x40,0x40,0x40,0x40,0x40,0x40,0x40,0x40,0x40,0x3e,0x18,0x15,0x16,0x15,0x16,0x15,0x15,0x16,
	0x14,0x16,0x15,0x15,0x17,0x16,0x16,0x15,0x15,0x16,0x17,0x18,0x17,0x1b,0x27,0x2b,0x25,0x23,0x32,0x38,
	0x2e,0x94,0x87,0x84,0x85,0x8e,0x3a,0x2b,0x33,0x34,0x90,0x91,0x93,0x8f,0x6e,0x70,0xab,0xa7,0xae,0xa7,
	0xaa,0xac,0xa8,0xaa,0xa9,0xab,0xaa,0xa8,0xa8,0xa9,0xaa,0xa9,0xa9,0xaa,0xa9,0xa8,0x58,0x56,0x1e,0x1c,
	0x1f,0x1d,0x20,0x21,0x22,0x22,0x22,0x22,0x22,0x22,0x21,0x21,0x21,0x1f,0x1d,0x1d,0x1d,0x1d,0x1d,0x1e,
	0x20,0x25,0x2b,0x31,0x34,0x34,0x32,0x31,0x31,0x32,0x32,0x33,0x31,0x31,0x31,0x32,0x31,0x2f,0x33,0x34,
	0x3f,0x3e,0x40,0x3e,0x3d,0x3e,0x3e,0x3f,0x3f,0x40,0x3f,0x40,0x40,0x3f,0x3f,0x40,0x40,0x40,0x3e,0x3b,
	0x19,0x15,0x16,0x15,0x16,0x15,0x15,0x16,0x14,0x16,0x16,0x15,0x17,0x16,0x15,0x15,0x15,0x15,0x18,0x17,
	0x17,0x14,0x29,0x2a,0x2d,0x2a,0x32,0x30,0x2a,0x2a,0x2e,0x2c,0x2b,0x2d,0x2e,0x31,0x32,0x35,0x8c,0x8b,
	0x7f,0x7c,0x70,0x6f,0xa8,0xaa,0xab,0xa7,0xa9,0xa9,0xa7,0xaa,0xa9,0xad,0xaa,0xa8,0xa7,0xaa,0xab,0xab,
	0xa8,0xa9,0xa9,0xab,0x56,0x56,0x1c,0x1c,0x22,0x1e,0x20,0x21,0x24,0x24,0x24,0x24,0x24,0x24,0x24,0x24,
	0x23,0x21,0x20,0x1f,0x1e,0x1e,0x1e,0x1f,0x21,0x26,0x2c,0x31,0x34,0x35,0x33,0x32,0x31,0x31,0x31,0x32,
	0x32,0x31,0x31,0x32,0x32,0x32,0x38,0x37,0x45,0x43,0x47,0x43,0x40,0x3f,0x3f,0x3f,0x3f,0x3f,0x3f,0x3f,
	0x3f,0x3f,0x3f,0x3f,0x3f,0x3f,0x3d,0x3b,0x1b,0x15,0x18,0x16,0x18,0x17,0x17,0x18,0x14,0x18,0x16,0x14,
	0x17,0x15,0x14,0x15,0x14,0x15,0x18,0x16,0x15,0x12,0x29,0x27,0x2a,0x27,0x30,0x2f,0x2a,0x29,0x2b,0x2a,
	0x2b,0x2e,0x2e,0x2f,0x2e,0x33,0x80,0x82,0x78,0x75,0x6d,0x6c,0xa5,0xa4,0xa7,0xa6,0xa9,0xa7,0xa6,0xaa,
	0xa9,0xac,0xa9,0xa8,0xa9,0xac,0xaa,0xa9,0xa7,0xaa,0xa7,0xab,0x56,0x5a,0x1d,0x24,0x25,0x24,0x23,0x22,
	0x21,0x1f,0x1e,0x1e,0x1e,0x1e,0x1d,0x1d,0x1e,0x1f,0x1f,0x1e,0x1b,0x1a,0x1a,0x1c,0x25,0x29,0x2f,0x33,
	0x35,0x36,0x34,0x33,0x32,0x32,0x33,0x34,0x34,0x33,0x32,0x31,0x30,0x2d,0x2f,0x2f,0x3f,0x3e,0x41,0x41,
	0x40,0x40,0x41,0x41,0x41,0x41,0x41,0x41,0x41,0x41,0x41,0x41,0x41,0x41,0x3f,0x3d,0x16,0x11,0x15,0x14,
	0x17,0x16,0x16,0x18,0x14,0x18,0x15,0x13,0x16,0x15,0x14,0x14,0x14,0x14,0x18,0x15,0x14,0x10,0x29,0x25,
	0x28,0x25,0x2c,0x2b,0x27,0x27,0x28,0x27,0x26,0x25,0x25,0x27,0x26,0x2c,0x75,0x77,0x73,0x73,0x6d,0x6e,
	0xaa,0xa9,0xac,0xad,0xad,0xab,0xaa,0xaa,0xa7,0xa8,0xa5,0xa8,0xa9,0xaa,0xaa,0xa8,0xa7,0xab,0xab,0xae,
	0x5e,0x60,0x1c,0x22,0x1f,0x1d,0x21,0x21,0x21,0x1f,0x1e,0x1e,0x1e,0x1e,0x1d,0x1d,0x1f,0x21,0x22,0x21,
	0x1e,0x1d,0x1f,0x22,0x26,0x29,0x2d,0x30,0x32,0x32,0x30,0x2f,0x2e,0x2f,0x30,0x30,0x30,0x30,0x30,0x30,
	0x31,0x31,0x31,0x30,0x44,0x42,0x41,0x40,0x40,0x40,0x40,0x40,0x40,0x40,0x40,0x40,0x40,0x40,0x40,0x40,
	0x40,0x40,0x3e,0x3c,0x16,0x13,0x16,0x16,0x19,0x18,0x19,0x1a,0x17,0x19,0x16,0x14,0x17,0x16,0x15,0x15,
	0x14,0x14,0x17,0x14,0x13,0x10,0x2a,0x27,0x29,0x24,0x2a,0x2a,0x27,0x26,0x28,0x28,0x27,0x27,0x28,0x26,
	0x24,0x29,0x6a,0x6e,0x6b,0x69,0x67,0x67,0xa5,0xa5,0xaa,0xac,0xab,0xac,0xab,0xab,0xa8,0xab,0xa9,0xac,
	0xad,0xad,0xaa,0xaa,0xa9,0xaa,0xa9,0xad,0x74,0x74,0x34,0x25,0x24,0x1f,0x25,0x26,0x23,0x21,0x20,0x20,
	0x20,0x20,0x1f,0x1f,0x21,0x24,0x26,0x23,0x21,0x23,0x2c,0x30,0x2c,0x2c,0x2f,0x32,0x33,0x32,0x30,0x2e,
	0x2e,0x2f,0x30,0x31,0x31,0x30,0x30,0x31,0x32,0x32,0x2f,0x2e,0x46,0x45,0x3f,0x3f,0x40,0x40,0x40,0x40,
	0x40,0x40,0x40,0x40,0x40,0x40,0x40,0x40,0x40,0x40,0x3e,0x3c,0x16,0x12,0x15,0x15,0x18,0x18,0x19,0x1a,
	0x17,0x19,0x16,0x14,0x17,0x16,0x16,0x15,0x14,0x13,0x16,0x12,0x12,0x0f,0x2d,0x2a,0x2b,0x27,0x2b,0x2a,
	0x28,0x26,0x27,0x27,0x27,0x27,0x27,0x23,0x24,0x2a,0x64,0x6b,0x6b,0x6d,0x6a,0x6a,0xaa,0xab,0xaf,0xaf,
	0xae,0xad,0xac,0xac,0xa6,0xa7,0xa5,0xa7,0xa9,0xad,0xab,0xac,0xab,0xac,0xaa,0xab,0x7c,0x7a,0x3d,0x27,
	0x28,0x20,0x29,0x28,0x23,0x21,0x20,0x20,0x20,0x20,0x1f,0x1f,0x21,0x24,0x24,0x21,0x1f,0x27,0x38,0x43,
	0x2c,0x2c,0x2e,0x30,0x30,0x2f,0x2c,0x2b,0x2c,0x2d,0x2e,0x2f,0x2f,0x2e,0x2d,0x2d,0x2d,0x2c,0x28,0x29,
	0x49,0x4a,0x44,0x42,0x41,0x40,0x40,0x40,0x40,0x40,0x40,0x40,0x40,0x40,0x40,0x40,0x40,0x40,0x3e,0x3c,
	0x16,0x13,0x15,0x15,0x17,0x16,0x17,0x19,0x17,0x19,0x17,0x16,0x18,0x17,0x17,0x16,0x14,0x12,0x14,0x10,
	0x0f,0x0f,0x31,0x2f,0x30,0x2b,0x2f,0x2c,0x2a,0x28,0x28,0x29,0x29,0x2a,0x29,0x27,0x2b,0x2f,0x5c,0x61,
	0x64,0x67,0x67,0x6a,0xab,0xad,0xaf,0xb1,0xad,0xad,0xac,0xab,0xa9,0xa8,0xa6,0xa8,0xa9,0xac,0xaa,0xaa,
	0xac,0xa9,0xaa,0xa9,0x77,0x80,0x7b,0x81,0x92,0x8a,0x9c,0x99,0x53,0x51,0x50,0x50,0x50,0x50,0x4f,0x4f,
	0x51,0x53,0x52,0x4d,0x4d,0x5a,0x74,0x87,0x91,0x93,0x95,0x96,0x96,0x94,0x92,0x90,0x90,0x91,0x93,0x94,
	0x94,0x94,0x93,0x92,0x92,0x94,0x90,0x97,0xc0,0xc5,0xc2,0xc9,0xcc,0xcc,0xcd,0xcd,0xcd,0xcd,0xcd,0xcd,
	0xcd,0xcd,0xcd,0xcd,0xcd,0xcd,0xcd,0xcd,0x28,0x27,0x28,0x27,0x28,0x26,0x26,0x29,0x26,0x28,0x27,0x27,
	0x29,0x29,0x2a,0x2a,0x28,0x29,0x2c,0x2c,0x2e,0x32,0x5d,0x60,0x64,0x62,0x67,0x67,0x67,0x65,0x67,0x66,
	0x67,0x67,0x69,0x64,0x63,0x5c,0x74,0x6e,0x6c,0x69,0x68,0x67,0xaa,0xa7,0xa8,0xaa,0xa7,0xa7,0xa9,0xa8,
	0xaa,0xab,0xae,0xaf,0xae,0xb0,0xab,0xa9,0xa7,0xa8,0xab,0xad,0x6f,0x75,0x83,0x81,0x9c,0x8f,0xa1,0xa1,
	0x52,0x52,0x52,0x52,0x52,0x52,0x51,0x51,0x53,0x55,0x52,0x4c,0x4d,0x5e,0x7d,0x92,0x95,0x95,0x96,0x98,
	0x97,0x95,0x92,0x91,0x90,0x91,0x94,0x94,0x95,0x94,0x92,0x92,0x90,0x90,0x8e,0x98,0xc8,0xd1,0xcf,0xd0,
	0xd1,0xd1,0xd1,0xd1,0xd1,0xd1,0xd1,0xd1,0xd1,0xd1,0xd1,0xd1,0xd1,0xd1,0xd1,0xd1,0x2b,0x29,0x29,0x28,
	0x28,0x26,0x26,0x28,0x26,0x28,0x27,0x28,0x2a,0x2a,0x2b,0x2a,0x28,0x28,0x2b,0x2b,0x2c,0x32,0x60,0x65,
	0x6a,0x68,0x6b,0x6a,0x6a,0x6a,0x6b,0x69,0x6a,0x6b,0x6e,0x68,0x6c,0x63,0x6e,0x67,0x67,0x69,0x6b,0x6a,
	0xab,0xa8,0xa7,0xab,0xa8,0xa8,0xaa,0xa9,0xa9,0xa9,0xaa,0xab,0xab,0xad,0xa7,0xa6,0xa6,0xa4,0xaa,0xac,
	0x74,0x76,0x83,0x88,0x95,0x8f,0xa0,0x9c,0xb3,0xad,0xb5,0xb4,0x56,0x54,0x5c,0x56,0x51,0x59,0x4e,0x50,
	0x48,0x51,0x88,0x97,0x8f,0x91,0x92,0x94,0x94,0x92,0x91,0x91,0x90,0x90,0x8f,0x8f,0x8f,0x91,0x91,0x92,
	0x93,0x92,0x91,0x91,0xd2,0xd2,0xd2,0xd1,0xd1,0xd1,0xd2,0xd2,0xd2,0xd2,0xd2,0xd2,0xd2,0xd2,0xd2,0xd2,
	0xd2,0xd2,0xd2,0xd2,0x29,0x28,0x28,0x27,0x27,0x25,0x26,0x27,0x27,0x29,0x28,0x29,0x2b,0x2b,0x2d,0x2c,
	0x29,0x29,0x2b,0x2a,0x2b,0x31,0x62,0x67,0x6b,0x68,0x6a,0x69,0x68,0x68,0x68,0x69,0x69,0x68,0x6c,0x69,
	0x6d,0x66,0x6a,0x67,0x69,0x6a,0x6e,0x6a,0xae,0xaa,0xa8,0xab,0xaa,0xaa,0xad,0xa9,0xaa,0xa8,0xa7,0xa8,
	0xa9,0xac,0xaa,0xaa,0xaa,0xa8,0xad,0xae,0x74,0x76,0x83,0x88,0x95,0x8f,0xa0,0x9c,0xb2,0xb2,0xb3,0xa9,
	0x66,0x5c,0x5d,0x5d,0x4f,0x4b,0x53,0x57,0x54,0x55,0x8c,0x84,0x90,0x91,0x92,0x94,0x94,0x92,0x91,0x90,
	0x90,0x8f,0x8f,0x8f,0x90,0x90,0x91,0x92,0x93,0x92,0x91,0x91,0xd2,0xd2,0xd2,0xd1,0xd1,0xd1,0xd2,0xd2,
	0xd2,0xd2,0xd2,0xd2,0xd2,0xd2,0xd2,0xd2,0xd2,0xd2,0xd2,0xd2,0x2a,0x29,0x2a,0x29,0x29,0x27,0x28,0x29,
	0x28,0x2a,0x29,0x29,0x2a,0x2a,0x2c,0x2b,0x29,0x29,0x2a,0x2a,0x29,0x2f,0x64,0x68,0x6b,0x69,0x6a,0x69,
	0x69,0x69,0x69,0x69,0x69,0x6b,0x6d,0x69,0x6e,0x6a,0x6d,0x69,0x6b,0x6a,0x6e,0x6b,0xae,0xad,0xaa,0xac,
	0xab,0xab,0xac,0xab,0xac,0xab,0xa9,0xa8,0xa9,0xac,0xa8,0xac,0xac,0xa8,0xab,0xac,0x74,0x76,0x83,0x88,
	0x95,0x8f,0xa0,0x9c,0xa0,0xaf,0xb9,0xbb,0xb5,0xb6,0xc1,0xd0,0x59,0x5a,0x5a,0x52,0x5c,0x56,0x91,0x95,
	0x90,0x91,0x93,0x94,0x93,0x91,0x90,0x90,0x8f,0x8f,0x90,0x8f,0x8f,0x90,0x91,0x92,0x91,0x90,0x91,0x91,
	0xd2,0xd2,0xd2,0xd2,0xd1,0xd2,0xd3,0xd3,0xd3,0xd3,0xd3,0xd3,0xd3,0xd3,0xd3,0xd3,0xd3,0xd3,0xd3,0xd3,
	0x27,0x28,0x28,0x28,0x29,0x27,0x28,0x29,0x29,0x2a,0x29,0x29,0x2a,0x2a,0x2c,0x2c,0x2a,0x2a,0x2c,0x2b,
	0x2a,0x30,0x67,0x6b,0x6c,0x6a,0x6b,0x6a,0x6b,0x6b,0x6b,0x6b,0x6a,0x69,0x6d,0x67,0x6d,0x6b,0x6a,0x66,
	0x69,0x67,0x68,0x66,0xab,0xab,0xa9,0xaa,0xa7,0xa8,0xaa,0xa9,0xab,0xa9,0xa9,0xa8,0xa7,0xa7,0xa6,0xab,
	0xac,0xaa,0xad,0xab,0x74,0x76,0x83,0x88,0x95,0x8f,0xa0,0x9c,0xa4,0xad,0xb7,0xb3,0xc0,0xbc,0xc6,0xce,
	0x56,0x58,0x58,0x5a,0x5a,0x5c,0x8e,0x8e,0x91,0x91,0x93,0x94,0x93,0x91,0x91,0x91,0x90,0x90,0x90,0x90,
	0x90,0x8f,0x91,0x92,0x91,0x90,0x91,0x91,0xd2,0xd2,0xd2,0xd1,0xd0,0xd0,0xd1,0xd1,0xd1,0xd1,0xd1,0xd1,
	0xd1,0xd1,0xd1,0xd1,0xd1,0xd1,0xd1,0xd1,0x28,0x28,0x29,0x29,0x29,0x28,0x29,0x2a,0x2a,0x2a,0x29,0x29,
	0x29,0x2a,0x2c,0x2c,0x2a,0x2b,0x2c,0x2b,0x2a,0x2e,0x68,0x6b,0x6c,0x6b,0x6a,0x6a,0x6b,0x6c,0x6b,0x6b,
	0x6b,0x6b,0x6b,0x67,0x6c,0x6a,0x68,0x67,0x6a,0x66,0x68,0x64,0xa9,0xaa,0xa9,0xaa,0xaa,0xaa,0xac,0xaa,
	0xac,0xac,0xab,0xa9,0xa9,0xa9,0xa9,0xac,0xac,0xaa,0xaa,0xa8,0x74,0x76,0x83,0x88,0x95,0x8f,0xa0,0x9c,
	0xa9,0xa7,0xb6,0xb4,0xc5,0xc3,0xd2,0xd0,0xc9,0xc3,0xc3,0xba,0x63,0x5b,0x91,0x8b,0x92,0x92,0x93,0x94,
	0x93,0x91,0x90,0x91,0x94,0x93,0x92,0x91,0x90,0x90,0x91,0x91,0x91,0x90,0x91,0x91,0xd2,0xd2,0xd1,0xd1,
	0xd1,0xd1,0xd1,0xd1,0xd1,0xd1,0xd1,0xd1,0xd1,0xd1,0xd1,0xd1,0xd1,0xd1,0xd1,0xd1,0x28,0x2a,0x29,0x2a,
	0x2a,0x29,0x29,0x2a,0x2a,0x2a,0x29,0x29,0x28,0x28,0x2a,0x2a,0x28,0x29,0x2a,0x2a,0x28,0x2c,0x66,0x6a,
	0x69,0x69,0x68,0x69,0x6b,0x6b,0x6a,0x6a,0x6a,0x69,0x69,0x65,0x69,0x6b,0x68,0x68,0x6a,0x67,0x6a,0x66,
	0xa9,0xac,0xaa,0xab,0xac,0xac,0xaa,0xa8,0xab,0xa9,0xa8,0xa9,0xaa,0xa9,0xa9,0xac,0xae,0xac,0xad,0xab,
	0x74,0x76,0x83,0x88,0x95,0x8f,0xa0,0x9c,0xaa,0xa4,0xb5,0xb8,0xc5,0xc7,0xd8,0xd2,0xcd,0xd0,0xc3,0xbc,
	0x5f,0x5c,0x8b,0x93,0x92,0x92,0x93,0x93,0x92,0x91,0x90,0x91,0x96,0x96,0x94,0x92,0x90,0x90,0x90,0x90,
	0x90,0x90,0x91,0x91,0xd2,0xd2,0xd1,0xd1,0xd1,0xd1,0xd2,0xd2,0xd2,0xd2,0xd2,0xd2,0xd1,0xd1,0xd1,0xd1,
	0xd1,0xd1,0xd1,0xd1,0x29,0x2b,0x2a,0x2b,0x2a,0x29,0x29,0x2a,0x2b,0x2b,0x2a,0x2a,0x29,0x29,0x2b,0x2b,
	0x29,0x29,0x2a,0x2a,0x27,0x2b,0x67,0x69,0x69,0x6a,0x69,0x68,0x6b,0x6c,0x6a,0x6b,0x6a,0x6a,0x6a,0x68,
	0x6a,0x6c,0x68,0x68,0x6a,0x67,0x6a,0x67,0xaa,0xac,0xaa,0xaa,0xab,0xab,0xaa,0xa8,0xab,0xab,0xab,0xaa,
	0xab,0xa8,0xa9,0xac,0xad,0xac,0xae,0xab,0x75,0x77,0x84,0x87,0x94,0x8e,0x9f,0x9d,0xaa,0xa8,0xb3,0xb6,
	0xbb,0xbe,0xc9,0xc7,0xca,0xd1,0xb9,0xc9,0xbc,0xbb,0xc0,0xb7,0x94,0x93,0x94,0x94,0x93,0x91,0x91,0x91,
	0x97,0x96,0x94,0x91,0x90,0x90,0x91,0x91,0x91,0x90,0x91,0x90,0xd2,0xd2,0xd1,0xd1,0xd1,0xd1,0xd1,0xd1,
	0xd1,0xd1,0xd1,0xd1,0xd1,0xd1,0xd1,0xd1,0xd1,0xd1,0xd1,0xd1,0x27,0x29,0x28,0x28,0x27,0x27,0x27,0x27,
	0x2a,0x2a,0x2a,0x2a,0x28,0x29,0x2b,0x2b,0x29,0x2a,0x2a,0x2a,0x28,0x2b,0x68,0x6a,0x69,0x6a,0x6a,0x6a,
	0x6c,0x6c,0x69,0x69,0x68,0x68,0x66,0x67,0x69,0x6b,0x67,0x66,0x67,0x67,0x6a,0x69,0xaa,0xab,0xaa,0xa8,
	0xac,0xab,0xaa,0xa8,0xad,0xac,0xab,0xad,0xad,0xaa,0xaa,0xac,0xaa,0xa8,0xa9,0xa9,0x77,0x79,0x86,0x86,
	0x93,0x8c,0x9f,0x9e,0xa8,0xab,0xb4,0xb8,0xc0,0xc5,0xcb,0xd1,0xcd,0xcf,0xc2,0xc8,0xc5,0xbb,0xc2,0xb1,
	0x96,0x94,0x94,0x96,0x94,0x92,0x92,0x91,0x98,0x97,0x95,0x92,0x91,0x91,0x91,0x92,0x92,0x91,0x92,0x90,
	0xd2,0xd1,0xd1,0xd1,0xd1,0xd1,0xd1,0xd1,0xd1,0xd1,0xd1,0xd1,0xd1,0xd1,0xd1,0xd1,0xd1,0xd1,0xd1,0xd1,
	0x27,0x2a,0x28,0x28,0x28,0x27,0x27,0x27,0x2a,0x2a,0x2a,0x2a,0x28,0x29,0x2b,0x2a,0x28,0x29,0x29,0x29,
	0x27,0x29,0x67,0x68,0x67,0x6a,0x68,0x68,0x6d,0x6c,0x68,0x69,0x69,0x6a,0x68,0x6b,0x6c,0x6d,0x6c,0x68,
	0x67,0x68,0x6f,0x6c,0xac,0xab,0xaa,0xa7,0xaa,0xa8,0xa5,0xa4,0xa9,0xaa,0xaa,0xaa,0xac,0xa9,0xaa,0xac,
	0xaa,0xa8,0xaa,0xaa,0x80,0x7b,0x8c,0x85,0x93,0x90,0xa1,0x9f,0xa7,0xac,0xb5,0xb9,0xc2,0xc7,0xcb,0xce,
	0xce,0xce,0xc7,0xc7,0xc3,0xc2,0xb5,0xb5,0xab,0xae,0xa2,0xa1,0x97,0x95,0x94,0x92,0x94,0x92,0x91,0x91,
	0x92,0x91,0x92,0x93,0x93,0x91,0x91,0x8f,0xd1,0xd1,0xd1,0xd1,0xd1,0xd1,0xd2,0xd2,0xd1,0xd2,0xd2,0xd2,
	0xd2,0xd2,0xd2,0xd2,0xd2,0xd2,0xd2,0xd2,0x27,0x2a,0x28,0x28,0x28,0x27,0x27,0x27,0x2a,0x2b,0x2a,0x2a,
	0x28,0x29,0x2b,0x2b,0x29,0x2a,0x2a,0x2a,0x28,0x2a,0x68,0x68,0x68,0x6a,0x68,0x6a,0x6d,0x6c,0x68,0x69,
	0x68,0x68,0x67,0x6c,0x6b,0x6b,0x6a,0x66,0x67,0x69,0x6e,0x6e,0xad,0xac,0xaa,0xa8,0xaa,0xa9,0xa7,0xa7,
	0xaa,0xac,0xab,0xab,0xab,0xab,0xab,0xac,0xaa,0xa9,0xa9,0xaa,0x82,0x78,0x8a,0x84,0x94,0x97,0xa5,0xa1,
	0xa8,0xab,0xb6,0xb9,0xc2,0xc7,0xcb,0xce,0xce,0xcd,0xc8,0xc6,0xc3,0xc2,0xb6,0xb8,0xb1,0xb6,0xab,0xaa,
	0x9c,0x9a,0x97,0x94,0x94,0x92,0x91,0x91,0x91,0x92,0x93,0x93,0x93,0x91,0x90,0x8f,0xd1,0xd1,0xd1,0xd1,
	0xd1,0xd1,0xd2,0xd2,0xd2,0xd2,0xd2,0xd2,0xd2,0xd2,0xd2,0xd2,0xd2,0xd2,0xd2,0xd2,0x2b,0x2d,0x2b,0x2b,
	0x2b,0x2a,0x29,0x28,0x2b,0x2b,0x2a,0x29,0x26,0x27,0x28,0x28,0x27,0x28,0x28,0x2a,0x28,0x2a,0x68,0x68,
	0x68,0x6c,0x6c,0x6e,0x6f,0x6e,0x6d,0x6d,0x6c,0x6d,0x69,0x6c,0x6a,0x6b,0x6c,0x67,0x68,0x6a,0x6e,0x6c,
	0xae,0xad,0xac,0xa9,0xac,0xab,0xa9,0xa9,0xab,0xab,0xac,0xaa,0xac,0xaa,0xab,0xac,0xab,0xa9,0xaa,0xaa,
	0x77,0x75,0x88,0x7e,0x8a,0x8b,0x9f,0xa1,0xa9,0xab,0xb7,0xb9,0xc2,0xc7,0xcb,0xce,0xce,0xcc,0xc9,0xc6,
	0xc3,0xbf,0xbc,0xbb,0xb2,0xb5,0xac,0xac,0xa2,0x9f,0x9b,0x97,0x94,0x92,0x90,0x90,0x91,0x93,0x94,0x94,
	0x92,0x91,0x90,0x8f,0xd0,0xd0,0xd1,0xd1,0xd2,0xd2,0xd3,0xd3,0xd3,0xd3,0xd3,0xd3,0xd2,0xd2,0xd2,0xd2,
	0xd2,0xd2,0xd2,0xd2,0x28,0x2a,0x28,0x28,0x29,0x29,0x28,0x28,0x2b,0x2b,0x2a,0x29,0x27,0x29,0x2a,0x2a,
	0x29,0x2a,0x29,0x2b,0x29,0x2a,0x67,0x67,0x66,0x69,0x68,0x6a,0x6b,0x6a,0x68,0x69,0x6c,0x6f,0x68,0x6b,
	0x68,0x67,0x6b,0x67,0x66,0x68,0x6a,0x68,0xaa,0xaa,0xab,0xa9,0xaa,0xaa,0xa9,0xa9,0xa9,0xa8,0xaa,0xa9,
	0xa9,0xa7,0xa9,0xa9,0xaa,0xaa,0xa8,0xa8,0x74,0x76,0x88,0x7e,0x92,0x93,0xa3,0xa1,0xa9,0xab,0xb7,0xb9,
	0xc2,0xc7,0xcb,0xce,0xce,0xcc,0xc9,0xc6,0xc3,0xc0,0xbd,0xbb,0xb1,0xb3,0xaa,0xad,0xa6,0xa3,0x9e,0x9a,
	0x96,0x94,0x92,0x91,0x91,0x93,0x94,0x94,0x92,0x91,0x90,0x8f,0xd0,0xd0,0xd1,0xd1,0xd0,0xd0,0xd1,0xd1,
	0xd1,0xd1,0xd1,0xd1,0xd1,0xd1,0xd1,0xd1,0xd1,0xd1,0xd1,0xd1,0x29,0x2a,0x29,0x29,0x29,0x29,0x29,0x28,
	0x2b,0x2c,0x2a,0x29,0x27,0x28,0x2a,0x2a,0x29,0x29,0x28,0x2a,0x29,0x29,0x66,0x66,0x65,0x68,0x68,0x69,
	0x6a,0x69,0x69,0x68,0x6c,0x70,0x6a,0x6b,0x68,0x68,0x6c,0x6a,0x69,0x69,0x69,0x69,0xac,0xab,0xac,0xa9,
	0xab,0xaa,0xa9,0xa9,0xa8,0xa5,0xa9,0xaa,0xa9,0xa8,0xa8,0xa9,0xaa,0xab,0xaa,0xab,0x54,0x4d,0x5e,0x5b,
	0x8a,0x95,0xa4,0xa1,0xa9,0xab,0xb7,0xb9,0xc2,0xc7,0xc9,0xcd,0xce,0xcb,0xc8,0xc5,0xc2,0xc0,0xbd,0xba,
	0xb0,0xb5,0xac,0xae,0xa7,0xa4,0x9f,0x9b,0x98,0x94,0x93,0x92,0x92,0x93,0x94,0x94,0x92,0x91,0x90,0x8f,
	0xd0,0xd0,0xd1,0xd1,0xd0,0xd0,0xd1,0xd1,0xd1,0xd1,0xd1,0xd1,0xd1,0xd1,0xd1,0xd1,0xd1,0xd1,0xd1,0xd1,
	0x29,0x2a,0x29,0x28,0x29,0x29,0x28,0x28,0x2a,0x2a,0x29,0x27,0x25,0x27,0x28,0x28,0x27,0x28,0x27,0x2a,
	0x29,0x29,0x66,0x67,0x66,0x68,0x69,0x6b,0x6b,0x69,0x6a,0x6a,0x6b,0x6a,0x65,0x67,0x65,0x67,0x6b,0x69,
	0x68,0x6b,0x6a,0x6a,0xab,0xab,0xae,0xab,0xad,0xae,0xad,0xad,0xaa,0xa9,0xad,0xaf,0xab,0xa9,0xa8,0xa6,
	0xa8,0xa8,0xaa,0xa9,0x58,0x53,0x62,0x59,0x8a,0x91,0xa2,0xa2,0xaa,0xac,0xb8,0xba,0xc3,0xc8,0xc8,0xcd,
	0xcf,0xcc,0xc8,0xc5,0xc2,0xc1,0xbd,0xba,0xb4,0xb5,0xaf,0xae,0xa8,0xa5,0xa2,0x9e,0x9a,0x96,0x93,0x92,
	0x92,0x93,0x93,0x92,0x92,0x91,0x90,0x8f,0xd0,0xd0,0xd1,0xd1,0xd1,0xd1,0xd2,0xd2,0xd2,0xd2,0xd2,0xd2,
	0xd1,0xd1,0xd1,0xd1,0xd1,0xd1,0xd1,0xd1,0x27,0x28,0x27,0x27,0x27,0x27,0x28,0x27,0x29,0x2a,0x29,0x28,
	0x26,0x28,0x29,0x29,0x28,0x28,0x27,0x29,0x2a,0x2a,0x67,0x67,0x66,0x68,0x68,0x6a,0x69,0x67,0x69,0x68,
	0x6a,0x6d,0x68,0x6b,0x6a,0x6a,0x6d,0x69,0x69,0x6a,0x6b,0x69,0xab,0xa9,0xab,0xaa,0xac,0xaa,0xaa,0xa9,
	0xa8,0xa6,0xab,0xae,0xaa,0xa9,0xa7,0xa4,0xa7,0xa9,0xab,0xad,0x4e,0x4e,0x4d,0x4d,0x4d,0x4e,0x4e,0x55,
	0xac,0xb3,0xb5,0xb6,0xc6,0xc7,0xcb,0xcd,0xce,0xcc,0xc9,0xc5,0xc4,0xc1,0xbd,0xb9,0xb6,0xb3,0xb1,0xae,
	0xa9,0xa5,0xa2,0x9f,0x9c,0x97,0x94,0x93,0x92,0x93,0x93,0x92,0x92,0x91,0x91,0x8f,0xd0,0xd0,0xd1,0xd1,
	0xd0,0xd0,0xd1,0xd1,0xd1,0xd1,0xd0,0xd0,0xd1,0xd1,0xd1,0xd1,0xd1,0xd1,0xd1,0xd1,0x29,0x29,0x28,0x28,
	0x29,0x28,0x29,0x28,0x2a,0x2b,0x2a,0x29,0x27,0x2a,0x2b,0x2b,0x2a,0x2a,0x29,0x2b,0x2b,0x2d,0x6a,0x6a,
	0x69,0x6a,0x6a,0x6c,0x6b,0x6a,0x6b,0x6b,0x6c,0x6d,0x69,0x69,0x6a,0x69,0x6b,0x68,0x68,0x6b,0x6a,0x6a,
	0xab,0xa8,0xab,0xaa,0xab,0xaa,0xaa,0xab,0xa8,0xa4,0xaa,0xab,0xa7,0xa7,0xa7,0xa5,0xa7,0xa5,0xaa,0xab,
	0x4d,0x4e,0x4e,0x4d,0x4e,0x4e,0x55,0x59,0xab,0xaf,0xb6,0xb5,0xc3,0xc8,0xd0,0xd2,0xcb,0xcb,0xcb,0xc4,
	0xc7,0xc1,0xbe,0xb8,0xb7,0xb2,0xb1,0xae,0xaa,0xa6,0xa3,0xa0,0x9d,0x9a,0x96,0x93,0x92,0x92,0x94,0x93,
	0x92,0x91,0x93,0x90,0xd0,0xd0,0xd1,0xd1,0xd0,0xd0,0xd1,0xd1,0xd1,0xd0,0xcf,0xcf,0xd1,0xd1,0xd1,0xd1,
	0xd1,0xd1,0xd1,0xd1,0x2a,0x2a,0x29,0x29,0x2a,0x29,0x2a,0x29,0x2b,0x2a,0x29,0x29,0x26,0x29,0x29,0x2b,
	0x29,0x2a,0x28,0x29,0x2a,0x2b,0x68,0x6a,0x68,0x69,0x68,0x6b,0x6a,0x69,0x6b,0x6a,0x6b,0x6f,0x6a,0x67,
	0x69,0x69,0x69,0x65,0x66,0x69,0x68,0x66,0xa9,0xa5,0xaa,0xa9,0xac,0xab,0xad,0xae,0xab,0xa9,0xab,0xac,
	0xa7,0xaa,0xab,0xa9,0xaa,0xa8,0xa9,0xa9,0x4e,0x4f,0x4e,0x4e,0x4e,0x4f,0x54,0x51,0x51,0x4e,0x54,0x53,
	0xc6,0xc7,0xd2,0xcd,0xcb,0xcd,0xcd,0xd5,0xc7,0xc1,0xbd,0xb6,0xb7,0xb3,0xb0,0xaf,0xab,0xa6,0xa3,0xa1,
	0xa0,0x9d,0x99,0x94,0x93,0x92,0x92,0x92,0x93,0x93,0x94,0x93,0xd1,0xd4,0xcd,0xd5,0xce,0xd4,0xd2,0xd3,
	0xd1,0xd1,0xcf,0xcd,0xcf,0xd0,0xd1,0xd1,0xd1,0xd1,0xd1,0xd1,0x29,0x29,0x28,0x28,0x29,0x28,0x28,0x28,
	0x29,0x28,0x27,0x27,0x24,0x27,0x27,0x29,0x28,0x28,0x27,0x27,0x28,0x2a,0x67,0x6a,0x68,0x69,0x68,0x6b,
	0x6b,0x6a,0x6c,0x6c,0x69,0x6a,0x67,0x66,0x6a,0x68,0x69,0x65,0x66,0x68,0x6a,0x6a,0xad,0xa9,0xad,0xad,
	0xac,0xab,0xab,0xad,0xad,0xaa,0xad,0xab,0xa7,0xaa,0xaa,0xa8,0xa9,0xa8,0xa9,0xac,0x4e,0x4f,0x4e,0x4e,
	0x4e,0x4e,0x51,0x4f,0x4d,0x4b,0x4c,0x4f,0xc2,0xc8,0xcb,0xc8,0xcd,0xcd,0xcc,0xc6,0xca,0xc4,0xb9,0xb9,
	0xb7,0xb5,0xaf,0xaf,0xaa,0xa6,0xa3,0xa1,0xa0,0x9d,0x9a,0x95,0x93,0x91,0x90,0x92,0x95,0x98,0x94,0x99,
	0xcf,0xd0,0xd1,0xcd,0xd6,0xd2,0xd1,0xd4,0xd3,0xd1,0xce,0xcb,0xcf,0xd0,0xd1,0xd1,0xd1,0xd1,0xd1,0xd1,
	0x29,0x28,0x29,0x29,0x2a,0x28,0x28,0x29,0x29,0x29,0x28,0x28,0x26,0x28,0x29,0x2a,0x29,0x29,0x29,0x28,
	0x29,0x2c,0x69,0x6b,0x6a,0x6a,0x6a,0x6c,0x6b,0x6a,0x6d,0x6c,0x6a,0x6b,0x69,0x69,0x6c,0x6b,0x6a,0x65,
	0x66,0x68,0x6a,0x6c,0xac,0xab,0xac,0xab,0xaa,0xa8,0xaa,0xac,0xad,0xaa,0xad,0xae,0xa9,0xab,0xab,0xa9,
	0xac,0xa9,0xac,0xac,0x4f,0x4f,0x4e,0x4d,0x4e,0x4f,0x4e,0x4b,0x52,0x4e,0x51,0x50,0x52,0x52,0x57,0x5d,
	0xd4,0xcd,0xcc,0xcb,0xc3,0xcb,0xc4,0xbb,0xb7,0xb6,0xaf,0xb0,0xaa,0xa7,0xa4,0xa1,0xa0,0x9e,0x9a,0x94,
	0x94,0x95,0x94,0x95,0x95,0x99,0x96,0x98,0x9c,0x91,0xa4,0xa4,0xd1,0xd0,0xd3,0xcf,0xd3,0xd7,0xd9,0xd6,
	0xd3,0xd2,0xd1,0xd1,0xd1,0xd1,0xd1,0xd1,0x2a,0x28,0x29,0x29,0x29,0x27,0x28,0x28,0x28,0x27,0x27,0x28,
	0x25,0x27,0x28,0x29,0x28,0x28,0x28,0x26,0x27,0x2b,0x67,0x6a,0x69,0x69,0x68,0x6b,0x6a,0x69,0x6b,0x6a,
	0x66,0x6a,0x69,0x66,0x6a,0x69,0x68,0x66,0x6a,0x6a,0x6b,0x6b,0xab,0xa8,0xa7,0xa7,0xa9,0xa8,0xab,0xad,
	0xac,0xa9,0xaa,0xad,0xa9,0xac,0xad,0xaa,0xab,0xa8,0xa9,0xa8,0x50,0x50,0x4f,0x4f,0x4f,0x4e,0x4e,0x4e,
	0x52,0x52,0x50,0x53,0x4e,0x56,0x53,0x56,0xcd,0xc3,0xc6,0xc1,0xc4,0xcd,0xbd,0xba,0xb7,0xb5,0xaf,0xb0,
	0xaa,0xa6,0xa4,0xa1,0x9e,0x9d,0x99,0x94,0x93,0x94,0x94,0x94,0x92,0x97,0x9b,0x9f,0x95,0x8d,0xa6,0xa4,
	0xd1,0xcd,0xc9,0xcc,0xd5,0xd9,0xd6,0xd2,0xd0,0xd0,0xd1,0xd1,0xd1,0xd1,0xd1,0xd1,0x2a,0x28,0x29,0x29,
	0x2a,0x27,0x28,0x29,0x28,0x28,0x29,0x2a,0x28,0x2a,0x2b,0x2c,0x2b,0x2b,0x2a,0x28,0x28,0x2c,0x69,0x6c,
	0x6b,0x69,0x69,0x6c,0x6a,0x68,0x6c,0x69,0x68,0x6b,0x6a,0x67,0x6b,0x69,0x6a,0x6a,0x6c,0x6c,0x6d,0x6d,
	0xad,0xa9,0xa9,0xa7,0xaa,0xa8,0xaa,0xab,0xaa,0xa7,0xa8,0xaa,0xa7,0xab,0xab,0xa9,0xab,0xa8,0xa8,0xa9,
	0x51,0x51,0x50,0x4f,0x4f,0x4f,0x4f,0x4f,0x52,0x53,0x4f,0x53,0x51,0x50,0x57,0x52,0x59,0x52,0x56,0x55,
	0xc2,0xc1,0xba,0xb9,0xb7,0xb5,0xae,0xb0,0xa9,0xa7,0xa3,0xa0,0x9d,0x9c,0x99,0x94,0x92,0x93,0x92,0x96,
	0x96,0x9b,0x94,0x91,0x9c,0x9d,0xa1,0xa2,0xa1,0xa0,0xa3,0xb2,0xc8,0xd4,0xd2,0xcf,0xcf,0xd0,0xd1,0xd1,
	0xd1,0xd1,0xd1,0xd1,0x2b,0x28,0x2a,0x2a,0x2a,0x27,0x28,0x29,0x27,0x27,0x28,0x29,0x27,0x28,0x28,0x2a,
	0x29,0x29,0x29,0x26,0x27,0x2b,0x68,0x6b,0x6a,0x68,0x69,0x6d,0x6b,0x69,0x6d,0x69,0x66,0x67,0x6a,0x66,
	0x6a,0x6a,0x6b,0x67,0x69,0x68,0x69,0x6b,0xad,0xad,0xab,0xa9,0xac,0xa7,0xa7,0xab,0xac,0xac,0xab,0xad,
	0xa8,0xab,0xac,0xa9,0xad,0xab,0xac,0xad,0x51,0x51,0x50,0x4f,0x4f,0x50,0x4f,0x4f,0x50,0x51,0x4f,0x51,
	0x50,0x50,0x61,0x53,0x5a,0x51,0x4e,0x58,0xba,0xb8,0xbc,0xb2,0xb7,0xb5,0xae,0xb0,0xa9,0xa6,0xa2,0xa0,
	0x9e,0x9c,0x99,0x94,0x92,0x92,0x92,0x93,0x96,0x98,0x97,0x90,0x9b,0xa4,0x9e,0xa0,0x9a,0x99,0x9c,0xad,
	0xc9,0xd9,0xd8,0xd3,0xd0,0xd0,0xd1,0xd1,0xd1,0xd1,0xd1,0xd1,0x2a,0x27,0x29,0x2a,0x2a,0x27,0x28,0x29,
	0x27,0x27,0x28,0x2a,0x27,0x29,0x29,0x2b,0x2a,0x2b,0x2b,0x27,0x28,0x2c,0x67,0x6b,0x6a,0x68,0x68,0x6d,
	0x6c,0x69,0x6d,0x69,0x68,0x6a,0x6c,0x68,0x6c,0x6b,0x6d,0x6b,0x6a,0x6a,0x6c,0x6d,0xae,0xad,0xab,0xab,
	0xaf,0xac,0xab,0xae,0xaf,0xaf,0xad,0xad,0xa8,0xab,0xac,0xaa,0xac,0xa9,0xa9,0xa9,0x51,0x51,0x50,0x50,
	0x4f,0x4f,0x4f,0x50,0x50,0x50,0x50,0x51,0x50,0x50,0x50,0x50,0x4c,0x55,0x55,0x53,0x66,0x63,0x8b,0x8f,
	0xbb,0xb6,0xaf,0xad,0xad,0xac,0xa5,0xa2,0x9f,0x9d,0x99,0x94,0x93,0x92,0x91,0x91,0x93,0x94,0x99,0x93,
	0x93,0x9c,0x9f,0x9d,0x9d,0x9b,0x9c,0xa0,0xa3,0xa3,0x9c,0xa5,0xce,0xcf,0xd0,0xd0,0xd1,0xd1,0xd1,0xd1,
	0x2d,0x29,0x2c,0x2c,0x2c,0x29,0x2a,0x2b,0x28,0x27,0x28,0x29,0x26,0x28,0x28,0x29,0x28,0x29,0x2a,0x27,
	0x26,0x2a,0x65,0x68,0x67,0x65,0x67,0x6c,0x6a,0x66,0x6b,0x66,0x6a,0x6a,0x6c,0x66,0x6b,0x68,0x69,0x67,
	0x69,0x69,0x6b,0x6a,0xa7,0xa6,0xa6,0xa6,0xaf,0xac,0xaa,0xad,0xaf,0xac,0xa8,0xab,0xa9,0xac,0xad,0xaa,
	0xa9,0xa7,0xa9,0xa8,0x51,0x51,0x51,0x51,0x4f,0x4f,0x4f,0x50,0x50,0x51,0x50,0x51,0x51,0x51,0x51,0x52,
	0x5a,0x5e,0x51,0x54,0x5a,0x5f,0x95,0x97,0xb5,0xb3,0xb2,0xaf,0xab,0xa8,0xa5,0xa2,0x9f,0x9e,0x9a,0x94,
	0x93,0x92,0x90,0x8f,0x94,0x96,0x96,0x92,0x98,0x9b,0x9c,0x9c,0x9c,0x9c,0x9c,0xa0,0xa4,0xa6,0xa1,0xac,
	0xcd,0xce,0xcf,0xcf,0xd1,0xd1,0xd1,0xd1,0x2a,0x27,0x29,0x2b,0x2c,0x28,0x28,0x29,0x27,0x26,0x27,0x29,
	0x26,0x28,0x29,0x2a,0x2a,0x2a,0x2a,0x29,0x28,0x2b,0x67,0x69,0x6a,0x68,0x69,0x6e,0x6b,0x67,0x6b,0x68,
	0x6a,0x6c,0x6d,0x68,0x6c,0x6a,0x69,0x67,0x68,0x69,0x6b,0x68,0xaa,0xa6,0xa5,0xa6,0xad,0xac,0xab,0xad,
	0xaf,0xae,0xa9,0xac,0xaa,0xab,0xae,0xab,0xaa,0xa8,0xa9,0xa9,0x50,0x51,0x51,0x51,0x4f,0x4f,0x4f,0x50,
	0x51,0x51,0x51,0x52,0x52,0x51,0x52,0x54,0x53,0x4f,0x4f,0x53,0x50,0x50,0x93,0x92,0x95,0x94,0x97,0x9a,
	0xa2,0xa7,0xa6,0xa3,0xa0,0x9e,0x9a,0x94,0x93,0x92,0x92,0x92,0x94,0x97,0x95,0x99,0x99,0x9b,0x9a,0x9b,
	0x9b,0x9c,0x9d,0x9f,0xa0,0xa1,0xa6,0xaa,0xa4,0xa6,0xb0,0xa9,0xce,0xcf,0xd0,0xd3,0x29,0x29,0x2a,0x2c,
	0x2c,0x28,0x27,0x28,0x26,0x26,0x27,0x29,0x26,0x28,0x28,0x2b,0x2b,0x2b,0x2b,0x2a,0x28,0x2c,0x68,0x69,
	0x6a,0x69,0x6a,0x6d,0x6b,0x69,0x6b,0x68,0x6a,0x6b,0x6c,0x68,0x6a,0x6b,0x68,0x67,0x68,0x69,0x6c,0x69,
	0xab,0xa8,0xaa,0xaa,0xac,0xab,0xaa,0xac,0xae,0xae,0xaa,0xab,0xa9,0xaa,0xac,0xaa,0xa9,0xa9,0xa8,0xa9,
	0x50,0x50,0x50,0x51,0x4d,0x50,0x4f,0x51,0x51,0x53,0x52,0x52,0x51,0x50,0x51,0x54,0x4f,0x4e,0x4e,0x54,
	0x4e,0x51,0x92,0x91,0x94,0x92,0x93,0x97,0x9d,0xa0,0xa0,0x9e,0x9d,0x9d,0x99,0x94,0x93,0x92,0x92,0x93,
	0x94,0x96,0x97,0x99,0x99,0x9b,0x9b,0x9b,0x9b,0x9d,0x9e,0x9f,0x9f,0x9f,0xa3,0xa7,0xa5,0xa6,0xae,0xab,
	0xd3,0xce,0xc9,0xc9,0x26,0x26,0x27,0x28,0x2b,0x2a,0x27,0x28,0x27,0x26,0x27,0x29,0x26,0x28,0x28,0x2a,
	0x2a,0x2a,0x2a,0x2a,0x28,0x2c,0x69,0x69,0x6a,0x69,0x6a,0x6b,0x6a,0x6a,0x6a,0x68,0x69,0x69,0x69,0x65,
	0x6a,0x6a,0x69,0x67,0x68,0x69,0x6d,0x6b,0xaf,0xac,0xae,0xad,0xab,0xaa,0xa9,0xac,0xad,0xae,0xaa,0xa9,
	0xa8,0xa8,0xa8,0xa8,0xa8,0xa8,0xa8,0xa8,0x50,0x50,0x50,0x51,0x4e,0x4f,0x4f,0x50,0x50,0x53,0x51,0x52,
	0x50,0x50,0x51,0x54,0x52,0x51,0x51,0x54,0x52,0x53,0x93,0x91,0x92,0x8f,0x8f,0x90,0x95,0x96,0x94,0x92,
	0x9d,0x9b,0x98,0x93,0x92,0x92,0x92,0x94,0x95,0x97,0x98,0x99,0x9a,0x9b,0x9c,0x9c,0x9c,0x9e,0x9f,0xa0,
	0xa2,0xa5,0xa6,0xa3,0xa6,0xa7,0xa1,0xa0,0x9d,0x98,0x95,0x9f,0x2f,0x29,0x27,0x33,0x2a,0x26,0x27,0x28,
	0x27,0x26,0x27,0x28,0x26,0x28,0x28,0x29,0x2a,0x2a,0x2a,0x2a,0x28,0x2b,0x6a,0x69,0x6a,0x6a,0x6a,0x6a,
	0x6a,0x6a,0x6a,0x69,0x69,0x69,0x6a,0x68,0x6c,0x6c,0x6a,0x67,0x69,0x69,0x6c,0x6c,0xad,0xad,0xac,0xac,
	0xab,0xaa,0xa9,0xaa,0xaa,0xab,0xa8,0xa9,0xab,0xab,0xab,0xab,0xab,0xab,0xab,0xab,0x51,0x50,0x51,0x52,
	0x4e,0x4f,0x4f,0x50,0x51,0x53,0x50,0x50,0x4f,0x50,0x50,0x52,0x50,0x50,0x51,0x55,0x51,0x52,0x94,0x91,
	0x94,0x90,0x90,0x90,0x94,0x95,0x92,0x91,0x9b,0x9a,0x97,0x93,0x92,0x92,0x92,0x94,0x95,0x97,0x98,0x9a,
	0x9b,0x9d,0x9e,0x9e,0x9e,0xa0,0xa0,0xa1,0xa3,0xa6,0xa6,0xa1,0xac,0xac,0xa3,0xa1,0x9e,0x94,0x8f,0x97,
	0x31,0x30,0x26,0x35,0x28,0x2d,0x29,0x28,0x26,0x26,0x28,0x28,0x27,0x28,0x29,0x2a,0x2a,0x2a,0x2a,0x2a,
	0x28,0x2b,0x6a,0x69,0x6a,0x6a,0x6a,0x6a,0x6a,0x6a,0x69,0x68,0x6a,0x6c,0x6b,0x66,0x69,0x68,0x66,0x64,
	0x68,0x68,0x6a,0x6a,0xab,0xaa,0xa9,0xaa,0xa9,0xa8,0xa8,0xa7,0xa8,0xab,0xa7,0xa8,0xab,0xab,0xab,0xab,
	0xab,0xab,0xab,0xab,0x50,0x51,0x52,0x53,0x4f,0x51,0x51,0x51,0x51,0x53,0x51,0x52,0x50,0x51,0x51,0x54,
	0x50,0x4f,0x51,0x53,0x51,0x51,0x92,0x90,0x93,0x90,0x90,0x8f,0x93,0x94,0x92,0x91,0x97,0x96,0x94,0x92,
	0x91,0x90,0x92,0x95,0x97,0x98,0x98,0x9a,0x9d,0x9f,0x9e,0x9e,0x9e,0xa1,0xa2,0xa3,0xa4,0xa5,0xa4,0xa8,
	0xab,0xa9,0xa6,0xa5,0xa3,0x9c,0x91,0x8b,0x7a,0x81,0x6b,0x6f,0x2f,0x29,0x28,0x28,0x28,0x26,0x28,0x28,
	0x27,0x28,0x2a,0x2c,0x2b,0x2a,0x2a,0x2a,0x28,0x2b,0x6a,0x69,0x69,0x6a,0x6a,0x6a,0x6a,0x6a,0x69,0x69,
	0x69,0x6c,0x6b,0x67,0x6a,0x68,0x69,0x69,0x6b,0x6a,0x6b,0x6b,0xac,0xaa,0xaa,0xa9,0xa9,0xa9,0xac,0xad,
	0xad,0xb0,0xab,0xac,0xaf,0xad,0xad,0xad,0xad,0xad,0xad,0xad,0x54,0x53,0x56,0x56,0x53,0x54,0x53,0x52,
	0x51,0x53,0x51,0x51,0x50,0x4f,0x50,0x51,0x50,0x4e,0x4f,0x52,0x50,0x4f,0x91,0x91,0x92,0x8f,0x90,0x8e,
	0x93,0x94,0x92,0x90,0x93,0x93,0x93,0x91,0x90,0x8f,0x91,0x94,0x98,0x99,0x98,0x9b,0x9e,0x9f,0x9b,0x9d,
	0x9f,0xa0,0xa1,0xa2,0xa5,0xa6,0xa9,0xa9,0xaa,0xa9,0xa7,0xa2,0x9e,0x99,0x90,0x8b,0x78,0x83,0x77,0x73,
	0x2a,0x2e,0x2b,0x2d,0x2a,0x26,0x28,0x28,0x27,0x28,0x29,0x2b,0x2b,0x2a,0x2a,0x2a,0x28,0x2b,0x69,0x68,
	0x68,0x6a,0x6a,0x6a,0x6a,0x6a,0x69,0x69,0x68,0x69,0x6a,0x66,0x69,0x69,0x6a,0x66,0x68,0x66,0x67,0x69,
	0xac,0xad,0xac,0xaa,0xa8,0xa8,0xac,0xac,0xaa,0xac,0xa6,0xa7,0xab,0xaa,0xaa,0xaa,0xaa,0xaa,0xaa,0xaa,
	0x52,0x52,0x55,0x56,0x52,0x53,0x52,0x52,0x4f,0x52,0x50,0x50,0x50,0x50,0x50,0x52,0x4e,0x4e,0x4f,0x51,
	0x4f,0x4f,0x90,0x91,0x92,0x8f,0x8f,0x8f,0x93,0x94,0x92,0x92,0x91,0x92,0x91,0x91,0x8f,0x90,0x90,0x92,
	0x95,0x97,0x9a,0x9c,0x9e,0x9e,0x92,0x9b,0x9d,0x9e,0xa0,0xa2,0xa3,0xa6,0xa8,0xaa,0xab,0xaf,0xab,0xa7,
	0xa0,0x99,0x92,0x8d,0x83,0x81,0x76,0x73,0x68,0x6a,0x5b,0x58,0x2b,0x27,0x29,0x29,0x28,0x29,0x29,0x2c,
	0x36,0x2b,0x2a,0x2a,0x29,0x2c,0x6e,0x6c,0x69,0x6b,0x6a,0x6a,0x6a,0x69,0x69,0x69,0x6a,0x6c,0x6c,0x67,
	0x6a,0x68,0x6b,0x68,0x68,0x68,0x69,0x6c,0xae,0xaf,0xae,0xac,0xab,0xaa,0xaa,0xaa,0xaa,0xaa,0xaa,0xaa,
	0xaa,0xab,0xaa,0xaa,0xaa,0xaa,0xaa,0xaa,0x52,0x51,0x54,0x55,0x52,0x54,0x52,0x53,0x52,0x53,0x51,0x53,
	0x52,0x53,0x53,0x55,0x52,0x51,0x52,0x53,0x51,0x4f,0x91,0x92,0x93,0x8f,0x8f,0x8f,0x91,0x91,0x91,0x91,
	0x91,0x92,0x91,0x91,0x91,0x91,0x92,0x92,0x8d,0x94,0x9e,0x9e,0x9a,0x9b,0x98,0x97,0x9b,0x9b,0x9f,0xa2,
	0xa1,0xa4,0xa7,0xa8,0xa9,0xaa,0xa6,0xa3,0x9f,0x98,0x8f,0x8c,0x81,0x80,0x75,0x72,0x66,0x6b,0x5d,0x56,
	0x2d,0x2a,0x2b,0x2b,0x2a,0x2a,0x29,0x2c,0x32,0x2c,0x2c,0x2d,0x29,0x2c,0x62,0x60,0x6a,0x6b,0x6a,0x6a,
	0x6a,0x69,0x69,0x69,0x68,0x68,0x68,0x64,0x69,0x67,0x6b,0x68,0x6c,0x6b,0x6b,0x6c,0xa7,0xa7,0xa7,0xa7,
	0xa8,0xaa,0xab,0xac,0xab,0xac,0xac,0xac,0xab,0xad,0xaa,0xaa,0xaa,0xaa,0xaa,0xaa,0x52,0x52,0x55,0x56,
	0x51,0x51,0x51,0x50,0x4e,0x4e,0x4f,0x4e,0x4f,0x50,0x51,0x51,0x4e,0x4e,0x50,0x52,0x51,0x4f,0x91,0x92,
	0x93,0x91,0x90,0x8f,0x91,0x92,0x92,0x92,0x91,0x90,0x90,0x90,0x91,0x92,0x91,0x92,0x90,0x8c,0x91,0x86,
	0xa2,0x97,0x9f,0x9a,0xa2,0x9b,0x9f,0xa1,0x9e,0xa1,0xa3,0xa6,0xa8,0xa8,0xa4,0xa0,0x9c,0x90,0x8e,0x8a,
	0x7f,0x80,0x75,0x72,0x66,0x6b,0x5d,0x59,0x4e,0x51,0x3f,0x39,0x2b,0x2c,0x28,0x2b,0x29,0x2a,0x2a,0x2a,
	0x29,0x2c,0x68,0x67,0x6b,0x6b,0x6a,0x6a,0x6a,0x69,0x69,0x69,0x68,0x69,0x6a,0x68,0x6c,0x69,0x6b,0x67,
	0x6a,0x6a,0x6b,0x6c,0xab,0xa8,0xa8,0xa8,0xa8,0xa9,0xac,0xad,0xac,0xaf,0xab,0xab,0xae,0xac,0xac,0xac,
	0xac,0xac,0xac,0xac,0x50,0x51,0x53,0x54,0x52,0x53,0x52,0x53,0x51,0x51,0x51,0x53,0x53,0x53,0x53,0x54,
	0x51,0x50,0x52,0x51,0x50,0x50,0x91,0x91,0x94,0x91,0x91,0x90,0x91,0x92,0x93,0x91,0x90,0x8e,0x8d,0x8d,
	0x8f,0x91,0x90,0x93,0x93,0x8e,0x93,0x8a,0xac,0xa3,0xaa,0xa4,0x9a,0x9f,0x9e,0xa0,0x9f,0x9c,0x9f,0xa4,
	0xa7,0xa9,0xa7,0x9f,0x97,0x92,0x92,0x89,0x7f,0x80,0x75,0x72,0x66,0x6b,0x5d,0x59,0x4d,0x55,0x42,0x3e,
	0x2c,0x2e,0x28,0x2a,0x29,0x2a,0x2a,0x2a,0x28,0x2b,0x69,0x68,0x6b,0x6b,0x6b,0x6b,0x6a,0x69,0x6a,0x69,
	0x68,0x6a,0x6c,0x6a,0x6c,0x6a,0x6c,0x67,0x68,0x6a,0x6b,0x6b,0xaa,0xaa,0xa9,0xa9,0xa9,0xa8,0xac,0xac,
	0xaa,0xac,0xa6,0xa7,0xab,0xaa,0xaa,0xaa,0xaa,0xaa,0xaa,0xaa,0x4f,0x50,0x53,0x53,0x52,0x52,0x52,0x51,
	0x50,0x51,0x51,0x53,0x53,0x53,0x54,0x54,0x51,0x4f,0x51,0x4e,0x51,0x4f,0x8f,0x92,0x92,0x91,0x92,0x91,
	0x93,0x93,0x94,0x95,0x93,0x92,0x8f,0x8f,0x90,0x90,0x8f,0x92,0x90,0x8b,0x93,0x94,0xc9,0xca,0xd2,0xcf,
	0xa1,0x9b,0x9c,0x9f,0xa1,0xa2,0xa4,0xa6,0xa7,0xa9,0xa4,0xa2,0xa0,0x92,0x8f,0x88,0x7e,0x80,0x75,0x72,
	0x66,0x6b,0x5d,0x59,0x52,0x55,0x40,0x44,0x3a,0x32,0x2b,0x2b,0x2d,0x2a,0x2a,0x2a,0x28,0x2b,0x6b,0x6a,
	0x6a,0x6a,0x6a,0x6a,0x6a,0x6a,0x6a,0x69,0x68,0x69,0x6b,0x68,0x6b,0x6a,0x6c,0x67,0x68,0x69,0x6a,0x6a,
	0xaa,0xaa,0xa9,0xa9,0xaa,0xaa,0xaa,0xaa,0xaa,0xaa,0xaa,0xaa,0xaa,0xab,0xaa,0xaa,0xaa,0xaa,0xaa,0xaa,
	0x51,0x51,0x53,0x54,0x51,0x51,0x51,0x52,0x51,0x50,0x51,0x52,0x52,0x53,0x53,0x54,0x53,0x51,0x52,0x50,
	0x51,0x4e,0x90,0x91,0x91,0x91,0x91,0x90,0x91,0x90,0x91,0x92,0x92,0x91,0x8f,0x90,0x90,0x90,0x90,0x92,
	0x91,0x8c,0x90,0x93,0xcf,0xd2,0xd7,0xd5,0xad,0xa4,0x9c,0xa0,0x9d,0x9f,0xa1,0xa4,0xa6,0xa8,0xa5,0xa3,
	0x9d,0x92,0x8e,0x88,0x7e,0x80,0x75,0x72,0x66,0x6b,0x5d,0x59,0x4e,0x56,0x44,0x40,0x3a,0x33,0x2a,0x2b,
	0x2b,0x2a,0x2a,0x2a,0x28,0x2b,0x69,0x68,0x6a,0x6a,0x6a,0x6a,0x6a,0x6a,0x6a,0x69,0x69,0x6a,0x6c,0x69,
	0x6b,0x6a,0x6b,0x67,0x69,0x69,0x6a,0x6a,0xaa,0xaa,0xaa,0xaa,0xaa,0xaa,0xab,0xac,0xaa,0xab,0xac,0xab,
	0xaa,0xac,0xa9,0xa9,0xa9,0xa9,0xa9,0xa9,0x52,0x53,0x55,0x54,0x52,0x53,0x53,0x51,0x51,0x51,0x51,0x52,
	0x50,0x52,0x51,0x53,0x51,0x50,0x50,0x4e,0x52,0x4e,0x8f,0x91,0x92,0x92,0x92,0x93,0x93,0x94,0x94,0x93,
	0x91,0x90,0x8f,0x91,0x91,0x91,0x92,0x93,0x90,0x8c,0x8e,0x91,0xd3,0xd5,0xd8,0xd5,0xcc,0xcc,0xd3,0xd3,
	0xaf,0xa2,0xa0,0xa2,0xa6,0xa7,0xa4,0xa2,0x9d,0x93,0x8e,0x89,0x7f,0x80,0x75,0x72,0x66,0x6b,0x5d,0x59,
	0x51,0x54,0x44,0x44,0x38,0x34,0x37,0x2e,0x36,0x2b,0x2a,0x2a,0x29,0x2c,0x6d,0x6b,0x6a,0x6a,0x6a,0x6a,
	0x6a,0x6a,0x69,0x69,0x6a,0x6b,0x6c,0x69,0x6c,0x6a,0x6b,0x67,0x69,0x69,0x6a,0x6a,0xaa,0xaa,0xaa,0xaa,
	0xaa,0xaa,0xa9,0xab,0xa8,0xa8,0xaa,0xa9,0xaa,0xab,0xa9,0xa9,0xa9,0xa9,0xa9,0xa9,0x51,0x51,0x52,0x53,
	0x51,0x50,0x51,0x52,0x52,0x52,0x53,0x51,0x51,0x54,0x53,0x53,0x52,0x51,0x52,0x4f,0x51,0x50,0x90,0x91,
	0x92,0x93,0x92,0x92,0x93,0x92,0x92,0x93,0x91,0x91,0x8f,0x91,0x90,0x90,0x90,0x90,0x90,0x8f,0x91,0x94,
	0xd8,0xd9,0xdc,0xdb,0xd6,0xd2,0xd2,0xd4,0xad,0xa5,0xa0,0xa0,0xa6,0xa6,0xa3,0xa1,0x9c,0x91,0x8e,0x89,
	0x7f,0x80,0x75,0x72,0x66,0x6b,0x5d,0x59,0x51,0x54,0x44,0x44,0x36,0x36,0x34,0x2e,0x38,0x2c,0x2c,0x2c,
	0x29,0x2c,0x67,0x65,0x69,0x6a,0x6a,0x6a,0x6a,0x6a,0x69,0x68,0x68,0x6b,0x6d,0x6a,0x6c,0x6b,0x6c,0x68,
	0x69,0x69,0x6b,0x6a,0xaa,0xaa,0xaa,0xaa,0xa9,0xa8,0xa7,0xa9,0xa3,0xa4,0xa8,0xa7,0xa8,0xa9,0xa9,0xa9,
	0xa9,0xa9,0xa9,0xa9,0x53,0x51,0x52,0x53,0x51,0x51,0x52,0x51,0x51,0x51,0x52,0x50,0x4f,0x53,0x51,0x52,
	0x51,0x4f,0x52,0x4e,0x53,0x51,0x90,0x91,0x91,0x92,0x91,0x91,0x90,0x8e,0x8d,0x90,0x91,0x91,0x8f,0x91,
	0x8f,0x8f,0x90,0x91,0x92,0x94,0x95,0x91,0xd0,0xcb,0xcb,0xcb,0xcb,0xc4,0xd1,0xd6,0xd5,0xda,0xcc,0xd2,
	0xa2,0xa5,0xa4,0xa0,0x9a,0x92,0x8e,0x88,0x7e,0x80,0x75,0x72,0x66,0x6a,0x5d,0x5a,0x50,0x55,0x45,0x45,
	0x36,0x37,0x2c,0x2c,0x2d,0x2c,0x2c,0x2e,0x33,0x33,0x41,0x42,0x68,0x6a,0x6a,0x6a,0x6a,0x6a,0x69,0x68,
	0x69,0x6b,0x6d,0x6a,0x6d,0x6b,0x6c,0x68,0x6a,0x6a,0x6b,0x6b,0xaa,0xa9,0xa9,0xaa,0xa9,0xa8,0xa8,0xa8,
	0xa8,0xa8,0xa9,0xaa,0xa9,0xa9,0xa9,0xa9,0xa9,0xa9,0xa9,0xa9,0x4f,0x4e,0x4f,0x4f,0x4f,0x4f,0x51,0x51,
	0x50,0x52,0x51,0x51,0x51,0x52,0x4f,0x51,0x51,0x4f,0x50,0x4f,0x52,0x50,0x90,0x91,0x90,0x90,0x8f,0x8e,
	0x8e,0x8c,0x8c,0x8f,0x90,0x92,0x90,0x92,0x90,0x90,0x92,0x90,0x90,0x93,0x94,0x91,0xd2,0xcf,0xd1,0xd5,
	0xcf,0xc9,0xcf,0xcb,0xd5,0xce,0xd5,0xd0,0xa3,0xa6,0xac,0x9f,0x99,0x93,0x8f,0x88,0x7e,0x80,0x75,0x72,
	0x67,0x6a,0x5d,0x5c,0x51,0x55,0x45,0x45,0x36,0x37,0x2a,0x2b,0x2b,0x2c,0x2d,0x2f,0x36,0x34,0x37,0x39,
	0x69,0x6b,0x6a,0x6a,0x69,0x69,0x69,0x69,0x6a,0x6b,0x6d,0x6a,0x6d,0x6b,0x6d,0x69,0x6a,0x6a,0x6b,0x6b,
	0xa9,0xa9,0xa9,0xa9,0xa9,0xa9,0xa9,0xa9,0xa9,0xa9,0xaa,0xaa,0xaa,0xaa,0xaa,0xaa,0xaa,0xaa,0xaa,0xaa,
	0x52,0x50,0x51,0x52,0x50,0x50,0x51,0x52,0x50,0x52,0x52,0x50,0x50,0x52,0x50,0x50,0x51,0x50,0x4f,0x50,
	0x52,0x51,0x91,0x92,0x91,0x92,0x91,0x90,0x8f,0x8e,0x8e,0x91,0x92,0x92,0x92,0x93,0x91,0x92,0x93,0x94,
	0x90,0x93,0x93,0x92,0xd3,0xd2,0xd3,0xd3,0xd3,0xd3,0xd3,0xd1,0xd2,0xd2,0xd2,0xd3,0xd0,0xcf,0xcc,0xc9,
	0x95,0x94,0x97,0x92,0x7d,0x80,0x73,0x71,0x67,0x6a,0x5e,0x5d,0x53,0x55,0x46,0x45,0x37,0x37,0x2b,0x2b,
	0x47,0x79,0x4b,0x82,0x77,0x54,0x6b,0x4f,0x51,0x98,0x4e,0x56,0x7c,0x8b,0x72,0x91,0x69,0x6b,0x6d,0x6a,
	0x6d,0x6c,0x6d,0x69,0x6a,0x6a,0x6b,0x6b,0xa9,0xa9,0xa9,0xa9,0xaa,0xaa,0xaa,0xaa,0xab,0xab,0xaa,0xab,
	0xab,0xaa,0xaa,0xaa,0xaa,0xaa,0xaa,0xaa,0x54,0x52,0x53,0x53,0x52,0x51,0x52,0x51,0x50,0x50,0x50,0x4e,
	0x50,0x52,0x50,0x50,0x51,0x50,0x4f,0x4f,0x51,0x53,0x92,0x93,0x91,0x91,0x90,0x90,0x8f,0x8e,0x8e,0x91,
	0x91,0x91,0x8f,0x91,0x8f,0x90,0x91,0x92,0x90,0x92,0x91,0x92,0xd3,0xd3,0xd3,0xd2,0xd2,0xd2,0xd1,0xcf,
	0xd0,0xd1,0xd2,0xd2,0xd2,0xd3,0xd1,0xce,0x95,0x99,0x99,0x96,0x81,0x7e,0x75,0x70,0x67,0x69,0x5e,0x5f,
	0x53,0x55,0x47,0x45,0x38,0x37,0x2c,0x2b,0x5c,0x56,0x90,0x43,0x8c,0x62,0x88,0x78,0x7c,0x78,0x9d,0x73,
	0x7d,0x74,0x79,0x93,0x67,0x6a,0x6c,0x6a,0x6d,0x6b,0x6d,0x69,0x6a,0x6a,0x6b,0x6b,0xa9,0xa9,0xa9,0xa9,
	0xaa,0xac,0xaa,0xab,0xac,0xab,0xaa,0xac,0xaa,0xa9,0xa9,0xa9,0xa9,0xa9,0xa9,0xa9,0x53,0x52,0x52,0x54,
	0x52,0x50,0x53,0x53,0x50,0x51,0x50,0x4d,0x4f,0x50,0x4f,0x4e,0x4f,0x4d,0x4a,0x4e,0x4d,0x50,0x90,0x91,
	0x90,0x92,0x91,0x92,0x93,0x94,0x94,0x95,0x95,0x93,0x90,0x92,0x91,0x92,0x92,0x92,0x91,0x92,0x8f,0x91,
	0xd2,0xd3,0xd2,0xd1,0xd1,0xd2,0xd2,0xd1,0xd0,0xd2,0xd3,0xd4,0xd4,0xd6,0xd3,0xd0,0xce,0xcf,0xc9,0xc6,
	0x74,0x7e,0x6f,0x71,0x67,0x68,0x5e,0x5f,0x53,0x54,0x48,0x45,0x39,0x37,0x2c,0x2b,0x38,0x5c,0x97,0x50,
	0x89,0x5a,0x76,0x59,0x9a,0x66,0x74,0x72,0x6a,0x6a,0x69,0x6a,0x67,0x69,0x6b,0x69,0x6c,0x6b,0x6d,0x69,
	0x6a,0x6a,0x6b,0x6b,0xa9,0xa9,0xa9,0xa8,0xa9,0xab,0xa8,0xa8,0xaa,0xa9,0xaa,0xab,0xa9,0xa9,0xa9,0xa9,
	0xa9,0xa9,0xa9,0xa9,0x4e,0x4d,0x4e,0x4f,0x4e,0x4d,0x51,0x52,0x50,0x52,0x52,0x4f,0x52,0x53,0x51,0x51,
	0x52,0x4f,0x4e,0x50,0x4d,0x50,0x91,0x92,0x8f,0x90,0x90,0x8f,0x90,0x91,0x92,0x93,0x94,0x92,0x90,0x92,
	0x92,0x94,0x93,0x91,0x91,0x91,0x8e,0x91,0xd0,0xd4,0xd2,0xd0,0xd0,0xd2,0xd4,0xd2,0xd0,0xd1,0xd2,0xd3,
	0xd4,0xd6,0xd5,0xd3,0xd1,0xd2,0xd1,0xd7,0x7d,0x7d,0x74,0x72,0x68,0x67,0x5d,0x5e,0x54,0x54,0x49,0x45,
	0x3a,0x37,0x2d,0x2b,0x81,0x5a,0x46,0x68,0x3d,0x62,0x50,0x7b,0x56,0x61,0x85,0x7c,0x6e,0x7b,0x5b,0x61,
	0x62,0x68,0x6a,0x68,0x6b,0x6a,0x6c,0x69,0x6a,0x6a,0x6b,0x6b,0xa9,0xa9,0xa8,0xa7,0xa8,0xa9,0xa3,0xa4,
	0xa8,0xa7,0xa8,0xa9,0xa9,0xa9,0xa9,0xa9,0xa9,0xa9,0xa9,0xa9,0x52,0x4f,0x50,0x51,0x51,0x4f,0x53,0x53,
	0x51,0x50,0x50,0x4f,0x50,0x52,0x4f,0x51,0x51,0x50,0x4e,0x52,0x4d,0x51,0x92,0x92,0x91,0x91,0x90,0x90,
	0x90,0x92,0x92,0x92,0x92,0x91,0x8f,0x91,0x92,0x93,0x92,0x91,0x91,0x92,0x8f,0x94,0xd0,0xd4,0xd2,0xd0,
	0xd0,0xd2,0xd3,0xd3,0xd0,0xd1,0xd2,0xd1,0xd3,0xd6,0xd7,0xd6,0xd4,0xd3,0xd3,0xd3,0x2c,0x2d,0x2c,0x2d,
	0x64,0x69,0x5a,0x57,0x54,0x54,0x4a,0x45,0x3b,0x37,0x2e,0x2b,0x37,0x72,0x8c,0x96,0x45,0x69,0x46,0x6a,
	0x50,0x84,0x8d,0x7a,0x71,0x79,0x9e,0x5a,0x64,0x66,0x69,0x67,0x6a,0x6a,0x6c,0x68,0x6a,0x6a,0x6b,0x6b,
	0xa9,0xa9,0xa9,0xa9,0xa8,0xa8,0xa8,0xa8,0xa9,0xaa,0xa9,0xa9,0xa9,0xa9,0xa9,0xa9,0xa9,0xa9,0xa9,0xa9,
	0x52,0x4f,0x4e,0x50,0x4e,0x4e,0x54,0x53,0x52,0x52,0x51,0x4d,0x51,0x52,0x50,0x50,0x51,0x50,0x50,0x56,
	0x4c,0x4f,0x92,0x92,0x92,0x91,0x90,0x91,0x91,0x92,0x91,0x92,0x92,0x92,0x90,0x92,0x92,0x93,0x91,0x8f,
	0x8f,0x91,0x90,0x96,0xcc,0xd2,0xd0,0xd1,0xd2,0xd2,0xd2,0xd1,0xd0,0xd1,0xd2,0xd0,0xd1,0xd2,0xd3,0xd3,
	0xd4,0xd2,0xd3,0xd3,0x2b,0x2d,0x2c,0x2c,0x64,0x64,0x58,0x54,0x55,0x54,0x4b,0x45,0x3c,0x37,0x2f,0x2b,
	0x82,0x8e,0x38,0x6d,0x92,0x58,0x99,0x5f,0x55,0x92,0x5a,0x52,0x87,0x85,0x80,0x9d,0x5d,0x65,0x68,0x66,
	0x69,0x69,0x6b,0x68,0x6a,0x6a,0x6b,0x6b,0xa9,0xa9,0xa9,0xa9,0xa9,0xa9,0xaa,0xaa,0xaa,0xaa,0xab,0xaa,
	0xaa,0xaa,0xaa,0xaa,0xaa,0xaa,0xaa,0xaa,0x52,0x4f,0x4f,0x4f,0x4c,0x4d,0x55,0x55,0x52,0x53,0x53,0x4e,
	0x50,0x51,0x50,0x51,0x53,0x52,0x53,0x59,0x49,0x4d,0x8f,0x92,0x91,0x90,0x8f,0x91,0x90,0x91,0x92,0x92,
	0x91,0x91,0x91,0x93,0x93,0x92,0x91,0x8d,0x8b,0x8d,0x8e,0x96,0xc7,0xcd,0xce,0xd2,0xd3,0xd3,0xd3,0xd3,
	0xd2,0xd5,0xd5,0xd3,0xd3,0xd2,0xd3,0xd2,0xd2,0xd1,0xd2,0xd1,0x2a,0x2a,0x29,0x29,0x28,0x29,0x2b,0x33,
	0x54,0x53,0x4b,0x44,0x3c,0x36,0x2f,0x2a,0x45,0x39,0x8c,0x5a,0x62,0x67,0x70,0x5f,0x54,0x6d,0x74,0x65,
	0x63,0x6b,0x87,0x7f,0x5b,0x63,0x66,0x65,0x69,0x68,0x6a,0x67,0x68,0x6a,0x6a,0x6a,0xa9,0xa9,0xa9,0xaa,
	0xab,0xaa,0xaa,0xab,0xab,0xab,0xab,0xaa,0xaa,0xaa,0xaa,0xaa,0xaa,0xaa,0xaa,0xaa,0x4d,0x49,0x49,0x4a,
	0x46,0x47,0x53,0x57,0x54,0x54,0x53,0x4f,0x51,0x50,0x52,0x51,0x54,0x54,0x54,0x59,0x45,0x49,0x8b,0x8d,
	0x8f,0x8f,0x91,0x93,0x91,0x94,0x93,0x92,0x92,0x90,0x8f,0x8f,0x90,0x8f,0x90,0x8d,0x8c,0x8f,0x92,0x9a,
	0xc2,0xc6,0xc7,0xce,0xd1,0xd1,0xd1,0xd1,0xd0,0xd2,0xd3,0xd2,0xce,0xce,0xd2,0xd0,0xd1,0xd1,0xd1,0xd0,
	0x29,0x29,0x28,0x28,0x28,0x29,0x2b,0x31,0x53,0x51,0x4a,0x42,0x3b,0x34,0x2e,0x2a,0x6e,0x48,0x4a,0x49,
	0x51,0x9b,0x5e,0x6d,0x66,0x69,0x5e,0x90,0x89,0x57,0x68,0x61,0x59,0x62,0x65,0x65,0x65,0x66,0x69,0x65,
	0x67,0x69,0x6a,0x6a,0xa9,0xa9,0xa9,0xa9,0xaa,0xaa,0xaa,0xab,0xac,0xab,0xab,0xab,0xab,0xab,0xab,0xab,
	0xab,0xab,0xab,0xab,0x5d,0x59,0x5a,0x5c,0x5b,0x60,0x74,0x7b,0x7c,0x80,0x81,0x7e,0x81,0x81,0x80,0x7e,
	0x7d,0x7c,0x76,0x74,0x87,0x86,0x81,0x80,0x80,0x7e,0x7d,0x7e,0x7d,0x7e,0x7c,0x7e,0x7f,0x82,0x82,0x82,
	0x82,0x81,0x83,0x80,0x7f,0x7f,0x7f,0x7f,0x7f,0x7f,0x80,0x80,0x80,0x80,0x80,0x80,0x80,0x80,0x80,0x80,
	0x85,0x87,0xd2,0xcf,0xd0,0xd2,0xd0,0xcf,0x29,0x29,0x28,0x28,0x2a,0x2a,0x29,0x29,0x2e,0x2c,0x2a,0x2b,
	0x2d,0x2e,0x2d,0x2a,0x67,0x7f,0x59,0x52,0x7d,0x54,0x55,0x52,0x87,0x95,0x79,0x72,0x73,0x6d,0x95,0x6f,
	0x5c,0x61,0x64,0x65,0x66,0x65,0x68,0x66,0x67,0x68,0x65,0x69,0x9c,0xa8,0xac,0xa9,0xae,0xab,0xaa,0xab,
	0xab,0xab,0xab,0xac,0xac,0xac,0xac,0xac,0xac,0xac,0xac,0xac,0x56,0x53,0x55,0x56,0x56,0x5c,0x70,0x79,
	0x7c,0x7f,0x81,0x7e,0x82,0x7f,0x80,0x7e,0x7f,0x7f,0x78,0x77,0x82,0x82,0x7d,0x7e,0x7f,0x7e,0x7e,0x80,
	0x80,0x82,0x7f,0x7f,0x80,0x7f,0x7f,0x7f,0x7e,0x7e,0x82,0x81,0x81,0x81,0x81,0x81,0x80,0x80,0x80,0x80,
	0x80,0x80,0x80,0x80,0x7f,0x7f,0x7f,0x7f,0x83,0x85,0xd2,0xce,0xd0,0xd2,0xd0,0xcf,0x29,0x29,0x28,0x28,
	0x2a,0x2a,0x29,0x29,0x2b,0x2a,0x29,0x29,0x2a,0x2b,0x2a,0x29,0x6f,0x33,0x36,0x77,0x96,0x7e,0x49,0x74,
	0x5d,0x5b,0x64,0x71,0x93,0x74,0x5c,0x62,0x5e,0x61,0x64,0x66,0x69,0x65,0x66,0x68,0x68,0x65,0x5e,0x66,
	0x9a,0xa9,0xa8,0xa7,0xb0,0xad,0xab,0xaa,0xa9,0xab,0xab,0xac,0xac,0xac,0xac,0xac,0xac,0xac,0xac,0xac,
	0x56,0x54,0x54,0x54,0x53,0x59,0x71,0x7b,0x7b,0x7e,0x81,0x7e,0x81,0x80,0x82,0x7f,0x80,0x80,0x7b,0x7a,
	0x81,0x81,0x7c,0x7c,0x7f,0x7d,0x7d,0x7f,0x80,0x81,0x7e,0x7f,0x80,0x81,0x80,0x7f,0x7f,0x7d,0x82,0x80,
	0x7e,0x7e,0x7e,0x7e,0x7e,0x7e,0x7e,0x7e,0x7e,0x7e,0x7e,0x7e,0x7e,0x7e,0x7e,0x7e,0x81,0x84,0xd3,0xce,
	0xd1,0xd3,0xd0,0xd0,0x29,0x29,0x28,0x28,0x2a,0x2a,0x29,0x29,0x29,0x29,0x29,0x29,0x29,0x29,0x29,0x29,
	0x94,0x7c,0x5f,0x4d,0x67,0x71,0x6f,0x78,0x6b,0x88,0x97,0x7c,0x65,0x61,0x5b,0x74,0x60,0x62,0x66,0x68,
	0x6c,0x6e,0x6c,0x6b,0x65,0x59,0x64,0x62,0x65,0x5e,0x61,0x60,0xa4,0xa5,0xac,0xab,0xab,0xaa,0xa9,0xa9,
	0xa9,0xa9,0xa9,0xa9,0xa9,0xa9,0xa9,0xa9,0x56,0x55,0x54,0x55,0x52,0x5b,0x73,0x7c,0x7b,0x7f,0x81,0x7d,
	0x81,0x80,0x80,0x7f,0x7e,0x80,0x7c,0x7c,0x7f,0x7f,0x7b,0x7c,0x80,0x7e,0x80,0x81,0x81,0x83,0x81,0x80,
	0x7f,0x80,0x7e,0x7d,0x7e,0x7c,0x7f,0x7d,0x7c,0x7c,0x7d,0x7d,0x7d,0x7d,0x7e,0x7e,0x7e,0x7e,0x7e,0x7e,
	0x7e,0x7e,0x7e,0x7e,0x81,0x84,0xd3,0xce,0xd1,0xd3,0xd0,0xd0,0x29,0x29,0x28,0x28,0x2a,0x2a,0x29,0x29,
	0x29,0x29,0x29,0x29,0x29,0x29,0x29,0x29,0x8e,0x35,0x8d,0x88,0x32,0x66,0x88,0x64,0x91,0x5e,0x81,0x6d,
	0x8d,0x87,0x75,0x7f,0x5e,0x61,0x64,0x66,0x6f,0x70,0x6a,0x68,0x64,0x5f,0x64,0x63,0x5d,0x5d,0x5f,0x5b,
	0xa5,0xa1,0xa7,0xa6,0xa9,0xa9,0xa8,0xa8,0xa6,0xa6,0xa7,0xa8,0xa8,0xa8,0xa8,0xa8,0x56,0x54,0x55,0x56,
	0x53,0x5c,0x75,0x7e,0x7c,0x7e,0x80,0x7c,0x80,0x7f,0x80,0x7d,0x7e,0x80,0x7d,0x7d,0x7e,0x7d,0x7b,0x7d,
	0x81,0x7f,0x7f,0x80,0x80,0x83,0x80,0x7f,0x7e,0x7f,0x7d,0x7d,0x80,0x7e,0x81,0x7f,0x7d,0x7e,0x7f,0x7f,
	0x7e,0x7e,0x7e,0x7e,0x7e,0x7e,0x7e,0x7e,0x7e,0x7e,0x7e,0x7e,0x81,0x84,0xd3,0xce,0xd1,0xd3,0xd0,0xd0,
	0x29,0x29,0x28,0x28,0x2a,0x2a,0x29,0x29,0x29,0x29,0x29,0x29,0x29,0x29,0x29,0x29,0x4b,0x57,0x63,0x35,
	0x96,0x92,0x8e,0x6f,0x64,0x5b,0x69,0x6e,0x87,0x91,0x6a,0x80,0x5d,0x5f,0x62,0x66,0x6a,0x6c,0x6a,0x68,
	0x64,0x65,0x61,0x67,0x66,0x64,0x60,0x5f,0x5d,0x5c,0x5b,0x5a,0xaa,0xa9,0xad,0xab,0xa5,0xa5,0xa6,0xa7,
	0xa7,0xa7,0xa7,0xa7,0x53,0x51,0x52,0x53,0x51,0x5a,0x74,0x7c,0x7b,0x7c,0x80,0x7d,0x7f,0x7f,0x81,0x7d,
	0x7f,0x81,0x7e,0x80,0x7e,0x7e,0x7c,0x7f,0x83,0x7e,0x7e,0x80,0x7e,0x82,0x7f,0x7e,0x7d,0x7f,0x7e,0x7e,
	0x82,0x7f,0x81,0x7d,0x7c,0x7d,0x7e,0x7e,0x7d,0x7d,0x7d,0x7d,0x7d,0x7d,0x7d,0x7d,0x7d,0x7d,0x7d,0x7d,
	0x81,0x84,0xd3,0xce,0xd1,0xd3,0xd0,0xd0,0x29,0x29,0x28,0x28,0x2a,0x2a,0x29,0x29,0x29,0x29,0x29,0x29,
	0x29,0x29,0x29,0x29,0x59,0x56,0x4e,0x47,0x74,0x83,0x52,0x64,0x62,0x82,0x95,0x8b,0x64,0x8c,0x7b,0x79,
	0x61,0x5d,0x61,0x65,0x68,0x69,0x6a,0x68,0x64,0x67,0x62,0x65,0x5d,0x64,0x5d,0x5c,0x5b,0x59,0x59,0x57,
	0xa8,0xa2,0xa7,0xa1,0xa7,0xa6,0xa7,0xa8,0xa8,0xa8,0xa8,0xa8,0x4f,0x4e,0x51,0x51,0x4f,0x58,0x74,0x7d,
	0x7a,0x7c,0x7f,0x7d,0x81,0x7f,0x82,0x7f,0x7e,0x80,0x7e,0x81,0x7d,0x7c,0x7c,0x7d,0x81,0x7d,0x7d,0x7e,
	0x7d,0x80,0x7e,0x7e,0x7f,0x81,0x7f,0x7e,0x83,0x7f,0x7f,0x7b,0x7c,0x7d,0x7d,0x7d,0x7d,0x7d,0x7d,0x7d,
	0x7d,0x7d,0x7d,0x7d,0x7d,0x7d,0x7d,0x7d,0x80,0x84,0xd3,0xce,0xd1,0xd4,0xd1,0xd1,0x29,0x29,0x28,0x28,
	0x2a,0x2a,0x29,0x29,0x29,0x29,0x29,0x29,0x29,0x29,0x29,0x29,0x89,0x68,0x83,0x52,0x42,0x61,0x80,0x91,
	0x5a,0x7c,0x8a,0x76,0x51,0x76,0x93,0x82,0x5f,0x5e,0x61,0x65,0x67,0x69,0x69,0x65,0x64,0x67,0x62,0x65,
	0x5a,0x63,0x5f,0x5f,0x5e,0x5c,0x5b,0x5b,0x5b,0x5c,0x55,0x61,0xab,0xa7,0xaa,0xaf,0xad,0xa8,0xa8,0xa8,
	0x57,0x56,0x55,0x56,0x52,0x5b,0x75,0x7d,0x7d,0x7c,0x7e,0x7c,0x7f,0x7f,0x7f,0x7c,0x7e,0x80,0x7c,0x7e,
	0x7d,0x7e,0x7e,0x7f,0x81,0x7d,0x7c,0x7c,0x7b,0x7e,0x7b,0x7d,0x7d,0x7f,0x7e,0x7d,0x81,0x7e,0x7f,0x7b,
	0x7c,0x7d,0x7d,0x7d,0x7d,0x7d,0x7d,0x7d,0x7d,0x7d,0x7d,0x7d,0x7d,0x7d,0x7d,0x7d,0x80,0x83,0xd2,0xce,
	0xd1,0xd4,0xd1,0xd1,0x2a,0x2a,0x29,0x29,0x29,0x29,0x29,0x29,0x29,0x29,0x29,0x28,0x29,0x29,0x29,0x2a,
	0x75,0x46,0x3b,0x7c,0x64,0x5b,0x8c,0x98,0x4f,0x72,0x60,0x8c,0x7d,0x5b,0x65,0x69,0x5f,0x5e,0x61,0x65,
	0x68,0x69,0x68,0x66,0x65,0x66,0x63,0x65,0x5c,0x63,0x60,0x5f,0x5d,0x5c,0x5a,0x59,0x57,0x55,0x5a,0x55,
	0x9e,0xa7,0xab,0xa7,0xaa,0xa7,0xa7,0xa7,0x4f,0x51,0x4f,0x51,0x53,0x5d,0x75,0x7c,0x7e,0x7c,0x7e,0x7d,
	0x80,0x80,0x7e,0x7b,0x7f,0x81,0x7b,0x7d,0x7e,0x7f,0x7f,0x80,0x7f,0x7c,0x80,0x80,0x7e,0x7d,0x7b,0x7d,
	0x7e,0x7d,0x7d,0x7c,0x80,0x7e,0x82,0x7b,0x7c,0x7d,0x7e,0x7e,0x7e,0x7e,0x7e,0x7e,0x7e,0x7e,0x7e,0x7e,
	0x7e,0x7e,0x7e,0x7e,0x7f,0x83,0xd2,0xcd,0xd2,0xd4,0xd1,0xd2,0x2a,0x29,0x29,0x29,0x29,0x29,0x28,0x28,
	0x28,0x28,0x28,0x28,0x29,0x29,0x29,0x29,0x2a,0x2b,0x2a,0x2c,0x2b,0x2b,0x69,0x69,0x67,0x65,0x64,0x62,
	0x5f,0x5e,0x5e,0x5e,0x79,0x68,0x75,0x7d,0x79,0x93,0x81,0x7e,0x7a,0x9e,0x7d,0x72,0x71,0x8a,0x92,0x7f,
	0x5d,0x5b,0x5a,0x5b,0x5b,0x5d,0x4e,0x52,0x53,0x58,0x55,0x5b,0xa4,0xaa,0xaa,0xaa,0x51,0x51,0x4f,0x51,
	0x54,0x5c,0x72,0x78,0x7e,0x7d,0x7d,0x7e,0x81,0x80,0x7f,0x7c,0x80,0x83,0x7b,0x7b,0x7f,0x80,0x80,0x7f,
	0x7e,0x7d,0x81,0x80,0x80,0x80,0x7d,0x80,0x7f,0x7d,0x7e,0x7c,0x7f,0x7e,0x84,0x7d,0x7d,0x7d,0x7e,0x7e,
	0x7e,0x7e,0x7e,0x7e,0x7e,0x7e,0x7e,0x7e,0x7e,0x7e,0x7e,0x7e,0x7f,0x83,0xd2,0xcd,0xd2,0xd5,0xd2,0xd2,
	0x2b,0x29,0x2a,0x2a,0x29,0x29,0x28,0x28,0x28,0x28,0x28,0x27,0x29,0x29,0x29,0x29,0x29,0x2a,0x2a,0x2b,
	0x2a,0x2b,0x69,0x69,0x68,0x66,0x65,0x64,0x61,0x61,0x60,0x60,0x6d,0x71,0x68,0x95,0x76,0x7d,0x7b,0x97,
	0x75,0x89,0x67,0x89,0x8e,0x7c,0x7a,0x6a,0x5c,0x5b,0x5a,0x5a,0x59,0x59,0x57,0x54,0x4f,0x53,0x57,0x60,
	0x9c,0xa3,0xa3,0xa3,0x52,0x52,0x50,0x52,0x56,0x5d,0x72,0x79,0x7f,0x7e,0x7e,0x7f,0x82,0x81,0x7f,0x7b,
	0x7f,0x83,0x7c,0x7b,0x7f,0x7f,0x7e,0x7e,0x7e,0x7f,0x82,0x80,0x80,0x7f,0x7d,0x7f,0x7f,0x7c,0x7d,0x7b,
	0x7e,0x7c,0x83,0x7d,0x7e,0x7e,0x7e,0x7e,0x7e,0x7e,0x7e,0x7e,0x7e,0x7e,0x7e,0x7e,0x7e,0x7e,0x7e,0x7e,
	0x7e,0x82,0xd1,0xcd,0xd2,0xd5,0xd2,0xd3,0x2b,0x29,0x29,0x2a,0x28,0x28,0x28,0x28,0x28,0x28,0x28,0x27,
	0x28,0x29,0x28,0x28,0x28,0x29,0x29,0x2a,0x2a,0x2b,0x69,0x6a,0x69,0x68,0x67,0x66,0x64,0x64,0x64,0x64,
	0x80,0x79,0x85,0x91,0x8e,0x85,0x6f,0x8b,0x8b,0x90,0x87,0x69,0x6e,0x82,0x6d,0x83,0x5c,0x5c,0x5a,0x59,
	0x58,0x53,0x53,0x52,0x57,0x4e,0x59,0x5c,0x68,0x6f,0x6f,0x6f,0x53,0x54,0x52,0x54,0x57,0x5e,0x72,0x79,
	0x7e,0x7e,0x7e,0x7f,0x81,0x81,0x7f,0x7b,0x7f,0x82,0x7c,0x7a,0x7d,0x7b,0x7b,0x7c,0x7c,0x7e,0x80,0x80,
	0x80,0x81,0x7f,0x80,0x7f,0x7d,0x7e,0x7c,0x7e,0x7c,0x83,0x7d,0x7e,0x7e,0x7e,0x7e,0x7e,0x7e,0x7e,0x7e,
	0x7e,0x7e,0x7e,0x7e,0x7e,0x7e,0x7e,0x7e,0x7e,0x82,0xd1,0xcd,0xd2,0xd5,0xd2,0xd3,0x2a,0x28,0x29,0x29,
	0x28,0x28,0x29,0x28,0x29,0x28,0x28,0x28,0x28,0x28,0x28,0x28,0x28,0x28,0x28,0x2a,0x29,0x2a,0x69,0x6a,
	0x6a,0x69,0x69,0x69,0x68,0x68,0x68,0x68,0x86,0x7a,0x73,0x8d,0x6a,0x87,0x79,0x97,0x82,0x6c,0x8e,0x80,
	0x9f,0x8a,0x79,0x7c,0x5b,0x5b,0x5a,0x58,0x58,0x57,0x57,0x4c,0x52,0x57,0x5a,0x59,0x66,0x65,0x65,0x65,
	0x54,0x54,0x52,0x55,0x58,0x5f,0x72,0x78,0x7d,0x7e,0x7d,0x7f,0x81,0x81,0x7f,0x7b,0x7e,0x81,0x7c,0x79,
	0x7e,0x7c,0x7b,0x7c,0x7f,0x7f,0x80,0x80,0x7f,0x81,0x7f,0x80,0x7f,0x7e,0x80,0x7e,0x7f,0x7e,0x84,0x81,
	0x7e,0x7e,0x7e,0x7e,0x7e,0x7e,0x7e,0x7e,0x7e,0x7e,0x7e,0x7e,0x7e,0x7e,0x7e,0x7e,0x7e,0x82,0xd1,0xcd,
	0xd2,0xd5,0xd2,0xd3,0x2a,0x28,0x28,0x29,0x28,0x28,0x29,0x29,0x29,0x29,0x29,0x28,0x29,0x29,0x28,0x28,
	0x27,0x28,0x27,0x29,0x28,0x2a,0x69,0x6a,0x6a,0x6a,0x6b,0x6b,0x6a,0x6b,0x6b,0x6b,0x95,0x89,0x73,0x82,
	0x8f,0x96,0x8a,0x74,0x95,0x9e,0x91,0x70,0x82,0x7d,0x95,0x67,0x5b,0x5a,0x59,0x58,0x58,0x57,0x53,0x54,
	0x52,0x4a,0x55,0x5f,0x64,0x67,0x67,0x67,0x54,0x54,0x53,0x55,0x58,0x5f,0x71,0x77,0x7c,0x7d,0x7d,0x80,
	0x82,0x82,0x81,0x7d,0x7e,0x81,0x7d,0x7a,0x83,0x81,0x80,0x80,0x83,0x82,0x82,0x81,0x7e,0x80,0x7b,0x7d,
	0x7e,0x7d,0x7d,0x7b,0x7d,0x7d,0x84,0x81,0x80,0x7f,0x7e,0x7e,0x7e,0x7e,0x7e,0x7e,0x7e,0x7e,0x7e,0x7e,
	0x7e,0x7e,0x7e,0x7e,0x7e,0x82,0xd1,0xcd,0xd2,0xd5,0xd2,0xd3,0x29,0x28,0x29,0x29,0x28,0x29,0x29,0x29,
	0x2a,0x2a,0x29,0x29,0x29,0x29,0x28,0x28,0x27,0x28,0x27,0x29,0x28,0x2a,0x69,0x6b,0x6b,0x6b,0x6c,0x6c,
	0x6b,0x6c,0x6c,0x6d,0x73,0x87,0x8b,0x84,0x7e,0x89,0xa2,0x93,0x7e,0x93,0x86,0x81,0x8c,0x7f,0x80,0x70,
	0x5b,0x5a,0x59,0x58,0x57,0x56,0x51,0x53,0x50,0x52,0x5a,0x59,0x63,0x68,0x68,0x68,0x58,0x58,0x57,0x59,
	0x5b,0x61,0x71,0x76,0x7b,0x7c,0x7c,0x7e,0x81,0x82,0x81,0x7e,0x81,0x82,0x7d,0x7a,0x85,0x82,0x7f,0x7e,
	0x7f,0x80,0x80,0x80,0x7d,0x81,0x7e,0x80,0x80,0x7f,0x7f,0x7c,0x7d,0x7d,0x82,0x81,0x81,0x80,0x7f,0x7f,
	0x7e,0x7e,0x7e,0x7e,0x7e,0x7e,0x7e,0x7e,0x7e,0x7e,0x7e,0x7e,0x7e,0x82,0xd1,0xce,0xd2,0xd4,0xd2,0xd3,
	0x2a,0x28,0x29,0x2a,0x29,0x29,0x2a,0x2a,0x2a,0x2a,0x2a,0x29,0x2a,0x2a,0x29,0x28,0x28,0x28,0x28,0x29,
	0x28,0x2a,0x69,0x6b,0x6b,0x6b,0x6b,0x6c,0x6b,0x6c,0x6c,0x6d,0x7c,0x7a,0x99,0x8a,0x79,0x86,0x7a,0x99,
	0x77,0x8a,0x8f,0x79,0x7b,0x8e,0x6f,0x7c,0x5a,0x5b,0x57,0x57,0x57,0x56,0x54,0x55,0x52,0x53,0x5b,0x57,
	0x63,0x69,0x69,0x69,0x61,0x62,0x5f,0x62,0x63,0x67,0x74,0x77,0x7a,0x7b,0x7a,0x7c,0x7f,0x80,0x7e,0x7a,
	0x7c,0x7a,0x74,0x72,0x83,0x80,0x81,0x7d,0x7d,0x7d,0x7e,0x7d,0x79,0x7d,0x7b,0x7d,0x7f,0x80,0x81,0x7e,
	0x7f,0x80,0x83,0x81,0x82,0x81,0x80,0x80,0x7e,0x7e,0x7e,0x7e,0x7e,0x7e,0x7e,0x7e,0x7e,0x7e,0x7e,0x7e,
	0x7e,0x82,0xd2,0xcf,0xd2,0xd4,0xd2,0xd3,0x2a,0x29,0x29,0x2a,0x29,0x29,0x2a,0x2a,0x2b,0x2a,0x2a,0x2a,
	0x2a,0x2a,0x29,0x29,0x28,0x29,0x29,0x2a,0x29,0x2a,0x69,0x6b,0x6a,0x6a,0x6b,0x6b,0x6a,0x6b,0x6b,0x6b,
	0x82,0x7f,0x98,0x8d,0x76,0x86,0x8e,0x71,0x80,0x94,0x7b,0x6c,0x84,0x6e,0x77,0x8e,0x5a,0x5b,0x56,0x57,
	0x56,0x55,0x54,0x55,0x52,0x53,0x5a,0x57,0x62,0x68,0x68,0x68,0x44,0x44,0x42,0x44,0x44,0x47,0x53,0x55,
	0x55,0x54,0x52,0x54,0x51,0x50,0x5d,0x5d,0x52,0x55,0x54,0x56,0x4c,0x4c,0x8e,0x90,0x94,0x95,0x98,0x98,
	0x92,0x94,0x93,0x92,0x92,0x90,0x8f,0x8c,0x8d,0x8c,0x8e,0x8d,0x8b,0x8d,0x8f,0x96,0xc9,0xcb,0xd0,0xd1,
	0xd2,0xd0,0xdd,0xdb,0xd2,0xd3,0xd0,0xd0,0xd2,0xd3,0xd3,0xd0,0xd2,0xd4,0xd1,0xd3,0x2a,0x29,0x29,0x2a,
	0x29,0x29,0x2a,0x2a,0x2a,0x2a,0x2a,0x2a,0x2a,0x2a,0x29,0x2a,0x2a,0x2a,0x29,0x2a,0x29,0x2b,0x69,0x6b,
	0x6a,0x6a,0x6a,0x6a,0x69,0x69,0x69,0x6a,0x88,0x7c,0x6d,0x85,0x7c,0x89,0x86,0x89,0x7f,0x7c,0x73,0x7f,
	0x75,0x7d,0x96,0x63,0x5b,0x5b,0x56,0x57,0x55,0x54,0x54,0x55,0x52,0x53,0x5a,0x57,0x62,0x67,0x67,0x67,
	0x4c,0x4d,0x48,0x4a,0x4b,0x4a,0x53,0x54,0x53,0x52,0x4e,0x4f,0x4b,0x49,0x53,0x51,0x4e,0x50,0x4e,0x51,
	0x4c,0x4c,0x90,0x8f,0x91,0x92,0x94,0x94,0x8f,0x91,0x90,0x90,0x91,0x91,0x90,0x8f,0x90,0x8f,0x8e,0x8d,
	0x8d,0x8d,0x8f,0x95,0xcc,0xcd,0xd0,0xd1,0xd2,0xd0,0xd6,0xd6,0xcf,0xd2,0xd0,0xd1,0xd5,0xd5,0xd7,0xd2,
	0xd2,0xd2,0xd0,0xd2,0x2a,0x29,0x29,0x2a,0x29,0x29,0x2a,0x29,0x2a,0x2a,0x2a,0x29,0x2a,0x2a,0x29,0x2a,
	0x2a,0x2a,0x2a,0x2a,0x29,0x2b,0x69,0x6b,0x6a,0x6a,0x6a,0x6a,0x68,0x69,0x69,0x69,0x79,0x93,0x81,0x85,
	0x95,0x85,0x8f,0x7a,0x94,0x85,0x88,0x85,0x99,0x71,0x84,0x86,0x5b,0x5b,0x56,0x56,0x55,0x54,0x54,0x55,
	0x52,0x53,0x5a,0x57,0x62,0x67,0x67,0x67,0x4f,0x50,0x4b,0x4e,0x4f,0x4d,0x53,0x53,0x53,0x54,0x50,0x52,
	0x4e,0x4b,0x51,0x4e,0x53,0x53,0x50,0x52,0x4f,0x4e,0x90,0x8e,0x8d,0x8d,0x90,0x91,0x8d,0x90,0x91,0x92,
	0x91,0x91,0x91,0x90,0x91,0x90,0x8f,0x8f,0x8f,0x90,0x92,0x97,0xd2,0xd0,0xd2,0xd2,0xd3,0xd2,0xd4,0xd5,
	0xd0,0xd5,0xd1,0xd2,0xd4,0xd3,0xd4,0xcf,0xce,0xcf,0xce,0xd0,0x2a,0x29,0x29,0x2a,0x29,0x29,0x29,0x29,
	0x29,0x29,0x29,0x29,0x29,0x29,0x29,0x29,0x29,0x2a,0x2a,0x2a,0x29,0x2b,0x69,0x6b,0x6a,0x6a,0x6a,0x6a,
	0x68,0x69,0x69,0x69,0x77,0x76,0x8f,0x90,0x7e,0x86,0x82,0x80,0x85,0x8d,0x99,0x6f,0x92,0xac,0xa0,0x9b,
	0x55,0x56,0x55,0x51,0x53,0x54,0x52,0x55,0x52,0x53,0x5a,0x57,0x62,0x67,0x67,0x67,0x51,0x52,0x4e,0x4f,
	0x50,0x4d,0x51,0x52,0x53,0x54,0x50,0x55,0x50,0x4f,0x52,0x4e,0x53,0x52,0x50,0x53,0x53,0x52,0x94,0x91,
	0x92,0x90,0x92,0x92,0x8e,0x91,0x91,0x90,0x8e,0x8d,0x8c,0x8d,0x8f,0x90,0x8f,0x90,0x90,0x91,0x92,0x95,
	0xd3,0xd0,0xd1,0xd0,0xd0,0xd1,0xd1,0xd3,0xcf,0xd3,0xd0,0xd0,0xd2,0xd1,0xd3,0xd0,0xd0,0xd3,0xd3,0xd6,
	0x2a,0x29,0x29,0x29,0x28,0x28,0x29,0x29,0x29,0x29,0x29,0x28,0x29,0x29,0x28,0x29,0x29,0x2a,0x2a,0x2a,
	0x29,0x2a,0x69,0x6b,0x6a,0x6a,0x6a,0x6a,0x69,0x69,0x69,0x6a,0x8f,0x7a,0x84,0x76,0x80,0x86,0x88,0x75,
	0x88,0x75,0x8c,0x68,0xa2,0x9e,0x9d,0x9a,0x5d,0x58,0x5a,0x57,0x54,0x54,0x52,0x55,0x52,0x53,0x5a,0x57,
	0x62,0x67,0x67,0x67,0x53,0x54,0x4f,0x52,0x51,0x4e,0x50,0x50,0x51,0x53,0x4f,0x54,0x51,0x50,0x52,0x4e,
	0x50,0x50,0x4f,0x52,0x53,0x53,0x95,0x92,0x94,0x92,0x93,0x93,0x91,0x92,0x94,0x91,0x90,0x8f,0x8e,0x8f,
	0x91,0x91,0x90,0x90,0x90,0x90,0x91,0x93,0xd3,0xcf,0xd1,0xd0,0xd0,0xd2,0xd1,0xd4,0xcf,0xd3,0xd1,0xd0,
	0xd1,0xd0,0xd3,0xd0,0xd0,0xd3,0xd2,0xd5,0x2a,0x28,0x29,0x29,0x28,0x28,0x29,0x29,0x29,0x29,0x29,0x28,
	0x29,0x29,0x28,0x29,0x28,0x29,0x29,0x29,0x29,0x2a,0x69,0x6a,0x6a,0x6a,0x6a,0x6b,0x69,0x6a,0x6a,0x6b,
	0x7e,0x87,0x81,0x85,0x8a,0x94,0x78,0x79,0x84,0x8e,0x8b,0x6e,0x9e,0x98,0xa0,0x96,0xaa,0xaa,0xaa,0xaa,
	0x57,0x54,0x52,0x55,0x52,0x53,0x5a,0x57,0x62,0x67,0x67,0x67,0x52,0x53,0x50,0x52,0x51,0x4e,0x4f,0x4f,
	0x50,0x53,0x4e,0x55,0x52,0x52,0x53,0x4f,0x51,0x50,0x50,0x51,0x53,0x51,0x92,0x90,0x93,0x92,0x92,0x92,
	0x90,0x93,0x95,0x93,0x91,0x90,0x90,0x91,0x91,0x90,0x90,0x90,0x90,0x90,0x92,0x93,0xd4,0xce,0xd1,0xd0,
	0xcf,0xd3,0xd1,0xd5,0xd1,0xd4,0xd2,0xd2,0xd1,0xd1,0xd4,0xd1,0xcf,0xd1,0xd0,0xd2,0x2a,0x28,0x29,0x29,
	0x28,0x28,0x29,0x29,0x29,0x29,0x29,0x28,0x29,0x29,0x28,0x29,0x28,0x29,0x29,0x29,0x28,0x2a,0x69,0x6a,
	0x6a,0x6a,0x6b,0x6b,0x6a,0x6a,0x6b,0x6b,0x93,0x74,0x79,0x88,0x8b,0x82,0x9a,0x94,0x7e,0x8e,0x78,0x8b,
	0xa1,0x9e,0x9b,0x9e,0xaa,0xaa,0xaa,0xaa,0x56,0x59,0x55,0x55,0x52,0x53,0x5a,0x57,0x62,0x67,0x67,0x67,
	0x50,0x52,0x4f,0x51,0x51,0x4f,0x4f,0x4e,0x50,0x52,0x4f,0x56,0x53,0x54,0x53,0x51,0x50,0x52,0x51,0x51,
	0x54,0x51,0x91,0x90,0x93,0x91,0x91,0x91,0x90,0x91,0x93,0x91,0x91,0x91,0x91,0x91,0x91,0x90,0x8f,0x90,
	0x91,0x92,0x94,0x94,0xd5,0xcf,0xd2,0xd0,0xce,0xd2,0xd0,0xd4,0xd0,0xd3,0xd1,0xd2,0xd0,0xd1,0xd5,0xd3,
	0xd1,0xd3,0xd2,0xd2,0x2a,0x28,0x29,0x29,0x28,0x29,0x29,0x29,0x2a,0x2a,0x2a,0x29,0x2a,0x29,0x29,0x29,
	0x29,0x29,0x29,0x29,0x28,0x2a,0x68,0x6a,0x6a,0x6a,0x6a,0x6b,0x69,0x6a,0x6a,0x6b,0x80,0x88,0x8f,0x95,
	0x91,0x91,0x6d,0x7c,0x9c,0x9a,0x93,0x92,0xa3,0x99,0xa1,0xa5,0xaa,0xaa,0xaa,0xaa,0xaa,0xab,0xa9,0xb0,
	0x56,0x5a,0x5d,0x5a,0x67,0x69,0x69,0x69,0x51,0x54,0x50,0x53,0x53,0x51,0x51,0x50,0x50,0x52,0x4e,0x54,
	0x52,0x52,0x52,0x4f,0x50,0x51,0x50,0x51,0x51,0x4f,0x8f,0x91,0x92,0x8f,0x91,0x90,0x91,0x90,0x94,0x94,
	0x93,0x92,0x92,0x92,0x92,0x8f,0x90,0x90,0x90,0x91,0x93,0x93,0xd7,0xd2,0xd5,0xd5,0xd2,0xd6,0xd3,0xd5,
	0xd1,0xd2,0xd0,0xd0,0xcf,0xd1,0xd4,0xd3,0xd1,0xd2,0xd0,0xd0,0x2a,0x28,0x29,0x2a,0x29,0x29,0x2a,0x2a,
	0x2a,0x2a,0x2a,0x29,0x2a,0x2a,0x29,0x2a,0x29,0x2a,0x2a,0x29,0x29,0x2a,0x69,0x6a,0x6a,0x6a,0x6a,0x6a,
	0x69,0x6a,0x6a,0x6a,0x89,0x89,0x88,0x83,0x79,0x7d,0x8f,0x7d,0x8a,0x84,0x8d,0x81,0x9c,0x95,0xa0,0x9d,
	0xaa,0xaa,0xaa,0xaa,0xaa,0xaa,0xb3,0xab,0x58,0x50,0x57,0x5a,0x65,0x68,0x68,0x68,0x52,0x56,0x52,0x55,
	0x53,0x54,0x51,0x50,0x50,0x51,0x4d,0x52,0x51,0x51,0x50,0x4f,0x4f,0x4f,0x4f,0x4f,0x4f,0x4e,0x91,0x8f,
	0x92,0x8f,0x90,0x90,0x91,0x91,0x91,0x92,0x92,0x92,0x91,0x93,0x92,0x90,0x92,0x91,0x8e,0x8e,0x90,0x8f,
	0xd4,0xd1,0xd4,0xd5,0xd3,0xd8,0xd3,0xd4,0xd1,0xd1,0xd0,0xd1,0xd0,0xd3,0xd5,0xd4,0xd1,0xd2,0xcf,0xce,
	0x2a,0x29,0x29,0x2a,0x29,0x29,0x2a,0x2a,0x2a,0x2a,0x2a,0x29,0x2a,0x2a,0x29,0x2a,0x29,0x2a,0x2a,0x2a,
	0x29,0x2a,0x69,0x6a,0x6a,0x6a,0x6a,0x6a,0x69,0x6a,0x6a,0x6a,0x6a,0x6a,0x6a,0x6a,0x6c,0x6c,0x6c,0x68,
	0x6a,0x6a,0x6a,0x6a,0xa6,0xaa,0xa8,0xa9,0xa9,0xaa,0xaa,0xaa,0xaa,0xaa,0xb0,0xae,0xb1,0xaa,0xa9,0x98,
	0x7b,0x6b,0x6b,0x6b,0x52,0x55,0x51,0x55,0x53,0x53,0x51,0x4f,0x4f,0x51,0x4e,0x53,0x50,0x52,0x51,0x51,
	0x51,0x50,0x4f,0x50,0x50,0x4f,0x91,0x90,0x91,0x8f,0x90,0x8f,0x91,0x8f,0x8f,0x90,0x91,0x8f,0x8f,0x92,
	0x94,0x92,0x94,0x93,0x90,0x90,0x90,0x8e,0xd4,0xd2,0xd3,0xd4,0xd3,0xd7,0xd2,0xd3,0xd2,0xd1,0xd0,0xd2,
	0xd1,0xd3,0xd4,0xd3,0xd1,0xd2,0xcf,0xcd,0x2a,0x29,0x29,0x2a,0x29,0x29,0x2a,0x2a,0x2a,0x2a,0x2a,0x29,
	0x2a,0x2a,0x29,0x2a,0x29,0x2a,0x2a,0x2a,0x29,0x2b,0x69,0x6b,0x6a,0x6a,0x6a,0x6a,0x69,0x69,0x69,0x6a,
	0x6a,0x6a,0x6a,0x6a,0x6b,0x6b,0x6b,0x69,0x6a,0x6a,0x6a,0x6a,0xa8,0xaa,0xa8,0xa9,0xa9,0xaa,0xaa,0xaa,
	0xaa,0xaa,0xa9,0xa6,0xb3,0xac,0xa8,0x99,0x7a,0x6e,0x6e,0x6e,0x50,0x54,0x51,0x53,0x51,0x52,0x4f,0x4e,
	0x4e,0x50,0x4d,0x52,0x52,0x53,0x53,0x53,0x53,0x52,0x51,0x51,0x52,0x50,0x92,0x90,0x91,0x8f,0x8f,0x8e,
	0x92,0x8e,0x8f,0x91,0x90,0x8f,0x8e,0x90,0x93,0x91,0x92,0x92,0x92,0x92,0x91,0x90,0xd6,0xd4,0xd4,0xd4,
	0xd3,0xd7,0xd0,0xd1,0xd2,0xd1,0xcf,0xd1,0xcf,0xd1,0xd1,0xd1,0xd1,0xd3,0xd2,0xd1,0x2a,0x29,0x29,0x2a,
	0x29,0x29,0x2a,0x29,0x2a,0x29,0x29,0x29,0x29,0x29,0x29,0x2a,0x29,0x2a,0x2a,0x2a,0x29,0x2b,0x69,0x6b,
	0x6a,0x6a,0x6a,0x6a,0x69,0x6a,0x6a,0x6a,0x6a,0x6a,0x6a,0x6a,0x6a,0x6a,0x6a,0x6a,0x6a,0x6a,0x6a,0x6a,
	0xa9,0xaa,0xa8,0xa9,0xa9,0xaa,0xaa,0xaa,0xaa,0xaa,0xab,0xa7,0xaa,0xa3,0xa4,0xa7,0xa5,0xad,0xad,0xad,
	0x4f,0x54,0x50,0x51,0x4f,0x51,0x4e,0x4d,0x4d,0x4f,0x4d,0x51,0x51,0x52,0x53,0x52,0x53,0x51,0x51,0x51,
	0x52,0x51,0x92,0x91,0x91,0x8e,0x90,0x8f,0x92,0x8e,0x8f,0x91,0x92,0x92,0x92,0x92,0x94,0x91,0x91,0x90,
	0x91,0x92,0x91,0x8f,0xd5,0xd6,0xd4,0xd4,0xd3,0xd6,0xd0,0xd1,0xd3,0xd2,0xcf,0xd1,0xcf,0xd1,0xd0,0xd1,
	0xd2,0xd6,0xd6,0xd5,0x2a,0x29,0x29,0x2a,0x29,0x29,0x29,0x29,0x29,0x29,0x29,0x28,0x29,0x29,0x28,0x29,
	0x29,0x2a,0x2a,0x2a,0x29,0x2b,0x69,0x6b,0x6a,0x6a,0x6b,0x6b,0x69,0x6a,0x6a,0x6a,0x6a,0x6a,0x6a,0x6a,
	0x6a,0x6a,0x6a,0x6a,0x6a,0x6a,0x6a,0x6a,0xaa,0xaa,0xa8,0xa9,0xaa,0xaa,0xaa,0xaa,0xaa,0xaa,0xa7,0xaa,
	0xaf,0xad,0xab,0xa9,0xaa,0xb1,0xb1,0xb1,0x4f,0x53,0x50,0x51,0x4f,0x51,0x4e,0x4e,0x4e,0x4f,0x4d,0x50,
	0x50,0x50,0x52,0x52,0x53,0x51,0x50,0x52,0x52,0x52,0x92,0x91,0x90,0x8f,0x90,0x90,0x93,0x8f,0x90,0x92,
	0x91,0x90,0x8f,0x91,0x93,0x91,0x91,0x91,0x91,0x93,0x91,0x91,0xd7,0xd9,0xd7,0xd7,0xd6,0xd8,0xd2,0xd2,
	0xd4,0xd3,0xd1,0xd4,0xd1,0xd2,0xd0,0xd0,0xd0,0xd2,0xd1,0xd0,0x2a,0x29,0x29,0x2a,0x28,0x28,0x29,0x29,
	0x29,0x29,0x29,0x28,0x29,0x29,0x28,0x29,0x29,0x29,0x2a,0x29,0x29,0x2a,0x69,0x6b,0x6a,0x6a,0x6b,0x6b,
	0x69,0x6a,0x6a,0x6a,0x6b,0x6a,0x6a,0x6a,0x6a,0x6a,0x6a,0x6a,0x6a,0x6a,0x6a,0x6a,0xaa,0xaa,0xa8,0xa9,
	0xaa,0xaa,0xaa,0xaa,0xaa,0xaa,0xa5,0xab,0xa8,0xac,0xac,0xa6,0xa7,0xa5,0xa5,0xa5,0x50,0x55,0x50,0x51,
	0x4f,0x52,0x4e,0x4f,0x4f,0x4f,0x4e,0x50,0x4f,0x4e,0x4f,0x50,0x51,0x50,0x4f,0x50,0x51,0x52,0x92,0x91,
	0x90,0x8f,0x90,0x90,0x93,0x8f,0x8f,0x91,0x90,0x8e,0x8f,0x91,0x95,0x93,0x93,0x92,0x92,0x92,0x90,0x8e,
	0xd2,0xd4,0xd2,0xd1,0xcf,0xd0,0xcc,0xcc,0xcf,0xce,0xce,0xd3,0xd1,0xd3,0xd2,0xd2,0xd2,0xd3,0xd1,0xd0,
	0x2a,0x28,0x29,0x29,0x28,0x28,0x29,0x29,0x29,0x29,0x29,0x28,0x29,0x29,0x28,0x29,0x29,0x29,0x29,0x29,
	0x29,0x2a,0x69,0x6a,0x6a,0x6a,0x6a,0x6b,0x69,0x6a,0x6a,0x6a,0x6b,0x6a,0x6a,0x6a,0x6a,0x6a,0x6a,0x6a,
	0x6a,0x6a,0x6a,0x6a,0xaa,0xaa,0xa8,0xa9,0xa9,0xaa,0xaa,0xaa,0xaa,0xaa,0xaa,0xac,0xa5,0xaa,0xab,0xa8,
	0xaa,0xa6,0xa6,0xa6,0x52,0x55,0x52,0x52,0x51,0x53,0x4f,0x50,0x4f,0x50,0x4e,0x4f,0x4e,0x4e,0x4f,0x50,
	0x50,0x4f,0x4e,0x4f,0x50,0x52,0x92,0x91,0x90,0x8f,0x91,0x91,0x94,0x90,0x90,0x91,0x91,0x90,0x91,0x93,
	0x95,0x92,0x92,0x90,0x90,0x92,0x92,0x92,0xd6,0xda,0xd8,0xd8,0xd6,0xd6,0xd3,0xd2,0xd1,0xcf,0xce,0xd1,
	0xce,0xd0,0xd0,0xd2,0xd4,0xd5,0xd5,0xd4,0x2a,0x28,0x29,0x29,0x28,0x28,0x29,0x29,0x2a,0x29,0x29,0x29,
	0x29,0x29,0x28,0x29,0x29,0x29,0x29,0x29,0x29,0x2a,0x68,0x6a,0x6a,0x6a,0x6a,0x6a,0x69,0x6a,0x6a,0x6a,
	0x6a,0x6a,0x6a,0x6a,0x6a,0x6a,0x6a,0x6a,0x6a,0x6a,0x6a,0x6a,0xaa,0xaa,0xa8,0xa9,0xaa,0xaa,0xaa,0xaa,
	0xaa,0xaa,0xac,0xac,0xa8,0xa9,0xab,0xaa,0xac,0xa8,0xa8,0xa8,0x52,0x55,0x52,0x52,0x50,0x53,0x50,0x50,
	0x50,0x51,0x4f,0x51,0x50,0x50,0x52,0x52,0x52,0x52,0x4f,0x50,0x51,0x53,0x93,0x91,0x90,0x8f,0x91,0x91,
	0x94,0x8f,0x8e,0x90,0x8f,0x8c,0x8e,0x90,0x92,0x91,0x92,0x91,0x91,0x92,0x92,0x90,0xcf,0xd1,0xcf,0xce,
	0xcb,0xcd,0xcf,0xd1,0xd2,0xd1,0xd2,0xd5,0xd0,0xcf,0xcf,0xd0,0xd0,0xd0,0xcf,0xcd,0x2a,0x28,0x29,0x29,
	0x28,0x29,0x2a,0x29,0x2a,0x2a,0x2a,0x29,0x2a,0x2a,0x29,0x29,0x29,0x2a,0x29,0x29,0x29,0x2a,0x68,0x6a,
	0x6a,0x6a,0x6a,0x6a,0x69,0x6a,0x6a,0x6a,0x6a,0x6a,0x6a,0x6a,0x6a,0x6a,0x6a,0x6a,0x6a,0x6a,0x6a,0x6a,
	0xaa,0xaa,0xa8,0xa9,0xaa,0xaa,0xaa,0xaa,0xaa,0xaa,0xab,0xab,0xa9,0xa9,0xaa,0xaa,0xab,0xa9,0xa9,0xa9,
	0x52,0x54,0x52,0x52,0x50,0x52,0x50,0x51,0x52,0x52,0x51,0x52,0x53,0x52,0x54,0x55,0x55,0x54,0x52,0x52,
	0x53,0x54,0x94,0x91,0x90,0x8f,0x91,0x92,0x93,0x8f,0x8f,0x90,0x90,0x91,0x93,0x92,0x93,0x90,0x91,0x91,
	0x90,0x93,0x95,0x94,0xd3,0xd6,0xd5,0xd3,0xd1,0xd2,0xd6,0xd6,0xd5,0xd3,0xd3,0xd4,0xce,0xce,0xcf,0xd1,
	0xd3,0xd4,0xd4,0xd3,0x2a,0x28,0x29,0x2a,0x29,0x29,0x2a,0x2a,0x2a,0x2a,0x2a,0x29,0x2a,0x2a,0x29,0x2a,
	0x29,0x2a,0x2a,0x29,0x29,0x2a,0x69,0x6a,0x6a,0x6a,0x6a,0x6a,0x69,0x69,0x6a,0x6a,0x6a,0x6a,0x6a,0x6a,
	0x6a,0x6a,0x6a,0x6a,0x6a,0x6a,0x6a,0x6a,0xaa,0xaa,0xa8,0xa9,0xaa,0xaa,0xaa,0xaa,0xaa,0xaa,0xaa,0xaa,
	0xaa,0xaa,0xaa,0xaa,0xaa,0xaa,0xaa,0xaa,0x53,0x55,0x53,0x53,0x52,0x54,0x52,0x52,0x52,0x51,0x50,0x51,
	0x52,0x51,0x53,0x54,0x54,0x53,0x50,0x51,0x52,0x53,0x93,0x91,0x90,0x90,0x93,0x93,0x95,0x91,0x90,0x92,
	0x92,0x91,0x93,0x92,0x93,0x91,0x91,0x91,0x8f,0x92,0x93,0x92,0xd0,0xd2,0xd0,0xce,0xcb,0xcc,0xd0,0xd1,
	0xcf,0xcf,0xd0,0xd3,0xce,0xce,0xd1,0xd3,0xd4,0xd4,0xd4,0xd3,0x2a,0x29,0x29,0x2a,0x29,0x29,0x2a,0x29,
	0x2a,0x2a,0x2a,0x29,0x2a,0x2a,0x29,0x2a,0x29,0x2a,0x2a,0x2a,0x29,0x2a,0x69,0x6a,0x6a,0x6a,0x6a,0x6a,
	0x69,0x6a,0x6a,0x6a,0x6a,0x6a,0x6a,0x6a,0x6a,0x6a,0x6a,0x6a,0x6a,0x6a,0x6a,0x6a,0xaa,0xaa,0xa8,0xa9,
	0xaa,0xaa,0xaa,0xaa,0xaa,0xaa,0xaa,0xaa,0xaa,0xaa,0xaa,0xaa,0xaa,0xaa,0xaa,0xaa,0x54,0x55,0x54,0x53,
	0x53,0x55,0x52,0x53,0x52,0x50,0x4e,0x4f,0x50,0x4e,0x50,0x51,0x51,0x51,0x4d,0x4e,0x4f,0x53,0x93,0x91,
	0x90,0x92,0x95,0x95,0x96,0x93,0x91,0x92,0x91,0x91,0x93,0x92,0x92,0x90,0x8f,0x90,0x8f,0x91,0x92,0x92,
	0xd0,0xd4,0xd2,0xd0,0xce,0xce,0xd1,0xd1,0xcf,0xcf,0xd0,0xd4,0xd0,0xd0,0xd2,0xd3,0xd4,0xd2,0xd1,0xd0,
	0x2a,0x29,0x29,0x2a,0x29,0x29,0x2a,0x29,0x2a,0x29,0x29,0x29,0x29,0x29,0x29,0x29,0x29,0x2a,0x2a,0x2a,
	0x29,0x2b,0x69,0x6b,0x6a,0x6a,0x6b,0x6b,0x69,0x6a,0x6a,0x6a,0x6a,0x6a,0x6a,0x6a,0x6a,0x6a,0x6a,0x6a,
	0x6a,0x6a,0x6a,0x6a,0xaa,0xaa,0xa8,0xa9,0xaa,0xaa,0xaa,0xaa,0xaa,0xaa,0xaa,0xaa,0xaa,0xaa,0xaa,0xaa,
	0xaa,0xaa,0xaa,0xaa,0x52,0x53,0x53,0x52,0x53,0x55,0x52,0x54,0x53,0x51,0x4e,0x4f,0x50,0x4e,0x4f,0x50,
	0x52,0x50,0x4d,0x4d,0x4f,0x53,0x93,0x91,0x90,0x92,0x94,0x95,0x95,0x92,0x8f,0x92,0x95,0x95,0x96,0x93,
	0x93,0x91,0x8e,0x8f,0x8f,0x92,0x92,0x93,0xd2,0xd6,0xd4,0xd2,0xd1,0xd1,0xd3,0xd3,0xd1,0xd2,0xd2,0xd5,
	0xd3,0xd1,0xd3,0xd4,0xd5,0xd4,0xd3,0xd2,0x2a,0x29,0x29,0x2a,0x29,0x29,0x29,0x29,0x2a,0x29,0x29,0x29,
	0x29,0x29,0x28,0x29,0x29,0x2a,0x2a,0x2a,0x29,0x2b,0x69,0x6b,0x6b,0x6a,0x6b,0x6b,0x69,0x6a,0x6a,0x6a,
	0x6b,0x6a,0x6a,0x6a,0x6a,0x6a,0x6a,0x6a,0x6a,0x6a,0x6a,0x6a,0xaa,0xaa,0xa8,0xa9,0xaa,0xaa,0xaa,0xaa,
	0xaa,0xaa,0xaa,0xaa,0xaa,0xaa,0xaa,0xaa,0xaa,0xaa,0xaa,0xaa,0x50,0x51,0x51,0x50,0x53,0x54,0x53,0x54,
	0x53,0x52,0x4e,0x50,0x51,0x4e,0x50,0x51,0x51,0x51,0x4d,0x4d,0x4f,0x53,0x93,0x90,0x90,0x92,0x93,0x94,
	0x93,0x90,0x8e,0x90,0x92,0x93,0x94,0x91,0x91,0x90,0x8e,0x8f,0x90,0x94,0x92,0x93,0xd3,0xd7,0xd4,0xd1,
	0xd2,0xd2,0xd2,0xd1,0xd1,0xd1,0xd0,0xd4,0xd2,0xd0,0xd1,0xd2,0xd5,0xd4,0xd4,0xd4,0x2a,0x29,0x29,0x2a,
	0x29,0x29,0x29,0x29,0x2a,0x29,0x29,0x29,0x29,0x29,0x28,0x29,0x29,0x2a,0x2a,0x2a,0x29,0x2b,0x69,0x6b,
	0x6b,0x6a,0x6b,0x6b,0x69,0x6a,0x6a,0x6a,0x6b,0x6a,0x6a,0x6a,0x6a,0x6a,0x6a,0x6a,0x6a,0x6a,0x6a,0x6a,
	0xaa,0xaa,0xa8,0xa9,0xaa,0xaa,0xaa,0xaa,0xaa,0xaa,0xaa,0xaa,0xaa,0xaa,0xaa,0xaa,0xaa,0xaa,0xaa,0xaa,
	0x51,0x52,0x53,0x52,0x54,0x54,0x52,0x53,0x53,0x51,0x4e,0x4f,0x51,0x4e,0x4e,0x50,0x51,0x50,0x4c,0x4d,
	0x4f,0x54,0x93,0x91,0x90,0x93,0x94,0x95,0x94,0x91,0x8e,0x8f,0x90,0x90,0x92,0x8f,0x91,0x91,0x8e,0x90,
	0x92,0x95,0x91,0x91,0xd2,0xd6,0xd2,0xd0,0xd2,0xd2,0xd0,0xd0,0xd0,0xd1,0xcf,0xd3,0xd2,0xcf,0xcf,0xd0,
	0xd3,0xd3,0xd3,0xd4,0x2a,0x29,0x29,0x2a,0x29,0x29,0x29,0x29,0x2a,0x29,0x29,0x29,0x29,0x29,0x28,0x29,
	0x29,0x2a,0x2a,0x2a,0x29,0x2a,0x69,0x6b,0x6a,0x6a,0x6a,0x6b,0x69,0x6a,0x6a,0x6a,0x6a,0x6a,0x6a,0x6a,
	0x6a,0x6a,0x6a,0x6a,0x6a,0x6a,0x6a,0x6a,0xaa,0xaa,0xa8,0xa9,0xaa,0xaa,0xaa,0xaa,0xaa,0xaa,0xaa,0xaa,
	0xaa,0xaa,0xaa,0xaa,0xaa,0xaa,0xaa,0xaa,0x53,0x53,0x54,0x51,0x54,0x54,0x51,0x52,0x52,0x50,0x4e,0x4f,
	0x51,0x4e,0x4f,0x52,0x52,0x51,0x4d,0x4d,0x50,0x54,0x94,0x91,0x8f,0x93,0x95,0x96,0x95,0x92,0x8f,0x91,
	0x91,0x90,0x92,0x90,0x93,0x94,0x90,0x92,0x93,0x94,0x8f,0x8e,0xd0,0xd5,0xd1,0xd0,0xd4,0xd3,0xd1,0xd1,
	0xd1,0xd3,0xd0,0xd4,0xd4,0xd0,0xd0,0xd0,0xd3,0xd2,0xd2,0xd3,0x2a,0x28,0x29,0x29,0x28,0x29,0x29,0x29,
	0x2a,0x2a,0x29,0x29,0x2a,0x29,0x29,0x29,0x29,0x2a,0x2a,0x29,0x29,0x2a,0x69,0x6a,0x6a,0x6a,0x6a,0x6a,
	0x69,0x6a,0x6a,0x6a,0x6a,0x6a,0x6a,0x6a,0x6a,0x6a,0x6a,0x6a,0x6a,0x6a,0x6a,0x6a,0xaa,0xaa,0xa8,0xa9,
	0xaa,0xaa,0xaa,0xaa,0xaa,0xaa,0xaa,0xaa,0xaa,0xaa,0xaa,0xaa,0xaa,0xaa,0xaa,0xaa,0x51,0x51,0x52,0x50,
	0x53,0x52,0x50,0x51,0x52,0x50,0x4f,0x51,0x53,0x51,0x52,0x55,0x55,0x54,0x50,0x50,0x52,0x55,0x94,0x90,
	0x90,0x93,0x94,0x95,0x94,0x92,0x8e,0x90,0x91,0x90,0x92,0x90,0x93,0x94,0x90,0x92,0x93,0x94,0x8f,0x8e,
	0xd0,0xd5,0xd1,0xd0,0xd4,0xd3,0xd1,0xd1,0xd1,0xd3,0xd0,0xd4,0xd4,0xd0,0xd0,0xd0,0xd3,0xd2,0xd2,0xd3,
	0x2a,0x28,0x29,0x29,0x28,0x29,0x2a,0x29,0x2a,0x2a,0x2a,0x29,0x2a,0x29,0x29,0x29,0x29,0x2a,0x29,0x29,
	0x29,0x2a,0x68,0x6a,0x6a,0x69,0x6a,0x6a,0x69,0x69,0x69,0x6a,0x6a,0x6a,0x6a,0x6a,0x6a,0x6a,0x6a,0x6a,
	0x6a,0x6a,0x6a,0x6a,0xaa,0xaa,0xa8,0xa9,0xaa,0xaa,0xaa,0xaa,0xaa,0xaa,0xaa,0xaa,0xaa,0xaa,0xaa,0xaa,
	0xaa,0xaa,0xaa,0xaa,0x52,0x51,0x51,0x55,0x55,0x54,0x50,0x4d,0x54,0x53,0x4f,0x4c,0x4b,0x4c,0x51,0x53,
	0x51,0x51,0x51,0x51,0x4c,0x57,0x87,0x8a,0x8d,0x8f,0x91,0x92,0x92,0x92,0x92,0x92,0x92,0x92,0x92,0x92,
	0x92,0x92,0x92,0x92,0x92,0x92,0x92,0x92,0xcb,0xd9,0xce,0xcd,0xcd,0xcd,0xd0,0xd3,0xd3,0xd1,0xd1,0xd2,
	0xd2,0xd2,0xd3,0xd1,0xd1,0xd3,0xd3,0xd0,0x2d,0x24,0x28,0x25,0x25,0x25,0x27,0x29,0x2c,0x28,0x2e,0x25,
	0x1d,0x29,0x2d,0x2c,0x28,0x35,0x23,0x2b,0x25,0x22,0x61,0x6e,0x69,0x69,0x66,0x6b,0x6a,0x6b,0x66,0x72,
	0x76,0x6a,0x6d,0x68,0x73,0x5a,0x6d,0x6d,0x70,0x6a,0x6f,0x6b,0xa6,0xa9,0xae,0xa7,0xa8,0xaa,0xad,0xaa,
	0xa5,0xa9,0xab,0xac,0xa7,0xaa,0xaa,0xac,0xac,0xa8,0xab,0xac,0x4e,0x56,0x4b,0x49,0x4c,0x4d,0x4c,0x4a,
	0x50,0x50,0x50,0x4e,0x4d,0x4e,0x4f,0x51,0x4f,0x4f,0x4f,0x4f,0x4e,0x5a,0x8b,0x85,0x88,0x8b,0x8d,0x8e,
	0x8e,0x8e,0x8e,0x8e,0x8e,0x8e,0x8e,0x8e,0x8e,0x8e,0x8e,0x8e,0x8e,0x8e,0x8e,0x8e,0xc9,0xd7,0xd2,0xd5,
	0xd5,0xd5,0xd4,0xd2,0xd2,0xd3,0xd3,0xd3,0xd3,0xd2,0xd2,0xd3,0xd3,0xd2,0xd2,0xd4,0x2e,0x2b,0x29,0x28,
	0x28,0x28,0x26,0x25,0x29,0x25,0x29,0x2b,0x31,0x2b,0x28,0x2d,0x2b,0x2f,0x19,0x2a,0x2f,0x2b,0x64,0x65,
	0x68,0x63,0x69,0x6f,0x66,0x69,0x68,0x67,0x69,0x69,0x6a,0x6c,0x6a,0x6e,0x68,0x70,0x70,0x69,0x6b,0x66,
	0xa5,0xa5,0xa8,0xa7,0xa9,0xac,0xad,0xab,0xa6,0xa8,0xac,0xaa,0xa2,0xab,0xab,0xaa,0xa9,0xa6,0xaf,0xaa,
	0x4e,0x4c,0x28,0x1e,0x23,0x26,0x26,0x23,0x21,0x20,0x27,0x23,0x22,0x24,0x1e,0x20,0x25,0x25,0x25,0x25,
	0x22,0x24,0x38,0x2f,0x31,0x33,0x34,0x34,0x34,0x34,0x34,0x34,0x34,0x34,0x34,0x34,0x34,0x34,0x34,0x34,
	0x34,0x34,0x34,0x34,0x44,0x42,0x3e,0x41,0x44,0x45,0x42,0x3f,0x40,0x42,0x41,0x41,0x41,0x40,0x40,0x42,
	0x42,0x3f,0x3f,0x43,0x12,0x12,0x0e,0x14,0x15,0x17,0x17,0x15,0x17,0x1e,0x1c,0x21,0x17,0x0f,0x16,0x19,
	0x09,0x0a,0x0f,0x1b,0x10,0x17,0x2b,0x20,0x2d,0x29,0x2d,0x25,0x2e,0x1d,0x2a,0x28,0x23,0x2c,0x2a,0x27,
	0x29,0x28,0x63,0x65,0x6c,0x6b,0x6e,0x6c,0xa8,0xa9,0xaf,0xa9,0xa9,0xab,0xa6,0xaa,0xa6,0xa8,0xaa,0xac,
	0xab,0xad,0xab,0xa9,0xaa,0xaa,0xae,0xab,0x52,0x4d,0x25,0x22,0x24,0x24,0x22,0x21,0x20,0x24,0x1a,0x1e,
	0x1d,0x19,0x24,0x20,0x1e,0x1e,0x1e,0x1e,0x1e,0x22,0x2b,0x30,0x30,0x30,0x31,0x31,0x31,0x31,0x31,0x31,
	0x31,0x31,0x31,0x31,0x31,0x31,0x31,0x31,0x31,0x31,0x31,0x31,0x38,0x3c,0x3f,0x41,0x42,0x43,0x44,0x44,
	0x44,0x44,0x44,0x44,0x44,0x44,0x44,0x44,0x44,0x44,0x44,0x44,0x14,0x15,0x1d,0x1a,0x1a,0x19,0x19,0x1a,
	0x1e,0x12,0x11,0x17,0x16,0x10,0x18,0x1c,0x16,0x0d,0x1d,0x12,0x19,0x16,0x27,0x24,0x23,0x28,0x2b,0x1a,
	0x20,0x20,0x2f,0x2a,0x28,0x29,0x27,0x2c,0x29,0x21,0x69,0x68,0x6b,0x69,0x6d,0x6d,0xa8,0xaa,0xac,0xac,
	0xad,0xaf,0xac,0xac,0xa8,0xac,0xad,0xac,0xa9,0xac,0xae,0xaa,0xa9,0xa6,0xaa,0xab,0x52,0x4d,0x23,0x20,
	0x20,0x21,0x1e,0x25,0x1f,0x22,0x1b,0x16,0x21,0x1d,0x15,0x1a,0x1d,0x23,0x21,0x24,0x21,0x22,0x2b,0x2f,
	0x31,0x31,0x31,0x31,0x31,0x31,0x2f,0x2c,0x2e,0x37,0x34,0x32,0x32,0x31,0x2f,0x2c,0x30,0x2e,0x34,0x2e,
	0x3c,0x3f,0x42,0x43,0x44,0x42,0x43,0x47,0x43,0x3c,0x3d,0x43,0x44,0x48,0x48,0x41,0x41,0x3f,0x40,0x41,
	0x19,0x18,0x18,0x14,0x17,0x17,0x19,0x1b,0x18,0x16,0x1c,0x19,0x12,0x22,0x18,0x15,0x14,0x15,0x0d,0x21,
	0x16,0x1e,0x24,0x29,0x1c,0x2b,0x2d,0x27,0x1e,0x29,0x23,0x24,0x22,0x20,0x24,0x2c,0x2e,0x24,0x68,0x61,
	0x6d,0x6b,0x65,0x68,0xab,0xa9,0xa9,0xa5,0xab,0xae,0xab,0xaa,0xa8,0xb0,0xac,0xab,0xa9,0xac,0xaa,0xa5,
	0xaa,0xaa,0xab,0xac,0x52,0x4c,0x22,0x1e,0x19,0x21,0x1b,0x21,0x22,0x2a,0x26,0x1d,0x23,0x23,0x15,0x1c,
	0x16,0x20,0x1c,0x21,0x1f,0x22,0x2b,0x2f,0x31,0x31,0x31,0x31,0x2f,0x31,0x33,0x31,0x31,0x35,0x2a,0x2f,
	0x2f,0x31,0x33,0x31,0x30,0x30,0x34,0x31,0x3f,0x42,0x42,0x43,0x42,0x42,0x42,0x43,0x46,0x3f,0x3a,0x3b,
	0x41,0x42,0x3f,0x3e,0x45,0x40,0x3b,0x3b,0x11,0x1a,0x19,0x13,0x15,0x16,0x16,0x16,0x14,0x21,0x1a,0x0f,
	0x0f,0x19,0x1a,0x1b,0x1f,0x1d,0x13,0x1a,0x1d,0x17,0x22,0x29,0x2d,0x24,0x33,0x1d,0x1e,0x18,0x21,0x23,
	0x28,0x22,0x27,0x23,0x24,0x2a,0x6a,0x61,0x6b,0x6b,0x69,0x70,0xa8,0xab,0xaa,0xa7,0xac,0xad,0xaa,0xa8,
	0xa9,0xad,0xaa,0xaa,0xa9,0xa9,0xa9,0xa7,0xaa,0xac,0xa8,0xa8,0x54,0x4f,0x21,0x1f,0x19,0x19,0x93,0x96,
	0x8e,0x8f,0x1f,0x23,0x29,0x2c,0x92,0x9a,0x92,0x8a,0x21,0x1f,0x1e,0x22,0x2b,0x2f,0x31,0x31,0x31,0x31,
	0x2f,0x33,0x87,0x95,0x8e,0x8b,0x30,0x33,0x30,0x34,0x88,0x95,0x91,0x8e,0x2e,0x32,0x42,0x42,0x42,0x41,
	0x40,0x43,0x43,0x40,0x36,0x46,0x97,0x8d,0x90,0x8b,0x40,0x42,0x38,0x43,0x94,0x8f,0x97,0x94,0x1a,0x10,
	0x15,0x16,0x17,0x19,0x15,0x12,0x14,0x13,0x6c,0x8c,0x8f,0x86,0x97,0x87,0x88,0x11,0x78,0x96,0x95,0xa4,
	0x8d,0x8d,0xa0,0x22,0x1e,0x3a,0x7a,0x8f,0x8f,0x87,0x34,0x28,0x32,0x22,0x69,0x66,0x6a,0x71,0x6a,0x6f,
	0xa4,0xa6,0xaa,0xa7,0xa8,0xa9,0xa8,0xa8,0xa7,0xaa,0xaa,0xa8,0xa9,0xac,0xaa,0xa7,0xa7,0xa7,0xaa,0xa9,
	0x56,0x53,0x21,0x20,0x1c,0x94,0x96,0x20,0x29,0x8c,0x8b,0x28,0x26,0x8a,0x8f,0x22,0x26,0x8d,0x91,0x22,
	0x20,0x22,0x2b,0x2f,0x31,0x31,0x31,0x31,0x31,0x89,0x95,0x31,0x36,0x91,0x8d,0x32,0x32,0x8a,0x96,0x32,
	0x27,0x93,0x91,0x33,0x42,0x42,0x42,0x42,0x42,0x44,0x44,0x42,0x42,0x8e,0x96,0x3c,0x40,0x8c,0x95,0x3b,
	0x44,0x8c,0x94,0x3d,0x1a,0x8f,0x92,0x12,0x15,0x16,0x17,0x19,0x10,0x17,0x0c,0x15,0x8b,0x9b,0x10,0x19,
	0x22,0x80,0x87,0x19,0x95,0x92,0x29,0x25,0x27,0x26,0x32,0x37,0x2c,0x8e,0x8d,0x2a,0x2a,0x83,0x84,0x26,
	0x22,0x20,0x6b,0x6c,0x6d,0x6b,0x68,0x70,0xa3,0xa4,0xa9,0xab,0xa9,0xaa,0xab,0xaa,0xad,0xad,0xab,0xa9,
	0xad,0xae,0xad,0xa9,0xac,0xac,0xac,0xac,0x55,0x53,0x22,0x20,0x8d,0x96,0x27,0x22,0x1a,0x1e,0x92,0x94,
	0x92,0x8f,0x1e,0x20,0x1b,0x22,0x8e,0x92,0x1d,0x25,0x32,0x92,0x98,0x35,0x2c,0x30,0x91,0x91,0x2e,0x35,
	0x39,0x34,0x90,0x93,0x91,0x8c,0x31,0x34,0x2a,0x35,0x89,0x8f,0x49,0x3a,0x3d,0x8b,0x95,0x40,0x40,0x3e,
	0x90,0x8d,0x41,0x3f,0x3f,0x40,0x92,0x8e,0x8f,0x8c,0x3e,0x3f,0x13,0x1b,0x91,0x92,0x16,0x16,0x18,0x19,
	0x15,0x14,0x2f,0x2a,0x2b,0x31,0x36,0x3d,0x2f,0x8c,0x82,0x2f,0x80,0x97,0x21,0x33,0x27,0x25,0x22,0x29,
	0x93,0x8e,0x21,0x33,0x2c,0x23,0x8d,0x8e,0x27,0x26,0x60,0x6d,0x69,0x6f,0x69,0x6c,0x92,0x93,0x8f,0x96,
	0x95,0x95,0x99,0x94,0xae,0xac,0xab,0xa9,0xab,0xa9,0xab,0xaa,0xab,0xac,0xa7,0xa9,0x52,0x50,0x23,0x21,
	0x94,0x93,0x25,0x2a,0x1a,0x20,0x8f,0x8e,0x8d,0x8f,0x26,0x25,0x1a,0x27,0x8c,0x8b,0x13,0x11,0x27,0x8d,
	0x8f,0x2d,0x2d,0x31,0x97,0x97,0x32,0x30,0x2f,0x32,0x8b,0x90,0x91,0x8d,0x35,0x32,0x2c,0x2c,0x8e,0x8a,
	0x40,0x3c,0x44,0x93,0x8b,0x44,0x41,0x44,0x8a,0x8e,0x3e,0x3b,0x3e,0x3c,0x8e,0x8d,0x8d,0x90,0x3e,0x48,
	0x20,0x17,0x97,0x8b,0x16,0x16,0x17,0x17,0x19,0x17,0x2d,0x2d,0x2e,0x40,0x44,0x2f,0x2d,0x92,0x86,0x22,
	0x8b,0x8d,0x21,0x29,0x28,0x26,0x28,0x27,0x93,0x8d,0x21,0x20,0x1d,0x29,0x84,0x87,0x1f,0x27,0x71,0x6e,
	0x6b,0x70,0x6c,0x70,0x95,0x97,0x94,0x9b,0x92,0x90,0x94,0x8f,0xab,0xa6,0xaa,0xa7,0xab,0xaa,0xac,0xa9,
	0xa8,0xa7,0xa8,0xa9,0x4f,0x4e,0x24,0x22,0x8b,0x92,0x1d,0x8e,0x90,0x1b,0x97,0x92,0x91,0x97,0x1f,0x94,
	0x8a,0x28,0x92,0x92,0x21,0x2d,0x31,0x2e,0x3c,0x2b,0x30,0x33,0x8f,0x97,0x2c,0x90,0x96,0x2b,0x92,0x91,
	0x92,0x94,0x2f,0x93,0x93,0x2c,0x91,0x98,0x44,0x46,0x38,0x47,0x43,0x43,0x42,0x42,0x8d,0x90,0x3d,0x8c,
	0x99,0x42,0x8e,0x90,0x91,0x91,0x47,0x96,0x99,0x19,0x94,0x95,0x16,0x16,0x18,0x1a,0x0b,0x1b,0x36,0x34,
	0x34,0x34,0x30,0x2f,0x89,0x90,0x30,0x20,0x81,0x8b,0x94,0x8f,0x8e,0x94,0x20,0x27,0x8e,0x8d,0x32,0x93,
	0x94,0x2a,0x88,0x99,0x24,0x24,0x69,0x65,0x62,0x67,0x66,0x6b,0x8e,0x92,0x92,0x98,0x91,0x90,0x94,0x8f,
	0xab,0xa6,0xaa,0xa7,0xaa,0xac,0xac,0xae,0xab,0xaa,0xa9,0xac,0x4f,0x4b,0x25,0x22,0x8d,0x92,0x21,0x8b,
	0x90,0x1c,0x94,0x92,0x91,0x93,0x1d,0x92,0x93,0x29,0x85,0x93,0x27,0x23,0x2e,0x2f,0x26,0x31,0x2c,0x33,
	0x91,0x92,0x34,0x96,0x96,0x32,0x93,0x8e,0x8e,0x94,0x31,0x91,0x8f,0x2f,0x8e,0x91,0x43,0x43,0x3e,0x3c,
	0x3d,0x3b,0x44,0x3a,0x8f,0x8c,0x47,0x8e,0x94,0x44,0x93,0x8f,0x91,0x95,0x45,0x8f,0x95,0x15,0x8c,0x94,
	0x16,0x16,0x18,0x1a,0x15,0x1a,0x28,0x28,0x2b,0x34,0x2c,0x89,0x8b,0x27,0x31,0x2a,0x2b,0x3b,0x2c,0x31,
	0x2b,0x93,0x87,0x14,0x8c,0x8e,0x2d,0x85,0x89,0x28,0x93,0x87,0x2a,0x26,0x6e,0x6f,0x66,0x69,0x6a,0x70,
	0x8f,0x95,0x97,0x9a,0x91,0x90,0x94,0x8f,0xab,0xa6,0xaa,0xa7,0xad,0xa9,0xa8,0xa9,0xa9,0xa9,0xa6,0xab,
	0x52,0x4e,0x27,0x21,0x91,0x9a,0x21,0x1e,0x1d,0x1a,0x95,0x94,0x94,0x95,0x1f,0x27,0x28,0x1f,0x95,0x95,
	0x23,0x25,0x37,0x33,0x3d,0x37,0x31,0x32,0x95,0x96,0x38,0x31,0x2f,0x31,0x93,0x91,0x92,0x94,0x33,0x30,
	0x2f,0x30,0x8e,0x94,0x3f,0x44,0x3f,0x3c,0x41,0x42,0x3b,0x3d,0x92,0x90,0x3f,0x3f,0x42,0x3c,0x97,0x95,
	0x94,0x95,0x39,0x46,0x1a,0x17,0x95,0x90,0x20,0x1b,0x14,0x0d,0x25,0x22,0x36,0x2f,0x43,0x38,0x95,0x91,
	0x23,0x28,0x1f,0x27,0x23,0x27,0x28,0x2f,0x26,0x98,0x8a,0x1f,0x92,0x8c,0x2c,0x2b,0x2c,0x32,0x97,0x89,
	0x29,0x2f,0x67,0x71,0x6b,0x6b,0x6e,0x73,0x8e,0x92,0x96,0x96,0x90,0x90,0x94,0x8f,0xab,0xa6,0xaa,0xa7,
	0xab,0xaa,0xad,0xac,0xa9,0xa9,0xa9,0xac,0x55,0x52,0x25,0x21,0x8d,0x8e,0x1d,0x24,0x1b,0x26,0x90,0x8f,
	0x8e,0x8f,0x2b,0x25,0x26,0x22,0x9a,0x92,0x23,0x1f,0x37,0x86,0x88,0x33,0x2e,0x2a,0x8d,0x92,0x3a,0x2c,
	0x2e,0x2e,0x86,0x8f,0x8f,0x87,0x30,0x31,0x34,0x32,0x8d,0x8b,0x3b,0x3e,0x41,0x8a,0x89,0x41,0x39,0x3d,
	0x8b,0x91,0x45,0x44,0x45,0x45,0x91,0x92,0x90,0x8d,0x41,0x44,0x0c,0x18,0x8f,0x8e,0x12,0x18,0x12,0x14,
	0x2d,0x10,0x2b,0x3c,0x36,0x2e,0x9d,0x92,0x16,0x20,0x25,0x20,0x28,0x28,0x2b,0x29,0x36,0x90,0x89,0x27,
	0x94,0x99,0x25,0x21,0x23,0x33,0x93,0x89,0x22,0x27,0x71,0x64,0x72,0x6f,0x72,0x77,0x8b,0x8e,0x92,0x8f,
	0x8f,0x90,0x94,0x8f,0xab,0xa6,0xaa,0xa7,0xac,0xaa,0xaf,0xad,0xaa,0xac,0xa9,0xa8,0x53,0x53,0x22,0x20,
	0x1d,0x8e,0x8e,0x27,0x27,0x91,0x93,0x25,0x23,0x91,0x93,0x2c,0x25,0x90,0x89,0x29,0x21,0x24,0x30,0x91,
	0x8b,0x2e,0x2f,0x2e,0x30,0x8f,0x92,0x2f,0x34,0x92,0x91,0x2f,0x2e,0x8f,0x91,0x31,0x2b,0x8e,0x96,0x2e,
	0x3d,0x3a,0x41,0x95,0x8f,0x3e,0x3b,0x3b,0x40,0x93,0x92,0x3f,0x3c,0x90,0x94,0x41,0x41,0x94,0x8f,0x42,
	0x1a,0x93,0x8d,0x15,0x1a,0x16,0x21,0x8a,0x7c,0x21,0x31,0x29,0x38,0x3a,0x9c,0x95,0x25,0x27,0x29,0x2e,
	0x80,0x8e,0x2c,0x36,0x36,0x83,0x89,0x22,0x3f,0x94,0x99,0x2e,0x1d,0x89,0x96,0x33,0x20,0x1e,0x6d,0x69,
	0x8a,0x84,0x86,0x87,0x95,0x96,0x99,0x93,0x90,0x90,0x94,0x8f,0xaa,0xa7,0xa9,0xa7,0xac,0xac,0xae,0xaa,
	0xa8,0xaa,0xac,0xa6,0x52,0x54,0x20,0x20,0x1d,0x2f,0x8f,0x95,0x92,0x94,0x29,0x1f,0x1c,0x22,0x8f,0x8c,
	0x92,0x8c,0x23,0x1f,0x1f,0x22,0x2c,0x34,0x38,0x30,0x33,0x3b,0x2b,0x36,0x8a,0x94,0x90,0x94,0x33,0x2f,
	0x2f,0x32,0x92,0x8c,0x8f,0x8e,0x2d,0x34,0x42,0x3b,0x41,0x3d,0x43,0x45,0x43,0x41,0x3c,0x42,0x93,0x91,
	0x96,0x93,0x40,0x43,0x44,0x42,0x97,0x92,0x88,0x96,0x17,0x15,0x17,0x16,0x10,0x90,0x82,0x1b,0x35,0x32,
	0x30,0x36,0x8a,0x8d,0x27,0x3a,0x2b,0x24,0x2d,0x85,0x8c,0x9b,0x8e,0x84,0x2a,0x20,0x27,0x1c,0x8c,0x81,
	0x8c,0x8d,0x31,0x21,0x29,0x28,0x7a,0x6b,0x94,0x8d,0x8f,0x8d,0x96,0x94,0x96,0x8e,0x90,0x92,0x96,0x91,
	0xaa,0xa8,0xa9,0xa7,0xab,0xae,0xab,0xac,0xa9,0xa9,0xab,0xa7,0x51,0x55,0x1e,0x1f,0x21,0x23,0x22,0x20,
	0x1f,0x20,0x1e,0x1c,0x1d,0x1f,0x1f,0x1e,0x1e,0x1f,0x20,0x20,0x20,0x23,0x29,0x2e,0x30,0x2f,0x2b,0x2e,
	0x2e,0x30,0x31,0x31,0x31,0x2f,0x2d,0x2d,0x2b,0x2f,0x2e,0x2f,0x30,0x2f,0x2e,0x32,0x3f,0x41,0x42,0x41,
	0x40,0x40,0x3f,0x3f,0x3f,0x3f,0x3f,0x3f,0x3e,0x3e,0x3e,0x3e,0x3e,0x3d,0x3c,0x3b,0x19,0x17,0x15,0x15,
	0x15,0x15,0x14,0x14,0x15,0x15,0x13,0x17,0x15,0x17,0x29,0x28,0x34,0x32,0x2d,0x2b,0x29,0x2a,0x2d,0x2d,
	0x2c,0x29,0x2b,0x26,0x2e,0x2d,0x1f,0x2d,0x2b,0x2f,0x24,0x22,0x29,0x26,0x6a,0x65,0x96,0x90,0x95,0x99,
	0x91,0x90,0x94,0x8d,0xa8,0xa9,0xa9,0xa5,0xaa,0xa9,0xaa,0xa9,0xab,0xa9,0xa7,0xac,0xaa,0xa9,0xa6,0xa8,
	0x51,0x54,0x1e,0x1e,0x1f,0x21,0x21,0x21,0x1f,0x1e,0x1c,0x1d,0x1f,0x20,0x1f,0x1e,0x1e,0x1f,0x20,0x20,
	0x20,0x23,0x29,0x2e,0x30,0x31,0x2d,0x30,0x30,0x31,0x31,0x31,0x30,0x30,0x2e,0x30,0x2d,0x31,0x30,0x30,
	0x30,0x2e,0x2d,0x31,0x3e,0x41,0x40,0x40,0x40,0x3f,0x40,0x40,0x40,0x40,0x40,0x41,0x41,0x41,0x41,0x41,
	0x41,0x41,0x40,0x3f,0x18,0x16,0x14,0x14,0x14,0x14,0x14,0x14,0x15,0x15,0x12,0x16,0x15,0x18,0x2b,0x2c,
	0x35,0x33,0x30,0x2e,0x2c,0x2d,0x2a,0x2d,0x2c,0x2b,0x2b,0x21,0x22,0x27,0x1f,0x26,0x24,0x21,0x20,0x1d,
	0x2e,0x25,0x76,0x6e,0x91,0x93,0x8f,0x95,0x91,0x91,0x97,0x94,0xab,0xaa,0xad,0xa7,0xab,0xab,0xaa,0xab,
	0xac,0xab,0xa8,0xaa,0xab,0xa9,0xa6,0xa9,0x52,0x54,0x1e,0x1e,0x1f,0x1f,0x21,0x20,0x1f,0x1c,0x1d,0x1f,
	0x20,0x20,0x1f,0x1e,0x1e,0x1f,0x20,0x20,0x20,0x23,0x29,0x2f,0x31,0x32,0x2f,0x31,0x31,0x31,0x31,0x30,
	0x2f,0x30,0x30,0x31,0x2f,0x33,0x31,0x30,0x30,0x2e,0x2d,0x30,0x3f,0x40,0x3f,0x3f,0x3e,0x3e,0x3f,0x40,
	0x40,0x40,0x40,0x40,0x40,0x40,0x40,0x41,0x41,0x41,0x40,0x3f,0x18,0x16,0x14,0x14,0x14,0x14,0x14,0x15,
	0x16,0x16,0x12,0x17,0x14,0x1a,0x2f,0x31,0x34,0x33,0x2f,0x2d,0x2d,0x2d,0x2b,0x31,0x32,0x28,0x25,0x27,
	0x24,0x23,0x1e,0x27,0x29,0x23,0x23,0x25,0x24,0x22,0x79,0x74,0x92,0x91,0x8e,0x90,0x94,0x90,0x91,0x96,
	0xa9,0xa7,0xab,0xa7,0xa9,0xa7,0xaa,0xad,0xac,0xad,0xa9,0xab,0xac,0xae,0xaa,0xaa,0x51,0x52,0x1d,0x1c,
	0x1d,0x1f,0x22,0x1e,0x1d,0x1d,0x1f,0x20,0x20,0x20,0x1f,0x1e,0x1e,0x1f,0x20,0x20,0x20,0x23,0x29,0x2e,
	0x32,0x33,0x30,0x31,0x30,0x30,0x31,0x2f,0x30,0x31,0x31,0x33,0x30,0x33,0x30,0x2f,0x30,0x2e,0x2d,0x31,
	0x3e,0x40,0x3e,0x3f,0x3e,0x3e,0x3f,0x3f,0x3f,0x3f,0x3f,0x40,0x40,0x40,0x40,0x40,0x40,0x40,0x3f,0x3e,
	0x19,0x17,0x15,0x15,0x15,0x15,0x15,0x16,0x16,0x16,0x13,0x16,0x14,0x1a,0x31,0x33,0x33,0x31,0x2c,0x27,
	0x2d,0x30,0x2c,0x2e,0x2c,0x28,0x26,0x29,0x2b,0x27,0x1e,0x1d,0x26,0x27,0x2c,0x20,0x2c,0x22,0x71,0x6f,
	0x94,0x95,0x8e,0x92,0x93,0x94,0x92,0x95,0xaa,0xa8,0xab,0xa9,0xa9,0xa6,0xad,0xaa,0xa9,0xad,0xae,0xac,
	0xa8,0xa9,0xab,0xac,0x51,0x51,0x1d,0x1b,0x1c,0x1a,0x1c,0x1b,0x1c,0x1e,0x20,0x20,0x20,0x20,0x1f,0x1e,
	0x1e,0x1f,0x20,0x20,0x20,0x23,0x29,0x2e,0x32,0x33,0x2f,0x30,0x30,0x30,0x30,0x2f,0x2f,0x30,0x31,0x33,
	0x31,0x32,0x30,0x2f,0x2f,0x2e,0x2e,0x32,0x3f,0x41,0x3f,0x3f,0x3f,0x3e,0x3f,0x3f,0x3f,0x3f,0x3f,0x3f,
	0x3e,0x3e,0x3e,0x3e,0x3e,0x3e,0x3d,0x3c,0x18,0x16,0x14,0x14,0x14,0x14,0x14,0x15,0x15,0x16,0x13,0x17,
	0x14,0x19,0x2e,0x2f,0x33,0x31,0x2e,0x2b,0x28,0x2d,0x2f,0x2b,0x23,0x2d,0x2e,0x29,0x2c,0x2f,0x2b,0x22,
	0x1e,0x23,0x22,0x1b,0x2b,0x2a,0x90,0x89,0x8f,0x92,0x93,0x90,0x8f,0x8d,0x91,0x90,0xa9,0xa7,0xa8,0xab,
	0xa9,0xa9,0xaf,0xaa,0xa7,0xa8,0xab,0xac,0xad,0xab,0xab,0xa7,0x53,0x53,0x1f,0x1d,0x1c,0x1d,0x20,0x1e,
	0x1e,0x1f,0x20,0x20,0x20,0x20,0x1f,0x1f,0x1e,0x1f,0x20,0x20,0x20,0x23,0x2a,0x2f,0x31,0x32,0x2e,0x2f,
	0x2f,0x2f,0x30,0x30,0x30,0x30,0x31,0x31,0x2e,0x31,0x30,0x2e,0x2f,0x2f,0x2f,0x33,0x40,0x42,0x41,0x40,
	0x40,0x3f,0x40,0x40,0x3f,0x3f,0x3f,0x3f,0x3f,0x3f,0x3f,0x3f,0x3e,0x3e,0x3d,0x3c,0x18,0x16,0x14,0x14,
	0x14,0x14,0x14,0x15,0x15,0x15,0x14,0x18,0x14,0x16,0x27,0x26,0x2f,0x30,0x32,0x30,0x29,0x29,0x2e,0x2e,
	0x2d,0x2b,0x27,0x2d,0x2a,0x2a,0x31,0x29,0x1b,0x2b,0x1c,0x23,0x1e,0x25,0x93,0x8e,0x91,0x91,0x93,0x90,
	0x91,0x8e,0x9a,0x9a,0xab,0xa9,0xa9,0xa6,0xa8,0xa9,0xab,0xac,0xac,0xaf,0xad,0xab,0xa9,0xaa,0xa8,0xaa,
	0x55,0x55,0x20,0x1e,0x1d,0x1e,0x1f,0x1f,0x1f,0x1f,0x20,0x20,0x20,0x20,0x1f,0x1f,0x1f,0x1f,0x1f,0x20,
	0x20,0x23,0x2b,0x2f,0x31,0x31,0x2e,0x2f,0x2f,0x30,0x30,0x30,0x30,0x30,0x30,0x31,0x2d,0x30,0x2f,0x2e,
	0x30,0x2f,0x2f,0x33,0x40,0x42,0x42,0x41,0x41,0x41,0x41,0x41,0x40,0x40,0x40,0x40,0x40,0x40,0x40,0x40,
	0x3f,0x3f,0x3e,0x3d,0x19,0x17,0x15,0x15,0x15,0x15,0x14,0x15,0x15,0x14,0x15,0x19,0x14,0x12,0x1f,0x1a,
	0x1b,0x1a,0x18,0x18,0x2e,0x2b,0x2d,0x2c,0x25,0x27,0x33,0x40,0x2a,0x47,0x8d,0x9d,0x96,0x31,0x30,0x31,
	0x2a,0x23,0x90,0x91,0x8c,0x93,0x91,0x93,0x90,0x8e,0xa6,0xa8,0xad,0xa8,0xa7,0xa9,0xa9,0xa9,0xa9,0xa7,
	0xaa,0xaa,0xa9,0xaa,0xab,0xa5,0xa9,0xaf,0x57,0x56,0x21,0x1f,0x1f,0x1e,0x1f,0x1f,0x20,0x20,0x20,0x20,
	0x20,0x20,0x1f,0x1f,0x1f,0x1f,0x1f,0x20,0x1f,0x23,0x2b,0x2f,0x32,0x31,0x2f,0x2f,0x2f,0x31,0x31,0x31,
	0x31,0x31,0x2f,0x31,0x2d,0x30,0x2f,0x30,0x31,0x2f,0x2f,0x32,0x3f,0x42,0x41,0x41,0x40,0x41,0x41,0x41,
	0x41,0x41,0x41,0x41,0x41,0x41,0x41,0x41,0x41,0x41,0x40,0x3f,0x1a,0x18,0x16,0x16,0x16,0x16,0x15,0x15,
	0x14,0x14,0x16,0x19,0x15,0x12,0x19,0x15,0x11,0x15,0x16,0x19,0x2e,0x2d,0x30,0x33,0x2f,0x27,0x23,0x2e,
	0x30,0x72,0x95,0x39,0x33,0x2f,0x29,0x23,0x23,0x22,0x94,0x98,0x8c,0x93,0x93,0x92,0x90,0x8b,0xa8,0xa8,
	0xad,0xa9,0xa8,0xaa,0xab,0xa9,0xa9,0xaa,0xaa,0xae,0xa9,0xa8,0xa9,0xa7,0xa9,0xa9,0x56,0x55,0x21,0x1f,
	0x20,0x1f,0x1e,0x1f,0x20,0x20,0x20,0x20,0x20,0x20,0x1f,0x1f,0x1f,0x1f,0x1f,0x20,0x1f,0x23,0x2b,0x30,
	0x32,0x31,0x2f,0x30,0x30,0x32,0x31,0x31,0x31,0x30,0x30,0x31,0x2e,0x30,0x30,0x30,0x30,0x2e,0x2e,0x31,
	0x3f,0x40,0x3f,0x3f,0x3f,0x40,0x40,0x40,0x40,0x40,0x40,0x41,0x41,0x41,0x41,0x41,0x41,0x41,0x40,0x3f,
	0x1a,0x18,0x16,0x16,0x16,0x16,0x16,0x15,0x14,0x15,0x16,0x18,0x15,0x14,0x15,0x15,0x15,0x16,0x17,0x19,
	0x2d,0x30,0x32,0x33,0x1e,0x24,0x30,0x26,0x94,0x97,0x24,0x2b,0x25,0x28,0x2a,0x2d,0x27,0x27,0x92,0x93,
	0x8d,0x92,0x93,0x92,0x98,0x93,0xa9,0xaa,0xac,0xa9,0xa9,0xa9,0xab,0xaa,0xaa,0xac,0xaa,0xae,0xa8,0xa6,
	0xa8,0xaa,0xaa,0xa9,0x55,0x54,0x21,0x1f,0x20,0x1f,0x1e,0x1f,0x20,0x20,0x20,0x20,0x20,0x20,0x1f,0x1f,
	0x1f,0x1f,0x1f,0x20,0x1f,0x23,0x2b,0x2f,0x31,0x30,0x2f,0x30,0x30,0x31,0x31,0x31,0x30,0x30,0x30,0x32,
	0x2e,0x32,0x30,0x30,0x30,0x2f,0x2e,0x31,0x3e,0x3f,0x3e,0x3f,0x40,0x40,0x41,0x41,0x41,0x41,0x41,0x41,
	0x41,0x41,0x41,0x41,0x41,0x41,0x40,0x3f,0x1a,0x18,0x16,0x16,0x16,0x16,0x16,0x15,0x15,0x15,0x16,0x17,
	0x15,0x15,0x15,0x15,0x16,0x16,0x17,0x19,0x2e,0x33,0x32,0x30,0x29,0x20,0x2e,0x2e,0x9a,0x8d,0x26,0x2b,
	0x20,0x2b,0x2b,0x27,0x2e,0x2a,0x8c,0x94,0x92,0x90,0x90,0x91,0x97,0x95,0xa8,0xa4,0xaa,0xaa,0xa7,0xa9,
	0xaa,0xad,0xae,0xac,0xaa,0xa9,0xa9,0xac,0xb2,0xab,0xab,0xae,0x54,0x54,0x21,0x20,0x21,0x20,0x1f,0x1f,
	0x20,0x20,0x20,0x20,0x20,0x20,0x1f,0x1f,0x1f,0x1f,0x1f,0x20,0x1f,0x23,0x2b,0x2f,0x31,0x30,0x30,0x30,
	0x30,0x30,0x30,0x30,0x30,0x30,0x30,0x31,0x2f,0x31,0x30,0x30,0x31,0x2f,0x2e,0x31,0x3e,0x3f,0x3e,0x3f,
	0x3f,0x3f,0x40,0x40,0x40,0x40,0x40,0x41,0x41,0x41,0x41,0x41,0x41,0x41,0x40,0x3f,0x1a,0x18,0x16,0x16,
	0x16,0x16,0x16,0x16,0x16,0x16,0x16,0x16,0x16,0x16,0x16,0x16,0x16,0x17,0x17,0x19,0x32,0x33,0x33,0x33,
	0x2c,0x27,0x28,0x27,0xa7,0xa2,0x89,0x90,0x8f,0x88,0x34,0x32,0x30,0x34,0x90,0x8a,0x8e,0x8d,0x8d,0x8f,
	0x95,0x96,0xaa,0xa5,0xab,0xab,0xa8,0xa6,0xaa,0xa8,0xab,0xab,0xac,0xb0,0xa9,0xab,0xab,0xa8,0xaa,0xae,
	0x54,0x54,0x21,0x20,0x21,0x20,0x1f,0x1f,0x20,0x20,0x20,0x20,0x20,0x20,0x1f,0x1f,0x1f,0x1f,0x1f,0x20,
	0x1f,0x23,0x2b,0x2f,0x31,0x31,0x30,0x2f,0x2f,0x30,0x30,0x30,0x30,0x30,0x30,0x32,0x2f,0x32,0x31,0x30,
	0x31,0x30,0x2f,0x32,0x3f,0x41,0x40,0x40,0x3f,0x3f,0x40,0x40,0x40,0x40,0x40,0x41,0x41,0x41,0x41,0x41,
	0x41,0x41,0x40,0x3f,0x1a,0x18,0x16,0x16,0x16,0x16,0x16,0x16,0x16,0x16,0x16,0x16,0x16,0x16,0x16,0x16,
	0x16,0x17,0x17,0x19,0x32,0x33,0x33,0x33,0x1d,0x2d,0x23,0x2d,0x85,0x81,0x2a,0x31,0x35,0x92,0x8d,0x32,
	0x2c,0x31,0x94,0x94,0x89,0x8f,0x8d,0x8a,0x95,0x93,0xa7,0xae,0xac,0xae,0xa9,0xab,0xaa,0xa5,0xab,0xab,
	0xac,0xab,0xa8,0xaa,0xad,0xa9,0xa9,0xa8,0x54,0x54,0x21,0x20,0x21,0x20,0x1f,0x1f,0x20,0x20,0x20,0x20,
	0x20,0x20,0x1f,0x1f,0x1f,0x1f,0x1f,0x20,0x1f,0x23,0x2b,0x2f,0x31,0x31,0x31,0x2f,0x2f,0x2f,0x2f,0x2f,
	0x30,0x2f,0x30,0x31,0x2f,0x32,0x30,0x31,0x32,0x30,0x30,0x33,0x40,0x41,0x41,0x40,0x3e,0x3f,0x40,0x40,
	0x40,0x40,0x40,0x41,0x41,0x41,0x41,0x41,0x41,0x42,0x41,0x40,0x1a,0x18,0x16,0x16,0x16,0x16,0x16,0x16,
	0x16,0x16,0x16,0x16,0x16,0x16,0x16,0x16,0x16,0x17,0x17,0x19,0x1a,0x1c,0x20,0x27,0x1e,0x2f,0x2a,0x3f,
	0x8c,0x88,0x26,0x32,0x32,0x98,0x95,0x2d,0x31,0x37,0x92,0x96,0x96,0x8f,0x70,0x74,0xa7,0xac,0xa6,0xa4,
	0xa6,0xab,0xaa,0xac,0xad,0xa6,0xac,0xa9,0xa8,0xa9,0xab,0xa9,0xaa,0xab,0xae,0xab,0x54,0x54,0x21,0x20,
	0x21,0x20,0x1f,0x1f,0x20,0x20,0x20,0x20,0x20,0x20,0x1f,0x1f,0x1f,0x1f,0x1f,0x20,0x1f,0x23,0x2b,0x2f,
	0x31,0x32,0x31,0x2f,0x2f,0x2f,0x31,0x2f,0x30,0x31,0x30,0x32,0x2f,0x33,0x31,0x31,0x32,0x30,0x30,0x33,
	0x40,0x41,0x3f,0x40,0x3e,0x3f,0x40,0x40,0x40,0x40,0x40,0x41,0x41,0x41,0x41,0x41,0x41,0x42,0x41,0x40,
	0x1a,0x18,0x16,0x16,0x16,0x16,0x16,0x16,0x16,0x16,0x16,0x16,0x16,0x16,0x16,0x16,0x16,0x17,0x17,0x19,
	0x19,0x1d,0x23,0x28,0x28,0x24,0x38,0x3d,0x8f,0x82,0x25,0x1f,0x2e,0x96,0x8c,0x36,0x35,0x3a,0x95,0x99,
	0x8f,0x91,0x70,0x6f,0xa7,0xa9,0xa3,0xa9,0xaa,0xaf,0xb0,0xa9,0xaa,0xa8,0xab,0xab,0xaa,0xab,0xae,0xa9,
	0xa9,0xad,0xa9,0xa7,0x55,0x54,0x21,0x20,0x21,0x20,0x21,0x20,0x20,0x20,0x20,0x20,0x20,0x20,0x1f,0x1f,
	0x1f,0x1f,0x20,0x1f,0x20,0x22,0x2c,0x30,0x31,0x32,0x33,0x30,0x2e,0x2f,0x30,0x2f,0x30,0x31,0x30,0x32,
	0x2f,0x32,0x31,0x30,0x31,0x2f,0x30,0x32,0x3e,0x3f,0x3e,0x3e,0x3c,0x3e,0x3f,0x3f,0x3f,0x40,0x40,0x40,
	0x40,0x40,0x41,0x40,0x40,0x41,0x40,0x3f,0x19,0x16,0x16,0x15,0x16,0x15,0x15,0x16,0x15,0x16,0x15,0x15,
	0x16,0x16,0x16,0x15,0x15,0x16,0x17,0x18,0x18,0x1c,0x25,0x29,0x2e,0x29,0x39,0x3a,0x8f,0x9d,0x30,0x2f,
	0x33,0x90,0x8d,0x35,0x32,0x2e,0x8e,0x98,0x8e,0x8e,0x6d,0x6d,0xa5,0xaa,0xa6,0xab,0xad,0xac,0xac,0xaa,
	0xa9,0xa9,0xa9,0xa8,0xa9,0xa7,0xaa,0xa6,0xa9,0xab,0xa7,0xa6,0x56,0x55,0x21,0x1f,0x20,0x20,0x23,0x22,
	0x21,0x20,0x20,0x20,0x20,0x20,0x1f,0x1f,0x20,0x20,0x21,0x1f,0x22,0x20,0x2d,0x31,0x32,0x32,0x35,0x32,
	0x2e,0x2f,0x30,0x2f,0x31,0x32,0x31,0x33,0x30,0x31,0x31,0x31,0x30,0x2f,0x31,0x32,0x3d,0x3d,0x3e,0x3c,
	0x3b,0x3d,0x3e,0x3e,0x3e,0x40,0x40,0x40,0x40,0x40,0x40,0x40,0x40,0x40,0x40,0x3e,0x18,0x15,0x16,0x15,
	0x16,0x15,0x15,0x16,0x14,0x16,0x15,0x15,0x17,0x16,0x16,0x15,0x15,0x16,0x17,0x18,0x17,0x1b,0x27,0x2b,
	0x2e,0x2a,0x35,0x34,0x23,0x80,0x94,0x8e,0x88,0x8f,0x39,0x29,0x32,0x33,0x91,0x93,0x8b,0x87,0x6e,0x6f,
	0xa5,0xab,0xaa,0xaa,0xab,0xac,0xa8,0xaa,0xa9,0xaa,0xaa,0xa8,0xa8,0xa8,0xa9,0xa8,0xa9,0xaa,0xa9,0xa8,
	0x56,0x56,0x1f,0x20,0x25,0x23,0x24,0x23,0x23,0x22,0x22,0x22,0x22,0x22,0x21,0x21,0x20,0x20,0x22,0x1f,
	0x24,0x1f,0x2c,0x30,0x2e,0x30,0x36,0x33,0x2d,0x2f,0x2c,0x2f,0x30,0x31,0x32,0x33,0x31,0x31,0x31,0x32,
	0x31,0x2f,0x33,0x34,0x3f,0x3e,0x40,0x3e,0x3d,0x3e,0x3e,0x3f,0x3f,0x40,0x3f,0x40,0x40,0x3f,0x3f,0x40,
	0x40,0x40,0x3e,0x3b,0x19,0x15,0x16,0x15,0x16,0x15,0x15,0x16,0x14,0x16,0x16,0x15,0x17,0x16,0x15,0x15,
	0x15,0x15,0x18,0x17,0x17,0x14,0x29,0x2a,0x2c,0x2a,0x32,0x30,0x2a,0x2a,0x2e,0x2c,0x2b,0x2d,0x2e,0x31,
	0x31,0x35,0x8c,0x8c,0x82,0x7f,0x6d,0x6e,0xa5,0xa9,0xab,0xa8,0xa9,0xa9,0xa7,0xaa,0xa9,0xad,0xaa,0xa8,
	0xa7,0xaa,0xab,0xab,0xa8,0xa9,0xa9,0xab,0x57,0x57,0x1d,0x1d,0x22,0x1d,0x1e,0x20,0x22,0x23,0x24,0x24,
	0x24,0x24,0x23,0x23,0x21,0x1f,0x22,0x1d,0x23,0x1c,0x2a,0x2d,0x28,0x2a,0x35,0x34,0x30,0x32,0x2f,0x31,
	0x32,0x31,0x31,0x32,0x32,0x31,0x31,0x32,0x32,0x32,0x38,0x37,0x45,0x43,0x47,0x43,0x40,0x3f,0x3f,0x3f,
	0x3f,0x3f,0x3f,0x3f,0x3f,0x3f,0x3f,0x3f,0x3f,0x3f,0x3d,0x3b,0x1b,0x15,0x18,0x16,0x18,0x17,0x17,0x18,
	0x14,0x18,0x16,0x14,0x17,0x15,0x14,0x15,0x14,0x15,0x18,0x16,0x15,0x12,0x29,0x27,0x2a,0x27,0x30,0x2f,
	0x2a,0x29,0x2b,0x2a,0x2b,0x2e,0x2e,0x2f,0x2e,0x33,0x80,0x82,0x78,0x75,0x6d,0x6c,0xa5,0xa4,0xa7,0xa6,
	0xa9,0xa7,0xa6,0xaa,0xa9,0xac,0xa9,0xa8,0xa9,0xac,0xaa,0xa9,0xa7,0xaa,0xa7,0xab,0x58,0x5c,0x1e,0x24,
	0x24,0x22,0x1f,0x20,0x1f,0x1e,0x1e,0x1e,0x1e,0x1e,0x1e,0x1f,0x23,0x23,0x23,0x1e,0x20,0x18,0x21,0x20,
	0x1b,0x1e,0x26,0x27,0x2b,0x2d,0x29,0x2e,0x31,0x32,0x33,0x34,0x34,0x33,0x32,0x31,0x30,0x2d,0x2f,0x2f,
	0x3f,0x3e,0x41,0x41,0x40,0x40,0x41,0x41,0x41,0x41,0x41,0x41,0x41,0x41,0x41,0x41,0x41,0x41,0x3f,0x3d,
	0x16,0x11,0x15,0x14,0x17,0x16,0x16,0x18,0x14,0x18,0x15,0x13,0x16,0x15,0x14,0x14,0x14,0x14,0x18,0x15,
	0x14,0x10,0x29,0x25,0x28,0x25,0x2c,0x2b,0x27,0x27,0x28,0x27,0x26,0x25,0x25,0x27,0x26,0x2c,0x75,0x77,
	0x73,0x73,0x6d,0x6e,0xaa,0xa9,0xac,0xad,0xad,0xab,0xaa,0xaa,0xa7,0xa8,0xa5,0xa8,0xa9,0xaa,0xaa,0xa8,
	0xa7,0xab,0xab,0xae,0x53,0x58,0x1a,0x24,0x23,0x20,0x21,0x21,0x1f,0x1e,0x1e,0x1e,0x1e,0x1e,0x1e,0x1f,
	0x20,0x20,0x20,0x1c,0x1e,0x1a,0x22,0x1f,0x1c,0x1e,0x22,0x23,0x2f,0x30,0x2b,0x2e,0x2f,0x2f,0x30,0x30,
	0x30,0x30,0x30,0x30,0x31,0x31,0x31,0x30,0x44,0x42,0x41,0x40,0x40,0x40,0x40,0x40,0x40,0x40,0x40,0x40,
	0x40,0x40,0x40,0x40,0x40,0x40,0x3e,0x3c,0x16,0x13,0x16,0x16,0x19,0x18,0x19,0x1a,0x17,0x19,0x16,0x14,
	0x17,0x16,0x15,0x15,0x14,0x14,0x17,0x14,0x13,0x10,0x2a,0x27,0x29,0x24,0x2a,0x2a,0x27,0x26,0x28,0x28,
	0x27,0x27,0x28,0x26,0x24,0x29,0x6a,0x6e,0x6b,0x69,0x67,0x67,0xa5,0xa5,0xaa,0xac,0xab,0xac,0xab,0xab,
	0xa8,0xab,0xa9,0xac,0xad,0xad,0xaa,0xaa,0xa9,0xaa,0xa9,0xad,0x4c,0x54,0x20,0x1c,0x20,0x1b,0x1c,0x19,
	0x23,0x21,0x20,0x20,0x20,0x20,0x1f,0x1f,0x1f,0x1d,0x1b,0x1c,0x1d,0x1b,0x23,0x1e,0x1c,0x1b,0x1e,0x1e,
	0x31,0x31,0x2b,0x2d,0x2e,0x2f,0x30,0x31,0x31,0x30,0x30,0x31,0x32,0x32,0x2f,0x2e,0x46,0x45,0x3f,0x3f,
	0x40,0x40,0x40,0x40,0x40,0x40,0x40,0x40,0x40,0x40,0x40,0x40,0x40,0x40,0x3e,0x3c,0x16,0x12,0x15,0x15,
	0x18,0x18,0x19,0x1a,0x17,0x19,0x16,0x14,0x17,0x16,0x16,0x15,0x14,0x13,0x16,0x12,0x12,0x0f,0x2d,0x2a,
	0x2b,0x27,0x2b,0x2a,0x28,0x26,0x27,0x27,0x27,0x27,0x27,0x23,0x24,0x2a,0x64,0x6b,0x6b,0x6d,0x6a,0x6a,
	0xaa,0xab,0xaf,0xaf,0xae,0xad,0xac,0xac,0xa6,0xa7,0xa5,0xa7,0xa9,0xad,0xab,0xac,0xab,0xac,0xaa,0xab,
	0x54,0x59,0x28,0x1b,0x21,0x17,0x1b,0x16,0x23,0x21,0x20,0x20,0x20,0x20,0x1f,0x1e,0x1e,0x1c,0x1c,0x1f,
	0x20,0x22,0x29,0x23,0x23,0x21,0x21,0x1e,0x38,0x37,0x2f,0x2f,0x2e,0x2e,0x2e,0x2f,0x2f,0x2e,0x2d,0x2d,
	0x2d,0x2c,0x28,0x29,0x49,0x4a,0x44,0x42,0x41,0x40,0x40,0x40,0x40,0x40,0x40,0x40,0x40,0x40,0x40,0x40,
	0x40,0x40,0x3e,0x3c,0x16,0x13,0x15,0x15,0x17,0x16,0x17,0x19,0x17,0x19,0x17,0x16,0x18,0x17,0x17,0x16,
	0x14,0x12,0x14,0x10,0x0f,0x0f,0x31,0x2f,0x30,0x2b,0x2f,0x2c,0x2a,0x28,0x28,0x29,0x29,0x2a,0x29,0x27,
	0x2b,0x2f,0x5c,0x61,0x64,0x67,0x67,0x6a,0xab,0xad,0xaf,0xb1,0xad,0xad,0xac,0xab,0xa9,0xa8,0xa6,0xa8,
	0xa9,0xac,0xaa,0xaa,0xac,0xa9,0xaa,0xa9,0x49,0x52,0x4e,0x53,0x61,0x56,0x64,0x5f,0x53,0x51,0x50,0x50,
	0x50,0x50,0x50,0x51,0x52,0x53,0x4e,0x4d,0x43,0x41,0x42,0x3c,0x47,0x48,0x4f,0x56,0x80,0x88,0x87,0x8d,
	0x90,0x91,0x93,0x94,0x94,0x94,0x93,0x92,0x92,0x94,0x90,0x97,0xc0,0xc5,0xc2,0xc9,0xcc,0xcc,0xcd,0xcd,
	0xcd,0xcd,0xcd,0xcd,0xcd,0xcd,0xcd,0xcd,0xcd,0xcd,0xcd,0xcd,0x28,0x27,0x28,0x27,0x28,0x26,0x26,0x29,
	0x26,0x28,0x27,0x27,0x29,0x29,0x2a,0x2a,0x28,0x29,0x2c,0x2c,0x2e,0x32,0x5d,0x60,0x64,0x62,0x67,0x67,
	0x67,0x65,0x67,0x66,0x67,0x67,0x69,0x64,0x63,0x5c,0x74,0x6e,0x6c,0x69,0x68,0x67,0xaa,0xa7,0xa8,0xaa,
	0xa7,0xa7,0xa9,0xa8,0xaa,0xab,0xae,0xaf,0xae,0xb0,0xab,0xa9,0xa7,0xa8,0xab,0xad,0x52,0x52,0x55,0x49,
	0x5b,0x49,0x59,0x58,0x52,0x52,0x52,0x52,0x52,0x52,0x52,0x52,0x53,0x54,0x50,0x4f,0x44,0x43,0x46,0x41,
	0x47,0x48,0x4e,0x55,0x84,0x8d,0x8c,0x91,0x92,0x92,0x94,0x94,0x95,0x94,0x92,0x92,0x90,0x90,0x8e,0x98,
	0xc8,0xd1,0xcf,0xd0,0xd1,0xd1,0xd1,0xd1,0xd1,0xd1,0xd1,0xd1,0xd1,0xd1,0xd1,0xd1,0xd1,0xd1,0xd1,0xd1,
	0x2b,0x29,0x29,0x28,0x28,0x26,0x26,0x28,0x26,0x28,0x27,0x28,0x2a,0x2a,0x2b,0x2a,0x28,0x28,0x2b,0x2b,
	0x2c,0x32,0x60,0x65,0x6a,0x68,0x6b,0x6a,0x6a,0x6a,0x6b,0x69,0x6a,0x6b,0x6e,0x68,0x6c,0x63,0x6e,0x67,
	0x67,0x69,0x6b,0x6a,0xab,0xa8,0xa7,0xab,0xa8,0xa8,0xaa,0xa9,0xa9,0xa9,0xaa,0xab,0xab,0xad,0xa7,0xa6,
	0xa6,0xa4,0xaa,0xac,0x48,0x45,0x52,0x57,0x51,0x54,0x56,0x50,0x4f,0x4e,0x4f,0x50,0x50,0x4c,0x48,0x4a,
	0x58,0x58,0x54,0x50,0x46,0x46,0x50,0x4b,0x4a,0x49,0x4e,0x57,0x85,0x8e,0x8e,0x92,0x92,0x91,0x8f,0x8f,
	0x8f,0x91,0x91,0x92,0x93,0x92,0x91,0x91,0xd2,0xd2,0xd2,0xd1,0xd1,0xd1,0xd2,0xd2,0xd2,0xd2,0xd2,0xd2,
	0xd2,0xd2,0xd2,0xd2,0xd2,0xd2,0xd2,0xd2,0x29,0x28,0x28,0x27,0x27,0x25,0x26,0x27,0x27,0x29,0x28,0x29,
	0x2b,0x2b,0x2d,0x2c,0x29,0x29,0x2b,0x2a,0x2b,0x31,0x62,0x67,0x6b,0x68,0x6a,0x69,0x68,0x68,0x68,0x69,
	0x69,0x68,0x6c,0x69,0x6d,0x66,0x6a,0x67,0x69,0x6a,0x6e,0x6a,0xae,0xaa,0xa8,0xab,0xaa,0xaa,0xad,0xa9,
	0xaa,0xa8,0xa7,0xa8,0xa9,0xac,0xaa,0xaa,0xaa,0xa8,0xad,0xae,0x4b,0x45,0x52,0x52,0x52,0x57,0x4d,0x4b,
	0x4b,0x4a,0x4b,0x4c,0x4b,0x46,0x43,0x4a,0x5a,0x5a,0x54,0x4f,0x44,0x49,0x5b,0x5e,0x48,0x47,0x4c,0x52,
	0x7c,0x85,0x84,0x8c,0x8f,0x8f,0x8f,0x8f,0x90,0x90,0x91,0x92,0x93,0x92,0x91,0x91,0xd2,0xd2,0xd2,0xd1,
	0xd1,0xd1,0xd2,0xd2,0xd2,0xd2,0xd2,0xd2,0xd2,0xd2,0xd2,0xd2,0xd2,0xd2,0xd2,0xd2,0x2a,0x29,0x2a,0x29,
	0x29,0x27,0x28,0x29,0x28,0x2a,0x29,0x29,0x2a,0x2a,0x2c,0x2b,0x29,0x29,0x2a,0x2a,0x29,0x2f,0x64,0x68,
	0x6b,0x69,0x6a,0x69,0x69,0x69,0x69,0x69,0x69,0x6b,0x6d,0x69,0x6e,0x6a,0x6d,0x69,0x6b,0x6a,0x6e,0x6b,
	0xae,0xad,0xaa,0xac,0xab,0xab,0xac,0xab,0xac,0xab,0xa9,0xa8,0xa9,0xac,0xa8,0xac,0xac,0xa8,0xab,0xac,
	0x84,0x7f,0x59,0x52,0x53,0x4d,0x59,0x54,0x55,0x54,0x56,0x57,0x55,0x4f,0x4e,0x5a,0x4d,0x50,0x4f,0x4d,
	0x4e,0x5c,0x7d,0x89,0x91,0x8d,0x8a,0x86,0x9e,0x9b,0x94,0x94,0x91,0x90,0x90,0x8f,0x8f,0x90,0x91,0x92,
	0x91,0x90,0x91,0x91,0xd2,0xd2,0xd2,0xd2,0xd1,0xd2,0xd3,0xd3,0xd3,0xd3,0xd3,0xd3,0xd3,0xd3,0xd3,0xd3,
	0xd3,0xd3,0xd3,0xd3,0x27,0x28,0x28,0x28,0x29,0x27,0x28,0x29,0x29,0x2a,0x29,0x29,0x2a,0x2a,0x2c,0x2c,
	0x2a,0x2a,0x2c,0x2b,0x2a,0x30,0x67,0x6b,0x6c,0x6a,0x6b,0x6a,0x6b,0x6b,0x6b,0x6b,0x6a,0x69,0x6d,0x67,
	0x6d,0x6b,0x6a,0x66,0x69,0x67,0x68,0x66,0xab,0xab,0xa9,0xaa,0xa7,0xa8,0xaa,0xa9,0xab,0xa9,0xa9,0xa8,
	0xa7,0xa7,0xa6,0xab,0xac,0xaa,0xad,0xab,0x83,0x80,0x55,0x4f,0x57,0x4d,0x53,0x4c,0x53,0x53,0x54,0x56,
	0x53,0x4c,0x4d,0x5e,0x50,0x53,0x51,0x4c,0x4f,0x60,0x87,0x97,0x97,0x91,0x90,0x8c,0x9a,0x98,0x91,0x92,
	0x91,0x90,0x90,0x90,0x90,0x8f,0x91,0x92,0x91,0x90,0x91,0x91,0xd2,0xd2,0xd2,0xd1,0xd0,0xd0,0xd1,0xd1,
	0xd1,0xd1,0xd1,0xd1,0xd1,0xd1,0xd1,0xd1,0xd1,0xd1,0xd1,0xd1,0x28,0x28,0x29,0x29,0x29,0x28,0x29,0x2a,
	0x2a,0x2a,0x29,0x29,0x29,0x2a,0x2c,0x2c,0x2a,0x2b,0x2c,0x2b,0x2a,0x2e,0x68,0x6b,0x6c,0x6b,0x6a,0x6a,
	0x6b,0x6c,0x6b,0x6b,0x6b,0x6b,0x6b,0x67,0x6c,0x6a,0x68,0x67,0x6a,0x66,0x68,0x64,0xa9,0xaa,0xa9,0xaa,
	0xaa,0xaa,0xac,0xaa,0xac,0xac,0xab,0xa9,0xa9,0xa9,0xa9,0xac,0xac,0xaa,0xaa,0xa8,0x82,0x7f,0x8a,0x85,
	0x8e,0x85,0x55,0x4f,0x59,0x53,0x4e,0x56,0x4c,0x4e,0x46,0x50,0x51,0x59,0x50,0x51,0x4d,0x53,0x95,0xa1,
	0x95,0x93,0x94,0x90,0x97,0x95,0x91,0x94,0x94,0x93,0x92,0x91,0x90,0x90,0x91,0x91,0x91,0x90,0x91,0x91,
	0xd2,0xd2,0xd1,0xd1,0xd1,0xd1,0xd1,0xd1,0xd1,0xd1,0xd1,0xd1,0xd1,0xd1,0xd1,0xd1,0xd1,0xd1,0xd1,0xd1,
	0x28,0x2a,0x29,0x2a,0x2a,0x29,0x29,0x2a,0x2a,0x2a,0x29,0x29,0x28,0x28,0x2a,0x2a,0x28,0x29,0x2a,0x2a,
	0x28,0x2c,0x66,0x6a,0x69,0x69,0x68,0x69,0x6b,0x6b,0x6a,0x6a,0x6a,0x69,0x69,0x65,0x69,0x6b,0x68,0x68,
	0x6a,0x67,0x6a,0x66,0xa9,0xac,0xaa,0xab,0xac,0xac,0xaa,0xa8,0xab,0xa9,0xa8,0xa9,0xaa,0xa9,0xa9,0xac,
	0xae,0xac,0xad,0xab,0x7b,0x7a,0x8c,0x8b,0x8f,0x86,0x5d,0x55,0x57,0x58,0x4a,0x47,0x51,0x55,0x53,0x55,
	0x50,0x4b,0x55,0x55,0x57,0x51,0x94,0x89,0x91,0x8f,0x94,0x91,0x91,0x91,0x8e,0x92,0x95,0x95,0x94,0x92,
	0x90,0x90,0x90,0x90,0x90,0x90,0x91,0x91,0xd2,0xd2,0xd1,0xd1,0xd1,0xd1,0xd2,0xd2,0xd2,0xd2,0xd2,0xd2,
	0xd1,0xd1,0xd1,0xd1,0xd1,0xd1,0xd1,0xd1,0x29,0x2b,0x2a,0x2b,0x2a,0x29,0x29,0x2a,0x2b,0x2b,0x2a,0x2a,
	0x29,0x29,0x2b,0x2b,0x29,0x29,0x2a,0x2a,0x27,0x2b,0x67,0x69,0x69,0x6a,0x69,0x68,0x6b,0x6c,0x6a,0x6b,
	0x6a,0x6a,0x6a,0x68,0x6a,0x6c,0x68,0x68,0x6a,0x67,0x6a,0x67,0xaa,0xac,0xaa,0xaa,0xab,0xab,0xaa,0xa8,
	0xab,0xab,0xab,0xaa,0xab,0xa8,0xa9,0xac,0xad,0xac,0xae,0xab,0x87,0x89,0x86,0x91,0x95,0x94,0x9f,0x96,
	0xb3,0xc3,0x4d,0x50,0x51,0x4b,0x56,0x51,0x53,0x54,0x56,0x4a,0x5a,0x4d,0x97,0x9b,0x92,0x93,0x9b,0x99,
	0x93,0x94,0x93,0x96,0x97,0x96,0x94,0x91,0x90,0x90,0x91,0x91,0x91,0x90,0x91,0x90,0xd2,0xd2,0xd1,0xd1,
	0xd1,0xd1,0xd1,0xd1,0xd1,0xd1,0xd1,0xd1,0xd1,0xd1,0xd1,0xd1,0xd1,0xd1,0xd1,0xd1,0x27,0x29,0x28,0x28,
	0x27,0x27,0x27,0x27,0x2a,0x2a,0x2a,0x2a,0x28,0x29,0x2b,0x2b,0x29,0x2a,0x2a,0x2a,0x28,0x2b,0x68,0x6a,
	0x69,0x6a,0x6a,0x6a,0x6c,0x6c,0x69,0x69,0x68,0x68,0x66,0x67,0x69,0x6b,0x67,0x66,0x67,0x67,0x6a,0x69,
	0xaa,0xab,0xaa,0xa8,0xac,0xab,0xaa,0xa8,0xad,0xac,0xab,0xad,0xad,0xaa,0xaa,0xac,0xaa,0xa8,0xa9,0xa9,
	0x84,0x86,0x8e,0x94,0x94,0x98,0xa4,0x9d,0xb5,0xbe,0x48,0x4b,0x4d,0x51,0x52,0x55,0x51,0x52,0x54,0x50,
	0x56,0x4e,0x8f,0x8f,0x8f,0x8f,0x96,0x94,0x8d,0x8f,0x8f,0x92,0x94,0x94,0x93,0x91,0x91,0x91,0x91,0x92,
	0x92,0x91,0x92,0x90,0xd2,0xd1,0xd1,0xd1,0xd1,0xd1,0xd1,0xd1,0xd1,0xd1,0xd1,0xd1,0xd1,0xd1,0xd1,0xd1,
	0xd1,0xd1,0xd1,0xd1,0x27,0x2a,0x28,0x28,0x28,0x27,0x27,0x27,0x2a,0x2a,0x2a,0x2a,0x28,0x29,0x2b,0x2a,
	0x28,0x29,0x29,0x29,0x27,0x29,0x67,0x68,0x67,0x6a,0x68,0x68,0x6d,0x6c,0x68,0x69,0x69,0x6a,0x68,0x6b,
	0x6c,0x6d,0x6c,0x68,0x67,0x68,0x6f,0x6c,0xac,0xab,0xaa,0xa7,0xaa,0xa8,0xa5,0xa4,0xa9,0xaa,0xaa,0xaa,
	0xac,0xa9,0xaa,0xac,0xaa,0xa8,0xaa,0xaa,0x82,0x84,0x91,0x90,0x9d,0x99,0x9c,0xab,0xb5,0xb7,0xb2,0xb3,
	0xbf,0xce,0x58,0x59,0x54,0x4c,0x54,0x48,0x55,0x59,0x93,0x9a,0x91,0x92,0x94,0x92,0x8e,0x8e,0x8e,0x90,
	0x92,0x91,0x91,0x91,0x91,0x92,0x92,0x92,0x91,0x90,0x91,0x8f,0xd1,0xd1,0xd1,0xd1,0xd1,0xd1,0xd2,0xd2,
	0xd2,0xd2,0xd2,0xd2,0xd2,0xd2,0xd2,0xd2,0xd2,0xd2,0xd2,0xd2,0x27,0x2a,0x28,0x28,0x28,0x27,0x27,0x27,
	0x2a,0x2b,0x2a,0x2a,0x28,0x29,0x2b,0x2b,0x29,0x2a,0x2a,0x2a,0x28,0x2a,0x68,0x68,0x68,0x6a,0x68,0x6a,
	0x6d,0x6c,0x68,0x69,0x68,0x68,0x67,0x6c,0x6b,0x6b,0x6a,0x66,0x67,0x69,0x6e,0x6e,0xad,0xac,0xaa,0xa8,
	0xaa,0xa9,0xa7,0xa7,0xaa,0xac,0xab,0xab,0xab,0xab,0xab,0xac,0xaa,0xa9,0xa9,0xaa,0x82,0x86,0x92,0x8e,
	0x9d,0x99,0xa0,0xa9,0xb3,0xaf,0xbd,0xb9,0xc4,0xcc,0x55,0x57,0x4e,0x4d,0x52,0x4b,0x53,0x55,0x89,0x90,
	0x92,0x93,0x93,0x91,0x91,0x91,0x90,0x90,0x90,0x90,0x90,0x8f,0x91,0x92,0x92,0x92,0x91,0x90,0x90,0x8f,
	0xd1,0xd1,0xd1,0xd1,0xd2,0xd2,0xd2,0xd3,0xd3,0xd3,0xd3,0xd3,0xd3,0xd3,0xd3,0xd3,0xd3,0xd3,0xd3,0xd3,
	0x2b,0x2d,0x2b,0x2b,0x2b,0x2a,0x29,0x28,0x2b,0x2b,0x2a,0x29,0x26,0x27,0x28,0x28,0x27,0x28,0x28,0x2a,
	0x28,0x2a,0x68,0x68,0x68,0x6c,0x6c,0x6e,0x6f,0x6e,0x6d,0x6d,0x6c,0x6d,0x69,0x6c,0x6a,0x6b,0x6c,0x67,
	0x68,0x6a,0x6e,0x6c,0xae,0xad,0xac,0xa9,0xac,0xab,0xa9,0xa9,0xab,0xab,0xac,0xaa,0xac,0xaa,0xab,0xac,
	0xab,0xa9,0xaa,0xaa,0x82,0x87,0x93,0x8d,0x9d,0x99,0xa5,0xa3,0xb2,0xb0,0xc2,0xc0,0xd0,0xce,0xc8,0xc2,
	0xc6,0xbf,0x54,0x4c,0x5d,0x50,0x97,0x93,0x93,0x94,0x93,0x91,0x90,0x91,0x94,0x93,0x92,0x91,0x90,0x90,
	0x91,0x91,0x91,0x91,0x91,0x90,0x90,0x8f,0xd0,0xd0,0xd1,0xd1,0xd1,0xd1,0xd1,0xd1,0xd1,0xd1,0xd1,0xd1,
	0xd1,0xd1,0xd1,0xd1,0xd1,0xd1,0xd1,0xd1,0x28,0x2a,0x28,0x28,0x29,0x29,0x28,0x28,0x2b,0x2b,0x2a,0x29,
	0x27,0x29,0x2a,0x2a,0x29,0x2a,0x29,0x2b,0x29,0x2a,0x67,0x67,0x66,0x69,0x68,0x6a,0x6b,0x6a,0x68,0x69,
	0x6c,0x6f,0x68,0x6b,0x68,0x67,0x6b,0x67,0x66,0x68,0x6a,0x68,0xaa,0xaa,0xab,0xa9,0xaa,0xaa,0xa9,0xa9,
	0xa9,0xa8,0xaa,0xa9,0xa9,0xa7,0xa9,0xa9,0xaa,0xaa,0xa8,0xa8,0x82,0x87,0x93,0x8d,0x9d,0x99,0xa6,0xa0,
	0xb1,0xb4,0xc2,0xc4,0xd6,0xd0,0xcc,0xcf,0xc7,0xc1,0x4d,0x4c,0x5f,0x60,0x93,0x8b,0x93,0x93,0x92,0x91,
	0x90,0x91,0x96,0x96,0x94,0x92,0x90,0x90,0x90,0x90,0x90,0x91,0x91,0x90,0x90,0x8f,0xd0,0xd0,0xd1,0xd1,
	0xd1,0xd1,0xd1,0xd1,0xd1,0xd1,0xd1,0xd1,0xd1,0xd1,0xd1,0xd1,0xd1,0xd1,0xd1,0xd1,0x29,0x2a,0x29,0x29,
	0x29,0x29,0x29,0x28,0x2b,0x2c,0x2a,0x29,0x27,0x28,0x2a,0x2a,0x29,0x29,0x28,0x2a,0x29,0x29,0x66,0x66,
	0x65,0x68,0x68,0x69,0x6a,0x69,0x69,0x68,0x6c,0x70,0x6a,0x6b,0x68,0x68,0x6c,0x6a,0x69,0x69,0x69,0x69,
	0xac,0xab,0xac,0xa9,0xab,0xaa,0xa9,0xa9,0xa8,0xa5,0xa9,0xaa,0xa9,0xa8,0xa8,0xa9,0xaa,0xab,0xaa,0xab,
	0x83,0x86,0x92,0x8c,0x9c,0x9a,0xa6,0xa4,0xaf,0xb2,0xb8,0xbb,0xc7,0xc5,0xc9,0xce,0xc5,0xc7,0xca,0xc2,
	0xb6,0xb2,0x90,0x8f,0x94,0x94,0x93,0x91,0x91,0x91,0x97,0x96,0x94,0x91,0x90,0x90,0x91,0x91,0x91,0x91,
	0x91,0x90,0x90,0x8f,0xd0,0xd0,0xd1,0xd1,0xd1,0xd1,0xd2,0xd2,0xd2,0xd2,0xd2,0xd2,0xd1,0xd1,0xd1,0xd1,
	0xd1,0xd1,0xd1,0xd1,0x29,0x2a,0x29,0x28,0x29,0x29,0x28,0x28,0x2a,0x2a,0x29,0x27,0x25,0x27,0x28,0x28,
	0x27,0x28,0x27,0x2a,0x29,0x29,0x66,0x67,0x66,0x68,0x69,0x6b,0x6b,0x69,0x6a,0x6a,0x6b,0x6a,0x65,0x67,
	0x65,0x67,0x6b,0x69,0x68,0x6b,0x6a,0x6a,0xab,0xab,0xae,0xab,0xad,0xae,0xad,0xad,0xaa,0xa9,0xad,0xaf,
	0xab,0xa9,0xa8,0xa6,0xa8,0xa8,0xaa,0xa9,0x85,0x85,0x91,0x8a,0x9c,0x9b,0xa4,0xa7,0xb0,0xb4,0xbd,0xc2,
	0xc9,0xcf,0xcc,0xcd,0xc9,0xc1,0xcd,0xc1,0xc1,0xb7,0x93,0x8e,0x94,0x96,0x94,0x92,0x92,0x91,0x98,0x97,
	0x95,0x92,0x91,0x91,0x91,0x92,0x92,0x92,0x91,0x90,0x91,0x8f,0xd0,0xd0,0xd1,0xd1,0xd1,0xd1,0xd1,0xd1,
	0xd1,0xd1,0xd1,0xd1,0xd1,0xd1,0xd1,0xd1,0xd1,0xd1,0xd1,0xd1,0x27,0x28,0x27,0x27,0x27,0x27,0x28,0x27,
	0x29,0x2a,0x29,0x28,0x26,0x28,0x29,0x29,0x28,0x28,0x27,0x29,0x2a,0x2a,0x67,0x67,0x66,0x68,0x68,0x6a,
	0x69,0x67,0x69,0x68,0x6a,0x6d,0x68,0x6b,0x6a,0x6a,0x6d,0x69,0x69,0x6a,0x6b,0x69,0xab,0xa9,0xab,0xaa,
	0xac,0xaa,0xaa,0xa9,0xa8,0xa6,0xab,0xae,0xaa,0xa9,0xa7,0xa4,0xa7,0xa9,0xab,0xad,0x8b,0x84,0x91,0x8e,
	0x9e,0x9c,0xa3,0xa8,0xb1,0xb5,0xbf,0xc4,0xc9,0xcc,0xcd,0xcf,0xd0,0xcc,0xc0,0xc7,0xbc,0xbe,0xbc,0xb2,
	0xa2,0xa1,0x97,0x95,0x94,0x92,0x94,0x92,0x91,0x91,0x92,0x91,0x91,0x93,0x93,0x92,0x91,0x91,0x91,0x8f,
	0xd0,0xd0,0xd1,0xd1,0xd1,0xd1,0xd1,0xd1,0xd1,0xd1,0xd1,0xd1,0xd1,0xd1,0xd1,0xd1,0xd1,0xd1,0xd1,0xd1,
	0x29,0x29,0x28,0x28,0x29,0x28,0x29,0x28,0x2a,0x2b,0x2a,0x29,0x27,0x2a,0x2b,0x2b,0x2a,0x2a,0x29,0x2b,
	0x2b,0x2d,0x6a,0x6a,0x69,0x6a,0x6a,0x6c,0x6b,0x6a,0x6b,0x6b,0x6c,0x6d,0x69,0x69,0x6a,0x69,0x6b,0x68,
	0x68,0x6b,0x6a,0x6a,0xab,0xa8,0xab,0xaa,0xab,0xaa,0xaa,0xab,0xa8,0xa4,0xaa,0xab,0xa7,0xa7,0xa7,0xa5,
	0xa7,0xa5,0xaa,0xab,0x89,0x83,0x92,0x95,0xa2,0x9e,0xa4,0xa7,0xb2,0xb5,0xbf,0xc4,0xc9,0xcc,0xcd,0xce,
	0xc8,0xbf,0xbc,0xc4,0xbf,0xc6,0xbb,0xb5,0xad,0xab,0x9e,0x9c,0x99,0x96,0x95,0x93,0x91,0x91,0x91,0x91,
	0x92,0x93,0x93,0x93,0x91,0x91,0x91,0x8f,0xd0,0xd0,0xd1,0xd1,0xd1,0xd1,0xd2,0xd2,0xd1,0xd2,0xd2,0xd2,
	0xd2,0xd2,0xd2,0xd2,0xd2,0xd2,0xd2,0xd2,0x2a,0x2a,0x29,0x29,0x2a,0x29,0x2a,0x29,0x2b,0x2a,0x29,0x29,
	0x26,0x29,0x29,0x2b,0x29,0x2a,0x28,0x29,0x2a,0x2b,0x68,0x6a,0x68,0x69,0x68,0x6b,0x6a,0x69,0x6b,0x6a,
	0x6b,0x6f,0x6a,0x67,0x69,0x69,0x69,0x65,0x66,0x69,0x68,0x66,0xa9,0xa5,0xaa,0xa9,0xac,0xab,0xad,0xae,
	0xab,0xa9,0xab,0xac,0xa7,0xaa,0xab,0xa9,0xaa,0xa8,0xa9,0xa9,0x87,0x7d,0x88,0x89,0x9c,0x9e,0xa5,0xa7,
	0xb3,0xb5,0xbf,0xc4,0xc9,0xcc,0xcd,0xcb,0xc9,0xc6,0xc3,0xbf,0xbc,0xbb,0xb2,0xb5,0xb2,0xb0,0xaa,0xa6,
	0x9d,0x9b,0x98,0x94,0x93,0x91,0x90,0x91,0x93,0x94,0x94,0x93,0x92,0x91,0x91,0x8f,0xd0,0xd0,0xd1,0xd1,
	0xd1,0xd1,0xd2,0xd2,0xd2,0xd2,0xd2,0xd2,0xd2,0xd2,0xd2,0xd2,0xd2,0xd2,0xd2,0xd2,0x29,0x29,0x28,0x28,
	0x29,0x28,0x28,0x28,0x29,0x28,0x27,0x27,0x24,0x27,0x27,0x29,0x28,0x28,0x27,0x27,0x28,0x2a,0x67,0x6a,
	0x68,0x69,0x68,0x6b,0x6b,0x6a,0x6c,0x6c,0x69,0x6a,0x67,0x66,0x6a,0x68,0x69,0x65,0x66,0x68,0x6a,0x6a,
	0xad,0xa9,0xad,0xad,0xac,0xab,0xab,0xad,0xad,0xaa,0xad,0xab,0xa7,0xaa,0xaa,0xa8,0xa9,0xa8,0xa9,0xac,
	0x87,0x7d,0x90,0x91,0xa0,0x9e,0xa5,0xa7,0xb3,0xb5,0xbf,0xc4,0xc9,0xcc,0xcd,0xcb,0xc9,0xc6,0xc3,0xc0,
	0xbd,0xbb,0xb1,0xb3,0xb2,0xaf,0xab,0xab,0xa4,0xa1,0x9c,0x98,0x95,0x92,0x91,0x91,0x92,0x94,0x94,0x93,
	0x92,0x91,0x91,0x8f,0xd0,0xd0,0xd1,0xd1,0xd2,0xd2,0xd3,0xd3,0xd3,0xd3,0xd3,0xd3,0xd2,0xd2,0xd2,0xd2,
	0xd2,0xd2,0xd2,0xd2,0x29,0x28,0x29,0x29,0x2a,0x28,0x28,0x29,0x29,0x29,0x28,0x28,0x26,0x28,0x29,0x2a,
	0x29,0x29,0x29,0x28,0x29,0x2c,0x69,0x6b,0x6a,0x6a,0x6a,0x6c,0x6b,0x6a,0x6d,0x6c,0x6a,0x6b,0x69,0x69,
	0x6c,0x6b,0x6a,0x65,0x66,0x68,0x6a,0x6c,0xac,0xab,0xac,0xab,0xaa,0xa8,0xaa,0xac,0xad,0xaa,0xad,0xae,
	0xa9,0xab,0xab,0xa9,0xac,0xa9,0xac,0xac,0x5d,0x5a,0x88,0x93,0xa1,0x9e,0xa5,0xa7,0xb3,0xb5,0xbf,0xc4,
	0xc7,0xcb,0xcd,0xca,0xc8,0xc5,0xc2,0xc0,0xbd,0xba,0xb0,0xb5,0xb3,0xb1,0xac,0xab,0xa5,0xa2,0x9d,0x9a,
	0x96,0x93,0x93,0x92,0x92,0x94,0x94,0x93,0x92,0x91,0x90,0x8f,0xd0,0xd0,0xd1,0xd1,0xd0,0xd0,0xd1,0xd1,
	0xd1,0xd1,0xd1,0xd1,0xd1,0xd1,0xd1,0xd1,0xd1,0xd1,0xd1,0xd1,0x2a,0x28,0x29,0x29,0x29,0x27,0x28,0x28,
	0x28,0x27,0x27,0x28,0x25,0x27,0x28,0x29,0x28,0x28,0x28,0x26,0x27,0x2b,0x67,0x6a,0x69,0x69,0x68,0x6b,
	0x6a,0x69,0x6b,0x6a,0x66,0x6a,0x69,0x66,0x6a,0x69,0x68,0x66,0x6a,0x6a,0x6b,0x6b,0xab,0xa8,0xa7,0xa7,
	0xa9,0xa8,0xab,0xad,0xac,0xa9,0xaa,0xad,0xa9,0xac,0xad,0xaa,0xab,0xa8,0xa9,0xa8,0x61,0x58,0x88,0x8f,
	0x9f,0x9f,0xa6,0xa8,0xb4,0xb6,0xc0,0xc5,0xc6,0xcb,0xce,0xcb,0xc8,0xc5,0xc2,0xc1,0xbd,0xba,0xb4,0xb5,
	0xb5,0xb2,0xae,0xab,0xa6,0xa4,0xa0,0x9c,0x98,0x94,0x92,0x92,0x92,0x93,0x92,0x92,0x92,0x91,0x90,0x8f,
	0xd0,0xd0,0xd1,0xd1,0xd0,0xd0,0xd1,0xd1,0xd1,0xd1,0xd1,0xd1,0xd1,0xd1,0xd1,0xd1,0xd1,0xd1,0xd1,0xd1,
	0x2a,0x28,0x29,0x29,0x2a,0x27,0x28,0x29,0x28,0x28,0x29,0x2a,0x28,0x2a,0x2b,0x2c,0x2b,0x2b,0x2a,0x28,
	0x28,0x2c,0x69,0x6c,0x6b,0x69,0x69,0x6c,0x6a,0x68,0x6c,0x69,0x68,0x6b,0x6a,0x67,0x6b,0x69,0x6a,0x6a,
	0x6c,0x6c,0x6d,0x6d,0xad,0xa9,0xa9,0xa7,0xaa,0xa8,0xaa,0xab,0xaa,0xa7,0xa8,0xaa,0xa7,0xab,0xab,0xa9,
	0xab,0xa8,0xa8,0xa9,0x4c,0x4c,0x4b,0x4c,0x4b,0x52,0xa8,0xaf,0xb1,0xb2,0xc3,0xc4,0xc9,0xcb,0xcd,0xcb,
	0xc9,0xc5,0xc4,0xc1,0xbd,0xb9,0xb6,0xb4,0xb3,0xb1,0xb0,0xac,0xa7,0xa4,0xa0,0x9e,0x9a,0x95,0x93,0x92,
	0x92,0x93,0x92,0x92,0x92,0x91,0x90,0x8f,0xd0,0xd0,0xd1,0xd1,0xd1,0xd1,0xd2,0xd2,0xd2,0xd2,0xd2,0xd2,
	0xd1,0xd1,0xd1,0xd1,0xd1,0xd1,0xd1,0xd1,0x2b,0x28,0x2a,0x2a,0x2a,0x27,0x28,0x29,0x27,0x27,0x28,0x29,
	0x27,0x28,0x28,0x2a,0x29,0x29,0x29,0x26,0x27,0x2b,0x68,0x6b,0x6a,0x68,0x69,0x6d,0x6b,0x69,0x6d,0x69,
	0x66,0x67,0x6a,0x66,0x6a,0x6a,0x6b,0x67,0x69,0x68,0x69,0x6b,0xad,0xad,0xab,0xa9,0xac,0xa7,0xa7,0xab,
	0xac,0xac,0xab,0xad,0xa8,0xab,0xac,0xa9,0xad,0xab,0xac,0xad,0x4d,0x4c,0x4c,0x4c,0x52,0x56,0xa7,0xab,
	0xb2,0xb1,0xc0,0xc5,0xce,0xd0,0xca,0xca,0xcb,0xc4,0xc7,0xc1,0xbe,0xb8,0xb7,0xb4,0xb3,0xb1,0xb0,0xac,
	0xa8,0xa4,0xa2,0x9e,0x9c,0x98,0x94,0x92,0x92,0x93,0x93,0x93,0x92,0x91,0x91,0x8f,0xd0,0xd0,0xd1,0xd1,
	0xd0,0xd0,0xd1,0xd1,0xd1,0xd1,0xd0,0xd0,0xd1,0xd1,0xd1,0xd1,0xd1,0xd1,0xd1,0xd1,0x2a,0x27,0x29,0x2a,
	0x2a,0x27,0x28,0x29,0x27,0x27,0x28,0x2a,0x27,0x29,0x29,0x2b,0x2a,0x2b,0x2b,0x27,0x28,0x2c,0x67,0x6b,
	0x6a,0x68,0x68,0x6d,0x6c,0x69,0x6d,0x69,0x68,0x6a,0x6c,0x68,0x6c,0x6b,0x6d,0x6b,0x6a,0x6a,0x6c,0x6d,
	0xae,0xad,0xab,0xab,0xaf,0xac,0xab,0xae,0xaf,0xaf,0xad,0xad,0xa8,0xab,0xac,0xaa,0xac,0xa9,0xa9,0xa9,
	0x4d,0x4d,0x4c,0x4d,0x51,0x4e,0x4d,0x4a,0x50,0x4f,0xc3,0xc4,0xd0,0xcb,0xca,0xcc,0xcd,0xd5,0xc7,0xc1,
	0xbd,0xb6,0xb7,0xb5,0xb3,0xb1,0xaf,0xac,0xa7,0xa3,0xa2,0xa0,0x9e,0x9a,0x95,0x93,0x93,0x93,0x93,0x94,
	0x92,0x92,0x93,0x90,0xd0,0xd0,0xd1,0xd1,0xd0,0xd0,0xd1,0xd1,0xd2,0xd1,0xd0,0xd0,0xd1,0xd0,0xd0,0xd1,
	0xd1,0xd1,0xd1,0xd1,0x2d,0x29,0x2c,0x2c,0x2c,0x29,0x2a,0x2b,0x28,0x27,0x28,0x29,0x26,0x28,0x28,0x29,
	0x28,0x29,0x2a,0x27,0x26,0x2a,0x65,0x68,0x67,0x65,0x67,0x6c,0x6a,0x66,0x6b,0x66,0x6a,0x6a,0x6c,0x66,
	0x6b,0x68,0x69,0x67,0x69,0x69,0x6b,0x6a,0xa7,0xa6,0xa6,0xa6,0xaf,0xac,0xaa,0xad,0xaf,0xac,0xa8,0xab,
	0xa9,0xac,0xad,0xaa,0xa9,0xa7,0xa9,0xa8,0x4d,0x4d,0x4d,0x4e,0x4e,0x4c,0x49,0x47,0x48,0x4b,0xbf,0xc5,
	0xc9,0xc6,0xcc,0xcc,0xcc,0xc6,0xca,0xc4,0xbb,0xb8,0xb6,0xb9,0xb2,0xb1,0xad,0xab,0xa7,0xa3,0xa2,0xa0,
	0x9d,0x9a,0x96,0x94,0x93,0x92,0x93,0x95,0x93,0x93,0x94,0x93,0xd1,0xd4,0xcd,0xd5,0xce,0xd4,0xd2,0xd3,
	0xd3,0xd3,0xd1,0xcf,0xd0,0xcf,0xd0,0xd1,0xd1,0xd1,0xd1,0xd1,0x2a,0x28,0x2a,0x2a,0x2b,0x28,0x28,0x2a,
	0x28,0x28,0x28,0x29,0x26,0x28,0x29,0x2a,0x29,0x2a,0x2a,0x29,0x28,0x2b,0x68,0x6a,0x6a,0x68,0x69,0x6e,
	0x6b,0x67,0x6b,0x68,0x6a,0x6c,0x6d,0x68,0x6c,0x6a,0x69,0x67,0x68,0x69,0x6b,0x68,0xaa,0xa6,0xa5,0xa6,
	0xad,0xac,0xab,0xad,0xaf,0xae,0xa9,0xac,0xaa,0xab,0xae,0xab,0xaa,0xa8,0xa9,0xa9,0x4e,0x4d,0x4d,0x4d,
	0x4e,0x4b,0x52,0x4e,0x51,0x50,0x52,0x52,0x57,0x5d,0xd4,0xcd,0xc4,0xc5,0xbc,0xc2,0xbf,0xbc,0xb7,0xba,
	0xb1,0xb0,0xac,0xa9,0xa5,0xa2,0xa0,0x9f,0x9c,0x96,0x95,0x95,0x93,0x93,0x93,0x97,0x96,0x98,0x9c,0x91,
	0xa4,0xa4,0xd1,0xd0,0xd3,0xcf,0xd3,0xd7,0xd7,0xd4,0xd1,0xcf,0xcf,0xce,0xd0,0xd0,0xd1,0xd1,0xd1,0xd1,
	0x29,0x27,0x28,0x2a,0x2b,0x28,0x28,0x28,0x28,0x27,0x27,0x28,0x26,0x28,0x29,0x2a,0x2a,0x29,0x29,0x28,
	0x29,0x2c,0x68,0x6a,0x6a,0x69,0x6a,0x6d,0x6b,0x69,0x6b,0x68,0x6a,0x6b,0x6c,0x68,0x6a,0x6b,0x68,0x67,
	0x68,0x69,0x6c,0x69,0xab,0xa8,0xaa,0xaa,0xac,0xab,0xaa,0xac,0xae,0xae,0xaa,0xab,0xa9,0xaa,0xac,0xaa,
	0xa9,0xa9,0xa8,0xa9,0x4f,0x4e,0x4e,0x4d,0x4e,0x4e,0x52,0x52,0x50,0x53,0x4e,0x56,0x53,0x56,0xcd,0xc3,
	0xc1,0xbc,0xbf,0xca,0xbf,0xbe,0xb9,0xb5,0xb0,0xb0,0xab,0xa7,0xa4,0xa1,0x9e,0x9d,0x9a,0x95,0x93,0x94,
	0x94,0x94,0x92,0x97,0x9b,0x9f,0x95,0x8d,0xa6,0xa4,0xd1,0xcd,0xc9,0xcc,0xd5,0xd9,0xd6,0xd2,0xd0,0xd0,
	0xce,0xcb,0xcf,0xd0,0xd1,0xd1,0xd1,0xd1,0x2a,0x27,0x28,0x29,0x29,0x27,0x28,0x28,0x28,0x27,0x27,0x28,
	0x25,0x27,0x28,0x29,0x28,0x28,0x28,0x26,0x27,0x2b,0x67,0x6a,0x6a,0x69,0x6a,0x6b,0x6a,0x6a,0x6a,0x68,
	0x69,0x69,0x69,0x65,0x6a,0x6a,0x69,0x67,0x68,0x69,0x6d,0x6b,0xaf,0xac,0xae,0xad,0xab,0xaa,0xa9,0xac,
	0xad,0xae,0xaa,0xa9,0xa8,0xa8,0xa8,0xa8,0xa8,0xa8,0xa8,0xa8,0x50,0x4f,0x4f,0x4f,0x4f,0x4f,0x52,0x53,
	0x4f,0x53,0x51,0x50,0x57,0x52,0x59,0x52,0x54,0x51,0xc0,0xc5,0xbf,0xbd,0xba,0xb1,0xae,0xb0,0xa9,0xa7,
	0xa3,0xa0,0x9d,0x9c,0x99,0x94,0x92,0x93,0x92,0x96,0x96,0x9b,0x94,0x91,0x9c,0x9d,0xa1,0xa2,0xa1,0xa0,
	0xa3,0xb2,0xc8,0xd4,0xd2,0xcf,0xcf,0xd2,0xd7,0xd6,0xd3,0xd2,0xd1,0xd1,0xd1,0xd1,0x2a,0x28,0x29,0x29,
	0x2a,0x27,0x28,0x29,0x28,0x28,0x29,0x2a,0x28,0x2a,0x2b,0x2c,0x2b,0x2b,0x2a,0x28,0x28,0x2c,0x69,0x6c,
	0x6a,0x6a,0x6a,0x6a,0x6a,0x6a,0x6a,0x69,0x69,0x69,0x6a,0x68,0x6c,0x6c,0x6a,0x67,0x69,0x69,0x6c,0x6c,
	0xad,0xad,0xac,0xac,0xab,0xaa,0xa9,0xaa,0xaa,0xab,0xa8,0xa9,0xab,0xab,0xab,0xab,0xab,0xab,0xab,0xab,
	0x50,0x4f,0x4f,0x50,0x4f,0x4f,0x50,0x51,0x4f,0x51,0x50,0x50,0x61,0x53,0x5a,0x51,0x4a,0x57,0xc3,0xc7,
	0xbe,0xaf,0xbb,0xb0,0xae,0xb0,0xa9,0xa6,0xa2,0xa0,0x9e,0x9c,0x99,0x94,0x92,0x92,0x92,0x93,0x96,0x98,
	0x97,0x90,0x9b,0xa4,0x9e,0xa0,0x9a,0x99,0x9c,0xad,0xc9,0xd9,0xd8,0xd3,0xd0,0xd2,0xd4,0xd2,0xd0,0xd0,
	0xd1,0xd1,0xd1,0xd1,0x2b,0x28,0x2a,0x2a,0x2a,0x27,0x28,0x29,0x27,0x27,0x28,0x29,0x27,0x28,0x28,0x2a,
	0x29,0x29,0x29,0x26,0x27,0x2b,0x68,0x6b,0x6a,0x6a,0x6a,0x6a,0x6a,0x6a,0x69,0x68,0x6a,0x6c,0x6b,0x66,
	0x69,0x68,0x66,0x64,0x68,0x68,0x6a,0x6a,0xab,0xaa,0xa9,0xaa,0xa9,0xa8,0xa8,0xa7,0xa8,0xab,0xa7,0xa8,
	0xab,0xab,0xab,0xab,0xab,0xab,0xab,0xab,0x50,0x50,0x4f,0x4f,0x4f,0x50,0x50,0x50,0x50,0x51,0x50,0x50,
	0x50,0x50,0x4c,0x55,0x54,0x4c,0x57,0x49,0x51,0x5a,0xb6,0xba,0xaf,0xad,0xad,0xac,0xa5,0xa2,0x9f,0x9d,
	0x99,0x94,0x93,0x92,0x91,0x91,0x93,0x94,0x99,0x93,0x93,0x9c,0x9f,0x9d,0x9d,0x9b,0x9c,0xa0,0xa3,0xa3,
	0x9c,0xa5,0xce,0xcf,0xd2,0xcf,0xcf,0xd0,0xd1,0xd1,0xd1,0xd1,0x2a,0x27,0x29,0x2a,0x2a,0x27,0x28,0x29,
	0x27,0x27,0x28,0x2a,0x27,0x29,0x29,0x2b,0x2a,0x2b,0x2b,0x27,0x28,0x2c,0x67,0x6b,0x69,0x6a,0x6a,0x6a,
	0x6a,0x6a,0x69,0x69,0x69,0x6c,0x6b,0x67,0x6a,0x68,0x69,0x69,0x6b,0x6a,0x6b,0x6b,0xac,0xaa,0xaa,0xa9,
	0xa9,0xa9,0xac,0xad,0xad,0xb0,0xab,0xac,0xaf,0xad,0xad,0xad,0xad,0xad,0xad,0xad,0x51,0x51,0x4f,0x4f,
	0x4f,0x50,0x50,0x51,0x50,0x51,0x51,0x51,0x51,0x52,0x5a,0x5e,0x4e,0x50,0x55,0x50,0x59,0x5a,0xb1,0xb7,
	0xb2,0xaf,0xab,0xa8,0xa5,0xa2,0x9f,0x9e,0x9a,0x94,0x93,0x92,0x90,0x8f,0x94,0x96,0x96,0x92,0x98,0x9b,
	0x9c,0x9c,0x9c,0x9c,0x9c,0xa0,0xa4,0xa6,0xa1,0xac,0xcd,0xce,0xd8,0xd3,0xd0,0xd0,0xd1,0xd1,0xd1,0xd1,
	0x2d,0x29,0x2c,0x2c,0x2c,0x29,0x2a,0x2b,0x28,0x27,0x28,0x29,0x26,0x28,0x28,0x29,0x28,0x29,0x2a,0x27,
	0x26,0x2a,0x65,0x68,0x68,0x6a,0x6a,0x6a,0x6a,0x6a,0x69,0x69,0x68,0x69,0x6a,0x66,0x69,0x69,0x6a,0x66,
	0x68,0x66,0x67,0x69,0xac,0xad,0xac,0xaa,0xa8,0xa8,0xac,0xac,0xaa,0xac,0xa6,0xa7,0xab,0xaa,0xaa,0xaa,
	0xaa,0xaa,0xaa,0xaa,0x51,0x51,0x4f,0x4f,0x4f,0x50,0x51,0x51,0x51,0x52,0x52,0x51,0x52,0x54,0x53,0x4f,
	0x4f,0x50,0x4f,0x49,0x59,0x55,0x93,0x93,0x97,0x9a,0xa2,0xa7,0xa6,0xa3,0xa0,0x9e,0x9a,0x94,0x93,0x92,
	0x92,0x92,0x94,0x97,0x95,0x99,0x99,0x9b,0x9a,0x9b,0x9b,0x9c,0x9d,0x9f,0xa0,0xa1,0xa6,0xaa,0xa4,0xa6,
	0x9c,0xa5,0xce,0xcf,0xd0,0xd0,0xd1,0xd1,0x2a,0x27,0x29,0x2b,0x2b,0x28,0x28,0x29,0x27,0x27,0x27,0x29,
	0x26,0x27,0x28,0x29,0x2a,0x2a,0x2a,0x29,0x28,0x2b,0x67,0x69,0x69,0x6a,0x6a,0x6a,0x6a,0x6a,0x69,0x69,
	0x6a,0x6c,0x6c,0x67,0x6a,0x68,0x6b,0x68,0x68,0x68,0x69,0x6c,0xae,0xaf,0xae,0xac,0xab,0xaa,0xaa,0xaa,
	0xaa,0xaa,0xaa,0xaa,0xaa,0xab,0xaa,0xaa,0xaa,0xaa,0xaa,0xaa,0x50,0x51,0x4d,0x50,0x4f,0x51,0x51,0x53,
	0x52,0x52,0x51,0x50,0x51,0x54,0x4f,0x4e,0x50,0x50,0x4f,0x50,0x5e,0x59,0x95,0x8c,0x93,0x97,0x9d,0xa0,
	0xa0,0x9e,0x9d,0x9d,0x99,0x94,0x93,0x92,0x92,0x93,0x94,0x96,0x97,0x99,0x99,0x9b,0x9b,0x9b,0x9b,0x9d,
	0x9e,0x9f,0x9f,0x9f,0xa3,0xa7,0xa5,0xa6,0xa1,0xac,0xcd,0xce,0xcf,0xcf,0xd1,0xd1,0x29,0x29,0x2a,0x2c,
	0x2a,0x27,0x27,0x28,0x27,0x27,0x27,0x29,0x26,0x27,0x28,0x2a,0x2b,0x2b,0x2b,0x2a,0x28,0x2c,0x68,0x69,
	0x6a,0x6a,0x6a,0x6b,0x6a,0x6a,0x69,0x69,0x68,0x68,0x68,0x64,0x69,0x67,0x6b,0x68,0x6c,0x6b,0x6b,0x6c,
	0xa7,0xa7,0xa7,0xa7,0xa8,0xaa,0xab,0xac,0xab,0xac,0xac,0xac,0xab,0xad,0xaa,0xaa,0xaa,0xaa,0xaa,0xaa,
	0x50,0x51,0x4e,0x4f,0x4f,0x50,0x50,0x53,0x51,0x52,0x50,0x50,0x51,0x54,0x52,0x50,0x50,0x50,0x50,0x52,
	0x51,0x4f,0x91,0x92,0x8f,0x90,0x95,0x96,0x94,0x92,0x9d,0x9b,0x98,0x93,0x92,0x92,0x92,0x94,0x95,0x97,
	0x98,0x99,0x9a,0x9b,0x9c,0x9c,0x9c,0x9e,0x9f,0xa0,0xa2,0xa5,0xa6,0xa3,0xa6,0xa7,0xb4,0xb3,0x9c,0x9a,
	0x99,0x9b,0xc2,0xca,0x26,0x32,0x29,0x25,0x28,0x28,0x27,0x27,0x27,0x28,0x28,0x29,0x27,0x28,0x28,0x29,
	0x29,0x29,0x2a,0x2a,0x28,0x2c,0x69,0x69,0x6a,0x6a,0x6a,0x6a,0x6a,0x6a,0x6a,0x68,0x68,0x69,0x6a,0x68,
	0x6c,0x69,0x6b,0x67,0x6a,0x6a,0x6b,0x6c,0xab,0xa8,0xa8,0xa8,0xa8,0xa9,0xac,0xad,0xac,0xaf,0xab,0xab,
	0xae,0xac,0xac,0xac,0xac,0xac,0xac,0xac,0x51,0x52,0x4e,0x4f,0x4f,0x50,0x51,0x53,0x50,0x50,0x4f,0x50,
	0x50,0x52,0x51,0x51,0x50,0x50,0x52,0x51,0x50,0x50,0x91,0x91,0x90,0x90,0x94,0x95,0x92,0x91,0x9b,0x9a,
	0x97,0x93,0x92,0x92,0x92,0x94,0x95,0x97,0x98,0x9a,0x9b,0x9d,0x9e,0x9e,0x9e,0xa0,0xa0,0xa1,0xa3,0xa6,
	0xa6,0xa1,0xac,0xac,0xb0,0xaf,0x9c,0x9a,0x97,0x9d,0xc6,0xc8,0x26,0x35,0x28,0x2d,0x29,0x28,0x27,0x28,
	0x28,0x28,0x29,0x29,0x28,0x29,0x28,0x29,0x29,0x29,0x2a,0x2a,0x28,0x2b,0x6a,0x69,0x6a,0x6a,0x6a,0x6a,
	0x6a,0x6a,0x6a,0x68,0x69,0x6a,0x6c,0x6a,0x6c,0x6a,0x6c,0x67,0x68,0x6a,0x6b,0x6b,0xaa,0xaa,0xa9,0xa9,
	0xa9,0xa8,0xac,0xac,0xaa,0xac,0xa6,0xa7,0xab,0xaa,0xaa,0xaa,0xaa,0xaa,0xaa,0xaa,0x52,0x53,0x4f,0x51,
	0x51,0x51,0x51,0x53,0x51,0x52,0x50,0x51,0x51,0x54,0x51,0x50,0x50,0x4f,0x51,0x4e,0x51,0x4f,0x8f,0x92,
	0x90,0x8f,0x93,0x94,0x92,0x91,0x97,0x96,0x94,0x92,0x91,0x90,0x92,0x95,0x97,0x98,0x98,0x9a,0x9d,0x9f,
	0x9e,0x9e,0x9e,0xa1,0xa2,0xa3,0xa4,0xa5,0xa4,0xa8,0xab,0xa9,0xb1,0xaa,0x9d,0x9c,0x8a,0x91,0x8e,0x8f,
	0x6b,0x6f,0x2f,0x29,0x28,0x28,0x28,0x28,0x29,0x29,0x29,0x29,0x29,0x2a,0x29,0x29,0x28,0x29,0x2a,0x2a,
	0x28,0x2b,0x6a,0x69,0x6a,0x6a,0x6a,0x6a,0x6a,0x6a,0x69,0x68,0x68,0x69,0x6b,0x68,0x6b,0x6a,0x6c,0x67,
	0x68,0x69,0x6a,0x6a,0xaa,0xaa,0xa9,0xa9,0xaa,0xaa,0xaa,0xaa,0xaa,0xaa,0xaa,0xaa,0xaa,0xab,0xaa,0xaa,
	0xaa,0xaa,0xaa,0xaa,0x56,0x56,0x53,0x54,0x53,0x52,0x51,0x53,0x51,0x51,0x50,0x4f,0x50,0x51,0x51,0x50,
	0x51,0x51,0x52,0x50,0x51,0x4e,0x90,0x91,0x90,0x8e,0x93,0x94,0x92,0x90,0x93,0x93,0x93,0x91,0x90,0x8f,
	0x91,0x94,0x98,0x99,0x98,0x9b,0x9e,0x9f,0x9b,0x9d,0x9f,0xa0,0xa1,0xa2,0xa5,0xa6,0xa9,0xa9,0xaa,0xa9,
	0xae,0xa6,0xa2,0xa1,0x8d,0x92,0x8d,0x88,0x78,0x74,0x2b,0x2f,0x2c,0x2e,0x2c,0x29,0x29,0x29,0x29,0x29,
	0x28,0x29,0x29,0x29,0x29,0x29,0x2a,0x2a,0x28,0x2b,0x6a,0x69,0x69,0x6a,0x6a,0x6a,0x6a,0x6a,0x69,0x69,
	0x69,0x6a,0x6c,0x69,0x6b,0x6a,0x6b,0x67,0x69,0x69,0x6a,0x6a,0xaa,0xaa,0xaa,0xaa,0xaa,0xaa,0xab,0xac,
	0xaa,0xab,0xac,0xab,0xaa,0xac,0xa9,0xa9,0xa9,0xa9,0xa9,0xa9,0x55,0x56,0x52,0x53,0x52,0x52,0x4f,0x52,
	0x50,0x50,0x50,0x50,0x50,0x52,0x4e,0x4f,0x50,0x50,0x50,0x4e,0x52,0x4e,0x8f,0x91,0x8f,0x8f,0x93,0x94,
	0x92,0x92,0x91,0x92,0x91,0x91,0x8f,0x90,0x90,0x92,0x95,0x97,0x9a,0x9c,0x9e,0x9e,0x92,0x9b,0x9d,0x9e,
	0xa0,0xa2,0xa3,0xa6,0xa8,0xaa,0xab,0xaf,0xa9,0xaa,0xa1,0x9e,0x90,0x95,0x90,0x8d,0x79,0x76,0x6b,0x6d,
	0x5e,0x5b,0x2e,0x2a,0x2c,0x2b,0x2a,0x2a,0x28,0x2a,0x34,0x28,0x2b,0x2a,0x2a,0x2a,0x28,0x2b,0x69,0x68,
	0x68,0x6a,0x6a,0x6a,0x6a,0x6a,0x69,0x69,0x6a,0x6b,0x6c,0x69,0x6c,0x6a,0x6b,0x67,0x69,0x69,0x6a,0x6a,
	0xaa,0xaa,0xaa,0xaa,0xaa,0xaa,0xa9,0xab,0xa8,0xa8,0xaa,0xa9,0xaa,0xab,0xa9,0xa9,0xa9,0xa9,0xa9,0xa9,
	0x54,0x55,0x52,0x54,0x52,0x53,0x52,0x53,0x51,0x53,0x52,0x53,0x53,0x55,0x52,0x52,0x51,0x51,0x52,0x4f,
	0x51,0x50,0x90,0x91,0x8f,0x8f,0x91,0x91,0x91,0x91,0x91,0x92,0x91,0x91,0x91,0x91,0x92,0x92,0x8d,0x94,
	0x9e,0x9e,0x9a,0x9b,0x98,0x97,0x9b,0x9b,0x9f,0xa2,0xa1,0xa4,0xa7,0xa8,0xa9,0xaa,0xab,0xaa,0x9f,0x9f,
	0x92,0x91,0x89,0x87,0x79,0x76,0x6a,0x6f,0x61,0x5a,0x31,0x2e,0x2e,0x2d,0x2c,0x2b,0x28,0x2a,0x30,0x29,
	0x36,0x2b,0x2a,0x2a,0x29,0x2c,0x6e,0x6c,0x69,0x6b,0x6a,0x6a,0x6a,0x69,0x68,0x68,0x69,0x6b,0x6d,0x6a,
	0x6c,0x6b,0x6c,0x68,0x69,0x69,0x6b,0x6a,0xaa,0xaa,0xaa,0xaa,0xa9,0xa8,0xa7,0xa9,0xa3,0xa4,0xa8,0xa7,
	0xa9,0xaa,0xa9,0xa9,0xa9,0xa9,0xa9,0xa9,0x55,0x56,0x51,0x51,0x51,0x50,0x4e,0x4e,0x4f,0x4e,0x4f,0x50,
	0x51,0x51,0x4e,0x50,0x4f,0x4f,0x52,0x4e,0x53,0x51,0x90,0x91,0x90,0x90,0x91,0x91,0x91,0x91,0x90,0x91,
	0x90,0x90,0x91,0x92,0x91,0x92,0x90,0x8c,0x91,0x86,0xa2,0x97,0x9f,0x9a,0xa2,0x9b,0x9f,0xa1,0x9e,0xa1,
	0xa3,0xa6,0xa8,0xa8,0xa7,0xa9,0xa0,0xa5,0x96,0x96,0x8a,0x85,0x79,0x77,0x6b,0x6f,0x61,0x5d,0x52,0x55,
	0x42,0x3b,0x2d,0x2d,0x27,0x29,0x27,0x27,0x32,0x2c,0x2c,0x2d,0x29,0x2c,0x62,0x60,0x6a,0x6b,0x6a,0x6a,
	0x6a,0x69,0x69,0x69,0x69,0x6b,0x6d,0x6a,0x6d,0x6b,0x6c,0x68,0x6a,0x6a,0x6b,0x6b,0xaa,0xa9,0xa9,0xaa,
	0xa9,0xa8,0xa8,0xa8,0xa8,0xa8,0xa9,0xaa,0xa9,0xaa,0xaa,0xaa,0xaa,0xaa,0xaa,0xaa,0x53,0x54,0x52,0x53,
	0x52,0x53,0x51,0x51,0x51,0x53,0x53,0x53,0x53,0x54,0x51,0x51,0x50,0x4f,0x50,0x4f,0x52,0x50,0x90,0x91,
	0x91,0x91,0x91,0x91,0x91,0x90,0x8f,0x90,0x8f,0x8f,0x91,0x92,0x91,0x93,0x92,0x90,0x93,0x8a,0xac,0xa3,
	0xac,0xa6,0x9c,0x9d,0x9e,0xa0,0x9f,0x9c,0x9f,0xa4,0xa7,0xa9,0xa6,0xa8,0xa0,0x9f,0x92,0x92,0x86,0x85,
	0x79,0x78,0x6c,0x6f,0x62,0x5e,0x52,0x5a,0x47,0x42,0x30,0x31,0x29,0x2a,0x29,0x28,0x29,0x2a,0x2a,0x2a,
	0x29,0x2c,0x68,0x67,0x6b,0x6b,0x6a,0x6a,0x6a,0x69,0x69,0x69,0x69,0x6b,0x6d,0x6a,0x6d,0x6b,0x6c,0x69,
	0x6a,0x6a,0x6b,0x6b,0xa9,0xa9,0xa9,0xa9,0xa9,0xa9,0xa9,0xa9,0xa9,0xa9,0xaa,0xaa,0xaa,0xaa,0xaa,0xaa,
	0xaa,0xaa,0xaa,0xaa,0x53,0x53,0x52,0x52,0x52,0x51,0x50,0x51,0x51,0x53,0x53,0x53,0x54,0x54,0x52,0x50,
	0x50,0x4f,0x4f,0x50,0x52,0x51,0x91,0x92,0x91,0x91,0x91,0x91,0x91,0x8f,0x8f,0x8f,0x90,0x90,0x90,0x92,
	0x90,0x92,0x93,0x90,0x92,0x92,0x89,0x93,0xc9,0xc5,0xa9,0x9e,0x9c,0x9f,0xa1,0xa2,0xa4,0xa6,0xa7,0xa9,
	0xa7,0xa7,0xa0,0x9b,0x90,0x90,0x83,0x84,0x7a,0x78,0x6c,0x6f,0x60,0x60,0x54,0x58,0x4a,0x47,0x37,0x38,
	0x2f,0x2e,0x2a,0x29,0x46,0x86,0x94,0x8e,0x55,0x38,0x96,0x72,0x77,0x8f,0x78,0x95,0x80,0x8f,0x82,0x7e,
	0x69,0x6a,0x6c,0x6a,0x6c,0x6a,0x6d,0x69,0x68,0x69,0x6b,0x6b,0xa9,0xa9,0xa9,0xa9,0xa9,0xa9,0xa9,0xa9,
	0xa9,0xaa,0xaa,0xaa,0xaa,0xaa,0xaa,0xaa,0xaa,0xaa,0xaa,0xaa,0x53,0x54,0x51,0x51,0x51,0x52,0x51,0x50,
	0x51,0x52,0x52,0x53,0x53,0x54,0x53,0x52,0x50,0x4f,0x4f,0x4f,0x51,0x53,0x92,0x93,0x91,0x91,0x90,0x90,
	0x8f,0x8e,0x8e,0x91,0x91,0x91,0x8f,0x91,0x8f,0x90,0x90,0x90,0x90,0x91,0x8a,0x95,0xcf,0xd0,0xba,0xb0,
	0x9c,0xa0,0x9d,0x9f,0xa1,0xa4,0xa6,0xa8,0xa8,0xa9,0x9f,0x9b,0x90,0x90,0x82,0x85,0x79,0x78,0x6c,0x6e,
	0x60,0x60,0x54,0x58,0x4b,0x48,0x38,0x39,0x30,0x2f,0x2b,0x29,0x7b,0x5b,0x4e,0x93,0x7b,0x8f,0x83,0x87,
	0x87,0x9a,0x8d,0x6f,0x7d,0x91,0x97,0x9b,0x68,0x69,0x6b,0x68,0x6b,0x6a,0x6c,0x69,0x68,0x69,0x6b,0x6b,
	0xa9,0xa9,0xa9,0xa9,0xa9,0xa9,0xa9,0xa9,0xaa,0xaa,0xaa,0xaa,0xaa,0xaa,0xaa,0xaa,0xaa,0xaa,0xaa,0xaa,
	0x55,0x54,0x52,0x53,0x53,0x51,0x51,0x51,0x51,0x52,0x50,0x52,0x51,0x53,0x51,0x50,0x4f,0x4d,0x4a,0x4e,
	0x4d,0x50,0x90,0x91,0x90,0x92,0x91,0x92,0x93,0x94,0x94,0x95,0x95,0x93,0x90,0x92,0x91,0x92,0x91,0x90,
	0x90,0x92,0x8d,0x96,0xd2,0xd6,0xcc,0xc9,0xd3,0xd3,0xaf,0xa2,0xa0,0xa2,0xa6,0xa7,0xa8,0xa9,0x9f,0x9b,
	0x90,0x91,0x82,0x86,0x79,0x79,0x6d,0x6e,0x60,0x60,0x54,0x58,0x4c,0x49,0x39,0x3a,0x31,0x30,0x2c,0x2a,
	0x34,0x37,0x5a,0x3f,0x80,0x34,0x81,0x7d,0x8c,0x77,0x99,0x78,0x91,0x6e,0x7c,0x96,0x69,0x6a,0x6c,0x69,
	0x6b,0x6a,0x6b,0x69,0x68,0x69,0x6b,0x6b,0xa9,0xa9,0xa9,0xa9,0xa8,0xa8,0xa9,0xaa,0xaa,0xaa,0xaa,0xaa,
	0xaa,0xaa,0xaa,0xaa,0xaa,0xaa,0xaa,0xaa,0x52,0x53,0x51,0x50,0x51,0x52,0x52,0x52,0x53,0x51,0x51,0x54,
	0x53,0x53,0x52,0x52,0x51,0x4f,0x4e,0x50,0x4d,0x50,0x91,0x92,0x8f,0x90,0x90,0x8f,0x90,0x91,0x92,0x93,
	0x94,0x92,0x90,0x92,0x92,0x94,0x93,0x91,0x90,0x92,0x8e,0x93,0xd0,0xd6,0xd4,0xd4,0xd2,0xd4,0xad,0xa5,
	0xa0,0xa0,0xa6,0xa6,0xa7,0xa8,0x9e,0x99,0x90,0x91,0x82,0x86,0x79,0x79,0x6d,0x6e,0x60,0x60,0x54,0x58,
	0x4c,0x49,0x39,0x3a,0x31,0x30,0x2c,0x2a,0x3c,0x74,0x48,0x54,0x31,0x43,0x8e,0x6b,0x71,0x90,0x95,0x85,
	0x66,0x79,0x6c,0x75,0x6a,0x6b,0x6c,0x69,0x6c,0x6a,0x6b,0x69,0x68,0x69,0x6b,0x6b,0xa9,0xa9,0xa8,0xa8,
	0xa8,0xa9,0xaa,0xaa,0xaa,0xaa,0xaa,0xaa,0xaa,0xaa,0xaa,0xaa,0xaa,0xaa,0xaa,0xaa,0x52,0x53,0x51,0x51,
	0x52,0x51,0x51,0x51,0x52,0x50,0x4f,0x53,0x51,0x52,0x51,0x50,0x50,0x4f,0x4e,0x52,0x4d,0x51,0x92,0x92,
	0x91,0x91,0x90,0x90,0x90,0x92,0x92,0x92,0x92,0x91,0x8f,0x91,0x92,0x93,0x92,0x92,0x91,0x92,0x90,0x92,
	0xcf,0xd2,0xd4,0xd2,0xd2,0xd6,0xd5,0xda,0xcc,0xd2,0xa2,0xa5,0xa8,0xa7,0x9c,0x9a,0x90,0x90,0x81,0x86,
	0x79,0x79,0x6d,0x6e,0x60,0x60,0x54,0x58,0x4c,0x49,0x39,0x3a,0x31,0x30,0x2c,0x2a,0x60,0x51,0x83,0x53,
	0x84,0x55,0x8e,0x98,0x77,0x83,0x75,0x7f,0x94,0x76,0x93,0x8f,0x68,0x6b,0x6d,0x6a,0x6c,0x6b,0x6c,0x6a,
	0x68,0x69,0x6b,0x6b,0xa9,0xa9,0xa9,0xa9,0xa9,0xaa,0xaa,0xaa,0xaa,0xaa,0xaa,0xaa,0xaa,0xaa,0xaa,0xaa,
	0xaa,0xaa,0xaa,0xaa,0x4f,0x4f,0x4f,0x4f,0x51,0x51,0x50,0x52,0x51,0x51,0x51,0x52,0x4f,0x51,0x51,0x50,
	0x50,0x50,0x50,0x56,0x4c,0x4f,0x92,0x92,0x92,0x91,0x90,0x91,0x91,0x92,0x91,0x92,0x92,0x92,0x90,0x92,
	0x92,0x93,0x91,0x91,0x90,0x90,0x90,0x91,0xce,0xd0,0xd1,0xd0,0xce,0xcb,0xd5,0xce,0xd5,0xd0,0xa3,0xa6,
	0xb0,0xa6,0x9b,0x9b,0x91,0x90,0x81,0x86,0x79,0x79,0x6d,0x6e,0x60,0x60,0x54,0x58,0x4c,0x49,0x39,0x3a,
	0x31,0x30,0x2c,0x2a,0x6b,0x9e,0x47,0x50,0x65,0x51,0x98,0x67,0x85,0x94,0x8f,0x6d,0x94,0x82,0x7d,0x8d,
	0x69,0x6b,0x6d,0x6a,0x6d,0x6b,0x6c,0x6a,0x68,0x69,0x6b,0x6b,0xa9,0xa9,0xa9,0xa9,0xaa,0xaa,0xaa,0xaa,
	0xaa,0xaa,0xaa,0xaa,0xaa,0xaa,0xaa,0xaa,0xaa,0xaa,0xaa,0xaa,0x51,0x51,0x50,0x50,0x51,0x52,0x50,0x52,
	0x52,0x50,0x50,0x52,0x50,0x50,0x51,0x52,0x51,0x51,0x53,0x59,0x49,0x4d,0x8f,0x92,0x91,0x90,0x8f,0x91,
	0x90,0x91,0x92,0x92,0x91,0x91,0x91,0x93,0x93,0x92,0x91,0x8f,0x8d,0x89,0x8d,0x91,0xd1,0xd2,0xd4,0xd0,
	0xd1,0xd1,0xd2,0xd2,0xd2,0xd3,0xd0,0xcf,0xd0,0xd0,0x97,0x9c,0x99,0x9a,0x80,0x86,0x79,0x79,0x6d,0x6e,
	0x61,0x61,0x55,0x58,0x4c,0x49,0x3a,0x3b,0x31,0x30,0x2c,0x2a,0x53,0x74,0x81,0x61,0x83,0x8b,0x44,0x75,
	0x9c,0x61,0x9a,0x82,0x76,0x73,0x7b,0x71,0x6a,0x6b,0x6d,0x6a,0x6d,0x6b,0x6d,0x69,0x68,0x69,0x6a,0x6a,
	0xa9,0xa9,0xa9,0xa9,0xaa,0xaa,0xaa,0xaa,0xaa,0xaa,0xaa,0xaa,0xaa,0xaa,0xaa,0xaa,0xaa,0xaa,0xaa,0xaa,
	0x53,0x53,0x52,0x52,0x52,0x51,0x51,0x51,0x52,0x50,0x50,0x51,0x50,0x50,0x54,0x55,0x52,0x53,0x54,0x59,
	0x45,0x49,0x8b,0x8d,0x8f,0x8f,0x91,0x93,0x91,0x94,0x93,0x92,0x92,0x90,0x8f,0x8f,0x90,0x8f,0x90,0x8f,
	0x8b,0x87,0x8e,0x95,0xd4,0xd3,0xd3,0xcf,0xcc,0xcc,0xd1,0xd1,0xd2,0xd2,0xd2,0xd3,0xd5,0xd5,0x97,0xa1,
	0x9b,0x9e,0x84,0x84,0x78,0x79,0x6d,0x6e,0x62,0x62,0x56,0x59,0x4c,0x49,0x3b,0x3c,0x32,0x31,0x2c,0x2a,
	0x72,0x31,0x3f,0x40,0x8e,0x9c,0x6c,0x94,0x68,0x7a,0x99,0x96,0x6f,0x81,0x9b,0x8c,0x68,0x6a,0x6c,0x6a,
	0x6d,0x6b,0x6c,0x69,0x68,0x69,0x6a,0x6a,0xa9,0xa9,0xa9,0xa9,0xaa,0xaa,0xaa,0xaa,0xaa,0xaa,0xaa,0xaa,
	0xaa,0xaa,0xaa,0xaa,0xaa,0xaa,0xaa,0xaa,0x54,0x53,0x52,0x51,0x52,0x51,0x51,0x51,0x51,0x52,0x4f,0x50,
	0x51,0x51,0x79,0x7b,0x7d,0x7c,0x76,0x74,0x87,0x86,0x81,0x80,0x80,0x7e,0x7d,0x7e,0x7d,0x7e,0x7c,0x7e,
	0x7f,0x82,0x82,0x82,0x82,0x81,0x83,0x80,0x81,0x81,0x81,0x81,0x7f,0x7f,0x80,0x80,0x84,0x87,0xd0,0xd1,
	0xce,0xd6,0xd3,0xd0,0xd0,0xd3,0xd0,0xcf,0xcc,0xc9,0x95,0x94,0x74,0x76,0x6c,0x6d,0x61,0x62,0x56,0x58,
	0x4d,0x49,0x3c,0x3c,0x32,0x32,0x2c,0x2a,0x7f,0x9a,0x7f,0x69,0x51,0x68,0x64,0x7b,0x74,0x72,0x68,0x7f,
	0x89,0x72,0x94,0x82,0x68,0x66,0x6c,0x69,0x6c,0x6b,0x69,0x68,0x68,0x69,0x6a,0x6a,0xa9,0xa9,0xa9,0xa9,
	0xaa,0xaa,0xaa,0xaa,0xaa,0xaa,0xaa,0xaa,0xaa,0xaa,0xaa,0xaa,0xaa,0xaa,0xaa,0xaa,0x52,0x54,0x51,0x50,
	0x51,0x52,0x52,0x52,0x51,0x54,0x4f,0x4f,0x51,0x51,0x7b,0x7d,0x7f,0x7f,0x78,0x77,0x82,0x82,0x7d,0x7e,
	0x7f,0x7e,0x7e,0x80,0x80,0x82,0x7f,0x7f,0x80,0x7f,0x7f,0x7f,0x7e,0x7e,0x82,0x81,0x81,0x81,0x81,0x81,
	0x80,0x80,0x80,0x80,0x82,0x85,0xd0,0xd1,0xce,0xd6,0xd3,0xd0,0xd0,0xd2,0xd2,0xd3,0xd1,0xce,0x95,0x99,
	0x78,0x76,0x6c,0x6b,0x60,0x61,0x57,0x58,0x4d,0x48,0x3b,0x3b,0x30,0x32,0x2d,0x2c,0x94,0x87,0x8a,0x71,
	0x59,0x65,0x7e,0x87,0x85,0x81,0x4d,0x5b,0x7a,0x91,0x93,0x74,0x67,0x65,0x6a,0x68,0x6b,0x6a,0x69,0x68,
	0x68,0x69,0x6a,0x6a,0xa9,0xa9,0xa9,0xa9,0xaa,0xaa,0xaa,0xaa,0xaa,0xaa,0xaa,0xaa,0xaa,0xaa,0xaa,0xaa,
	0xaa,0xaa,0xaa,0xaa,0x51,0x51,0x50,0x50,0x52,0x51,0x50,0x51,0x53,0x55,0x4f,0x4f,0x51,0x51,0x7c,0x7e,
	0x80,0x80,0x7b,0x7a,0x81,0x81,0x7c,0x7c,0x7f,0x7d,0x7d,0x7f,0x80,0x81,0x7e,0x7f,0x80,0x81,0x80,0x7f,
	0x7f,0x7d,0x82,0x80,0x7e,0x7e,0x7e,0x7e,0x7e,0x7e,0x7e,0x7e,0x80,0x84,0xd1,0xd1,0xce,0xd6,0xd3,0xd0,
	0xd1,0xd4,0xd4,0xd6,0xd3,0xd0,0xce,0xcf,0x30,0x31,0x68,0x6d,0x5e,0x5b,0x58,0x58,0x4c,0x48,0x3b,0x3a,
	0x2f,0x32,0x2e,0x2e,0x52,0x8b,0x43,0x48,0x4c,0x71,0x67,0x6f,0x4d,0x75,0x9b,0x85,0x69,0x99,0x98,0x7b,
	0x63,0x64,0x69,0x68,0x6b,0x69,0x68,0x69,0x68,0x69,0x6a,0x6a,0xa9,0xa9,0xa9,0xa9,0xaa,0xaa,0xaa,0xaa,
	0xaa,0xaa,0xaa,0xaa,0xaa,0xaa,0xaa,0xaa,0xaa,0xaa,0xaa,0xaa,0x4f,0x50,0x4f,0x4f,0x51,0x52,0x50,0x52,
	0x53,0x55,0x4f,0x4f,0x51,0x51,0x7c,0x7e,0x7e,0x80,0x7c,0x7c,0x7f,0x7f,0x7b,0x7c,0x80,0x7e,0x80,0x81,
	0x81,0x83,0x81,0x80,0x7f,0x80,0x7e,0x7d,0x7e,0x7c,0x7f,0x7d,0x7c,0x7c,0x7d,0x7d,0x7d,0x7d,0x7e,0x7e,
	0x80,0x84,0xd1,0xd1,0xce,0xd6,0xd3,0xd0,0xd0,0xd3,0xd4,0xd6,0xd5,0xd3,0xd1,0xd2,0x2f,0x2f,0x67,0x67,
	0x5b,0x57,0x58,0x57,0x4b,0x47,0x3a,0x39,0x2f,0x33,0x2f,0x30,0x71,0x76,0x8e,0x55,0x3e,0x5b,0x5c,0x7b,
	0x56,0x53,0x4d,0x84,0x79,0x78,0x6d,0x97,0x66,0x63,0x69,0x67,0x6a,0x6a,0x69,0x69,0x68,0x69,0x6a,0x6a,
	0xa9,0xa9,0xa9,0xa9,0xaa,0xaa,0xaa,0xaa,0xaa,0xaa,0xaa,0xaa,0xaa,0xaa,0xaa,0xaa,0xaa,0xaa,0xaa,0xaa,
	0x52,0x53,0x51,0x51,0x51,0x51,0x50,0x51,0x53,0x55,0x4f,0x4f,0x51,0x51,0x7c,0x7e,0x7e,0x80,0x7d,0x7d,
	0x7e,0x7d,0x7b,0x7d,0x81,0x7f,0x7f,0x80,0x80,0x83,0x80,0x7f,0x7e,0x7f,0x7d,0x7d,0x80,0x7e,0x81,0x7f,
	0x7d,0x7e,0x7f,0x7f,0x7e,0x7e,0x7e,0x7e,0x80,0x84,0xd1,0xd1,0xce,0xd6,0xd3,0xd0,0xd0,0xd1,0xd3,0xd6,
	0xd7,0xd6,0xd4,0xd3,0x2a,0x2a,0x29,0x2a,0x2c,0x34,0x55,0x54,0x48,0x44,0x39,0x3a,0x30,0x34,0x2f,0x30,
	0x3c,0x7b,0x88,0x39,0x4d,0x7d,0x72,0x49,0x55,0x6c,0x5a,0x91,0x79,0x96,0x6f,0x70,0x5f,0x62,0x69,0x67,
	0x6a,0x6a,0x68,0x69,0x68,0x69,0x6a,0x6a,0xa9,0xa9,0xa9,0xa9,0xaa,0xaa,0xaa,0xaa,0xaa,0xaa,0xaa,0xaa,
	0xaa,0xaa,0xaa,0xaa,0xaa,0xaa,0xaa,0xaa,0x53,0x54,0x53,0x51,0x53,0x52,0x50,0x50,0x53,0x55,0x4f,0x4f,
	0x51,0x51,0x7c,0x7e,0x7f,0x81,0x7e,0x80,0x7e,0x7e,0x7c,0x7f,0x83,0x7e,0x7e,0x80,0x7e,0x82,0x7f,0x7e,
	0x7d,0x7f,0x7e,0x7e,0x82,0x7f,0x81,0x7d,0x7c,0x7d,0x7e,0x7e,0x7d,0x7d,0x7d,0x7d,0x80,0x84,0xd1,0xd1,
	0xce,0xd6,0xd3,0xd1,0xcf,0xd0,0xd1,0xd2,0xd3,0xd3,0xd4,0xd2,0x28,0x28,0x28,0x29,0x2b,0x31,0x53,0x51,
	0x3e,0x3e,0x37,0x3a,0x32,0x34,0x2e,0x2e,0x68,0x3e,0x78,0x8b,0x70,0x61,0x4e,0x94,0x80,0x6b,0x61,0x95,
	0x63,0x94,0x65,0x85,0x5e,0x61,0x67,0x67,0x6b,0x69,0x68,0x69,0x68,0x69,0x6a,0x6a,0xa9,0xa9,0xa9,0xa9,
	0xaa,0xaa,0xaa,0xaa,0xaa,0xaa,0xaa,0xaa,0xaa,0xaa,0xaa,0xaa,0xaa,0xaa,0xaa,0xaa,0x4f,0x51,0x4f,0x4e,
	0x52,0x53,0x50,0x52,0x53,0x55,0x4f,0x4f,0x51,0x51,0x7c,0x7e,0x7e,0x80,0x7e,0x81,0x7d,0x7c,0x7c,0x7d,
	0x81,0x7d,0x7d,0x7e,0x7d,0x80,0x7e,0x7e,0x7f,0x81,0x7f,0x7e,0x83,0x7f,0x7f,0x7b,0x7c,0x7d,0x7d,0x7d,
	0x7d,0x7d,0x7d,0x7d,0x81,0x84,0xd1,0xd2,0xcf,0xd6,0xd2,0xd1,0xd2,0xd3,0xd3,0xd2,0xd3,0xd3,0xd2,0xd2,
	0x28,0x28,0x2a,0x2a,0x29,0x29,0x2e,0x2c,0x30,0x33,0x32,0x39,0x32,0x34,0x2b,0x2a,0x40,0x3b,0x72,0x4f,
	0x71,0x68,0x6e,0x89,0x6e,0x50,0x99,0x91,0x98,0x63,0x75,0x82,0x5c,0x61,0x67,0x67,0x67,0x68,0x68,0x67,
	0x67,0x69,0x6a,0x6a,0xa9,0xa9,0xa9,0xa9,0xaa,0xaa,0xaa,0xaa,0xaa,0xaa,0xaa,0xaa,0xaa,0xaa,0xaa,0xaa,
	0xaa,0xaa,0xaa,0xaa,0x4f,0x50,0x4f,0x4f,0x52,0x52,0x50,0x51,0x53,0x55,0x4f,0x4f,0x51,0x51,0x7c,0x7e,
	0x7e,0x80,0x7c,0x7e,0x7d,0x7e,0x7e,0x7f,0x81,0x7d,0x7c,0x7c,0x7b,0x7e,0x7b,0x7d,0x7d,0x7f,0x7e,0x7d,
	0x81,0x7e,0x7f,0x7b,0x7c,0x7d,0x7d,0x7d,0x7d,0x7d,0x7d,0x7d,0x81,0x83,0xd0,0xd2,0xcf,0xd5,0xd2,0xd1,
	0xd0,0xd2,0xd0,0xcf,0xd2,0xd2,0xd1,0xd2,0x28,0x26,0x2a,0x29,0x28,0x28,0x2a,0x29,0x29,0x2d,0x2d,0x37,
	0x31,0x32,0x2a,0x2a,0x93,0x37,0x75,0x65,0x47,0x48,0x9d,0x94,0x96,0x55,0x85,0x57,0x8d,0x5f,0x8a,0x7a,
	0x60,0x60,0x66,0x67,0x68,0x67,0x67,0x69,0x68,0x69,0x6a,0x6a,0xa9,0xa9,0xa9,0xa9,0xaa,0xaa,0xaa,0xaa,
	0xaa,0xaa,0xaa,0xaa,0xaa,0xaa,0xaa,0xaa,0xaa,0xaa,0xaa,0xaa,0x50,0x50,0x50,0x4f,0x51,0x51,0x50,0x50,
	0x52,0x55,0x4f,0x4f,0x51,0x51,0x7c,0x7e,0x7f,0x81,0x7b,0x7d,0x7e,0x7f,0x7f,0x80,0x7f,0x7c,0x80,0x80,
	0x7e,0x7d,0x7b,0x7d,0x7e,0x7d,0x7d,0x7c,0x80,0x7e,0x82,0x7b,0x7c,0x7d,0x7e,0x7e,0x7e,0x7e,0x7e,0x7e,
	0x81,0x83,0xd0,0xd2,0xcf,0xd5,0xd1,0xd1,0xd1,0xd3,0xd1,0xcf,0xd2,0xd2,0xd1,0xd2,0x27,0x25,0x2b,0x29,
	0x28,0x2a,0x2a,0x2b,0x29,0x2a,0x28,0x28,0x29,0x2a,0x2a,0x2a,0x2e,0x2f,0x35,0x38,0x3c,0x36,0x50,0x48,
	0x4b,0x4d,0x52,0x54,0x55,0x56,0x5c,0x62,0x85,0x8d,0x96,0x7d,0x72,0x8e,0x81,0x7e,0x87,0x6d,0x7c,0x8a,
	0x88,0x80,0x9d,0x8d,0xac,0xab,0xab,0xaa,0xa9,0xa9,0xa9,0xa9,0xa9,0xa9,0xa9,0xa9,0xa9,0xa9,0xa9,0xa9,
	0x50,0x50,0x50,0x4f,0x50,0x50,0x50,0x50,0x52,0x55,0x4f,0x4f,0x51,0x51,0x7c,0x7e,0x80,0x83,0x7b,0x7b,
	0x7f,0x80,0x80,0x7f,0x7e,0x7d,0x81,0x80,0x80,0x80,0x7d,0x80,0x7f,0x7d,0x7e,0x7c,0x7f,0x7e,0x84,0x7d,
	0x7d,0x7d,0x7e,0x7e,0x7e,0x7e,0x7e,0x7e,0x82,0x83,0xd0,0xd3,0xd0,0xd5,0xd1,0xd2,0xd3,0xd5,0xd7,0xd2,
	0xd2,0xd2,0xd0,0xd2,0x27,0x24,0x2c,0x2a,0x29,0x2a,0x2a,0x2a,0x2b,0x2a,0x27,0x27,0x29,0x2a,0x2a,0x2a,
	0x2d,0x2e,0x35,0x36,0x3a,0x34,0x4e,0x46,0x49,0x4b,0x51,0x54,0x54,0x56,0x5b,0x60,0x86,0x9a,0x80,0x8a,
	0x7f,0x85,0x8d,0x76,0x70,0x74,0x66,0x64,0x84,0x7c,0x98,0x9c,0xa7,0xa6,0xa9,0xa9,0xa8,0xa8,0xa6,0xa6,
	0xa7,0xa8,0xa8,0xa8,0xa9,0xa9,0xa9,0xa9,0x50,0x50,0x50,0x50,0x50,0x50,0x50,0x50,0x52,0x55,0x4f,0x4f,
	0x51,0x51,0x7c,0x7e,0x7f,0x83,0x7c,0x7b,0x7f,0x7f,0x7e,0x7e,0x7e,0x7f,0x82,0x80,0x80,0x7f,0x7d,0x7f,
	0x7f,0x7c,0x7d,0x7b,0x7e,0x7c,0x83,0x7d,0x7e,0x7e,0x7e,0x7e,0x7e,0x7e,0x7e,0x7e,0x82,0x82,0xcf,0xd3,
	0xd0,0xd4,0xd0,0xd2,0xd2,0xd3,0xd4,0xcf,0xce,0xcf,0xce,0xd0,0x27,0x24,0x2d,0x2b,0x2a,0x2b,0x2a,0x2a,
	0x2a,0x2a,0x28,0x2a,0x2a,0x2a,0x2a,0x2a,0x2b,0x2c,0x33,0x33,0x37,0x30,0x4d,0x45,0x48,0x4a,0x50,0x53,
	0x55,0x57,0x5b,0x5f,0x84,0x97,0x72,0x7a,0x82,0x7c,0x9a,0x7f,0x83,0x80,0x6e,0x6c,0x79,0x7b,0x82,0x8c,
	0x5b,0x5a,0xaa,0xa9,0xad,0xab,0xa5,0xa5,0xa6,0xa7,0xa7,0xa7,0xa8,0xa8,0xa8,0xa8,0x50,0x50,0x50,0x50,
	0x50,0x50,0x50,0x50,0x52,0x55,0x4f,0x4f,0x51,0x51,0x7c,0x7e,0x7f,0x82,0x7c,0x7a,0x7d,0x7b,0x7b,0x7c,
	0x7c,0x7e,0x80,0x80,0x80,0x81,0x7f,0x80,0x7f,0x7d,0x7e,0x7c,0x7e,0x7c,0x83,0x7d,0x7e,0x7e,0x7e,0x7e,
	0x7e,0x7e,0x7e,0x7e,0x82,0x82,0xcf,0xd3,0xd0,0xd4,0xd0,0xd1,0xd1,0xd1,0xd3,0xd0,0xd0,0xd3,0xd3,0xd6,
	0x28,0x25,0x2d,0x2a,0x29,0x2b,0x2a,0x2a,0x2a,0x2b,0x29,0x2a,0x2b,0x2b,0x2a,0x29,0x2a,0x2a,0x30,0x30,
	0x32,0x2c,0x4d,0x46,0x48,0x4b,0x4f,0x53,0x56,0x57,0x5a,0x5f,0x67,0x70,0x7a,0x70,0x8a,0x7e,0x80,0x8c,
	0x89,0x7b,0x98,0x7d,0x7e,0x7d,0x7d,0x7c,0x59,0x57,0xa8,0xa2,0xa7,0xa1,0xa7,0xa6,0xa7,0xa8,0xa8,0xa8,
	0xa8,0xa8,0xa8,0xa8,0x50,0x50,0x50,0x50,0x50,0x50,0x50,0x50,0x52,0x55,0x4f,0x4f,0x51,0x51,0x7c,0x7e,
	0x7e,0x81,0x7c,0x79,0x7e,0x7c,0x7b,0x7c,0x7f,0x7f,0x80,0x80,0x7f,0x81,0x7f,0x80,0x7f,0x7e,0x80,0x7e,
	0x7f,0x7e,0x84,0x81,0x7e,0x7e,0x7e,0x7e,0x7e,0x7e,0x7e,0x7e,0x82,0x82,0xcf,0xd3,0xd0,0xd4,0xd0,0xd1,
	0xd0,0xd0,0xd3,0xd0,0xd0,0xd3,0xd2,0xd5,0x29,0x25,0x2c,0x29,0x28,0x2a,0x2b,0x2b,0x2b,0x2b,0x29,0x2a,
	0x2b,0x2b,0x29,0x2a,0x29,0x28,0x2c,0x2b,0x2e,0x29,0x50,0x49,0x4d,0x4e,0x50,0x53,0x55,0x58,0x5b,0x5e,
	0x87,0x6a,0x78,0x8d,0x78,0x6c,0x7c,0x70,0x67,0x87,0x7b,0x9c,0x7e,0x93,0x87,0x6d,0x5b,0x5b,0x5b,0x5c,
	0x55,0x61,0xab,0xa7,0xaa,0xaf,0xad,0xa8,0xa8,0xa8,0xa8,0xa8,0x50,0x50,0x50,0x50,0x50,0x50,0x50,0x50,
	0x52,0x55,0x4f,0x4f,0x51,0x51,0x7c,0x7e,0x7e,0x81,0x7d,0x7a,0x83,0x81,0x80,0x80,0x83,0x82,0x82,0x81,
	0x7e,0x80,0x7b,0x7d,0x7e,0x7d,0x7d,0x7b,0x7d,0x7d,0x84,0x81,0x80,0x7f,0x7e,0x7e,0x7e,0x7e,0x7e,0x7e,
	0x82,0x82,0xcf,0xd3,0xd0,0xd4,0xd0,0xd0,0xd1,0xd1,0xd4,0xd1,0xcf,0xd1,0xd0,0xd2,0x2b,0x27,0x2c,0x28,
	0x27,0x29,0x2b,0x2c,0x2b,0x2a,0x28,0x29,0x2a,0x2a,0x29,0x2a,0x29,0x27,0x29,0x28,0x2a,0x29,0x55,0x51,
	0x54,0x54,0x54,0x54,0x57,0x58,0x5b,0x5e,0x8a,0x74,0x77,0x8b,0x77,0x86,0x8a,0x74,0x8f,0x73,0x7b,0x73,
	0x7a,0x88,0x6d,0x6e,0x5a,0x59,0x57,0x55,0x5a,0x55,0x9e,0xa7,0xab,0xa7,0xaa,0xa7,0xa7,0xa7,0xa7,0xa7,
	0x50,0x50,0x4f,0x4f,0x50,0x4f,0x50,0x50,0x52,0x55,0x4f,0x50,0x50,0x50,0x7b,0x7d,0x81,0x82,0x7d,0x7a,
	0x85,0x82,0x7f,0x7e,0x7f,0x80,0x80,0x80,0x7d,0x81,0x7e,0x80,0x80,0x7f,0x7f,0x7c,0x7d,0x7d,0x82,0x81,
	0x81,0x80,0x7f,0x7f,0x7e,0x7e,0x7e,0x7e,0x82,0x82,0xd0,0xd3,0xd0,0xd3,0xd0,0xd0,0xd0,0xd1,0xd5,0xd3,
	0xd1,0xd3,0xd2,0xd2,0x2c,0x28,0x2b,0x27,0x26,0x29,0x2a,0x2b,0x2b,0x2b,0x29,0x29,0x2a,0x29,0x29,0x29,
	0x2a,0x26,0x28,0x27,0x28,0x2a,0x5c,0x5b,0x5d,0x5c,0x59,0x57,0x58,0x5a,0x5b,0x5f,0x70,0x76,0x6e,0x91,
	0x7c,0x63,0x7e,0x86,0x73,0x84,0x7f,0x8a,0x7d,0x7a,0x97,0x76,0x5a,0x5b,0x5b,0x5d,0x4e,0x52,0x53,0x58,
	0x55,0x5b,0xa4,0xaa,0xaa,0xaa,0xaa,0xaa,0x50,0x50,0x4f,0x4f,0x50,0x4f,0x51,0x51,0x53,0x55,0x50,0x51,
	0x50,0x50,0x79,0x7b,0x7c,0x7a,0x74,0x72,0x83,0x80,0x81,0x7d,0x7d,0x7d,0x7e,0x7d,0x79,0x7d,0x7b,0x7d,
	0x7f,0x80,0x81,0x7e,0x7f,0x80,0x83,0x81,0x82,0x81,0x80,0x80,0x7e,0x7e,0x7e,0x7e,0x82,0x82,0xd1,0xd4,
	0xd0,0xd3,0xd0,0xd0,0xd0,0xd1,0xd3,0xd2,0xd1,0xd3,0xd1,0xd2,0x2b,0x27,0x2a,0x28,0x27,0x28,0x2b,0x2b,
	0x2a,0x2a,0x29,0x29,0x2b,0x2a,0x29,0x29,0x29,0x27,0x28,0x27,0x29,0x2c,0x63,0x63,0x64,0x63,0x5e,0x5b,
	0x5d,0x5d,0x5c,0x5e,0x6a,0x8b,0x7b,0x8a,0x92,0x86,0x80,0x8e,0x6a,0x74,0x7b,0x71,0x8f,0x8e,0x57,0x7d,
	0x5b,0x5b,0x5a,0x5a,0x57,0x54,0x4f,0x53,0x57,0x60,0x9c,0xa3,0xa3,0xa3,0xa3,0xa3,0x51,0x52,0x4f,0x50,
	0x50,0x4e,0x50,0x51,0x52,0x54,0x4f,0x53,0x51,0x50,0x55,0x53,0x50,0x55,0x54,0x56,0x4c,0x4c,0x8e,0x90,
	0x94,0x95,0x98,0x98,0x92,0x94,0x93,0x92,0x92,0x90,0x8f,0x8c,0x8d,0x8c,0x8e,0x8d,0x8b,0x8d,0x8f,0x96,
	0xc9,0xcb,0xd0,0xd1,0xd3,0xd8,0xd1,0xd3,0xd1,0xd2,0xd0,0xd0,0xd2,0xd3,0xd4,0xd1,0xd2,0xd3,0xd0,0xd1,
	0x29,0x28,0x29,0x28,0x27,0x28,0x2a,0x2a,0x29,0x29,0x2a,0x2b,0x2c,0x2b,0x28,0x28,0x28,0x26,0x28,0x29,
	0x29,0x2c,0x68,0x68,0x69,0x68,0x64,0x60,0x62,0x61,0x5f,0x60,0x8d,0x7a,0x76,0x8c,0x89,0x72,0x8d,0x92,
	0x7f,0x74,0x83,0x86,0x65,0x8d,0x79,0x6a,0x5b,0x5b,0x59,0x58,0x58,0x53,0x53,0x52,0x5a,0x4f,0x5c,0x5a,
	0x6c,0x79,0x9c,0xa4,0x53,0x54,0x4f,0x52,0x51,0x4e,0x4f,0x50,0x51,0x53,0x4e,0x53,0x51,0x50,0x52,0x4e,
	0x4e,0x50,0x4e,0x51,0x4c,0x4c,0x90,0x8f,0x91,0x92,0x94,0x94,0x8f,0x91,0x90,0x90,0x91,0x91,0x90,0x8f,
	0x90,0x8f,0x8e,0x8d,0x8d,0x8d,0x8f,0x95,0xcc,0xcd,0xd0,0xd1,0xd3,0xd7,0xd1,0xd2,0xd2,0xd1,0xd0,0xd3,
	0xd4,0xd5,0xd7,0xd2,0xd2,0xd2,0xd0,0xd2,0x27,0x27,0x29,0x29,0x28,0x28,0x29,0x29,0x28,0x29,0x2b,0x2c,
	0x2e,0x2d,0x28,0x28,0x27,0x27,0x28,0x2a,0x29,0x2d,0x6a,0x6b,0x6b,0x6b,0x67,0x65,0x67,0x65,0x61,0x63,
	0x93,0x85,0x88,0x6f,0x7c,0x82,0x6d,0x91,0x93,0x94,0x79,0x90,0x61,0x82,0x71,0x82,0x5b,0x5a,0x59,0x58,
	0x58,0x57,0x57,0x4c,0x5a,0x54,0x5a,0x5a,0x66,0x6b,0x8a,0x90,0x52,0x53,0x50,0x52,0x51,0x4e,0x4f,0x4f,
	0x50,0x53,0x4e,0x55,0x52,0x52,0x53,0x51,0x51,0x53,0x50,0x52,0x4f,0x4e,0x90,0x8e,0x8d,0x8d,0x90,0x91,
	0x8d,0x90,0x91,0x92,0x91,0x91,0x91,0x90,0x91,0x90,0x8f,0x8f,0x8f,0x90,0x92,0x97,0xd2,0xd0,0xd2,0xd2,
	0xd3,0xd7,0xd0,0xd1,0xd2,0xd1,0xcf,0xd2,0xd3,0xd3,0xd4,0xcf,0xce,0xcf,0xce,0xd0,0x26,0x27,0x29,0x2a,
	0x29,0x29,0x29,0x28,0x28,0x28,0x2b,0x2d,0x2e,0x2c,0x29,0x29,0x28,0x27,0x29,0x2a,0x28,0x2b,0x6b,0x6c,
	0x6b,0x6c,0x69,0x68,0x6a,0x6a,0x66,0x66,0x90,0x81,0x70,0x8c,0x80,0x88,0x9e,0x90,0x7a,0x8b,0x6e,0x7f,
	0x75,0x74,0x87,0x81,0x5b,0x5a,0x59,0x58,0x58,0x57,0x53,0x54,0x4e,0x48,0x5f,0x5f,0x65,0x69,0x81,0x82,
	0x50,0x52,0x4f,0x51,0x51,0x4f,0x4f,0x4e,0x50,0x52,0x4f,0x56,0x53,0x54,0x53,0x52,0x52,0x52,0x50,0x53,
	0x53,0x52,0x94,0x91,0x92,0x90,0x92,0x92,0x8e,0x91,0x91,0x90,0x8e,0x8d,0x8c,0x8d,0x8f,0x90,0x8f,0x90,
	0x90,0x91,0x92,0x95,0xd3,0xd0,0xd1,0xd0,0xd3,0xd6,0xd0,0xd1,0xd3,0xd2,0xcf,0xd1,0xd2,0xd1,0xd3,0xd0,
	0xd0,0xd3,0xd3,0xd6,0x26,0x28,0x28,0x2a,0x29,0x29,0x29,0x29,0x28,0x29,0x2b,0x2b,0x2d,0x2c,0x29,0x29,
	0x29,0x28,0x29,0x2a,0x27,0x29,0x6b,0x6c,0x6a,0x6b,0x6a,0x69,0x6b,0x6c,0x68,0x69,0x86,0x87,0x80,0x6c,
	0x92,0x94,0x71,0x82,0x7d,0x70,0x84,0x79,0x86,0x8f,0x88,0x9a,0x5b,0x5a,0x59,0x58,0x57,0x56,0x51,0x53,
	0x4d,0x4f,0x5e,0x5c,0x66,0x66,0x78,0x76,0x51,0x54,0x50,0x53,0x53,0x51,0x51,0x50,0x50,0x52,0x4e,0x54,
	0x52,0x52,0x52,0x50,0x4f,0x4f,0x4f,0x52,0x53,0x53,0x95,0x92,0x94,0x92,0x93,0x93,0x91,0x92,0x94,0x91,
	0x90,0x8f,0x8e,0x8f,0x91,0x91,0x90,0x90,0x90,0x90,0x91,0x93,0xd3,0xcf,0xd1,0xd2,0xd4,0xd8,0xd2,0xd2,
	0xd4,0xd3,0xd1,0xd3,0xd2,0xd0,0xd3,0xd0,0xd0,0xd3,0xd2,0xd5,0x27,0x29,0x29,0x2a,0x28,0x28,0x29,0x2a,
	0x29,0x28,0x2a,0x2a,0x2b,0x2b,0x29,0x2a,0x2a,0x29,0x2a,0x29,0x26,0x26,0x6b,0x6c,0x69,0x6a,0x69,0x68,
	0x6a,0x6c,0x6a,0x6b,0x83,0x82,0x84,0x8b,0x9a,0x92,0x84,0x76,0x92,0x78,0x95,0x7e,0x85,0x6e,0x89,0x68,
	0x5a,0x5b,0x57,0x57,0x57,0x56,0x54,0x55,0x4e,0x50,0x5e,0x5b,0x67,0x65,0x75,0x72,0x52,0x56,0x52,0x55,
	0x53,0x54,0x51,0x50,0x50,0x51,0x4d,0x52,0x51,0x51,0x50,0x50,0x50,0x50,0x50,0x51,0x53,0x51,0x92,0x90,
	0x93,0x92,0x92,0x92,0x90,0x93,0x95,0x93,0x91,0x90,0x90,0x91,0x91,0x90,0x90,0x90,0x90,0x90,0x92,0x93,
	0xd4,0xce,0xd1,0xd0,0xcf,0xd0,0xcc,0xcc,0xcf,0xce,0xce,0xd1,0xd3,0xd1,0xd4,0xd1,0xcf,0xd1,0xd0,0xd2,
	0x27,0x29,0x29,0x2a,0x29,0x28,0x29,0x2a,0x29,0x28,0x29,0x28,0x29,0x29,0x28,0x2a,0x2a,0x29,0x29,0x2a,
	0x26,0x26,0x6b,0x6b,0x69,0x6a,0x67,0x68,0x69,0x6c,0x6a,0x6b,0x93,0x7c,0x8a,0x7a,0x78,0x74,0x84,0x7e,
	0x78,0x86,0x9a,0x87,0x94,0x8e,0x78,0x7b,0x5a,0x5b,0x56,0x57,0x56,0x55,0x54,0x55,0x4e,0x50,0x5d,0x5b,
	0x66,0x64,0x76,0x73,0x52,0x55,0x51,0x55,0x53,0x53,0x51,0x4f,0x4f,0x51,0x4e,0x53,0x50,0x52,0x51,0x50,
	0x51,0x51,0x51,0x51,0x54,0x51,0x91,0x90,0x93,0x91,0x91,0x91,0x90,0x91,0x93,0x91,0x91,0x91,0x91,0x91,
	0x91,0x90,0x8f,0x90,0x91,0x92,0x94,0x94,0xd5,0xd0,0xd2,0xd2,0xd4,0xd6,0xd3,0xd2,0xd1,0xcf,0xce,0xd0,
	0xd1,0xd1,0xd5,0xd3,0xd1,0xd3,0xd2,0xd2,0x27,0x2a,0x29,0x2a,0x29,0x28,0x29,0x29,0x2a,0x28,0x28,0x28,
	0x28,0x28,0x28,0x2a,0x29,0x29,0x2a,0x2b,0x27,0x27,0x6b,0x6b,0x68,0x69,0x68,0x68,0x69,0x6b,0x69,0x69,
	0x8a,0x83,0x9b,0x76,0x7b,0x78,0x81,0x8b,0x74,0x77,0x8e,0x77,0x94,0x7d,0x8c,0x83,0x5b,0x5b,0x56,0x57,
	0x55,0x54,0x53,0x54,0x50,0x52,0x5c,0x5b,0x66,0x65,0x79,0x79,0x50,0x54,0x51,0x53,0x51,0x52,0x4f,0x4e,
	0x4e,0x50,0x4d,0x52,0x52,0x53,0x52,0x52,0x52,0x51,0x51,0x51,0x52,0x50,0x91,0x91,0x92,0x8f,0x91,0x90,
	0x91,0x8f,0x92,0x92,0x92,0x92,0x92,0x92,0x92,0x8f,0x90,0x90,0x90,0x92,0x94,0x94,0xd6,0xd4,0xd5,0xd4,
	0xcd,0xcd,0xcf,0xd1,0xd2,0xd1,0xd2,0xd3,0xd0,0xd0,0xd2,0xd2,0xd2,0xd3,0xd2,0xd2,0x27,0x2a,0x29,0x2b,
	0x2a,0x29,0x29,0x28,0x2a,0x28,0x2a,0x29,0x29,0x28,0x28,0x29,0x27,0x2a,0x2a,0x2c,0x28,0x27,0x6b,0x6b,
	0x68,0x69,0x69,0x6a,0x6a,0x6b,0x68,0x68,0x71,0x75,0x93,0x91,0x76,0x98,0x83,0x8a,0x82,0x8b,0x82,0x97,
	0x8b,0x7e,0x77,0x60,0x5b,0x5b,0x56,0x56,0x54,0x54,0x53,0x54,0x52,0x53,0x5b,0x5c,0x66,0x67,0x7b,0x7c,
	0x4f,0x54,0x50,0x51,0x4f,0x51,0x4e,0x4d,0x4d,0x4f,0x4d,0x51,0x51,0x52,0x53,0x52,0x52,0x51,0x50,0x51,
	0x51,0x50,0x90,0x91,0x91,0x8e,0x90,0x8f,0x92,0x8f,0x91,0x92,0x92,0x92,0x93,0x92,0x93,0x90,0x91,0x91,
	0x90,0x92,0x94,0x93,0xd4,0xd4,0xd5,0xd2,0xd1,0xd2,0xd6,0xd6,0xd5,0xd3,0xd3,0xd4,0xcf,0xcf,0xd1,0xd2,
	0xd2,0xd3,0xd2,0xd1,0x27,0x2a,0x29,0x2c,0x2b,0x29,0x29,0x29,0x2a,0x29,0x2a,0x2a,0x2a,0x28,0x29,0x2a,
	0x26,0x29,0x2a,0x2b,0x29,0x28,0x6d,0x6b,0x68,0x6a,0x6a,0x6b,0x6a,0x69,0x68,0x68,0x69,0x69,0x6a,0x6a,
	0x6a,0x6a,0x6b,0x6d,0x72,0x72,0x74,0x73,0xa5,0x93,0x72,0x5d,0x55,0x51,0x53,0x54,0x53,0x55,0x53,0x54,
	0x54,0x54,0x59,0x60,0x66,0x67,0x76,0x74,0x4f,0x53,0x50,0x51,0x4f,0x51,0x4e,0x4e,0x4e,0x4f,0x4d,0x50,
	0x50,0x50,0x52,0x52,0x53,0x51,0x50,0x52,0x51,0x51,0x91,0x91,0x90,0x8f,0x90,0x90,0x93,0x8f,0x90,0x92,
	0x92,0x92,0x93,0x92,0x93,0x90,0x90,0x91,0x8f,0x92,0x93,0x92,0xd0,0xd2,0xd0,0xce,0xcb,0xcc,0xd0,0xd1,
	0xcf,0xcf,0xd0,0xd3,0xce,0xce,0xd1,0xd3,0xd4,0xd4,0xd4,0xd3,0x28,0x2c,0x29,0x2b,0x2a,0x28,0x29,0x28,
	0x2b,0x29,0x2b,0x2b,0x2a,0x29,0x2a,0x2b,0x27,0x29,0x2a,0x2b,0x28,0x27,0x6d,0x6b,0x69,0x6a,0x6a,0x6c,
	0x69,0x6a,0x6a,0x69,0x68,0x69,0x6a,0x6a,0x6a,0x6a,0x6b,0x6c,0x6c,0x6d,0x6f,0x70,0xa9,0x9c,0x83,0x73,
	0x5a,0x57,0x54,0x54,0x52,0x55,0x52,0x53,0x54,0x55,0x58,0x62,0x66,0x66,0x74,0x72,0x50,0x55,0x50,0x51,
	0x4f,0x52,0x4e,0x4f,0x4f,0x4f,0x4e,0x50,0x4f,0x4e,0x4f,0x50,0x51,0x50,0x4f,0x50,0x51,0x52,0x92,0x91,
	0x90,0x8f,0x90,0x90,0x93,0x8f,0x8f,0x91,0x91,0x91,0x93,0x92,0x92,0x90,0x8f,0x90,0x8f,0x91,0x92,0x92,
	0xd0,0xd4,0xd2,0xd0,0xce,0xce,0xd1,0xd1,0xcf,0xcf,0xd0,0xd4,0xd0,0xd0,0xd2,0xd3,0xd4,0xd2,0xd1,0xd0,
	0x29,0x2c,0x28,0x2a,0x29,0x28,0x29,0x29,0x2c,0x29,0x2a,0x2b,0x29,0x28,0x2b,0x2c,0x28,0x2a,0x29,0x2a,
	0x27,0x28,0x6d,0x6d,0x69,0x69,0x6b,0x6c,0x68,0x6a,0x6a,0x69,0x69,0x69,0x6a,0x6a,0x6a,0x6a,0x69,0x69,
	0x68,0x68,0x68,0x6b,0xab,0xa7,0x9a,0x92,0xaa,0xaa,0x57,0x54,0x52,0x55,0x52,0x53,0x54,0x56,0x58,0x63,
	0x67,0x66,0x73,0x71,0x52,0x55,0x52,0x52,0x51,0x53,0x4f,0x50,0x4f,0x50,0x4e,0x4f,0x4e,0x4e,0x4f,0x50,
	0x50,0x4f,0x4e,0x4f,0x50,0x52,0x92,0x91,0x90,0x8f,0x91,0x91,0x94,0x90,0x91,0x92,0x94,0x95,0x96,0x93,
	0x93,0x91,0x8e,0x8f,0x8f,0x92,0x92,0x93,0xd2,0xd6,0xd4,0xd2,0xd1,0xd1,0xd3,0xd3,0xd1,0xd2,0xd2,0xd5,
	0xd3,0xd1,0xd3,0xd4,0xd5,0xd4,0xd3,0xd2,0x2a,0x2d,0x28,0x29,0x28,0x28,0x28,0x29,0x2c,0x29,0x29,0x2a,
	0x29,0x28,0x2b,0x2d,0x29,0x2b,0x29,0x29,0x27,0x28,0x6d,0x6d,0x6a,0x69,0x6a,0x6c,0x68,0x6a,0x6a,0x6a,
	0x6a,0x6a,0x6a,0x6a,0x6a,0x6a,0x69,0x69,0x68,0x67,0x67,0x69,0xab,0xac,0xa9,0xa8,0xaa,0xaa,0x56,0x59,
	0x55,0x55,0x52,0x53,0x54,0x56,0x58,0x63,0x67,0x66,0x73,0x71,0x52,0x55,0x52,0x52,0x50,0x53,0x50,0x50,
	0x50,0x51,0x4f,0x51,0x50,0x50,0x52,0x52,0x52,0x52,0x4f,0x50,0x51,0x53,0x93,0x91,0x90,0x8f,0x91,0x91,
	0x94,0x8f,0x8e,0x90,0x92,0x93,0x94,0x91,0x91,0x90,0x8e,0x8f,0x90,0x94,0x92,0x93,0xd3,0xd7,0xd4,0xd1,
	0xd2,0xd2,0xd2,0xd1,0xd1,0xd1,0xd0,0xd4,0xd2,0xd0,0xd1,0xd2,0xd5,0xd4,0xd4,0xd4,0x2a,0x2c,0x27,0x28,
	0x28,0x28,0x28,0x29,0x2c,0x28,0x29,0x2a,0x28,0x28,0x2b,0x2d,0x29,0x2b,0x29,0x29,0x27,0x29,0x6c,0x6d,
	0x6a,0x68,0x69,0x6b,0x67,0x6a,0x6b,0x6a,0x6a,0x6a,0x6a,0x6a,0x6a,0x6a,0x6a,0x6b,0x6b,0x6b,0x6b,0x69,
	0xa9,0xab,0xae,0xaf,0xad,0xab,0xaa,0xab,0xa9,0xb0,0x56,0x5a,0x57,0x59,0x5d,0x65,0x69,0x68,0x75,0x73,
	0x52,0x54,0x52,0x52,0x50,0x52,0x50,0x51,0x52,0x52,0x51,0x52,0x53,0x52,0x54,0x55,0x55,0x54,0x52,0x52,
	0x53,0x54,0x94,0x91,0x90,0x8f,0x91,0x92,0x93,0x8f,0x8f,0x90,0x90,0x90,0x92,0x8f,0x91,0x91,0x8e,0x90,
	0x92,0x95,0x91,0x91,0xd2,0xd6,0xd2,0xd0,0xd2,0xd2,0xd0,0xd0,0xd0,0xd1,0xcf,0xd3,0xd2,0xcf,0xcf,0xd0,
	0xd3,0xd3,0xd3,0xd4,0x29,0x2b,0x27,0x29,0x29,0x29,0x29,0x29,0x2b,0x28,0x29,0x2a,0x28,0x27,0x2a,0x2c,
	0x28,0x2b,0x2a,0x2a,0x28,0x29,0x6c,0x6c,0x69,0x67,0x68,0x6b,0x68,0x6a,0x6b,0x6a,0x69,0x69,0x6a,0x6a,
	0x6a,0x6a,0x6a,0x6b,0x6d,0x6e,0x6e,0x6b,0xa7,0xa8,0xad,0xb0,0xad,0xab,0xaa,0xaa,0xb3,0xab,0x58,0x50,
	0x51,0x59,0x5b,0x64,0x68,0x67,0x74,0x72,0x53,0x55,0x53,0x53,0x52,0x54,0x52,0x52,0x52,0x51,0x50,0x51,
	0x52,0x51,0x53,0x54,0x54,0x53,0x50,0x51,0x52,0x53,0x93,0x91,0x90,0x90,0x93,0x93,0x95,0x91,0x90,0x91,
	0x92,0x90,0x92,0x90,0x93,0x94,0x90,0x92,0x93,0x94,0x8f,0x8e,0xd0,0xd5,0xd1,0xd0,0xd4,0xd3,0xd1,0xd1,
	0xd1,0xd3,0xd0,0xd4,0xd4,0xd0,0xd0,0xd0,0xd3,0xd2,0xd2,0xd3,0x27,0x28,0x27,0x28,0x28,0x2a,0x29,0x29,
	0x2a,0x28,0x29,0x2a,0x2a,0x27,0x2a,0x2b,0x27,0x2a,0x2a,0x29,0x29,0x2a,0x6c,0x6b,0x68,0x67,0x68,0x6b,
	0x68,0x6a,0x6a,0x69,0x69,0x69,0x6a,0x6a,0x6a,0x6a,0x6a,0x6a,0x6b,0x6d,0x6e,0x6b,0xa7,0xa8,0xab,0xae,
	0xac,0xab,0xaa,0xaa,0xb0,0xae,0xb1,0xaa,0xa3,0x97,0x71,0x67,0x6b,0x6a,0x77,0x75,0x54,0x55,0x54,0x53,
	0x53,0x55,0x52,0x53,0x52,0x50,0x4e,0x4f,0x50,0x4e,0x50,0x51,0x51,0x51,0x4d,0x4e,0x4f,0x53,0x93,0x91,
	0x90,0x92,0x95,0x95,0x96,0x93,0x91,0x92,0x91,0x90,0x92,0x90,0x93,0x94,0x90,0x92,0x93,0x94,0x8f,0x8e,
	0xd0,0xd5,0xd1,0xd0,0xd4,0xd3,0xd1,0xd1,0xd1,0xd3,0xd0,0xd4,0xd4,0xd0,0xd0,0xd0,0xd3,0xd2,0xd2,0xd3,
	0x26,0x27,0x26,0x28,0x29,0x2b,0x2b,0x29,0x2a,0x29,0x2a,0x2b,0x2a,0x27,0x29,0x29,0x26,0x29,0x29,0x29,
	0x29,0x2a,0x6b,0x6b,0x69,0x67,0x68,0x6b,0x69,0x69,0x69,0x69,0x69,0x69,0x6a,0x6a,0x6a,0x6a,0x69,0x68,
	0x69,0x6b,0x6d,0x6b,0xa8,0xa8,0xaa,0xae,0xac,0xab,0xaa,0xaa,0xa9,0xa6,0xb3,0xac,0xa2,0x98,0x70,0x6a,
	0x6e,0x6d,0x7a,0x78,0x52,0x53,0x53,0x52,0x53,0x55,0x52,0x54,0x53,0x51,0x4e,0x4f,0x50,0x4e,0x4f,0x50,
	0x52,0x50,0x4d,0x4d,0x4f,0x53,0x93,0x91,0x90,0x92,0x94,0x95,0x95,0x92,0x8f,0x91,0x92,0x90,0x92,0x90,
	0x93,0x94,0x90,0x92,0x93,0x94,0x8f,0x8e,0xd0,0xd5,0xd1,0xd0,0xd4,0xd3,0xd1,0xd1,0xd1,0xd3,0xd0,0xd4,
	0xd4,0xd0,0xd0,0xd0,0xd3,0xd2,0xd2,0xd3,0x26,0x27,0x27,0x28,0x29,0x2b,0x2b,0x29,0x2a,0x29,0x2a,0x2b,
	0x2a,0x28,0x29,0x29,0x26,0x29,0x28,0x29,0x29,0x2a,0x6b,0x6b,0x69,0x67,0x69,0x6b,0x69,0x6a,0x69,0x69,
	0x69,0x69,0x6a,0x6a,0x6a,0x6a,0x6a,0x6a,0x69,0x6a,0x6b,0x6b,0xa9,0xa9,0xa9,0xac,0xab,0xaa,0xaa,0xaa,
	0xaa,0xaa,0xaa,0xaa,0xab,0xac,0xa8,0xa0,0x97,0x86,0x75,0x71,0x50,0x51,0x51,0x50,0x53,0x54,0x53,0x54,
	0x53,0x52,0x4e,0x50,0x51,0x4e,0x50,0x51,0x51,0x51,0x4d,0x4d,0x4f,0x53,0x93,0x90,0x90,0x92,0x93,0x94,
	0x93,0x90,0x8e,0x90,0x91,0x90,0x92,0x90,0x93,0x94,0x90,0x92,0x93,0x94,0x8f,0x8e,0xd0,0xd5,0xd1,0xd0,
	0xd4,0xd3,0xd1,0xd1,0xd1,0xd3,0xd0,0xd4,0xd4,0xd0,0xd0,0xd0,0xd3,0xd2,0xd2,0xd3,0x27,0x28,0x28,0x29,
	0x29,0x2b,0x2b,0x2a,0x2b,0x29,0x2a,0x2b,0x2b,0x28,0x29,0x29,0x27,0x29,0x28,0x29,0x29,0x2a,0x6b,0x6c,
	0x6a,0x69,0x69,0x6b,0x69,0x69,0x69,0x69,0x69,0x69,0x6a,0x6a,0x6a,0x6a,0x6a,0x6a,0x69,0x6a,0x6a,0x6a,
	0xa9,0xa9,0xa8,0xaa,0xab,0xaa,0xaa,0xaa,0xaa,0xaa,0xaa,0xaa,0xaa,0xaa,0xaa,0xab,0xab,0xa3,0x9b,0x8e,
	0x51,0x52,0x53,0x52,0x54,0x54,0x52,0x53,0x53,0x51,0x4e,0x4f,0x51,0x4e,0x4e,0x50,0x51,0x50,0x4c,0x4d,
	0x4f,0x54,0x93,0x91,0x90,0x93,0x94,0x95,0x94,0x91,0x8e,0x90,0x90,0x90,0x92,0x90,0x93,0x94,0x90,0x92,
	0x93,0x94,0x8f,0x8e,0xd0,0xd5,0xd1,0xd0,0xd4,0xd3,0xd1,0xd1,0xd1,0xd3,0xd0,0xd4,0xd4,0xd0,0xd0,0xd0,
	0xd3,0xd2,0xd2,0xd3,0x28,0x29,0x29,0x2a,0x2a,0x2b,0x2b,0x2a,0x2a,0x29,0x2a,0x2a,0x2b,0x29,0x29,0x2a,
	0x28,0x29,0x28,0x29,0x29,0x2a,0x6a,0x6b,0x6a,0x6a,0x6a,0x6a,0x6a,0x69,0x69,0x69,0x69,0x69,0x6a,0x6a,
	0x6a,0x6a,0x6a,0x6a,0x6a,0x6a,0x6a,0x6a,0xaa,0xaa,0xa8,0xa9,0xaa,0xaa,0xaa,0xaa,0xaa,0xaa,0xaa,0xaa,
	0xaa,0xaa,0xaa,0xaa,0xaa,0xab,0xac,0xa7,0x53,0x53,0x54,0x51,0x54,0x54,0x51,0x52,0x52,0x50,0x4e,0x4f,
	0x51,0x4e,0x4f,0x52,0x52,0x51,0x4d,0x4d,0x50,0x54,0x94,0x91,0x8f,0x93,0x95,0x96,0x95,0x92,0x8f,0x91,
	0x91,0x90,0x92,0x90,0x93,0x94,0x90,0x92,0x93,0x94,0x8f,0x8e,0xd0,0xd5,0xd1,0xd0,0xd4,0xd3,0xd1,0xd1,
	0xd1,0xd3,0xd0,0xd4,0xd4,0xd0,0xd0,0xd0,0xd3,0xd2,0xd2,0xd3,0x29,0x2a,0x2a,0x2a,0x2a,0x2a,0x2b,0x29,
	0x2a,0x29,0x29,0x2a,0x2b,0x29,0x29,0x2a,0x29,0x29,0x29,0x2a,0x29,0x2a,0x6a,0x6b,0x6a,0x6a,0x6a,0x6a,
	0x6a,0x6a,0x69,0x69,0x69,0x69,0x6a,0x6a,0x6a,0x6a,0x6a,0x6a,0x6a,0x6a,0x6a,0x6a,0xaa,0xaa,0xa8,0xa9,
	0xaa,0xaa,0xaa,0xaa,0xaa,0xaa,0xaa,0xaa,0xaa,0xaa,0xaa,0xaa,0xaa,0xaa,0xaa,0xab,0x51,0x51,0x52,0x50,
	0x53,0x52,0x50,0x51,0x52,0x50,0x4f,0x51,0x53,0x51,0x52,0x55,0x55,0x54,0x50,0x50,0x52,0x55,0x94,0x90,
	0x90,0x93,0x94,0x95,0x94,0x92,0x8e,0x90,0x91,0x90,0x92,0x90,0x93,0x94,0x90,0x92,0x93,0x94,0x8f,0x8e,
	0xd0,0xd5,0xd1,0xd0,0xd4,0xd3,0xd1,0xd1,0xd1,0xd3,0xd0,0xd4,0xd4,0xd0,0xd0,0xd0,0xd3,0xd2,0xd2,0xd3,
	0x29,0x2a,0x2b,0x2b,0x29,0x2a,0x2a,0x29,0x29,0x28,0x29,0x29,0x2a,0x29,0x29,0x2a,0x29,0x29,0x29,0x2a,
	0x29,0x29,0x69,0x6a,0x6a,0x6b,0x6a,0x6a,0x6b,0x6a,0x68,0x69,0x6a,0x6a,0x6a,0x6a,0x6a,0x6a,0x6a,0x6a,
	0x6a,0x6a,0x6a,0x6a,0xaa,0xaa,0xa8,0xa9,0xaa,0xaa,0xaa,0xaa,0xaa,0xaa,0xaa,0xaa,0xaa,0xaa,0xaa,0xaa,
	0xaa,0xaa,0xaa,0xaa,0x51,0x51,0x52,0x50,0x53,0x52,0x50,0x51,0x52,0x50,0x4f,0x51,0x53,0x51,0x52,0x55,
	0x55,0x54,0x50,0x50,0x52,0x55,0x94,0x90,0x90,0x93,0x94,0x95,0x94,0x92,0x8e,0x90,0x91,0x90,0x92,0x90,
	0x93,0x94,0x90,0x92,0x93,0x94,0x8f,0x8e,0xd0,0xd5,0xd1,0xd0,0xd4,0xd3,0xd1,0xd1,0xd1,0xd3,0xd0,0xd4,
	0xd4,0xd0,0xd0,0xd0,0xd3,0xd2,0xd2,0xd3,0x28,0x29,0x2b,0x2a,0x29,0x29,0x29,0x28,0x28,0x28,0x28,0x28,
	0x2a,0x29,0x29,0x2a,0x29,0x2a,0x2a,0x2b,0x29,0x29,0x68,0x69,0x6a,0x6b,0x6b,0x6a,0x6c,0x6b,0x69,0x6a,
	0x6b,0x6a,0x6a,0x6a,0x6a,0x6a,0x6a,0x6a,0x6a,0x6a,0x6a,0x6a,0xaa,0xaa,0xa8,0xa9,0xaa,0xaa,0xaa,0xaa,
	0xaa,0xaa,0xaa,0xaa,0xaa,0xaa,0xaa,0xaa,0xaa,0xaa,0xaa,0xaa,0x51,0x51,0x52,0x50,0x53,0x52,0x50,0x51,
	0x52,0x50,0x4f,0x51,0x53,0x51,0x52,0x55,0x55,0x54,0x50,0x50,0x52,0x55,0x94,0x90,0x90,0x93,0x94,0x95,
	0x94,0x92,0x8e,0x90,0x91,0x90,0x92,0x90,0x93,0x94,0x90,0x92,0x93,0x94,0x8f,0x8e,0xd0,0xd5,0xd1,0xd0,
	0xd4,0xd3,0xd1,0xd1,0xd1,0xd3,0xd0,0xd4,0xd4,0xd0,0xd0,0xd0,0xd3,0xd2,0xd2,0xd3,0x27,0x28,0x2a,0x2a,
	0x28,0x28,0x29,0x28,0x28,0x27,0x28,0x27,0x29,0x29,0x29,0x29,0x2a,0x2a,0x2a,0x2b,0x28,0x28,0x67,0x68,
	0x69,0x6b,0x6b,0x6a,0x6d,0x6c,0x6a,0x6b,0x6c,0x6b,0x6a,0x6a,0x6a,0x6a,0x6a,0x6a,0x6a,0x6a,0x6a,0x6a,
	0xaa,0xaa,0xa8,0xa9,0xaa,0xaa,0xaa,0xaa,0xaa,0xaa,0xaa,0xaa,0xaa,0xaa,0xaa,0xaa,0xaa,0xaa,0xaa,0xaa,
	0x51,0x51,0x52,0x50,0x53,0x52,0x50,0x51,0x52,0x50,0x4f,0x51,0x53,0x51,0x52,0x55,0x55,0x54,0x50,0x50,
	0x52,0x55,0x94,0x90,0x90,0x93,0x94,0x95,0x94,0x92,0x8e,0x90,0x91,0x90,0x92,0x90,0x93,0x94,0x90,0x92,
	0x93,0x94,0x8f,0x8e,0xd0,0xd5,0xd1,0xd0,0xd4,0xd3,0xd1,0xd1,0xd1,0xd3,0xd0,0xd4,0xd4,0xd0,0xd0,0xd0,
	0xd3,0xd2,0xd2,0xd3,0x26,0x27,0x29,0x29,0x27,0x28,0x29,0x29,0x29,0x28,0x27,0x27,0x29,0x29,0x28,0x29,
	0x2a,0x2a,0x2a,0x2b,0x28,0x28,0x67,0x68,0x69,0x6b,0x6b,0x6a,0x6d,0x6d,0x6b,0x6c,0x6c,0x6b,0x6a,0x6a,
	0x6a,0x6a,0x6a,0x6a,0x6a,0x6a,0x6a,0x6a,0xaa,0xaa,0xa8,0xa9,0xaa,0xaa,0xaa,0xaa,0xaa,0xaa,0xaa,0xaa,
	0xaa,0xaa,0xaa,0xaa,0xaa,0xaa,0xaa,0xaa,0x52,0x51,0x51,0x55,0x55,0x54,0x50,0x4d,0x54,0x53,0x4f,0x4c,
	0x4b,0x4c,0x51,0x53,0x51,0x51,0x51,0x51,0x4c,0x57,0x87,0x8a,0x8d,0x8f,0x91,0x92,0x92,0x92,0x92,0x92,
	0x92,0x92,0x92,0x92,0x92,0x92,0x92,0x92,0x92,0x92,0x92,0x92,0xcb,0xd9,0xce,0xcd,0xcd,0xcd,0xd0,0xd3,
	0xd3,0xd1,0xd1,0xd2,0xd2,0xd2,0xd3,0xd1,0xd1,0xd3,0xd3,0xd0,0x2d,0x24,0x28,0x25,0x25,0x25,0x28,0x2b,
	0x2c,0x27,0x2b,0x23,0x24,0x2c,0x30,0x26,0x34,0x31,0x2b,0x31,0x24,0x25,0x65,0x6f,0x6e,0x74,0x71,0x62,
	0x67,0x6d,0x70,0x70,0x66,0x6e,0x65,0x5f,0x6c,0x6c,0x6f,0x6f,0x70,0x6a,0x6f,0x6b,0xa6,0xa9,0xae,0xa7,
	0xa8,0xaa,0xad,0xaa,0xa5,0xa9,0xab,0xac,0xa7,0xaa,0xaa,0xac,0xac,0xa8,0xab,0xac,0x4e,0x56,0x4b,0x49,
	0x4c,0x4d,0x4c,0x4a,0x50,0x50,0x50,0x4e,0x4d,0x4e,0x4f,0x51,0x4f,0x4f,0x4f,0x4f,0x4e,0x5a,0x8b,0x85,
	0x88,0x8b,0x8d,0x8e,0x8e,0x8e,0x8e,0x8e,0x8e,0x8e,0x8e,0x8e,0x8e,0x8e,0x8e,0x8e,0x8e,0x8e,0x8e,0x8e,
	0xc9,0xd7,0xd2,0xd5,0xd5,0xd5,0xd4,0xd2,0xd2,0xd3,0xd3,0xd3,0xd3,0xd2,0xd2,0xd3,0xd3,0xd2,0xd2,0xd4,
	0x2e,0x2b,0x29,0x28,0x28,0x28,0x25,0x23,0x25,0x2e,0x2a,0x27,0x29,0x34,0x29,0x2a,0x2a,0x2d,0x2b,0x2d,
	0x26,0x2e,0x68,0x64,0x69,0x62,0x67,0x6c,0x6e,0x63,0x64,0x68,0x65,0x60,0x6d,0x5d,0x70,0x6c,0x73,0x6a,
	0x70,0x69,0x6b,0x66,0xa5,0xa5,0xa8,0xa7,0xa9,0xac,0xad,0xab,0xa6,0xa8,0xac,0xaa,0xa2,0xab,0xab,0xaa,
	0xa9,0xa6,0xaf,0xaa,0x4e,0x4c,0x28,0x1e,0x23,0x26,0x26,0x23,0x21,0x20,0x27,0x23,0x22,0x24,0x1e,0x20,
	0x25,0x25,0x25,0x25,0x22,0x24,0x38,0x2f,0x31,0x33,0x34,0x34,0x34,0x34,0x34,0x34,0x34,0x34,0x34,0x34,
	0x34,0x34,0x34,0x34,0x34,0x34,0x34,0x34,0x44,0x42,0x3e,0x41,0x44,0x45,0x42,0x3f,0x40,0x42,0x41,0x41,
	0x41,0x40,0x40,0x42,0x42,0x3f,0x3f,0x43,0x12,0x12,0x0e,0x14,0x15,0x17,0x17,0x17,0x1d,0x1b,0x17,0x1b,
	0x16,0x16,0x1c,0x15,0x17,0x0f,0x1a,0x1f,0x20,0x1d,0x31,0x26,0x2c,0x1a,0x1f,0x21,0x26,0x22,0x1c,0x24,
	0x1b,0x28,0x26,0x2d,0x25,0x29,0x74,0x68,0x6c,0x6b,0x6e,0x6c,0xa8,0xa9,0xaf,0xa9,0xa9,0xab,0xa6,0xaa,
	0xa6,0xa8,0xaa,0xac,0xab,0xad,0xab,0xa9,0xaa,0xaa,0xae,0xab,0x52,0x4d,0x25,0x22,0x24,0x24,0x22,0x21,
	0x20,0x24,0x1a,0x1e,0x1d,0x19,0x24,0x20,0x1e,0x1e,0x1e,0x1e,0x1e,0x22,0x2b,0x30,0x30,0x30,0x31,0x31,
	0x31,0x31,0x31,0x31,0x31,0x31,0x31,0x31,0x31,0x31,0x31,0x31,0x31,0x31,0x31,0x31,0x38,0x3c,0x3f,0x41,
	0x42,0x43,0x44,0x44,0x44,0x44,0x44,0x44,0x44,0x44,0x44,0x44,0x44,0x44,0x44,0x44,0x14,0x15,0x1d,0x1a,
	0x1a,0x19,0x19,0x1a,0x19,0x17,0x12,0x19,0x14,0x14,0x16,0x19,0x17,0x11,0x17,0x1a,0x19,0x1c,0x24,0x26,
	0x23,0x28,0x24,0x2a,0x28,0x29,0x21,0x2b,0x30,0x1e,0x29,0x30,0x25,0x25,0x60,0x6b,0x6b,0x69,0x6d,0x6d,
	0xa8,0xaa,0xac,0xac,0xad,0xaf,0xac,0xac,0xa8,0xac,0xad,0xac,0xa9,0xac,0xae,0xaa,0xa9,0xa6,0xaa,0xab,
	0x52,0x4d,0x23,0x20,0x20,0x21,0x1e,0x25,0x1f,0x22,0x1b,0x16,0x21,0x1d,0x15,0x1a,0x1d,0x23,0x21,0x24,
	0x21,0x22,0x2b,0x2f,0x31,0x31,0x31,0x31,0x31,0x31,0x2f,0x2c,0x2e,0x37,0x34,0x32,0x32,0x31,0x2f,0x2c,
	0x30,0x2e,0x34,0x2e,0x3c,0x3f,0x42,0x43,0x44,0x42,0x43,0x47,0x43,0x3c,0x3d,0x43,0x44,0x48,0x48,0x41,
	0x41,0x3f,0x40,0x41,0x19,0x18,0x18,0x14,0x17,0x17,0x19,0x1b,0x18,0x16,0x1c,0x18,0x1f,0x16,0x12,0x1e,
	0x0c,0x12,0x0b,0x21,0x14,0x12,0x27,0x25,0x31,0x25,0x24,0x24,0x26,0x1a,0x27,0x1f,0x1b,0x2c,0x2c,0x34,
	0x31,0x24,0x6d,0x6f,0x6d,0x6b,0x65,0x68,0xab,0xa9,0xa9,0xa5,0xab,0xae,0xab,0xaa,0xa8,0xb0,0xac,0xab,
	0xa9,0xac,0xaa,0xa5,0xaa,0xaa,0xab,0xac,0x52,0x4c,0x22,0x1e,0x19,0x21,0x1b,0x21,0x22,0x2a,0x26,0x1d,
	0x23,0x23,0x15,0x1c,0x16,0x20,0x1c,0x21,0x1f,0x22,0x2b,0x2f,0x31,0x31,0x31,0x31,0x2f,0x31,0x33,0x31,
	0x31,0x35,0x2a,0x2f,0x2f,0x31,0x33,0x31,0x30,0x30,0x34,0x31,0x3f,0x42,0x42,0x43,0x42,0x42,0x42,0x43,
	0x46,0x3f,0x3a,0x3b,0x41,0x42,0x3f,0x3e,0x45,0x40,0x3b,0x3b,0x11,0x1a,0x19,0x13,0x15,0x16,0x16,0x16,
	0x14,0x15,0x1d,0x18,0x16,0x16,0x19,0x15,0x17,0x18,0x17,0x18,0x18,0x13,0x28,0x2c,0x2e,0x29,0x27,0x1b,
	0x27,0x27,0x23,0x28,0x27,0x2d,0x1e,0x27,0x2d,0x22,0x66,0x65,0x6b,0x6b,0x69,0x70,0xa8,0xab,0xaa,0xa7,
	0xac,0xad,0xaa,0xa8,0xa9,0xad,0xaa,0xaa,0xa9,0xa9,0xa9,0xa7,0xaa,0xac,0xa8,0xa8,0x54,0x4f,0x21,0x1f,
	0x19,0x19,0x93,0x96,0x8e,0x8f,0x1f,0x23,0x29,0x2c,0x92,0x9a,0x92,0x8a,0x21,0x1f,0x1e,0x22,0x2b,0x2f,
	0x31,0x31,0x31,0x31,0x2f,0x33,0x87,0x95,0x8e,0x8b,0x30,0x33,0x30,0x34,0x88,0x95,0x91,0x8e,0x2e,0x32,
	0x42,0x42,0x42,0x41,0x40,0x43,0x43,0x40,0x36,0x46,0x97,0x8d,0x90,0x8b,0x40,0x42,0x38,0x43,0x94,0x8f,
	0x97,0x94,0x1a,0x10,0x15,0x16,0x17,0x19,0x19,0x1d,0x16,0x0e,0x2e,0x8a,0x9c,0x91,0x9f,0x89,0x2c,0x1f,
	0x99,0x97,0x97,0x94,0x9a,0x87,0x73,0x1d,0x85,0x97,0x9a,0x8a,0x92,0x9a,0x71,0x27,0x2e,0x25,0x6e,0x6f,
	0x6a,0x71,0x6a,0x6f,0xa4,0xa6,0xaa,0xa7,0xa8,0xa9,0xa8,0xa8,0xa7,0xaa,0xaa,0xa8,0xa9,0xac,0xaa,0xa7,
	0xa7,0xa7,0xaa,0xa9,0x56,0x53,0x21,0x20,0x1c,0x94,0x96,0x20,0x29,0x8c,0x8b,0x28,0x26,0x8a,0x8f,0x22,
	0x26,0x8d,0x91,0x22,0x20,0x22,0x2b,0x2f,0x31,0x31,0x31,0x31,0x31,0x89,0x95,0x31,0x36,0x91,0x8d,0x32,
	0x32,0x8a,0x96,0x32,0x27,0x93,0x91,0x33,0x42,0x42,0x42,0x42,0x42,0x44,0x44,0x42,0x42,0x8e,0x96,0x3c,
	0x40,0x8c,0x95,0x3b,0x44,0x8c,0x94,0x3d,0x1a,0x8f,0x92,0x12,0x15,0x16,0x17,0x19,0x0e,0x0b,0x16,0x0d,
	0x86,0xa1,0x1b,0x17,0x1e,0x94,0x89,0x13,0x95,0x91,0x24,0x2b,0x2b,0x8b,0x8a,0x2d,0x90,0x87,0x2b,0x28,
	0x24,0x53,0x3d,0x23,0x2a,0x23,0x6b,0x6f,0x6c,0x6a,0x66,0x6f,0xa4,0xa7,0xab,0xab,0xa9,0xaa,0xab,0xaa,
	0xaa,0xaa,0xa8,0xa6,0xaa,0xab,0xad,0xab,0xab,0xaa,0xab,0xaa,0x55,0x53,0x22,0x20,0x8d,0x96,0x27,0x22,
	0x1a,0x1e,0x92,0x94,0x92,0x8f,0x1e,0x20,0x1b,0x22,0x8e,0x92,0x1d,0x25,0x32,0x92,0x98,0x35,0x2c,0x30,
	0x91,0x91,0x2e,0x35,0x39,0x34,0x90,0x93,0x91,0x8c,0x31,0x34,0x2a,0x35,0x89,0x8f,0x49,0x3a,0x3d,0x8b,
	0x95,0x40,0x40,0x3e,0x90,0x8d,0x41,0x3f,0x3f,0x40,0x92,0x8e,0x8f,0x8c,0x3e,0x3f,0x13,0x1b,0x91,0x92,
	0x16,0x16,0x18,0x19,0x13,0x21,0x25,0x2f,0x89,0x8c,0x39,0x37,0x2b,0x93,0x90,0x23,0x2f,0x29,0x32,0x29,
	0x34,0x92,0x8e,0x26,0x8d,0x91,0x24,0x1f,0x1f,0x29,0x1d,0x27,0x2b,0x2d,0x72,0x6e,0x6b,0x67,0x63,0x6e,
	0xa5,0xa8,0xac,0xad,0xab,0xa2,0x92,0x98,0x97,0x94,0x98,0x90,0x9c,0x97,0xae,0xaa,0xac,0xab,0xac,0xab,
	0x52,0x50,0x23,0x21,0x94,0x93,0x25,0x2a,0x1a,0x20,0x8f,0x8e,0x8d,0x8f,0x26,0x25,0x1a,0x27,0x8c,0x8b,
	0x13,0x11,0x27,0x8d,0x8f,0x2d,0x2d,0x31,0x97,0x97,0x32,0x30,0x2f,0x32,0x8b,0x90,0x91,0x8d,0x35,0x32,
	0x2c,0x2c,0x8e,0x8a,0x40,0x3c,0x44,0x93,0x8b,0x44,0x41,0x44,0x8a,0x8e,0x3e,0x3b,0x3e,0x3c,0x8e,0x8d,
	0x8d,0x90,0x3e,0x48,0x20,0x17,0x97,0x8b,0x16,0x16,0x17,0x17,0x14,0x13,0x36,0x3c,0x89,0x8b,0x30,0x3c,
	0x3b,0x93,0x8a,0x30,0x23,0x24,0x2c,0x29,0x31,0x87,0x91,0x29,0x94,0x89,0x31,0x16,0x31,0x36,0x2a,0x2a,
	0x3a,0x29,0x66,0x67,0x68,0x67,0x63,0x6d,0xa5,0xa9,0xad,0xac,0xaf,0xa6,0x97,0x9b,0x90,0x8d,0x90,0x89,
	0x94,0x8f,0xab,0xa6,0xab,0xa8,0xab,0xab,0x4f,0x4e,0x24,0x22,0x8b,0x92,0x1d,0x8e,0x90,0x1b,0x97,0x92,
	0x91,0x97,0x1f,0x94,0x8a,0x28,0x92,0x92,0x21,0x2d,0x31,0x2e,0x3c,0x2b,0x30,0x33,0x8f,0x97,0x2c,0x90,
	0x96,0x2b,0x92,0x91,0x92,0x94,0x2f,0x93,0x93,0x2c,0x91,0x98,0x44,0x46,0x38,0x47,0x43,0x43,0x42,0x42,
	0x8d,0x90,0x3d,0x8c,0x99,0x42,0x8e,0x90,0x91,0x91,0x47,0x96,0x99,0x19,0x94,0x95,0x16,0x16,0x18,0x1a,
	0x18,0x14,0x34,0x33,0x3a,0x87,0x95,0x8c,0x86,0x84,0x33,0x2d,0x2a,0x30,0x29,0x2c,0x92,0x93,0x27,0x27,
	0x8f,0x98,0x89,0x91,0x7a,0x7b,0x31,0x28,0x22,0x27,0x74,0x61,0x66,0x68,0x62,0x6d,0xa6,0xaa,0xac,0xab,
	0xa5,0xa0,0x94,0x98,0x90,0x8d,0x92,0x8b,0x94,0x8f,0xab,0xa6,0xaa,0xa7,0xaa,0xac,0x4f,0x4b,0x25,0x22,
	0x8d,0x92,0x21,0x8b,0x90,0x1c,0x94,0x92,0x91,0x93,0x1d,0x92,0x93,0x29,0x85,0x93,0x27,0x23,0x2e,0x2f,
	0x26,0x31,0x2c,0x33,0x91,0x92,0x34,0x96,0x96,0x32,0x93,0x8e,0x8e,0x94,0x31,0x91,0x8f,0x2f,0x8e,0x91,
	0x43,0x43,0x3e,0x3c,0x3d,0x3b,0x44,0x3a,0x8f,0x8c,0x47,0x8e,0x94,0x44,0x93,0x8f,0x91,0x95,0x45,0x8f,
	0x95,0x15,0x8c,0x94,0x16,0x16,0x18,0x1a,0x10,0x1a,0x32,0x2e,0x88,0x8f,0x2f,0x33,0x36,0x91,0x87,0x2a,
	0x21,0x20,0x31,0x8a,0x8c,0x34,0x2d,0x2b,0x34,0x19,0x27,0x30,0x30,0x8d,0x7d,0x28,0x20,0x1d,0x70,0x64,
	0x69,0x69,0x63,0x6e,0xa5,0xa9,0xab,0xa9,0xa4,0xa3,0x98,0x99,0x90,0x8e,0x93,0x8d,0x94,0x8f,0xab,0xa6,
	0xaa,0xa7,0xad,0xa9,0x52,0x4e,0x27,0x21,0x91,0x9a,0x21,0x1e,0x1d,0x1a,0x95,0x94,0x94,0x95,0x1f,0x27,
	0x28,0x1f,0x95,0x95,0x23,0x25,0x37,0x33,0x3d,0x37,0x31,0x32,0x95,0x96,0x38,0x31,0x2f,0x31,0x93,0x91,
	0x92,0x94,0x33,0x30,0x2f,0x30,0x8e,0x94,0x3f,0x44,0x3f,0x3c,0x41,0x42,0x3b,0x3d,0x92,0x90,0x3f,0x3f,
	0x42,0x3c,0x97,0x95,0x94,0x95,0x39,0x46,0x1a,0x17,0x95,0x90,0x20,0x1b,0x14,0x0d,0x22,0x21,0x3b,0x29,
	0x8d,0x8d,0x21,0x31,0x32,0x8d,0x8b,0x33,0x27,0x25,0x8c,0x8b,0x29,0x25,0x2c,0x24,0x2d,0x22,0x2c,0x2d,
	0x27,0x8a,0x96,0x2a,0x29,0x1d,0x6b,0x69,0x6e,0x6b,0x65,0x6e,0xa5,0xa7,0xa9,0xa7,0xa0,0x9f,0x94,0x95,
	0x91,0x90,0x95,0x8f,0x94,0x8f,0xab,0xa6,0xaa,0xa7,0xab,0xaa,0x55,0x52,0x25,0x21,0x8d,0x8e,0x1d,0x24,
	0x1b,0x26,0x90,0x8f,0x8e,0x8f,0x2b,0x25,0x26,0x22,0x9a,0x92,0x23,0x1f,0x37,0x86,0x88,0x33,0x2e,0x2a,
	0x8d,0x92,0x3a,0x2c,0x2e,0x2e,0x86,0x8f,0x8f,0x87,0x30,0x31,0x34,0x32,0x8d,0x8b,0x3b,0x3e,0x41,0x8a,
	0x89,0x41,0x39,0x3d,0x8b,0x91,0x45,0x44,0x45,0x45,0x91,0x92,0x90,0x8d,0x41,0x44,0x0c,0x18,0x8f,0x8e,
	0x12,0x18,0x12,0x14,0x1b,0x1a,0x38,0x2d,0x96,0x90,0x33,0x3d,0x38,0x8e,0x88,0x30,0x24,0x28,0x96,0x96,
	0x2a,0x24,0x2b,0x1a,0x3a,0x2e,0x26,0x22,0x22,0x91,0x83,0x2b,0x1f,0x22,0x70,0x6a,0x70,0x6d,0x66,0x6e,
	0xa5,0xa6,0xa7,0xa5,0x9a,0x99,0x8e,0x8f,0x91,0x91,0x97,0x91,0x94,0x8f,0xab,0xa6,0xaa,0xa7,0xac,0xaa,
	0x53,0x53,0x22,0x20,0x1d,0x8e,0x8e,0x27,0x27,0x91,0x93,0x25,0x23,0x91,0x93,0x2c,0x25,0x90,0x89,0x29,
	0x21,0x24,0x30,0x91,0x8b,0x2e,0x2f,0x2e,0x30,0x8f,0x92,0x2f,0x34,0x92,0x91,0x2f,0x2e,0x8f,0x91,0x31,
	0x2b,0x8e,0x96,0x2e,0x3d,0x3a,0x41,0x95,0x8f,0x3e,0x3b,0x3b,0x40,0x93,0x92,0x3f,0x3c,0x90,0x94,0x41,
	0x41,0x94,0x8f,0x42,0x1a,0x93,0x8d,0x15,0x1a,0x16,0x21,0x8a,0x95,0x16,0x39,0x37,0x93,0x89,0x33,0x42,
	0x3c,0x9b,0x90,0x25,0x29,0x2f,0x95,0x94,0x25,0x30,0x2f,0x1d,0x7e,0x96,0x22,0x28,0x28,0x7b,0x81,0x30,
	0x23,0x20,0x63,0x64,0x6f,0x6e,0x67,0x6f,0xa5,0xa6,0xa5,0xa2,0xa1,0xa0,0x93,0x91,0x91,0x91,0x99,0x93,
	0x95,0x90,0xaa,0xa7,0xaa,0xa7,0xab,0xab,0x52,0x54,0x20,0x20,0x1d,0x2f,0x8f,0x95,0x92,0x94,0x29,0x1f,
	0x1c,0x22,0x8f,0x8c,0x92,0x8c,0x23,0x1f,0x1f,0x22,0x2c,0x34,0x38,0x30,0x33,0x3b,0x2b,0x36,0x8a,0x94,
	0x90,0x94,0x33,0x2f,0x2f,0x32,0x92,0x8c,0x8f,0x8e,0x2d,0x34,0x42,0x3b,0x41,0x3d,0x43,0x45,0x43,0x41,
	0x3c,0x42,0x93,0x91,0x96,0x93,0x40,0x43,0x44,0x42,0x97,0x92,0x88,0x96,0x17,0x15,0x17,0x16,0x10,0x90,
	0x8e,0x15,0x2d,0x32,0x32,0x93,0x8a,0x82,0x85,0x89,0x2f,0x26,0x29,0x29,0x8f,0x90,0x30,0x2e,0x20,0x2b,
	0x2c,0x87,0x8f,0x92,0x8d,0x7c,0x30,0x34,0x2b,0x27,0x61,0x5d,0x6e,0x70,0x65,0x6e,0xa7,0xa7,0xa2,0x9f,
	0x9e,0x9c,0x90,0x8e,0x92,0x91,0x9e,0x98,0x99,0x94,0xaa,0xa8,0xaa,0xa7,0xaa,0xad,0x51,0x55,0x1e,0x1f,
	0x21,0x23,0x22,0x20,0x1f,0x20,0x1e,0x1c,0x1d,0x1f,0x1f,0x1e,0x1e,0x1f,0x20,0x20,0x20,0x23,0x29,0x2e,
	0x30,0x2f,0x2b,0x2e,0x2e,0x30,0x31,0x31,0x31,0x2f,0x2d,0x2d,0x2b,0x2f,0x2e,0x2f,0x30,0x2f,0x2e,0x32,
	0x3f,0x41,0x42,0x41,0x40,0x40,0x3f,0x3f,0x3f,0x3f,0x3f,0x3f,0x3e,0x3e,0x3e,0x3e,0x3e,0x3d,0x3b,0x39,
	0x1b,0x18,0x15,0x15,0x15,0x15,0x14,0x15,0x15,0x14,0x15,0x19,0x14,0x12,0x1f,0x1a,0x33,0x33,0x31,0x30,
	0x2b,0x2b,0x2e,0x2c,0x23,0x32,0x2c,0x29,0x26,0x26,0x30,0x28,0x30,0x2f,0x27,0x28,0x2c,0x25,0x63,0x6c,
	0x6b,0x6d,0x62,0x6c,0xad,0xa8,0x98,0x91,0x95,0x97,0x8f,0x8c,0x94,0x8f,0xa5,0xa6,0xa7,0xa6,0xaa,0xa9,
	0xaa,0xa8,0xa9,0xad,0x51,0x54,0x1e,0x1e,0x1f,0x21,0x21,0x21,0x1f,0x1e,0x1c,0x1d,0x1f,0x20,0x1f,0x1e,
	0x1e,0x1f,0x20,0x20,0x20,0x23,0x29,0x2e,0x30,0x31,0x2d,0x30,0x30,0x31,0x31,0x31,0x30,0x30,0x2e,0x30,
	0x2d,0x31,0x30,0x30,0x30,0x2e,0x2d,0x31,0x3e,0x41,0x40,0x40,0x40,0x3f,0x40,0x40,0x40,0x40,0x40,0x41,
	0x41,0x41,0x41,0x41,0x41,0x41,0x3f,0x3d,0x1c,0x19,0x16,0x16,0x16,0x16,0x15,0x15,0x14,0x14,0x16,0x19,
	0x15,0x12,0x19,0x15,0x34,0x34,0x34,0x33,0x31,0x31,0x2b,0x2c,0x2d,0x2c,0x1c,0x1f,0x29,0x24,0x25,0x21,
	0x25,0x2a,0x28,0x26,0x27,0x21,0x68,0x6e,0x68,0x68,0x5d,0x69,0xaa,0xa6,0x97,0x91,0x8c,0x92,0x8e,0x8f,
	0x95,0x92,0xa9,0xa8,0xac,0xaa,0xaa,0xab,0xab,0xaa,0xa9,0xac,0x52,0x54,0x1e,0x1e,0x1f,0x1f,0x21,0x20,
	0x1f,0x1c,0x1d,0x1f,0x20,0x20,0x1f,0x1e,0x1e,0x1f,0x20,0x20,0x20,0x23,0x29,0x2f,0x31,0x32,0x2f,0x31,
	0x31,0x31,0x31,0x30,0x2f,0x30,0x30,0x31,0x2f,0x33,0x31,0x30,0x30,0x2e,0x2d,0x30,0x3f,0x40,0x3f,0x3f,
	0x3e,0x3e,0x3f,0x40,0x40,0x40,0x40,0x40,0x40,0x40,0x40,0x41,0x41,0x41,0x3f,0x3d,0x1c,0x19,0x16,0x16,
	0x16,0x16,0x16,0x15,0x14,0x15,0x16,0x18,0x15,0x14,0x15,0x15,0x33,0x34,0x33,0x32,0x32,0x31,0x2c,0x30,
	0x29,0x29,0x21,0x1b,0x27,0x29,0x29,0x22,0x30,0x2e,0x2c,0x2b,0x28,0x23,0x6b,0x6a,0x65,0x67,0x5f,0x6a,
	0xa6,0xa2,0x96,0x92,0x8c,0x8e,0x91,0x8d,0x8e,0x92,0xa5,0xa3,0xa9,0xa7,0xab,0xad,0xac,0xac,0xa9,0xab,
	0x51,0x52,0x1d,0x1c,0x1d,0x1f,0x22,0x1e,0x1d,0x1d,0x1f,0x20,0x20,0x20,0x1f,0x1e,0x1e,0x1f,0x20,0x20,
	0x20,0x23,0x29,0x2e,0x32,0x33,0x30,0x31,0x30,0x30,0x31,0x2f,0x30,0x31,0x31,0x33,0x30,0x33,0x30,0x2f,
	0x30,0x2e,0x2d,0x31,0x3e,0x40,0x3e,0x3f,0x3e,0x3e,0x3f,0x3f,0x3f,0x3f,0x3f,0x40,0x40,0x40,0x40,0x40,
	0x40,0x40,0x3e,0x3c,0x1c,0x19,0x16,0x16,0x16,0x16,0x16,0x15,0x15,0x15,0x16,0x17,0x15,0x15,0x15,0x15,
	0x32,0x32,0x30,0x2c,0x32,0x34,0x2d,0x2d,0x2b,0x27,0x23,0x26,0x2c,0x21,0x1c,0x25,0x34,0x28,0x25,0x2a,
	0x2a,0x25,0x6b,0x68,0x71,0x72,0x6c,0x72,0xa3,0x9d,0x96,0x92,0x8e,0x92,0x92,0x92,0x8f,0x91,0xa5,0xa3,
	0xa8,0xa7,0xad,0xa9,0xaa,0xae,0xae,0xab,0x51,0x51,0x1d,0x1b,0x1c,0x1a,0x1c,0x1b,0x1c,0x1e,0x20,0x20,
	0x20,0x20,0x1f,0x1e,0x1e,0x1f,0x20,0x20,0x20,0x23,0x29,0x2e,0x32,0x33,0x2f,0x30,0x30,0x30,0x30,0x2f,
	0x2f,0x30,0x31,0x33,0x31,0x32,0x30,0x2f,0x2f,0x2e,0x2e,0x32,0x3f,0x41,0x3f,0x3f,0x3f,0x3e,0x3f,0x3f,
	0x3f,0x3f,0x3f,0x3f,0x3e,0x3e,0x3e,0x3e,0x3e,0x3e,0x3c,0x3a,0x1c,0x19,0x16,0x16,0x16,0x16,0x16,0x16,
	0x16,0x16,0x16,0x16,0x16,0x16,0x17,0x18,0x30,0x31,0x32,0x30,0x2d,0x31,0x30,0x2a,0x2b,0x32,0x2b,0x27,
	0x2f,0x2d,0x20,0x1d,0x33,0x2e,0x26,0x29,0x2e,0x28,0x69,0x67,0x84,0x84,0x7f,0x7e,0xa2,0x97,0x95,0x95,
	0x96,0x94,0x93,0x8f,0x91,0x8e,0xa6,0xa3,0xa8,0xab,0xaf,0xa9,0xa7,0xa9,0xab,0xac,0x53,0x53,0x1f,0x1d,
	0x1c,0x1d,0x20,0x1e,0x1e,0x1f,0x20,0x20,0x20,0x20,0x1f,0x1f,0x1e,0x1f,0x20,0x20,0x20,0x23,0x2a,0x2f,
	0x31,0x32,0x2e,0x2f,0x2f,0x2f,0x30,0x30,0x30,0x30,0x31,0x31,0x2e,0x31,0x30,0x2e,0x2f,0x2f,0x2f,0x33,
	0x40,0x42,0x41,0x40,0x40,0x3f,0x40,0x40,0x3f,0x3f,0x3f,0x3f,0x3f,0x3f,0x3f,0x3f,0x3e,0x3e,0x3c,0x3a,
	0x1c,0x19,0x16,0x16,0x16,0x16,0x16,0x16,0x16,0x16,0x16,0x16,0x16,0x16,0x17,0x18,0x2c,0x30,0x36,0x35,
	0x2e,0x2d,0x2f,0x2d,0x28,0x2b,0x2d,0x28,0x2e,0x30,0x20,0x21,0x1e,0x33,0x2d,0x1e,0x25,0x27,0x6a,0x6b,
	0x92,0x8f,0x8b,0x86,0x9f,0x92,0x95,0x95,0x9d,0x9b,0x9b,0x95,0x9e,0x9c,0xab,0xa8,0xa8,0xa9,0xab,0xac,
	0xad,0xaf,0xac,0xaa,0x55,0x55,0x20,0x1e,0x1d,0x1e,0x1f,0x1f,0x1f,0x1f,0x20,0x20,0x20,0x20,0x1f,0x1f,
	0x1f,0x1f,0x1f,0x20,0x20,0x23,0x2b,0x2f,0x31,0x31,0x2e,0x2f,0x2f,0x30,0x30,0x30,0x30,0x30,0x30,0x31,
	0x2d,0x30,0x2f,0x2e,0x30,0x2f,0x2f,0x33,0x40,0x42,0x42,0x41,0x41,0x41,0x41,0x41,0x40,0x40,0x40,0x40,
	0x40,0x40,0x40,0x40,0x3f,0x3f,0x3d,0x3b,0x1c,0x19,0x16,0x16,0x16,0x16,0x16,0x16,0x16,0x16,0x16,0x16,
	0x16,0x16,0x16,0x17,0x19,0x1a,0x1c,0x1d,0x33,0x2f,0x2e,0x2b,0x34,0x31,0x2e,0x30,0x68,0x8d,0x93,0x8c,
	0x7e,0x8b,0x7e,0x3c,0x2a,0x2c,0x68,0x63,0x8d,0x8e,0x8d,0x87,0x98,0x8e,0x94,0x96,0xa1,0xa4,0xa0,0x9b,
	0xaf,0xae,0xb1,0xaa,0xa9,0xa9,0xa8,0xa7,0xab,0xaa,0xa9,0xab,0x57,0x56,0x21,0x1f,0x1f,0x1e,0x1f,0x1f,
	0x20,0x20,0x20,0x20,0x20,0x20,0x1f,0x1f,0x1f,0x1f,0x1f,0x20,0x1f,0x23,0x2b,0x2f,0x32,0x31,0x2f,0x2f,
	0x2f,0x31,0x31,0x31,0x31,0x31,0x2f,0x31,0x2d,0x30,0x2f,0x30,0x31,0x2f,0x2f,0x32,0x3f,0x42,0x41,0x41,
	0x40,0x41,0x41,0x41,0x41,0x41,0x41,0x41,0x41,0x41,0x41,0x41,0x41,0x41,0x3f,0x3d,0x1c,0x19,0x16,0x16,
	0x16,0x16,0x16,0x16,0x16,0x16,0x16,0x16,0x16,0x16,0x15,0x14,0x12,0x16,0x1a,0x1e,0x31,0x30,0x30,0x30,
	0x27,0x2a,0x27,0x30,0x8a,0x8d,0x2d,0x31,0x2f,0x92,0x8d,0x31,0x18,0x28,0x6d,0x68,0x8a,0x8c,0x8c,0x88,
	0x93,0x8c,0x94,0x97,0xa7,0xa7,0xa6,0x9e,0xb1,0xae,0xb0,0xac,0xaa,0xa9,0xaa,0xa9,0xab,0xae,0xa8,0xa9,
	0x56,0x55,0x21,0x1f,0x20,0x1f,0x1e,0x1f,0x20,0x20,0x20,0x20,0x20,0x20,0x1f,0x1f,0x1f,0x1f,0x1f,0x20,
	0x1f,0x23,0x2b,0x30,0x32,0x31,0x2f,0x30,0x30,0x32,0x31,0x31,0x31,0x30,0x30,0x31,0x2e,0x30,0x30,0x30,
	0x30,0x2e,0x2e,0x31,0x3f,0x40,0x3f,0x3f,0x3f,0x40,0x40,0x40,0x40,0x40,0x40,0x41,0x41,0x41,0x41,0x41,
	0x41,0x41,0x3f,0x3d,0x1b,0x16,0x16,0x15,0x16,0x15,0x15,0x16,0x15,0x16,0x15,0x15,0x16,0x16,0x16,0x15,
	0x15,0x16,0x17,0x19,0x2f,0x31,0x32,0x33,0x2f,0x2b,0x27,0x2f,0x2d,0x2c,0x32,0x34,0x2b,0x95,0x8f,0x31,
	0x19,0x21,0x77,0x81,0x8a,0x8b,0x8c,0x8a,0x90,0x8d,0x93,0x98,0xaa,0xa9,0xa7,0xa6,0xae,0xad,0xad,0xad,
	0xab,0xa9,0xaa,0xab,0xaa,0xac,0xaa,0xae,0x55,0x54,0x21,0x1f,0x20,0x1f,0x1e,0x1f,0x20,0x20,0x20,0x20,
	0x20,0x20,0x1f,0x1f,0x1f,0x1f,0x1f,0x20,0x1f,0x23,0x2b,0x2f,0x31,0x30,0x2f,0x30,0x30,0x31,0x31,0x31,
	0x30,0x30,0x30,0x32,0x2e,0x32,0x30,0x30,0x30,0x2f,0x2e,0x31,0x3e,0x3f,0x3e,0x3f,0x40,0x40,0x41,0x41,
	0x41,0x41,0x41,0x41,0x41,0x41,0x41,0x41,0x41,0x41,0x3f,0x3d,0x1a,0x15,0x16,0x15,0x16,0x15,0x15,0x16,
	0x14,0x16,0x15,0x15,0x17,0x16,0x16,0x16,0x15,0x16,0x17,0x19,0x2e,0x33,0x33,0x32,0x31,0x27,0x2b,0x2f,
	0x1e,0x20,0x2a,0x2b,0x1f,0x96,0x8b,0x19,0x1d,0x2d,0x62,0x6e,0x8b,0x8e,0x8e,0x8f,0x92,0x91,0x94,0x99,
	0xa7,0xaa,0xa7,0xa9,0xab,0xac,0xae,0xab,0xa9,0xa9,0xaa,0xad,0xae,0xac,0xaa,0xa9,0x54,0x54,0x21,0x20,
	0x21,0x20,0x1f,0x1f,0x20,0x20,0x20,0x20,0x20,0x20,0x1f,0x1f,0x1f,0x1f,0x1f,0x20,0x1f,0x23,0x2b,0x2f,
	0x31,0x30,0x30,0x30,0x30,0x30,0x30,0x30,0x30,0x30,0x30,0x31,0x2f,0x31,0x30,0x30,0x31,0x2f,0x2e,0x31,
	0x3e,0x3f,0x3e,0x3f,0x3f,0x3f,0x40,0x40,0x40,0x40,0x40,0x41,0x41,0x41,0x41,0x41,0x41,0x41,0x3f,0x3d,
	0x1b,0x15,0x16,0x15,0x16,0x15,0x15,0x16,0x14,0x16,0x16,0x15,0x17,0x16,0x15,0x15,0x16,0x17,0x17,0x19,
	0x32,0x33,0x32,0x31,0x2d,0x2b,0x30,0x30,0x29,0x37,0x2c,0x2e,0xa3,0x90,0x2a,0x27,0x2c,0x30,0x8b,0x86,
	0x8e,0x92,0x92,0x92,0x94,0x96,0x98,0x9c,0xa8,0xab,0xa8,0xa6,0xaa,0xa8,0xab,0xaa,0xa9,0xa6,0xaa,0xa8,
	0xab,0xab,0xac,0xb0,0x54,0x54,0x21,0x20,0x21,0x20,0x1f,0x1f,0x20,0x20,0x20,0x20,0x20,0x20,0x1f,0x1f,
	0x1f,0x1f,0x1f,0x20,0x1f,0x23,0x2b,0x2f,0x31,0x31,0x30,0x2f,0x2f,0x30,0x30,0x30,0x30,0x30,0x30,0x32,
	0x2f,0x32,0x31,0x30,0x31,0x30,0x2f,0x32,0x3f,0x41,0x40,0x40,0x3f,0x3f,0x40,0x40,0x40,0x40,0x40,0x41,
	0x41,0x41,0x41,0x41,0x41,0x41,0x3f,0x3d,0x1d,0x15,0x18,0x16,0x18,0x17,0x17,0x18,0x14,0x18,0x16,0x14,
	0x17,0x15,0x14,0x15,0x16,0x17,0x17,0x19,0x32,0x33,0x32,0x31,0x2a,0x31,0x2d,0x28,0x2c,0x32,0x24,0x7c,
	0x7e,0x3c,0x3b,0x2a,0x2e,0x32,0x8f,0x8f,0x92,0x95,0x96,0x96,0x99,0x9b,0x9d,0xa1,0xa9,0xae,0xa9,0xab,
	0xaa,0xa5,0xab,0xaa,0xaa,0xab,0xaa,0xa5,0xab,0xab,0xac,0xab,0x54,0x54,0x21,0x20,0x21,0x20,0x1f,0x1f,
	0x20,0x20,0x20,0x20,0x20,0x20,0x1f,0x1f,0x1f,0x1f,0x1f,0x20,0x1f,0x23,0x2b,0x2f,0x31,0x31,0x31,0x2f,
	0x2f,0x2f,0x2f,0x2f,0x30,0x2f,0x30,0x31,0x2f,0x32,0x30,0x31,0x32,0x30,0x30,0x33,0x40,0x41,0x41,0x40,
	0x3e,0x3f,0x40,0x40,0x40,0x40,0x40,0x41,0x41,0x41,0x41,0x41,0x41,0x42,0x40,0x3e,0x18,0x11,0x15,0x14,
	0x17,0x16,0x16,0x18,0x14,0x18,0x15,0x13,0x16,0x15,0x15,0x15,0x15,0x16,0x17,0x19,0x1a,0x1c,0x20,0x27,
	0x2b,0x2d,0x34,0x3a,0x25,0x24,0x8c,0x8a,0x33,0x2e,0x33,0x24,0x35,0x34,0xa3,0x9d,0x95,0x97,0x98,0x9a,
	0x9d,0x9f,0xa1,0xa2,0xa6,0xab,0xaa,0xac,0xad,0xa6,0xac,0xaa,0xa9,0xac,0xad,0xa6,0xac,0xa9,0xa8,0xa9,
	0x54,0x54,0x21,0x20,0x21,0x20,0x1f,0x1f,0x20,0x20,0x20,0x20,0x20,0x20,0x1f,0x1f,0x1f,0x1f,0x1f,0x20,
	0x1f,0x23,0x2b,0x2f,0x31,0x32,0x31,0x2f,0x2f,0x2f,0x31,0x2f,0x30,0x31,0x30,0x32,0x2f,0x33,0x31,0x31,
	0x32,0x30,0x30,0x33,0x40,0x41,0x3f,0x40,0x3e,0x3f,0x40,0x40,0x40,0x40,0x40,0x41,0x41,0x41,0x41,0x41,
	0x41,0x42,0x40,0x3e,0x18,0x13,0x16,0x16,0x19,0x18,0x19,0x1a,0x17,0x19,0x16,0x14,0x17,0x16,0x15,0x15,
	0x16,0x17,0x17,0x19,0x19,0x1d,0x23,0x28,0x29,0x2b,0x29,0x27,0x2d,0x20,0x95,0x93,0x1d,0x2b,0x3d,0x24,
	0x31,0x39,0x91,0xa2,0x94,0x95,0x98,0x9b,0x9f,0xa2,0xa5,0xa7,0xaa,0xaf,0xb0,0xa9,0xaa,0xa8,0xab,0xae,
	0xad,0xa9,0xaa,0xa8,0xab,0xab,0xaa,0xab,0x55,0x54,0x21,0x20,0x21,0x20,0x21,0x20,0x20,0x20,0x20,0x20,
	0x20,0x20,0x1f,0x1f,0x1f,0x20,0x1f,0x1f,0x1f,0x21,0x2d,0x31,0x31,0x32,0x32,0x30,0x2f,0x2f,0x30,0x2f,
	0x30,0x31,0x30,0x32,0x2f,0x32,0x31,0x30,0x31,0x2f,0x30,0x32,0x3e,0x3f,0x3e,0x3e,0x3c,0x3e,0x3f,0x3f,
	0x3f,0x40,0x40,0x40,0x40,0x40,0x41,0x40,0x40,0x41,0x3f,0x3d,0x18,0x13,0x15,0x15,0x17,0x17,0x18,0x19,
	0x16,0x18,0x16,0x14,0x17,0x16,0x15,0x15,0x15,0x16,0x17,0x18,0x18,0x1c,0x25,0x29,0x23,0x33,0x3f,0x31,
	0x27,0x1f,0x9d,0x96,0x20,0x2e,0x34,0x24,0x38,0x2e,0x8d,0x94,0x92,0x94,0x97,0x9b,0xa0,0xa5,0xa9,0xac,
	0xab,0xac,0xab,0xa9,0xa9,0xa9,0xa9,0xaa,0xaa,0xaa,0xaa,0xaa,0xa9,0xa8,0xa9,0xa7,0x56,0x55,0x21,0x1f,
	0x20,0x20,0x23,0x22,0x21,0x20,0x20,0x20,0x20,0x20,0x1f,0x1f,0x1f,0x21,0x1f,0x1e,0x1f,0x1e,0x30,0x34,
	0x31,0x32,0x34,0x32,0x2f,0x30,0x30,0x30,0x31,0x32,0x31,0x33,0x30,0x31,0x31,0x31,0x30,0x2f,0x31,0x32,
	0x3d,0x3d,0x3e,0x3c,0x3b,0x3d,0x3e,0x3e,0x3e,0x40,0x40,0x40,0x40,0x40,0x40,0x40,0x40,0x40,0x3f,0x3c,
	0x18,0x14,0x15,0x15,0x16,0x16,0x16,0x18,0x16,0x18,0x16,0x15,0x17,0x17,0x16,0x15,0x15,0x16,0x17,0x18,
	0x17,0x1b,0x27,0x2b,0x29,0x2e,0x30,0x3b,0x26,0x26,0x91,0x8f,0x2f,0x37,0x15,0x23,0x2a,0x2e,0x8f,0xa1,
	0x93,0x93,0x95,0x9b,0xa3,0xa8,0xaa,0xac,0xab,0xaa,0xa6,0xa8,0xa8,0xaa,0xa9,0xa8,0xa7,0xaa,0xab,0xac,
	0xab,0xaa,0xaa,0xaa,0x56,0x56,0x1f,0x20,0x25,0x23,0x24,0x23,0x23,0x22,0x22,0x22,0x22,0x22,0x21,0x21,
	0x20,0x24,0x20,0x1f,0x20,0x1d,0x32,0x37,0x31,0x31,0x33,0x33,0x30,0x30,0x31,0x30,0x31,0x31,0x32,0x33,
	0x31,0x31,0x31,0x32,0x31,0x2f,0x33,0x34,0x3f,0x3e,0x40,0x3e,0x3d,0x3e,0x3e,0x3f,0x3f,0x40,0x3f,0x40,
	0x40,0x3f,0x3f,0x40,0x40,0x40,0x3e,0x3b,0x19,0x14,0x16,0x15,0x17,0x15,0x16,0x17,0x15,0x17,0x17,0x16,
	0x18,0x16,0x16,0x16,0x15,0x15,0x18,0x17,0x17,0x14,0x29,0x2a,0x2a,0x2a,0x30,0x32,0x28,0x28,0x2e,0x2a,
	0x25,0x26,0x27,0x2c,0x2f,0x36,0x91,0x94,0x8d,0x8d,0x7d,0x7c,0xad,0xae,0xac,0xa6,0xa7,0xa6,0xa4,0xa8,
	0xa7,0xab,0xaa,0xa7,0xa7,0xaa,0xaa,0xab,0xaa,0xab,0xad,0xaf,0x57,0x57,0x1d,0x1d,0x22,0x1d,0x1e,0x20,
	0x22,0x23,0x24,0x24,0x24,0x24,0x23,0x23,0x21,0x28,0x21,0x23,0x21,0x1e,0x2e,0x31,0x32,0x31,0x31,0x32,
	0x32,0x31,0x31,0x31,0x32,0x31,0x31,0x32,0x32,0x31,0x31,0x32,0x32,0x32,0x38,0x37,0x45,0x43,0x47,0x43,
	0x40,0x3f,0x3f,0x3f,0x3f,0x3f,0x3f,0x3f,0x3f,0x3f,0x3f,0x3f,0x3f,0x3f,0x3d,0x3b,0x1b,0x15,0x18,0x16,
	0x18,0x17,0x17,0x18,0x14,0x18,0x16,0x14,0x17,0x15,0x15,0x15,0x14,0x15,0x18,0x16,0x15,0x12,0x29,0x27,
	0x29,0x27,0x2f,0x2f,0x29,0x28,0x2b,0x28,0x28,0x29,0x2a,0x2c,0x2d,0x34,0x84,0x88,0x80,0x7f,0x77,0x74,
	0xab,0xa7,0xa8,0xa4,0xa6,0xa4,0xa3,0xa8,0xa8,0xab,0xaa,0xa9,0xaa,0xac,0xaa,0xaa,0xa8,0xac,0xaa,0xaf,
	0x58,0x5c,0x1e,0x24,0x24,0x22,0x1f,0x20,0x1f,0x1e,0x1e,0x1e,0x1e,0x1e,0x1e,0x1f,0x1d,0x25,0x20,0x23,
	0x20,0x1c,0x29,0x2a,0x31,0x32,0x33,0x34,0x34,0x33,0x32,0x31,0x31,0x32,0x33,0x34,0x34,0x33,0x32,0x31,
	0x30,0x2d,0x2f,0x2f,0x3f,0x3e,0x41,0x41,0x40,0x40,0x41,0x41,0x41,0x41,0x41,0x41,0x41,0x41,0x41,0x41,
	0x41,0x41,0x3f,0x3d,0x16,0x11,0x15,0x14,0x17,0x16,0x16,0x18,0x14,0x18,0x15,0x13,0x16,0x15,0x14,0x14,
	0x14,0x14,0x18,0x15,0x14,0x10,0x29,0x25,0x28,0x25,0x2c,0x2b,0x27,0x27,0x28,0x26,0x25,0x24,0x23,0x26,
	0x25,0x2c,0x77,0x7a,0x78,0x79,0x72,0x73,0xad,0xaa,0xab,0xab,0xab,0xaa,0xaa,0xab,0xa9,0xab,0xa8,0xab,
	0xab,0xab,0xaa,0xa8,0xa7,0xab,0xab,0xaf,0x53,0x58,0x1a,0x24,0x23,0x20,0x21,0x21,0x1f,0x1e,0x1e,0x1e,
	0x1e,0x1e,0x1e,0x1f,0x1c,0x25,0x21,0x25,0x23,0x1e,0x2b,0x2c,0x2f,0x2f,0x30,0x30,0x30,0x30,0x30,0x30,
	0x2f,0x2f,0x30,0x30,0x30,0x30,0x30,0x30,0x31,0x31,0x31,0x30,0x44,0x42,0x41,0x40,0x40,0x40,0x40,0x40,
	0x40,0x40,0x40,0x40,0x40,0x40,0x40,0x40,0x40,0x40,0x3e,0x3c,0x16,0x13,0x16,0x16,0x19,0x18,0x19,0x1a,
	0x17,0x19,0x16,0x14,0x17,0x16,0x15,0x15,0x14,0x14,0x17,0x14,0x13,0x10,0x2a,0x27,0x29,0x24,0x2a,0x2a,
	0x27,0x26,0x28,0x28,0x28,0x28,0x28,0x26,0x24,0x29,0x6a,0x6f,0x6d,0x6c,0x6a,0x69,0xa6,0xa5,0xa9,0xab,
	0xaa,0xac,0xac,0xae,0xac,0xb0,0xad,0xb0,0xaf,0xae,0xaa,0xa9,0xa8,0xa9,0xa8,0xac,0x4c,0x54,0x20,0x1c,
	0x20,0x1b,0x1c,0x19,0x23,0x21,0x20,0x20,0x20,0x20,0x1f,0x1f,0x1b,0x24,0x1f,0x24,0x23,0x21,0x31,0x34,
	0x2e,0x2f,0x30,0x31,0x31,0x30,0x30,0x30,0x2f,0x2f,0x30,0x31,0x31,0x30,0x30,0x31,0x32,0x32,0x2f,0x2e,
	0x46,0x45,0x3f,0x3f,0x40,0x40,0x40,0x40,0x40,0x40,0x40,0x40,0x40,0x40,0x40,0x40,0x40,0x40,0x3e,0x3c,
	0x16,0x12,0x15,0x15,0x18,0x18,0x19,0x1a,0x17,0x19,0x16,0x14,0x17,0x16,0x16,0x15,0x14,0x13,0x16,0x12,
	0x12,0x0f,0x2d,0x2a,0x2b,0x27,0x2b,0x2a,0x28,0x26,0x27,0x27,0x28,0x28,0x27,0x23,0x23,0x29,0x64,0x6c,
	0x6c,0x6f,0x6c,0x6c,0xab,0xab,0xaf,0xae,0xae,0xad,0xae,0xaf,0xaa,0xab,0xa9,0xaa,0xab,0xad,0xaa,0xab,
	0xaa,0xab,0xa9,0xaa,0x54,0x59,0x28,0x1b,0x21,0x17,0x1b,0x16,0x23,0x21,0x20,0x20,0x20,0x20,0x1f,0x1e,
	0x19,0x21,0x1a,0x1e,0x20,0x24,0x39,0x3f,0x2e,0x2e,0x2e,0x2f,0x2f,0x2e,0x2d,0x2d,0x2e,0x2e,0x2e,0x2f,
	0x2f,0x2e,0x2d,0x2d,0x2d,0x2c,0x28,0x29,0x49,0x4a,0x44,0x42,0x41,0x40,0x40,0x40,0x40,0x40,0x40,0x40,
	0x40,0x40,0x40,0x40,0x40,0x40,0x3e,0x3c,0x16,0x13,0x15,0x15,0x17,0x16,0x17,0x19,0x17,0x19,0x17,0x16,
	0x18,0x17,0x17,0x16,0x14,0x12,0x14,0x10,0x0f,0x0f,0x31,0x2f,0x30,0x2b,0x2f,0x2c,0x2a,0x28,0x28,0x29,
	0x2a,0x2a,0x29,0x26,0x2a,0x2e,0x5c,0x61,0x65,0x69,0x69,0x6c,0xac,0xae,0xaf,0xb1,0xad,0xad,0xad,0xad,
	0xab,0xaa,0xa8,0xa9,0xaa,0xac,0xa9,0xa9,0xab,0xa9,0xaa,0xa9,0x49,0x52,0x4e,0x53,0x61,0x56,0x64,0x5f,
	0x53,0x51,0x50,0x50,0x50,0x50,0x50,0x51,0x4c,0x51,0x47,0x4b,0x50,0x59,0x76,0x80,0x90,0x91,0x93,0x94,
	0x94,0x94,0x93,0x91,0x91,0x92,0x93,0x94,0x94,0x94,0x93,0x92,0x92,0x94,0x90,0x97,0xc0,0xc5,0xc2,0xc9,
	0xcc,0xcc,0xcd,0xcd,0xcd,0xcd,0xcd,0xcd,0xcd,0xcd,0xcd,0xcd,0xcd,0xcd,0xcd,0xcd,0x28,0x27,0x28,0x27,
	0x28,0x26,0x26,0x29,0x26,0x28,0x27,0x27,0x29,0x29,0x2a,0x2a,0x28,0x29,0x2c,0x2c,0x2e,0x32,0x5d,0x60,
	0x64,0x62,0x67,0x67,0x67,0x65,0x67,0x67,0x66,0x67,0x68,0x63,0x62,0x5b,0x74,0x6e,0x6d,0x6b,0x6a,0x69,
	0xab,0xa8,0xa8,0xaa,0xa7,0xa7,0xaa,0xa9,0xac,0xad,0xaf,0xb0,0xae,0xb0,0xaa,0xa8,0xa6,0xa8,0xab,0xad,
	0x52,0x52,0x55,0x49,0x5b,0x49,0x59,0x58,0x52,0x52,0x52,0x52,0x52,0x52,0x52,0x52,0x4c,0x50,0x45,0x49,
	0x4f,0x5c,0x7d,0x8a,0x92,0x92,0x94,0x94,0x95,0x95,0x92,0x92,0x92,0x92,0x94,0x94,0x95,0x94,0x92,0x92,
	0x90,0x90,0x8e,0x98,0xc8,0xd1,0xcf,0xd0,0xd1,0xd1,0xd1,0xd1,0xd1,0xd1,0xd1,0xd1,0xd1,0xd1,0xd1,0xd1,
	0xd1,0xd1,0xd1,0xd1,0x2b,0x29,0x29,0x28,0x28,0x26,0x26,0x28,0x26,0x28,0x27,0x28,0x2a,0x2a,0x2b,0x2a,
	0x28,0x28,0x2b,0x2b,0x2c,0x32,0x60,0x65,0x6a,0x68,0x6b,0x6a,0x6a,0x6a,0x6b,0x6a,0x69,0x6b,0x6e,0x67,
	0x6b,0x62,0x6e,0x67,0x67,0x6a,0x6c,0x6b,0xab,0xa8,0xa7,0xaa,0xa8,0xa8,0xab,0xaa,0xab,0xab,0xac,0xac,
	0xac,0xad,0xa6,0xa5,0xa5,0xa3,0xa9,0xab,0x55,0x51,0x50,0x50,0x50,0x50,0x50,0x51,0x4f,0x4b,0x47,0x4d,
	0x5a,0x57,0x54,0x4f,0x4e,0x52,0x50,0x4e,0x4b,0x57,0x76,0x81,0x49,0x49,0x4b,0x4b,0x4c,0x4c,0x49,0x4c,
	0x8f,0x90,0x8f,0x8f,0x8f,0x91,0x91,0x92,0x93,0x92,0x91,0x91,0xd2,0xd2,0xd2,0xd1,0xd1,0xd1,0xd2,0xd2,
	0xd2,0xd2,0xd2,0xd2,0xd2,0xd2,0xd2,0xd2,0xd2,0xd2,0xd2,0xd2,0x29,0x28,0x28,0x27,0x27,0x25,0x26,0x27,
	0x27,0x29,0x28,0x29,0x2b,0x2b,0x2d,0x2c,0x29,0x29,0x2b,0x2a,0x2b,0x31,0x62,0x67,0x6b,0x68,0x6a,0x69,
	0x68,0x68,0x68,0x69,0x6a,0x69,0x6c,0x69,0x6d,0x65,0x69,0x66,0x68,0x69,0x6d,0x69,0xad,0xa9,0xa7,0xaa,
	0xaa,0xaa,0xae,0xab,0xad,0xab,0xaa,0xaa,0xaa,0xad,0xaa,0xa9,0xa8,0xa6,0xaa,0xab,0x53,0x52,0x52,0x52,
	0x52,0x52,0x52,0x52,0x4a,0x45,0x43,0x4e,0x5c,0x58,0x53,0x4e,0x4c,0x50,0x51,0x4c,0x50,0x62,0x85,0x94,
	0x49,0x49,0x4b,0x4b,0x4c,0x4c,0x49,0x4c,0x8c,0x8e,0x8f,0x8f,0x90,0x90,0x91,0x92,0x93,0x92,0x91,0x91,
	0xd2,0xd2,0xd2,0xd1,0xd1,0xd1,0xd2,0xd2,0xd2,0xd2,0xd2,0xd2,0xd2,0xd2,0xd2,0xd2,0xd2,0xd2,0xd2,0xd2,
	0x2a,0x29,0x2a,0x29,0x29,0x27,0x28,0x29,0x28,0x2a,0x29,0x29,0x2a,0x2a,0x2c,0x2b,0x29,0x29,0x2a,0x2a,
	0x29,0x2f,0x64,0x68,0x6b,0x69,0x6a,0x69,0x69,0x69,0x69,0x69,0x69,0x6b,0x6d,0x69,0x6e,0x6a,0x6d,0x69,
	0x6b,0x69,0x6d,0x6a,0xad,0xac,0xa9,0xab,0xaa,0xab,0xad,0xad,0xae,0xae,0xac,0xaa,0xab,0xad,0xa8,0xab,
	0xaa,0xa6,0xa8,0xa9,0x4f,0x4e,0x4f,0x50,0x50,0x4d,0x49,0x48,0x54,0x4d,0x51,0x58,0x4c,0x51,0x4e,0x4d,
	0x51,0x5a,0x50,0x4f,0x4c,0x56,0x93,0xa3,0x49,0x49,0x4b,0x4b,0x4c,0x4b,0x49,0x4c,0x8e,0x8f,0x90,0x8f,
	0x8f,0x90,0x91,0x92,0x91,0x90,0x91,0x91,0xd2,0xd2,0xd2,0xd2,0xd1,0xd2,0xd3,0xd3,0xd3,0xd3,0xd3,0xd3,
	0xd3,0xd3,0xd3,0xd3,0xd3,0xd3,0xd3,0xd3,0x27,0x28,0x28,0x28,0x29,0x27,0x28,0x29,0x29,0x2a,0x29,0x29,
	0x2a,0x2a,0x2c,0x2c,0x2a,0x2a,0x2c,0x2b,0x2a,0x30,0x67,0x6b,0x6c,0x6a,0x6b,0x6a,0x6b,0x6b,0x6a,0x6a,
	0x6a,0x68,0x6c,0x66,0x6d,0x6b,0x6a,0x66,0x69,0x67,0x68,0x66,0xaa,0xaa,0xa8,0xa9,0xa6,0xa7,0xaa,0xa9,
	0xac,0xaa,0xaa,0xa9,0xa8,0xa8,0xa6,0xaa,0xab,0xa8,0xab,0xa9,0x4b,0x4a,0x4b,0x4c,0x4c,0x47,0x43,0x47,
	0x51,0x4a,0x52,0x5d,0x4e,0x54,0x4f,0x4e,0x4e,0x4d,0x54,0x56,0x54,0x51,0x94,0x8c,0x49,0x4a,0x4b,0x4b,
	0x4c,0x4b,0x49,0x4c,0x8e,0x8f,0x90,0x90,0x90,0x8f,0x91,0x92,0x91,0x90,0x91,0x91,0xd2,0xd2,0xd2,0xd1,
	0xd0,0xd0,0xd1,0xd1,0xd1,0xd1,0xd1,0xd1,0xd1,0xd1,0xd1,0xd1,0xd1,0xd1,0xd1,0xd1,0x28,0x28,0x29,0x29,
	0x29,0x28,0x29,0x2a,0x2a,0x2a,0x29,0x29,0x29,0x2a,0x2c,0x2c,0x2a,0x2b,0x2c,0x2b,0x2a,0x2e,0x68,0x6b,
	0x6c,0x6b,0x6a,0x6a,0x6b,0x6c,0x6b,0x6a,0x69,0x69,0x69,0x66,0x6c,0x6a,0x69,0x68,0x6b,0x67,0x69,0x65,
	0xa9,0xaa,0xa9,0xa9,0xa9,0xa9,0xab,0xa9,0xab,0xab,0xab,0xa9,0xa9,0xa9,0xa9,0xac,0xac,0xa9,0xa9,0xa7,
	0x54,0x54,0x55,0x57,0x56,0x51,0x4c,0x59,0x4c,0x4d,0x47,0x51,0x53,0x58,0x4f,0x52,0x53,0x51,0x56,0x4b,
	0x5a,0x4e,0x97,0x98,0x49,0x4a,0x4b,0x4b,0x4c,0x4b,0x49,0x4c,0x91,0x92,0x92,0x91,0x90,0x90,0x91,0x91,
	0x91,0x90,0x91,0x91,0xd2,0xd2,0xd1,0xd1,0xd1,0xd1,0xd1,0xd1,0xd1,0xd1,0xd1,0xd1,0xd1,0xd1,0xd1,0xd1,
	0xd1,0xd1,0xd1,0xd1,0x28,0x2a,0x29,0x2a,0x2a,0x29,0x29,0x2a,0x2a,0x2a,0x29,0x29,0x28,0x28,0x2a,0x2a,
	0x28,0x29,0x2a,0x2a,0x28,0x2c,0x66,0x6a,0x69,0x69,0x68,0x69,0x6b,0x6b,0x6a,0x69,0x68,0x67,0x67,0x64,
	0x69,0x6b,0x69,0x69,0x6b,0x68,0x6b,0x67,0xaa,0xac,0xaa,0xab,0xac,0xab,0xa9,0xa7,0xa9,0xa8,0xa7,0xa8,
	0xaa,0xa9,0xa9,0xac,0xae,0xac,0xad,0xab,0x51,0x54,0x53,0x56,0x54,0x4e,0x4a,0x5c,0x53,0x54,0x53,0x55,
	0x4e,0x4d,0x56,0x56,0x4f,0x52,0x54,0x4f,0x57,0x4c,0x90,0x91,0x49,0x4a,0x4b,0x4b,0x4c,0x4b,0x49,0x4c,
	0x92,0x94,0x94,0x92,0x90,0x90,0x90,0x90,0x90,0x90,0x91,0x91,0xd2,0xd2,0xd1,0xd1,0xd1,0xd1,0xd2,0xd2,
	0xd2,0xd2,0xd2,0xd2,0xd1,0xd1,0xd1,0xd1,0xd1,0xd1,0xd1,0xd1,0x29,0x2b,0x2a,0x2b,0x2a,0x29,0x29,0x2a,
	0x2b,0x2b,0x2a,0x2a,0x29,0x29,0x2b,0x2b,0x29,0x29,0x2a,0x2a,0x27,0x2b,0x67,0x69,0x69,0x6a,0x69,0x68,
	0x6b,0x6c,0x6a,0x6a,0x69,0x69,0x69,0x68,0x6a,0x6c,0x68,0x68,0x6a,0x67,0x6a,0x67,0xaa,0xac,0xaa,0xaa,
	0xab,0xab,0xaa,0xa7,0xaa,0xaa,0xaa,0xa9,0xab,0xa8,0xa9,0xac,0xad,0xac,0xad,0xaa,0x58,0x56,0x4d,0x55,
	0x4e,0x4e,0x47,0x4e,0x4d,0x4d,0x56,0x50,0x54,0x55,0x53,0x4e,0x59,0x52,0x54,0x4a,0x56,0x57,0x93,0x98,
	0x4a,0x4b,0x4c,0x4c,0x4c,0x4b,0x4a,0x4d,0x94,0x95,0x94,0x91,0x90,0x90,0x91,0x91,0x91,0x90,0x91,0x90,
	0xd2,0xd2,0xd1,0xd1,0xd1,0xd1,0xd1,0xd1,0xd1,0xd1,0xd1,0xd1,0xd1,0xd1,0xd1,0xd1,0xd1,0xd1,0xd1,0xd1,
	0x27,0x29,0x28,0x28,0x27,0x27,0x27,0x27,0x2a,0x2a,0x2a,0x2a,0x28,0x29,0x2b,0x2b,0x29,0x2a,0x2a,0x2a,
	0x28,0x2b,0x68,0x6a,0x69,0x6a,0x6a,0x6a,0x6c,0x6c,0x69,0x69,0x68,0x68,0x66,0x67,0x69,0x6b,0x67,0x66,
	0x66,0x66,0x69,0x68,0xa9,0xab,0xaa,0xa9,0xad,0xac,0xaa,0xa8,0xad,0xac,0xab,0xad,0xad,0xaa,0xaa,0xac,
	0xaa,0xa7,0xa8,0xa8,0x56,0x59,0x4e,0x46,0x4e,0x55,0x53,0x55,0x4c,0x51,0x53,0x55,0x50,0x53,0x53,0x52,
	0x42,0x40,0x50,0x48,0x51,0x57,0x8a,0x92,0x4c,0x4d,0x4e,0x4f,0x4c,0x4b,0x4c,0x4f,0x91,0x93,0x93,0x91,
	0x91,0x91,0x91,0x92,0x92,0x91,0x92,0x90,0xd2,0xd1,0xd1,0xd1,0xd1,0xd1,0xd1,0xd1,0xd1,0xd1,0xd1,0xd1,
	0xd1,0xd1,0xd1,0xd1,0xd1,0xd1,0xd1,0xd1,0x27,0x2a,0x28,0x28,0x28,0x27,0x27,0x27,0x2a,0x2a,0x2a,0x2a,
	0x28,0x29,0x2b,0x2a,0x28,0x29,0x29,0x29,0x27,0x29,0x67,0x68,0x67,0x6a,0x68,0x68,0x6d,0x6c,0x68,0x69,
	0x69,0x6a,0x68,0x6c,0x6d,0x6e,0x6c,0x68,0x66,0x67,0x6d,0x6b,0xab,0xab,0xab,0xa8,0xab,0xa9,0xa6,0xa4,
	0xa9,0xaa,0xaa,0xaa,0xac,0xaa,0xab,0xac,0xaa,0xa8,0xa9,0xa9,0x55,0x50,0x55,0x51,0x5d,0x56,0x54,0x53,
	0x53,0x57,0x55,0x4f,0x4e,0x5a,0x4d,0x50,0x4d,0x50,0x4f,0x4d,0x4e,0x5c,0x7d,0x89,0x8e,0x8a,0x87,0x83,
	0x9e,0x9b,0x91,0x90,0x93,0x92,0x91,0x91,0x91,0x92,0x92,0x92,0x91,0x90,0x91,0x8f,0xd1,0xd1,0xd1,0xd1,
	0xd1,0xd1,0xd2,0xd2,0xd2,0xd2,0xd2,0xd2,0xd2,0xd2,0xd2,0xd2,0xd2,0xd2,0xd2,0xd2,0x27,0x2a,0x28,0x28,
	0x28,0x27,0x27,0x27,0x2a,0x2b,0x2a,0x2a,0x28,0x29,0x2b,0x2b,0x29,0x2a,0x2a,0x2a,0x28,0x2a,0x68,0x68,
	0x68,0x6a,0x68,0x6a,0x6d,0x6c,0x68,0x68,0x68,0x67,0x67,0x6c,0x6c,0x6c,0x6b,0x66,0x67,0x68,0x6d,0x6d,
	0xad,0xac,0xab,0xa9,0xab,0xaa,0xa7,0xa6,0xa9,0xab,0xaa,0xab,0xab,0xac,0xac,0xad,0xab,0xa9,0xa9,0xa9,
	0x51,0x4d,0x59,0x51,0x57,0x4e,0x51,0x51,0x52,0x56,0x53,0x4c,0x4d,0x5e,0x50,0x53,0x50,0x53,0x51,0x4c,
	0x4f,0x60,0x87,0x97,0x97,0x91,0x90,0x8c,0x9a,0x98,0x91,0x91,0x91,0x90,0x90,0x8f,0x91,0x92,0x92,0x92,
	0x91,0x90,0x90,0x8f,0xd1,0xd1,0xd1,0xd1,0xd2,0xd2,0xd2,0xd3,0xd3,0xd3,0xd3,0xd3,0xd3,0xd3,0xd3,0xd3,
	0xd3,0xd3,0xd3,0xd3,0x2b,0x2d,0x2b,0x2b,0x2b,0x2a,0x29,0x28,0x2b,0x2b,0x2a,0x29,0x26,0x27,0x28,0x28,
	0x27,0x28,0x28,0x2a,0x28,0x2a,0x68,0x68,0x68,0x6c,0x6c,0x6e,0x6f,0x6e,0x6d,0x6c,0x6b,0x6c,0x68,0x6c,
	0x6b,0x6c,0x6e,0x68,0x69,0x6a,0x6e,0x6c,0xae,0xae,0xad,0xaa,0xad,0xab,0xa8,0xa8,0xa9,0xa9,0xab,0xa9,
	0xac,0xab,0xac,0xad,0xac,0xaa,0xaa,0xaa,0x86,0x83,0x90,0x89,0x59,0x51,0x56,0x4f,0x4e,0x56,0x4c,0x4e,
	0x46,0x50,0x51,0x59,0x51,0x59,0x50,0x51,0x4d,0x53,0x95,0xa1,0x95,0x93,0x94,0x90,0x97,0x95,0x91,0x93,
	0x93,0x91,0x90,0x90,0x91,0x91,0x91,0x91,0x91,0x90,0x90,0x8f,0xd0,0xd0,0xd1,0xd1,0xd1,0xd1,0xd1,0xd1,
	0xd1,0xd1,0xd1,0xd1,0xd1,0xd1,0xd1,0xd1,0xd1,0xd1,0xd1,0xd1,0x28,0x2a,0x28,0x28,0x29,0x29,0x28,0x28,
	0x2b,0x2b,0x2a,0x29,0x27,0x29,0x2a,0x2a,0x29,0x2a,0x29,0x2b,0x29,0x2a,0x67,0x67,0x66,0x69,0x68,0x6a,
	0x6b,0x6a,0x68,0x69,0x6a,0x6d,0x67,0x6b,0x69,0x69,0x6d,0x69,0x67,0x69,0x6a,0x68,0xaa,0xaa,0xab,0xa9,
	0xaa,0xaa,0xa8,0xa8,0xa8,0xa7,0xaa,0xa9,0xaa,0xa9,0xab,0xab,0xab,0xaa,0xa8,0xa7,0x88,0x89,0x91,0x8a,
	0x61,0x57,0x54,0x51,0x4d,0x47,0x51,0x55,0x53,0x55,0x50,0x4b,0x50,0x4b,0x55,0x55,0x57,0x51,0x94,0x89,
	0x91,0x8f,0x94,0x91,0x91,0x91,0x8e,0x92,0x94,0x92,0x90,0x90,0x90,0x90,0x90,0x91,0x91,0x90,0x90,0x8f,
	0xd0,0xd0,0xd1,0xd1,0xd1,0xd1,0xd1,0xd1,0xd1,0xd1,0xd1,0xd1,0xd1,0xd1,0xd1,0xd1,0xd1,0xd1,0xd1,0xd1,
	0x29,0x2a,0x29,0x29,0x29,0x29,0x29,0x28,0x2b,0x2c,0x2a,0x29,0x27,0x28,0x2a,0x2a,0x29,0x29,0x28,0x2a,
	0x29,0x29,0x66,0x66,0x65,0x68,0x68,0x69,0x6a,0x69,0x69,0x68,0x6a,0x6f,0x6a,0x6c,0x6a,0x6a,0x6e,0x6c,
	0x6a,0x6a,0x69,0x68,0xab,0xaa,0xab,0xa8,0xaa,0xa9,0xa8,0xa8,0xa8,0xa5,0xaa,0xac,0xab,0xaa,0xaa,0xab,
	0xab,0xab,0xa9,0xa9,0x82,0x8f,0x97,0x98,0xa3,0x98,0xb1,0xbf,0x4d,0x50,0x51,0x4b,0x56,0x51,0x53,0x53,
	0x54,0x54,0x56,0x4a,0x5a,0x4d,0x97,0x9b,0x92,0x93,0x9b,0x99,0x93,0x94,0x93,0x95,0x95,0x92,0x90,0x90,
	0x91,0x91,0x91,0x91,0x91,0x90,0x90,0x8f,0xd0,0xd0,0xd1,0xd1,0xd1,0xd1,0xd2,0xd2,0xd2,0xd2,0xd2,0xd2,
	0xd1,0xd1,0xd1,0xd1,0xd1,0xd1,0xd1,0xd1,0x29,0x2a,0x29,0x28,0x29,0x29,0x28,0x28,0x2a,0x2a,0x29,0x27,
	0x25,0x27,0x28,0x28,0x27,0x28,0x27,0x2a,0x29,0x29,0x66,0x67,0x66,0x68,0x69,0x6b,0x6b,0x69,0x6a,0x6a,
	0x6a,0x69,0x65,0x68,0x67,0x69,0x6e,0x6b,0x69,0x6b,0x6a,0x69,0xaa,0xaa,0xad,0xaa,0xac,0xad,0xac,0xad,
	0xaa,0xaa,0xaf,0xb1,0xae,0xac,0xab,0xa8,0xa8,0xa7,0xa8,0xa6,0x8a,0x92,0x96,0x9c,0xa8,0x9f,0xb3,0xba,
	0x48,0x4b,0x4d,0x51,0x52,0x55,0x51,0x51,0x52,0x52,0x54,0x50,0x56,0x4e,0x8f,0x8f,0x8f,0x8f,0x96,0x94,
	0x8d,0x8f,0x8f,0x93,0x94,0x92,0x91,0x91,0x91,0x92,0x92,0x92,0x91,0x90,0x91,0x8f,0xd0,0xd0,0xd1,0xd1,
	0xd1,0xd1,0xd1,0xd1,0xd1,0xd1,0xd1,0xd1,0xd1,0xd1,0xd1,0xd1,0xd1,0xd1,0xd1,0xd1,0x27,0x28,0x27,0x27,
	0x27,0x27,0x28,0x27,0x29,0x2a,0x29,0x28,0x26,0x28,0x29,0x29,0x28,0x28,0x27,0x29,0x2a,0x2a,0x67,0x67,
	0x66,0x68,0x68,0x6a,0x69,0x67,0x69,0x67,0x69,0x6c,0x68,0x6c,0x6c,0x6c,0x70,0x6b,0x6b,0x6b,0x6b,0x69,
	0xaa,0xa8,0xaa,0xa9,0xab,0xa9,0xa9,0xa8,0xa8,0xa6,0xac,0xb0,0xad,0xac,0xa9,0xa6,0xa8,0xa8,0xa9,0xab,
	0x8c,0x8e,0x9e,0x9c,0xa0,0xad,0xb3,0xb3,0xb2,0xb3,0xbf,0xce,0x58,0x59,0x54,0x4f,0x51,0x4c,0x54,0x48,
	0x55,0x59,0x93,0x9a,0x91,0x91,0x94,0x92,0x8e,0x8e,0x8e,0x90,0x91,0x91,0x92,0x91,0x91,0x93,0x93,0x92,
	0x91,0x91,0x91,0x8f,0xd0,0xd0,0xd1,0xd1,0xd1,0xd1,0xd1,0xd1,0xd1,0xd1,0xd1,0xd1,0xd1,0xd1,0xd1,0xd1,
	0xd1,0xd1,0xd1,0xd1,0x29,0x29,0x28,0x28,0x29,0x28,0x29,0x28,0x2a,0x2b,0x2a,0x29,0x27,0x2a,0x2b,0x2b,
	0x2a,0x2a,0x29,0x2b,0x2b,0x2d,0x6a,0x6a,0x69,0x6a,0x6a,0x6c,0x6b,0x6a,0x6b,0x6a,0x6a,0x6b,0x68,0x69,
	0x6b,0x6b,0x6e,0x6b,0x6b,0x6d,0x6b,0x6b,0xab,0xa8,0xaa,0xa9,0xaa,0xa8,0xa8,0xa9,0xa6,0xa3,0xaa,0xac,
	0xa8,0xa9,0xa9,0xa7,0xa8,0xa6,0xaa,0xab,0x8d,0x8b,0x9e,0x9c,0xa2,0xaa,0xb0,0xab,0xbd,0xb9,0xc4,0xcc,
	0x55,0x57,0x4e,0x4e,0x4d,0x4d,0x52,0x4b,0x53,0x55,0x89,0x90,0x92,0x92,0x92,0x91,0x91,0x91,0x90,0x90,
	0x91,0x91,0x91,0x91,0x92,0x93,0x93,0x93,0x91,0x91,0x91,0x8f,0xd0,0xd0,0xd1,0xd1,0xd1,0xd1,0xd2,0xd2,
	0xd1,0xd2,0xd2,0xd2,0xd2,0xd2,0xd2,0xd2,0xd2,0xd2,0xd2,0xd2,0x2a,0x2a,0x29,0x29,0x2a,0x29,0x2a,0x29,
	0x2b,0x2a,0x29,0x29,0x26,0x29,0x29,0x2b,0x29,0x2a,0x28,0x29,0x2a,0x2b,0x68,0x6a,0x68,0x69,0x68,0x6b,
	0x6a,0x69,0x6b,0x69,0x69,0x6c,0x68,0x66,0x6a,0x6b,0x6b,0x68,0x69,0x6b,0x6a,0x68,0xaa,0xa6,0xaa,0xa9,
	0xab,0xa9,0xaa,0xab,0xa8,0xa6,0xa9,0xab,0xa7,0xab,0xac,0xab,0xac,0xaa,0xab,0xaa,0x8c,0x8a,0x9d,0x9b,
	0xa3,0xa9,0xaf,0xa8,0xb5,0xbe,0xc4,0xca,0xd0,0xcd,0xce,0xcb,0x5a,0x4a,0x5c,0x4f,0x5b,0x56,0x9e,0x96,
	0x93,0x92,0x91,0x91,0x94,0x93,0x92,0x92,0x92,0x91,0x90,0x91,0x93,0x94,0x94,0x93,0x92,0x91,0x91,0x8f,
	0xd0,0xd0,0xd1,0xd1,0xd1,0xd1,0xd2,0xd2,0xd2,0xd2,0xd2,0xd2,0xd2,0xd2,0xd2,0xd2,0xd2,0xd2,0xd2,0xd2,
	0x29,0x29,0x28,0x28,0x29,0x28,0x28,0x28,0x29,0x28,0x27,0x27,0x24,0x27,0x27,0x29,0x28,0x28,0x27,0x27,
	0x28,0x2a,0x67,0x6a,0x68,0x69,0x68,0x6b,0x6b,0x6a,0x6c,0x6a,0x68,0x68,0x66,0x65,0x6a,0x69,0x6b,0x67,
	0x68,0x6a,0x6b,0x6b,0xae,0xaa,0xad,0xad,0xab,0xa9,0xa9,0xaa,0xaa,0xa7,0xaa,0xa9,0xa6,0xaa,0xab,0xa9,
	0xab,0xaa,0xab,0xae,0x8b,0x89,0x9c,0x9a,0xa2,0xa8,0xae,0xa8,0xb5,0xbf,0xc4,0xc9,0xcb,0xcd,0xcf,0xcf,
	0x4f,0x43,0x55,0x57,0x57,0x4f,0x97,0x8c,0x92,0x91,0x91,0x91,0x96,0x95,0x94,0x93,0x93,0x91,0x91,0x91,
	0x92,0x94,0x94,0x93,0x92,0x91,0x91,0x8f,0xd0,0xd0,0xd1,0xd1,0xd2,0xd2,0xd3,0xd3,0xd3,0xd3,0xd3,0xd3,
	0xd2,0xd2,0xd2,0xd2,0xd2,0xd2,0xd2,0xd2,0x29,0x28,0x29,0x29,0x2a,0x28,0x28,0x29,0x29,0x29,0x28,0x28,
	0x26,0x28,0x29,0x2a,0x29,0x29,0x29,0x28,0x29,0x2c,0x69,0x6b,0x6a,0x6a,0x6a,0x6c,0x6b,0x6a,0x6d,0x6b,
	0x6a,0x6a,0x69,0x69,0x6c,0x6b,0x6a,0x65,0x66,0x68,0x6a,0x6c,0xac,0xab,0xac,0xab,0xaa,0xa7,0xa9,0xaa,
	0xab,0xa7,0xab,0xac,0xa8,0xaa,0xab,0xaa,0xad,0xaa,0xae,0xae,0x8b,0x89,0x9c,0x9a,0xa1,0xa8,0xae,0xa8,
	0xb5,0xbf,0xc4,0xc9,0xcc,0xcd,0xcd,0xc7,0xc5,0xc0,0xbb,0xb2,0x5b,0x55,0x98,0x9b,0x93,0x91,0x91,0x91,
	0x97,0x96,0x95,0x94,0x93,0x92,0x93,0x92,0x92,0x94,0x94,0x93,0x92,0x91,0x90,0x8f,0xd0,0xd0,0xd1,0xd1,
	0xd0,0xd0,0xd1,0xd1,0xd1,0xd1,0xd1,0xd1,0xd1,0xd1,0xd1,0xd1,0xd1,0xd1,0xd1,0xd1,0x2a,0x28,0x29,0x29,
	0x29,0x27,0x28,0x28,0x28,0x27,0x27,0x28,0x25,0x27,0x28,0x29,0x28,0x28,0x28,0x26,0x27,0x2b,0x67,0x6a,
	0x69,0x69,0x68,0x6b,0x6a,0x69,0x6b,0x68,0x69,0x6b,0x6a,0x67,0x6a,0x69,0x67,0x65,0x68,0x68,0x69,0x69,
	0xaa,0xa7,0xa7,0xa7,0xa9,0xa8,0xaa,0xac,0xab,0xa7,0xa8,0xab,0xa8,0xab,0xad,0xaa,0xab,0xa9,0xaa,0xa9,
	0x8b,0x89,0x9c,0x9a,0xa1,0xa8,0xae,0xa8,0xb5,0xbf,0xc4,0xc9,0xcc,0xcd,0xcb,0xca,0xc2,0xbc,0xc3,0xb4,
	0x64,0x5b,0x92,0x9a,0x94,0x92,0x92,0x91,0x98,0x97,0x96,0x95,0x95,0x93,0x92,0x92,0x92,0x93,0x92,0x92,
	0x92,0x91,0x90,0x8f,0xd0,0xd0,0xd1,0xd1,0xd0,0xd0,0xd1,0xd1,0xd1,0xd1,0xd1,0xd1,0xd1,0xd1,0xd1,0xd1,
	0xd1,0xd1,0xd1,0xd1,0x2a,0x28,0x29,0x29,0x2a,0x27,0x28,0x29,0x28,0x28,0x29,0x2a,0x28,0x2a,0x2b,0x2c,
	0x2b,0x2b,0x2a,0x28,0x28,0x2c,0x69,0x6c,0x6b,0x69,0x69,0x6c,0x6a,0x68,0x6c,0x6a,0x69,0x6c,0x6b,0x68,
	0x6b,0x68,0x69,0x68,0x69,0x69,0x6a,0x6b,0xab,0xa8,0xa8,0xa7,0xaa,0xa8,0xaa,0xaa,0xa9,0xa6,0xa6,0xa8,
	0xa6,0xaa,0xaa,0xa9,0xab,0xa8,0xa8,0xa9,0x8b,0x89,0x9c,0x9a,0xa1,0xa8,0xae,0xa8,0xb5,0xbf,0xc4,0xc9,
	0xcc,0xcd,0xcc,0xcc,0xcc,0xcd,0xbd,0xbf,0xb1,0xaa,0xae,0xa7,0x97,0x95,0x94,0x92,0x94,0x92,0x92,0x94,
	0x97,0x95,0x93,0x92,0x92,0x93,0x92,0x92,0x92,0x91,0x90,0x8f,0xd0,0xd0,0xd1,0xd1,0xd1,0xd1,0xd2,0xd2,
	0xd2,0xd2,0xd2,0xd2,0xd1,0xd1,0xd1,0xd1,0xd1,0xd1,0xd1,0xd1,0x2b,0x28,0x2a,0x2a,0x2a,0x27,0x28,0x29,
	0x27,0x27,0x28,0x29,0x27,0x28,0x28,0x2a,0x29,0x29,0x29,0x26,0x27,0x2b,0x68,0x6b,0x6a,0x68,0x69,0x6d,
	0x6b,0x69,0x6d,0x69,0x67,0x68,0x6b,0x66,0x6a,0x69,0x69,0x65,0x67,0x66,0x67,0x69,0xab,0xac,0xaa,0xa8,
	0xac,0xa6,0xa6,0xaa,0xaa,0xaa,0xa9,0xab,0xa6,0xaa,0xab,0xa8,0xad,0xab,0xad,0xae,0x8b,0x89,0x9c,0x9a,
	0xa1,0xa8,0xae,0xa8,0xb5,0xbf,0xc4,0xc6,0xcb,0xcd,0xca,0xc7,0xc6,0xc7,0xbd,0xc4,0xb7,0xb4,0xb3,0xaf,
	0x9e,0x9c,0x99,0x96,0x95,0x93,0x92,0x94,0x99,0x98,0x94,0x92,0x92,0x93,0x93,0x93,0x92,0x91,0x91,0x8f,
	0xd0,0xd0,0xd1,0xd1,0xd0,0xd0,0xd1,0xd1,0xd1,0xd1,0xd0,0xd0,0xd1,0xd1,0xd1,0xd1,0xd1,0xd1,0xd1,0xd1,
	0x2a,0x27,0x29,0x2a,0x2a,0x27,0x28,0x29,0x27,0x27,0x28,0x2a,0x27,0x29,0x29,0x2b,0x2a,0x2b,0x2b,0x27,
	0x28,0x2c,0x67,0x6b,0x6a,0x68,0x68,0x6d,0x6c,0x69,0x6d,0x69,0x68,0x6a,0x6c,0x67,0x6b,0x6a,0x6c,0x6a,
	0x69,0x69,0x6b,0x6c,0xad,0xac,0xaa,0xaa,0xae,0xaa,0xa9,0xac,0xac,0xac,0xaa,0xaa,0xa6,0xa9,0xab,0xaa,
	0xac,0xaa,0xaa,0xaa,0x8b,0x89,0x9c,0x9a,0xa1,0xa7,0xae,0xa9,0xb4,0xc1,0xc5,0xc6,0xcc,0xce,0xca,0xc7,
	0xc7,0xc9,0xc9,0xc2,0xb4,0xb6,0xb7,0xc1,0xaa,0xa6,0x9d,0x9b,0x98,0x94,0x94,0x94,0x9a,0x99,0x94,0x93,
	0x93,0x93,0x93,0x93,0x92,0x91,0x92,0x8f,0xd0,0xd0,0xd1,0xd1,0xd0,0xd0,0xd1,0xd1,0xd1,0xd1,0xd0,0xd0,
	0xd1,0xd1,0xd1,0xd1,0xd1,0xd1,0xd1,0xd1,0x2d,0x29,0x2c,0x2c,0x2c,0x29,0x2a,0x2b,0x27,0x27,0x27,0x29,
	0x26,0x28,0x28,0x29,0x28,0x29,0x2a,0x27,0x26,0x2a,0x65,0x68,0x67,0x65,0x67,0x6c,0x6a,0x66,0x6b,0x68,
	0x66,0x68,0x6b,0x65,0x6a,0x67,0x68,0x66,0x69,0x69,0x6b,0x6a,0xa7,0xa6,0xa5,0xa5,0xad,0xaa,0xa8,0xab,
	0xab,0xa8,0xa4,0xa8,0xa7,0xaa,0xac,0xaa,0xaa,0xa8,0xab,0xaa,0x8b,0x89,0x9c,0x9a,0xa2,0xa7,0xaf,0xab,
	0xb7,0xc1,0xc4,0xca,0xcd,0xcd,0xca,0xc6,0xc4,0xc4,0xc3,0xbb,0xb3,0xb5,0xb1,0xb8,0xab,0xab,0xa4,0xa1,
	0x9c,0x98,0x96,0x95,0x98,0x98,0x94,0x94,0x94,0x93,0x93,0x94,0x92,0x92,0x93,0x91,0xd0,0xd2,0xcf,0xd3,
	0xcf,0xd2,0xd2,0xd2,0xd2,0xd2,0xd1,0xd0,0xd1,0xd1,0xd1,0xd1,0xd1,0xd1,0xd1,0xd1,0x2a,0x29,0x2a,0x29,
	0x2a,0x28,0x28,0x29,0x27,0x27,0x26,0x28,0x26,0x28,0x28,0x29,0x29,0x2a,0x2a,0x29,0x28,0x2b,0x68,0x6a,
	0x6a,0x68,0x69,0x6e,0x6b,0x67,0x6b,0x68,0x69,0x6a,0x6c,0x67,0x6a,0x6a,0x68,0x67,0x68,0x69,0x6c,0x68,
	0xaa,0xa6,0xa4,0xa4,0xac,0xaa,0xa9,0xaa,0xac,0xab,0xa7,0xaa,0xa8,0xaa,0xad,0xab,0xaa,0xa9,0xaa,0xaa,
	0x8e,0x96,0xa1,0x9d,0xa3,0xa7,0xb1,0xaf,0xba,0xc0,0xc3,0xcb,0xcf,0xcd,0xcb,0xc6,0xc3,0xc2,0xbf,0xb9,
	0xb3,0xb5,0xb1,0xb8,0xac,0xab,0xa5,0xa2,0x9d,0x9a,0x96,0x93,0x95,0x94,0x94,0x94,0x93,0x92,0x92,0x93,
	0x92,0x92,0x92,0x91,0xd1,0xd2,0xcf,0xd3,0xd0,0xd3,0xd2,0xd3,0xd3,0xd3,0xd2,0xd1,0xd1,0xd1,0xd1,0xd2,
	0xd2,0xd2,0xd2,0xd2,0x29,0x28,0x29,0x28,0x29,0x28,0x28,0x28,0x28,0x29,0x27,0x28,0x28,0x29,0x29,0x2a,
	0x29,0x29,0x29,0x28,0x29,0x2c,0x68,0x6a,0x6a,0x69,0x6a,0x6d,0x6b,0x69,0x6b,0x68,0x69,0x6b,0x6b,0x67,
	0x6b,0x6a,0x69,0x67,0x68,0x69,0x6c,0x69,0xab,0xa8,0xaa,0xaa,0xab,0xaa,0xa9,0xab,0xad,0xad,0xa8,0xa9,
	0xa8,0xa9,0xac,0xaa,0xaa,0xa9,0xa9,0xaa,0x8e,0x92,0x9f,0x9e,0xa5,0xa7,0xb3,0xb3,0xbc,0xc0,0xc4,0xcb,
	0xd0,0xce,0xcb,0xc6,0xc3,0xc2,0xc0,0xba,0xb4,0xb5,0xb2,0xb7,0xae,0xab,0xa6,0xa4,0xa0,0x9c,0x98,0x94,
	0x93,0x93,0x93,0x93,0x92,0x92,0x92,0x92,0x91,0x91,0x91,0x90,0xd0,0xd1,0xd0,0xd2,0xd2,0xd2,0xd3,0xd3,
	0xd3,0xd3,0xd3,0xd3,0xd1,0xd1,0xd1,0xd2,0xd2,0xd2,0xd2,0xd2,0x29,0x29,0x2a,0x27,0x28,0x29,0x28,0x28,
	0x29,0x2a,0x28,0x2a,0x2b,0x2c,0x2b,0x2a,0x29,0x28,0x28,0x26,0x27,0x2b,0x67,0x6a,0x6a,0x69,0x6a,0x6b,
	0x6a,0x6a,0x6a,0x68,0x69,0x69,0x69,0x65,0x6b,0x6a,0x69,0x67,0x68,0x69,0x6c,0x6b,0xaf,0xac,0xae,0xad,
	0xab,0xaa,0xa9,0xac,0xad,0xae,0xaa,0xa9,0xa8,0xa8,0xa8,0xa8,0xa8,0xa8,0xa8,0xa8,0x50,0x4f,0x4b,0x51,
	0xa7,0xae,0xb0,0xaf,0xbf,0xbf,0xc6,0xcb,0xd0,0xcf,0xcc,0xc6,0xc4,0xc3,0xc1,0xbb,0xb4,0xb5,0xb2,0xb7,
	0xb0,0xac,0xa7,0xa4,0xa0,0x9e,0x9a,0x95,0x93,0x92,0x92,0x93,0x92,0x92,0x92,0x92,0x91,0x90,0x90,0x8f,
	0xd0,0xd0,0xd1,0xd1,0xd0,0xd0,0xd1,0xd1,0xd1,0xd1,0xd1,0xd1,0xd1,0xd1,0xd1,0xd1,0xd1,0xd1,0xd1,0xd1,
	0x2a,0x2a,0x2a,0x27,0x28,0x29,0x27,0x27,0x28,0x29,0x27,0x28,0x28,0x2a,0x29,0x2a,0x2a,0x2a,0x2a,0x28,
	0x28,0x2c,0x69,0x6c,0x6a,0x6a,0x6a,0x6a,0x6a,0x6a,0x6a,0x69,0x69,0x69,0x6a,0x68,0x6c,0x6c,0x6a,0x67,
	0x69,0x69,0x6c,0x6c,0xad,0xad,0xac,0xac,0xab,0xaa,0xa9,0xaa,0xaa,0xab,0xa8,0xa9,0xab,0xab,0xab,0xab,
	0xab,0xab,0xab,0xab,0x51,0x4f,0x52,0x55,0xa6,0xaa,0xb1,0xaf,0xbc,0xc0,0xcb,0xd0,0xcc,0xcd,0xce,0xc6,
	0xc3,0xc3,0xc2,0xbc,0xb5,0xb5,0xb2,0xb6,0xb0,0xac,0xa8,0xa4,0xa2,0x9e,0x9c,0x98,0x94,0x92,0x92,0x93,
	0x93,0x93,0x92,0x92,0x91,0x90,0x90,0x8f,0xd0,0xd0,0xd1,0xd1,0xd0,0xd0,0xd1,0xd1,0xd1,0xd1,0xd1,0xd1,
	0xd1,0xd1,0xd1,0xd1,0xd1,0xd1,0xd1,0xd1,0x29,0x2a,0x2a,0x27,0x28,0x29,0x27,0x27,0x28,0x2a,0x27,0x29,
	0x29,0x2b,0x2a,0x2a,0x2a,0x29,0x29,0x26,0x27,0x2b,0x68,0x6b,0x6a,0x6a,0x6a,0x6a,0x6a,0x6a,0x69,0x68,
	0x6a,0x6c,0x6b,0x66,0x69,0x68,0x66,0x64,0x68,0x68,0x6a,0x6a,0xab,0xaa,0xa9,0xaa,0xa9,0xa8,0xa8,0xa7,
	0xa8,0xab,0xa7,0xa8,0xab,0xab,0xab,0xab,0xab,0xab,0xab,0xab,0x50,0x50,0x52,0x4d,0x4c,0x49,0x4f,0x4d,
	0xbf,0xc0,0xcd,0xcb,0xcc,0xcf,0xcf,0xd4,0xc7,0xc2,0xc2,0xbc,0xb5,0xb4,0xb2,0xb3,0xb2,0xac,0xa7,0xa3,
	0xa2,0xa0,0x9e,0x9a,0x95,0x93,0x93,0x93,0x93,0x94,0x92,0x92,0x92,0x91,0x90,0x8f,0xd0,0xd0,0xd1,0xd1,
	0xd1,0xd1,0xd2,0xd2,0xd2,0xd2,0xd2,0xd2,0xd1,0xd1,0xd1,0xd1,0xd1,0xd1,0xd1,0xd1,0x2c,0x2c,0x2c,0x29,
	0x2a,0x2b,0x28,0x27,0x28,0x29,0x26,0x28,0x28,0x29,0x28,0x29,0x2a,0x2b,0x2b,0x27,0x28,0x2c,0x67,0x6b,
	0x69,0x6a,0x6a,0x6a,0x6a,0x6a,0x69,0x69,0x69,0x6c,0x6b,0x67,0x6a,0x68,0x69,0x69,0x6b,0x6a,0x6b,0x6b,
	0xac,0xaa,0xaa,0xa9,0xa9,0xa9,0xac,0xad,0xad,0xb0,0xab,0xac,0xaf,0xad,0xad,0xad,0xad,0xad,0xad,0xad,
	0x51,0x50,0x4f,0x4c,0x48,0x46,0x47,0x49,0xbc,0xc2,0xc7,0xc6,0xce,0xce,0xce,0xc8,0xc4,0xc2,0xc2,0xbd,
	0xb6,0xb4,0xb3,0xb2,0xb0,0xab,0xa7,0xa3,0xa2,0xa0,0x9d,0x9a,0x96,0x94,0x93,0x92,0x93,0x95,0x93,0x93,
	0x92,0x91,0x91,0x8f,0xd0,0xd0,0xd1,0xd1,0xd0,0xd0,0xd1,0xd1,0xd1,0xd1,0xd0,0xd0,0xd1,0xd1,0xd1,0xd1,
	0xd1,0xd1,0xd1,0xd1,0x2a,0x2a,0x2b,0x28,0x28,0x2a,0x28,0x28,0x28,0x29,0x26,0x28,0x29,0x2a,0x29,0x29,
	0x29,0x29,0x2a,0x27,0x26,0x2a,0x65,0x68,0x68,0x6a,0x6a,0x6a,0x6a,0x6a,0x69,0x69,0x68,0x69,0x6a,0x66,
	0x69,0x69,0x6a,0x66,0x68,0x66,0x67,0x69,0xac,0xad,0xac,0xaa,0xa8,0xa8,0xac,0xac,0xaa,0xac,0xa6,0xa7,
	0xab,0xaa,0xaa,0xaa,0xaa,0xaa,0xaa,0xaa,0x50,0x4f,0x4f,0x4b,0x51,0x4d,0x50,0x4e,0x50,0x50,0x55,0x5d,
	0xd5,0xcf,0xc6,0xc7,0xc5,0xc2,0xc2,0xbd,0xb7,0xb4,0xb3,0xb1,0xaf,0xa9,0xa6,0xa2,0xa0,0x9f,0x9c,0x96,
	0x96,0x95,0x94,0x93,0x93,0x97,0x96,0x96,0x95,0x94,0x94,0x91,0xd0,0xd0,0xd1,0xd1,0xd0,0xd0,0xd1,0xd1,
	0xd1,0xd1,0xd1,0xd1,0xd1,0xd0,0xd0,0xd0,0xd1,0xd1,0xd1,0xd1,0x28,0x2a,0x2b,0x28,0x28,0x28,0x28,0x27,
	0x27,0x28,0x26,0x28,0x29,0x2a,0x2a,0x2a,0x29,0x29,0x2a,0x29,0x28,0x2b,0x67,0x69,0x69,0x6a,0x6a,0x6a,
	0x6a,0x6a,0x69,0x69,0x6a,0x6c,0x6c,0x67,0x6a,0x68,0x6b,0x68,0x68,0x68,0x69,0x6c,0xae,0xaf,0xae,0xac,
	0xab,0xaa,0xaa,0xaa,0xaa,0xaa,0xaa,0xaa,0xaa,0xab,0xaa,0xaa,0xaa,0xaa,0xaa,0xaa,0x50,0x4f,0x4f,0x4e,
	0x52,0x51,0x4f,0x51,0x4c,0x54,0x52,0x56,0xce,0xc4,0xc2,0xc1,0xc2,0xc2,0xc2,0xbe,0xb8,0xb5,0xb3,0xb1,
	0xae,0xa8,0xa5,0xa2,0x9f,0x9e,0x9b,0x96,0x95,0x95,0x95,0x94,0x92,0x95,0x98,0x9b,0x97,0x96,0x97,0x96,
	0xce,0xd1,0xca,0xd2,0xce,0xd4,0xd2,0xd3,0xd1,0xd2,0xd4,0xd2,0xd1,0xd0,0xd0,0xd0,0xd1,0xd1,0xd1,0xd1,
	0x28,0x29,0x29,0x27,0x28,0x28,0x28,0x27,0x27,0x28,0x25,0x27,0x28,0x29,0x28,0x29,0x2a,0x2a,0x2b,0x2a,
	0x28,0x2c,0x68,0x69,0x6a,0x6a,0x6a,0x6b,0x6a,0x6a,0x69,0x69,0x68,0x68,0x68,0x64,0x69,0x67,0x6b,0x68,
	0x6c,0x6b,0x6b,0x6c,0xa7,0xa7,0xa7,0xa7,0xa8,0xaa,0xab,0xac,0xab,0xac,0xac,0xac,0xab,0xad,0xaa,0xaa,
	0xaa,0xaa,0xaa,0xaa,0x50,0x50,0x50,0x4f,0x52,0x52,0x4e,0x52,0x50,0x4f,0x56,0x52,0x59,0x53,0x55,0x53,
	0xc6,0xc2,0xc0,0xc0,0xbb,0xb8,0xb5,0xb1,0xad,0xa8,0xa4,0xa1,0x9e,0x9d,0x9a,0x97,0x98,0x95,0x94,0x95,
	0x93,0x95,0x95,0x9a,0x99,0x9b,0x9e,0x9f,0xa4,0xa3,0xa6,0xb5,0xc8,0xd4,0xd2,0xcf,0xd1,0xd3,0xd4,0xd2,
	0xd1,0xcf,0xcf,0xcf,0xd0,0xd0,0xd1,0xd1,0x29,0x29,0x2a,0x27,0x28,0x29,0x28,0x28,0x29,0x2a,0x28,0x2a,
	0x2b,0x2c,0x2b,0x2a,0x2a,0x2a,0x2a,0x2a,0x28,0x2c,0x69,0x69,0x6a,0x6a,0x6a,0x6a,0x6a,0x6a,0x6a,0x68,
	0x68,0x69,0x6a,0x68,0x6c,0x69,0x6b,0x67,0x6a,0x6a,0x6b,0x6c,0xab,0xa8,0xa8,0xa8,0xa8,0xa9,0xac,0xad,
	0xac,0xaf,0xab,0xab,0xae,0xac,0xac,0xac,0xac,0xac,0xac,0xac,0x4f,0x51,0x50,0x50,0x50,0x50,0x4e,0x50,
	0x4f,0x50,0x61,0x53,0x5a,0x51,0x4b,0x59,0xc6,0xc1,0xbe,0xb6,0xc1,0xbc,0xba,0xb1,0xac,0xa8,0xa4,0xa2,
	0x9f,0x9e,0x9a,0x97,0x97,0x94,0x93,0x94,0x94,0x94,0x92,0x96,0x9c,0xa4,0x9e,0xa0,0x9a,0x99,0x9c,0xad,
	0xc9,0xd9,0xd8,0xd3,0xd0,0xd2,0xd3,0xd1,0xd0,0xcf,0xce,0xcb,0xcf,0xd0,0xd1,0xd1,0x2a,0x2a,0x2a,0x27,
	0x28,0x29,0x27,0x27,0x28,0x29,0x27,0x28,0x28,0x2a,0x29,0x29,0x29,0x29,0x2a,0x2a,0x28,0x2b,0x6a,0x69,
	0x6a,0x6a,0x6a,0x6a,0x6a,0x6a,0x6a,0x68,0x69,0x6a,0x6c,0x6a,0x6c,0x6a,0x6c,0x67,0x68,0x6a,0x6b,0x6b,
	0xaa,0xaa,0xa9,0xa9,0xa9,0xa8,0xac,0xac,0xaa,0xac,0xa6,0xa7,0xab,0xaa,0xaa,0xaa,0xaa,0xaa,0xaa,0xaa,
	0x4f,0x4f,0x50,0x51,0x50,0x4f,0x4f,0x50,0x50,0x51,0x50,0x50,0x4b,0x54,0x55,0x4d,0x4a,0x4e,0x56,0x5d,
	0xbf,0xbd,0xb0,0xba,0xb1,0xad,0xa7,0xa4,0xa1,0x9f,0x9b,0x98,0x97,0x94,0x92,0x93,0x92,0x96,0x96,0x98,
	0x96,0x9c,0x9f,0x9d,0x9d,0x9b,0x9c,0xa0,0xa3,0xa3,0x9c,0xa5,0xce,0xcf,0xd2,0xcf,0xcf,0xd2,0xd7,0xd6,
	0xd3,0xd2,0xd1,0xd1,0x29,0x2a,0x2a,0x27,0x28,0x29,0x27,0x27,0x28,0x2a,0x27,0x29,0x29,0x2b,0x2a,0x2a,
	0x29,0x29,0x2a,0x2a,0x28,0x2b,0x6a,0x69,0x6a,0x6a,0x6a,0x6a,0x6a,0x6a,0x69,0x68,0x68,0x69,0x6b,0x68,
	0x6b,0x6a,0x6c,0x67,0x68,0x69,0x6a,0x6a,0xaa,0xaa,0xa9,0xa9,0xaa,0xaa,0xaa,0xaa,0xaa,0xaa,0xaa,0xaa,
	0xaa,0xab,0xaa,0xaa,0xaa,0xaa,0xaa,0xaa,0x4e,0x4f,0x50,0x51,0x50,0x50,0x4e,0x50,0x51,0x52,0x52,0x52,
	0x59,0x5d,0x4e,0x51,0x4f,0x57,0x53,0x51,0xaf,0xb0,0xae,0xb4,0xaf,0xab,0xa7,0xa4,0xa1,0xa0,0x9c,0x98,
	0x97,0x94,0x92,0x92,0x92,0x93,0x96,0x97,0x99,0x9b,0x9c,0x9c,0x9c,0x9c,0x9c,0xa0,0xa4,0xa6,0xa1,0xac,
	0xcd,0xce,0xd8,0xd2,0xd1,0xd2,0xd4,0xd2,0xd0,0xd0,0xd1,0xd1,0x2c,0x2c,0x2c,0x29,0x2a,0x2b,0x28,0x27,
	0x28,0x29,0x26,0x28,0x28,0x29,0x28,0x29,0x29,0x29,0x2a,0x2a,0x28,0x2b,0x6a,0x69,0x69,0x6a,0x6a,0x6a,
	0x6a,0x6a,0x69,0x69,0x69,0x6a,0x6c,0x69,0x6b,0x6a,0x6b,0x67,0x69,0x69,0x6a,0x6a,0xaa,0xaa,0xaa,0xaa,
	0xaa,0xaa,0xab,0xac,0xaa,0xab,0xac,0xab,0xaa,0xac,0xa9,0xa9,0xa9,0xa9,0xa9,0xa9,0x4d,0x4f,0x50,0x52,
	0x52,0x50,0x4f,0x51,0x53,0x53,0x53,0x54,0x51,0x4e,0x4f,0x51,0x4f,0x47,0x5b,0x51,0x69,0x68,0x96,0x9c,
	0xa4,0xa9,0xa8,0xa5,0xa2,0xa0,0x9c,0x98,0x97,0x94,0x93,0x92,0x91,0x91,0x93,0x95,0x98,0x9b,0x9a,0x9b,
	0x9b,0x9c,0x9d,0x9f,0xa0,0xa1,0xa6,0xaa,0xa4,0xa6,0x9c,0xa5,0xce,0xcf,0xd2,0xcf,0xcf,0xd0,0xd1,0xd1,
	0x29,0x2b,0x2b,0x28,0x28,0x29,0x27,0x27,0x27,0x29,0x26,0x27,0x28,0x29,0x2a,0x2b,0x2a,0x2a,0x2a,0x2a,
	0x28,0x2b,0x69,0x68,0x68,0x6a,0x6a,0x6a,0x6a,0x6a,0x69,0x69,0x6a,0x6b,0x6c,0x69,0x6c,0x6a,0x6b,0x67,
	0x69,0x69,0x6a,0x6a,0xaa,0xaa,0xaa,0xaa,0xaa,0xaa,0xa9,0xab,0xa8,0xa8,0xaa,0xa9,0xaa,0xab,0xa9,0xa9,
	0xa9,0xa9,0xa9,0xa9,0x4b,0x4f,0x50,0x53,0x52,0x52,0x50,0x51,0x52,0x52,0x52,0x54,0x4d,0x4c,0x50,0x51,
	0x59,0x4b,0x56,0x4d,0x5d,0x56,0x91,0x8e,0x9f,0xa2,0xa2,0xa0,0x9f,0x9f,0x9c,0x98,0x98,0x94,0x93,0x92,
	0x90,0x8f,0x93,0x96,0x99,0x9b,0x9b,0x9b,0x9b,0x9d,0x9e,0x9f,0x9f,0x9f,0xa3,0xa7,0xa5,0xa6,0xa1,0xac,
	0xcd,0xce,0xd8,0xd3,0xd0,0xd0,0xd1,0xd1,0x2a,0x2c,0x2a,0x27,0x27,0x28,0x27,0x27,0x27,0x29,0x26,0x27,
	0x28,0x2a,0x2c,0x2d,0x34,0x2c,0x2a,0x2a,0x29,0x2c,0x6e,0x6c,0x69,0x6b,0x6a,0x6a,0x6a,0x69,0x68,0x68,
	0x69,0x6b,0x6d,0x6a,0x6c,0x6b,0x6c,0x68,0x69,0x69,0x6b,0x6a,0xaa,0xaa,0xaa,0xaa,0xa9,0xa8,0xa7,0xa9,
	0xa3,0xa4,0xa8,0xa7,0xa9,0xaa,0xa9,0xa9,0xa9,0xa9,0xa9,0xa9,0x4c,0x4e,0x50,0x52,0x51,0x52,0x4f,0x52,
	0x52,0x53,0x53,0x54,0x50,0x4e,0x50,0x51,0x4e,0x51,0x50,0x45,0x55,0x52,0x8a,0x90,0x97,0x98,0x96,0x94,
	0x9f,0x9d,0x9a,0x97,0x98,0x94,0x93,0x92,0x92,0x92,0x94,0x97,0x99,0x9a,0x9b,0x9b,0x9c,0x9d,0x9e,0x9f,
	0xa2,0xa5,0xa6,0xa3,0xa6,0xa7,0xb4,0xb3,0xa4,0xa6,0x9c,0xa5,0xcd,0xce,0xd0,0xd0,0x29,0x25,0x28,0x28,
	0x27,0x27,0x27,0x28,0x27,0x29,0x27,0x28,0x27,0x29,0x2a,0x2b,0x30,0x2c,0x2c,0x2d,0x29,0x2c,0x62,0x60,
	0x6a,0x6b,0x6a,0x6a,0x6a,0x69,0x69,0x69,0x69,0x6b,0x6d,0x6a,0x6d,0x6b,0x6c,0x68,0x6a,0x6a,0x6b,0x6b,
	0xaa,0xa9,0xa9,0xaa,0xa9,0xa8,0xa8,0xa8,0xa8,0xa8,0xa9,0xaa,0xa9,0xaa,0xaa,0xaa,0xaa,0xaa,0xaa,0xaa,
	0x4c,0x4f,0x50,0x52,0x51,0x52,0x50,0x51,0x52,0x52,0x52,0x53,0x50,0x4f,0x50,0x51,0x50,0x48,0x4f,0x4e,
	0x54,0x52,0x92,0x90,0x96,0x97,0x94,0x93,0x9b,0x9a,0x98,0x95,0x97,0x94,0x93,0x92,0x92,0x93,0x95,0x97,
	0x99,0x9b,0x9c,0x9c,0x9d,0x9e,0x9e,0xa0,0xa2,0xa4,0xa4,0xa4,0xac,0xac,0xb0,0xaf,0xa5,0xa6,0xa1,0xac,
	0xca,0xcb,0xcf,0xcf,0x28,0x2d,0x29,0x28,0x27,0x28,0x28,0x28,0x28,0x29,0x28,0x29,0x27,0x28,0x29,0x29,
	0x29,0x2a,0x2a,0x2a,0x29,0x2c,0x68,0x67,0x6b,0x6b,0x6a,0x6a,0x6a,0x69,0x69,0x69,0x69,0x6b,0x6d,0x6a,
	0x6d,0x6b,0x6c,0x69,0x6a,0x6a,0x6b,0x6b,0xa9,0xa9,0xa9,0xa9,0xa9,0xa9,0xa9,0xa9,0xa9,0xa9,0xaa,0xaa,
	0xaa,0xaa,0xaa,0xaa,0xaa,0xaa,0xaa,0xaa,0x4c,0x4f,0x4f,0x51,0x51,0x53,0x50,0x51,0x50,0x51,0x51,0x53,
	0x50,0x50,0x50,0x50,0x50,0x4f,0x4f,0x50,0x53,0x53,0x93,0x90,0x91,0x91,0x91,0x91,0x93,0x91,0x92,0x93,
	0x96,0x93,0x92,0x92,0x92,0x94,0x95,0x97,0x99,0x9b,0x9c,0x9d,0x9d,0x9e,0x9f,0xa0,0xa3,0xa5,0xa6,0xa5,
	0xab,0xa9,0xb2,0xab,0x9f,0x9e,0x8c,0x94,0x94,0x95,0x6e,0x72,0x2f,0x29,0x28,0x28,0x28,0x28,0x28,0x28,
	0x29,0x28,0x28,0x29,0x28,0x29,0x28,0x29,0x3d,0x89,0x67,0x94,0x2d,0x87,0x82,0x78,0x6e,0x97,0x93,0x80,
	0x8e,0x7d,0x78,0x93,0x69,0x6a,0x6c,0x6a,0x6c,0x6a,0x6d,0x69,0x68,0x69,0x6b,0x6b,0xa9,0xa9,0xa9,0xa9,
	0xa9,0xa9,0xa9,0xa9,0xa9,0xaa,0xaa,0xaa,0xaa,0xaa,0xaa,0xaa,0xaa,0xaa,0xaa,0xaa,0x4d,0x4f,0x4f,0x50,
	0x51,0x53,0x4f,0x51,0x4f,0x50,0x50,0x53,0x52,0x51,0x50,0x50,0x50,0x4f,0x4f,0x4f,0x51,0x53,0x92,0x93,
	0x91,0x91,0x90,0x90,0x8f,0x8e,0x8f,0x93,0x95,0x93,0x92,0x92,0x92,0x94,0x95,0x97,0x98,0x9b,0x9c,0x9e,
	0x9e,0x9e,0x9f,0xa1,0xa3,0xa5,0xa8,0xa8,0xaa,0xa9,0xaf,0xa7,0xa4,0xa3,0x8f,0x95,0x90,0x8b,0x7b,0x77,
	0x2b,0x2f,0x2c,0x2e,0x2c,0x29,0x29,0x29,0x29,0x28,0x29,0x29,0x28,0x29,0x28,0x29,0x88,0x64,0x60,0x76,
	0x50,0x69,0x78,0x97,0x93,0x7d,0x78,0x93,0x6a,0x84,0x8b,0x79,0x68,0x69,0x6b,0x68,0x6b,0x6a,0x6c,0x69,
	0x68,0x69,0x6b,0x6b,0xa9,0xa9,0xa9,0xa9,0xa9,0xa9,0xa9,0xa9,0xaa,0xaa,0xaa,0xaa,0xaa,0xaa,0xaa,0xaa,
	0xaa,0xaa,0xaa,0xaa,0x4e,0x50,0x50,0x50,0x51,0x53,0x50,0x51,0x4f,0x51,0x50,0x53,0x50,0x50,0x50,0x50,
	0x4e,0x4c,0x4a,0x4e,0x4d,0x50,0x90,0x91,0x90,0x92,0x91,0x92,0x93,0x94,0x94,0x95,0x94,0x92,0x91,0x90,
	0x92,0x95,0x97,0x98,0x98,0x9a,0x9d,0x9f,0x9e,0x9e,0x9e,0xa0,0xa3,0xa5,0xa8,0xaa,0xab,0xaf,0xaa,0xab,
	0xa3,0xa0,0x92,0x98,0x93,0x90,0x7c,0x79,0x6b,0x6d,0x5e,0x5b,0x2e,0x2a,0x2b,0x2a,0x2a,0x29,0x29,0x29,
	0x29,0x2a,0x29,0x29,0x38,0x73,0x79,0x3e,0x6c,0x94,0x76,0x86,0x85,0x7f,0x8a,0x7f,0x82,0x72,0x94,0x8b,
	0x69,0x6a,0x6c,0x69,0x6b,0x6a,0x6b,0x69,0x68,0x69,0x6b,0x6b,0xa9,0xa9,0xa9,0xa9,0xa8,0xa8,0xa9,0xaa,
	0xaa,0xaa,0xaa,0xaa,0xaa,0xaa,0xaa,0xaa,0xaa,0xaa,0xaa,0xaa,0x51,0x53,0x52,0x52,0x51,0x53,0x51,0x52,
	0x50,0x50,0x51,0x53,0x52,0x50,0x51,0x51,0x50,0x4f,0x4e,0x50,0x4d,0x50,0x91,0x92,0x8f,0x90,0x90,0x8f,
	0x90,0x91,0x92,0x93,0x93,0x91,0x90,0x8f,0x91,0x94,0x98,0x99,0x98,0x9b,0x9e,0x9f,0x9b,0x9d,0x9e,0x9f,
	0xa1,0xa4,0xa7,0xa8,0xa9,0xaa,0xac,0xab,0xa1,0xa1,0x94,0x94,0x8c,0x8a,0x7c,0x79,0x6a,0x6f,0x61,0x5a,
	0x31,0x2e,0x2d,0x2c,0x2a,0x29,0x29,0x29,0x28,0x29,0x29,0x29,0x58,0x98,0x63,0x44,0x57,0x8a,0x85,0x7a,
	0x78,0x7a,0x7a,0x6d,0x8e,0x8a,0x69,0x89,0x6a,0x6b,0x6c,0x69,0x6c,0x6a,0x6b,0x69,0x68,0x69,0x6b,0x6b,
	0xa9,0xa9,0xa8,0xa8,0xa8,0xa9,0xaa,0xaa,0xaa,0xaa,0xaa,0xaa,0xaa,0xaa,0xaa,0xaa,0xaa,0xaa,0xaa,0xaa,
	0x53,0x53,0x53,0x52,0x4f,0x52,0x50,0x50,0x4f,0x4f,0x4f,0x50,0x4f,0x4f,0x50,0x51,0x50,0x4f,0x4e,0x52,
	0x4d,0x51,0x92,0x92,0x91,0x91,0x90,0x90,0x90,0x92,0x92,0x92,0x91,0x91,0x8f,0x90,0x90,0x92,0x95,0x97,
	0x9a,0x9c,0x9e,0x9e,0x92,0x9b,0x9d,0x9d,0x9e,0xa0,0xa3,0xa6,0xa8,0xa8,0xa8,0xaa,0xa2,0xa7,0x98,0x99,
	0x8d,0x88,0x7c,0x7a,0x6b,0x6f,0x61,0x5d,0x52,0x55,0x42,0x3b,0x2c,0x2b,0x2a,0x2a,0x27,0x2d,0x32,0x27,
	0x6e,0x89,0x4f,0x5c,0x77,0x83,0x86,0x87,0x87,0x99,0x83,0x91,0x78,0x6a,0x94,0x8c,0x68,0x6b,0x6d,0x6a,
	0x6c,0x6b,0x6c,0x6a,0x68,0x69,0x6b,0x6b,0xa9,0xa9,0xa9,0xa9,0xa9,0xaa,0xaa,0xaa,0xaa,0xaa,0xaa,0xaa,
	0xaa,0xaa,0xaa,0xaa,0xaa,0xaa,0xaa,0xaa,0x52,0x54,0x52,0x53,0x51,0x53,0x51,0x52,0x52,0x52,0x52,0x54,
	0x50,0x51,0x51,0x51,0x50,0x50,0x50,0x56,0x4c,0x4f,0x92,0x92,0x92,0x91,0x90,0x91,0x91,0x92,0x91,0x91,
	0x92,0x91,0x91,0x91,0x92,0x92,0x8d,0x94,0x9e,0x9e,0x9a,0x9b,0x98,0x97,0x9b,0x9d,0x9c,0x9c,0x9f,0xa4,
	0xa7,0xa9,0xa7,0xa9,0xa2,0xa1,0x94,0x95,0x89,0x88,0x7c,0x7b,0x6c,0x6f,0x62,0x5e,0x52,0x5a,0x47,0x42,
	0x2d,0x2d,0x2c,0x2a,0x28,0x2c,0x2e,0x2b,0x4c,0x32,0x47,0x86,0x88,0x47,0x80,0x97,0x84,0x84,0x7f,0x75,
	0x8f,0x78,0x86,0x8f,0x69,0x6b,0x6d,0x6a,0x6d,0x6b,0x6c,0x6a,0x68,0x69,0x6b,0x6b,0xa9,0xa9,0xa9,0xa9,
	0xaa,0xaa,0xaa,0xaa,0xaa,0xaa,0xaa,0xaa,0xaa,0xaa,0xaa,0xaa,0xaa,0xaa,0xaa,0xaa,0x52,0x52,0x51,0x51,
	0x50,0x50,0x50,0x50,0x50,0x51,0x52,0x53,0x50,0x51,0x50,0x50,0x51,0x51,0x53,0x59,0x49,0x4d,0x8f,0x92,
	0x91,0x90,0x8f,0x91,0x90,0x91,0x91,0x91,0x90,0x8f,0x90,0x91,0x91,0x92,0x90,0x8c,0x91,0x86,0xa2,0x97,
	0x9f,0x9a,0xa2,0x9e,0x9d,0xa0,0xa4,0xa6,0xa7,0xa9,0xa8,0xa8,0xa2,0x9d,0x92,0x93,0x86,0x87,0x7d,0x7b,
	0x6d,0x6f,0x61,0x60,0x54,0x58,0x4a,0x47,0x3f,0x38,0x2c,0x2c,0x27,0x29,0x26,0x2a,0x5c,0x48,0x6b,0x58,
	0x31,0x5d,0x81,0x90,0x85,0x81,0x82,0x8a,0x81,0x68,0x8c,0x91,0x6a,0x6b,0x6d,0x6a,0x6d,0x6b,0x6c,0x69,
	0x68,0x69,0x6a,0x6a,0xa9,0xa9,0xa9,0xa9,0xaa,0xaa,0xaa,0xaa,0xaa,0xaa,0xaa,0xaa,0xaa,0xaa,0xaa,0xaa,
	0xaa,0xaa,0xaa,0xaa,0x51,0x52,0x51,0x51,0x4f,0x4f,0x50,0x50,0x51,0x51,0x51,0x52,0x4f,0x50,0x50,0x50,
	0x50,0x53,0x54,0x56,0x48,0x4c,0x88,0x8a,0x8f,0x8f,0x91,0x93,0x91,0x94,0x92,0x91,0x8d,0x8c,0x8e,0x8f,
	0x8e,0x90,0x8f,0x8d,0x93,0x8a,0xac,0xa3,0xaf,0xa9,0x9f,0x9f,0x9d,0x9f,0xa1,0xa4,0xa6,0xa8,0xa9,0xaa,
	0xa1,0x9d,0x92,0x93,0x85,0x88,0x7c,0x7b,0x6e,0x6e,0x62,0x62,0x56,0x58,0x4c,0x4a,0x43,0x3e,0x30,0x30,
	0x28,0x2a,0x29,0x2a,0x63,0x7e,0x35,0x7d,0x5d,0xa0,0x9d,0x80,0x6b,0x94,0x97,0x9c,0x97,0x6b,0x9d,0x6f,
	0x68,0x6a,0x6c,0x6a,0x6d,0x6b,0x6c,0x69,0x68,0x69,0x6a,0x6a,0xa9,0xa9,0xa9,0xa9,0xaa,0xaa,0xaa,0xaa,
	0xaa,0xaa,0xaa,0xaa,0xaa,0xaa,0xaa,0xaa,0xaa,0xaa,0xaa,0xaa,0x52,0x53,0x52,0x52,0x51,0x52,0x51,0x54,
	0x54,0x53,0x54,0x55,0x52,0x50,0x4f,0x4e,0x50,0x53,0x54,0x54,0x7a,0x76,0x7e,0x83,0x81,0x7e,0x7d,0x7e,
	0x7d,0x7e,0x7c,0x7e,0x82,0x85,0x85,0x85,0x85,0x84,0x86,0x84,0x7f,0x80,0x7d,0x83,0xce,0xd4,0xd2,0xd2,
	0xae,0xa1,0xa0,0xa2,0xa6,0xa7,0xa9,0xaa,0xa1,0x9d,0x92,0x94,0x85,0x89,0x7c,0x7c,0x70,0x6e,0x63,0x64,
	0x56,0x57,0x4c,0x4d,0x44,0x40,0x32,0x33,0x29,0x2b,0x2b,0x2e,0x9b,0x52,0x93,0x86,0x6b,0x6a,0x87,0x80,
	0x7b,0x75,0x75,0x8d,0x6c,0x86,0x85,0x98,0x68,0x6a,0x6c,0x6a,0x6d,0x6b,0x6c,0x69,0x68,0x69,0x6a,0x6a,
	0xa9,0xa9,0xa9,0xa9,0xaa,0xaa,0xaa,0xaa,0xaa,0xaa,0xaa,0xaa,0xaa,0xaa,0xaa,0xaa,0xaa,0xaa,0xaa,0xaa,
	0x51,0x51,0x51,0x51,0x50,0x50,0x51,0x52,0x53,0x53,0x54,0x54,0x53,0x51,0x4f,0x4e,0x4f,0x53,0x53,0x51,
	0x7c,0x79,0x7a,0x7f,0x7f,0x7e,0x7e,0x80,0x80,0x82,0x7f,0x7f,0x80,0x7f,0x7f,0x7f,0x7e,0x7e,0x82,0x81,
	0x80,0x80,0x7d,0x83,0xd2,0xd8,0xd5,0xd5,0xac,0xa4,0xa0,0xa0,0xa6,0xa6,0xa8,0xa9,0xa0,0x9b,0x92,0x94,
	0x85,0x89,0x7c,0x7c,0x70,0x6f,0x64,0x64,0x57,0x57,0x4c,0x4e,0x44,0x3f,0x32,0x33,0x29,0x2b,0x2b,0x2f,
	0x42,0x62,0x5e,0x63,0x66,0x2f,0x8b,0x7d,0x7c,0x6e,0x94,0x92,0x88,0x6d,0x91,0x6b,0x68,0x6a,0x6c,0x6a,
	0x6d,0x6b,0x6c,0x69,0x68,0x69,0x6a,0x6a,0xa9,0xa9,0xa9,0xa9,0xaa,0xaa,0xaa,0xaa,0xaa,0xaa,0xaa,0xaa,
	0xaa,0xaa,0xaa,0xaa,0xaa,0xaa,0xaa,0xaa,0x52,0x52,0x52,0x52,0x51,0x50,0x51,0x52,0x51,0x52,0x52,0x54,
	0x52,0x51,0x4f,0x4d,0x4f,0x54,0x52,0x4f,0x7d,0x7a,0x79,0x7e,0x7f,0x7d,0x7d,0x7f,0x80,0x81,0x7e,0x7f,
	0x80,0x81,0x80,0x7f,0x7f,0x7d,0x82,0x7f,0x7e,0x7d,0x7a,0x80,0xd0,0xd6,0xd3,0xd3,0xd4,0xd9,0xcc,0xd2,
	0xa2,0xa5,0xa9,0xa8,0x9e,0x9c,0x92,0x93,0x84,0x89,0x7c,0x7c,0x71,0x70,0x66,0x65,0x58,0x57,0x4d,0x50,
	0x44,0x3f,0x33,0x33,0x29,0x2b,0x2c,0x30,0x64,0x4f,0x81,0x5a,0x7a,0x5a,0x82,0x76,0x8b,0x79,0x61,0x92,
	0x89,0x86,0x88,0x87,0x68,0x6a,0x6c,0x6b,0x6d,0x6b,0x6b,0x69,0x68,0x69,0x6a,0x6a,0xa9,0xa9,0xa9,0xa9,
	0xaa,0xaa,0xaa,0xaa,0xaa,0xaa,0xaa,0xaa,0xaa,0xaa,0xaa,0xaa,0xaa,0xaa,0xaa,0xaa,0x52,0x52,0x52,0x51,
	0x52,0x52,0x52,0x52,0x51,0x53,0x52,0x53,0x51,0x51,0x50,0x4e,0x4f,0x53,0x51,0x4d,0x7d,0x7a,0x79,0x7e,
	0x80,0x7e,0x80,0x81,0x81,0x83,0x81,0x80,0x7f,0x80,0x7e,0x7d,0x7e,0x7c,0x7f,0x7d,0x7b,0x7b,0x79,0x7f,
	0xcf,0xd5,0xd3,0xd3,0xd4,0xcd,0xd5,0xd0,0xa3,0xa6,0xb1,0xa7,0x9d,0x9d,0x93,0x93,0x84,0x89,0x7c,0x7c,
	0x71,0x70,0x66,0x65,0x58,0x57,0x4d,0x50,0x44,0x3f,0x33,0x33,0x29,0x2b,0x2c,0x30,0x48,0x4f,0x88,0x81,
	0x20,0x51,0x7f,0x6f,0x91,0x93,0x82,0x96,0x68,0x9a,0x78,0x7f,0x69,0x6b,0x6c,0x6b,0x6d,0x6b,0x6b,0x69,
	0x68,0x69,0x6a,0x6a,0xa9,0xa9,0xa9,0xa9,0xaa,0xaa,0xaa,0xaa,0xaa,0xaa,0xaa,0xaa,0xaa,0xaa,0xaa,0xaa,
	0xaa,0xaa,0xaa,0xaa,0x51,0x50,0x51,0x52,0x52,0x51,0x53,0x50,0x50,0x54,0x53,0x53,0x52,0x51,0x51,0x4f,
	0x50,0x54,0x51,0x4d,0x7e,0x7b,0x7a,0x7f,0x81,0x7f,0x7f,0x80,0x80,0x83,0x80,0x7f,0x7e,0x7f,0x7d,0x7d,
	0x80,0x7e,0x81,0x7e,0x7d,0x7d,0x7b,0x81,0xd0,0xd6,0xd3,0xd2,0xd2,0xd1,0xd2,0xd3,0xd0,0xcf,0xd1,0xd1,
	0x99,0x9e,0x9b,0x9d,0x83,0x89,0x7c,0x7c,0x71,0x70,0x66,0x65,0x58,0x57,0x4d,0x50,0x44,0x3f,0x33,0x33,
	0x29,0x2b,0x2c,0x30,0x8f,0x51,0x56,0x92,0x4f,0x5a,0x4d,0x78,0x71,0x88,0x9b,0x87,0x71,0x89,0x80,0x70,
	0x6a,0x6b,0x6b,0x6b,0x6c,0x6b,0x6b,0x69,0x68,0x69,0x6a,0x6a,0xa9,0xa9,0xa9,0xa9,0xaa,0xaa,0xaa,0xaa,
	0xaa,0xaa,0xaa,0xaa,0xaa,0xaa,0xaa,0xaa,0xaa,0xaa,0xaa,0xaa,0x50,0x50,0x52,0x51,0x50,0x51,0x51,0x51,
	0x50,0x52,0x4f,0x51,0x50,0x4f,0x4f,0x4f,0x51,0x54,0x50,0x4c,0x7e,0x7c,0x7a,0x81,0x81,0x7e,0x7e,0x80,
	0x7e,0x82,0x7f,0x7e,0x7d,0x7f,0x7e,0x7e,0x82,0x7f,0x81,0x7d,0x7b,0x7c,0x7a,0x80,0xd0,0xd5,0xd2,0xd1,
	0xd1,0xd0,0xd2,0xd2,0xd2,0xd3,0xd6,0xd6,0x99,0xa3,0x9d,0xa1,0x87,0x87,0x7b,0x7c,0x71,0x70,0x66,0x65,
	0x58,0x57,0x4d,0x50,0x44,0x3f,0x33,0x33,0x29,0x2b,0x2c,0x30,0x79,0x81,0x57,0x5b,0x6c,0x8a,0x99,0x7d,
	0x70,0x6b,0x74,0x95,0x98,0x93,0x7e,0x88,0x6c,0x6b,0x6b,0x6b,0x6c,0x6b,0x6b,0x69,0x68,0x69,0x6a,0x6a,
	0xa9,0xa9,0xa9,0xa9,0xaa,0xaa,0xaa,0xaa,0xaa,0xaa,0xaa,0xaa,0xaa,0xaa,0xaa,0xaa,0xaa,0xaa,0xaa,0xaa,
	0x4f,0x4f,0x51,0x52,0x51,0x52,0x50,0x50,0x51,0x52,0x4f,0x50,0x52,0x53,0x52,0x52,0x52,0x54,0x4f,0x4c,
	0x7d,0x7c,0x7a,0x80,0x80,0x7d,0x7d,0x7e,0x7d,0x80,0x7e,0x7e,0x7f,0x81,0x7f,0x7e,0x83,0x7f,0x7f,0x7c,
	0x7b,0x7c,0x7a,0x7f,0xd0,0xd5,0xd2,0xd1,0xd0,0xd0,0xce,0xd6,0xd3,0xd1,0xd2,0xd4,0xd2,0xd1,0xce,0xcc,
	0x98,0x97,0x77,0x79,0x71,0x70,0x66,0x65,0x58,0x58,0x4d,0x4e,0x44,0x40,0x34,0x33,0x29,0x2b,0x2b,0x2f,
	0x46,0x8b,0x48,0x48,0x9f,0x7a,0x60,0x95,0x95,0x70,0x62,0x7d,0x92,0x95,0x82,0x7e,0x6d,0x6c,0x6c,0x6c,
	0x6c,0x6b,0x6b,0x68,0x68,0x69,0x6a,0x6a,0xaa,0xaa,0xa9,0xaa,0xaa,0xaa,0xaa,0xaa,0xaa,0xaa,0xaa,0xaa,
	0xaa,0xaa,0xaa,0xaa,0xaa,0xaa,0xaa,0xaa,0x51,0x50,0x52,0x53,0x53,0x53,0x50,0x4f,0x51,0x53,0x4f,0x51,
	0x4e,0x4f,0x4c,0x4d,0x52,0x53,0x50,0x4c,0x7c,0x7c,0x7a,0x7f,0x7f,0x7d,0x7c,0x7d,0x7b,0x7e,0x7c,0x7d,
	0x7d,0x7f,0x7e,0x7d,0x81,0x7e,0x7f,0x7c,0x7b,0x7c,0x7a,0x7e,0xd0,0xd4,0xd2,0xd1,0xd0,0xd0,0xce,0xd6,
	0xd3,0xd0,0xd1,0xd3,0xd4,0xd5,0xd3,0xd1,0x98,0x9c,0x7b,0x79,0x70,0x70,0x65,0x65,0x59,0x59,0x4e,0x4e,
	0x45,0x41,0x35,0x34,0x2a,0x2b,0x2b,0x2f,0x94,0x3a,0x8f,0x58,0x76,0x95,0x66,0x86,0x86,0x90,0x7a,0x67,
	0x7b,0x7b,0x87,0x8e,0x6f,0x6e,0x6e,0x6f,0x6c,0x6c,0x6b,0x69,0x68,0x69,0x6a,0x6a,0xab,0xab,0xaa,0xab,
	0xab,0xaa,0xaa,0xaa,0xaa,0xaa,0xaa,0xaa,0xaa,0xaa,0xaa,0xaa,0xaa,0xaa,0xaa,0xaa,0x51,0x50,0x53,0x53,
	0x54,0x54,0x4e,0x4d,0x52,0x53,0x50,0x51,0x51,0x51,0x58,0x57,0x53,0x54,0x55,0x56,0x7c,0x7d,0x7e,0x80,
	0x7e,0x7e,0x7d,0x7c,0x7c,0x7e,0x7c,0x7e,0x7e,0x7d,0x7d,0x7c,0x80,0x7e,0x82,0x7b,0x7b,0x7b,0x7a,0x7e,
	0xd0,0xd4,0xd3,0xd1,0xd1,0xd1,0xce,0xd6,0xd3,0xd0,0xd1,0xd2,0xd3,0xd3,0xd1,0xcf,0xd2,0xd2,0xd1,0xd2,
	0x68,0x6d,0x5e,0x5b,0x59,0x58,0x4d,0x4a,0x45,0x42,0x36,0x35,0x29,0x2c,0x2c,0x30,0x33,0x35,0x38,0x3c,
	0x3f,0x42,0x45,0x48,0x4e,0x50,0x53,0x56,0x5a,0x5d,0x5f,0x60,0x8a,0x7c,0x79,0x8e,0x7c,0x84,0x90,0x6b,
	0x9d,0x88,0x89,0x83,0xaa,0xa9,0xaa,0xa9,0xaa,0xaa,0xaa,0xaa,0xaa,0xaa,0xaa,0xaa,0xaa,0xaa,0xaa,0xaa,
	0xaa,0xaa,0xaa,0xaa,0x50,0x4e,0x53,0x53,0x54,0x54,0x4e,0x4d,0x53,0x54,0x50,0x52,0x52,0x51,0x58,0x57,
	0x55,0x56,0x57,0x57,0x7c,0x7e,0x80,0x80,0x7e,0x80,0x7e,0x7c,0x7e,0x81,0x7e,0x80,0x7f,0x7d,0x7e,0x7c,
	0x7f,0x7e,0x84,0x7d,0x7c,0x7b,0x7a,0x7d,0xd1,0xd4,0xd3,0xd1,0xd1,0xd1,0xce,0xd6,0xd3,0xd0,0xd0,0xd2,
	0xd4,0xd5,0xd7,0xd2,0xd2,0xd2,0xd0,0xd2,0x67,0x67,0x5b,0x57,0x58,0x57,0x4b,0x47,0x45,0x42,0x36,0x34,
	0x28,0x2c,0x2c,0x32,0x35,0x36,0x38,0x3b,0x3f,0x42,0x45,0x47,0x4d,0x4f,0x52,0x55,0x59,0x5c,0x5e,0x5f,
	0x7b,0x89,0x75,0x87,0x93,0x7b,0x7b,0x7d,0x8b,0x78,0x87,0x87,0xa3,0x94,0xa8,0xa6,0xa7,0xa9,0xaa,0xaa,
	0xaa,0xaa,0xaa,0xaa,0xaa,0xaa,0xaa,0xaa,0xaa,0xaa,0xaa,0xaa,0x50,0x4e,0x53,0x54,0x54,0x54,0x4e,0x4e,
	0x55,0x56,0x51,0x52,0x50,0x4f,0x57,0x56,0x53,0x55,0x58,0x58,0x7c,0x7e,0x80,0x81,0x7f,0x82,0x7f,0x7d,
	0x7e,0x7f,0x7e,0x7f,0x7f,0x7c,0x7d,0x7b,0x7e,0x7c,0x83,0x7d,0x7d,0x7b,0x7b,0x7d,0xd1,0xd3,0xd3,0xd1,
	0xd1,0xd1,0xce,0xd6,0xd3,0xd0,0xd0,0xd1,0xd2,0xd3,0xd4,0xcf,0xce,0xcf,0xce,0xd0,0x29,0x2a,0x2c,0x34,
	0x55,0x54,0x48,0x44,0x45,0x43,0x37,0x34,0x27,0x2c,0x2d,0x33,0x36,0x37,0x39,0x3c,0x3f,0x42,0x45,0x47,
	0x4d,0x4f,0x52,0x55,0x59,0x5c,0x5e,0x60,0x69,0x8a,0x89,0x88,0x90,0x7a,0x96,0x77,0x78,0x8c,0x7f,0x68,
	0xa4,0x9e,0x92,0xa6,0xad,0xab,0xaa,0xaa,0xaa,0xaa,0xaa,0xaa,0xaa,0xaa,0xaa,0xaa,0xaa,0xaa,0xaa,0xaa,
	0x4f,0x4d,0x51,0x53,0x53,0x54,0x4e,0x4f,0x56,0x56,0x51,0x50,0x4e,0x4c,0x56,0x55,0x52,0x54,0x58,0x58,
	0x79,0x7a,0x7d,0x7f,0x7d,0x81,0x7d,0x7d,0x7d,0x80,0x7f,0x7f,0x7f,0x7d,0x7e,0x7c,0x7e,0x7c,0x83,0x7d,
	0x7d,0x7b,0x7b,0x7d,0xd1,0xd3,0xd3,0xd1,0xd1,0xd1,0xce,0xd6,0xd3,0xd1,0xcf,0xd0,0xd1,0xd1,0xd3,0xd0,
	0xd0,0xd3,0xd3,0xd6,0x28,0x29,0x2b,0x31,0x53,0x51,0x3e,0x3e,0x44,0x41,0x36,0x33,0x27,0x2d,0x2e,0x33,
	0x36,0x37,0x39,0x3c,0x3f,0x42,0x45,0x48,0x4e,0x50,0x53,0x56,0x5a,0x5d,0x5f,0x60,0x71,0x80,0x7e,0x77,
	0x92,0x94,0x8f,0x84,0x9c,0x7b,0x9b,0x83,0x98,0x9d,0x9c,0xa6,0xaa,0xaa,0xaa,0xaa,0xaa,0xaa,0xaa,0xaa,
	0xaa,0xaa,0xaa,0xaa,0xaa,0xaa,0xaa,0xaa,0x4d,0x4c,0x50,0x51,0x51,0x53,0x4e,0x4f,0x55,0x55,0x50,0x4e,
	0x4c,0x4a,0x57,0x56,0x52,0x55,0x59,0x58,0x79,0x7a,0x7c,0x7f,0x7f,0x80,0x7c,0x7c,0x7a,0x7e,0x7d,0x7e,
	0x7e,0x7e,0x80,0x7e,0x7f,0x7e,0x84,0x81,0x7f,0x7b,0x7b,0x7d,0xd1,0xd3,0xd3,0xd1,0xd1,0xd2,0xcf,0xd6,
	0xd2,0xd1,0xd1,0xd2,0xd1,0xd0,0xd3,0xd0,0xd0,0xd3,0xd2,0xd5,0x2a,0x2a,0x29,0x29,0x2e,0x2c,0x30,0x35,
	0x3d,0x3e,0x35,0x34,0x28,0x2e,0x2e,0x33,0x36,0x37,0x39,0x3c,0x3f,0x42,0x45,0x48,0x4e,0x50,0x53,0x56,
	0x5a,0x5d,0x5f,0x60,0x7b,0x85,0x78,0x78,0x78,0x6b,0x7c,0x8f,0x6d,0x7a,0x94,0x8b,0xa7,0xa1,0xa4,0xa2,
	0xa7,0xa9,0xaa,0xaa,0xaa,0xaa,0xaa,0xaa,0xaa,0xaa,0xaa,0xaa,0xaa,0xaa,0xaa,0xaa,0x4f,0x4d,0x51,0x51,
	0x51,0x53,0x4e,0x4f,0x54,0x53,0x4e,0x4b,0x49,0x46,0x56,0x56,0x53,0x56,0x5b,0x5a,0x7c,0x7d,0x7f,0x82,
	0x82,0x83,0x7f,0x7e,0x7a,0x7e,0x7a,0x7d,0x7d,0x7d,0x7d,0x7b,0x7d,0x7d,0x84,0x81,0x7f,0x7b,0x7b,0x7d,
	0xd1,0xd3,0xd3,0xd1,0xd0,0xd2,0xcf,0xd5,0xd2,0xd1,0xd0,0xd1,0xd2,0xd1,0xd4,0xd1,0xcf,0xd1,0xd0,0xd2,
	0x2a,0x29,0x28,0x28,0x2a,0x29,0x29,0x2e,0x33,0x37,0x32,0x34,0x2a,0x2e,0x2c,0x31,0x34,0x35,0x38,0x3b,
	0x3f,0x42,0x45,0x48,0x4e,0x50,0x53,0x56,0x5a,0x5d,0x5f,0x60,0x83,0x8a,0x86,0x7d,0x81,0x93,0x86,0x70,
	0x84,0x81,0x8f,0x91,0xa7,0xb4,0xa4,0x92,0xa7,0xa9,0xaa,0xaa,0xaa,0xaa,0xaa,0xaa,0xaa,0xaa,0xaa,0xaa,
	0xaa,0xaa,0xaa,0xaa,0x53,0x51,0x53,0x52,0x52,0x53,0x50,0x50,0x53,0x51,0x4c,0x49,0x45,0x43,0x57,0x57,
	0x58,0x5a,0x5d,0x5c,0x7c,0x7c,0x7c,0x7f,0x7d,0x81,0x7f,0x7f,0x7d,0x82,0x81,0x82,0x81,0x7f,0x7f,0x7c,
	0x7d,0x7d,0x82,0x81,0x80,0x7c,0x7c,0x7e,0xd0,0xd2,0xd2,0xd1,0xd0,0xd2,0xcf,0xd5,0xd1,0xd1,0xd0,0xd1,
	0xd2,0xd1,0xd5,0xd3,0xd1,0xd3,0xd2,0xd2,0x2a,0x29,0x28,0x29,0x2a,0x2b,0x29,0x28,0x29,0x2c,0x2d,0x33,
	0x2a,0x2e,0x2a,0x2f,0x32,0x34,0x37,0x3a,0x3f,0x40,0x45,0x48,0x4d,0x4f,0x52,0x55,0x58,0x5b,0x5e,0x60,
	0x73,0x82,0x7b,0x68,0x82,0x8c,0x78,0x96,0x84,0x74,0x86,0x6e,0x9b,0x92,0xa7,0xa3,0xa7,0xa9,0xaa,0xaa,
	0xa9,0xa9,0xa9,0xa9,0xa9,0xa9,0xa9,0xa9,0xa9,0xa9,0xa9,0xa9,0x53,0x51,0x53,0x52,0x52,0x53,0x52,0x52,
	0x54,0x51,0x4f,0x4b,0x48,0x47,0x5d,0x5f,0x5d,0x5c,0x5c,0x5b,0x7d,0x7c,0x7f,0x7e,0x7b,0x7e,0x7e,0x7d,
	0x79,0x7e,0x7e,0x7f,0x80,0x80,0x81,0x7e,0x7f,0x80,0x83,0x81,0x81,0x7d,0x7d,0x7f,0xcf,0xd1,0xd2,0xd1,
	0xd1,0xd3,0xd0,0xd5,0xd1,0xd2,0xd2,0xd3,0xd2,0xd1,0xd3,0xd2,0xd1,0xd3,0xd1,0xd2,0x2b,0x29,0x29,0x29,
	0x29,0x29,0x2a,0x29,0x26,0x29,0x29,0x2c,0x28,0x2a,0x2a,0x2e,0x32,0x36,0x3a,0x39,0x40,0x3f,0x45,0x49,
	0x4c,0x4e,0x52,0x55,0x57,0x5a,0x5d,0x60,0x76,0x98,0x92,0x80,0x87,0x8f,0x72,0x79,0x86,0x80,0x91,0x70,
	0xa6,0x9d,0xa3,0xad,0xad,0xab,0xaa,0xaa,0xa8,0xa8,0xa8,0xa8,0xa9,0xa9,0xa9,0xa9,0xa9,0xa9,0xa9,0xa9,
	0x50,0x4f,0x50,0x50,0x4f,0x51,0x51,0x53,0x54,0x53,0x52,0x52,0x51,0x50,0x48,0x47,0x41,0x46,0x4a,0x4b,
	0x4c,0x4c,0x8e,0x93,0x93,0x95,0x97,0x97,0x8f,0x91,0x92,0x92,0x91,0x90,0x8f,0x8c,0x8d,0x8c,0x8e,0x8d,
	0x89,0x8b,0x8d,0x94,0xcb,0xcd,0xd1,0xd0,0xcf,0xd3,0xd0,0xd4,0xd0,0xd2,0xd2,0xd2,0xd3,0xd3,0xd4,0xd1,
	0xd2,0xd3,0xd0,0xd1,0x2a,0x29,0x29,0x29,0x28,0x29,0x2a,0x29,0x28,0x28,0x26,0x28,0x27,0x29,0x29,0x2c,
	0x30,0x34,0x39,0x35,0x41,0x3f,0x46,0x4b,0x4a,0x4c,0x51,0x54,0x56,0x58,0x5c,0x5f,0x90,0x82,0x7d,0x6c,
	0x9b,0x7c,0x72,0x74,0x84,0x87,0x65,0x86,0x96,0x66,0x87,0x7c,0xaa,0xa9,0xad,0xab,0xa7,0xa7,0xa8,0xa8,
	0xa8,0xa8,0xa8,0xa8,0xa8,0xa8,0xa8,0xa8,0x51,0x50,0x4f,0x51,0x50,0x50,0x51,0x53,0x54,0x53,0x53,0x55,
	0x55,0x55,0x4e,0x4c,0x4a,0x4c,0x4d,0x4e,0x50,0x4e,0x91,0x92,0x90,0x92,0x93,0x93,0x8c,0x8e,0x8e,0x8f,
	0x90,0x90,0x90,0x8f,0x90,0x8f,0x8e,0x8d,0x8d,0x8d,0x8f,0x95,0xcc,0xcd,0xd0,0xd1,0xcf,0xd3,0xd0,0xd4,
	0xd0,0xd1,0xd1,0xd2,0xd3,0xd5,0xd7,0xd2,0xd2,0xd2,0xd0,0xd2,0x28,0x28,0x29,0x29,0x28,0x29,0x29,0x29,
	0x29,0x29,0x27,0x29,0x2a,0x2a,0x29,0x29,0x2c,0x30,0x35,0x33,0x45,0x3f,0x48,0x48,0x49,0x4b,0x50,0x53,
	0x56,0x58,0x5b,0x5f,0x84,0x6f,0x85,0x85,0x82,0x78,0x7d,0x78,0x8e,0x6e,0x95,0x7d,0x72,0x82,0x71,0x9b,
	0xa8,0xa2,0xa7,0xa1,0xa7,0xa6,0xa7,0xa9,0xa9,0xa9,0xa9,0xa8,0xa8,0xa7,0xa6,0xa5,0x53,0x51,0x52,0x52,
	0x51,0x51,0x52,0x52,0x52,0x51,0x52,0x55,0x54,0x56,0x51,0x51,0x4f,0x51,0x51,0x51,0x52,0x4f,0x90,0x91,
	0x8c,0x8e,0x91,0x92,0x8c,0x8f,0x91,0x91,0x92,0x91,0x91,0x90,0x91,0x90,0x8f,0x8f,0x8f,0x90,0x92,0x97,
	0xd2,0xd0,0xd2,0xd2,0xcf,0xd3,0xd0,0xd4,0xd0,0xd1,0xd1,0xd1,0xd2,0xd3,0xd4,0xcf,0xce,0xcf,0xce,0xd0,
	0x26,0x27,0x29,0x2a,0x29,0x29,0x29,0x29,0x29,0x2a,0x28,0x2a,0x2a,0x2a,0x29,0x28,0x29,0x2b,0x2f,0x30,
	0x43,0x3e,0x4c,0x47,0x48,0x4b,0x4f,0x53,0x56,0x57,0x5a,0x5f,0x7e,0x82,0x7d,0x7f,0x93,0x7e,0x6d,0x98,
	0x78,0x77,0x7e,0x69,0x71,0x64,0x6e,0x93,0x5b,0x5c,0x55,0x61,0xab,0xa7,0xaa,0xb1,0xb1,0xad,0xac,0xaa,
	0xa8,0xa6,0xa4,0xa3,0x52,0x51,0x51,0x51,0x51,0x52,0x52,0x51,0x51,0x4f,0x51,0x53,0x52,0x54,0x4f,0x51,
	0x4f,0x50,0x50,0x51,0x53,0x51,0x92,0x93,0x90,0x90,0x93,0x94,0x8d,0x91,0x92,0x90,0x8f,0x8d,0x8c,0x8d,
	0x8f,0x90,0x8f,0x90,0x90,0x91,0x92,0x95,0xd3,0xd0,0xd1,0xd0,0xcf,0xd3,0xd0,0xd4,0xd0,0xd0,0xd1,0xd2,
	0xd1,0xd1,0xd3,0xd0,0xd0,0xd3,0xd3,0xd6,0x26,0x28,0x28,0x2a,0x29,0x29,0x29,0x29,0x2a,0x2b,0x29,0x2a,
	0x2b,0x2b,0x29,0x27,0x27,0x29,0x2b,0x2b,0x3a,0x36,0x54,0x50,0x4d,0x4e,0x50,0x53,0x55,0x58,0x5b,0x5e,
	0x77,0x6a,0x8a,0x9a,0x73,0x7f,0x89,0x65,0x71,0x98,0x86,0x6b,0x95,0x8b,0x87,0x83,0x57,0x55,0x5a,0x55,
	0x9e,0xa7,0xab,0xaa,0xaf,0xad,0xac,0xaa,0xa8,0xa6,0xa4,0xa3,0x50,0x50,0x50,0x51,0x51,0x52,0x53,0x52,
	0x50,0x4e,0x4f,0x50,0x4f,0x50,0x4e,0x4f,0x4c,0x4d,0x4f,0x51,0x52,0x51,0x92,0x92,0x91,0x91,0x92,0x93,
	0x8e,0x90,0x93,0x91,0x8f,0x8e,0x8e,0x8f,0x91,0x91,0x90,0x90,0x90,0x90,0x91,0x93,0xd3,0xcf,0xd1,0xd1,
	0xd1,0xd3,0xd0,0xd3,0xd0,0xd0,0xd1,0xd2,0xd1,0xd0,0xd3,0xd0,0xd0,0xd3,0xd2,0xd5,0x27,0x29,0x29,0x2a,
	0x28,0x28,0x29,0x2a,0x2b,0x2b,0x29,0x2a,0x2b,0x2b,0x29,0x28,0x27,0x2a,0x2a,0x28,0x2d,0x2c,0x5e,0x61,
	0x54,0x54,0x54,0x54,0x57,0x58,0x5c,0x60,0x73,0x84,0x9b,0x84,0x8c,0x9d,0x8a,0x8f,0x7c,0x67,0x6b,0x77,
	0x91,0x8e,0x8e,0x77,0x5b,0x5d,0x4e,0x52,0x53,0x58,0x55,0x5b,0xac,0xb1,0xb0,0xae,0xad,0xab,0xaa,0xaa,
	0x4f,0x50,0x50,0x51,0x50,0x53,0x52,0x52,0x50,0x4d,0x4e,0x4e,0x4e,0x4e,0x4c,0x4f,0x4d,0x4e,0x50,0x50,
	0x52,0x4f,0x8f,0x90,0x8f,0x90,0x90,0x91,0x8b,0x90,0x92,0x91,0x90,0x90,0x90,0x91,0x91,0x90,0x90,0x90,
	0x90,0x90,0x92,0x93,0xd4,0xce,0xd1,0xd0,0xd1,0xd4,0xd0,0xd3,0xd0,0xd0,0xd1,0xd2,0xd2,0xd1,0xd4,0xd1,
	0xcf,0xd1,0xd0,0xd2,0x27,0x29,0x29,0x2a,0x29,0x28,0x29,0x2a,0x2b,0x2a,0x28,0x29,0x2a,0x2a,0x29,0x29,
	0x2a,0x2d,0x2b,0x28,0x25,0x26,0x66,0x6e,0x5d,0x5c,0x59,0x57,0x58,0x5a,0x5c,0x61,0x8e,0x8a,0x79,0x74,
	0x79,0x6e,0x8e,0x8f,0x98,0x91,0x81,0x8c,0x72,0x85,0x94,0x73,0x5a,0x5a,0x57,0x54,0x4f,0x53,0x57,0x60,
	0xa0,0xa7,0xa8,0xa8,0xa8,0xa8,0xa9,0xa9,0x4f,0x4e,0x4e,0x50,0x50,0x51,0x53,0x52,0x50,0x4f,0x50,0x50,
	0x4e,0x50,0x4e,0x4f,0x4f,0x50,0x52,0x52,0x54,0x50,0x8f,0x91,0x90,0x90,0x90,0x90,0x8b,0x8e,0x90,0x90,
	0x8f,0x90,0x91,0x91,0x91,0x90,0x8f,0x90,0x91,0x92,0x94,0x94,0xd5,0xd0,0xd2,0xd1,0xd2,0xd3,0xd2,0xd3,
	0xd1,0xd1,0xd1,0xd2,0xd2,0xd1,0xd5,0xd3,0xd1,0xd3,0xd2,0xd2,0x27,0x2a,0x29,0x2a,0x29,0x28,0x29,0x2a,
	0x2a,0x2a,0x29,0x29,0x2a,0x29,0x29,0x29,0x2a,0x2e,0x2b,0x2a,0x28,0x28,0x6c,0x6e,0x64,0x63,0x5e,0x5b,
	0x5d,0x5d,0x5c,0x5e,0x84,0x65,0x92,0x73,0x85,0x8b,0x6f,0x70,0x8b,0x95,0x7e,0x8e,0x74,0x7c,0x70,0x70,
	0x59,0x58,0x58,0x53,0x53,0x52,0x5a,0x4f,0x5b,0x5a,0x6e,0x7e,0xa3,0xae,0xb0,0xb1,0x4e,0x4d,0x4f,0x4f,
	0x50,0x51,0x52,0x52,0x50,0x50,0x50,0x51,0x51,0x52,0x51,0x52,0x51,0x52,0x54,0x54,0x54,0x50,0x91,0x93,
	0x90,0x8f,0x91,0x90,0x8c,0x8e,0x90,0x91,0x91,0x91,0x92,0x92,0x92,0x8f,0x90,0x90,0x90,0x92,0x94,0x94,
	0xd6,0xd4,0xd5,0xd3,0xd3,0xd3,0xd4,0xd3,0xd2,0xd3,0xd3,0xd3,0xd2,0xd0,0xd2,0xd2,0xd2,0xd3,0xd2,0xd2,
	0x27,0x2a,0x29,0x2b,0x2a,0x29,0x29,0x29,0x29,0x2a,0x29,0x29,0x2a,0x29,0x29,0x2a,0x29,0x2c,0x2a,0x2d,
	0x2b,0x2a,0x6e,0x6b,0x68,0x68,0x65,0x62,0x64,0x63,0x62,0x63,0x85,0x80,0x78,0x73,0x7a,0x83,0x8b,0x7a,
	0x78,0x82,0x6c,0x7e,0x65,0x96,0x96,0x79,0x59,0x58,0x58,0x57,0x57,0x4c,0x5a,0x54,0x56,0x58,0x67,0x70,
	0x93,0x9d,0xa0,0xa1,0x4f,0x4f,0x50,0x4f,0x50,0x51,0x52,0x52,0x50,0x50,0x51,0x51,0x51,0x52,0x52,0x52,
	0x51,0x51,0x53,0x54,0x53,0x51,0x91,0x94,0x90,0x90,0x91,0x91,0x8f,0x91,0x91,0x92,0x93,0x93,0x93,0x92,
	0x93,0x90,0x91,0x91,0x90,0x92,0x94,0x93,0xd4,0xd4,0xd5,0xd2,0xd0,0xd1,0xd4,0xd4,0xd3,0xd3,0xd3,0xd4,
	0xcf,0xcf,0xd1,0xd2,0xd2,0xd3,0xd2,0xd1,0x27,0x2a,0x29,0x2c,0x2b,0x29,0x29,0x29,0x2a,0x29,0x2a,0x2a,
	0x2b,0x29,0x29,0x2a,0x28,0x2b,0x29,0x2d,0x2b,0x29,0x6f,0x6a,0x69,0x6a,0x69,0x69,0x68,0x67,0x66,0x67,
	0x6c,0x6c,0x6a,0x6d,0x6a,0x6a,0x6a,0x6b,0x69,0x66,0x64,0x63,0x62,0x5f,0x5d,0x5b,0x5a,0x59,0x58,0x57,
	0x53,0x54,0x4e,0x48,0x5f,0x5f,0x65,0x69,0x81,0x82,0x82,0x82,0x51,0x4f,0x52,0x51,0x52,0x52,0x52,0x53,
	0x51,0x50,0x50,0x51,0x50,0x50,0x51,0x52,0x52,0x51,0x52,0x54,0x52,0x51,0x91,0x93,0x90,0x92,0x92,0x93,
	0x92,0x93,0x93,0x94,0x93,0x93,0x93,0x92,0x93,0x90,0x90,0x91,0x8f,0x92,0x93,0x92,0xd0,0xd2,0xd0,0xce,
	0xcb,0xcc,0xd0,0xd1,0xcf,0xcf,0xd0,0xd3,0xce,0xce,0xd1,0xd3,0xd4,0xd4,0xd4,0xd3,0x28,0x2c,0x29,0x2b,
	0x2a,0x28,0x29,0x28,0x2b,0x29,0x2a,0x2b,0x2a,0x29,0x2a,0x2b,0x28,0x2a,0x29,0x2c,0x29,0x28,0x6e,0x6b,
	0x69,0x6a,0x6a,0x6b,0x68,0x69,0x69,0x68,0x69,0x6a,0x6a,0x6b,0x6a,0x6a,0x6a,0x69,0x68,0x66,0x65,0x63,
	0x61,0x5e,0x5c,0x5b,0x5a,0x58,0x57,0x56,0x51,0x53,0x4d,0x4f,0x5e,0x5c,0x66,0x66,0x78,0x76,0x76,0x76,
	0x50,0x4f,0x50,0x4f,0x52,0x52,0x51,0x53,0x51,0x50,0x51,0x52,0x50,0x4f,0x50,0x51,0x52,0x51,0x52,0x52,
	0x52,0x52,0x92,0x93,0x8f,0x92,0x92,0x92,0x90,0x92,0x91,0x91,0x92,0x92,0x93,0x92,0x92,0x90,0x8f,0x90,
	0x8f,0x91,0x92,0x92,0xd0,0xd4,0xd2,0xd0,0xce,0xce,0xd1,0xd1,0xcf,0xcf,0xd0,0xd4,0xd0,0xd0,0xd2,0xd3,
	0xd4,0xd2,0xd1,0xd0,0x29,0x2c,0x28,0x2a,0x29,0x28,0x29,0x29,0x2c,0x29,0x2a,0x2b,0x29,0x28,0x2b,0x2c,
	0x28,0x2a,0x29,0x2a,0x27,0x28,0x6d,0x6d,0x69,0x69,0x6b,0x6c,0x68,0x6a,0x6a,0x69,0x69,0x69,0x6a,0x6a,
	0x6a,0x6a,0x68,0x67,0x67,0x66,0x65,0x62,0x60,0x5d,0x5b,0x5a,0x59,0x58,0x57,0x56,0x54,0x55,0x4e,0x50,
	0x5e,0x5b,0x67,0x65,0x75,0x72,0x72,0x72,0x50,0x4d,0x50,0x4f,0x53,0x52,0x51,0x52,0x50,0x51,0x50,0x51,
	0x4f,0x50,0x50,0x52,0x52,0x50,0x51,0x50,0x51,0x51,0x91,0x92,0x8f,0x91,0x92,0x91,0x90,0x91,0x91,0x92,
	0x93,0x94,0x96,0x93,0x93,0x91,0x8e,0x8f,0x8f,0x92,0x92,0x93,0xd2,0xd6,0xd4,0xd2,0xd1,0xd1,0xd3,0xd3,
	0xd1,0xd2,0xd2,0xd5,0xd3,0xd1,0xd3,0xd4,0xd5,0xd4,0xd3,0xd2,0x2a,0x2d,0x28,0x29,0x28,0x28,0x28,0x29,
	0x2c,0x29,0x29,0x2a,0x29,0x28,0x2b,0x2d,0x29,0x2b,0x29,0x29,0x27,0x28,0x6d,0x6d,0x6a,0x69,0x6a,0x6c,
	0x68,0x6a,0x6a,0x6a,0x6a,0x6a,0x6a,0x6a,0x6a,0x6a,0x69,0x68,0x67,0x66,0x64,0x61,0x5f,0x5d,0x5b,0x5a,
	0x58,0x57,0x56,0x55,0x54,0x55,0x4e,0x50,0x5d,0x5b,0x66,0x64,0x76,0x73,0x73,0x73,0x50,0x4e,0x51,0x50,
	0x53,0x52,0x52,0x52,0x50,0x51,0x4f,0x51,0x4f,0x50,0x51,0x51,0x51,0x50,0x4f,0x4f,0x50,0x50,0x91,0x91,
	0x8f,0x91,0x92,0x92,0x91,0x91,0x8f,0x90,0x92,0x93,0x94,0x91,0x91,0x90,0x8e,0x8f,0x90,0x94,0x92,0x93,
	0xd3,0xd7,0xd4,0xd1,0xd2,0xd2,0xd2,0xd1,0xd1,0xd1,0xd0,0xd4,0xd2,0xd0,0xd1,0xd2,0xd5,0xd4,0xd4,0xd4,
	0x2a,0x2c,0x27,0x28,0x28,0x28,0x28,0x29,0x2c,0x28,0x29,0x2a,0x28,0x28,0x2b,0x2d,0x29,0x2b,0x29,0x29,
	0x27,0x29,0x6c,0x6d,0x6a,0x68,0x69,0x6b,0x67,0x6a,0x6b,0x6a,0x6a,0x6a,0x6a,0x6a,0x6a,0x6a,0x69,0x69,
	0x68,0x66,0x63,0x60,0x5f,0x5d,0x5b,0x5a,0x58,0x57,0x55,0x54,0x53,0x54,0x50,0x52,0x5c,0x5b,0x66,0x65,
	0x79,0x79,0x79,0x79,0x51,0x4e,0x51,0x51,0x54,0x52,0x52,0x53,0x51,0x52,0x50,0x52,0x52,0x51,0x52,0x52,
	0x52,0x50,0x50,0x4f,0x51,0x50,0x91,0x91,0x8f,0x92,0x92,0x93,0x91,0x92,0x91,0x90,0x90,0x90,0x92,0x8f,
	0x91,0x91,0x8e,0x90,0x92,0x95,0x91,0x91,0xd2,0xd6,0xd2,0xd0,0xd2,0xd2,0xd0,0xd0,0xd0,0xd1,0xcf,0xd3,
	0xd2,0xcf,0xcf,0xd0,0xd3,0xd3,0xd3,0xd4,0x29,0x2b,0x27,0x29,0x29,0x29,0x29,0x29,0x2b,0x28,0x29,0x2a,
	0x28,0x27,0x2a,0x2c,0x28,0x2b,0x2a,0x2a,0x28,0x29,0x6c,0x6c,0x69,0x67,0x68,0x6b,0x68,0x6a,0x6b,0x6a,
	0x69,0x69,0x6a,0x6a,0x6a,0x6a,0x69,0x69,0x67,0x65,0x62,0x60,0x5f,0x5d,0x5b,0x5a,0x58,0x56,0x54,0x54,
	0x53,0x54,0x52,0x53,0x5b,0x5c,0x66,0x67,0x7b,0x7c,0x7c,0x7c,0x50,0x4e,0x50,0x51,0x54,0x53,0x53,0x53,
	0x52,0x52,0x51,0x53,0x53,0x53,0x53,0x52,0x53,0x51,0x50,0x50,0x51,0x51,0x91,0x91,0x90,0x92,0x93,0x91,
	0x91,0x91,0x91,0x91,0x91,0x90,0x92,0x90,0x93,0x94,0x90,0x92,0x93,0x94,0x8f,0x8e,0xd0,0xd5,0xd1,0xd0,
	0xd4,0xd3,0xd1,0xd1,0xd1,0xd3,0xd0,0xd4,0xd4,0xd0,0xd0,0xd0,0xd3,0xd2,0xd2,0xd3,0x27,0x28,0x27,0x28,
	0x28,0x2a,0x29,0x29,0x2a,0x28,0x29,0x2a,0x2a,0x27,0x2a,0x2b,0x27,0x2a,0x2a,0x29,0x29,0x2a,0x6c,0x6b,
	0x68,0x67,0x68,0x6b,0x68,0x6a,0x6a,0x69,0x69,0x69,0x6a,0x6a,0x6a,0x6a,0x69,0x68,0x67,0x65,0x63,0x61,
	0x60,0x5e,0x5c,0x59,0x56,0x54,0x53,0x55,0x53,0x54,0x54,0x54,0x59,0x5f,0x65,0x66,0x76,0x74,0x74,0x74,
	0x51,0x4d,0x50,0x50,0x54,0x53,0x52,0x54,0x52,0x52,0x50,0x53,0x52,0x51,0x51,0x51,0x52,0x50,0x4e,0x4e,
	0x50,0x52,0x92,0x91,0x90,0x93,0x94,0x92,0x91,0x92,0x91,0x91,0x90,0x90,0x92,0x90,0x93,0x94,0x90,0x92,
	0x93,0x94,0x8f,0x8e,0xd0,0xd5,0xd1,0xd0,0xd4,0xd3,0xd1,0xd1,0xd1,0xd3,0xd0,0xd4,0xd4,0xd0,0xd0,0xd0,
	0xd3,0xd2,0xd2,0xd3,0x26,0x27,0x26,0x28,0x29,0x2b,0x2b,0x29,0x2a,0x29,0x2a,0x2b,0x2a,0x27,0x29,0x29,
	0x26,0x29,0x29,0x29,0x29,0x2a,0x6b,0x6b,0x69,0x67,0x68,0x6b,0x69,0x69,0x69,0x69,0x69,0x69,0x6a,0x6a,
	0x6a,0x6a,0x68,0x66,0x67,0x66,0x65,0x63,0x62,0x60,0x5e,0x59,0x57,0x54,0x52,0x55,0x52,0x53,0x54,0x55,
	0x57,0x5f,0x63,0x63,0x71,0x72,0x75,0x74,0x51,0x4e,0x50,0x50,0x54,0x53,0x51,0x54,0x52,0x54,0x50,0x53,
	0x52,0x51,0x50,0x4f,0x52,0x4e,0x4d,0x4d,0x50,0x52,0x92,0x92,0x90,0x92,0x93,0x91,0x91,0x91,0x91,0x92,
	0x91,0x90,0x92,0x90,0x93,0x94,0x90,0x92,0x93,0x94,0x8f,0x8e,0xd0,0xd5,0xd1,0xd0,0xd4,0xd3,0xd1,0xd1,
	0xd1,0xd3,0xd0,0xd4,0xd4,0xd0,0xd0,0xd0,0xd3,0xd2,0xd2,0xd3,0x26,0x27,0x27,0x28,0x29,0x2b,0x2b,0x29,
	0x2a,0x29,0x2a,0x2b,0x2a,0x28,0x29,0x29,0x26,0x29,0x28,0x29,0x29,0x2a,0x6b,0x6b,0x69,0x67,0x69,0x6b,
	0x69,0x6a,0x69,0x69,0x69,0x69,0x6a,0x6a,0x6a,0x6a,0x6a,0x6a,0x67,0x68,0x68,0x68,0xa6,0xa6,0xa6,0xac,
	0x57,0x54,0x52,0x55,0x52,0x53,0x54,0x54,0x57,0x5a,0x61,0x64,0x70,0x73,0x79,0x76,0x50,0x4d,0x4e,0x4e,
	0x52,0x51,0x52,0x53,0x52,0x55,0x50,0x54,0x53,0x51,0x52,0x50,0x52,0x50,0x4e,0x4e,0x50,0x53,0x92,0x91,
	0x90,0x91,0x91,0x8e,0x8f,0x8f,0x91,0x91,0x91,0x90,0x92,0x90,0x93,0x94,0x90,0x92,0x93,0x94,0x8f,0x8e,
	0xd0,0xd5,0xd1,0xd0,0xd4,0xd3,0xd1,0xd1,0xd1,0xd3,0xd0,0xd4,0xd4,0xd0,0xd0,0xd0,0xd3,0xd2,0xd2,0xd3,
	0x27,0x28,0x28,0x29,0x29,0x2b,0x2b,0x2a,0x2b,0x29,0x2a,0x2b,0x2b,0x28,0x29,0x29,0x27,0x29,0x28,0x29,
	0x29,0x2a,0x6b,0x6c,0x6a,0x69,0x69,0x6b,0x69,0x69,0x69,0x69,0x69,0x69,0x6a,0x6a,0x6a,0x6a,0x6a,0x6a,
	0x68,0x69,0x69,0x69,0xa8,0xa8,0xa7,0xaa,0x56,0x59,0x55,0x55,0x52,0x53,0x54,0x57,0x5b,0x5f,0x65,0x67,
	0x70,0x75,0x7e,0x7a,0x51,0x4f,0x4f,0x50,0x52,0x51,0x50,0x52,0x52,0x55,0x51,0x54,0x54,0x52,0x52,0x51,
	0x54,0x51,0x4f,0x50,0x51,0x54,0x92,0x92,0x8f,0x91,0x91,0x8e,0x8f,0x8e,0x90,0x90,0x90,0x90,0x92,0x90,
	0x93,0x94,0x90,0x92,0x93,0x94,0x8f,0x8e,0xd0,0xd5,0xd1,0xd0,0xd4,0xd3,0xd1,0xd1,0xd1,0xd3,0xd0,0xd4,
	0xd4,0xd0,0xd0,0xd0,0xd3,0xd2,0xd2,0xd3,0x28,0x29,0x29,0x2a,0x2a,0x2b,0x2b,0x2a,0x2a,0x29,0x2a,0x2a,
	0x2b,0x29,0x29,0x2a,0x28,0x29,0x28,0x29,0x29,0x2a,0x6a,0x6b,0x6a,0x6a,0x6a,0x6a,0x6a,0x69,0x69,0x69,
	0x69,0x69,0x6a,0x6a,0x6a,0x6a,0x6a,0x6a,0x6a,0x6a,0x6a,0x6a,0xaa,0xaa,0xa8,0xa9,0xaa,0xab,0xa9,0xb0,
	0x56,0x5a,0x57,0x5a,0x5d,0x60,0x67,0x67,0x6e,0x72,0x7b,0x79,0x54,0x52,0x51,0x50,0x52,0x52,0x4f,0x51,
	0x51,0x53,0x51,0x53,0x53,0x51,0x52,0x53,0x54,0x52,0x4f,0x50,0x51,0x54,0x92,0x92,0x8f,0x90,0x92,0x8f,
	0x92,0x8f,0x93,0x92,0x92,0x90,0x92,0x90,0x93,0x94,0x90,0x92,0x93,0x94,0x8f,0x8e,0xd0,0xd5,0xd1,0xd0,
	0xd4,0xd3,0xd1,0xd1,0xd1,0xd3,0xd0,0xd4,0xd4,0xd0,0xd0,0xd0,0xd3,0xd2,0xd2,0xd3,0x29,0x2a,0x2a,0x2a,
	0x2a,0x2a,0x2b,0x29,0x2a,0x29,0x29,0x2a,0x2b,0x29,0x29,0x2a,0x29,0x29,0x29,0x2a,0x29,0x2a,0x6a,0x6b,
	0x6a,0x6a,0x6a,0x6a,0x6a,0x6a,0x69,0x69,0x69,0x69,0x6a,0x6a,0x6a,0x6a,0x6a,0x6a,0x6a,0x6a,0x6a,0x6a,
	0xaa,0xaa,0xa8,0xa9,0xaa,0xaa,0xb3,0xab,0x58,0x50,0x51,0x57,0x5c,0x5e,0x68,0x69,0x6f,0x73,0x7f,0x7f,
	0x54,0x52,0x50,0x51,0x52,0x51,0x4f,0x50,0x50,0x53,0x50,0x53,0x53,0x52,0x53,0x54,0x56,0x53,0x50,0x51,
	0x51,0x53,0x91,0x91,0x90,0x91,0x92,0x8e,0x92,0x90,0x93,0x92,0x92,0x90,0x92,0x90,0x93,0x94,0x90,0x92,
	0x93,0x94,0x8f,0x8e,0xd0,0xd5,0xd1,0xd0,0xd4,0xd3,0xd1,0xd1,0xd1,0xd3,0xd0,0xd4,0xd4,0xd0,0xd0,0xd0,
	0xd3,0xd2,0xd2,0xd3,0x29,0x2a,0x2b,0x2b,0x29,0x2a,0x2a,0x29,0x29,0x28,0x29,0x29,0x2a,0x29,0x29,0x2a,
	0x29,0x29,0x29,0x2a,0x29,0x29,0x69,0x6a,0x6a,0x6b,0x6a,0x6a,0x6b,0x6a,0x68,0x69,0x6a,0x6a,0x6a,0x6a,
	0x6a,0x6a,0x6a,0x6a,0x6a,0x6a,0x6a,0x6a,0xaa,0xaa,0xa8,0xa9,0xaa,0xaa,0xb0,0xae,0xb1,0xaa,0xa3,0x97,
	0x63,0x58,0x65,0x66,0x6b,0x6f,0x7e,0x81,0x52,0x51,0x4f,0x50,0x51,0x51,0x4f,0x50,0x50,0x52,0x4f,0x52,
	0x52,0x51,0x53,0x54,0x56,0x53,0x50,0x51,0x50,0x52,0x90,0x90,0x90,0x90,0x92,0x8e,0x92,0x8e,0x92,0x92,
	0x91,0x90,0x92,0x90,0x93,0x94,0x90,0x92,0x93,0x94,0x8f,0x8e,0xd0,0xd5,0xd1,0xd0,0xd4,0xd3,0xd1,0xd1,
	0xd1,0xd3,0xd0,0xd4,0xd4,0xd0,0xd0,0xd0,0xd3,0xd2,0xd2,0xd3,0x28,0x29,0x2b,0x2a,0x29,0x29,0x29,0x28,
	0x28,0x28,0x28,0x28,0x2a,0x29,0x29,0x2a,0x29,0x2a,0x2a,0x2b,0x29,0x29,0x68,0x69,0x6a,0x6b,0x6b,0x6a,
	0x6c,0x6b,0x69,0x6a,0x6b,0x6a,0x6a,0x6a,0x6a,0x6a,0x6a,0x6a,0x6a,0x6a,0x6a,0x6a,0xaa,0xaa,0xa8,0xa9,
	0xaa,0xaa,0xa9,0xa6,0xb3,0xac,0xa2,0x98,0x66,0x60,0x6e,0x6d,0x6f,0x72,0x82,0x86,0x51,0x50,0x4e,0x50,
	0x50,0x51,0x4e,0x50,0x4f,0x51,0x4f,0x50,0x51,0x51,0x53,0x54,0x56,0x53,0x4f,0x50,0x4f,0x51,0x90,0x90,
	0x90,0x90,0x92,0x8d,0x91,0x8c,0x90,0x91,0x90,0x90,0x92,0x90,0x93,0x94,0x90,0x92,0x93,0x94,0x8f,0x8e,
	0xd0,0xd5,0xd1,0xd0,0xd4,0xd3,0xd1,0xd1,0xd1,0xd3,0xd0,0xd4,0xd4,0xd0,0xd0,0xd0,0xd3,0xd2,0xd2,0xd3,
	0x27,0x28,0x2a,0x2a,0x28,0x28,0x29,0x28,0x28,0x27,0x28,0x27,0x29,0x29,0x29,0x29,0x2a,0x2a,0x2a,0x2b,
	0x28,0x28,0x67,0x68,0x69,0x6b,0x6b,0x6a,0x6d,0x6c,0x6a,0x6b,0x6c,0x6b,0x6a,0x6a,0x6a,0x6a,0x6a,0x6a,
	0x6a,0x6a,0x6a,0x6a,0xaa,0xaa,0xa8,0xa9,0xaa,0xaa,0xaa,0xaa,0xaa,0xaa,0xab,0xac,0xb3,0xab,0xaa,0x95,
	0x73,0x70,0x7e,0x82,0x51,0x50,0x4e,0x50,0x50,0x52,0x4f,0x50,0x4f,0x50,0x4d,0x4f,0x4f,0x4f,0x52,0x52,
	0x54,0x51,0x4e,0x4f,0x4e,0x50,0x8f,0x8f,0x90,0x90,0x92,0x8d,0x92,0x8c,0x90,0x91,0x90,0x90,0x92,0x90,
	0x93,0x94,0x90,0x92,0x93,0x94,0x8f,0x8e,0xd0,0xd5,0xd1,0xd0,0xd4,0xd3,0xd1,0xd1,0xd1,0xd3,0xd0,0xd4,
	0xd4,0xd0,0xd0,0xd0,0xd3,0xd2,0xd2,0xd3,0x26,0x27,0x29,0x29,0x27,0x28,0x29,0x29,0x29,0x28,0x27,0x27,
	0x29,0x29,0x28,0x29,0x2a,0x2a,0x2a,0x2b,0x28,0x28,0x67,0x68,0x69,0x6b,0x6b,0x6a,0x6d,0x6d,0x6b,0x6c,
	0x6c,0x6b,0x6a,0x6a,0x6a,0x6a,0x6a,0x6a,0x6a,0x6a,0x6a,0x6a,0xaa,0xaa,0xa8,0xa9,0xaa,0xaa,0xaa,0xaa,
	0xaa,0xaa,0xaa,0xaa,0xad,0xad,0xb3,0xa4,0x86,0x75,0x82,0x86,
};
#endif
